roi_idx,archetype,roi_id,model,d,grid,model_idx,reps,feasible,n_mean,dens_mean,dens_min,dens_max,lost_mean,file,D_rv,D_from0
1,A1,r1,G00.0,0.0,True,4,20,True,9914.15,12418.9607348638,12418.7728373527,12420.0254874271,0.0,1_grid.rds,6.044142426828908,6.539974857476851
1,A1,r1,G00.5,0.5,True,5,20,True,9914.15,12418.9607348638,12418.7728373527,12420.0254874271,0.0,1_grid.rds,5.612447904767643,5.783168116654792
1,A1,r1,G01.0,1.0,True,6,20,True,9914.15,12418.9607348638,12418.7728373527,12421.2781375014,0.0,1_grid.rds,5.207296152191029,5.239511045773223
1,A1,r1,G01.5,1.5,True,7,20,True,9914.15,12418.9607348638,12418.7728373527,12420.0254874271,0.0,1_grid.rds,4.754022278764776,4.7556680786150975
1,A1,r1,G02.0,2.0,True,8,20,True,9914.05,12418.8354698564,12418.7728373527,12420.0254874271,0.0,1_grid.rds,4.4231058430961285,4.423105871164094
1,A1,r1,G02.5,2.5,True,9,20,True,9914.25,12419.0859998713,12418.7728373527,12420.0254874271,0.0,1_grid.rds,4.307670619438432,4.307670647506397
1,A1,r1,G03.0,3.0,True,10,20,True,9914.2,12419.0233673676,12418.7728373527,12420.0254874271,0.0,1_grid.rds,4.417523898852149,4.417523926920115
1,A1,r1,G03.5,3.5,True,11,20,True,9914.15,12418.9607348638,12418.7728373527,12421.2781375014,0.0,1_grid.rds,4.794875057023317,4.794875085091281
1,A1,r1,G04.0,4.0,True,12,20,True,9914.3,12419.148632375,12418.7728373527,12420.0254874271,0.0,1_grid.rds,5.525844579906625,5.525844607974589
1,A1,r1,G04.5,4.5,True,13,20,True,9914.1,12418.8981023601,12418.7728373527,12420.0254874271,0.0,1_grid.rds,6.447254810965659,6.447254839033623
1,A1,r1,G05.0,5.0,True,14,20,True,9914.25,12419.0859998713,12418.7728373527,12421.2781375014,0.0,1_grid.rds,7.572107401463809,7.5721074295317745
1,A1,r1,G05.5,5.5,True,15,20,True,9914.15,12418.9607348638,12418.7728373527,12420.0254874271,0.0,1_grid.rds,8.694330970629855,8.694330998697819
1,A1,r1,G06.0,6.0,True,16,20,True,9914.15,12418.9607348638,12418.7728373527,12420.0254874271,0.0,1_grid.rds,9.790953684962544,9.79095371303051
1,A1,r1,G06.5,6.5,True,17,20,True,9914.15,12418.9607348638,12418.7728373527,12420.0254874271,0.0,1_grid.rds,10.83123109521186,10.831231123279824
1,A1,r1,G07.0,7.0,True,18,20,True,9914.35,12419.2112648787,12418.7728373527,12420.0254874271,0.0,1_grid.rds,11.866271221278224,11.86627124934619
1,A1,r1,G07.5,7.5,True,19,0,False,,,inf,-inf,,1_grid.rds,,
1,A1,r1,G08.0,8.0,True,20,0,False,,,,,,1_grid.rds,,
1,A1,r1,G08.5,8.5,True,21,0,False,,,,,,1_grid.rds,,
1,A1,r1,G09.0,9.0,True,22,0,False,,,,,,1_grid.rds,,
1,A1,r1,G09.5,9.5,True,23,0,False,,,,,,1_grid.rds,,
1,A1,r1,G10.0,10.0,True,24,0,False,,,,,,1_grid.rds,,
1,A1,r1,G10.5,10.5,True,25,0,False,,,,,,1_grid.rds,,
1,A1,r1,G11.0,11.0,True,26,0,False,,,,,,1_grid.rds,,
1,A1,r1,G11.5,11.5,True,27,0,False,,,,,,1_grid.rds,,
1,A1,r1,G12.0,12.0,True,28,0,False,,,,,,1_grid.rds,,
1,A1,r1,G12.5,12.5,True,29,0,False,,,,,,1_grid.rds,,
1,A1,r1,G13.0,13.0,True,30,0,False,,,,,,1_grid.rds,,
1,A1,r1,G13.5,13.5,True,31,0,False,,,,,,1_grid.rds,,
1,A1,r1,G14.0,14.0,True,32,0,False,,,,,,1_grid.rds,,
1,A1,r1,G14.5,14.5,True,33,0,False,,,,,,1_grid.rds,,
1,A1,r1,G15.0,15.0,True,34,0,False,,,,,,1_grid.rds,,
1,A1,r1,CSR,0.0,False,1,20,True,9914.2,12419.0233673676,12418.7728373527,12420.0254874271,0.0,1_main.rds,5.967551523195619,6.437967380371102
1,A1,r1,PD,3.37512988988323,False,2,20,True,9914.2,12419.0233673676,12418.7728373527,12420.0254874271,0.0,1_main.rds,4.678917502880526,4.678917530948491
1,A1,r1,NUC,4.1,False,3,20,True,9914.15,12418.9607348638,12418.7728373527,12420.0254874271,0.0,1_main.rds,5.6957267735112636,5.695726801579228
10,A2,r5,G00.0,0.0,True,4,20,True,8700.4,8923.81822129512,8923.40794966525,8924.43362873992,0.0,10_grid.rds,11.215928349397686,11.772685142098291
10,A2,r5,G00.5,0.5,True,5,20,True,8700.6,8924.02335711005,8923.40794966525,8924.43362873992,0.0,10_grid.rds,10.800503005073587,11.016057649539498
10,A2,r5,G01.0,1.0,True,6,20,True,8700.65,8924.07464106379,8923.40794966525,8924.43362873992,0.0,10_grid.rds,10.291884416099778,10.358276956127405
10,A2,r5,G01.5,1.5,True,7,20,True,8700.5,8923.92078920259,8923.40794966525,8924.43362873992,0.0,10_grid.rds,9.780776278834718,9.791027673954419
10,A2,r5,G02.0,2.0,True,8,20,True,8700.5,8923.92078920259,8923.40794966525,8924.43362873992,0.0,10_grid.rds,9.298858770359175,9.299186394480598
10,A2,r5,G02.5,2.5,True,9,20,True,8700.65,8924.07464106379,8923.40794966525,8924.43362873992,0.0,10_grid.rds,8.931335118279312,8.931335118279314
10,A2,r5,G03.0,3.0,True,10,20,True,8700.65,8924.07464106379,8923.40794966525,8924.43362873992,0.0,10_grid.rds,8.689602785160092,8.689602785160092
10,A2,r5,G03.5,3.5,True,11,20,True,8700.55,8923.97207315632,8923.40794966525,8924.43362873992,0.0,10_grid.rds,8.503768423952247,8.503768423952245
10,A2,r5,G04.0,4.0,True,12,20,True,8700.55,8923.97207315632,8923.40794966525,8924.43362873992,0.0,10_grid.rds,8.49529042419605,8.49529042419605
10,A2,r5,G04.5,4.5,True,13,20,True,8700.5,8923.92078920259,8923.40794966525,8924.43362873992,0.0,10_grid.rds,8.625294476535343,8.625294476535341
10,A2,r5,G05.0,5.0,True,14,20,True,8700.85,8924.27977687872,8923.40794966525,8924.43362873992,0.0,10_grid.rds,9.058694801481861,9.05869480148186
10,A2,r5,G05.5,5.5,True,15,20,True,8700.75,8924.17720897125,8923.40794966525,8924.43362873992,0.0,10_grid.rds,9.655536821426072,9.655536821426072
10,A2,r5,G06.0,6.0,True,16,20,True,8700.55,8923.97207315632,8923.40794966525,8924.43362873992,0.0,10_grid.rds,10.417400107055723,10.417400107055725
10,A2,r5,G06.5,6.5,True,17,20,True,8700.35,8923.76693734138,8923.40794966525,8924.43362873992,0.0,10_grid.rds,11.318680960988205,11.318680960988205
10,A2,r5,G07.0,7.0,True,18,20,True,8700.4,8923.81822129512,8923.40794966525,8924.43362873992,0.0,10_grid.rds,12.278713157878162,12.278713157878162
10,A2,r5,G07.5,7.5,True,19,20,True,8700.55,8923.97207315632,8923.40794966525,8924.43362873992,0.0,10_grid.rds,13.281759279108268,13.281759279108268
10,A2,r5,G08.0,8.0,True,20,20,True,8700.65,8924.07464106379,8923.40794966525,8924.43362873992,0.0,10_grid.rds,14.334421259062415,14.334421259062415
10,A2,r5,G08.5,8.5,True,21,2,False,8700.5,8923.92078920259,8923.40794966525,8924.43362873992,0.0,10_grid.rds,15.448057579327541,15.448057579327541
10,A2,r5,G09.0,9.0,True,22,0,False,,,,,,10_grid.rds,,
10,A2,r5,G09.5,9.5,True,23,0,False,,,,,,10_grid.rds,,
10,A2,r5,G10.0,10.0,True,24,0,False,,,,,,10_grid.rds,,
10,A2,r5,G10.5,10.5,True,25,0,False,,,,,,10_grid.rds,,
10,A2,r5,G11.0,11.0,True,26,0,False,,,,,,10_grid.rds,,
10,A2,r5,G11.5,11.5,True,27,0,False,,,,,,10_grid.rds,,
10,A2,r5,G12.0,12.0,True,28,0,False,,,,,,10_grid.rds,,
10,A2,r5,G12.5,12.5,True,29,0,False,,,,,,10_grid.rds,,
10,A2,r5,G13.0,13.0,True,30,0,False,,,,,,10_grid.rds,,
10,A2,r5,G13.5,13.5,True,31,0,False,,,,,,10_grid.rds,,
10,A2,r5,G14.0,14.0,True,32,0,False,,,,,,10_grid.rds,,
10,A2,r5,G14.5,14.5,True,33,0,False,,,,,,10_grid.rds,,
10,A2,r5,G15.0,15.0,True,34,0,False,,,,,,10_grid.rds,,
10,A2,r5,CSR,0.0,False,1,20,True,8700.65,8924.07464106379,8923.40794966525,8924.43362873992,0.0,10_main.rds,11.134706631458863,11.62607592440854
10,A2,r5,PD,3.98156695927087,False,2,20,True,8700.45,8923.86950524885,8923.40794966525,8924.43362873992,0.0,10_main.rds,8.4853755219328,8.485375521932802
10,A2,r5,NUC,6.3,False,3,20,True,8700.5,8923.92078920259,8923.40794966525,8924.43362873992,0.0,10_main.rds,10.948658345021936,10.948658345021938
11,A3,r1,G00.0,0.0,True,4,20,True,3089.6,3099.94443784554,3099.34242895678,3100.34577710471,0.0,11_grid.rds,5.472441010150235,5.962362824361068
11,A3,r1,G00.5,0.5,True,5,20,True,3089.7,3100.04477266033,3099.34242895678,3100.34577710471,0.0,11_grid.rds,5.237856625928251,5.505155882988599
11,A3,r1,G01.0,1.0,True,6,20,True,3089.6,3099.94443784554,3099.34242895678,3100.34577710471,0.0,11_grid.rds,4.642358373148008,4.757447026508063
11,A3,r1,G01.5,1.5,True,7,20,True,3089.65,3099.99460525293,3099.34242895678,3100.34577710471,0.0,11_grid.rds,4.002310894291542,4.030267228956452
11,A3,r1,G02.0,2.0,True,8,20,True,3089.65,3099.99460525293,3099.34242895678,3100.34577710471,0.0,11_grid.rds,3.6004416083635093,3.6041770048889994
11,A3,r1,G02.5,2.5,True,9,20,True,3089.85,3100.19527488252,3099.34242895678,3100.34577710471,0.0,11_grid.rds,3.163903871604659,3.1639905475740777
11,A3,r1,G03.0,3.0,True,10,20,True,3089.6,3099.94443784554,3099.34242895678,3100.34577710471,0.0,11_grid.rds,2.8302386258224685,2.8302386258224685
11,A3,r1,G03.5,3.5,True,11,20,True,3089.8,3100.14510747512,3099.34242895678,3100.34577710471,0.0,11_grid.rds,2.5966875288532165,2.596687528853217
11,A3,r1,G04.0,4.0,True,12,20,True,3089.8,3100.14510747512,3099.34242895678,3100.34577710471,0.0,11_grid.rds,2.357026079675563,2.3570260796755633
11,A3,r1,G04.5,4.5,True,13,20,True,3089.55,3099.89427043814,3099.34242895678,3100.34577710471,0.0,11_grid.rds,2.3674315704254796,2.3674315704254805
11,A3,r1,G05.0,5.0,True,14,20,True,3089.8,3100.14510747512,3099.34242895678,3100.34577710471,0.0,11_grid.rds,2.4313390712427974,2.431339071242798
11,A3,r1,G05.5,5.5,True,15,20,True,3089.6,3099.94443784554,3099.34242895678,3100.34577710471,0.0,11_grid.rds,2.6316706743394622,2.631670674339462
11,A3,r1,G06.0,6.0,True,16,20,True,3089.6,3099.94443784554,3099.34242895678,3100.34577710471,0.0,11_grid.rds,3.047989132080568,3.0479891320805677
11,A3,r1,G06.5,6.5,True,17,20,True,3089.8,3100.14510747512,3099.34242895678,3100.34577710471,0.0,11_grid.rds,3.561307799511689,3.561307799511689
11,A3,r1,G07.0,7.0,True,18,20,True,3089.55,3099.89427043814,3099.34242895678,3100.34577710471,0.0,11_grid.rds,4.13140416614346,4.13140416614346
11,A3,r1,G07.5,7.5,True,19,20,True,3089.65,3099.99460525293,3099.34242895678,3100.34577710471,0.0,11_grid.rds,4.9294303798809915,4.929430379880992
11,A3,r1,G08.0,8.0,True,20,20,True,3089.6,3099.94443784554,3099.34242895678,3100.34577710471,0.0,11_grid.rds,5.73619458114111,5.73619458114111
11,A3,r1,G08.5,8.5,True,21,20,True,3089.75,3100.09494006773,3099.34242895678,3100.34577710471,0.0,11_grid.rds,6.55410056313749,6.554100563137489
11,A3,r1,G09.0,9.0,True,22,20,True,3089.6,3099.94443784554,3099.34242895678,3100.34577710471,0.0,11_grid.rds,7.520292390226004,7.520292390226004
11,A3,r1,G09.5,9.5,True,23,20,True,3089.45,3099.79393562335,3099.34242895678,3100.34577710471,0.0,11_grid.rds,8.346524185017167,8.346524185017165
11,A3,r1,G10.0,10.0,True,24,20,True,3089.8,3100.14510747512,3099.34242895678,3100.34577710471,0.0,11_grid.rds,9.278707697401638,9.278707697401638
11,A3,r1,G10.5,10.5,True,25,20,True,3089.55,3099.89427043814,3099.34242895678,3100.34577710471,0.0,11_grid.rds,10.120838853419516,10.120838853419514
11,A3,r1,G11.0,11.0,True,26,20,True,3089.6,3099.94443784554,3099.34242895678,3100.34577710471,0.0,11_grid.rds,10.98302059177996,10.983020591779962
11,A3,r1,G11.5,11.5,True,27,20,True,3089.55,3099.89427043814,3099.34242895678,3100.34577710471,0.0,11_grid.rds,11.76741882391044,11.767418823910438
11,A3,r1,G12.0,12.0,True,28,20,True,3089.75,3100.09494006773,3099.34242895678,3100.34577710471,0.0,11_grid.rds,12.635138446440216,12.635138446440214
11,A3,r1,G12.5,12.5,True,29,20,True,3089.75,3100.09494006773,3099.34242895678,3100.34577710471,0.0,11_grid.rds,13.469413113434458,13.469413113434458
11,A3,r1,G13.0,13.0,True,30,20,True,3089.55,3099.89427043814,3099.34242895678,3100.34577710471,0.0,11_grid.rds,14.343577545718652,14.343577545718652
11,A3,r1,G13.5,13.5,True,31,20,True,3089.65,3099.99460525293,3099.34242895678,3100.34577710471,0.0,11_grid.rds,15.298237248625693,15.298237248625695
11,A3,r1,G14.0,14.0,True,32,20,True,3089.65,3099.99460525293,3099.34242895678,3100.34577710471,0.0,11_grid.rds,16.339919560066466,16.339919560066466
11,A3,r1,G14.5,14.5,True,33,0,False,,,inf,-inf,,11_grid.rds,,
11,A3,r1,G15.0,15.0,True,34,0,False,,,,,,11_grid.rds,,
11,A3,r1,CSR,0.0,False,1,20,True,3089.6,3099.94443784554,3099.34242895678,3100.34577710471,0.0,11_main.rds,5.590522719589134,6.061102485107954
11,A3,r1,PD,6.75542937023034,False,2,20,True,3089.75,3100.09494006773,3099.34242895678,3100.34577710471,0.0,11_main.rds,3.8118051843099807,3.8118051843099807
11,A3,r1,NUC,6.3,False,3,20,True,3089.65,3099.99460525293,3099.34242895678,3100.34577710471,0.0,11_main.rds,3.2931841486687885,3.2931841486687885
12,A3,r2,G00.0,0.0,True,4,20,True,3073.8,3099.96055966226,3099.15375100596,3100.16226182633,0.0,12_grid.rds,6.994439339056817,7.5225494679001566
12,A3,r2,G00.5,0.5,True,5,20,True,3073.85,3100.01098520328,3099.15375100596,3100.16226182633,0.0,12_grid.rds,6.366941377394414,6.658135588211797
12,A3,r2,G01.0,1.0,True,6,20,True,3073.8,3099.96055966226,3099.15375100596,3100.16226182633,0.0,12_grid.rds,5.941147876338125,6.083524109574651
12,A3,r2,G01.5,1.5,True,7,20,True,3074.05,3100.21268736735,3100.16226182633,3101.17077264671,0.0,12_grid.rds,5.273854836174814,5.31848277081853
12,A3,r2,G02.0,2.0,True,8,20,True,3073.8,3099.96055966226,3099.15375100596,3100.16226182633,0.0,12_grid.rds,4.90156845299686,4.912694172379486
12,A3,r2,G02.5,2.5,True,9,20,True,3073.85,3100.01098520328,3099.15375100596,3100.16226182633,0.0,12_grid.rds,4.615879577573932,4.616832134249079
12,A3,r2,G03.0,3.0,True,10,20,True,3073.75,3099.91013412124,3099.15375100596,3100.16226182633,0.0,12_grid.rds,4.367851043268959,4.367851223890118
12,A3,r2,G03.5,3.5,True,11,20,True,3073.95,3100.11183628531,3099.15375100596,3100.16226182633,0.0,12_grid.rds,4.161635676199478,4.161639351064919
12,A3,r2,G04.0,4.0,True,12,20,True,3073.9,3100.0614107443,3099.15375100596,3100.16226182633,0.0,12_grid.rds,4.303248368087815,4.303252042953256
12,A3,r2,G04.5,4.5,True,13,20,True,3073.85,3100.01098520328,3099.15375100596,3100.16226182633,0.0,12_grid.rds,4.440131119517691,4.44013479438313
12,A3,r2,G05.0,5.0,True,14,20,True,3073.85,3100.01098520328,3099.15375100596,3100.16226182633,0.0,12_grid.rds,4.697450366147071,4.697454041012509
12,A3,r2,G05.5,5.5,True,15,20,True,3073.75,3099.91013412124,3099.15375100596,3100.16226182633,0.0,12_grid.rds,5.0595659157796895,5.05956959064513
12,A3,r2,G06.0,6.0,True,16,20,True,3073.85,3100.01098520328,3099.15375100596,3100.16226182633,0.0,12_grid.rds,5.662176587377566,5.662180262243006
12,A3,r2,G06.5,6.5,True,17,20,True,3073.9,3100.0614107443,3099.15375100596,3100.16226182633,0.0,12_grid.rds,6.329440143086096,6.329443817951535
12,A3,r2,G07.0,7.0,True,18,17,False,3073.94117647059,3100.10293766043,3099.15375100596,3100.16226182633,0.0,12_grid.rds,7.001554209696166,7.001557884561606
12,A3,r2,G07.5,7.5,True,19,0,False,,,,,,12_grid.rds,,
12,A3,r2,G08.0,8.0,True,20,0,False,,,,,,12_grid.rds,,
12,A3,r2,G08.5,8.5,True,21,0,False,,,,,,12_grid.rds,,
12,A3,r2,G09.0,9.0,True,22,0,False,,,,,,12_grid.rds,,
12,A3,r2,G09.5,9.5,True,23,0,False,,,,,,12_grid.rds,,
12,A3,r2,G10.0,10.0,True,24,0,False,,,,,,12_grid.rds,,
12,A3,r2,G10.5,10.5,True,25,0,False,,,,,,12_grid.rds,,
12,A3,r2,G11.0,11.0,True,26,0,False,,,,,,12_grid.rds,,
12,A3,r2,G11.5,11.5,True,27,0,False,,,,,,12_grid.rds,,
12,A3,r2,G12.0,12.0,True,28,0,False,,,,,,12_grid.rds,,
12,A3,r2,G12.5,12.5,True,29,0,False,,,,,,12_grid.rds,,
12,A3,r2,G13.0,13.0,True,30,0,False,,,,,,12_grid.rds,,
12,A3,r2,G13.5,13.5,True,31,0,False,,,,,,12_grid.rds,,
12,A3,r2,G14.0,14.0,True,32,0,False,,,,,,12_grid.rds,,
12,A3,r2,G14.5,14.5,True,33,0,False,,,,,,12_grid.rds,,
12,A3,r2,G15.0,15.0,True,34,0,False,,,,,,12_grid.rds,,
12,A3,r2,CSR,0.0,False,1,20,True,3073.75,3099.91013412124,3099.15375100596,3100.16226182633,0.0,12_main.rds,6.908246510706629,7.418032477691926
12,A3,r2,PD,6.75542937023034,False,2,20,True,3073.9,3100.0614107443,3099.15375100596,3100.16226182633,0.0,12_main.rds,6.6823572361007555,6.682360910966196
12,A3,r2,NUC,6.3,False,3,20,True,3073.7,3099.85970858022,3099.15375100596,3100.16226182633,0.0,12_main.rds,6.0070903363343895,6.00709401119983
13,A3,r3,G00.0,0.0,True,4,20,True,3098.9,3099.94529316408,3099.04498958415,3100.04532689519,0.0,13_grid.rds,6.23688100076478,6.823127465779564
13,A3,r3,G00.5,0.5,True,5,20,True,3098.95,3099.99531002964,3099.04498958415,3100.04532689519,0.0,13_grid.rds,5.446908019113691,5.697521400043831
13,A3,r3,G01.0,1.0,True,6,20,True,3099.0,3100.04532689519,3100.04532689519,3100.04532689519,0.0,13_grid.rds,5.182080232452547,5.2941850240489225
13,A3,r3,G01.5,1.5,True,7,20,True,3098.95,3099.99531002964,3099.04498958415,3100.04532689519,0.0,13_grid.rds,4.473309506148689,4.499573263078728
13,A3,r3,G02.0,2.0,True,8,20,True,3099.0,3100.04532689519,3100.04532689519,3100.04532689519,0.0,13_grid.rds,3.959700955609279,3.9632087076436164
13,A3,r3,G02.5,2.5,True,9,20,True,3099.0,3100.04532689519,3100.04532689519,3100.04532689519,0.0,13_grid.rds,3.6391689014738873,3.639244035581235
13,A3,r3,G03.0,3.0,True,10,20,True,3098.95,3099.99531002964,3099.04498958415,3100.04532689519,0.0,13_grid.rds,3.3481737493971035,3.348173789129714
13,A3,r3,G03.5,3.5,True,11,20,True,3099.0,3100.04532689519,3100.04532689519,3100.04532689519,0.0,13_grid.rds,3.1956665298699756,3.195666569602587
13,A3,r3,G04.0,4.0,True,12,20,True,3098.95,3099.99531002964,3099.04498958415,3100.04532689519,0.0,13_grid.rds,3.0930760595347406,3.0930760992673516
13,A3,r3,G04.5,4.5,True,13,20,True,3099.0,3100.04532689519,3100.04532689519,3100.04532689519,0.0,13_grid.rds,3.1483139220305305,3.1483139617631424
13,A3,r3,G05.0,5.0,True,14,20,True,3098.9,3099.94529316408,3099.04498958415,3100.04532689519,0.0,13_grid.rds,3.362504250596565,3.362504290329176
13,A3,r3,G05.5,5.5,True,15,20,True,3099.0,3100.04532689519,3100.04532689519,3100.04532689519,0.0,13_grid.rds,3.696473203032738,3.6964732427653484
13,A3,r3,G06.0,6.0,True,16,20,True,3098.85,3099.89527629853,3099.04498958415,3100.04532689519,0.0,13_grid.rds,4.199384255270441,4.199384295003052
13,A3,r3,G06.5,6.5,True,17,20,True,3098.9,3099.94529316408,3099.04498958415,3100.04532689519,0.0,13_grid.rds,4.881646901053355,4.881646940785967
13,A3,r3,G07.0,7.0,True,18,20,True,3098.95,3099.99531002964,3099.04498958415,3100.04532689519,0.0,13_grid.rds,5.611724032118852,5.611724071851462
13,A3,r3,G07.5,7.5,True,19,20,True,3099.0,3100.04532689519,3100.04532689519,3100.04532689519,0.0,13_grid.rds,6.382609557100228,6.382609596832838
13,A3,r3,G08.0,8.0,True,20,20,True,3098.85,3099.89527629853,3099.04498958415,3100.04532689519,0.0,13_grid.rds,7.256294592415294,7.256294632147906
13,A3,r3,G08.5,8.5,True,21,20,True,3099.0,3100.04532689519,3100.04532689519,3100.04532689519,0.0,13_grid.rds,8.107695239814529,8.10769527954714
13,A3,r3,G09.0,9.0,True,22,20,True,3098.95,3099.99531002964,3099.04498958415,3100.04532689519,0.0,13_grid.rds,8.988682118146082,8.988682157878694
13,A3,r3,G09.5,9.5,True,23,20,True,3099.0,3100.04532689519,3100.04532689519,3100.04532689519,0.0,13_grid.rds,9.839575181223879,9.839575220956487
13,A3,r3,G10.0,10.0,True,24,20,True,3099.0,3100.04532689519,3100.04532689519,3100.04532689519,0.0,13_grid.rds,10.70851982762409,10.7085198673567
13,A3,r3,G10.5,10.5,True,25,20,True,3098.85,3099.89527629853,3099.04498958415,3100.04532689519,0.0,13_grid.rds,11.52580425392392,11.52580429365653
13,A3,r3,G11.0,11.0,True,26,20,True,3099.0,3100.04532689519,3100.04532689519,3100.04532689519,0.0,13_grid.rds,12.309620039525292,12.309620079257904
13,A3,r3,G11.5,11.5,True,27,20,True,3098.9,3099.94529316408,3099.04498958415,3100.04532689519,0.0,13_grid.rds,13.098101954804399,13.09810199453701
13,A3,r3,G12.0,12.0,True,28,20,True,3099.0,3100.04532689519,3100.04532689519,3100.04532689519,0.0,13_grid.rds,13.896181572367519,13.896181612100131
13,A3,r3,G12.5,12.5,True,29,20,True,3098.95,3099.99531002964,3099.04498958415,3100.04532689519,0.0,13_grid.rds,14.774073510032645,14.774073549765257
13,A3,r3,G13.0,13.0,True,30,20,True,3098.95,3099.99531002964,3099.04498958415,3100.04532689519,0.0,13_grid.rds,15.612104832014333,15.612104871746944
13,A3,r3,G13.5,13.5,True,31,20,True,3099.0,3100.04532689519,3100.04532689519,3100.04532689519,0.0,13_grid.rds,16.60289220049175,16.60289224022436
13,A3,r3,G14.0,14.0,True,32,20,True,3098.95,3099.99531002964,3099.04498958415,3100.04532689519,0.0,13_grid.rds,17.650103293513705,17.650103333246317
13,A3,r3,G14.5,14.5,True,33,0,False,,,inf,-inf,,13_grid.rds,,
13,A3,r3,G15.0,15.0,True,34,0,False,,,,,,13_grid.rds,,
13,A3,r3,CSR,0.0,False,1,20,True,3098.95,3099.99531002964,3099.04498958415,3100.04532689519,0.0,13_main.rds,5.876151049293434,6.382992262601749
13,A3,r3,PD,6.75542937023034,False,2,20,True,3099.0,3100.04532689519,3100.04532689519,3100.04532689519,0.0,13_main.rds,5.219933219050563,5.219933258783174
13,A3,r3,NUC,6.3,False,3,20,True,3098.9,3099.94529316408,3099.04498958415,3100.04532689519,0.0,13_main.rds,4.632549473002865,4.632549512735475
14,A3,r4,G00.0,0.0,True,4,20,True,3093.55,3099.91061473982,3099.35948389076,3100.36153997996,0.0,14_grid.rds,15.363842520847653,15.897181024212454
14,A3,r4,G00.5,0.5,True,5,20,True,3093.8,3100.16112876212,3099.35948389076,3100.36153997996,0.0,14_grid.rds,14.916410259210762,15.181614262477634
14,A3,r4,G01.0,1.0,True,6,20,True,3093.55,3099.91061473982,3099.35948389076,3100.36153997996,0.0,14_grid.rds,14.31961743395907,14.41586275748656
14,A3,r4,G01.5,1.5,True,7,20,True,3093.7,3100.0609231532,3099.35948389076,3100.36153997996,0.0,14_grid.rds,13.799835936062832,13.823064385604567
14,A3,r4,G02.0,2.0,True,8,20,True,3093.5,3099.86051193536,3099.35948389076,3100.36153997996,0.0,14_grid.rds,13.363464430992389,13.365853147386984
14,A3,r4,G02.5,2.5,True,9,20,True,3093.8,3100.16112876212,3099.35948389076,3100.36153997996,0.0,14_grid.rds,13.076972066467194,13.076980222633326
14,A3,r4,G03.0,3.0,True,10,20,True,3093.6,3099.96071754428,3099.35948389076,3100.36153997996,0.0,14_grid.rds,12.92027103393219,12.92027103393219
14,A3,r4,G03.5,3.5,True,11,20,True,3093.6,3099.96071754428,3099.35948389076,3100.36153997996,0.0,14_grid.rds,12.653562270876709,12.653562270876709
14,A3,r4,G04.0,4.0,True,12,20,True,3093.75,3100.11102595766,3099.35948389076,3100.36153997996,0.0,14_grid.rds,12.913784368611873,12.91378436861187
14,A3,r4,G04.5,4.5,True,13,20,True,3093.55,3099.91061473982,3099.35948389076,3100.36153997996,0.0,14_grid.rds,13.238375402744282,13.238375402744282
14,A3,r4,G05.0,5.0,True,14,20,True,3093.8,3100.16112876212,3099.35948389076,3100.36153997996,0.0,14_grid.rds,13.81055245985204,13.810552459852042
14,A3,r4,G05.5,5.5,True,15,20,True,3093.45,3099.8104091309,3099.35948389076,3100.36153997996,0.0,14_grid.rds,14.639239931473288,14.639239931473288
14,A3,r4,G06.0,6.0,True,16,20,True,3093.75,3100.11102595766,3099.35948389076,3100.36153997996,0.0,14_grid.rds,15.479630062070651,15.47963006207065
14,A3,r4,G06.5,6.5,True,17,20,True,3093.8,3100.16112876212,3099.35948389076,3100.36153997996,0.0,14_grid.rds,16.452062125859513,16.45206212585951
14,A3,r4,G07.0,7.0,True,18,20,True,3093.85,3100.21123156658,3099.35948389076,3100.36153997996,0.0,14_grid.rds,17.59984715381447,17.599847153814473
14,A3,r4,G07.5,7.5,True,19,20,True,3093.55,3099.91061473982,3099.35948389076,3100.36153997996,0.0,14_grid.rds,18.91454632493962,18.91454632493962
14,A3,r4,G08.0,8.0,True,20,20,True,3093.7,3100.0609231532,3099.35948389076,3100.36153997996,0.0,14_grid.rds,20.179762997333892,20.179762997333896
14,A3,r4,G08.5,8.5,True,21,20,True,3093.35,3099.71020352198,3099.35948389076,3100.36153997996,0.0,14_grid.rds,21.45473059134976,21.45473059134976
14,A3,r4,G09.0,9.0,True,22,20,True,3093.65,3100.01082034874,3099.35948389076,3100.36153997996,0.0,14_grid.rds,22.61374160765257,22.613741607652575
14,A3,r4,G09.5,9.5,True,23,20,True,3093.65,3100.01082034874,3099.35948389076,3100.36153997996,0.0,14_grid.rds,23.830887080817597,23.830887080817597
14,A3,r4,G10.0,10.0,True,24,20,True,3093.7,3100.0609231532,3099.35948389076,3100.36153997996,0.0,14_grid.rds,24.988954550977823,24.988954550977823
14,A3,r4,G10.5,10.5,True,25,20,True,3093.55,3099.91061473982,3099.35948389076,3100.36153997996,0.0,14_grid.rds,26.168646361602523,26.168646361602523
14,A3,r4,G11.0,11.0,True,26,20,True,3093.7,3100.0609231532,3099.35948389076,3100.36153997996,0.0,14_grid.rds,27.200725389999796,27.200725389999796
14,A3,r4,G11.5,11.5,True,27,20,True,3093.45,3099.8104091309,3099.35948389076,3100.36153997996,0.0,14_grid.rds,28.245378584683746,28.24537858468375
14,A3,r4,G12.0,12.0,True,28,20,True,3093.8,3100.16112876212,3099.35948389076,3100.36153997996,0.0,14_grid.rds,29.328231459716584,29.32823145971658
14,A3,r4,G12.5,12.5,True,29,20,True,3093.65,3100.01082034874,3099.35948389076,3100.36153997996,0.0,14_grid.rds,30.341521030548027,30.341521030548027
14,A3,r4,G13.0,13.0,True,30,20,True,3093.45,3099.8104091309,3099.35948389076,3100.36153997996,0.0,14_grid.rds,31.374114916383604,31.374114916383604
14,A3,r4,G13.5,13.5,True,31,20,True,3093.7,3100.0609231532,3099.35948389076,3100.36153997996,0.0,14_grid.rds,32.53321230321787,32.533212303217866
14,A3,r4,G14.0,14.0,True,32,20,True,3093.65,3100.01082034874,3099.35948389076,3100.36153997996,0.0,14_grid.rds,33.75120408447312,33.75120408447312
14,A3,r4,G14.5,14.5,True,33,0,False,,,inf,-inf,,14_grid.rds,,
14,A3,r4,G15.0,15.0,True,34,0,False,,,,,,14_grid.rds,,
14,A3,r4,CSR,0.0,False,1,20,True,3093.7,3100.0609231532,3099.35948389076,3100.36153997996,0.0,14_main.rds,15.221421695094653,15.745364022166
14,A3,r4,PD,6.75542937023034,False,2,20,True,3093.6,3099.96071754428,3099.35948389076,3100.36153997996,0.0,14_main.rds,17.199569594652722,17.19956959465272
14,A3,r4,NUC,6.3,False,3,20,True,3093.7,3100.0609231532,3099.35948389076,3100.36153997996,0.0,14_main.rds,16.09584575256475,16.09584575256475
15,A3,r5,G00.0,0.0,True,4,20,True,3074.05,3099.94259282442,3099.89217167654,3100.90059463415,0.0,15_grid.rds,35.57631110667998,36.02529734563517
15,A3,r5,G00.5,0.5,True,5,20,True,3074.1,3099.9930139723,3099.89217167654,3100.90059463415,0.0,15_grid.rds,35.04166856833987,35.28493315434801
15,A3,r5,G01.0,1.0,True,6,20,True,3074.1,3099.9930139723,3099.89217167654,3100.90059463415,0.0,15_grid.rds,34.672124017178184,34.75780967987788
15,A3,r5,G01.5,1.5,True,7,20,True,3074.1,3099.9930139723,3099.89217167654,3100.90059463415,0.0,15_grid.rds,33.95808237731168,33.97953682065488
15,A3,r5,G02.0,2.0,True,8,20,True,3074.1,3099.9930139723,3099.89217167654,3100.90059463415,0.0,15_grid.rds,33.84802836118949,33.84997532202885
15,A3,r5,G02.5,2.5,True,9,20,True,3074.05,3099.94259282442,3099.89217167654,3100.90059463415,0.0,15_grid.rds,33.33807917323697,33.33808477030878
15,A3,r5,G03.0,3.0,True,10,20,True,3074.15,3100.04343512018,3099.89217167654,3100.90059463415,0.0,15_grid.rds,33.273986747500686,33.273986747500686
15,A3,r5,G03.5,3.5,True,11,20,True,3074.15,3100.04343512018,3099.89217167654,3100.90059463415,0.0,15_grid.rds,33.31347245821189,33.31347245821189
15,A3,r5,G04.0,4.0,True,12,20,True,3074.1,3099.9930139723,3099.89217167654,3100.90059463415,0.0,15_grid.rds,33.95832866548461,33.95832866548461
15,A3,r5,G04.5,4.5,True,13,20,True,3074.05,3099.94259282442,3099.89217167654,3100.90059463415,0.0,15_grid.rds,34.91803473627532,34.918034736275324
15,A3,r5,G05.0,5.0,True,14,20,True,3074.15,3100.04343512018,3099.89217167654,3100.90059463415,0.0,15_grid.rds,35.68500497562626,35.68500497562627
15,A3,r5,G05.5,5.5,True,15,20,True,3074.15,3100.04343512018,3099.89217167654,3100.90059463415,0.0,15_grid.rds,36.9217909052944,36.92179090529441
15,A3,r5,G06.0,6.0,True,16,20,True,3074.05,3099.94259282442,3099.89217167654,3100.90059463415,0.0,15_grid.rds,38.15280657909306,38.15280657909306
15,A3,r5,G06.5,6.5,True,17,20,True,3074.15,3100.04343512018,3099.89217167654,3100.90059463415,0.0,15_grid.rds,39.935903340927176,39.935903340927176
15,A3,r5,G07.0,7.0,True,18,20,True,3074.2,3100.09385626806,3099.89217167654,3100.90059463415,0.0,15_grid.rds,41.63798836923118,41.63798836923118
15,A3,r5,G07.5,7.5,True,19,20,True,3074.15,3100.04343512018,3099.89217167654,3100.90059463415,0.0,15_grid.rds,43.44964390631395,43.44964390631396
15,A3,r5,G08.0,8.0,True,20,20,True,3074.0,3099.89217167654,3099.89217167654,3099.89217167654,0.0,15_grid.rds,45.123355145486826,45.12335514548683
15,A3,r5,G08.5,8.5,True,21,20,True,3074.1,3099.9930139723,3099.89217167654,3100.90059463415,0.0,15_grid.rds,46.62712578509294,46.62712578509296
15,A3,r5,G09.0,9.0,True,22,20,True,3074.05,3099.94259282442,3099.89217167654,3100.90059463415,0.0,15_grid.rds,48.248528075885176,48.248528075885176
15,A3,r5,G09.5,9.5,True,23,20,True,3074.1,3099.9930139723,3099.89217167654,3100.90059463415,0.0,15_grid.rds,49.75203494060422,49.752034940604226
15,A3,r5,G10.0,10.0,True,24,20,True,3074.1,3099.9930139723,3099.89217167654,3100.90059463415,0.0,15_grid.rds,51.03978267143039,51.03978267143039
15,A3,r5,G10.5,10.5,True,25,20,True,3074.05,3099.94259282442,3099.89217167654,3100.90059463415,0.0,15_grid.rds,52.487370968212836,52.487370968212836
15,A3,r5,G11.0,11.0,True,26,20,True,3074.2,3100.09385626806,3099.89217167654,3100.90059463415,0.0,15_grid.rds,53.80673182442389,53.8067318244239
15,A3,r5,G11.5,11.5,True,27,20,True,3074.05,3099.94259282442,3099.89217167654,3100.90059463415,0.0,15_grid.rds,55.15278387849241,55.152783878492414
15,A3,r5,G12.0,12.0,True,28,20,True,3074.15,3100.04343512018,3099.89217167654,3100.90059463415,0.0,15_grid.rds,56.36410690277998,56.36410690277997
15,A3,r5,G12.5,12.5,True,29,20,True,3074.0,3099.89217167654,3099.89217167654,3099.89217167654,0.0,15_grid.rds,57.707573876787976,57.707573876787976
15,A3,r5,G13.0,13.0,True,30,20,True,3074.05,3099.94259282442,3099.89217167654,3100.90059463415,0.0,15_grid.rds,58.9942556048643,58.9942556048643
15,A3,r5,G13.5,13.5,True,31,20,True,3074.3,3100.19469856382,3099.89217167654,3100.90059463415,0.0,15_grid.rds,60.345103590859836,60.345103590859836
15,A3,r5,G14.0,14.0,True,32,20,True,3074.15,3100.04343512018,3099.89217167654,3100.90059463415,0.0,15_grid.rds,61.834219879140875,61.834219879140875
15,A3,r5,G14.5,14.5,True,33,0,False,,,inf,-inf,,15_grid.rds,,
15,A3,r5,G15.0,15.0,True,34,0,False,,,,,,15_grid.rds,,
15,A3,r5,CSR,0.0,False,1,20,True,3074.05,3099.94259282442,3099.89217167654,3100.90059463415,0.0,15_main.rds,35.5831194825651,36.0265498345294
15,A3,r5,PD,6.75542937023034,False,2,20,True,3074.2,3100.09385626806,3099.89217167654,3100.90059463415,0.0,15_main.rds,40.87772496931926,40.87772496931927
15,A3,r5,NUC,6.3,False,3,20,True,3074.1,3099.9930139723,3099.89217167654,3100.90059463415,0.0,15_main.rds,39.13229081230729,39.13229081230729
16,A4,f1,G00.0,0.0,True,4,20,True,27834.45,28095.9907465867,28095.5365182532,28096.5459145498,0.0,16_grid.rds,3.0372277623708013,3.5224448053581447
16,A4,f1,G00.5,0.5,True,5,20,True,27834.35,28095.889806957,28095.5365182532,28096.5459145498,0.0,16_grid.rds,2.763381080681055,2.8676381266888202
16,A4,f1,G01.0,1.0,True,6,20,True,27834.4,28095.9402767719,28095.5365182532,28096.5459145498,0.0,16_grid.rds,2.330224704179127,2.337984841402935
16,A4,f1,G01.5,1.5,True,7,20,True,27834.45,28095.9907465867,28095.5365182532,28096.5459145498,0.0,16_grid.rds,1.8716337329672643,1.8716337351946204
16,A4,f1,G02.0,2.0,True,8,20,True,27834.45,28095.9907465867,28095.5365182532,28096.5459145498,0.0,16_grid.rds,1.4436062519861188,1.44360625259664
16,A4,f1,G02.5,2.5,True,9,20,True,27834.35,28095.889806957,28095.5365182532,28096.5459145498,0.0,16_grid.rds,1.0628608247892979,1.0628608253998195
16,A4,f1,G03.0,3.0,True,10,20,True,27834.65,28096.192625846,28095.5365182532,28096.5459145498,0.0,16_grid.rds,0.7260759631929022,0.7260759638034238
16,A4,f1,G03.5,3.5,True,11,20,True,27834.45,28095.9907465867,28095.5365182532,28096.5459145498,0.0,16_grid.rds,0.47237118631642,0.47237118692694147
16,A4,f1,G04.0,4.0,True,12,20,True,27834.55,28096.0916862163,28095.5365182532,28096.5459145498,0.0,16_grid.rds,0.3835714710484718,0.3835714716589933
16,A4,f1,G04.5,4.5,True,13,20,True,27834.45,28095.9907465867,28095.5365182532,28096.5459145498,0.0,16_grid.rds,0.5833918269484417,0.5833918275589632
16,A4,f1,G05.0,5.0,True,14,0,False,,,inf,-inf,,16_grid.rds,,
16,A4,f1,G05.5,5.5,True,15,0,False,,,,,,16_grid.rds,,
16,A4,f1,G06.0,6.0,True,16,0,False,,,,,,16_grid.rds,,
16,A4,f1,G06.5,6.5,True,17,0,False,,,,,,16_grid.rds,,
16,A4,f1,G07.0,7.0,True,18,0,False,,,,,,16_grid.rds,,
16,A4,f1,G07.5,7.5,True,19,0,False,,,,,,16_grid.rds,,
16,A4,f1,G08.0,8.0,True,20,0,False,,,,,,16_grid.rds,,
16,A4,f1,G08.5,8.5,True,21,0,False,,,,,,16_grid.rds,,
16,A4,f1,G09.0,9.0,True,22,0,False,,,,,,16_grid.rds,,
16,A4,f1,G09.5,9.5,True,23,0,False,,,,,,16_grid.rds,,
16,A4,f1,G10.0,10.0,True,24,0,False,,,,,,16_grid.rds,,
16,A4,f1,G10.5,10.5,True,25,0,False,,,,,,16_grid.rds,,
16,A4,f1,G11.0,11.0,True,26,0,False,,,,,,16_grid.rds,,
16,A4,f1,G11.5,11.5,True,27,0,False,,,,,,16_grid.rds,,
16,A4,f1,G12.0,12.0,True,28,0,False,,,,,,16_grid.rds,,
16,A4,f1,G12.5,12.5,True,29,0,False,,,,,,16_grid.rds,,
16,A4,f1,G13.0,13.0,True,30,0,False,,,,,,16_grid.rds,,
16,A4,f1,G13.5,13.5,True,31,0,False,,,,,,16_grid.rds,,
16,A4,f1,G14.0,14.0,True,32,0,False,,,,,,16_grid.rds,,
16,A4,f1,G14.5,14.5,True,33,0,False,,,,,,16_grid.rds,,
16,A4,f1,G15.0,15.0,True,34,0,False,,,,,,16_grid.rds,,
16,A4,f1,CSR,0.0,False,1,20,True,27834.5,28096.0412164015,28095.5365182532,28096.5459145498,0.0,16_main.rds,3.061126028789467,3.54044392160534
16,A4,f1,PD,2.24394163896715,False,2,20,True,27834.55,28096.0916862163,28095.5365182532,28096.5459145498,0.0,16_main.rds,1.2500189461727824,1.2500189467833036
16,A4,f1,NUC,4.2,False,3,20,True,27834.45,28095.9907465867,28095.5365182532,28096.5459145498,0.0,16_main.rds,0.4252115776590944,0.4252115782696159
17,A4,f2,G00.0,0.0,True,4,20,True,28014.4,28096.0853079703,28095.6841416371,28096.68705747,0.0,17_grid.rds,3.07188193678269,3.559044666594148
17,A4,f2,G00.5,0.5,True,5,20,True,28014.25,28095.9348705953,28095.6841416371,28096.68705747,0.0,17_grid.rds,2.7699549041078737,2.876534655669234
17,A4,f2,G01.0,1.0,True,6,20,True,28014.3,28095.985016387,28095.6841416371,28096.68705747,0.0,17_grid.rds,2.3275040086568515,2.3346340733968693
17,A4,f2,G01.5,1.5,True,7,20,True,28014.45,28096.1354537619,28095.6841416371,28096.68705747,0.0,17_grid.rds,1.8729180329944772,1.8729180330359554
17,A4,f2,G02.0,2.0,True,8,20,True,28014.45,28096.1354537619,28095.6841416371,28096.68705747,0.0,17_grid.rds,1.4385840394541551,1.4385840394541554
17,A4,f2,G02.5,2.5,True,9,20,True,28014.2,28095.8847248037,28095.6841416371,28096.68705747,0.0,17_grid.rds,1.0605341903277703,1.0605341903277703
17,A4,f2,G03.0,3.0,True,10,20,True,28014.35,28096.0351621786,28095.6841416371,28096.68705747,0.0,17_grid.rds,0.7063178400558653,0.7063178400558654
17,A4,f2,G03.5,3.5,True,11,20,True,28014.3,28095.985016387,28095.6841416371,28096.68705747,0.0,17_grid.rds,0.4333984866388971,0.4333984866388971
17,A4,f2,G04.0,4.0,True,12,20,True,28014.3,28095.985016387,28095.6841416371,28096.68705747,0.0,17_grid.rds,0.3114811085210502,0.3114811085210502
17,A4,f2,G04.5,4.5,True,13,20,True,28014.1,28095.7844332204,28095.6841416371,28096.68705747,0.0,17_grid.rds,0.46614891002052133,0.4661489100205213
17,A4,f2,G05.0,5.0,True,14,0,False,,,inf,-inf,,17_grid.rds,,
17,A4,f2,G05.5,5.5,True,15,0,False,,,,,,17_grid.rds,,
17,A4,f2,G06.0,6.0,True,16,0,False,,,,,,17_grid.rds,,
17,A4,f2,G06.5,6.5,True,17,0,False,,,,,,17_grid.rds,,
17,A4,f2,G07.0,7.0,True,18,0,False,,,,,,17_grid.rds,,
17,A4,f2,G07.5,7.5,True,19,0,False,,,,,,17_grid.rds,,
17,A4,f2,G08.0,8.0,True,20,0,False,,,,,,17_grid.rds,,
17,A4,f2,G08.5,8.5,True,21,0,False,,,,,,17_grid.rds,,
17,A4,f2,G09.0,9.0,True,22,0,False,,,,,,17_grid.rds,,
17,A4,f2,G09.5,9.5,True,23,0,False,,,,,,17_grid.rds,,
17,A4,f2,G10.0,10.0,True,24,0,False,,,,,,17_grid.rds,,
17,A4,f2,G10.5,10.5,True,25,0,False,,,,,,17_grid.rds,,
17,A4,f2,G11.0,11.0,True,26,0,False,,,,,,17_grid.rds,,
17,A4,f2,G11.5,11.5,True,27,0,False,,,,,,17_grid.rds,,
17,A4,f2,G12.0,12.0,True,28,0,False,,,,,,17_grid.rds,,
17,A4,f2,G12.5,12.5,True,29,0,False,,,,,,17_grid.rds,,
17,A4,f2,G13.0,13.0,True,30,0,False,,,,,,17_grid.rds,,
17,A4,f2,G13.5,13.5,True,31,0,False,,,,,,17_grid.rds,,
17,A4,f2,G14.0,14.0,True,32,0,False,,,,,,17_grid.rds,,
17,A4,f2,G14.5,14.5,True,33,0,False,,,,,,17_grid.rds,,
17,A4,f2,G15.0,15.0,True,34,0,False,,,,,,17_grid.rds,,
17,A4,f2,CSR,0.0,False,1,20,True,28014.45,28096.1354537619,28095.6841416371,28096.68705747,0.0,17_main.rds,3.0775508630753934,3.591412604139693
17,A4,f2,PD,2.24394163896715,False,2,20,True,28014.35,28096.0351621786,28095.6841416371,28096.68705747,0.0,17_main.rds,1.251422741418479,1.251422741418479
17,A4,f2,NUC,4.2,False,3,20,True,28014.25,28095.9348705953,28095.6841416371,28096.68705747,0.0,17_main.rds,0.33664348218266577,0.3366434821826658
18,A4,p1,G00.0,0.0,True,4,20,True,28074.65,28096.1247691522,28095.4742719564,28096.4750368731,0.0,18_grid.rds,2.9034509643997515,3.3889704914279286
18,A4,p1,G00.5,0.5,True,5,20,True,28074.4,28095.8745779231,28095.4742719564,28096.4750368731,0.0,18_grid.rds,2.6394454367090128,2.7311320506395154
18,A4,p1,G01.0,1.0,True,6,20,True,28074.85,28096.3249221356,28095.4742719564,28096.4750368731,0.0,18_grid.rds,2.1920805865539097,2.1959841875771615
18,A4,p1,G01.5,1.5,True,7,20,True,28074.7,28096.1748073981,28095.4742719564,28096.4750368731,0.0,18_grid.rds,1.7277973716795232,1.727797371679523
18,A4,p1,G02.0,2.0,True,8,20,True,28074.5,28095.9746544147,28095.4742719564,28096.4750368731,0.0,18_grid.rds,1.3036166303058287,1.3036166303058285
18,A4,p1,G02.5,2.5,True,9,20,True,28074.7,28096.1748073981,28095.4742719564,28096.4750368731,0.0,18_grid.rds,0.9243143243820673,0.9243143243820672
18,A4,p1,G03.0,3.0,True,10,20,True,28074.55,28096.0246926606,28095.4742719564,28096.4750368731,0.0,18_grid.rds,0.5701582277029182,0.5701582277029182
18,A4,p1,G03.5,3.5,True,11,20,True,28074.55,28096.0246926606,28095.4742719564,28096.4750368731,0.0,18_grid.rds,0.29148801868275115,0.29148801868275115
18,A4,p1,G04.0,4.0,True,12,20,True,28074.45,28095.9246161689,28095.4742719564,28096.4750368731,0.0,18_grid.rds,0.17698353100590228,0.17698353100590228
18,A4,p1,G04.5,4.5,True,13,20,True,28074.5,28095.9746544147,28095.4742719564,28096.4750368731,0.0,18_grid.rds,0.3836685714806027,0.3836685714806027
18,A4,p1,G05.0,5.0,True,14,0,False,,,inf,-inf,,18_grid.rds,,
18,A4,p1,G05.5,5.5,True,15,0,False,,,,,,18_grid.rds,,
18,A4,p1,G06.0,6.0,True,16,0,False,,,,,,18_grid.rds,,
18,A4,p1,G06.5,6.5,True,17,0,False,,,,,,18_grid.rds,,
18,A4,p1,G07.0,7.0,True,18,0,False,,,,,,18_grid.rds,,
18,A4,p1,G07.5,7.5,True,19,0,False,,,,,,18_grid.rds,,
18,A4,p1,G08.0,8.0,True,20,0,False,,,,,,18_grid.rds,,
18,A4,p1,G08.5,8.5,True,21,0,False,,,,,,18_grid.rds,,
18,A4,p1,G09.0,9.0,True,22,0,False,,,,,,18_grid.rds,,
18,A4,p1,G09.5,9.5,True,23,0,False,,,,,,18_grid.rds,,
18,A4,p1,G10.0,10.0,True,24,0,False,,,,,,18_grid.rds,,
18,A4,p1,G10.5,10.5,True,25,0,False,,,,,,18_grid.rds,,
18,A4,p1,G11.0,11.0,True,26,0,False,,,,,,18_grid.rds,,
18,A4,p1,G11.5,11.5,True,27,0,False,,,,,,18_grid.rds,,
18,A4,p1,G12.0,12.0,True,28,0,False,,,,,,18_grid.rds,,
18,A4,p1,G12.5,12.5,True,29,0,False,,,,,,18_grid.rds,,
18,A4,p1,G13.0,13.0,True,30,0,False,,,,,,18_grid.rds,,
18,A4,p1,G13.5,13.5,True,31,0,False,,,,,,18_grid.rds,,
18,A4,p1,G14.0,14.0,True,32,0,False,,,,,,18_grid.rds,,
18,A4,p1,G14.5,14.5,True,33,0,False,,,,,,18_grid.rds,,
18,A4,p1,G15.0,15.0,True,34,0,False,,,,,,18_grid.rds,,
18,A4,p1,CSR,0.0,False,1,20,True,28074.55,28096.0246926606,28095.4742719564,28096.4750368731,0.0,18_main.rds,2.9114062144484008,3.420388340706978
18,A4,p1,PD,2.24394163896715,False,2,20,True,28074.65,28096.1247691522,28095.4742719564,28096.4750368731,0.0,18_main.rds,1.1139489593466985,1.1139489593466985
18,A4,p1,NUC,4.2,False,3,20,True,28074.3,28095.7745014314,28095.4742719564,28096.4750368731,0.0,18_main.rds,0.218957446246104,0.218957446246104
19,A4,p2,G00.0,0.0,True,4,20,True,27966.1,28095.9260572662,28095.8255930397,28096.830235305,0.0,19_grid.rds,2.9071935789917207,3.4064349429900607
19,A4,p2,G00.5,0.5,True,5,20,True,27966.25,28096.076753606,28095.8255930397,28096.830235305,0.0,19_grid.rds,2.613940865430626,2.707920056060446
19,A4,p2,G01.0,1.0,True,6,20,True,27966.1,28095.9260572662,28095.8255930397,28096.830235305,0.0,19_grid.rds,2.183958468767252,2.1885437282651
19,A4,p2,G01.5,1.5,True,7,20,True,27966.3,28096.1269857193,28095.8255930397,28096.830235305,0.0,19_grid.rds,1.7202745734318106,1.7202745734318106
19,A4,p2,G02.0,2.0,True,8,20,True,27966.0,28095.8255930397,28095.8255930397,28095.8255930397,0.0,19_grid.rds,1.2910088397843469,1.2910088397843467
19,A4,p2,G02.5,2.5,True,9,20,True,27966.15,28095.9762893795,28095.8255930397,28096.830235305,0.0,19_grid.rds,0.9134978942304254,0.9134978942304252
19,A4,p2,G03.0,3.0,True,10,20,True,27966.2,28096.0265214928,28095.8255930397,28096.830235305,0.0,19_grid.rds,0.5601182996438417,0.5601182996438417
19,A4,p2,G03.5,3.5,True,11,20,True,27966.25,28096.076753606,28095.8255930397,28096.830235305,0.0,19_grid.rds,0.2906608089762129,0.2906608089762129
19,A4,p2,G04.0,4.0,True,12,20,True,27966.15,28095.9762893795,28095.8255930397,28096.830235305,0.0,19_grid.rds,0.20320276732975612,0.20320276732975612
19,A4,p2,G04.5,4.5,True,13,20,True,27966.1,28095.9260572662,28095.8255930397,28096.830235305,0.0,19_grid.rds,0.43916005349008913,0.4391600534900892
19,A4,p2,G05.0,5.0,True,14,0,False,,,inf,-inf,,19_grid.rds,,
19,A4,p2,G05.5,5.5,True,15,0,False,,,,,,19_grid.rds,,
19,A4,p2,G06.0,6.0,True,16,0,False,,,,,,19_grid.rds,,
19,A4,p2,G06.5,6.5,True,17,0,False,,,,,,19_grid.rds,,
19,A4,p2,G07.0,7.0,True,18,0,False,,,,,,19_grid.rds,,
19,A4,p2,G07.5,7.5,True,19,0,False,,,,,,19_grid.rds,,
19,A4,p2,G08.0,8.0,True,20,0,False,,,,,,19_grid.rds,,
19,A4,p2,G08.5,8.5,True,21,0,False,,,,,,19_grid.rds,,
19,A4,p2,G09.0,9.0,True,22,0,False,,,,,,19_grid.rds,,
19,A4,p2,G09.5,9.5,True,23,0,False,,,,,,19_grid.rds,,
19,A4,p2,G10.0,10.0,True,24,0,False,,,,,,19_grid.rds,,
19,A4,p2,G10.5,10.5,True,25,0,False,,,,,,19_grid.rds,,
19,A4,p2,G11.0,11.0,True,26,0,False,,,,,,19_grid.rds,,
19,A4,p2,G11.5,11.5,True,27,0,False,,,,,,19_grid.rds,,
19,A4,p2,G12.0,12.0,True,28,0,False,,,,,,19_grid.rds,,
19,A4,p2,G12.5,12.5,True,29,0,False,,,,,,19_grid.rds,,
19,A4,p2,G13.0,13.0,True,30,0,False,,,,,,19_grid.rds,,
19,A4,p2,G13.5,13.5,True,31,0,False,,,,,,19_grid.rds,,
19,A4,p2,G14.0,14.0,True,32,0,False,,,,,,19_grid.rds,,
19,A4,p2,G14.5,14.5,True,33,0,False,,,,,,19_grid.rds,,
19,A4,p2,G15.0,15.0,True,34,0,False,,,,,,19_grid.rds,,
19,A4,p2,CSR,0.0,False,1,20,True,27966.1,28095.9260572662,28095.8255930397,28096.830235305,0.0,19_main.rds,2.907368594523906,3.3972811421867832
19,A4,p2,PD,2.24394163896715,False,2,20,True,27966.2,28096.0265214928,28095.8255930397,28096.830235305,0.0,19_main.rds,1.1146035342994165,1.1146035342994165
19,A4,p2,NUC,4.2,False,3,20,True,27966.25,28096.076753606,28095.8255930397,28096.830235305,0.0,19_main.rds,0.25702841702226414,0.25702841702226414
2,A1,r2,G00.0,0.0,True,4,20,True,8474.75,12418.8329294509,12416.2684930219,12420.6646697573,0.0,2_grid.rds,6.829347764806277,7.298502296039222
2,A1,r2,G00.5,0.5,True,5,20,True,8474.7,12418.7596598386,12417.733885267,12420.6646697573,0.0,2_grid.rds,6.481611669249771,6.664194022958497
2,A1,r2,G01.0,1.0,True,6,20,True,8475.05,12419.2725471244,12417.733885267,12420.6646697573,0.0,2_grid.rds,6.01430705932396,6.051798668712773
2,A1,r2,G01.5,1.5,True,7,20,True,8474.7,12418.7596598386,12416.2684930219,12420.6646697573,0.0,2_grid.rds,5.5960355717352455,5.598359220038095
2,A1,r2,G02.0,2.0,True,8,20,True,8474.8,12418.9061990631,12417.733885267,12420.6646697573,0.0,2_grid.rds,5.2890178358083295,5.2890178451668675
2,A1,r2,G02.5,2.5,True,9,20,True,8474.9,12419.0527382876,12417.733885267,12420.6646697573,0.0,2_grid.rds,5.15478935313294,5.154789355049757
2,A1,r2,G03.0,3.0,True,10,20,True,8475.05,12419.2725471244,12416.2684930219,12420.6646697573,0.0,2_grid.rds,5.2721158749163415,5.272115876833158
2,A1,r2,G03.5,3.5,True,11,20,True,8474.8,12418.9061990631,12417.733885267,12420.6646697573,0.0,2_grid.rds,5.655810533902153,5.655810535818971
2,A1,r2,G04.0,4.0,True,12,20,True,8474.75,12418.8329294509,12417.733885267,12420.6646697573,0.0,2_grid.rds,6.341390554070169,6.341390555986986
2,A1,r2,G04.5,4.5,True,13,20,True,8474.55,12418.5398510018,12417.733885267,12420.6646697573,0.0,2_grid.rds,7.250866359074502,7.250866360991318
2,A1,r2,G05.0,5.0,True,14,20,True,8474.9,12419.0527382876,12416.2684930219,12420.6646697573,0.0,2_grid.rds,8.32253153156036,8.322531533477177
2,A1,r2,G05.5,5.5,True,15,20,True,8474.85,12418.9794686754,12417.733885267,12420.6646697573,0.0,2_grid.rds,9.422747387152619,9.422747389069436
2,A1,r2,G06.0,6.0,True,16,20,True,8474.75,12418.8329294509,12417.733885267,12420.6646697573,0.0,2_grid.rds,10.531301252729836,10.531301254646655
2,A1,r2,G06.5,6.5,True,17,20,True,8474.85,12418.9794686754,12416.2684930219,12420.6646697573,0.0,2_grid.rds,11.60967195725702,11.60967195917384
2,A1,r2,G07.0,7.0,True,18,20,True,8474.65,12418.6863902263,12416.2684930219,12420.6646697573,0.0,2_grid.rds,12.694149834823124,12.694149836739943
2,A1,r2,G07.5,7.5,True,19,0,False,,,inf,-inf,,2_grid.rds,,
2,A1,r2,G08.0,8.0,True,20,0,False,,,,,,2_grid.rds,,
2,A1,r2,G08.5,8.5,True,21,0,False,,,,,,2_grid.rds,,
2,A1,r2,G09.0,9.0,True,22,0,False,,,,,,2_grid.rds,,
2,A1,r2,G09.5,9.5,True,23,0,False,,,,,,2_grid.rds,,
2,A1,r2,G10.0,10.0,True,24,0,False,,,,,,2_grid.rds,,
2,A1,r2,G10.5,10.5,True,25,0,False,,,,,,2_grid.rds,,
2,A1,r2,G11.0,11.0,True,26,0,False,,,,,,2_grid.rds,,
2,A1,r2,G11.5,11.5,True,27,0,False,,,,,,2_grid.rds,,
2,A1,r2,G12.0,12.0,True,28,0,False,,,,,,2_grid.rds,,
2,A1,r2,G12.5,12.5,True,29,0,False,,,,,,2_grid.rds,,
2,A1,r2,G13.0,13.0,True,30,0,False,,,,,,2_grid.rds,,
2,A1,r2,G13.5,13.5,True,31,0,False,,,,,,2_grid.rds,,
2,A1,r2,G14.0,14.0,True,32,0,False,,,,,,2_grid.rds,,
2,A1,r2,G14.5,14.5,True,33,0,False,,,,,,2_grid.rds,,
2,A1,r2,G15.0,15.0,True,34,0,False,,,,,,2_grid.rds,,
2,A1,r2,CSR,0.0,False,1,20,True,8475.2,12419.4923559612,12417.733885267,12420.6646697573,0.0,2_main.rds,6.860286093280806,7.352761344208258
2,A1,r2,PD,3.37512988988323,False,2,20,True,8474.85,12418.9794686754,12417.733885267,12420.6646697573,0.0,2_main.rds,5.564618123173309,5.564618125090127
2,A1,r2,NUC,4.1,False,3,20,True,8474.95,12419.1260078999,12417.733885267,12420.6646697573,0.0,2_main.rds,6.490339688066433,6.490339689983251
20,A4,p3,G00.0,0.0,True,4,20,True,28101.55,28095.919902338,28095.3700125296,28096.3698121813,0.0,20_grid.rds,2.959176722936065,3.4575845725308376
20,A4,p3,G00.5,0.5,True,5,20,True,28101.7,28096.0698722858,28095.3700125296,28096.3698121813,0.0,20_grid.rds,2.681030345676192,2.7750160639367683
20,A4,p3,G01.0,1.0,True,6,20,True,28101.75,28096.1198622684,28095.3700125296,28096.3698121813,0.0,20_grid.rds,2.2439801998464404,2.2484912075904893
20,A4,p3,G01.5,1.5,True,7,20,True,28101.55,28095.919902338,28095.3700125296,28096.3698121813,0.0,20_grid.rds,1.7854972727051506,1.7854972727051504
20,A4,p3,G02.0,2.0,True,8,20,True,28101.6,28095.9698923206,28095.3700125296,28096.3698121813,0.0,20_grid.rds,1.3639739621619966,1.3639739621619966
20,A4,p3,G02.5,2.5,True,9,20,True,28101.5,28095.8699123554,28095.3700125296,28096.3698121813,0.0,20_grid.rds,0.9784581906492087,0.9784581906492086
20,A4,p3,G03.0,3.0,True,10,20,True,28101.75,28096.1198622684,28095.3700125296,28096.3698121813,0.0,20_grid.rds,0.6263820592714016,0.6263820592714014
20,A4,p3,G03.5,3.5,True,11,20,True,28101.5,28095.8699123554,28095.3700125296,28096.3698121813,0.0,20_grid.rds,0.33027160552935975,0.3302716055293597
20,A4,p3,G04.0,4.0,True,12,20,True,28101.8,28096.1698522509,28095.3700125296,28096.3698121813,0.0,20_grid.rds,0.1817844078396897,0.1817844078396897
20,A4,p3,G04.5,4.5,True,13,20,True,28101.55,28095.919902338,28095.3700125296,28096.3698121813,0.0,20_grid.rds,0.3230623367351579,0.3230623367351579
20,A4,p3,G05.0,5.0,True,14,0,False,,,inf,-inf,,20_grid.rds,,
20,A4,p3,G05.5,5.5,True,15,0,False,,,,,,20_grid.rds,,
20,A4,p3,G06.0,6.0,True,16,0,False,,,,,,20_grid.rds,,
20,A4,p3,G06.5,6.5,True,17,0,False,,,,,,20_grid.rds,,
20,A4,p3,G07.0,7.0,True,18,0,False,,,,,,20_grid.rds,,
20,A4,p3,G07.5,7.5,True,19,0,False,,,,,,20_grid.rds,,
20,A4,p3,G08.0,8.0,True,20,0,False,,,,,,20_grid.rds,,
20,A4,p3,G08.5,8.5,True,21,0,False,,,,,,20_grid.rds,,
20,A4,p3,G09.0,9.0,True,22,0,False,,,,,,20_grid.rds,,
20,A4,p3,G09.5,9.5,True,23,0,False,,,,,,20_grid.rds,,
20,A4,p3,G10.0,10.0,True,24,0,False,,,,,,20_grid.rds,,
20,A4,p3,G10.5,10.5,True,25,0,False,,,,,,20_grid.rds,,
20,A4,p3,G11.0,11.0,True,26,0,False,,,,,,20_grid.rds,,
20,A4,p3,G11.5,11.5,True,27,0,False,,,,,,20_grid.rds,,
20,A4,p3,G12.0,12.0,True,28,0,False,,,,,,20_grid.rds,,
20,A4,p3,G12.5,12.5,True,29,0,False,,,,,,20_grid.rds,,
20,A4,p3,G13.0,13.0,True,30,0,False,,,,,,20_grid.rds,,
20,A4,p3,G13.5,13.5,True,31,0,False,,,,,,20_grid.rds,,
20,A4,p3,G14.0,14.0,True,32,0,False,,,,,,20_grid.rds,,
20,A4,p3,G14.5,14.5,True,33,0,False,,,,,,20_grid.rds,,
20,A4,p3,G15.0,15.0,True,34,0,False,,,,,,20_grid.rds,,
20,A4,p3,CSR,0.0,False,1,20,True,28101.55,28095.919902338,28095.3700125296,28096.3698121813,0.0,20_main.rds,2.9618701802006933,3.4566571644312836
20,A4,p3,PD,2.24394163896715,False,2,20,True,28101.6,28095.9698923206,28095.3700125296,28096.3698121813,0.0,20_main.rds,1.1781332066495123,1.1781332066495123
20,A4,p3,NUC,4.2,False,3,20,True,28101.6,28095.9698923206,28095.3700125296,28096.3698121813,0.0,20_main.rds,0.19984764187753742,0.19984764187753745
21,A5,r1,G00.0,0.0,True,4,20,True,883.95,1185.01201068329,1182.39786574202,1186.41962719012,0.0,21_grid.rds,4.030985668155806,4.303901657048209
21,A5,r1,G00.5,0.5,True,5,20,True,883.75,1184.74389325341,1182.39786574202,1186.41962719012,0.0,21_grid.rds,4.179496961931507,4.3733263139637994
21,A5,r1,G01.0,1.0,True,6,20,True,883.8,1184.81092261088,1182.39786574202,1186.41962719012,0.0,21_grid.rds,3.5046545065153087,3.560135773326494
21,A5,r1,G01.5,1.5,True,7,20,True,884.15,1185.28012811316,1183.73845289139,1186.41962719012,0.0,21_grid.rds,3.2614886273809196,3.2795588822199386
21,A5,r1,G02.0,2.0,True,8,20,True,883.9,1184.94498132582,1182.39786574202,1186.41962719012,0.0,21_grid.rds,3.070687926745824,3.072975594672744
21,A5,r1,G02.5,2.5,True,9,20,True,883.8,1184.81092261088,1183.73845289139,1186.41962719012,0.0,21_grid.rds,3.135049248266018,3.1372141297464338
21,A5,r1,G03.0,3.0,True,10,20,True,883.7,1184.67686389595,1183.73845289139,1186.41962719012,0.0,21_grid.rds,3.1491949188546524,3.162810495746085
21,A5,r1,G03.5,3.5,True,11,20,True,884.25,1185.4141868281,1183.73845289139,1186.41962719012,0.0,21_grid.rds,3.4941872478240126,3.5226639343062605
21,A5,r1,G04.0,4.0,True,12,20,True,884.3,1185.48121618557,1183.73845289139,1186.41962719012,0.0,21_grid.rds,3.580925135714153,3.6133264774816016
21,A5,r1,G04.5,4.5,True,13,20,True,883.9,1184.94498132582,1182.39786574202,1186.41962719012,0.0,21_grid.rds,4.265141160853767,4.2978796170982045
21,A5,r1,G05.0,5.0,True,14,20,True,883.85,1184.87795196835,1182.39786574202,1186.41962719012,0.0,21_grid.rds,4.68472952625922,4.717467982503657
21,A5,r1,G05.5,5.5,True,15,20,True,884.05,1185.14606939822,1183.73845289139,1186.41962719012,0.0,21_grid.rds,5.1966062894271765,5.229344745671612
21,A5,r1,G06.0,6.0,True,16,20,True,883.85,1184.87795196835,1182.39786574202,1186.41962719012,0.0,21_grid.rds,5.403807050563748,5.436545506808186
21,A5,r1,G06.5,6.5,True,17,20,True,883.8,1184.81092261088,1182.39786574202,1186.41962719012,0.0,21_grid.rds,6.3651193434211795,6.397857799665617
21,A5,r1,G07.0,7.0,True,18,20,True,884.05,1185.14606939822,1183.73845289139,1186.41962719012,0.0,21_grid.rds,7.075776345506075,7.108514801750512
21,A5,r1,G07.5,7.5,True,19,20,True,883.7,1184.67686389595,1182.39786574202,1186.41962719012,0.0,21_grid.rds,7.423266689333447,7.456005145577883
21,A5,r1,G08.0,8.0,True,20,20,True,883.95,1185.01201068329,1182.39786574202,1186.41962719012,0.0,21_grid.rds,8.215666241726726,8.248404697971164
21,A5,r1,G08.5,8.5,True,21,20,True,884.05,1185.14606939822,1183.73845289139,1186.41962719012,0.0,21_grid.rds,8.947229359586563,8.979967815830998
21,A5,r1,G09.0,9.0,True,22,20,True,884.15,1185.28012811316,1182.39786574202,1186.41962719012,0.0,21_grid.rds,9.663327132326405,9.696065588570843
21,A5,r1,G09.5,9.5,True,23,20,True,883.95,1185.01201068329,1183.73845289139,1186.41962719012,0.0,21_grid.rds,10.306229891141278,10.338968347385714
21,A5,r1,G10.0,10.0,True,24,20,True,884.0,1185.07904004076,1182.39786574202,1186.41962719012,0.0,21_grid.rds,11.344458825644734,11.377197281889172
21,A5,r1,G10.5,10.5,True,25,20,True,883.85,1184.87795196835,1182.39786574202,1186.41962719012,0.0,21_grid.rds,12.26885545098649,12.301593907230927
21,A5,r1,G11.0,11.0,True,26,20,True,884.15,1185.28012811316,1183.73845289139,1186.41962719012,0.0,21_grid.rds,13.145804910550607,13.178543366795045
21,A5,r1,G11.5,11.5,True,27,20,True,883.65,1184.60983453848,1182.39786574202,1186.41962719012,0.0,21_grid.rds,13.95267545302858,13.985413909273015
21,A5,r1,G12.0,12.0,True,28,20,True,883.6,1184.54280518101,1182.39786574202,1186.41962719012,0.0,21_grid.rds,14.980507074068877,15.013245530313313
21,A5,r1,G12.5,12.5,True,29,20,True,884.15,1185.28012811316,1182.39786574202,1186.41962719012,0.0,21_grid.rds,15.974056061776148,16.006794518020588
21,A5,r1,G13.0,13.0,True,30,20,True,884.2,1185.34715747063,1183.73845289139,1186.41962719012,0.0,21_grid.rds,16.78045410270925,16.813192558953688
21,A5,r1,G13.5,13.5,True,31,20,True,883.9,1184.94498132582,1182.39786574202,1186.41962719012,0.0,21_grid.rds,17.659724260180422,17.69246271642486
21,A5,r1,G14.0,14.0,True,32,20,True,883.7,1184.67686389595,1182.39786574202,1186.41962719012,0.0,21_grid.rds,18.636056062643398,18.668794518887832
21,A5,r1,G14.5,14.5,True,33,20,True,883.7,1184.67686389595,1182.39786574202,1186.41962719012,0.0,21_grid.rds,19.684339073657718,19.717077529902156
21,A5,r1,G15.0,15.0,True,34,20,True,883.9,1184.94498132582,1183.73845289139,1186.41962719012,0.0,21_grid.rds,20.559330550652618,20.59206900689706
21,A5,r1,CSR,0.0,False,1,20,True,884.05,1185.14606939822,1183.73845289139,1186.41962719012,0.0,21_main.rds,4.3667735685803155,4.872277013228279
21,A5,r1,PD,10.926337959421,False,2,20,True,883.85,1184.87795196835,1182.39786574202,1186.41962719012,0.0,21_main.rds,13.03296025029739,13.065698706541825
21,A5,r1,NUC,11.3,False,3,20,True,884.05,1185.14606939822,1183.73845289139,1186.41962719012,0.0,21_main.rds,13.779000790008235,13.811739246252674
22,A5,r2,G00.0,0.0,True,4,20,True,995.5,1184.97343298497,1181.99760819093,1186.75892786139,0.0,22_grid.rds,6.851268648379767,7.308831489874883
22,A5,r2,G00.5,0.5,True,5,20,True,995.5,1184.97343298497,1181.99760819093,1186.75892786139,0.0,22_grid.rds,6.754569341968422,7.158438698279334
22,A5,r2,G01.0,1.0,True,6,20,True,995.55,1185.03294948085,1183.18793810854,1186.75892786139,0.0,22_grid.rds,6.5062767242127775,6.802768320169931
22,A5,r2,G01.5,1.5,True,7,20,True,995.55,1185.03294948085,1183.18793810854,1186.75892786139,0.0,22_grid.rds,5.3027197360049065,5.471889863063941
22,A5,r2,G02.0,2.0,True,8,20,True,995.55,1185.03294948085,1183.18793810854,1186.75892786139,0.0,22_grid.rds,4.658164115186932,4.761410688236689
22,A5,r2,G02.5,2.5,True,9,20,True,995.5,1184.97343298497,1183.18793810854,1186.75892786139,0.0,22_grid.rds,4.342429314433276,4.407991877590069
22,A5,r2,G03.0,3.0,True,10,20,True,995.7,1185.21149896849,1183.18793810854,1186.75892786139,0.0,22_grid.rds,3.267946696684093,3.293568145418061
22,A5,r2,G03.5,3.5,True,11,20,True,995.8,1185.33053196025,1181.99760819093,1186.75892786139,0.0,22_grid.rds,2.882118368652023,2.893686443248546
22,A5,r2,G04.0,4.0,True,12,20,True,995.45,1184.91391648909,1181.99760819093,1186.75892786139,0.0,22_grid.rds,2.575166882415249,2.578904986568169
22,A5,r2,G04.5,4.5,True,13,20,True,995.45,1184.91391648909,1181.99760819093,1186.75892786139,0.0,22_grid.rds,2.0697601046266416,2.070225340931311
22,A5,r2,G05.0,5.0,True,14,20,True,995.35,1184.79488349732,1183.18793810854,1186.75892786139,0.0,22_grid.rds,1.8679413771245894,1.8679665640650842
22,A5,r2,G05.5,5.5,True,15,20,True,994.95,1184.31875153028,1181.99760819093,1185.56859794377,0.0,22_grid.rds,1.4041266729367643,1.4041266729367645
22,A5,r2,G06.0,6.0,True,16,20,True,995.45,1184.91391648909,1183.18793810854,1186.75892786139,0.0,22_grid.rds,1.279125807257234,1.2791258072572336
22,A5,r2,G06.5,6.5,True,17,20,True,995.75,1185.27101546437,1183.18793810854,1186.75892786139,0.0,22_grid.rds,0.8259469042284293,0.8259469042284292
22,A5,r2,G07.0,7.0,True,18,20,True,995.4,1184.8543999932,1183.18793810854,1186.75892786139,0.0,22_grid.rds,0.6795918119127988,0.6795918119127988
22,A5,r2,G07.5,7.5,True,19,20,True,995.5,1184.97343298497,1183.18793810854,1186.75892786139,0.0,22_grid.rds,0.5470050789313042,0.5470050789313042
22,A5,r2,G08.0,8.0,True,20,20,True,995.5,1184.97343298497,1183.18793810854,1186.75892786139,0.0,22_grid.rds,0.38549563322265895,0.38549563322265895
22,A5,r2,G08.5,8.5,True,21,20,True,995.35,1184.79488349732,1181.99760819093,1186.75892786139,0.0,22_grid.rds,0.3472126976453619,0.34721269764536183
22,A5,r2,G09.0,9.0,True,22,20,True,995.25,1184.67585050556,1181.99760819093,1186.75892786139,0.0,22_grid.rds,0.29610349062938834,0.2961034906293883
22,A5,r2,G09.5,9.5,True,23,20,True,995.45,1184.91391648909,1183.18793810854,1186.75892786139,0.0,22_grid.rds,0.31488306896197354,0.31488306896197354
22,A5,r2,G10.0,10.0,True,24,20,True,995.2,1184.61633400968,1183.18793810854,1185.56859794377,0.0,22_grid.rds,0.3811507473055353,0.3811507473055352
22,A5,r2,G10.5,10.5,True,25,20,True,995.35,1184.79488349732,1183.18793810854,1186.75892786139,0.0,22_grid.rds,0.46956507935437164,0.4695650793543717
22,A5,r2,G11.0,11.0,True,26,20,True,995.8,1185.33053196025,1183.18793810854,1186.75892786139,0.0,22_grid.rds,0.6028576069055883,0.6028576069055883
22,A5,r2,G11.5,11.5,True,27,20,True,995.25,1184.67585050556,1183.18793810854,1186.75892786139,0.0,22_grid.rds,0.8130341038754043,0.8130341038754043
22,A5,r2,G12.0,12.0,True,28,20,True,995.55,1185.03294948085,1183.18793810854,1186.75892786139,0.0,22_grid.rds,0.9675234244798778,0.9675234244798779
22,A5,r2,G12.5,12.5,True,29,20,True,995.25,1184.67585050556,1181.99760819093,1185.56859794377,0.0,22_grid.rds,1.2363457604915469,1.236345760491547
22,A5,r2,G13.0,13.0,True,30,20,True,995.4,1184.8543999932,1183.18793810854,1186.75892786139,0.0,22_grid.rds,1.5417414750454561,1.541741475045456
22,A5,r2,G13.5,13.5,True,31,20,True,995.95,1185.50908144789,1184.37826802616,1186.75892786139,0.0,22_grid.rds,1.830764805811762,1.8307648058117618
22,A5,r2,G14.0,14.0,True,32,20,True,995.2,1184.61633400968,1183.18793810854,1186.75892786139,0.0,22_grid.rds,2.180773540031057,2.1807735400310575
22,A5,r2,G14.5,14.5,True,33,20,True,995.6,1185.09246597673,1183.18793810854,1186.75892786139,0.0,22_grid.rds,2.475106740615313,2.475106740615313
22,A5,r2,G15.0,15.0,True,34,20,True,995.05,1184.43778452204,1183.18793810854,1185.56859794377,0.0,22_grid.rds,2.8303459363804255,2.8303459363804255
22,A5,r2,CSR,0.0,False,1,20,True,995.5,1184.97343298497,1183.18793810854,1186.75892786139,0.0,22_main.rds,7.313780546628963,7.8477497293115235
22,A5,r2,PD,10.926337959421,False,2,20,True,995.7,1185.21149896849,1184.37826802616,1186.75892786139,0.0,22_main.rds,0.6340838097688247,0.6340838097688246
22,A5,r2,NUC,11.3,False,3,20,True,995.55,1185.03294948085,1183.18793810854,1186.75892786139,0.0,22_main.rds,0.706014346436552,0.706014346436552
23,A5,r3,G00.0,0.0,True,4,20,True,924.8,1184.81330760933,1181.2260700863,1186.35069511921,0.0,23_grid.rds,7.424831870378855,8.005561011273025
23,A5,r3,G00.5,0.5,True,5,20,True,924.95,1185.00548104807,1182.50722634452,1187.63185137744,0.0,23_grid.rds,6.262657916781373,6.6023789704489255
23,A5,r3,G01.0,1.0,True,6,20,True,925.3,1185.45388573845,1183.78838260275,1187.63185137744,0.0,23_grid.rds,5.9187679292366875,6.170679392212653
23,A5,r3,G01.5,1.5,True,7,20,True,924.85,1184.87736542225,1181.2260700863,1188.91300763566,0.0,23_grid.rds,5.422994938204057,5.601425658758669
23,A5,r3,G02.0,2.0,True,8,20,True,925.15,1185.26171229971,1182.50722634452,1187.63185137744,0.0,23_grid.rds,4.903030427378504,5.036231928754891
23,A5,r3,G02.5,2.5,True,9,20,True,925.2,1185.32577011263,1182.50722634452,1187.63185137744,0.0,23_grid.rds,3.7331999916875254,3.791078081826627
23,A5,r3,G03.0,3.0,True,10,20,True,924.5,1184.42896073187,1182.50722634452,1187.63185137744,0.0,23_grid.rds,3.8463840413418473,3.885522583909423
23,A5,r3,G03.5,3.5,True,11,20,True,925.2,1185.32577011263,1183.78838260275,1190.19416389389,0.0,23_grid.rds,2.9668896303083665,2.98123948083808
23,A5,r3,G04.0,4.0,True,12,20,True,925.0,1185.06953886098,1181.2260700863,1187.63185137744,0.0,23_grid.rds,2.3157939533885035,2.320772507383044
23,A5,r3,G04.5,4.5,True,13,20,True,925.45,1185.64605917718,1182.50722634452,1188.91300763566,0.0,23_grid.rds,2.225750292363928,2.227019919058782
23,A5,r3,G05.0,5.0,True,14,20,True,925.55,1185.77417480301,1181.2260700863,1187.63185137744,0.0,23_grid.rds,1.784840913901238,1.7850021278312107
23,A5,r3,G05.5,5.5,True,15,20,True,925.35,1185.51794355136,1182.50722634452,1188.91300763566,0.0,23_grid.rds,1.4386667187364812,1.4386691801564946
23,A5,r3,G06.0,6.0,True,16,20,True,924.7,1184.68519198351,1182.50722634452,1186.35069511921,0.0,23_grid.rds,1.0916291016884285,1.0916291016884285
23,A5,r3,G06.5,6.5,True,17,20,True,925.25,1185.38982792554,1182.50722634452,1188.91300763566,0.0,23_grid.rds,0.8890892553969469,0.8890892553969469
23,A5,r3,G07.0,7.0,True,18,20,True,925.65,1185.90229042883,1183.78838260275,1188.91300763566,0.0,23_grid.rds,0.6213427872501471,0.6213427872501471
23,A5,r3,G07.5,7.5,True,19,20,True,924.85,1184.87736542225,1181.2260700863,1187.63185137744,0.0,23_grid.rds,0.43001711438821416,0.4300171143882141
23,A5,r3,G08.0,8.0,True,20,20,True,924.8,1184.81330760933,1182.50722634452,1187.63185137744,0.0,23_grid.rds,0.3337347406429829,0.3337347406429829
23,A5,r3,G08.5,8.5,True,21,20,True,925.05,1185.13359667389,1182.50722634452,1187.63185137744,0.0,23_grid.rds,0.20808240438433265,0.20808240438433265
23,A5,r3,G09.0,9.0,True,22,20,True,925.35,1185.51794355136,1182.50722634452,1188.91300763566,0.0,23_grid.rds,0.1937268172004751,0.1937268172004751
23,A5,r3,G09.5,9.5,True,23,20,True,925.05,1185.13359667389,1183.78838260275,1187.63185137744,0.0,23_grid.rds,0.21843585609014088,0.21843585609014088
23,A5,r3,G10.0,10.0,True,24,20,True,924.8,1184.81330760933,1182.50722634452,1188.91300763566,0.0,23_grid.rds,0.3111716142214812,0.3111716142214812
23,A5,r3,G10.5,10.5,True,25,20,True,924.75,1184.74924979642,1182.50722634452,1187.63185137744,0.0,23_grid.rds,0.47735314349498137,0.47735314349498137
23,A5,r3,G11.0,11.0,True,26,20,True,925.05,1185.13359667389,1182.50722634452,1187.63185137744,0.0,23_grid.rds,0.5761937800683032,0.5761937800683034
23,A5,r3,G11.5,11.5,True,27,20,True,925.0,1185.06953886098,1182.50722634452,1187.63185137744,0.0,23_grid.rds,0.8157676044568588,0.8157676044568588
23,A5,r3,G12.0,12.0,True,28,20,True,925.05,1185.13359667389,1182.50722634452,1187.63185137744,0.0,23_grid.rds,1.0957324577283465,1.0957324577283465
23,A5,r3,G12.5,12.5,True,29,20,True,925.3,1185.45388573845,1182.50722634452,1188.91300763566,0.0,23_grid.rds,1.3992538220580821,1.3992538220580821
23,A5,r3,G13.0,13.0,True,30,20,True,924.7,1184.68519198351,1182.50722634452,1187.63185137744,0.0,23_grid.rds,1.8125777446166704,1.8125777446166704
23,A5,r3,G13.5,13.5,True,31,20,True,925.1,1185.1976544868,1182.50722634452,1187.63185137744,0.0,23_grid.rds,2.1442164333925677,2.1442164333925673
23,A5,r3,G14.0,14.0,True,32,20,True,924.65,1184.6211341706,1182.50722634452,1188.91300763566,0.0,23_grid.rds,2.580919729954152,2.580919729954152
23,A5,r3,G14.5,14.5,True,33,20,True,924.7,1184.68519198351,1182.50722634452,1187.63185137744,0.0,23_grid.rds,3.0046297944091784,3.004629794409178
23,A5,r3,G15.0,15.0,True,34,20,True,925.15,1185.26171229971,1182.50722634452,1187.63185137744,0.0,23_grid.rds,3.439185326157864,3.439185326157864
23,A5,r3,CSR,0.0,False,1,20,True,924.7,1184.68519198351,1181.2260700863,1187.63185137744,0.0,23_main.rds,6.3865958903792395,6.774457976474597
23,A5,r3,PD,10.926337959421,False,2,20,True,924.95,1185.00548104807,1182.50722634452,1187.63185137744,0.0,23_main.rds,0.5584721587486253,0.5584721587486254
23,A5,r3,NUC,11.3,False,3,20,True,925.0,1185.06953886098,1181.2260700863,1188.91300763566,0.0,23_main.rds,0.7346278699237632,0.7346278699237633
24,A5,r4,G00.0,0.0,True,4,20,True,886.5,1184.79712141969,1182.79238855773,1186.80185428165,0.0,24_grid.rds,7.851652960848821,8.39267376796332
24,A5,r4,G00.5,0.5,True,5,20,True,886.7,1185.06441913462,1184.12887713237,1186.80185428165,0.0,24_grid.rds,7.1585746347753645,7.599116495574885
24,A5,r4,G01.0,1.0,True,6,20,True,886.6,1184.93077027715,1182.79238855773,1186.80185428165,0.0,24_grid.rds,6.591551329482188,6.899587283039306
24,A5,r4,G01.5,1.5,True,7,20,True,886.55,1184.86394584842,1182.79238855773,1186.80185428165,0.0,24_grid.rds,5.662159380399777,5.85210478631764
24,A5,r4,G02.0,2.0,True,8,20,True,886.9,1185.33171684954,1184.12887713237,1186.80185428165,0.0,24_grid.rds,5.0218228999824355,5.166427356957635
24,A5,r4,G02.5,2.5,True,9,20,True,886.75,1185.13124356335,1184.12887713237,1185.46536570701,0.0,24_grid.rds,4.607948676087789,4.688509945974849
24,A5,r4,G03.0,3.0,True,10,20,True,886.85,1185.26489242081,1184.12887713237,1186.80185428165,0.0,24_grid.rds,3.950246203120617,3.9951215066783714
24,A5,r4,G03.5,3.5,True,11,20,True,886.75,1185.13124356335,1184.12887713237,1186.80185428165,0.0,24_grid.rds,3.4632279521256275,3.4872600690624074
24,A5,r4,G04.0,4.0,True,12,20,True,886.6,1184.93077027715,1184.12887713237,1185.46536570701,0.0,24_grid.rds,3.1019548054192376,3.1134515353785726
24,A5,r4,G04.5,4.5,True,13,20,True,886.8,1185.19806799208,1182.79238855773,1186.80185428165,0.0,24_grid.rds,2.851694097120747,2.8563969775443656
24,A5,r4,G05.0,5.0,True,14,20,True,886.85,1185.26489242081,1184.12887713237,1186.80185428165,0.0,24_grid.rds,2.3946367199606287,2.3956732829408693
24,A5,r4,G05.5,5.5,True,15,20,True,886.5,1184.79712141969,1182.79238855773,1186.80185428165,0.0,24_grid.rds,2.0427430401924247,2.042814371562811
24,A5,r4,G06.0,6.0,True,16,20,True,886.55,1184.86394584842,1182.79238855773,1186.80185428165,0.0,24_grid.rds,1.6424619960003293,1.6424624298575772
24,A5,r4,G06.5,6.5,True,17,20,True,886.95,1185.39854127828,1182.79238855773,1186.80185428165,0.0,24_grid.rds,1.594642160511679,1.594642160511679
24,A5,r4,G07.0,7.0,True,18,20,True,886.5,1184.79712141969,1182.79238855773,1186.80185428165,0.0,24_grid.rds,1.3850825623961822,1.3850825623961822
24,A5,r4,G07.5,7.5,True,19,20,True,886.55,1184.86394584842,1182.79238855773,1186.80185428165,0.0,24_grid.rds,1.2240552912055425,1.2240552912055427
24,A5,r4,G08.0,8.0,True,20,20,True,886.6,1184.93077027715,1182.79238855773,1186.80185428165,0.0,24_grid.rds,1.1793233781874994,1.1793233781874994
24,A5,r4,G08.5,8.5,True,21,20,True,886.4,1184.66347256222,1182.79238855773,1185.46536570701,0.0,24_grid.rds,1.1017105171097765,1.1017105171097767
24,A5,r4,G09.0,9.0,True,22,20,True,886.65,1184.99759470588,1182.79238855773,1186.80185428165,0.0,24_grid.rds,1.0095736697732036,1.0095736697732036
24,A5,r4,G09.5,9.5,True,23,20,True,886.8,1185.19806799208,1184.12887713237,1185.46536570701,0.0,24_grid.rds,1.0865794479865925,1.0865794479865925
24,A5,r4,G10.0,10.0,True,24,20,True,886.65,1184.99759470588,1184.12887713237,1186.80185428165,0.0,24_grid.rds,1.1975944194040986,1.1975944194040986
24,A5,r4,G10.5,10.5,True,25,20,True,886.8,1185.19806799208,1184.12887713237,1186.80185428165,0.0,24_grid.rds,1.321283238157681,1.3212832381576807
24,A5,r4,G11.0,11.0,True,26,20,True,886.4,1184.66347256222,1184.12887713237,1185.46536570701,0.0,24_grid.rds,1.44778679359859,1.44778679359859
24,A5,r4,G11.5,11.5,True,27,20,True,886.65,1184.99759470588,1182.79238855773,1185.46536570701,0.0,24_grid.rds,1.7281335906884985,1.7281335906884985
24,A5,r4,G12.0,12.0,True,28,20,True,886.75,1185.13124356335,1182.79238855773,1186.80185428165,0.0,24_grid.rds,1.930346027601176,1.9303460276011761
24,A5,r4,G12.5,12.5,True,29,20,True,886.75,1185.13124356335,1184.12887713237,1186.80185428165,0.0,24_grid.rds,2.1718261408409827,2.1718261408409827
24,A5,r4,G13.0,13.0,True,30,20,True,886.6,1184.93077027715,1184.12887713237,1186.80185428165,0.0,24_grid.rds,2.5746801317369528,2.5746801317369528
24,A5,r4,G13.5,13.5,True,31,20,True,886.7,1185.06441913462,1184.12887713237,1186.80185428165,0.0,24_grid.rds,2.924889046560293,2.9248890465602924
24,A5,r4,G14.0,14.0,True,32,20,True,886.4,1184.66347256222,1182.79238855773,1186.80185428165,0.0,24_grid.rds,3.372188461120239,3.372188461120239
24,A5,r4,G14.5,14.5,True,33,20,True,886.65,1184.99759470588,1182.79238855773,1185.46536570701,0.0,24_grid.rds,3.750820572959492,3.750820572959492
24,A5,r4,G15.0,15.0,True,34,20,True,886.75,1185.13124356335,1184.12887713237,1186.80185428165,0.0,24_grid.rds,4.366807477712139,4.366807477712139
24,A5,r4,CSR,0.0,False,1,20,True,886.5,1184.79712141969,1182.79238855773,1186.80185428165,0.0,24_main.rds,7.312864187141455,7.810628559585021
24,A5,r4,PD,10.926337959421,False,2,20,True,886.85,1185.26489242081,1184.12887713237,1186.80185428165,0.0,24_main.rds,1.4399126090489829,1.439912609048983
24,A5,r4,NUC,11.3,False,3,20,True,886.55,1184.86394584842,1182.79238855773,1186.80185428165,0.0,24_main.rds,1.5708826806251868,1.5708826806251868
25,A5,r5,G00.0,0.0,True,4,20,True,1029.85,1185.002671163,1184.02461390176,1185.17526950322,0.0,25_grid.rds,5.151991251400253,5.799835001104506
25,A5,r5,G00.5,0.5,True,5,20,True,1029.9,1185.06020394307,1184.02461390176,1185.17526950322,0.0,25_grid.rds,3.9017452759437035,4.207452199255917
25,A5,r5,G01.0,1.0,True,6,20,True,1029.8,1184.94513838292,1184.02461390176,1185.17526950322,0.0,25_grid.rds,3.2725576041819067,3.4576164463544523
25,A5,r5,G01.5,1.5,True,7,20,True,1029.95,1185.11773672314,1184.02461390176,1185.17526950322,0.0,25_grid.rds,2.945258332294163,3.049346565651924
25,A5,r5,G02.0,2.0,True,8,20,True,1029.8,1184.94513838292,1184.02461390176,1185.17526950322,0.0,25_grid.rds,2.6765504280920425,2.738217192917692
25,A5,r5,G02.5,2.5,True,9,20,True,1029.75,1184.88760560285,1184.02461390176,1185.17526950322,0.0,25_grid.rds,2.1306907257119074,2.153124121567355
25,A5,r5,G03.0,3.0,True,10,20,True,1029.9,1185.06020394307,1184.02461390176,1185.17526950322,0.0,25_grid.rds,1.7403179343346886,1.7468394453149592
25,A5,r5,G03.5,3.5,True,11,20,True,1029.85,1185.002671163,1184.02461390176,1185.17526950322,0.0,25_grid.rds,1.5226143295358112,1.5232898155871923
25,A5,r5,G04.0,4.0,True,12,20,True,1029.8,1184.94513838292,1184.02461390176,1185.17526950322,0.0,25_grid.rds,1.0432423961424993,1.0439043808222015
25,A5,r5,G04.5,4.5,True,13,20,True,1029.9,1185.06020394307,1184.02461390176,1185.17526950322,0.0,25_grid.rds,0.8491851779000729,0.8514672390361055
25,A5,r5,G05.0,5.0,True,14,20,True,1029.85,1185.002671163,1184.02461390176,1185.17526950322,0.0,25_grid.rds,0.8073656197256222,0.8104401509734663
25,A5,r5,G05.5,5.5,True,15,20,True,1029.75,1184.88760560285,1184.02461390176,1185.17526950322,0.0,25_grid.rds,0.612709717119534,0.6158107333521553
25,A5,r5,G06.0,6.0,True,16,20,True,1029.75,1184.88760560285,1184.02461390176,1185.17526950322,0.0,25_grid.rds,0.5216999658473417,0.5248009820799628
25,A5,r5,G06.5,6.5,True,17,20,True,1029.75,1184.88760560285,1184.02461390176,1185.17526950322,0.0,25_grid.rds,0.5446391149411315,0.5477401311737528
25,A5,r5,G07.0,7.0,True,18,20,True,1029.9,1185.06020394307,1184.02461390176,1185.17526950322,0.0,25_grid.rds,0.5546050053667967,0.557706021599418
25,A5,r5,G07.5,7.5,True,19,20,True,1029.85,1185.002671163,1184.02461390176,1185.17526950322,0.0,25_grid.rds,0.738417798890582,0.7415188151232033
25,A5,r5,G08.0,8.0,True,20,20,True,1029.9,1185.06020394307,1184.02461390176,1185.17526950322,0.0,25_grid.rds,0.7511580261506584,0.7542590423832797
25,A5,r5,G08.5,8.5,True,21,20,True,1029.75,1184.88760560285,1184.02461390176,1185.17526950322,0.0,25_grid.rds,1.0871218318251272,1.0902228480577485
25,A5,r5,G09.0,9.0,True,22,20,True,1029.9,1185.06020394307,1184.02461390176,1185.17526950322,0.0,25_grid.rds,1.200672924036897,1.2037739402695182
25,A5,r5,G09.5,9.5,True,23,20,True,1029.95,1185.11773672314,1184.02461390176,1185.17526950322,0.0,25_grid.rds,1.6207054569079042,1.6238064731405253
25,A5,r5,G10.0,10.0,True,24,20,True,1029.75,1184.88760560285,1184.02461390176,1185.17526950322,0.0,25_grid.rds,1.969396230079127,1.9724972463117483
25,A5,r5,G10.5,10.5,True,25,20,True,1029.75,1184.88760560285,1184.02461390176,1185.17526950322,0.0,25_grid.rds,2.354095353787493,2.3571963700201146
25,A5,r5,G11.0,11.0,True,26,20,True,1029.9,1185.06020394307,1184.02461390176,1185.17526950322,0.0,25_grid.rds,2.8148723354241256,2.8179733516567467
25,A5,r5,G11.5,11.5,True,27,20,True,1029.9,1185.06020394307,1184.02461390176,1185.17526950322,0.0,25_grid.rds,3.2624270549392262,3.2655280711718473
25,A5,r5,G12.0,12.0,True,28,20,True,1029.85,1185.002671163,1184.02461390176,1185.17526950322,0.0,25_grid.rds,3.8191708076635416,3.822271823896163
25,A5,r5,G12.5,12.5,True,29,20,True,1029.95,1185.11773672314,1184.02461390176,1185.17526950322,0.0,25_grid.rds,4.307011711255684,4.310112727488306
25,A5,r5,G13.0,13.0,True,30,20,True,1029.9,1185.06020394307,1184.02461390176,1185.17526950322,0.0,25_grid.rds,4.859813924916827,4.862914941149449
25,A5,r5,G13.5,13.5,True,31,20,True,1029.75,1184.88760560285,1184.02461390176,1185.17526950322,0.0,25_grid.rds,5.405217780539084,5.408318796771705
25,A5,r5,G14.0,14.0,True,32,20,True,1029.9,1185.06020394307,1184.02461390176,1185.17526950322,0.0,25_grid.rds,5.9802618055589045,5.983362821791525
25,A5,r5,G14.5,14.5,True,33,20,True,1029.9,1185.06020394307,1184.02461390176,1185.17526950322,0.0,25_grid.rds,6.520862710416356,6.5239637266489785
25,A5,r5,G15.0,15.0,True,34,20,True,1030.0,1185.17526950322,1185.17526950322,1185.17526950322,0.0,25_grid.rds,7.19016250176169,7.193263517994311
25,A5,r5,CSR,0.0,False,1,20,True,1029.8,1184.94513838292,1184.02461390176,1185.17526950322,0.0,25_main.rds,4.5713348453954845,5.060238049895867
25,A5,r5,PD,10.926337959421,False,2,20,True,1029.9,1185.06020394307,1184.02461390176,1185.17526950322,0.0,25_main.rds,2.6862938492564856,2.6893948654891067
25,A5,r5,NUC,11.3,False,3,20,True,1029.95,1185.11773672314,1184.02461390176,1185.17526950322,0.0,25_main.rds,3.121067865316611,3.1241688815492323
26,A6,r1,G00.0,0.0,True,4,20,True,912.7,988.081496020683,987.323681791238,988.406273547588,0.0,26_grid.rds,1.1411654560641564,1.3350538032213857
26,A6,r1,G00.5,0.5,True,5,20,True,912.6,987.973236845048,987.323681791238,988.406273547588,0.0,26_grid.rds,1.1710070674390074,1.3310511718595748
26,A6,r1,G01.0,1.0,True,6,20,True,912.6,987.973236845048,987.323681791238,988.406273547588,0.0,26_grid.rds,0.9168376033418956,0.9999862484120619
26,A6,r1,G01.5,1.5,True,7,20,True,912.45,987.810848081596,987.323681791238,988.406273547588,0.0,26_grid.rds,0.9367109605787177,0.9652793837951154
26,A6,r1,G02.0,2.0,True,8,20,True,912.6,987.973236845048,987.323681791238,988.406273547588,0.0,26_grid.rds,0.9286988610841228,0.9372445929332133
26,A6,r1,G02.5,2.5,True,9,20,True,912.5,987.864977669413,987.323681791238,988.406273547588,0.0,26_grid.rds,0.9994361466355111,1.0000978574288932
26,A6,r1,G03.0,3.0,True,10,20,True,912.7,988.081496020683,987.323681791238,988.406273547588,0.0,26_grid.rds,1.0858528824565787,1.0877782607874866
26,A6,r1,G03.5,3.5,True,11,20,True,912.7,988.081496020683,987.323681791238,989.488865303938,0.0,26_grid.rds,1.3310323452222466,1.342023978016538
26,A6,r1,G04.0,4.0,True,12,20,True,912.65,988.027366432866,987.323681791238,988.406273547588,0.0,26_grid.rds,1.6979603711306908,1.7228554497293513
26,A6,r1,G04.5,4.5,True,13,20,True,912.6,987.973236845048,987.323681791238,988.406273547588,0.0,26_grid.rds,2.118429850098179,2.157637383441821
26,A6,r1,G05.0,5.0,True,14,20,True,912.6,987.973236845048,987.323681791238,988.406273547588,0.0,26_grid.rds,2.669723966213767,2.722990765402881
26,A6,r1,G05.5,5.5,True,15,20,True,912.7,988.081496020683,987.323681791238,988.406273547588,0.0,26_grid.rds,3.0807654084593246,3.1401805660243416
26,A6,r1,G06.0,6.0,True,16,20,True,912.7,988.081496020683,987.323681791238,988.406273547588,0.0,26_grid.rds,3.730696745675417,3.793077654772215
26,A6,r1,G06.5,6.5,True,17,20,True,912.75,988.135625608501,987.323681791238,988.406273547588,0.0,26_grid.rds,4.254728362066252,4.317158841592732
26,A6,r1,G07.0,7.0,True,18,20,True,912.6,987.973236845048,987.323681791238,988.406273547588,0.0,26_grid.rds,5.06248648084414,5.12491696037062
26,A6,r1,G07.5,7.5,True,19,20,True,912.7,988.081496020683,987.323681791238,989.488865303938,0.0,26_grid.rds,5.652819013901815,5.715249493428296
26,A6,r1,G08.0,8.0,True,20,20,True,912.45,987.810848081596,987.323681791238,988.406273547588,0.0,26_grid.rds,6.318546867851421,6.380977347377902
26,A6,r1,G08.5,8.5,True,21,20,True,912.6,987.973236845048,987.323681791238,988.406273547588,0.0,26_grid.rds,7.002602402803932,7.065032882330412
26,A6,r1,G09.0,9.0,True,22,20,True,912.5,987.864977669413,987.323681791238,988.406273547588,0.0,26_grid.rds,7.888714001991252,7.951144481517731
26,A6,r1,G09.5,9.5,True,23,20,True,912.85,988.243884784136,987.323681791238,988.406273547588,0.0,26_grid.rds,8.4306798489304,8.49311032845688
26,A6,r1,G10.0,10.0,True,24,20,True,912.65,988.027366432866,987.323681791238,988.406273547588,0.0,26_grid.rds,9.136649965827894,9.199080445354374
26,A6,r1,G10.5,10.5,True,25,20,True,912.65,988.027366432866,987.323681791238,988.406273547588,0.0,26_grid.rds,9.969743845828676,10.032174325355156
26,A6,r1,G11.0,11.0,True,26,20,True,912.55,987.919107257231,987.323681791238,988.406273547588,0.0,26_grid.rds,10.62182204579944,10.68425252532592
26,A6,r1,G11.5,11.5,True,27,20,True,912.7,988.081496020683,987.323681791238,988.406273547588,0.0,26_grid.rds,11.400480247260042,11.462910726786522
26,A6,r1,G12.0,12.0,True,28,20,True,912.7,988.081496020683,987.323681791238,988.406273547588,0.0,26_grid.rds,11.982986999127688,12.045417478654166
26,A6,r1,G12.5,12.5,True,29,20,True,912.6,987.973236845048,987.323681791238,988.406273547588,0.0,26_grid.rds,12.672891120154027,12.735321599680507
26,A6,r1,G13.0,13.0,True,30,20,True,912.5,987.864977669413,987.323681791238,988.406273547588,0.0,26_grid.rds,13.212335563591514,13.274766043117994
26,A6,r1,G13.5,13.5,True,31,20,True,912.6,987.973236845048,987.323681791238,988.406273547588,0.0,26_grid.rds,13.893648725821821,13.956079205348301
26,A6,r1,G14.0,14.0,True,32,20,True,912.6,987.973236845048,987.323681791238,988.406273547588,0.0,26_grid.rds,14.551032233250863,14.613462712777343
26,A6,r1,G14.5,14.5,True,33,20,True,912.45,987.810848081596,987.323681791238,988.406273547588,0.0,26_grid.rds,15.182049767772332,15.244480247298814
26,A6,r1,G15.0,15.0,True,34,20,True,912.45,987.810848081596,987.323681791238,988.406273547588,0.0,26_grid.rds,15.773457897700515,15.835888377226995
26,A6,r1,CSR,0.0,False,1,20,True,912.6,987.973236845048,987.323681791238,988.406273547588,0.0,26_main.rds,1.3533631945004543,1.6147075437687584
26,A6,r1,PD,11.9661745147029,False,2,20,True,912.65,988.027366432866,987.323681791238,988.406273547588,0.0,26_main.rds,11.963511858646704,12.025942338173184
26,A6,r1,NUC,4.8,False,3,20,True,912.75,988.135625608501,987.323681791238,988.406273547588,0.0,26_main.rds,2.3902618468939703,2.4375921008298165
27,A6,r2,G00.0,0.0,True,4,20,True,889.25,988.033315500308,987.755543975006,988.866630076215,0.0,27_grid.rds,1.3868028845529299,1.7535223276755567
27,A6,r2,G00.5,0.5,True,5,20,True,889.35,988.144424110429,987.755543975006,988.866630076215,0.0,27_grid.rds,1.0295382132618922,1.2760946349815392
27,A6,r2,G01.0,1.0,True,6,20,True,889.35,988.144424110429,987.755543975006,988.866630076215,0.0,27_grid.rds,0.5952888124963237,0.7135891632120387
27,A6,r2,G01.5,1.5,True,7,20,True,889.35,988.144424110429,987.755543975006,988.866630076215,0.0,27_grid.rds,0.35534846950610227,0.418222801081447
27,A6,r2,G02.0,2.0,True,8,20,True,889.1,987.866652585127,987.755543975006,988.866630076215,0.0,27_grid.rds,0.21721641223236085,0.24334480071618492
27,A6,r2,G02.5,2.5,True,9,20,True,889.3,988.088869805369,987.755543975006,988.866630076215,0.0,27_grid.rds,0.1967053369377815,0.20134018166835113
27,A6,r2,G03.0,3.0,True,10,20,True,889.2,987.977761195248,987.755543975006,988.866630076215,0.0,27_grid.rds,0.18336736265730133,0.18340374913912522
27,A6,r2,G03.5,3.5,True,11,20,True,889.05,987.811098280067,987.755543975006,988.866630076215,0.0,27_grid.rds,0.22193447862464355,0.22547623207404927
27,A6,r2,G04.0,4.0,True,12,20,True,889.2,987.977761195248,987.755543975006,988.866630076215,0.0,27_grid.rds,0.43742508832768695,0.44924244317880774
27,A6,r2,G04.5,4.5,True,13,20,True,889.2,987.977761195248,987.755543975006,988.866630076215,0.0,27_grid.rds,0.7679711552405195,0.786673576438719
27,A6,r2,G05.0,5.0,True,14,20,True,889.45,988.25553272055,987.755543975006,988.866630076215,0.0,27_grid.rds,0.9347214819278091,0.9569817338730093
27,A6,r2,G05.5,5.5,True,15,20,True,889.1,987.866652585127,987.755543975006,988.866630076215,0.0,27_grid.rds,1.2905576200876834,1.3134902735294192
27,A6,r2,G06.0,6.0,True,16,20,True,889.15,987.922206890188,987.755543975006,988.866630076215,0.0,27_grid.rds,1.7491061992040469,1.7720388526457824
27,A6,r2,G06.5,6.5,True,17,20,True,889.3,988.088869805369,987.755543975006,988.866630076215,0.0,27_grid.rds,2.0948271310679543,2.11775978450969
27,A6,r2,G07.0,7.0,True,18,20,True,889.1,987.866652585127,987.755543975006,988.866630076215,0.0,27_grid.rds,2.593478011630259,2.616410665071995
27,A6,r2,G07.5,7.5,True,19,20,True,889.25,988.033315500308,987.755543975006,988.866630076215,0.0,27_grid.rds,2.8936780957923807,2.9166107492341165
27,A6,r2,G08.0,8.0,True,20,20,True,889.25,988.033315500308,987.755543975006,988.866630076215,0.0,27_grid.rds,3.447004983574858,3.469937637016594
27,A6,r2,G08.5,8.5,True,21,20,True,889.15,987.922206890188,987.755543975006,988.866630076215,0.0,27_grid.rds,3.99219788105553,4.015130534497265
27,A6,r2,G09.0,9.0,True,22,20,True,889.25,988.033315500308,987.755543975006,988.866630076215,0.0,27_grid.rds,4.502841485467616,4.525774138909353
27,A6,r2,G09.5,9.5,True,23,20,True,889.25,988.033315500308,987.755543975006,988.866630076215,0.0,27_grid.rds,5.142591585539573,5.165524238981308
27,A6,r2,G10.0,10.0,True,24,20,True,889.25,988.033315500308,987.755543975006,988.866630076215,0.0,27_grid.rds,5.683531440097943,5.706464093539678
27,A6,r2,G10.5,10.5,True,25,20,True,889.35,988.144424110429,987.755543975006,988.866630076215,0.0,27_grid.rds,6.049825437697332,6.072758091139067
27,A6,r2,G11.0,11.0,True,26,20,True,889.3,988.088869805369,987.755543975006,988.866630076215,0.0,27_grid.rds,6.602719262307657,6.625651915749393
27,A6,r2,G11.5,11.5,True,27,20,True,889.2,987.977761195248,987.755543975006,988.866630076215,0.0,27_grid.rds,7.177365832802158,7.200298486243893
27,A6,r2,G12.0,12.0,True,28,20,True,889.15,987.922206890188,987.755543975006,988.866630076215,0.0,27_grid.rds,7.7826078025363,7.805540455978036
27,A6,r2,G12.5,12.5,True,29,20,True,889.15,987.922206890188,987.755543975006,988.866630076215,0.0,27_grid.rds,8.302487705790618,8.325420359232353
27,A6,r2,G13.0,13.0,True,30,20,True,889.2,987.977761195248,987.755543975006,988.866630076215,0.0,27_grid.rds,8.898502901743472,8.921435555185205
27,A6,r2,G13.5,13.5,True,31,20,True,889.25,988.033315500308,987.755543975006,988.866630076215,0.0,27_grid.rds,9.463801138449487,9.486733791891222
27,A6,r2,G14.0,14.0,True,32,20,True,889.2,987.977761195248,987.755543975006,988.866630076215,0.0,27_grid.rds,10.02105928134088,10.043991934782616
27,A6,r2,G14.5,14.5,True,33,20,True,889.15,987.922206890188,987.755543975006,988.866630076215,0.0,27_grid.rds,10.592206463880721,10.615139117322459
27,A6,r2,G15.0,15.0,True,34,20,True,889.2,987.977761195248,987.755543975006,988.866630076215,0.0,27_grid.rds,11.176794283490567,11.199726936932302
27,A6,r2,CSR,0.0,False,1,20,True,889.25,988.033315500308,987.755543975006,988.866630076215,0.0,27_main.rds,1.4718498962850395,1.8894476424159634
27,A6,r2,PD,11.9661745147029,False,2,20,True,889.25,988.033315500308,987.755543975006,988.866630076215,0.0,27_main.rds,7.753685835546067,7.776618488987802
27,A6,r2,NUC,4.8,False,3,20,True,889.25,988.033315500308,987.755543975006,988.866630076215,0.0,27_main.rds,0.8829417950213476,0.9044058999024378
28,A6,r3,G00.0,0.0,True,4,20,True,954.3,987.834396697566,987.523854604923,988.558994913733,0.0,28_grid.rds,1.240252289792685,1.7348042400187214
28,A6,r3,G00.5,0.5,True,5,20,True,954.4,987.937910728447,987.523854604923,988.558994913733,0.0,28_grid.rds,0.4406800042902383,0.6091842816187841
28,A6,r3,G01.0,1.0,True,6,20,True,954.55,988.093181774769,987.523854604923,988.558994913733,0.0,28_grid.rds,0.22030635092197248,0.30919853790046714
28,A6,r3,G01.5,1.5,True,7,20,True,954.35,987.886153713007,987.523854604923,988.558994913733,0.0,28_grid.rds,0.14397951978002757,0.1939811099049502
28,A6,r3,G02.0,2.0,True,8,20,True,954.45,987.989667743888,987.523854604923,988.558994913733,0.0,28_grid.rds,0.06102677978698622,0.07706847550821003
28,A6,r3,G02.5,2.5,True,9,20,True,954.45,987.989667743888,987.523854604923,988.558994913733,0.0,28_grid.rds,0.0698946673725561,0.07328173759238357
28,A6,r3,G03.0,3.0,True,10,20,True,954.55,988.093181774769,987.523854604923,988.558994913733,0.0,28_grid.rds,0.2063491023311858,0.2088870500157114
28,A6,r3,G03.5,3.5,True,11,20,True,954.6,988.144938790209,987.523854604923,988.558994913733,0.0,28_grid.rds,0.3317877733482292,0.34215391975894477
28,A6,r3,G04.0,4.0,True,12,20,True,954.35,987.886153713007,987.523854604923,988.558994913733,0.0,28_grid.rds,0.4673426216457929,0.4858641575730723
28,A6,r3,G04.5,4.5,True,13,20,True,954.45,987.989667743888,987.523854604923,988.558994913733,0.0,28_grid.rds,0.9163297538241072,0.9427972955507165
28,A6,r3,G05.0,5.0,True,14,20,True,954.5,988.041424759328,987.523854604923,988.558994913733,0.0,28_grid.rds,1.3285794738163104,1.3570386231393277
28,A6,r3,G05.5,5.5,True,15,20,True,954.7,988.24845282109,987.523854604923,988.558994913733,0.0,28_grid.rds,1.5687037122460188,1.597170060453111
28,A6,r3,G06.0,6.0,True,16,20,True,954.4,987.937910728447,987.523854604923,988.558994913733,0.0,28_grid.rds,2.155076643569242,2.183542991776334
28,A6,r3,G06.5,6.5,True,17,20,True,954.4,987.937910728447,987.523854604923,988.558994913733,0.0,28_grid.rds,2.551238319882459,2.5797046680895512
28,A6,r3,G07.0,7.0,True,18,20,True,954.4,987.937910728447,987.523854604923,988.558994913733,0.0,28_grid.rds,2.947744312936997,2.9762106611440884
28,A6,r3,G07.5,7.5,True,19,20,True,954.4,987.937910728447,987.523854604923,988.558994913733,0.0,28_grid.rds,3.3863159798142433,3.414782328021336
28,A6,r3,G08.0,8.0,True,20,20,True,954.45,987.989667743888,987.523854604923,988.558994913733,0.0,28_grid.rds,3.8064229789221895,3.834889327129282
28,A6,r3,G08.5,8.5,True,21,20,True,954.4,987.937910728447,987.523854604923,988.558994913733,0.0,28_grid.rds,4.2262974608341395,4.254763809041232
28,A6,r3,G09.0,9.0,True,22,20,True,954.3,987.834396697566,987.523854604923,988.558994913733,0.0,28_grid.rds,4.6355126809739104,4.663979029181002
28,A6,r3,G09.5,9.5,True,23,20,True,954.55,988.093181774769,987.523854604923,988.558994913733,0.0,28_grid.rds,5.193383724725606,5.221850072932698
28,A6,r3,G10.0,10.0,True,24,20,True,954.25,987.782639682126,987.523854604923,988.558994913733,0.0,28_grid.rds,5.504895750519442,5.533362098726535
28,A6,r3,G10.5,10.5,True,25,20,True,954.35,987.886153713007,987.523854604923,988.558994913733,0.0,28_grid.rds,5.97428772524323,6.002754073450322
28,A6,r3,G11.0,11.0,True,26,20,True,954.5,988.041424759328,987.523854604923,988.558994913733,0.0,28_grid.rds,6.4797681079895595,6.508234456196652
28,A6,r3,G11.5,11.5,True,27,20,True,954.7,988.24845282109,987.523854604923,988.558994913733,0.0,28_grid.rds,6.858685871934555,6.887152220141646
28,A6,r3,G12.0,12.0,True,28,20,True,954.3,987.834396697566,987.523854604923,988.558994913733,0.0,28_grid.rds,7.230228576013439,7.258694924220531
28,A6,r3,G12.5,12.5,True,29,20,True,954.5,988.041424759328,987.523854604923,988.558994913733,0.0,28_grid.rds,7.680698052878013,7.709164401085105
28,A6,r3,G13.0,13.0,True,30,20,True,954.5,988.041424759328,987.523854604923,988.558994913733,0.0,28_grid.rds,8.144674459315425,8.173140807522516
28,A6,r3,G13.5,13.5,True,31,20,True,954.5,988.041424759328,987.523854604923,988.558994913733,0.0,28_grid.rds,8.560462719938393,8.588929068145486
28,A6,r3,G14.0,14.0,True,32,20,True,954.3,987.834396697566,987.523854604923,988.558994913733,0.0,28_grid.rds,9.029058748575029,9.05752509678212
28,A6,r3,G14.5,14.5,True,33,20,True,954.4,987.937910728447,987.523854604923,988.558994913733,0.0,28_grid.rds,9.530840433750894,9.559306781957986
28,A6,r3,G15.0,15.0,True,34,20,True,954.4,987.937910728447,987.523854604923,988.558994913733,0.0,28_grid.rds,9.984741265806031,10.013207614013124
28,A6,r3,CSR,0.0,False,1,20,True,954.35,987.886153713007,987.523854604923,988.558994913733,0.0,28_main.rds,0.5153829937375088,0.724369349912697
28,A6,r3,PD,11.9661745147029,False,2,20,True,954.3,987.834396697566,987.523854604923,988.558994913733,0.0,28_main.rds,7.259840802238932,7.288307150446024
28,A6,r3,NUC,4.8,False,3,20,True,954.6,988.144938790209,987.523854604923,988.558994913733,0.0,28_main.rds,1.1082837974598778,1.1363043164123996
29,A6,r4,G00.0,0.0,True,4,20,True,920.85,988.071439447482,987.159390011059,988.232389348027,0.0,29_grid.rds,0.8280483818394946,1.0959508531621174
29,A6,r4,G00.5,0.5,True,5,20,True,920.8,988.017789480634,987.159390011059,988.232389348027,0.0,29_grid.rds,0.8452075559271197,1.0699079234576763
29,A6,r4,G01.0,1.0,True,6,20,True,920.8,988.017789480634,987.159390011059,988.232389348027,0.0,29_grid.rds,0.4540419728582089,0.5689646916892654
29,A6,r4,G01.5,1.5,True,7,20,True,920.75,987.964139513785,987.159390011059,988.232389348027,0.0,29_grid.rds,0.21796178780522957,0.2558225970611877
29,A6,r4,G02.0,2.0,True,8,20,True,920.9,988.12508941433,987.159390011059,988.232389348027,0.0,29_grid.rds,0.1985231063427114,0.21944266960889777
29,A6,r4,G02.5,2.5,True,9,20,True,920.65,987.856839580088,987.159390011059,988.232389348027,0.0,29_grid.rds,0.20819223997116293,0.20861262864109598
29,A6,r4,G03.0,3.0,True,10,20,True,920.75,987.964139513785,987.159390011059,988.232389348027,0.0,29_grid.rds,0.25391429687129097,0.2562683326867352
29,A6,r4,G03.5,3.5,True,11,20,True,920.95,988.178739381179,987.159390011059,989.305388684996,0.0,29_grid.rds,0.4847441729891377,0.49528499202475645
29,A6,r4,G04.0,4.0,True,12,20,True,920.8,988.017789480634,987.159390011059,988.232389348027,0.0,29_grid.rds,0.6429797186154623,0.6607309750501289
29,A6,r4,G04.5,4.5,True,13,20,True,920.75,987.964139513785,987.159390011059,988.232389348027,0.0,29_grid.rds,1.1180836793521476,1.139184200906963
29,A6,r4,G05.0,5.0,True,14,20,True,920.7,987.910489546937,987.159390011059,988.232389348027,0.0,29_grid.rds,1.3806850806071902,1.4019822472586918
29,A6,r4,G05.5,5.5,True,15,20,True,920.75,987.964139513785,987.159390011059,988.232389348027,0.0,29_grid.rds,1.8380830577811396,1.8593802244326412
29,A6,r4,G06.0,6.0,True,16,20,True,920.75,987.964139513785,987.159390011059,988.232389348027,0.0,29_grid.rds,2.257076793799923,2.2783739604514253
29,A6,r4,G06.5,6.5,True,17,20,True,920.75,987.964139513785,987.159390011059,988.232389348027,0.0,29_grid.rds,2.71057363030565,2.731870796957151
29,A6,r4,G07.0,7.0,True,18,20,True,920.85,988.071439447482,987.159390011059,988.232389348027,0.0,29_grid.rds,3.2123065887504967,3.2336037554019983
29,A6,r4,G07.5,7.5,True,19,20,True,920.8,988.017789480634,987.159390011059,988.232389348027,0.0,29_grid.rds,3.7716060955275412,3.792903262179043
29,A6,r4,G08.0,8.0,True,20,20,True,920.85,988.071439447482,987.159390011059,988.232389348027,0.0,29_grid.rds,4.229711618114814,4.251008784766316
29,A6,r4,G08.5,8.5,True,21,20,True,920.55,987.749539646392,987.159390011059,989.305388684996,0.0,29_grid.rds,4.856045339212533,4.877342505864034
29,A6,r4,G09.0,9.0,True,22,20,True,920.85,988.071439447482,987.159390011059,988.232389348027,0.0,29_grid.rds,5.356142319839163,5.377439486490665
29,A6,r4,G09.5,9.5,True,23,20,True,920.8,988.017789480634,987.159390011059,988.232389348027,0.0,29_grid.rds,5.93767208778433,5.958969254435831
29,A6,r4,G10.0,10.0,True,24,20,True,920.85,988.071439447482,987.159390011059,989.305388684996,0.0,29_grid.rds,6.4058006085098755,6.427097775161378
29,A6,r4,G10.5,10.5,True,25,20,True,920.8,988.017789480634,987.159390011059,989.305388684996,0.0,29_grid.rds,6.9532050875532345,6.974502254204736
29,A6,r4,G11.0,11.0,True,26,20,True,920.75,987.964139513785,987.159390011059,988.232389348027,0.0,29_grid.rds,7.434107960799341,7.455405127450843
29,A6,r4,G11.5,11.5,True,27,20,True,920.9,988.12508941433,987.159390011059,989.305388684996,0.0,29_grid.rds,7.9652720683717,7.986569235023202
29,A6,r4,G12.0,12.0,True,28,20,True,920.8,988.017789480634,987.159390011059,988.232389348027,0.0,29_grid.rds,8.587142319807631,8.608439486459133
29,A6,r4,G12.5,12.5,True,29,20,True,920.8,988.017789480634,987.159390011059,988.232389348027,0.0,29_grid.rds,9.097439736695192,9.118736903346694
29,A6,r4,G13.0,13.0,True,30,20,True,920.7,987.910489546937,987.159390011059,988.232389348027,0.0,29_grid.rds,9.60641024300852,9.627707409660022
29,A6,r4,G13.5,13.5,True,31,20,True,920.85,988.071439447482,987.159390011059,988.232389348027,0.0,29_grid.rds,10.17251765771393,10.19381482436543
29,A6,r4,G14.0,14.0,True,32,20,True,920.55,987.749539646392,987.159390011059,988.232389348027,0.0,29_grid.rds,10.706855384463342,10.728152551114842
29,A6,r4,G14.5,14.5,True,33,20,True,920.85,988.071439447482,987.159390011059,988.232389348027,0.0,29_grid.rds,11.273697127118908,11.29499429377041
29,A6,r4,G15.0,15.0,True,34,20,True,920.7,987.910489546937,987.159390011059,988.232389348027,0.0,29_grid.rds,11.833431473726085,11.854728640377585
29,A6,r4,CSR,0.0,False,1,20,True,920.65,987.856839580088,987.159390011059,989.305388684996,0.0,29_main.rds,0.9529536675305004,1.2886534223915258
29,A6,r4,PD,11.9661745147029,False,2,20,True,920.7,987.910489546937,987.159390011059,988.232389348027,0.0,29_main.rds,8.499396484446775,8.520693651098277
29,A6,r4,NUC,4.8,False,3,20,True,920.7,987.910489546937,987.159390011059,988.232389348027,0.0,29_main.rds,1.205003572357943,1.226300739009445
3,A1,r3,G00.0,0.0,True,4,20,True,10060.25,12418.9488071336,12417.4057355391,12419.8746500903,0.0,3_grid.rds,6.524987378593307,7.045616842906887
3,A1,r3,G00.5,0.5,True,5,20,True,10060.35,12419.0722528612,12417.4057355391,12421.109107366,0.0,3_grid.rds,6.0877435660664085,6.2663037514848225
3,A1,r3,G01.0,1.0,True,6,20,True,10060.25,12418.9488071336,12416.1712782635,12421.109107366,0.0,3_grid.rds,5.5964042397250084,5.630792543147895
3,A1,r3,G01.5,1.5,True,7,20,True,10060.45,12419.1956985888,12417.4057355391,12421.109107366,0.0,3_grid.rds,5.208429645769166,5.2105978928265335
3,A1,r3,G02.0,2.0,True,8,20,True,10060.2,12418.8870842698,12417.4057355391,12421.109107366,0.0,3_grid.rds,4.8887498484343,4.888749872886567
3,A1,r3,G02.5,2.5,True,9,20,True,10060.2,12418.8870842698,12417.4057355391,12421.109107366,0.0,3_grid.rds,4.748889432726374,4.748889480686016
3,A1,r3,G03.0,3.0,True,10,20,True,10060.5,12419.2574214525,12417.4057355391,12421.109107366,0.0,3_grid.rds,4.8583738501280065,4.858373898087648
3,A1,r3,G03.5,3.5,True,11,20,True,10060.15,12418.8253614061,12417.4057355391,12419.8746500903,0.0,3_grid.rds,5.205760790243472,5.205760838203114
3,A1,r3,G04.0,4.0,True,12,20,True,10060.15,12418.8253614061,12417.4057355391,12421.109107366,0.0,3_grid.rds,5.869005491637652,5.869005539597294
3,A1,r3,G04.5,4.5,True,13,20,True,10060.25,12418.9488071336,12417.4057355391,12421.109107366,0.0,3_grid.rds,6.755002834741027,6.75500288270067
3,A1,r3,G05.0,5.0,True,14,20,True,10060.55,12419.3191443163,12417.4057355391,12421.109107366,0.0,3_grid.rds,7.777262095056652,7.777262143016295
3,A1,r3,G05.5,5.5,True,15,20,True,10060.25,12418.9488071336,12417.4057355391,12421.109107366,0.0,3_grid.rds,8.869978836732693,8.869978884692335
3,A1,r3,G06.0,6.0,True,16,20,True,10060.05,12418.7019156785,12417.4057355391,12419.8746500903,0.0,3_grid.rds,9.948288279330392,9.948288327290033
3,A1,r3,G06.5,6.5,True,17,20,True,10060.4,12419.133975725,12417.4057355391,12421.109107366,0.0,3_grid.rds,10.983181106772484,10.983181154732128
3,A1,r3,G07.0,7.0,True,18,20,True,10060.7,12419.5043129077,12417.4057355391,12421.109107366,0.0,3_grid.rds,12.045440377548488,12.04544042550813
3,A1,r3,G07.5,7.5,True,19,0,False,,,inf,-inf,,3_grid.rds,,
3,A1,r3,G08.0,8.0,True,20,0,False,,,,,,3_grid.rds,,
3,A1,r3,G08.5,8.5,True,21,0,False,,,,,,3_grid.rds,,
3,A1,r3,G09.0,9.0,True,22,0,False,,,,,,3_grid.rds,,
3,A1,r3,G09.5,9.5,True,23,0,False,,,,,,3_grid.rds,,
3,A1,r3,G10.0,10.0,True,24,0,False,,,,,,3_grid.rds,,
3,A1,r3,G10.5,10.5,True,25,0,False,,,,,,3_grid.rds,,
3,A1,r3,G11.0,11.0,True,26,0,False,,,,,,3_grid.rds,,
3,A1,r3,G11.5,11.5,True,27,0,False,,,,,,3_grid.rds,,
3,A1,r3,G12.0,12.0,True,28,0,False,,,,,,3_grid.rds,,
3,A1,r3,G12.5,12.5,True,29,0,False,,,,,,3_grid.rds,,
3,A1,r3,G13.0,13.0,True,30,0,False,,,,,,3_grid.rds,,
3,A1,r3,G13.5,13.5,True,31,0,False,,,,,,3_grid.rds,,
3,A1,r3,G14.0,14.0,True,32,0,False,,,,,,3_grid.rds,,
3,A1,r3,G14.5,14.5,True,33,0,False,,,,,,3_grid.rds,,
3,A1,r3,G15.0,15.0,True,34,0,False,,,,,,3_grid.rds,,
3,A1,r3,CSR,0.0,False,1,20,True,10060.65,12419.4425900439,12417.4057355391,12421.109107366,0.0,3_main.rds,6.434857962566295,6.925288632313049
3,A1,r3,PD,3.37512988988323,False,2,20,True,10060.35,12419.0722528612,12417.4057355391,12421.109107366,0.0,3_main.rds,5.0837001904069945,5.083700238366636
3,A1,r3,NUC,4.1,False,3,20,True,10060.25,12418.9488071336,12417.4057355391,12421.109107366,0.0,3_main.rds,6.015432567185586,6.015432615145228
30,A6,r5,G00.0,0.0,True,4,20,True,898.55,987.973007099705,987.368271521379,988.467790754699,0.0,30_grid.rds,0.7982808309473816,1.0191444468893298
30,A6,r5,G00.5,0.5,True,5,20,True,898.35,987.753103253041,987.368271521379,988.467790754699,0.0,30_grid.rds,0.7453925560405269,0.9186933613541653
30,A6,r5,G01.0,1.0,True,6,20,True,898.65,988.082959023037,987.368271521379,989.567309988019,0.0,30_grid.rds,0.4343999821780236,0.517450433331599
30,A6,r5,G01.5,1.5,True,7,20,True,898.45,987.863055176373,987.368271521379,989.567309988019,0.0,30_grid.rds,0.4225711196349373,0.46105475261674916
30,A6,r5,G02.0,2.0,True,8,20,True,898.7,988.137934984703,987.368271521379,988.467790754699,0.0,30_grid.rds,0.3410826036173656,0.3496979394886687
30,A6,r5,G02.5,2.5,True,9,20,True,898.6,988.027983061371,987.368271521379,988.467790754699,0.0,30_grid.rds,0.5233200839138288,0.5237762097775136
30,A6,r5,G03.0,3.0,True,10,20,True,898.55,987.973007099705,987.368271521379,989.567309988019,0.0,30_grid.rds,0.6349054419646124,0.6399663127241041
30,A6,r5,G03.5,3.5,True,11,20,True,898.55,987.973007099705,987.368271521379,989.567309988019,0.0,30_grid.rds,0.9744520514615997,0.9892443124078563
30,A6,r5,G04.0,4.0,True,12,20,True,898.65,988.082959023037,987.368271521379,988.467790754699,0.0,30_grid.rds,1.319833926374192,1.3470544905273942
30,A6,r5,G04.5,4.5,True,13,20,True,898.65,988.082959023037,987.368271521379,988.467790754699,0.0,30_grid.rds,1.7395869710578478,1.7740971023871723
30,A6,r5,G05.0,5.0,True,14,20,True,898.55,987.973007099705,987.368271521379,989.567309988019,0.0,30_grid.rds,2.298596559362029,2.334727552651346
30,A6,r5,G05.5,5.5,True,15,20,True,898.7,988.137934984703,987.368271521379,989.567309988019,0.0,30_grid.rds,2.8917060304059543,2.9278370285481965
30,A6,r5,G06.0,6.0,True,16,20,True,898.45,987.863055176373,987.368271521379,988.467790754699,0.0,30_grid.rds,3.44288483326959,3.479015831411833
30,A6,r5,G06.5,6.5,True,17,20,True,898.75,988.192910946369,987.368271521379,988.467790754699,0.0,30_grid.rds,3.9491359036715052,3.9852669018137483
30,A6,r5,G07.0,7.0,True,18,20,True,898.45,987.863055176373,987.368271521379,988.467790754699,0.0,30_grid.rds,4.681592851618133,4.717723849760376
30,A6,r5,G07.5,7.5,True,19,20,True,898.45,987.863055176373,987.368271521379,989.567309988019,0.0,30_grid.rds,5.424933494081594,5.461064492223837
30,A6,r5,G08.0,8.0,True,20,20,True,898.45,987.863055176373,987.368271521379,988.467790754699,0.0,30_grid.rds,6.022361107579162,6.058492105721404
30,A6,r5,G08.5,8.5,True,21,20,True,898.45,987.863055176373,987.368271521379,988.467790754699,0.0,30_grid.rds,6.691655660057424,6.727786658199666
30,A6,r5,G09.0,9.0,True,22,20,True,898.55,987.973007099705,987.368271521379,988.467790754699,0.0,30_grid.rds,7.3376906717070725,7.373821669849315
30,A6,r5,G09.5,9.5,True,23,20,True,898.75,988.192910946369,987.368271521379,989.567309988019,0.0,30_grid.rds,8.053659744956786,8.08979074309903
30,A6,r5,G10.0,10.0,True,24,20,True,898.6,988.027983061371,987.368271521379,989.567309988019,0.0,30_grid.rds,8.50637057996169,8.542501578103932
30,A6,r5,G10.5,10.5,True,25,20,True,898.4,987.808079214707,987.368271521379,988.467790754699,0.0,30_grid.rds,9.2141285219995,9.250259520141745
30,A6,r5,G11.0,11.0,True,26,20,True,898.65,988.082959023037,987.368271521379,989.567309988019,0.0,30_grid.rds,9.778784443676491,9.814915441818735
30,A6,r5,G11.5,11.5,True,27,20,True,898.5,987.918031138039,987.368271521379,988.467790754699,0.0,30_grid.rds,10.404339894762996,10.440470892905239
30,A6,r5,G12.0,12.0,True,28,20,True,898.7,988.137934984703,987.368271521379,988.467790754699,0.0,30_grid.rds,10.88235742687137,10.918488425013614
30,A6,r5,G12.5,12.5,True,29,20,True,898.55,987.973007099705,987.368271521379,989.567309988019,0.0,30_grid.rds,11.474160368228736,11.51029136637098
30,A6,r5,G13.0,13.0,True,30,20,True,898.45,987.863055176373,987.368271521379,988.467790754699,0.0,30_grid.rds,11.949436583670233,11.985567581812475
30,A6,r5,G13.5,13.5,True,31,20,True,898.65,988.082959023037,987.368271521379,989.567309988019,0.0,30_grid.rds,12.47783904402221,12.51397004216445
30,A6,r5,G14.0,14.0,True,32,20,True,898.55,987.973007099705,987.368271521379,988.467790754699,0.0,30_grid.rds,12.945779962614374,12.981910960756618
30,A6,r5,G14.5,14.5,True,33,20,True,898.55,987.973007099705,987.368271521379,989.567309988019,0.0,30_grid.rds,13.436953440788445,13.47308443893069
30,A6,r5,G15.0,15.0,True,34,20,True,898.7,988.137934984703,987.368271521379,989.567309988019,0.0,30_grid.rds,13.989192244508894,14.025323242651135
30,A6,r5,CSR,0.0,False,1,20,True,898.65,988.082959023037,987.368271521379,989.567309988019,0.0,30_main.rds,0.8674223861411322,1.100600641658899
30,A6,r5,PD,11.9661745147029,False,2,20,True,898.45,987.863055176373,987.368271521379,988.467790754699,0.0,30_main.rds,10.931604541699304,10.967735539841547
30,A6,r5,NUC,4.8,False,3,20,True,898.75,988.192910946369,987.368271521379,989.567309988019,0.0,30_main.rds,2.0273861015898293,2.063444601405354
4,A1,r4,G00.0,0.0,True,4,20,True,7934.35,12419.2582187022,12417.1451283299,12421.8408847127,0.0,4_grid.rds,6.821803262287694,7.324677081539012
4,A1,r4,G00.5,0.5,True,5,20,True,7934.2,12419.023430883,12417.1451283299,12421.8408847127,0.0,4_grid.rds,6.433614458221213,6.608712058071889
4,A1,r4,G01.0,1.0,True,6,20,True,7934.3,12419.1799560958,12417.1451283299,12421.8408847127,0.0,4_grid.rds,6.034195783055498,6.068737920296442
4,A1,r4,G01.5,1.5,True,7,20,True,7934.45,12419.4147439149,12418.7103804575,12420.2756325851,0.0,4_grid.rds,5.5246957749205245,5.526813014019051
4,A1,r4,G02.0,2.0,True,8,20,True,7934.2,12419.023430883,12417.1451283299,12421.8408847127,0.0,4_grid.rds,5.251607271881782,5.2516076613513265
4,A1,r4,G02.5,2.5,True,9,20,True,7934.6,12419.6495317341,12417.1451283299,12421.8408847127,0.0,4_grid.rds,5.07554313514881,5.0755435617510285
4,A1,r4,G03.0,3.0,True,10,20,True,7934.0,12418.7103804575,12417.1451283299,12420.2756325851,0.0,4_grid.rds,5.136088668491411,5.136089095093629
4,A1,r4,G03.5,3.5,True,11,20,True,7934.2,12419.023430883,12417.1451283299,12421.8408847127,0.0,4_grid.rds,5.4885169301110945,5.488517356713314
4,A1,r4,G04.0,4.0,True,12,20,True,7934.3,12419.1799560958,12417.1451283299,12420.2756325851,0.0,4_grid.rds,6.103322555332757,6.103322981934976
4,A1,r4,G04.5,4.5,True,13,20,True,7934.15,12418.9451682767,12417.1451283299,12420.2756325851,0.0,4_grid.rds,6.999636996800199,6.999637423402417
4,A1,r4,G05.0,5.0,True,14,20,True,7934.05,12418.7886430639,12417.1451283299,12420.2756325851,0.0,4_grid.rds,8.020325813114361,8.020326239716582
4,A1,r4,G05.5,5.5,True,15,20,True,7933.9,12418.5538552448,12417.1451283299,12421.8408847127,0.0,4_grid.rds,9.113506816467043,9.11350724306926
4,A1,r4,G06.0,6.0,True,16,20,True,7934.15,12418.9451682767,12417.1451283299,12421.8408847127,0.0,4_grid.rds,10.227222774344053,10.22722320094627
4,A1,r4,G06.5,6.5,True,17,20,True,7934.3,12419.1799560958,12417.1451283299,12421.8408847127,0.0,4_grid.rds,11.307168396063886,11.307168822666107
4,A1,r4,G07.0,7.0,True,18,20,True,7934.1,12418.8669056703,12417.1451283299,12420.2756325851,0.0,4_grid.rds,12.42394713015191,12.423947556754129
4,A1,r4,G07.5,7.5,True,19,0,False,,,inf,-inf,,4_grid.rds,,
4,A1,r4,G08.0,8.0,True,20,0,False,,,,,,4_grid.rds,,
4,A1,r4,G08.5,8.5,True,21,0,False,,,,,,4_grid.rds,,
4,A1,r4,G09.0,9.0,True,22,0,False,,,,,,4_grid.rds,,
4,A1,r4,G09.5,9.5,True,23,0,False,,,,,,4_grid.rds,,
4,A1,r4,G10.0,10.0,True,24,0,False,,,,,,4_grid.rds,,
4,A1,r4,G10.5,10.5,True,25,0,False,,,,,,4_grid.rds,,
4,A1,r4,G11.0,11.0,True,26,0,False,,,,,,4_grid.rds,,
4,A1,r4,G11.5,11.5,True,27,0,False,,,,,,4_grid.rds,,
4,A1,r4,G12.0,12.0,True,28,0,False,,,,,,4_grid.rds,,
4,A1,r4,G12.5,12.5,True,29,0,False,,,,,,4_grid.rds,,
4,A1,r4,G13.0,13.0,True,30,0,False,,,,,,4_grid.rds,,
4,A1,r4,G13.5,13.5,True,31,0,False,,,,,,4_grid.rds,,
4,A1,r4,G14.0,14.0,True,32,0,False,,,,,,4_grid.rds,,
4,A1,r4,G14.5,14.5,True,33,0,False,,,,,,4_grid.rds,,
4,A1,r4,G15.0,15.0,True,34,0,False,,,,,,4_grid.rds,,
4,A1,r4,CSR,0.0,False,1,20,True,7934.4,12419.3364813086,12417.1451283299,12421.8408847127,0.0,4_main.rds,6.769678021091225,7.251352079528268
4,A1,r4,PD,3.37512988988323,False,2,20,True,7934.3,12419.1799560958,12418.7103804575,12420.2756325851,0.0,4_main.rds,5.41176640451115,5.411766831113369
4,A1,r4,NUC,4.1,False,3,20,True,7934.1,12418.8669056703,12417.1451283299,12420.2756325851,0.0,4_main.rds,6.248413490739403,6.248413917341623
5,A1,r5,G00.0,0.0,True,4,20,True,8980.8,12419.026109866,12416.5369945313,12422.0683619417,0.0,5_grid.rds,5.800075054080101,6.260810303365914
5,A1,r5,G00.5,0.5,True,5,20,True,8981.25,12419.6483886996,12417.9198363839,12422.0683619417,0.0,5_grid.rds,5.423302087150865,5.595201750443508
5,A1,r5,G01.0,1.0,True,6,20,True,8980.9,12419.1643940512,12416.5369945313,12422.0683619417,0.0,5_grid.rds,5.000156125420483,5.0347902364355805
5,A1,r5,G01.5,1.5,True,7,20,True,8980.9,12419.1643940512,12416.5369945313,12420.6855200891,0.0,5_grid.rds,4.5630494322556645,4.56508314524344
5,A1,r5,G02.0,2.0,True,8,20,True,8980.7,12418.8878256807,12416.5369945313,12420.6855200891,0.0,5_grid.rds,4.214508804650506,4.214508805131181
5,A1,r5,G02.5,2.5,True,9,20,True,8980.65,12418.8186835881,12416.5369945313,12420.6855200891,0.0,5_grid.rds,4.071804375771092,4.071804377356251
5,A1,r5,G03.0,3.0,True,10,20,True,8980.85,12419.0952519586,12417.9198363839,12420.6855200891,0.0,5_grid.rds,4.134543159260174,4.134543160845333
5,A1,r5,G03.5,3.5,True,11,20,True,8980.8,12419.026109866,12416.5369945313,12420.6855200891,0.0,5_grid.rds,4.423632407791888,4.423632409377047
5,A1,r5,G04.0,4.0,True,12,20,True,8980.75,12418.9569677733,12416.5369945313,12420.6855200891,0.0,5_grid.rds,4.991601263451082,4.991601265036241
5,A1,r5,G04.5,4.5,True,13,20,True,8980.65,12418.8186835881,12416.5369945313,12420.6855200891,0.0,5_grid.rds,5.793162754132754,5.793162755717913
5,A1,r5,G05.0,5.0,True,14,20,True,8980.7,12418.8878256807,12416.5369945313,12420.6855200891,0.0,5_grid.rds,6.777245134870102,6.777245136455261
5,A1,r5,G05.5,5.5,True,15,20,True,8981.2,12419.579246607,12417.9198363839,12422.0683619417,0.0,5_grid.rds,7.832244114674555,7.832244116259716
5,A1,r5,G06.0,6.0,True,16,20,True,8980.95,12419.2335361439,12416.5369945313,12420.6855200891,0.0,5_grid.rds,8.870336262125104,8.87033626371026
5,A1,r5,G06.5,6.5,True,17,20,True,8980.95,12419.2335361439,12417.9198363839,12422.0683619417,0.0,5_grid.rds,9.924680245309217,9.924680246894376
5,A1,r5,G07.0,7.0,True,18,20,True,8980.7,12418.8878256807,12416.5369945313,12422.0683619417,0.0,5_grid.rds,10.969525881864728,10.96952588344989
5,A1,r5,G07.5,7.5,True,19,0,False,,,inf,-inf,,5_grid.rds,,
5,A1,r5,G08.0,8.0,True,20,0,False,,,,,,5_grid.rds,,
5,A1,r5,G08.5,8.5,True,21,0,False,,,,,,5_grid.rds,,
5,A1,r5,G09.0,9.0,True,22,0,False,,,,,,5_grid.rds,,
5,A1,r5,G09.5,9.5,True,23,0,False,,,,,,5_grid.rds,,
5,A1,r5,G10.0,10.0,True,24,0,False,,,,,,5_grid.rds,,
5,A1,r5,G10.5,10.5,True,25,0,False,,,,,,5_grid.rds,,
5,A1,r5,G11.0,11.0,True,26,0,False,,,,,,5_grid.rds,,
5,A1,r5,G11.5,11.5,True,27,0,False,,,,,,5_grid.rds,,
5,A1,r5,G12.0,12.0,True,28,0,False,,,,,,5_grid.rds,,
5,A1,r5,G12.5,12.5,True,29,0,False,,,,,,5_grid.rds,,
5,A1,r5,G13.0,13.0,True,30,0,False,,,,,,5_grid.rds,,
5,A1,r5,G13.5,13.5,True,31,0,False,,,,,,5_grid.rds,,
5,A1,r5,G14.0,14.0,True,32,0,False,,,,,,5_grid.rds,,
5,A1,r5,G14.5,14.5,True,33,0,False,,,,,,5_grid.rds,,
5,A1,r5,G15.0,15.0,True,34,0,False,,,,,,5_grid.rds,,
5,A1,r5,CSR,0.0,False,1,20,True,8981.15,12419.5101045144,12416.5369945313,12420.6855200891,0.0,5_main.rds,5.87471017484966,6.379110747340608
5,A1,r5,PD,3.37512988988323,False,2,20,True,8980.8,12419.026109866,12417.9198363839,12420.6855200891,0.0,5_main.rds,4.348298865005205,4.348298866590364
5,A1,r5,NUC,4.1,False,3,20,True,8980.45,12418.5421152176,12416.5369945313,12420.6855200891,0.0,5_main.rds,5.123013464732339,5.123013466317499
6,A2,r1,G00.0,0.0,True,4,20,True,6642.65,8923.9162084919,8923.04298085902,8925.72983511402,0.0,6_grid.rds,4.910203386984893,5.376115658594536
6,A2,r1,G00.5,0.5,True,5,20,True,6642.55,8923.78186577915,8923.04298085902,8925.72983511402,0.0,6_grid.rds,4.52632131499247,4.714232126077075
6,A2,r1,G01.0,1.0,True,6,20,True,6642.7,8923.98337984827,8923.04298085902,8924.38640798652,0.0,6_grid.rds,4.077390838193966,4.12327678704685
6,A2,r1,G01.5,1.5,True,7,20,True,6642.6,8923.84903713552,8923.04298085902,8925.72983511402,0.0,6_grid.rds,3.566298889299196,3.570317470822098
6,A2,r1,G02.0,2.0,True,8,20,True,6642.7,8923.98337984827,8923.04298085902,8924.38640798652,0.0,6_grid.rds,3.1351428115666873,3.1351478572247795
6,A2,r1,G02.5,2.5,True,9,20,True,6642.65,8923.9162084919,8923.04298085902,8925.72983511402,0.0,6_grid.rds,2.786808853296859,2.786808853296859
6,A2,r1,G03.0,3.0,True,10,20,True,6642.55,8923.78186577915,8923.04298085902,8924.38640798652,0.0,6_grid.rds,2.4432915420834296,2.4432915420834296
6,A2,r1,G03.5,3.5,True,11,20,True,6642.75,8924.05055120465,8923.04298085902,8925.72983511402,0.0,6_grid.rds,2.3027392733343923,2.302739273334392
6,A2,r1,G04.0,4.0,True,12,20,True,6642.7,8923.98337984827,8923.04298085902,8925.72983511402,0.0,6_grid.rds,2.3080867793513726,2.308086779351372
6,A2,r1,G04.5,4.5,True,13,20,True,6642.85,8924.1848939174,8923.04298085902,8925.72983511402,0.0,6_grid.rds,2.452497608892703,2.4524976088927035
6,A2,r1,G05.0,5.0,True,14,20,True,6642.8,8924.11772256102,8923.04298085902,8925.72983511402,0.0,6_grid.rds,2.812748258692025,2.8127482586920247
6,A2,r1,G05.5,5.5,True,15,20,True,6642.75,8924.05055120465,8923.04298085902,8924.38640798652,0.0,6_grid.rds,3.3107964511060866,3.310796451106086
6,A2,r1,G06.0,6.0,True,16,20,True,6642.8,8924.11772256102,8923.04298085902,8925.72983511402,0.0,6_grid.rds,3.9645903633694846,3.9645903633694846
6,A2,r1,G06.5,6.5,True,17,20,True,6642.85,8924.1848939174,8923.04298085902,8924.38640798652,0.0,6_grid.rds,4.721694296034151,4.721694296034151
6,A2,r1,G07.0,7.0,True,18,20,True,6642.7,8923.98337984827,8923.04298085902,8925.72983511402,0.0,6_grid.rds,5.554289956999767,5.554289956999767
6,A2,r1,G07.5,7.5,True,19,20,True,6642.65,8923.9162084919,8923.04298085902,8924.38640798652,0.0,6_grid.rds,6.440767218744433,6.440767218744433
6,A2,r1,G08.0,8.0,True,20,20,True,6642.75,8924.05055120465,8923.04298085902,8924.38640798652,0.0,6_grid.rds,7.417797427625052,7.417797427625053
6,A2,r1,G08.5,8.5,True,21,20,True,6642.6,8923.84903713552,8923.04298085902,8925.72983511402,0.0,6_grid.rds,8.460698895228921,8.460698895228921
6,A2,r1,G09.0,9.0,True,22,0,False,,,inf,-inf,,6_grid.rds,,
6,A2,r1,G09.5,9.5,True,23,0,False,,,,,,6_grid.rds,,
6,A2,r1,G10.0,10.0,True,24,0,False,,,,,,6_grid.rds,,
6,A2,r1,G10.5,10.5,True,25,0,False,,,,,,6_grid.rds,,
6,A2,r1,G11.0,11.0,True,26,0,False,,,,,,6_grid.rds,,
6,A2,r1,G11.5,11.5,True,27,0,False,,,,,,6_grid.rds,,
6,A2,r1,G12.0,12.0,True,28,0,False,,,,,,6_grid.rds,,
6,A2,r1,G12.5,12.5,True,29,0,False,,,,,,6_grid.rds,,
6,A2,r1,G13.0,13.0,True,30,0,False,,,,,,6_grid.rds,,
6,A2,r1,G13.5,13.5,True,31,0,False,,,,,,6_grid.rds,,
6,A2,r1,G14.0,14.0,True,32,0,False,,,,,,6_grid.rds,,
6,A2,r1,G14.5,14.5,True,33,0,False,,,,,,6_grid.rds,,
6,A2,r1,G15.0,15.0,True,34,0,False,,,,,,6_grid.rds,,
6,A2,r1,CSR,0.0,False,1,20,True,6642.7,8923.98337984827,8923.04298085902,8924.38640798652,0.0,6_main.rds,4.934027790682428,5.465257873184839
6,A2,r1,PD,3.98156695927087,False,2,20,True,6642.9,8924.25206527377,8923.04298085902,8925.72983511402,0.0,6_main.rds,2.279181284409136,2.2791812844091366
6,A2,r1,NUC,6.3,False,3,20,True,6642.6,8923.84903713552,8923.04298085902,8925.72983511402,0.0,6_main.rds,4.416328709628309,4.416328709628309
7,A2,r2,G00.0,0.0,True,4,20,True,7689.4,8924.1382389598,8922.51343162314,8925.99516163028,0.0,7_grid.rds,4.784123165706388,5.2711445670142005
7,A2,r2,G00.5,0.5,True,5,20,True,7689.35,8924.08021012635,8922.51343162314,8925.99516163028,0.0,7_grid.rds,4.45525141199413,4.655413166253943
7,A2,r2,G01.0,1.0,True,6,20,True,7689.15,8923.84809479254,8922.51343162314,8925.99516163028,0.0,7_grid.rds,3.9256951437564234,3.9765637628685475
7,A2,r2,G01.5,1.5,True,7,20,True,7689.3,8924.0221812929,8922.51343162314,8925.99516163028,0.0,7_grid.rds,3.480312032903502,3.486511975701415
7,A2,r2,G02.0,2.0,True,8,20,True,7689.5,8924.25429662671,8922.51343162314,8925.99516163028,0.0,7_grid.rds,3.013327876055458,3.0133696175166746
7,A2,r2,G02.5,2.5,True,9,20,True,7689.45,8924.19626779326,8922.51343162314,8925.99516163028,0.0,7_grid.rds,2.620508937447411,2.620508937447411
7,A2,r2,G03.0,3.0,True,10,20,True,7689.3,8924.0221812929,8922.51343162314,8925.99516163028,0.0,7_grid.rds,2.3158777808810576,2.3158777808810576
7,A2,r2,G03.5,3.5,True,11,20,True,7689.05,8923.73203712564,8922.51343162314,8924.83458496123,0.0,7_grid.rds,2.0951713113290538,2.095171311329054
7,A2,r2,G04.0,4.0,True,12,20,True,7689.15,8923.84809479254,8922.51343162314,8924.83458496123,0.0,7_grid.rds,2.0173551025999448,2.0173551025999448
7,A2,r2,G04.5,4.5,True,13,20,True,7689.25,8923.96415245945,8922.51343162314,8924.83458496123,0.0,7_grid.rds,2.133081715939792,2.133081715939792
7,A2,r2,G05.0,5.0,True,14,20,True,7689.35,8924.08021012635,8922.51343162314,8925.99516163028,0.0,7_grid.rds,2.395233619757152,2.3952336197571515
7,A2,r2,G05.5,5.5,True,15,20,True,7689.4,8924.1382389598,8922.51343162314,8925.99516163028,0.0,7_grid.rds,2.8445986449665814,2.844598644966581
7,A2,r2,G06.0,6.0,True,16,20,True,7689.45,8924.19626779326,8922.51343162314,8925.99516163028,0.0,7_grid.rds,3.4324076510290085,3.4324076510290085
7,A2,r2,G06.5,6.5,True,17,20,True,7689.5,8924.25429662671,8922.51343162314,8925.99516163028,0.0,7_grid.rds,4.131155282905801,4.131155282905801
7,A2,r2,G07.0,7.0,True,18,20,True,7689.3,8924.0221812929,8922.51343162314,8924.83458496123,0.0,7_grid.rds,4.916444165782011,4.9164441657820115
7,A2,r2,G07.5,7.5,True,19,20,True,7689.15,8923.84809479254,8922.51343162314,8924.83458496123,0.0,7_grid.rds,5.769116527957775,5.769116527957775
7,A2,r2,G08.0,8.0,True,20,20,True,7689.3,8924.0221812929,8922.51343162314,8924.83458496123,0.0,7_grid.rds,6.69293724375171,6.692937243751709
7,A2,r2,G08.5,8.5,True,21,20,True,7689.4,8924.1382389598,8922.51343162314,8925.99516163028,0.0,7_grid.rds,7.713627683610275,7.713627683610273
7,A2,r2,G09.0,9.0,True,22,0,False,,,inf,-inf,,7_grid.rds,,
7,A2,r2,G09.5,9.5,True,23,0,False,,,,,,7_grid.rds,,
7,A2,r2,G10.0,10.0,True,24,0,False,,,,,,7_grid.rds,,
7,A2,r2,G10.5,10.5,True,25,0,False,,,,,,7_grid.rds,,
7,A2,r2,G11.0,11.0,True,26,0,False,,,,,,7_grid.rds,,
7,A2,r2,G11.5,11.5,True,27,0,False,,,,,,7_grid.rds,,
7,A2,r2,G12.0,12.0,True,28,0,False,,,,,,7_grid.rds,,
7,A2,r2,G12.5,12.5,True,29,0,False,,,,,,7_grid.rds,,
7,A2,r2,G13.0,13.0,True,30,0,False,,,,,,7_grid.rds,,
7,A2,r2,G13.5,13.5,True,31,0,False,,,,,,7_grid.rds,,
7,A2,r2,G14.0,14.0,True,32,0,False,,,,,,7_grid.rds,,
7,A2,r2,G14.5,14.5,True,33,0,False,,,,,,7_grid.rds,,
7,A2,r2,G15.0,15.0,True,34,0,False,,,,,,7_grid.rds,,
7,A2,r2,CSR,0.0,False,1,20,True,7689.55,8924.31232546016,8922.51343162314,8924.83458496123,0.0,7_main.rds,4.814774744373195,5.290455663555228
7,A2,r2,PD,3.98156695927087,False,2,20,True,7689.5,8924.25429662671,8922.51343162314,8924.83458496123,0.0,7_main.rds,2.005985549249923,2.0059855492499232
7,A2,r2,NUC,6.3,False,3,20,True,7689.2,8923.90612362599,8922.51343162314,8924.83458496123,0.0,7_main.rds,3.8363935654996872,3.8363935654996877
8,A2,r3,G00.0,0.0,True,4,20,True,6109.5,8923.88007929144,8921.68909473968,8926.07106384319,0.0,8_grid.rds,4.766487796410228,5.353217469236177
8,A2,r3,G00.5,0.5,True,5,20,True,6109.65,8924.09917774661,8923.14975110752,8926.07106384319,0.0,8_grid.rds,4.281143480974521,4.47268335490401
8,A2,r3,G01.0,1.0,True,6,20,True,6109.6,8924.02614492822,8921.68909473968,8926.07106384319,0.0,8_grid.rds,3.7898081512445914,3.841206082403879
8,A2,r3,G01.5,1.5,True,7,20,True,6109.5,8923.88007929144,8921.68909473968,8926.07106384319,0.0,8_grid.rds,3.3046405705280084,3.31059566058138
8,A2,r3,G02.0,2.0,True,8,20,True,6109.45,8923.80704647304,8921.68909473968,8926.07106384319,0.0,8_grid.rds,2.9015027891761016,2.9015428016964657
8,A2,r3,G02.5,2.5,True,9,20,True,6109.85,8924.39130902018,8921.68909473968,8926.07106384319,0.0,8_grid.rds,2.487756468153653,2.4877564681536533
8,A2,r3,G03.0,3.0,True,10,20,True,6109.45,8923.80704647304,8921.68909473968,8926.07106384319,0.0,8_grid.rds,2.1594182770534425,2.159418277053442
8,A2,r3,G03.5,3.5,True,11,20,True,6109.55,8923.95311210983,8921.68909473968,8926.07106384319,0.0,8_grid.rds,1.9394993093302604,1.9394993093302604
8,A2,r3,G04.0,4.0,True,12,20,True,6109.6,8924.02614492822,8923.14975110752,8926.07106384319,0.0,8_grid.rds,1.8999945165375478,1.899994516537548
8,A2,r3,G04.5,4.5,True,13,20,True,6109.65,8924.09917774661,8923.14975110752,8926.07106384319,0.0,8_grid.rds,1.9921596040767562,1.9921596040767562
8,A2,r3,G05.0,5.0,True,14,20,True,6109.6,8924.02614492822,8921.68909473968,8926.07106384319,0.0,8_grid.rds,2.2493641677094494,2.24936416770945
8,A2,r3,G05.5,5.5,True,15,20,True,6109.75,8924.2452433834,8921.68909473968,8926.07106384319,0.0,8_grid.rds,2.727173782414849,2.727173782414849
8,A2,r3,G06.0,6.0,True,16,20,True,6109.4,8923.73401365465,8921.68909473968,8926.07106384319,0.0,8_grid.rds,3.3113145926442487,3.311314592644249
8,A2,r3,G06.5,6.5,True,17,20,True,6109.8,8924.31827620179,8921.68909473968,8926.07106384319,0.0,8_grid.rds,4.007537234450552,4.007537234450552
8,A2,r3,G07.0,7.0,True,18,20,True,6109.5,8923.88007929144,8921.68909473968,8926.07106384319,0.0,8_grid.rds,4.789175422527835,4.789175422527835
8,A2,r3,G07.5,7.5,True,19,20,True,6109.55,8923.95311210983,8923.14975110752,8924.61040747535,0.0,8_grid.rds,5.633634654502319,5.633634654502318
8,A2,r3,G08.0,8.0,True,20,20,True,6109.4,8923.73401365465,8921.68909473968,8926.07106384319,0.0,8_grid.rds,6.534533171027176,6.534533171027177
8,A2,r3,G08.5,8.5,True,21,20,True,6109.25,8923.51491519948,8921.68909473968,8926.07106384319,0.0,8_grid.rds,7.547636963608817,7.547636963608817
8,A2,r3,G09.0,9.0,True,22,0,False,,,inf,-inf,,8_grid.rds,,
8,A2,r3,G09.5,9.5,True,23,0,False,,,,,,8_grid.rds,,
8,A2,r3,G10.0,10.0,True,24,0,False,,,,,,8_grid.rds,,
8,A2,r3,G10.5,10.5,True,25,0,False,,,,,,8_grid.rds,,
8,A2,r3,G11.0,11.0,True,26,0,False,,,,,,8_grid.rds,,
8,A2,r3,G11.5,11.5,True,27,0,False,,,,,,8_grid.rds,,
8,A2,r3,G12.0,12.0,True,28,0,False,,,,,,8_grid.rds,,
8,A2,r3,G12.5,12.5,True,29,0,False,,,,,,8_grid.rds,,
8,A2,r3,G13.0,13.0,True,30,0,False,,,,,,8_grid.rds,,
8,A2,r3,G13.5,13.5,True,31,0,False,,,,,,8_grid.rds,,
8,A2,r3,G14.0,14.0,True,32,0,False,,,,,,8_grid.rds,,
8,A2,r3,G14.5,14.5,True,33,0,False,,,,,,8_grid.rds,,
8,A2,r3,G15.0,15.0,True,34,0,False,,,,,,8_grid.rds,,
8,A2,r3,CSR,0.0,False,1,20,True,6109.65,8924.09917774661,8921.68909473968,8926.07106384319,0.0,8_main.rds,4.753614438552127,5.308608964263654
8,A2,r3,PD,3.98156695927087,False,2,20,True,6109.7,8924.172210565,8921.68909473968,8926.07106384319,0.0,8_main.rds,1.892698680731536,1.892698680731536
8,A2,r3,NUC,6.3,False,3,20,True,6109.6,8924.02614492822,8921.68909473968,8926.07106384319,0.0,8_main.rds,3.717779917319764,3.7177799173197634
9,A2,r4,G00.0,0.0,True,4,20,True,8665.9,8924.02824109696,8923.10143310045,8924.13121976324,0.0,9_grid.rds,12.292799134729458,12.78750497959476
9,A2,r4,G00.5,0.5,True,5,20,True,8665.95,8924.0797304301,8923.10143310045,8924.13121976324,0.0,9_grid.rds,11.851735427231107,12.059509406380538
9,A2,r4,G01.0,1.0,True,6,20,True,8665.8,8923.92526243068,8923.10143310045,8924.13121976324,0.0,9_grid.rds,11.35915077667506,11.414716960347409
9,A2,r4,G01.5,1.5,True,7,20,True,8665.8,8923.92526243068,8923.10143310045,8924.13121976324,0.0,9_grid.rds,10.913056941329828,10.919757374204844
9,A2,r4,G02.0,2.0,True,8,20,True,8665.8,8923.92526243068,8923.10143310045,8924.13121976324,0.0,9_grid.rds,10.499859593949996,10.499925484169353
9,A2,r4,G02.5,2.5,True,9,20,True,8666.0,8924.13121976324,8924.13121976324,8924.13121976324,0.0,9_grid.rds,10.080739540985174,10.080739540985174
9,A2,r4,G03.0,3.0,True,10,20,True,8665.8,8923.92526243068,8923.10143310045,8924.13121976324,0.0,9_grid.rds,9.833109032582673,9.833109032582671
9,A2,r4,G03.5,3.5,True,11,20,True,8665.7,8923.82228376441,8923.10143310045,8924.13121976324,0.0,9_grid.rds,9.668225776915952,9.668225776915952
9,A2,r4,G04.0,4.0,True,12,20,True,8665.85,8923.97675176382,8923.10143310045,8924.13121976324,0.0,9_grid.rds,9.702560496373618,9.702560496373618
9,A2,r4,G04.5,4.5,True,13,20,True,8665.9,8924.02824109696,8923.10143310045,8924.13121976324,0.0,9_grid.rds,10.018090422430491,10.018090422430491
9,A2,r4,G05.0,5.0,True,14,20,True,8665.8,8923.92526243068,8923.10143310045,8924.13121976324,0.0,9_grid.rds,10.492317848951442,10.492317848951442
9,A2,r4,G05.5,5.5,True,15,20,True,8665.8,8923.92526243068,8923.10143310045,8924.13121976324,0.0,9_grid.rds,11.209585532637195,11.209585532637195
9,A2,r4,G06.0,6.0,True,16,20,True,8665.85,8923.97675176382,8923.10143310045,8924.13121976324,0.0,9_grid.rds,12.08942100508921,12.089421005089209
9,A2,r4,G06.5,6.5,True,17,20,True,8665.85,8923.97675176382,8923.10143310045,8924.13121976324,0.0,9_grid.rds,13.108465243215136,13.108465243215134
9,A2,r4,G07.0,7.0,True,18,20,True,8665.85,8923.97675176382,8923.10143310045,8924.13121976324,0.0,9_grid.rds,14.158143129285557,14.158143129285559
9,A2,r4,G07.5,7.5,True,19,20,True,8665.8,8923.92526243068,8923.10143310045,8924.13121976324,0.0,9_grid.rds,15.254146358291711,15.254146358291713
9,A2,r4,G08.0,8.0,True,20,20,True,8665.95,8924.0797304301,8923.10143310045,8924.13121976324,0.0,9_grid.rds,16.357122194949227,16.357122194949227
9,A2,r4,G08.5,8.5,True,21,4,False,8665.75,8923.87377309754,8923.10143310045,8924.13121976324,0.0,9_grid.rds,17.54131794736336,17.54131794736336
9,A2,r4,G09.0,9.0,True,22,0,False,,,,,,9_grid.rds,,
9,A2,r4,G09.5,9.5,True,23,0,False,,,,,,9_grid.rds,,
9,A2,r4,G10.0,10.0,True,24,0,False,,,,,,9_grid.rds,,
9,A2,r4,G10.5,10.5,True,25,0,False,,,,,,9_grid.rds,,
9,A2,r4,G11.0,11.0,True,26,0,False,,,,,,9_grid.rds,,
9,A2,r4,G11.5,11.5,True,27,0,False,,,,,,9_grid.rds,,
9,A2,r4,G12.0,12.0,True,28,0,False,,,,,,9_grid.rds,,
9,A2,r4,G12.5,12.5,True,29,0,False,,,,,,9_grid.rds,,
9,A2,r4,G13.0,13.0,True,30,0,False,,,,,,9_grid.rds,,
9,A2,r4,G13.5,13.5,True,31,0,False,,,,,,9_grid.rds,,
9,A2,r4,G14.0,14.0,True,32,0,False,,,,,,9_grid.rds,,
9,A2,r4,G14.5,14.5,True,33,0,False,,,,,,9_grid.rds,,
9,A2,r4,G15.0,15.0,True,34,0,False,,,,,,9_grid.rds,,
9,A2,r4,CSR,0.0,False,1,20,True,8665.8,8923.92526243068,8923.10143310045,8924.13121976324,0.0,9_main.rds,12.371096796898028,12.900202938113623
9,A2,r4,PD,3.98156695927087,False,2,20,True,8665.8,8923.92526243068,8923.10143310045,8924.13121976324,0.0,9_main.rds,9.702027443088824,9.702027443088825
9,A2,r4,NUC,6.3,False,3,20,True,8665.85,8923.97675176382,8923.10143310045,8924.13121976324,0.0,9_main.rds,12.70680763085104,12.70680763085104
