archetype,roi_id,role,r,g_ref,g_ring,g_kern_none,g_kern_renorm,g_kern_reflect,g_kern_yflip
A1,r1,primary,0.0,0.0,,0.0,0.0,0.0,0.0
A1,r1,primary,0.5,0.0003350699343011,0.0,0.0002371842275014689,0.0003158398355471767,0.0002371842275014689,0.00012829515731992302
A1,r1,primary,1.0,0.0082440010173711,0.0,0.007702897509053535,0.008209446349550814,0.007702897509053535,0.008897457514243251
A1,r1,primary,1.5,0.0469924424092277,0.0,0.046823255431836436,0.046823255431836436,0.046823255431836436,0.05359614345283703
A1,r1,primary,2.0,0.167396537931698,0.05739811407141692,0.16701432017840676,0.16701432017840676,0.16701432017840676,0.18734428165118605
A1,r1,primary,2.5,0.419019148473689,0.24650799997523337,0.4185490033160258,0.4185490033160258,0.4185490033160258,0.4677282480439943
A1,r1,primary,3.0,0.819821772677221,0.7223844504362109,0.8198982520994286,0.8198982520994286,0.8198982520994286,0.9087048015279444
A1,r1,primary,3.5,1.27244045168993,1.3281451459804572,1.2728209084020474,1.2728209084020474,1.2728209084020474,1.4070907675568232
A1,r1,primary,4.0,1.65456763720864,1.9809461918327764,1.6555233172720645,1.6555233172720645,1.6555233172720645,1.8349670743683144
A1,r1,primary,4.5,1.8605166398966,1.9905312433547955,1.8614605939026667,1.8614605939026667,1.8614605939026667,2.075114566786158
A1,r1,primary,5.0,1.87462885421454,1.9484600548264595,1.8751154935354342,1.8751154935354342,1.8751154935354342,2.1051735269183274
A1,r1,primary,5.5,1.77447167164955,1.7468166005429255,1.7747396048392936,1.7747396048392936,1.7747396048392936,2.0061808308077524
A1,r1,primary,6.0,1.66058133526633,1.5890819078823315,1.6607341785778733,1.6607341785778733,1.6607341785778733,1.8785629470959428
A1,r1,primary,6.5,1.58042466283714,1.589308960056068,1.5805504954178933,1.5805504954178933,1.5805504954178933,1.7847391008583173
A1,r1,primary,7.0,1.54630709328809,1.4981164585940385,1.5465739761344486,1.5465739761344486,1.5465739761344486,1.7459672344065378
A1,r1,primary,7.5,1.52245280686087,1.5351302465580698,1.5226924234503074,1.5226924234503074,1.5226924234503074,1.718827480329302
A1,r1,primary,8.0,1.50613385181907,1.5523927564661932,1.5065659128277242,1.5065659128277242,1.5065659128277242,1.7050157723140622
A1,r1,primary,8.5,1.49651377454794,1.4235250843255194,1.496776796722904,1.496776796722904,1.496776796722904,1.6950397523584817
A1,r1,primary,9.0,1.48286034611199,1.5210479553632865,1.4830589846611106,1.4830589846611106,1.4830589846611106,1.6784920082521682
A1,r1,primary,9.5,1.46945368725167,1.4743720096562,1.4697421885502078,1.4697421885502078,1.4697421885502078,1.6597230383298631
A1,r1,primary,10.0,1.46419491485673,1.4702809050034982,1.4644540306898441,1.4644540306898441,1.4644540306898441,1.6514790736140976
A1,r1,primary,10.5,1.44832153082921,1.4201856566091258,1.4485221971139266,1.4485221971139266,1.4485221971139266,1.63006991563693
A1,r1,primary,11.0,1.42593931011421,1.4510958733912762,1.4261568437038292,1.4261568437038292,1.4261568437038292,1.6061328636592294
A1,r1,primary,11.5,1.40425228561202,1.4362129184828376,1.404559325139999,1.404559325139999,1.404559325139999,1.5815649491166384
A1,r1,primary,12.0,1.38210416145728,1.3342429955312316,1.382332190536578,1.382332190536578,1.382332190536578,1.5562765171625963
A1,r1,primary,12.5,1.36417984982057,1.3539962441487317,1.3642841998286765,1.3642841998286765,1.3642841998286765,1.5346021974873778
A1,r1,primary,13.0,1.36183451979769,1.3567400784030723,1.3619255637925032,1.3619255637925032,1.3619255637925032,1.528721946259897
A1,r1,primary,13.5,1.37049909436522,1.3672388128200303,1.3707031689138889,1.3707031689138889,1.3707031689138889,1.5333216607753033
A1,r1,primary,14.0,1.37300822412585,1.4018706872783255,1.3731686341702352,1.3731686341702352,1.3731686341702352,1.5323304515121703
A1,r1,primary,14.5,1.36632763132629,1.3592513151074552,1.3664911889449465,1.3664911889449465,1.3664911889449465,1.5235260583711392
A1,r1,primary,15.0,1.35134077599863,1.3592821284525078,1.351521758046052,1.351521758046052,1.351521758046052,1.5062025944629773
A1,r1,primary,15.5,1.33713499459032,1.3257629245284634,1.3372691571541073,1.3372691571541073,1.3372691571541073,1.4912852928530067
A1,r1,primary,16.0,1.32993059826255,1.317955428249181,1.3300816959969337,1.3300816959969337,1.3300816959969337,1.482091263537966
A1,r1,primary,16.5,1.32485965995381,1.340595914206609,1.3250237323576755,1.3250237323576755,1.3250237323576755,1.4721145226558547
A1,r1,primary,17.0,1.320279789604,1.3304765894160293,1.320515318696849,1.320515318696849,1.320515318696849,1.4632906612136687
A1,r1,primary,17.5,1.31183529590067,1.300111255581101,1.3119495320596337,1.3119495320596337,1.3119495320596337,1.450940679460302
A1,r1,primary,18.0,1.30630570486372,1.2908033178576959,1.3064795086303753,1.3064795086303753,1.3064795086303753,1.4468748921902164
A1,r1,primary,18.5,1.30293710921989,1.3062285650518837,1.3031410007143085,1.3031410007143085,1.3031410007143085,1.4468141625784046
A1,r1,primary,19.0,1.29493585304374,1.3221575488588977,1.2950511596324952,1.2950511596324952,1.2950511596324952,1.438725450141938
A1,r1,primary,19.5,1.2892573707715,1.2953433758848836,1.2894141401701193,1.2894141401701193,1.2894141401701193,1.4305500849674813
A1,r1,primary,20.0,1.28082411919488,1.2441441158991475,1.2809278013084033,1.2809278013084033,1.2809278013084033,1.4169191223728463
A1,r1,primary,20.5,1.2719429375684,1.2916461492062699,1.2720510247749457,1.2720510247749457,1.2720510247749457,1.4022487530527958
A1,r1,primary,21.0,1.26831077895064,1.2606662827665815,1.2684400993571356,1.2684400993571356,1.2684400993571356,1.3954324858566338
A1,r1,primary,21.5,1.26323911514909,1.2586416939641505,1.2633511199694085,1.2633511199694085,1.2633511199694085,1.3932565916753483
A1,r1,primary,22.0,1.2524747858226,1.2758623134624643,1.2525860546601735,1.2525860546601735,1.2525860546601735,1.3853151545053473
A1,r1,primary,22.5,1.24338963128637,1.2273799502032399,1.2435509827349767,1.2435509827349767,1.2435509827349767,1.3797255696042572
A1,r1,primary,23.0,1.23912672514722,1.236945216944425,1.2392765534059056,1.2392765534059056,1.2392765534059056,1.3742479587717649
A1,r1,primary,23.5,1.23664495224222,1.228013677839805,1.2367796096587333,1.2367796096587333,1.2367796096587333,1.3689563923569543
A1,r1,primary,24.0,1.23326561185365,1.243782715126639,1.2333525873143134,1.2333525873143134,1.2333525873143134,1.360759959327178
A1,r1,primary,24.5,1.23427805845133,1.236145350986327,1.2344326421559677,1.2344326421559677,1.2344326421559677,1.360303249128453
A1,r1,primary,25.0,1.23292191579462,1.2174164009687543,1.2330536474329157,1.2330536474329157,1.2330536474329157,1.3585256124798777
A1,r1,primary,25.5,1.22595119989273,1.246075760554202,1.2260884279305089,1.2260884279305089,1.2260884279305089,1.3516699689927576
A1,r1,primary,26.0,1.21987360773626,1.2416871843317252,1.220074063498099,1.220074063498099,1.220074063498099,1.3456912161430918
A1,r1,primary,26.5,1.21086043623019,1.1952265183961586,1.211022224655519,1.211022224655519,1.211022224655519,1.3381902324925805
A1,r1,primary,27.0,1.19938563802712,1.1981226773969125,1.1994606234903886,1.1994606234903886,1.1994606234903886,1.3260330694917462
A1,r1,primary,27.5,1.1951603832004,1.1812989576582273,1.1952884451962185,1.1952884451962185,1.1952884451962185,1.3222869585527133
A1,r1,primary,28.0,1.19222917389645,1.1989831593710139,1.1923111214871567,1.1923111214871567,1.1923111214871567,1.3185666178879754
A1,r1,primary,28.5,1.18850652637546,1.1895278654570733,1.1886209259156666,1.1886209259156666,1.1886209259156666,1.3121126255557718
A1,r1,primary,29.0,1.18633815489209,1.179026097172492,1.186426137685788,1.186426137685788,1.186426137685788,1.308659566528327
A1,r1,primary,29.5,1.18276141391916,1.1803309151018038,1.1828766376686126,1.1828766376686126,1.1828766376686126,1.3058673768506948
A1,r1,primary,30.0,1.17291510550564,1.1860243800039303,1.1732638459634988,1.1732638459634988,1.1732638459634988,1.2936615979482433
A1,r1,secondary,0.0,3.9943285450347e-17,,0.0,0.0,0.0,0.0
A1,r1,secondary,0.5,8.70494481534456e-17,0.0,0.0,0.0,0.0,0.0
A1,r1,secondary,1.0,0.0,0.0,0.0,0.0,0.0,0.0
A1,r1,secondary,1.5,0.0021868780477158,0.0,0.0021601719975375233,0.0021601719975375233,0.0021601719975375233,0.003116703662497049
A1,r1,secondary,2.0,0.0346070309573766,0.0,0.03421604406598115,0.03421604406598115,0.03421604406598115,0.040869670339740385
A1,r1,secondary,2.5,0.193686657790487,0.0,0.19302095369168323,0.19302095369168323,0.19302095369168323,0.2130671670314536
A1,r1,secondary,3.0,0.592663606384691,0.2313865378574032,0.5925905238924489,0.5925905238924489,0.5925905238924489,0.6358920425558163
A1,r1,secondary,3.5,1.19620374259978,0.9674376849382598,1.1963970315459407,1.1963970315459407,1.1963970315459407,1.3009719210178565
A1,r1,secondary,4.0,1.81634766252262,2.276563896348747,1.8173057694980057,1.8173057694980057,1.8173057694980057,1.9978909035441532
A1,r1,secondary,4.5,2.2332914829871,2.7281437687948324,2.234382543217459,2.234382543217459,2.234382543217459,2.4877485633608933
A1,r1,secondary,5.0,2.33597466315115,2.506583004698829,2.336765873091162,2.336765873091162,2.336765873091162,2.641097800170087
A1,r1,secondary,5.5,2.18120466688028,2.042865219314096,2.182041568894906,2.182041568894906,2.182041568894906,2.5009221367431698
A1,r1,secondary,6.0,1.93564303720808,1.8663921529356322,1.935469903018705,1.935469903018705,1.935469903018705,2.2136182150083776
A1,r1,secondary,6.5,1.7747218265116,1.7545944331605987,1.7746145268929017,1.7746145268929017,1.7746145268929017,2.018256304208485
A1,r1,secondary,7.0,1.69021325324098,1.5291268288064408,1.6902044877886704,1.6902044877886704,1.6902044877886704,1.9004089409720804
A1,r1,secondary,7.5,1.63415863446409,1.7799966792147994,1.6341284653195658,1.6341284653195658,1.6341284653195658,1.8245316678201164
A1,r1,secondary,8.0,1.59483211823803,1.5904492579607128,1.594809939281077,1.594809939281077,1.594809939281077,1.778964120948517
A1,r1,secondary,8.5,1.5800921488378,1.5337615993820344,1.580256031509666,1.580256031509666,1.580256031509666,1.7674825987781062
A1,r1,secondary,9.0,1.56217902559369,1.4776756346957887,1.5624827298945791,1.5624827298945791,1.5624827298945791,1.748689951395101
A1,r1,secondary,9.5,1.56219919231226,1.645931470338956,1.5625335442931572,1.5625335442931572,1.5625335442931572,1.7543052282615526
A1,r1,secondary,10.0,1.56710870511072,1.6009801907662646,1.567345718099888,1.567345718099888,1.567345718099888,1.7531299273425438
A1,r1,secondary,10.5,1.56038974733442,1.5268996646351118,1.5607096968790504,1.5607096968790504,1.5607096968790504,1.7418640763429385
A1,r1,secondary,11.0,1.52989358256474,1.5280602453464387,1.5301074385103943,1.5301074385103943,1.5301074385103943,1.70247421608227
A1,r1,secondary,11.5,1.50891764768206,1.522773808115207,1.5094411650248103,1.5094411650248103,1.5094411650248103,1.67240429370732
A1,r1,secondary,12.0,1.48741678394012,1.501513691948848,1.4877382348817214,1.4877382348817214,1.4877382348817214,1.6480879878917787
A1,r1,secondary,12.5,1.46883666228896,1.424752744096478,1.4690282307271478,1.4690282307271478,1.4690282307271478,1.6396374398974969
A1,r1,secondary,13.0,1.46932084993486,1.4660425866486453,1.469293844164481,1.469293844164481,1.469293844164481,1.6485026373738214
A1,r1,secondary,13.5,1.48363087587538,1.4970597015215237,1.4838005584806284,1.4838005584806284,1.4838005584806284,1.6674448414470955
A1,r1,secondary,14.0,1.47871869503105,1.4981887939395002,1.4789047922315495,1.4789047922315495,1.4789047922315495,1.6556406607267982
A1,r1,secondary,14.5,1.45142731220653,1.507273760403859,1.4514596299142943,1.4514596299142943,1.4514596299142943,1.608657493920068
A1,r1,secondary,15.0,1.41190332072341,1.4021658220533992,1.4120717720062084,1.4120717720062084,1.4120717720062084,1.557343771490188
A1,r1,secondary,15.5,1.36588909057375,1.2922195555861926,1.3659398997036165,1.3659398997036165,1.3659398997036165,1.5039622429162882
A1,r1,secondary,16.0,1.34529714435591,1.3534223532389462,1.3454417980384372,1.3454417980384372,1.3454417980384372,1.477319017552573
A1,r1,secondary,16.5,1.34880025427509,1.3392799785854812,1.3488783241803863,1.3488783241803863,1.3488783241803863,1.4788567565729975
A1,r1,secondary,17.0,1.3593248948569,1.376246343691432,1.359414656946413,1.359414656946413,1.359414656946413,1.4874782606764723
A1,r1,secondary,17.5,1.36579815267045,1.369125960235359,1.3659441657616718,1.3659441657616718,1.3659441657616718,1.488030050088168
A1,r1,secondary,18.0,1.37671149285707,1.379645030250922,1.3768669022033457,1.3768669022033457,1.3768669022033457,1.5068376572318007
A1,r1,secondary,18.5,1.37567945955896,1.3291754679742989,1.3758875610578736,1.3758875610578736,1.3758875610578736,1.511452522332906
A1,r1,secondary,19.0,1.36022603062161,1.440845648861287,1.36031485840219,1.36031485840219,1.36031485840219,1.490021183320584
A1,r1,secondary,19.5,1.35043199043784,1.351142411489115,1.3504766598951539,1.3504766598951539,1.3504766598951539,1.481898688430384
A1,r1,secondary,20.0,1.34781347444379,1.262845944917531,1.348067032991402,1.348067032991402,1.348067032991402,1.4806298136207925
A1,r1,secondary,20.5,1.3349863750741,1.3795873646888188,1.3352320219835787,1.3352320219835787,1.3352320219835787,1.4603211898600184
A1,r1,secondary,21.0,1.32310763490479,1.3606173425372048,1.323280693200422,1.323280693200422,1.323280693200422,1.4452383163992046
A1,r1,secondary,21.5,1.31110324295911,1.29859236279032,1.3112010258818816,1.3112010258818816,1.3112010258818816,1.4299391214013388
A1,r1,secondary,22.0,1.28762484187455,1.247347745815687,1.287668279842678,1.287668279842678,1.287668279842678,1.4030641403894941
A1,r1,secondary,22.5,1.26976437994357,1.3117003448524096,1.2698895462369957,1.2698895462369957,1.2698895462369957,1.383067771781952
A1,r1,secondary,23.0,1.26524302786194,1.2487702498615572,1.2652541153696943,1.2652541153696943,1.2652541153696943,1.3736353566575998
A1,r1,secondary,23.5,1.26583063453095,1.2485847480980465,1.265939371848096,1.265939371848096,1.265939371848096,1.3678593189665464
A1,r1,secondary,24.0,1.26145196066368,1.2670429027691839,1.2614923734756944,1.2614923734756944,1.2614923734756944,1.3589493166555962
A1,r1,secondary,24.5,1.26835404696672,1.2642561995686359,1.2685371649349728,1.2685371649349728,1.2685371649349728,1.3635328592631173
A1,r1,secondary,25.0,1.27025435360978,1.265036773023672,1.2704147201380334,1.2704147201380334,1.2704147201380334,1.3640361585025644
A1,r1,secondary,25.5,1.26028595339833,1.2847959781503633,1.260419169766341,1.260419169766341,1.260419169766341,1.353476680907728
A1,r1,secondary,26.0,1.24594770043959,1.2562518829911387,1.2460547322446236,1.2460547322446236,1.2460547322446236,1.3438211908880027
A1,r1,secondary,26.5,1.23445760253019,1.2124876611643869,1.2345726022973886,1.2345726022973886,1.2345726022973886,1.34073948629421
A1,r1,secondary,27.0,1.22484341300201,1.2200283627816644,1.224965660712257,1.224965660712257,1.224965660712257,1.338109974019202
A1,r1,secondary,27.5,1.2161426594712,1.222914824911366,1.2163032410001409,1.2163032410001409,1.2163032410001409,1.3286454530702154
A1,r1,secondary,28.0,1.21385777825023,1.2168226463922034,1.2140532337325274,1.2140532337325274,1.2140532337325274,1.3175739811946718
A1,r1,secondary,28.5,1.20805013828404,1.206724384450943,1.20815195010417,1.20815195010417,1.20815195010417,1.3026957252132694
A1,r1,secondary,29.0,1.20890474941466,1.2044887318417392,1.2089663761918832,1.2089663761918832,1.2089663761918832,1.2992306022678843
A1,r1,secondary,29.5,1.2108692902603,1.2108538298788218,1.2110959864181607,1.2110959864181607,1.2110959864181607,1.3043613319846536
A1,r1,secondary,30.0,1.19853688892359,1.2386499770686075,1.1988961397369264,1.1988961397369264,1.1988961397369264,1.294986427022516
A1,r2,primary,0.0,0.0,,0.0,0.0,0.0,0.0
A1,r2,primary,0.5,8.75629541756618e-05,0.0,5.239418408980057e-05,7.045582565496898e-05,5.239418408980057e-05,0.0
A1,r2,primary,1.0,0.0045664436230726,0.0,0.0040357454994485245,0.004341728594566529,0.0040357454994485245,0.00474487000651247
A1,r2,primary,1.5,0.043704127123044,0.0,0.04348472121035072,0.04348472121035072,0.04348472121035072,0.06494238913955412
A1,r2,primary,2.0,0.165643548438625,0.02253777336524409,0.16497567815899186,0.16497567815899186,0.16497567815899186,0.24486866362170148
A1,r2,primary,2.5,0.423538954674288,0.26062867624817965,0.42291748903234294,0.42291748903234294,0.42291748903234294,0.6309955458738606
A1,r2,primary,3.0,0.811105744445532,0.6722908806924129,0.8109578634624279,0.8109578634624279,0.8109578634624279,1.205236078586814
A1,r2,primary,3.5,1.23974844587886,1.3728410048787336,1.2397575715373843,1.2397575715373843,1.2397575715373843,1.8110853488033323
A1,r2,primary,4.0,1.59812047642997,1.8950586614073153,1.5984117074881024,1.5984117074881024,1.5984117074881024,2.296898484920916
A1,r2,primary,4.5,1.8075473612013,1.9297616348653142,1.808269846628903,1.808269846628903,1.808269846628903,2.5670246959081005
A1,r2,primary,5.0,1.83695662122244,1.9004458129184993,1.8371429350500084,1.8371429350500084,1.8371429350500084,2.5836981369513574
A1,r2,primary,5.5,1.76448609722422,1.8066405081570205,1.764199669255494,1.764199669255494,1.764199669255494,2.4673705579520315
A1,r2,primary,6.0,1.67757481384346,1.5679505439994688,1.6772954807033185,1.6772954807033185,1.6772954807033185,2.354641854750205
A1,r2,primary,6.5,1.60809505968544,1.5869140755000115,1.6075188913970178,1.6075188913970178,1.6075188913970178,2.257859736306071
A1,r2,primary,7.0,1.56495509529011,1.5886107996589012,1.5643943377150105,1.5643943377150105,1.5643943377150105,2.188661900783981
A1,r2,primary,7.5,1.54687634171886,1.5497642139312138,1.5464955653341022,1.5464955653341022,1.5464955653341022,2.149094041002188
A1,r2,primary,8.0,1.52339418943123,1.4914771237734332,1.5228725969110883,1.5228725969110883,1.5228725969110883,2.1119927662607356
A1,r2,primary,8.5,1.50250868257341,1.5061755385025006,1.5020247155200357,1.5020247155200357,1.5020247155200357,2.080620050780689
A1,r2,primary,9.0,1.48676362532059,1.4583564799873787,1.486442918438609,1.486442918438609,1.486442918438609,2.0638115164027626
A1,r2,primary,9.5,1.46733585352979,1.5171046992898611,1.4668810233091518,1.4668810233091518,1.4668810233091518,2.0366982250687884
A1,r2,primary,10.0,1.4549524498382,1.451472605050378,1.45442729019066,1.45442729019066,1.45442729019066,2.0139064397022666
A1,r2,primary,10.5,1.44927829007352,1.3722709617930846,1.4488641746129594,1.4488641746129594,1.4488641746129594,1.9915377318816883
A1,r2,primary,11.0,1.44764355514526,1.4948083490803916,1.4471070335314504,1.4471070335314504,1.4471070335314504,1.9795569375111093
A1,r2,primary,11.5,1.45318395419484,1.454987790674083,1.4528001971067392,1.4528001971067392,1.4528001971067392,1.9828649425336549
A1,r2,primary,12.0,1.46147275402428,1.4671899494010703,1.461203852442096,1.461203852442096,1.461203852442096,1.9901924302868421
A1,r2,primary,12.5,1.45393011190729,1.4396963641702691,1.4536354319544866,1.4536354319544866,1.4536354319544866,1.9742845064889285
A1,r2,primary,13.0,1.44150361054153,1.4761924374194297,1.4410278123762261,1.4410278123762261,1.4410278123762261,1.9552773407000732
A1,r2,primary,13.5,1.42688528499593,1.4152460524063162,1.426414463798877,1.426414463798877,1.426414463798877,1.9266619050762555
A1,r2,primary,14.0,1.41541809885521,1.3857836310928886,1.4148961053011304,1.4148961053011304,1.4148961053011304,1.916243350397099
A1,r2,primary,14.5,1.40882673933338,1.4140281529372578,1.4084538647611347,1.4084538647611347,1.4084538647611347,1.9131367495208824
A1,r2,primary,15.0,1.40732726876449,1.391263536127666,1.4068239282564805,1.4068239282564805,1.4068239282564805,1.9098868456852085
A1,r2,primary,15.5,1.40485718506363,1.4355745918048541,1.4044579047170835,1.4044579047170835,1.4044579047170835,1.9009443608392411
A1,r2,primary,16.0,1.39774941309486,1.4027589272571688,1.3973035925340112,1.3973035925340112,1.3973035925340112,1.8824205523225581
A1,r2,primary,16.5,1.3918960211209,1.3752004578109822,1.3914037109447221,1.3914037109447221,1.3914037109447221,1.8625435938585149
A1,r2,primary,17.0,1.38953532226966,1.382949988876234,1.389109278450401,1.389109278450401,1.389109278450401,1.861268423339009
A1,r2,primary,17.5,1.39362524317983,1.3980140984877543,1.3931988224756364,1.3931988224756364,1.3931988224756364,1.869042048476225
A1,r2,primary,18.0,1.39411663486855,1.3801371528262885,1.3936973165524316,1.3936973165524316,1.3936973165524316,1.8734415476833741
A1,r2,primary,18.5,1.38753611606133,1.4226780535294417,1.3870953739394505,1.3870953739394505,1.3870953739394505,1.8618610592672051
A1,r2,primary,19.0,1.37454744284603,1.366497751897505,1.37405905929769,1.37405905929769,1.37405905929769,1.8292211005365357
A1,r2,primary,19.5,1.36557338887333,1.3478318943154775,1.3650859252578806,1.3650859252578806,1.3650859252578806,1.803104413681433
A1,r2,primary,20.0,1.36181049631833,1.3459700193540367,1.3613628239397544,1.3613628239397544,1.3613628239397544,1.7924290026114444
A1,r2,primary,20.5,1.36623888597413,1.3855255470122418,1.3658174972122838,1.3658174972122838,1.3658174972122838,1.7944887463578967
A1,r2,primary,21.0,1.3670224381233,1.3761797423333966,1.3667297654656447,1.3667297654656447,1.3667297654656447,1.8022521548337183
A1,r2,primary,21.5,1.35376114177151,1.3771803823160518,1.3533146383361705,1.3533146383361705,1.3533146383361705,1.7916975138581774
A1,r2,primary,22.0,1.3342872628708,1.3394312625523308,1.333848990295477,1.333848990295477,1.333848990295477,1.7715399663853924
A1,r2,primary,22.5,1.31848549024371,1.2622250053756852,1.3180406602394132,1.3180406602394132,1.3180406602394132,1.7531193652801125
A1,r2,primary,23.0,1.30383772288512,1.3144239047819009,1.30327789274893,1.30327789274893,1.30327789274893,1.7346063220739143
A1,r2,primary,23.5,1.30392707615726,1.3232047760582724,1.3035212392428117,1.3035212392428117,1.3035212392428117,1.7282766605982278
A1,r2,primary,24.0,1.31135477524167,1.2701888819835372,1.3109795466009608,1.3109795466009608,1.3109795466009608,1.7321043821003024
A1,r2,primary,24.5,1.3150361273808,1.3425426490344805,1.3145869532551036,1.3145869532551036,1.3145869532551036,1.728373767779228
A1,r2,primary,25.0,1.31755715004419,1.3225485958169094,1.317144475944364,1.317144475944364,1.317144475944364,1.721918800210441
A1,r2,primary,25.5,1.31892343219637,1.3255507013324241,1.3185546828212158,1.3185546828212158,1.3185546828212158,1.7183054599779914
A1,r2,primary,26.0,1.31193843274751,1.2948336457670597,1.3115002132172977,1.3115002132172977,1.3115002132172977,1.7108610521550212
A1,r2,primary,26.5,1.30326116513382,1.3058377057518054,1.3028693343919928,1.3028693343919928,1.3028693343919928,1.7018964694788603
A1,r2,primary,27.0,1.2901859054022,1.3131543745892518,1.2897167091607111,1.2897167091607111,1.2897167091607111,1.692557429873134
A1,r2,primary,27.5,1.27848259878321,1.2620571533306986,1.278103764116257,1.278103764116257,1.278103764116257,1.6860634961570906
A1,r2,primary,28.0,1.2685961892801,1.253015272457712,1.2681532864100642,1.2681532864100642,1.2681532864100642,1.6712546644478494
A1,r2,primary,28.5,1.26739860935609,1.264412257345342,1.2670295475088098,1.2670295475088098,1.2670295475088098,1.6652575748813496
A1,r2,primary,29.0,1.27510374608129,1.2644507249095212,1.2746394615504986,1.2746394615504986,1.2746394615504986,1.6714956988156067
A1,r2,primary,29.5,1.28331033714417,1.2973013900224688,1.28303969762022,1.28303969762022,1.28303969762022,1.6717957938448778
A1,r2,primary,30.0,1.27794820033818,1.2965690772392773,1.2779808989046577,1.2779808989046577,1.2779808989046577,1.6556276307103968
A1,r2,secondary,0.0,0.0,,0.0,0.0,0.0,0.0
A1,r2,secondary,0.5,1.84376860640778e-16,0.0,0.0,0.0,0.0,0.0
A1,r2,secondary,1.0,0.0,0.0,0.0,0.0,0.0,0.0
A1,r2,secondary,1.5,0.0009139608909119,0.0,0.000873044128290473,0.000873044128290473,0.000873044128290473,0.0017781588388997053
A1,r2,secondary,2.0,0.0201280673874027,0.0,0.019626436707018555,0.019626436707018555,0.019626436707018555,0.03014702981332975
A1,r2,secondary,2.5,0.13751406205633,0.0,0.13685407893413915,0.13685407893413915,0.13685407893413915,0.19560476787404474
A1,r2,secondary,3.0,0.450781350738152,0.09698370258309633,0.450051433675202,0.450051433675202,0.450051433675202,0.6464336983783735
A1,r2,secondary,3.5,0.965932987887958,0.7235673388464849,0.9659568884024309,0.9659568884024309,0.9659568884024309,1.3425570775462756
A1,r2,secondary,4.0,1.53460960608026,1.7764204452685688,1.5352541332182,1.5352541332182,1.5352541332182,2.1297774355570485
A1,r2,secondary,4.5,1.970081582989,2.5525760051269817,1.9710180873694612,1.9710180873694612,1.9710180873694612,2.7412442363933622
A1,r2,secondary,5.0,2.13546592505561,2.339065330361676,2.1359392354187228,2.1359392354187228,2.1359392354187228,2.9886867110364075
A1,r2,secondary,5.5,2.06434222304487,2.0686554406826687,2.0643721320089092,2.0643721320089092,2.0643721320089092,2.899346656784591
A1,r2,secondary,6.0,1.87654596202133,1.6222989741697387,1.8760402794858746,1.8760402794858746,1.8760402794858746,2.6602798645333707
A1,r2,secondary,6.5,1.71403032530086,1.7687744780285002,1.713520612503631,1.713520612503631,1.713520612503631,2.412482820478538
A1,r2,secondary,7.0,1.62639885435056,1.648727203803488,1.6259513423837544,1.6259513423837544,1.6259513423837544,2.2569335786158318
A1,r2,secondary,7.5,1.5882021936584,1.4688521285321345,1.587332212623363,1.587332212623363,1.587332212623363,2.1576034472019727
A1,r2,secondary,8.0,1.56489189899503,1.592195978618876,1.564437421957268,1.564437421957268,1.564437421957268,2.0948523740923557
A1,r2,secondary,8.5,1.55533403621372,1.5479991841593512,1.5551750695318247,1.5551750695318247,1.5551750695318247,2.0493240573205576
A1,r2,secondary,9.0,1.54536267427014,1.5730641661105182,1.5452031071380194,1.5452031071380194,1.5452031071380194,2.0363419028665857
A1,r2,secondary,9.5,1.5144666720665,1.5209015154811043,1.5142156852626287,1.5142156852626287,1.5142156852626287,2.014069015940991
A1,r2,secondary,10.0,1.49560376860028,1.4870062695115873,1.49532993428019,1.49532993428019,1.49532993428019,2.0215214159934187
A1,r2,secondary,10.5,1.47770986937317,1.4382398156796827,1.477167612878884,1.477167612878884,1.477167612878884,2.015939933817619
A1,r2,secondary,11.0,1.47564024370867,1.5335959193621507,1.475328600909027,1.475328600909027,1.475328600909027,2.0260595784911213
A1,r2,secondary,11.5,1.47973923458821,1.4363467353883916,1.4794454568399766,1.4794454568399766,1.4794454568399766,2.008586972650081
A1,r2,secondary,12.0,1.49072440172857,1.476032174033262,1.490316050939027,1.490316050939027,1.490316050939027,1.9936609542306483
A1,r2,secondary,12.5,1.48939839198389,1.4825338410753355,1.4892670357089142,1.4892670357089142,1.4892670357089142,1.9722980364764604
A1,r2,secondary,13.0,1.48843532686844,1.5273015124983182,1.4882450556571303,1.4882450556571303,1.4882450556571303,1.9748955236434265
A1,r2,secondary,13.5,1.46545045808056,1.4807487234782692,1.464877582392672,1.464877582392672,1.464877582392672,1.957845438782918
A1,r2,secondary,14.0,1.43867946231386,1.449652803482402,1.4382733908776788,1.4382733908776788,1.4382733908776788,1.9437716387502302
A1,r2,secondary,14.5,1.4194730665417,1.355230351421732,1.4189784667589451,1.4189784667589451,1.4189784667589451,1.9185272960182456
A1,r2,secondary,15.0,1.4055477935599,1.4253249982384444,1.4051001557261438,1.4051001557261438,1.4051001557261438,1.8732053609573012
A1,r2,secondary,15.5,1.40106903278546,1.423906287731658,1.400626786907729,1.400626786907729,1.400626786907729,1.8517609324478577
A1,r2,secondary,16.0,1.39667517452912,1.355197894054375,1.3962416993205142,1.3962416993205142,1.3962416993205142,1.8307552951156802
A1,r2,secondary,16.5,1.38445984459079,1.4335912982355494,1.3839712088968805,1.3839712088968805,1.3839712088968805,1.816915382675395
A1,r2,secondary,17.0,1.36659557419131,1.3204751302544881,1.3659607330941366,1.3659607330941366,1.3659607330941366,1.8088744707630338
A1,r2,secondary,17.5,1.37322966324747,1.4135167783847566,1.3727330385301848,1.3727330385301848,1.3727330385301848,1.8221816013144536
A1,r2,secondary,18.0,1.37870385831717,1.2810880466698635,1.378225907890111,1.378225907890111,1.378225907890111,1.8240521908696075
A1,r2,secondary,18.5,1.37268394266883,1.4891644177625023,1.3721092654203288,1.3721092654203288,1.3721092654203288,1.8033720254423549
A1,r2,secondary,19.0,1.36986683679658,1.3775969469703846,1.3694799843294365,1.3694799843294365,1.3694799843294365,1.7709996681400915
A1,r2,secondary,19.5,1.37823749993108,1.2516875927337077,1.3777398663939733,1.3777398663939733,1.3777398663939733,1.7589758629384635
A1,r2,secondary,20.0,1.37192718868467,1.4197157418753596,1.371518020975124,1.371518020975124,1.371518020975124,1.74364252745433
A1,r2,secondary,20.5,1.37511016398848,1.4495212572360956,1.3746261184328186,1.3746261184328186,1.3746261184328186,1.7484613736879773
A1,r2,secondary,21.0,1.37628972119653,1.3332550890082664,1.375979314671732,1.375979314671732,1.375979314671732,1.7567669660084608
A1,r2,secondary,21.5,1.35086639186783,1.3621067690589144,1.350217157946899,1.350217157946899,1.350217157946899,1.733220510856777
A1,r2,secondary,22.0,1.33227817226869,1.3088175317263029,1.331765891885115,1.331765891885115,1.331765891885115,1.715757763132581
A1,r2,secondary,22.5,1.32199306096186,1.3119161871304514,1.3216445523961002,1.3216445523961002,1.3216445523961002,1.7036190796313417
A1,r2,secondary,23.0,1.30544742561975,1.3609744302047193,1.3048598495039356,1.3048598495039356,1.3048598495039356,1.6701694130894624
A1,r2,secondary,23.5,1.30987678597431,1.2635005669444759,1.3093349800530463,1.3093349800530463,1.3093349800530463,1.6712697199644948
A1,r2,secondary,24.0,1.314684579403,1.2306858978716786,1.314193168508725,1.314193168508725,1.314193168508725,1.6704824666325226
A1,r2,secondary,24.5,1.30840693467345,1.4588318277460168,1.3079559352638241,1.3079559352638241,1.3079559352638241,1.6617606195148886
A1,r2,secondary,25.0,1.31425969531368,1.26370878635763,1.3139883300832451,1.3139883300832451,1.3139883300832451,1.6704047950093779
A1,r2,secondary,25.5,1.30602836922505,1.265846197885463,1.30571111789577,1.30571111789577,1.30571111789577,1.6634338850731833
A1,r2,secondary,26.0,1.28449718790054,1.3534112746526874,1.283934414177412,1.283934414177412,1.283934414177412,1.6332136806308486
A1,r2,secondary,26.5,1.28424027754372,1.2467611867993722,1.2838387573724934,1.2838387573724934,1.2838387573724934,1.6355419740674335
A1,r2,secondary,27.0,1.28344030731884,1.2617127984902203,1.2831791861822137,1.2831791861822137,1.2831791861822137,1.6492520253031804
A1,r2,secondary,27.5,1.26976645984072,1.3108642152190255,1.2692396803502208,1.2692396803502208,1.2692396803502208,1.6423372388647042
A1,r2,secondary,28.0,1.2608422433744,1.2640228990397944,1.2604540098149566,1.2604540098149566,1.2604540098149566,1.6395428299600203
A1,r2,secondary,28.5,1.24548802878373,1.2036666755604497,1.2449977289084002,1.2449977289084002,1.2449977289084002,1.6157907237953901
A1,r2,secondary,29.0,1.23387727799782,1.2616237539195765,1.233570920635365,1.233570920635365,1.233570920635365,1.5872668292164267
A1,r2,secondary,29.5,1.22443062536773,1.1983103520488991,1.2240749714296084,1.2240749714296084,1.2240749714296084,1.5542346221690782
A1,r2,secondary,30.0,1.21050712875979,1.2497964331114102,1.210566288439691,1.210566288439691,1.210566288439691,1.5166299460638997
A1,r3,primary,0.0,0.0,,0.0,0.0,0.0,0.0
A1,r3,primary,0.5,0.000437993799472,0.0,0.000313559854873483,0.0004202006322395719,0.000313559854873483,0.0006063406355890455
A1,r3,primary,1.0,0.0078571770208242,0.0,0.007226067935806895,0.00774786451046347,0.007226067935806895,0.008600500744501565
A1,r3,primary,1.5,0.0475550708938187,0.0,0.04731390267565447,0.04731390267565447,0.04731390267565447,0.054460845263815116
A1,r3,primary,2.0,0.175732401192129,0.05062522682489868,0.17549214249264233,0.17549214249264233,0.17549214249264233,0.20973803522066972
A1,r3,primary,2.5,0.427207799134909,0.2669434282702503,0.42687179709722667,0.42687179709722667,0.42687179709722667,0.5193554259387501
A1,r3,primary,3.0,0.800883466243086,0.7323702953560732,0.8007657801265916,0.8007657801265916,0.8007657801265916,0.984099057673514
A1,r3,primary,3.5,1.21814627929939,1.2719412425703058,1.2183979297251408,1.2183979297251408,1.2183979297251408,1.50322445950889
A1,r3,primary,4.0,1.57286912498552,1.8391509292436579,1.5731874512995507,1.5731874512995507,1.5731874512995507,1.940596105644369
A1,r3,primary,4.5,1.78271045913316,1.8951853439241568,1.7832621459462725,1.7832621459462725,1.7832621459462725,2.191934218569276
A1,r3,primary,5.0,1.83668738396225,1.929081718998056,1.8372043060944332,1.8372043060944332,1.8372043060944332,2.248578252206977
A1,r3,primary,5.5,1.78037470615544,1.7815446696306791,1.7806375633146063,1.7806375633146063,1.7806375633146063,2.164989431412073
A1,r3,primary,6.0,1.69550911626737,1.6725505109385472,1.6955784169068218,1.6955784169068218,1.6955784169068218,2.047028118439416
A1,r3,primary,6.5,1.61824906287914,1.567353301870477,1.6180287964092976,1.6180287964092976,1.6180287964092976,1.9390154989311603
A1,r3,primary,7.0,1.57062928601873,1.5758548039184712,1.5703909681981163,1.5703909681981163,1.5703909681981163,1.876534840082666
A1,r3,primary,7.5,1.55366210604,1.5271666065911114,1.553774853318962,1.553774853318962,1.553774853318962,1.857664271054918
A1,r3,primary,8.0,1.53937198392367,1.5336145185117862,1.5392786883457812,1.5392786883457812,1.5392786883457812,1.8449067181372858
A1,r3,primary,8.5,1.53004442911825,1.5825847193707425,1.5300476890391226,1.5300476890391226,1.5300476890391226,1.8351690042722215
A1,r3,primary,9.0,1.51513224907858,1.4773913165432515,1.5150748920669577,1.5150748920669577,1.5150748920669577,1.8139551127660916
A1,r3,primary,9.5,1.49787930464214,1.5137538720847483,1.4978251453486888,1.4978251453486888,1.4978251453486888,1.7811133972576174
A1,r3,primary,10.0,1.48298069646962,1.4597952070533242,1.482966380357253,1.482966380357253,1.482966380357253,1.7498434894609343
A1,r3,primary,10.5,1.47623188313275,1.4794864911777648,1.4761157138425325,1.4761157138425325,1.4761157138425325,1.7305324974004723
A1,r3,primary,11.0,1.4623777822505,1.4738392417497959,1.4622251333207936,1.4622251333207936,1.4622251333207936,1.7032123029569795
A1,r3,primary,11.5,1.45891975282736,1.4591391671616205,1.4589274830326016,1.4589274830326016,1.4589274830326016,1.6918906313512931
A1,r3,primary,12.0,1.4470344692022,1.4183760404072894,1.4470126028631267,1.4470126028631267,1.4470126028631267,1.6796280478226924
A1,r3,primary,12.5,1.4342337913538,1.474212114971674,1.4341787210145474,1.4341787210145474,1.4341787210145474,1.6668016416947045
A1,r3,primary,13.0,1.41825408371808,1.4079128846615836,1.4180841629024872,1.4180841629024872,1.4180841629024872,1.6501942096333506
A1,r3,primary,13.5,1.40329154835126,1.3997378119517134,1.403303548522539,1.403303548522539,1.403303548522539,1.6336817915635649
A1,r3,primary,14.0,1.38899976877129,1.3733506048162856,1.3888746607158278,1.3888746607158278,1.3888746607158278,1.6115771041720448
A1,r3,primary,14.5,1.3809742587857,1.3842490408215662,1.3809139320142696,1.3809139320142696,1.3809139320142696,1.5921263098911065
A1,r3,primary,15.0,1.38110927186588,1.394090785606779,1.3809315796023225,1.3809315796023225,1.3809315796023225,1.5866670305014403
A1,r3,primary,15.5,1.388706232488,1.35617048861851,1.388635351676525,1.388635351676525,1.388635351676525,1.5928439269978385
A1,r3,primary,16.0,1.3849231893701,1.4106321289488368,1.3848769665102447,1.3848769665102447,1.3848769665102447,1.5856722464146573
A1,r3,primary,16.5,1.37553430120225,1.4143069716539578,1.375476294631425,1.375476294631425,1.375476294631425,1.5751878030119126
A1,r3,primary,17.0,1.35875456036735,1.334763393787157,1.3585846897258946,1.3585846897258946,1.3585846897258946,1.555612589676375
A1,r3,primary,17.5,1.33908070451378,1.3291722956007308,1.3389370192175523,1.3389370192175523,1.3389370192175523,1.5287703329697853
A1,r3,primary,18.0,1.33241886863471,1.2890639427693555,1.332320151825826,1.332320151825826,1.332320151825826,1.5171583518267167
A1,r3,primary,18.5,1.33095533994502,1.3423236288985072,1.3308902317700726,1.3308902317700726,1.3308902317700726,1.5132911432389025
A1,r3,primary,19.0,1.32561404544626,1.3820567959294456,1.3254991778823653,1.3254991778823653,1.3254991778823653,1.4994507011160203
A1,r3,primary,19.5,1.3194373759344,1.2876716676735243,1.3193763944878205,1.3193763944878205,1.3193763944878205,1.4853500894437608
A1,r3,primary,20.0,1.31006709149284,1.2928373124604642,1.309997756516124,1.309997756516124,1.309997756516124,1.4718513045201338
A1,r3,primary,20.5,1.30336247449883,1.3152674296478606,1.3032079508415555,1.3032079508415555,1.3032079508415555,1.4618205955520989
A1,r3,primary,21.0,1.30683306064285,1.3006172587280849,1.3068058391311261,1.3068058391311261,1.3068058391311261,1.466910248665981
A1,r3,primary,21.5,1.30808240262944,1.3192366307570202,1.3079329419804275,1.3079329419804275,1.3079329419804275,1.473431965902822
A1,r3,primary,22.0,1.30254366670838,1.3203842722568333,1.3024805078033341,1.3024805078033341,1.3024805078033341,1.4690391885424048
A1,r3,primary,22.5,1.29088189094743,1.2719056637056871,1.2907630735265012,1.2907630735265012,1.2907630735265012,1.4555246486588942
A1,r3,primary,23.0,1.28092656000015,1.281279891770951,1.2808280827035308,1.2808280827035308,1.2808280827035308,1.4420318496458833
A1,r3,primary,23.5,1.26839754716646,1.2611614761867227,1.2682562746130233,1.2682562746130233,1.2682562746130233,1.421981182642278
A1,r3,primary,24.0,1.26086270166626,1.2844958375763926,1.2607179333458114,1.2607179333458114,1.2607179333458114,1.4036133086295883
A1,r3,primary,24.5,1.26121627102606,1.2325976114755823,1.2611117771172293,1.2611117771172293,1.2611117771172293,1.3973058660574322
A1,r3,primary,25.0,1.25920524466786,1.2506434493726368,1.259066532465452,1.259066532465452,1.259066532465452,1.3929952658799785
A1,r3,primary,25.5,1.25395522564526,1.2955447913295057,1.2538174115693819,1.2538174115693819,1.2538174115693819,1.390038119859691
A1,r3,primary,26.0,1.25288047021566,1.2356608940787308,1.2527881107093377,1.2527881107093377,1.2527881107093377,1.3906308827674767
A1,r3,primary,26.5,1.24305472573316,1.2278868758782377,1.2429172961694823,1.2429172961694823,1.2429172961694823,1.3836937808616683
A1,r3,primary,27.0,1.23405554535731,1.2633624016519276,1.2339527310131606,1.2339527310131606,1.2339527310131606,1.3730363167826118
A1,r3,primary,27.5,1.22915019449334,1.2021753112888318,1.2290533003621698,1.2290533003621698,1.2290533003621698,1.3648180389317395
A1,r3,primary,28.0,1.22115877898441,1.2366424038615722,1.2210562392736612,1.2210562392736612,1.2210562392736612,1.3495194579967864
A1,r3,primary,28.5,1.21508852134636,1.2134151994087687,1.2149004025312677,1.2149004025312677,1.2149004025312677,1.334883072127796
A1,r3,primary,29.0,1.21553081934331,1.1951948072497005,1.2154020054335295,1.2154020054335295,1.2154020054335295,1.3283116773042523
A1,r3,primary,29.5,1.21352892828389,1.2235455780411801,1.2133937212101902,1.2133937212101902,1.2133937212101902,1.3220168775644645
A1,r3,primary,30.0,1.21194922155934,1.223117478641192,1.212118741550292,1.212118741550292,1.212118741550292,1.318859502000259
A1,r3,secondary,0.0,0.0,,0.0,0.0,0.0,0.0
A1,r3,secondary,0.5,3.3557138419754297e-16,0.0,0.0,0.0,0.0,0.0
A1,r3,secondary,1.0,0.0,0.0,0.0,0.0,0.0,0.0
A1,r3,secondary,1.5,0.0008844765292092,0.0,0.0008237676374422903,0.0008237676374422903,0.0008237676374422903,0.0011836052304561148
A1,r3,secondary,2.0,0.0296685508468899,0.0,0.02948527223147231,0.02948527223147231,0.02948527223147231,0.03636969343590816
A1,r3,secondary,2.5,0.163123835084062,0.0,0.16244691666932737,0.16244691666932737,0.16244691666932737,0.20331156425121802
A1,r3,secondary,3.0,0.491294213767851,0.1956644614779439,0.49105175638594933,0.49105175638594933,0.49105175638594933,0.606945267568199
A1,r3,secondary,3.5,0.973667038589704,0.8184140844326732,0.9734986171485001,0.9734986171485001,0.9734986171485001,1.207698809202226
A1,r3,secondary,4.0,1.51982359076112,1.8181164257793108,1.5201777441420465,1.5201777441420465,1.5201777441420465,1.8924609526520693
A1,r3,secondary,4.5,1.94148880075803,2.1478024427010056,1.9422301401836077,1.9422301401836077,1.9422301401836077,2.403102488677693
A1,r3,secondary,5.0,2.1259734286327,2.5006949807274577,2.1267030998507197,2.1267030998507197,2.1267030998507197,2.6102525888527643
A1,r3,secondary,5.5,2.09309273863491,2.0385244544911005,2.0932768067919256,2.0932768067919256,2.0932768067919256,2.5432517008971303
A1,r3,secondary,6.0,1.95927147420408,1.8834857137033392,1.959353775165382,1.959353775165382,1.959353775165382,2.352851048654876
A1,r3,secondary,6.5,1.78619466838734,1.8528780119594856,1.7857178255536361,1.7857178255536361,1.7857178255536361,2.1305495169642663
A1,r3,secondary,7.0,1.67775488978101,1.66731600270851,1.6773599907981622,1.6773599907981622,1.6773599907981622,2.014636327874189
A1,r3,secondary,7.5,1.62475060200653,1.4254654951476222,1.624414351046954,1.624414351046954,1.624414351046954,1.9535603025731827
A1,r3,secondary,8.0,1.60063349643155,1.5882479017079827,1.6005731296333914,1.6005731296333914,1.6005731296333914,1.9206491295636459
A1,r3,secondary,8.5,1.59674397578824,1.753250810008985,1.5968054044601356,1.5968054044601356,1.5968054044601356,1.9072299257341834
A1,r3,secondary,9.0,1.57932052447255,1.5347455210646754,1.57961373319077,1.57961373319077,1.57961373319077,1.8741279580315928
A1,r3,secondary,9.5,1.55114343495451,1.536031743972204,1.5512078910392935,1.5512078910392935,1.5512078910392935,1.8214951520584188
A1,r3,secondary,10.0,1.51992764868012,1.4172114926450945,1.5199168766928013,1.5199168766928013,1.5199168766928013,1.769705303902547
A1,r3,secondary,10.5,1.51007151478896,1.6189321247581485,1.5099599644110435,1.5099599644110435,1.5099599644110435,1.7442031313943478
A1,r3,secondary,11.0,1.51251401941958,1.506640649412154,1.5121066064121558,1.5121066064121558,1.5121066064121558,1.7384790899115854
A1,r3,secondary,11.5,1.52166722476708,1.4924161248690508,1.5217390508495028,1.5217390508495028,1.5217390508495028,1.7566833162652609
A1,r3,secondary,12.0,1.50091311059704,1.4900185457790092,1.5006060386551643,1.5006060386551643,1.5006060386551643,1.7411801214327502
A1,r3,secondary,12.5,1.48507856806336,1.5637838300849811,1.4849791091231894,1.4849791091231894,1.4849791091231894,1.7273466427766255
A1,r3,secondary,13.0,1.45460101435909,1.3931946095751833,1.4544786336313813,1.4544786336313813,1.4544786336313813,1.6811269930771036
A1,r3,secondary,13.5,1.4211995871053,1.5033775323382061,1.420816625558186,1.420816625558186,1.420816625558186,1.6324724694561044
A1,r3,secondary,14.0,1.39919476864587,1.2954579827916466,1.3990849674973491,1.3990849674973491,1.3990849674973491,1.598165411797191
A1,r3,secondary,14.5,1.40029832932399,1.4105907460695324,1.4001768171731834,1.4001768171731834,1.4001768171731834,1.594750131919544
A1,r3,secondary,15.0,1.40194862648436,1.3899301580372316,1.401732465265642,1.401732465265642,1.401732465265642,1.5933387668367707
A1,r3,secondary,15.5,1.41967172249298,1.4521965790548805,1.419576787469733,1.419576787469733,1.419576787469733,1.6160680517811479
A1,r3,secondary,16.0,1.42460680551932,1.4214578550047259,1.4244617077469592,1.4244617077469592,1.4244617077469592,1.60933553341324
A1,r3,secondary,16.5,1.41624913883008,1.449141993896909,1.416172724051816,1.416172724051816,1.416172724051816,1.5959699929855833
A1,r3,secondary,17.0,1.38955988263294,1.3819937533507083,1.3893961549344895,1.3893961549344895,1.3893961549344895,1.5598910232565988
A1,r3,secondary,17.5,1.36520264793844,1.3837073257502672,1.3649752848571093,1.3649752848571093,1.3649752848571093,1.5290705113540297
A1,r3,secondary,18.0,1.35132258948686,1.2661169007189976,1.3511620651996157,1.3511620651996157,1.3511620651996157,1.5120474693153492
A1,r3,secondary,18.5,1.34537504933427,1.343429047361156,1.3451228959953092,1.3451228959953092,1.3451228959953092,1.5127862009405881
A1,r3,secondary,19.0,1.33788005810217,1.4287395767622693,1.3377981037497337,1.3377981037497337,1.3377981037497337,1.4994226812674791
A1,r3,secondary,19.5,1.32808410870872,1.3169495607129633,1.3280757921083928,1.3280757921083928,1.3280757921083928,1.4811132843800259
A1,r3,secondary,20.0,1.30229526030914,1.2747894078375548,1.3022380104164704,1.3022380104164704,1.3022380104164704,1.441261796787277
A1,r3,secondary,20.5,1.28179901296315,1.2639358791409,1.2814248957162178,1.2814248957162178,1.2814248957162178,1.408536605604537
A1,r3,secondary,21.0,1.28619654796476,1.271778055425826,1.2860929260708827,1.2860929260708827,1.2860929260708827,1.4100529754717361
A1,r3,secondary,21.5,1.2901363523215,1.2790161145038037,1.2900526573465065,1.2900526573465065,1.2900526573465065,1.4152255572059662
A1,r3,secondary,22.0,1.29156009954378,1.3599514576700518,1.29144499148562,1.29144499148562,1.29144499148562,1.418301145052633
A1,r3,secondary,22.5,1.28354852835928,1.250074256095856,1.2835710768016302,1.2835710768016302,1.2835710768016302,1.4150090402893314
A1,r3,secondary,23.0,1.2718662205068,1.2619097016165985,1.2718479967048166,1.2718479967048166,1.2718479967048166,1.411983964615391
A1,r3,secondary,23.5,1.25763701499286,1.264816672901661,1.2574362511234836,1.2574362511234836,1.2574362511234836,1.3993517385150769
A1,r3,secondary,24.0,1.26195444178287,1.2726964692116751,1.2618959352150918,1.2618959352150918,1.2618959352150918,1.4039753358388842
A1,r3,secondary,24.5,1.26272244462131,1.2283010290301424,1.2626394589155672,1.2626394589155672,1.2626394589155672,1.396248161778498
A1,r3,secondary,25.0,1.25652273703227,1.3124364839917981,1.2565344346895273,1.2565344346895273,1.2565344346895273,1.3783465339179133
A1,r3,secondary,25.5,1.24140931651145,1.2464939748883246,1.2414381337672116,1.2414381337672116,1.2414381337672116,1.3583911025511097
A1,r3,secondary,26.0,1.2261053267019,1.2324169875213749,1.2261172979549888,1.2261172979549888,1.2261172979549888,1.341389627145965
A1,r3,secondary,26.5,1.20185425453062,1.1550629153843497,1.201575277903067,1.201575277903067,1.201575277903067,1.3149973924023082
A1,r3,secondary,27.0,1.18708909305226,1.196822323234029,1.1869737082086895,1.1869737082086895,1.1869737082086895,1.298518109891808
A1,r3,secondary,27.5,1.18121750722858,1.153337333098273,1.1811696241858864,1.1811696241858864,1.1811696241858864,1.2886879376260416
A1,r3,secondary,28.0,1.18125974077,1.1808823929261603,1.1811894908019251,1.1811894908019251,1.1811894908019251,1.2895927665912406
A1,r3,secondary,28.5,1.18182750224449,1.203620097777528,1.181798611395181,1.181798611395181,1.181798611395181,1.2943262847880332
A1,r3,secondary,29.0,1.18499845720202,1.1868004657120923,1.1849563429069903,1.1849563429069903,1.1849563429069903,1.295851032617964
A1,r3,secondary,29.5,1.18393370803988,1.1706527445180288,1.1837559040507797,1.1837559040507797,1.1837559040507797,1.2971041826290954
A1,r3,secondary,30.0,1.18214965135243,1.184905168393368,1.182348917341817,1.182348917341817,1.182348917341817,1.2927097081689487
A1,r4,primary,0.0,0.0,,0.0,0.0,0.0,0.0
A1,r4,primary,0.5,0.0013062958609474,0.0,0.0009589211448759403,0.0012834667273126199,0.0009589211448759403,0.0030668071339692822
A1,r4,primary,1.0,0.006988605675576,0.0,0.0064102678337435446,0.006865011612863151,0.0064102678337435446,0.00984357834018753
A1,r4,primary,1.5,0.0441483505711179,0.006009726333961615,0.043876371540809034,0.043876371540809034,0.043876371540809034,0.07058773399353203
A1,r4,primary,2.0,0.156554976409328,0.03168327048025909,0.15623799565310806,0.15623799565310806,0.15623799565310806,0.2481858803651342
A1,r4,primary,2.5,0.394187539613999,0.2581385379501807,0.39415243250603543,0.39415243250603543,0.39415243250603543,0.6028044252115681
A1,r4,primary,3.0,0.758344874845277,0.629057810105333,0.758231183642878,0.758231183642878,0.758231183642878,1.142720982237178
A1,r4,primary,3.5,1.17685673060834,1.2498832818510361,1.1773675987660992,1.1773675987660992,1.1773675987660992,1.7594791364240527
A1,r4,primary,4.0,1.53076384747243,1.7701513697115365,1.5313659885676818,1.5313659885676818,1.5313659885676818,2.2558419270037486
A1,r4,primary,4.5,1.7603755026596,1.9023549594528548,1.7611620690946679,1.7611620690946679,1.7611620690946679,2.563362567575846
A1,r4,primary,5.0,1.82661521486337,1.8520652368822565,1.8273145554432988,1.8273145554432988,1.8273145554432988,2.651449251341257
A1,r4,primary,5.5,1.78391663678272,1.8753200270714798,1.7843605805201495,1.7843605805201495,1.7843605805201495,2.589003291023651
A1,r4,primary,6.0,1.70478349332485,1.6714889563689397,1.7050303484831695,1.7050303484831695,1.7050303484831695,2.4953971008678812
A1,r4,primary,6.5,1.63763597446135,1.5718432285801291,1.6378078215197107,1.6378078215197107,1.6378078215197107,2.4218123491758488
A1,r4,primary,7.0,1.59005519350878,1.5529918002023257,1.5903410681188888,1.5903410681188888,1.5903410681188888,2.345115999812081
A1,r4,primary,7.5,1.55967677571344,1.5997969386845,1.5598479273420507,1.5598479273420507,1.5598479273420507,2.2681118700809395
A1,r4,primary,8.0,1.54154256969693,1.587902521375077,1.5416987456892965,1.5416987456892965,1.5416987456892965,2.2085969636612206
A1,r4,primary,8.5,1.5281423284605,1.4363668618453271,1.5284768898725156,1.5284768898725156,1.5284768898725156,2.1722206991912842
A1,r4,primary,9.0,1.51478782994355,1.54388749750708,1.5150352071699507,1.5150352071699507,1.5150352071699507,2.1458365343517154
A1,r4,primary,9.5,1.50512796124156,1.5056239372863849,1.5051868541293518,1.5051868541293518,1.5051868541293518,2.1356796542951195
A1,r4,primary,10.0,1.5002376475512,1.512277504410656,1.5003176683970236,1.5003176683970236,1.5003176683970236,2.124992172682189
A1,r4,primary,10.5,1.49397379514575,1.4715801391036043,1.4941044705575384,1.4941044705575384,1.4941044705575384,2.107970634268763
A1,r4,primary,11.0,1.49103866417009,1.4600776848442218,1.4911383047536177,1.4911383047536177,1.4911383047536177,2.0960359280537815
A1,r4,primary,11.5,1.48800160436748,1.5209990710358012,1.4881478224016726,1.4881478224016726,1.4881478224016726,2.0938778470515955
A1,r4,primary,12.0,1.47909900969528,1.4884595720884375,1.479271641445781,1.479271641445781,1.479271641445781,2.0717862419368562
A1,r4,primary,12.5,1.46002088895284,1.498684014848827,1.4602760750587533,1.4602760750587533,1.4602760750587533,2.038675890664601
A1,r4,primary,13.0,1.43265583508808,1.4056378930564173,1.43261425122824,1.43261425122824,1.43261425122824,1.9887592294959682
A1,r4,primary,13.5,1.41571413238725,1.3951453579088136,1.415868177154817,1.415868177154817,1.415868177154817,1.9588372586337783
A1,r4,primary,14.0,1.40715099513653,1.3781257016225272,1.407246387207696,1.407246387207696,1.407246387207696,1.9425384326590747
A1,r4,primary,14.5,1.41219649420245,1.4252254382685428,1.4123441368319067,1.4123441368319067,1.4123441368319067,1.9443083060486768
A1,r4,primary,15.0,1.41313292005632,1.4329139187842705,1.4132169465788391,1.4132169465788391,1.4132169465788391,1.9423460936994867
A1,r4,primary,15.5,1.4122611544653,1.4360297728961589,1.4123461345521418,1.4123461345521418,1.4123461345521418,1.9451140060488108
A1,r4,primary,16.0,1.40779299261162,1.3897327733685128,1.407847298660858,1.407847298660858,1.407847298660858,1.9376170155714352
A1,r4,primary,16.5,1.39922173004896,1.386353405876205,1.3992803150932722,1.3992803150932722,1.3992803150932722,1.920927216165299
A1,r4,primary,17.0,1.38410187901636,1.4089389395999736,1.3841866904916582,1.3841866904916582,1.3841866904916582,1.8991259455640512
A1,r4,primary,17.5,1.36780804751727,1.3875413402895491,1.3680016030444802,1.3680016030444802,1.3680016030444802,1.8751138370360583
A1,r4,primary,18.0,1.34748589158565,1.3139048322612408,1.3475852266371486,1.3475852266371486,1.3475852266371486,1.8487366531556182
A1,r4,primary,18.5,1.3309373267707,1.3248195643613194,1.3310016342097162,1.3310016342097162,1.3310016342097162,1.8333934306459816
A1,r4,primary,19.0,1.32692663058015,1.327559383822074,1.326959409026293,1.326959409026293,1.326959409026293,1.8290925418089663
A1,r4,primary,19.5,1.33228658654781,1.3295215033767767,1.3324101403966724,1.3324101403966724,1.3324101403966724,1.821616845105536
A1,r4,primary,20.0,1.33800568566292,1.3457627864665713,1.338124872189406,1.338124872189406,1.338124872189406,1.822611060513415
A1,r4,primary,20.5,1.34242495516503,1.349971068847478,1.3424701230061917,1.3424701230061917,1.3424701230061917,1.830984906241689
A1,r4,primary,21.0,1.34145412294932,1.3227296362004515,1.3415171273908395,1.3415171273908395,1.3415171273908395,1.8356489001877776
A1,r4,primary,21.5,1.33348931654737,1.3517779933047862,1.3335789412186951,1.3335789412186951,1.3335789412186951,1.8287294581564535
A1,r4,primary,22.0,1.32033197641339,1.3265763541136562,1.3203948816620932,1.3203948816620932,1.3203948816620932,1.8077643836590194
A1,r4,primary,22.5,1.30907090905195,1.3050254105948904,1.3091015518329359,1.3091015518329359,1.3091015518329359,1.7813845375246675
A1,r4,primary,23.0,1.29692136009028,1.2744905926888437,1.2969532726905921,1.2969532726905921,1.2969532726905921,1.7544788061630723
A1,r4,primary,23.5,1.2908065966256,1.3137153160551132,1.2909195427785392,1.2909195427785392,1.2909195427785392,1.7386803024114517
A1,r4,primary,24.0,1.28872790130862,1.2645868983678332,1.288767823683424,1.288767823683424,1.288767823683424,1.7351571891292463
A1,r4,primary,24.5,1.29214433055976,1.3000651799061864,1.2922835070703478,1.2922835070703478,1.2922835070703478,1.7369769650198401
A1,r4,primary,25.0,1.28871944351103,1.281507980420514,1.2887847249629634,1.2887847249629634,1.2887847249629634,1.731760442914538
A1,r4,primary,25.5,1.28410195162598,1.3163916755172622,1.2841501978657521,1.2841501978657521,1.2841501978657521,1.730465330789453
A1,r4,primary,26.0,1.27698023142547,1.271082730758174,1.2770136616084535,1.2770136616084535,1.2770136616084535,1.7203099740436472
A1,r4,primary,26.5,1.27671032806195,1.2431242920462184,1.2767471287334171,1.2767471287334171,1.2767471287334171,1.7231390652982421
A1,r4,primary,27.0,1.27272457553956,1.268271178715542,1.2727102453337047,1.2727102453337047,1.2727102453337047,1.7216614892688338
A1,r4,primary,27.5,1.26568597117407,1.3134935274534354,1.2657292109391927,1.2657292109391927,1.2657292109391927,1.7087211362280121
A1,r4,primary,28.0,1.25691421600799,1.2583249307408542,1.256987652853656,1.256987652853656,1.256987652853656,1.68596080687188
A1,r4,primary,28.5,1.24465806289637,1.2068180321064899,1.2447641481120493,1.2447641481120493,1.2447641481120493,1.6620714430593724
A1,r4,primary,29.0,1.23613092118113,1.2401664362674978,1.2361181541849184,1.2361181541849184,1.2361181541849184,1.6375761927008567
A1,r4,primary,29.5,1.2422495354019,1.2385924429600366,1.2423452989353558,1.2423452989353558,1.2423452989353558,1.643441686825696
A1,r4,primary,30.0,1.24644434673494,1.2518666306786375,1.246939385309326,1.246939385309326,1.246939385309326,1.6526953269318871
A1,r4,secondary,0.0,0.0,,0.0,0.0,0.0,0.0
A1,r4,secondary,0.5,2.34534638985572e-17,0.0,0.0,0.0,0.0,0.0
A1,r4,secondary,1.0,0.0,0.0,0.0,0.0,0.0,0.0
A1,r4,secondary,1.5,1.18073087336459e-05,0.0,0.0,0.0,0.0,0.0
A1,r4,secondary,2.0,0.0142539768228249,0.0,0.01390193561768166,0.01390193561768166,0.01390193561768166,0.019549827864964044
A1,r4,secondary,2.5,0.146879768085289,0.0,0.14665104123729716,0.14665104123729716,0.14665104123729716,0.19870266585990265
A1,r4,secondary,3.0,0.4799447170316,0.08513810868810055,0.4794942828229589,0.4794942828229589,0.4794942828229589,0.6723231250703146
A1,r4,secondary,3.5,0.992534489064364,0.9071244505563024,0.992416417858651,0.992416417858651,0.992416417858651,1.4268274380840456
A1,r4,secondary,4.0,1.58551969498453,1.7396721085466165,1.5862776026206191,1.5862776026206191,1.5862776026206191,2.29701491781181
A1,r4,secondary,4.5,2.05131606155199,2.3357265391116186,2.052192523612749,2.052192523612749,2.052192523612749,2.9511330645985834
A1,r4,secondary,5.0,2.25049078035119,2.731661106032221,2.251648606050937,2.251648606050937,2.251648606050937,3.2264710574720223
A1,r4,secondary,5.5,2.21418738416723,2.143260930010014,2.214676055495059,2.214676055495059,2.214676055495059,3.1673516106929163
A1,r4,secondary,6.0,2.06507942036859,1.9709018851689146,2.065296214138712,2.065296214138712,2.065296214138712,2.9843966111313533
A1,r4,secondary,6.5,1.90193568948249,1.815768184720395,1.9021065588213109,1.9021065588213109,1.9021065588213109,2.81053510681586
A1,r4,secondary,7.0,1.82637198429256,1.8255238718838056,1.82647371353488,1.82647371353488,1.82647371353488,2.735298511053819
A1,r4,secondary,7.5,1.80265664374176,1.7447296002178487,1.8025132970653794,1.8025132970653794,1.8025132970653794,2.682844326215487
A1,r4,secondary,8.0,1.80279287093684,1.8309458978512136,1.8029487790410097,1.8029487790410097,1.8029487790410097,2.6396522464455465
A1,r4,secondary,8.5,1.77260319287732,1.800839879908731,1.7728365611176722,1.7728365611176722,1.7728365611176722,2.549455816551435
A1,r4,secondary,9.0,1.7221714535555,1.8944692479522411,1.7223123802675468,1.7223123802675468,1.7223123802675468,2.4539290808235728
A1,r4,secondary,9.5,1.65351020842828,1.4871918564787494,1.6537704357198204,1.6537704357198204,1.6537704357198204,2.3381745268035607
A1,r4,secondary,10.0,1.58922734540364,1.6178333266807998,1.5891880519914159,1.5891880519914159,1.5891880519914159,2.2218175675576157
A1,r4,secondary,10.5,1.56296628089029,1.5155254470082955,1.5630480027431635,1.5630480027431635,1.5630480027431635,2.174096647190801
A1,r4,secondary,11.0,1.58244891242916,1.5161053196641248,1.5825414349194797,1.5825414349194797,1.5825414349194797,2.1907391947448955
A1,r4,secondary,11.5,1.59137918476533,1.6222220809897965,1.5912647482206355,1.5912647482206355,1.5912647482206355,2.195111239895099
A1,r4,secondary,12.0,1.60251630936852,1.6776627879667854,1.602589811547097,1.602589811547097,1.602589811547097,2.21360461189424
A1,r4,secondary,12.5,1.59112316376296,1.5917984807576344,1.591347120936641,1.591347120936641,1.591347120936641,2.1917668924577405
A1,r4,secondary,13.0,1.55711163869394,1.5626589123643622,1.5571091785498994,1.5571091785498994,1.5571091785498994,2.144514170657402
A1,r4,secondary,13.5,1.52972374462543,1.4748307691117095,1.5296516604053767,1.5296516604053767,1.5296516604053767,2.1161724008427063
A1,r4,secondary,14.0,1.53144940067195,1.4838853826388296,1.5315084886326822,1.5315084886326822,1.5315084886326822,2.1228340109908994
A1,r4,secondary,14.5,1.5286077373152,1.5693939315884107,1.5286183025526352,1.5286183025526352,1.5286183025526352,2.104350069287498
A1,r4,secondary,15.0,1.52779431823244,1.5969731094908703,1.5279410903106398,1.5279410903106398,1.5279410903106398,2.0816190950516207
A1,r4,secondary,15.5,1.51794846761802,1.4665890715923142,1.5179399833947371,1.5179399833947371,1.5179399833947371,2.0463504281354163
A1,r4,secondary,16.0,1.49239388414304,1.521856207908177,1.4924656188537466,1.4924656188537466,1.4924656188537466,1.9907970360245721
A1,r4,secondary,16.5,1.47053806609018,1.4563266482909285,1.47051541418612,1.47051541418612,1.47051541418612,1.9589930424698998
A1,r4,secondary,17.0,1.46124339863894,1.452912683619967,1.4614401894625084,1.4614401894625084,1.4614401894625084,1.9603812522695787
A1,r4,secondary,17.5,1.45239009152483,1.471653864726003,1.452625349611039,1.452625349611039,1.452625349611039,1.975695318179635
A1,r4,secondary,18.0,1.42840922168213,1.3882884873129984,1.4284170651389554,1.4284170651389554,1.4284170651389554,1.9648496379632883
A1,r4,secondary,18.5,1.41111910737869,1.48814381066986,1.4112919219100997,1.4112919219100997,1.4112919219100997,1.9459077242384737
A1,r4,secondary,19.0,1.39296614364004,1.289895910799701,1.3930185492755793,1.3930185492755793,1.3930185492755793,1.9004861291622162
A1,r4,secondary,19.5,1.37855064171946,1.4172072005102956,1.378626261950877,1.378626261950877,1.378626261950877,1.87653407081891
A1,r4,secondary,20.0,1.36997941381308,1.382611002486979,1.3700169779549884,1.3700169779549884,1.3700169779549884,1.8659910578161032
A1,r4,secondary,20.5,1.37118993149884,1.3503994904024357,1.371278053810991,1.371278053810991,1.371278053810991,1.8735083278325853
A1,r4,secondary,21.0,1.37083536885357,1.3707770339098746,1.3707179752449452,1.3707179752449452,1.3707179752449452,1.8829986561527448
A1,r4,secondary,21.5,1.38050603067493,1.3605789944223063,1.38046544696839,1.38046544696839,1.38046544696839,1.8931344039820486
A1,r4,secondary,22.0,1.37916480862284,1.4104131319264004,1.3792008121161232,1.3792008121161232,1.3792008121161232,1.8688838813710502
A1,r4,secondary,22.5,1.38154943870304,1.4139477585659281,1.3817539466248754,1.3817539466248754,1.3817539466248754,1.8601796699329365
A1,r4,secondary,23.0,1.36524992655435,1.3054063683465575,1.3654512514032777,1.3654512514032777,1.3654512514032777,1.8346816262823344
A1,r4,secondary,23.5,1.33553190276931,1.4415115072511973,1.335535850633747,1.335535850633747,1.335535850633747,1.7810819175449277
A1,r4,secondary,24.0,1.31518648255059,1.2575303605689665,1.3153320645938944,1.3153320645938944,1.3153320645938944,1.7356620251708805
A1,r4,secondary,24.5,1.30141358910003,1.2779453501149294,1.3015988845268613,1.3015988845268613,1.3015988845268613,1.7014788458586334
A1,r4,secondary,25.0,1.28915392987488,1.2860702652183347,1.2890811584891315,1.2890811584891315,1.2890811584891315,1.6864688593165669
A1,r4,secondary,25.5,1.29795231672073,1.2997297229679163,1.2980318381456755,1.2980318381456755,1.2980318381456755,1.6957761015466772
A1,r4,secondary,26.0,1.30278836568097,1.2874944717663412,1.3028586231961246,1.3028586231961246,1.3028586231961246,1.709810466656507
A1,r4,secondary,26.5,1.30194092840836,1.3383560590664834,1.3019759615314346,1.3019759615314346,1.3019759615314346,1.7202679410055957
A1,r4,secondary,27.0,1.297705073541,1.2752885191462842,1.297951567264021,1.297951567264021,1.297951567264021,1.72224333663386
A1,r4,secondary,27.5,1.27693763860862,1.2899524529709738,1.2770260189424814,1.2770260189424814,1.2770260189424814,1.6853627221512817
A1,r4,secondary,28.0,1.25626678200875,1.287925740450365,1.2564580901887172,1.2564580901887172,1.2564580901887172,1.6550667144686944
A1,r4,secondary,28.5,1.23649825906654,1.2006912523452102,1.2365984328771769,1.2365984328771769,1.2365984328771769,1.617545023162033
A1,r4,secondary,29.0,1.2248106327751,1.2225895143400605,1.2247806275397803,1.2247806275397803,1.2247806275397803,1.5905007004232243
A1,r4,secondary,29.5,1.22614216625754,1.2118024851446887,1.2261388124210728,1.2261388124210728,1.2261388124210728,1.5911054017591015
A1,r4,secondary,30.0,1.23541448798469,1.224802818169521,1.2359198049460285,1.2359198049460285,1.2359198049460285,1.605589048689719
A1,r5,primary,0.0,0.0,,0.0,0.0,0.0,0.0
A1,r5,primary,0.5,7.9628129581066e-05,0.0,5.077267214048581e-05,6.792982259970186e-05,5.077267214048581e-05,0.00015122416641783683
A1,r5,primary,1.0,0.0083304128726084,0.0,0.007683153424781954,0.00822508322263484,0.007683153424781954,0.010042775356063873
A1,r5,primary,1.5,0.0455061221133282,0.0,0.04535514573810492,0.04535514573810492,0.04535514573810492,0.06747665958772209
A1,r5,primary,2.0,0.15841508895511,0.05571471249698466,0.158197452895275,0.158197452895275,0.158197452895275,0.251111207882126
A1,r5,primary,2.5,0.385896684393731,0.22983950508398865,0.38583387988064916,0.38583387988064916,0.38583387988064916,0.5988840831961539
A1,r5,primary,3.0,0.726139069724821,0.6809188067955659,0.7262276125103445,0.7262276125103445,0.7262276125103445,1.106100303261269
A1,r5,primary,3.5,1.11304349230657,1.1828874153030104,1.1134003335567064,1.1134003335567064,1.1134003335567064,1.6596833996810105
A1,r5,primary,4.0,1.46211985945808,1.6353709974112063,1.4627296651959323,1.4627296651959323,1.4627296651959323,2.1339748715191504
A1,r5,primary,4.5,1.68523755811147,1.820278545681433,1.6858003938975612,1.6858003938975612,1.6858003938975612,2.430757961459896
A1,r5,primary,5.0,1.76290842684113,1.8619710869088808,1.7636736948595833,1.7636736948595833,1.7636736948595833,2.5280614139393895
A1,r5,primary,5.5,1.72837382260967,1.7218504876889902,1.7288961795670343,1.7288961795670343,1.7288961795670343,2.4695772159421923
A1,r5,primary,6.0,1.64601278637245,1.6428047948414934,1.6462887092318421,1.6462887092318421,1.6462887092318421,2.3563740678039427
A1,r5,primary,6.5,1.57571410283444,1.5362543153296737,1.5759846883024424,1.5759846883024424,1.5759846883024424,2.249737552702424
A1,r5,primary,7.0,1.5297475202629,1.470870153030586,1.529872115564145,1.529872115564145,1.529872115564145,2.1654726618523465
A1,r5,primary,7.5,1.50400062640944,1.5768625900757103,1.503976902432169,1.503976902432169,1.503976902432169,2.115379702553555
A1,r5,primary,8.0,1.49126012840861,1.476759093011262,1.491437952148034,1.491437952148034,1.491437952148034,2.0775078965440605
A1,r5,primary,8.5,1.48053063445866,1.442306411843246,1.4808508715886564,1.4808508715886564,1.4808508715886564,2.0489834314072937
A1,r5,primary,9.0,1.46232557429638,1.4703395988093488,1.4626319466993367,1.4626319466993367,1.4626319466993367,2.016851111898676
A1,r5,primary,9.5,1.457565184403,1.4864671710725395,1.4578694959013325,1.4578694959013325,1.4578694959013325,2.002533095110053
A1,r5,primary,10.0,1.45753126574725,1.4124510935067751,1.4578093279602102,1.4578093279602102,1.4578093279602102,1.9901321267858014
A1,r5,primary,10.5,1.45202360382946,1.4654008810463919,1.4523442672154154,1.4523442672154154,1.4523442672154154,1.973180671398068
A1,r5,primary,11.0,1.43614089056814,1.4763696449284915,1.4363063582387536,1.4363063582387536,1.4363063582387536,1.9369686221082116
A1,r5,primary,11.5,1.41670370335253,1.4229490394147752,1.4169511880597345,1.4169511880597345,1.4169511880597345,1.9011185116344689
A1,r5,primary,12.0,1.38935612099255,1.3711937137559587,1.3896269525534586,1.3896269525534586,1.3896269525534586,1.860670948249156
A1,r5,primary,12.5,1.3694673596214,1.3533547697478367,1.369617393654778,1.369617393654778,1.369617393654778,1.8296210039829477
A1,r5,primary,13.0,1.36170773862703,1.3349138811341419,1.361863647865547,1.361863647865547,1.361863647865547,1.8126658302022143
A1,r5,primary,13.5,1.36581953502183,1.3888057064666997,1.366045892302512,1.366045892302512,1.366045892302512,1.813641707904756
A1,r5,primary,14.0,1.36953661968737,1.3472921658593793,1.3697108736671166,1.3697108736671166,1.3697108736671166,1.8107994020810214
A1,r5,primary,14.5,1.37586761392677,1.4062147805086729,1.3761273625082147,1.3761273625082147,1.3761273625082147,1.813167869719179
A1,r5,primary,15.0,1.37480677287959,1.362124784051916,1.3750229622611674,1.3750229622611674,1.3750229622611674,1.8103609334749209
A1,r5,primary,15.5,1.37279758094515,1.391868939806293,1.3729971170398123,1.3729971170398123,1.3729971170398123,1.8075537087013906
A1,r5,primary,16.0,1.36068739548349,1.3389940078470046,1.3608407814642056,1.3608407814642056,1.3608407814642056,1.793558137963397
A1,r5,primary,16.5,1.35093693425962,1.349415629167053,1.3511289814084362,1.3511289814084362,1.3511289814084362,1.7836947904255303
A1,r5,primary,17.0,1.34216371649147,1.342483165278117,1.3422560271405817,1.3422560271405817,1.3422560271405817,1.7683054107659655
A1,r5,primary,17.5,1.3421839886971,1.340943747101269,1.3423042284523958,1.3423042284523958,1.3423042284523958,1.7607148152932128
A1,r5,primary,18.0,1.34079904770345,1.3308374373898455,1.3409670528901614,1.3409670528901614,1.3409670528901614,1.751539719792036
A1,r5,primary,18.5,1.33612456932975,1.36741580326394,1.3363064416624033,1.3363064416624033,1.3363064416624033,1.7430923198567514
A1,r5,primary,19.0,1.32330384399098,1.3244074141786524,1.3233989875949936,1.3233989875949936,1.3233989875949936,1.7188736675882548
A1,r5,primary,19.5,1.31086932553134,1.3111497983350011,1.3109628149528367,1.3109628149528367,1.3109628149528367,1.7028836493969566
A1,r5,primary,20.0,1.30108208348436,1.2702374550461988,1.3011710694554173,1.3011710694554173,1.3011710694554173,1.6941518997652802
A1,r5,primary,20.5,1.30026177900069,1.3120747082698614,1.3003221800898244,1.3003221800898244,1.3003221800898244,1.6901807649095373
A1,r5,primary,21.0,1.30224295031365,1.3018512693954822,1.3024077182004044,1.3024077182004044,1.3024077182004044,1.6894645429601054
A1,r5,primary,21.5,1.30088716458389,1.3087437284607,1.3010466356332275,1.3010466356332275,1.3010466356332275,1.6897917827912703
A1,r5,primary,22.0,1.29338380656377,1.29892854921866,1.2935090197296844,1.2935090197296844,1.2935090197296844,1.6755159116908447
A1,r5,primary,22.5,1.28139939891395,1.2701492766409894,1.281567493303537,1.281567493303537,1.281567493303537,1.6521677314632923
A1,r5,primary,23.0,1.26876330208031,1.2858493582637136,1.2690301904671275,1.2690301904671275,1.2690301904671275,1.630593126627019
A1,r5,primary,23.5,1.25670758119608,1.237417319695402,1.2567979687032427,1.2567979687032427,1.2567979687032427,1.6045560758610369
A1,r5,primary,24.0,1.25174641003519,1.261302140980128,1.2519234067858822,1.2519234067858822,1.2519234067858822,1.5838379189696097
A1,r5,primary,24.5,1.24774173596558,1.2333602015001333,1.247806477127456,1.247806477127456,1.247806477127456,1.576463448366406
A1,r5,primary,25.0,1.24522877151905,1.2683522228988,1.245362338876744,1.245362338876744,1.245362338876744,1.5738278626787106
A1,r5,primary,25.5,1.23991797574862,1.2339539450624353,1.2399850716791896,1.2399850716791896,1.2399850716791896,1.5707172282991209
A1,r5,primary,26.0,1.23561253425365,1.2319557747105776,1.2357643243872256,1.2357643243872256,1.2357643243872256,1.5671603347362537
A1,r5,primary,26.5,1.22529297252365,1.2192622897667307,1.2254238552481898,1.2254238552481898,1.2254238552481898,1.5521871349845113
A1,r5,primary,27.0,1.21800315033361,1.244579206305544,1.2180934208152716,1.2180934208152716,1.2180934208152716,1.538762808866782
A1,r5,primary,27.5,1.21164178754661,1.1886674379026934,1.211783694292865,1.211783694292865,1.211783694292865,1.5333678421384953
A1,r5,primary,28.0,1.20651217433401,1.213053921068329,1.206658373445567,1.206658373445567,1.206658373445567,1.52445220614637
A1,r5,primary,28.5,1.20601079477072,1.1958799329149528,1.206118870162149,1.206118870162149,1.206118870162149,1.5179463425853221
A1,r5,primary,29.0,1.21265700164063,1.2026134984778327,1.2127783881994192,1.2127783881994192,1.2127783881994192,1.5215295158119737
A1,r5,primary,29.5,1.2133766574087,1.2343103398031472,1.213519925075054,1.213519925075054,1.213519925075054,1.5183310753552564
A1,r5,primary,30.0,1.20538696384561,1.222343503122431,1.2059231235066845,1.2059231235066845,1.2059231235066845,1.5062851059356437
A1,r5,secondary,0.0,0.0,,0.0,0.0,0.0,0.0
A1,r5,secondary,0.5,1.31256792137789e-17,0.0,0.0,0.0,0.0,0.0
A1,r5,secondary,1.0,0.0,0.0,0.0,0.0,0.0,0.0
A1,r5,secondary,1.5,0.0005027700874889,0.0,0.00046348860451129765,0.00046348860451129765,0.00046348860451129765,0.000991487044093866
A1,r5,secondary,2.0,0.0206640649518304,0.0,0.020428170777408803,0.020428170777408803,0.020428170777408803,0.03806570201225255
A1,r5,secondary,2.5,0.14510504099322,0.0,0.1447379812877304,0.1447379812877304,0.1447379812877304,0.2301670218327386
A1,r5,secondary,3.0,0.457117314138441,0.1401018027741867,0.4566763454956554,0.4566763454956554,0.4566763454956554,0.7009998005167875
A1,r5,secondary,3.5,0.933073327710663,0.8343213168024142,0.9327887334562281,0.9327887334562281,0.9327887334562281,1.4133599528503344
A1,r5,secondary,4.0,1.49555328321167,1.6914665561675464,1.4961888703358632,1.4961888703358632,1.4961888703358632,2.219455959087159
A1,r5,secondary,4.5,1.94850588991489,2.1694882349487483,1.9492957927488048,1.9492957927488048,1.9492957927488048,2.8488209783666267
A1,r5,secondary,5.0,2.15559536577743,2.501318301430935,2.156569672842119,2.156569672842119,2.156569672842119,3.1255735938280567
A1,r5,secondary,5.5,2.12280282086466,2.142368334006188,2.123550206623051,2.123550206623051,2.123550206623051,3.042441530382765
A1,r5,secondary,6.0,1.97267204928713,1.940433142261188,1.9731084921516675,1.9731084921516675,1.9731084921516675,2.785497752098844
A1,r5,secondary,6.5,1.80006103458506,1.7025831124179103,1.8001795814364556,1.8001795814364556,1.8001795814364556,2.501533267724374
A1,r5,secondary,7.0,1.68054710631289,1.675134938968047,1.6809796115064137,1.6809796115064137,1.6809796115064137,2.285557275763282
A1,r5,secondary,7.5,1.61133520572942,1.6392242471521241,1.6114022633764336,1.6114022633764336,1.6114022633764336,2.186718486278857
A1,r5,secondary,8.0,1.58007410316507,1.4656184315494747,1.5802871963771594,1.5802871963771594,1.5802871963771594,2.1548435329045694
A1,r5,secondary,8.5,1.55970280501772,1.5722143308045955,1.5598247568030854,1.5598247568030854,1.5598247568030854,2.144216881753283
A1,r5,secondary,9.0,1.54803083767359,1.5939992192484023,1.548262700207892,1.548262700207892,1.548262700207892,2.1478671371728244
A1,r5,secondary,9.5,1.54713135051906,1.5639729401127043,1.5475340401654276,1.5475340401654276,1.5475340401654276,2.134751266833349
A1,r5,secondary,10.0,1.54192140524572,1.495902679430193,1.5423056607095065,1.5423056607095065,1.5423056607095065,2.093851148673872
A1,r5,secondary,10.5,1.52880242716548,1.5233844662294929,1.529144233864996,1.529144233864996,1.529144233864996,2.0690576673858225
A1,r5,secondary,11.0,1.50268679597081,1.5537075258930462,1.502786526740059,1.502786526740059,1.502786526740059,2.0284747115265604
A1,r5,secondary,11.5,1.47479715915697,1.5164918134745433,1.474856473800958,1.474856473800958,1.474856473800958,1.9871428656007155
A1,r5,secondary,12.0,1.44775725522784,1.3742492611711186,1.447995142503026,1.447995142503026,1.447995142503026,1.958323226432248
A1,r5,secondary,12.5,1.42759464314454,1.4063334563134564,1.427846554526581,1.427846554526581,1.427846554526581,1.9280716853981141
A1,r5,secondary,13.0,1.41225763286992,1.458629980350379,1.4123629109957967,1.4123629109957967,1.4123629109957967,1.896868734695147
A1,r5,secondary,13.5,1.42014516565571,1.4470742893031743,1.4201854900183741,1.4201854900183741,1.4201854900183741,1.8937922946802377
A1,r5,secondary,14.0,1.41490152579654,1.2594462807807074,1.414940587053485,1.414940587053485,1.414940587053485,1.871251301201201
A1,r5,secondary,14.5,1.41395118181858,1.560785939693295,1.4141399507090686,1.4141399507090686,1.4141399507090686,1.8506333983644463
A1,r5,secondary,15.0,1.41228016512671,1.3752163750798432,1.4123726298477985,1.4123726298477985,1.4123726298477985,1.8262671094481548
A1,r5,secondary,15.5,1.41607121310807,1.437590228635977,1.4162583666318411,1.4162583666318411,1.4162583666318411,1.8157161669669757
A1,r5,secondary,16.0,1.4056093357963,1.3350664691588685,1.4057653368606653,1.4057653368606653,1.4057653368606653,1.8050037950667122
A1,r5,secondary,16.5,1.40164736556576,1.4583810586414172,1.4018956167582852,1.4018956167582852,1.4018956167582852,1.8213887631717163
A1,r5,secondary,17.0,1.39242612441817,1.4091613353320578,1.3926130237645313,1.3926130237645313,1.3926130237645313,1.8286545342338159
A1,r5,secondary,17.5,1.38599036382842,1.3587790641024005,1.3862466007259842,1.3862466007259842,1.3862466007259842,1.8308356894250997
A1,r5,secondary,18.0,1.37922108100085,1.3919003422931817,1.3794547570035052,1.3794547570035052,1.3794547570035052,1.811915624504289
A1,r5,secondary,18.5,1.36989059627402,1.33805141328215,1.3701663710343857,1.3701663710343857,1.3701663710343857,1.7967603402549426
A1,r5,secondary,19.0,1.36156013925932,1.447715548662811,1.3616655776013182,1.3616655776013182,1.3616655776013182,1.7703915694225154
A1,r5,secondary,19.5,1.34400606289602,1.271375491081453,1.3442656303144314,1.3442656303144314,1.3442656303144314,1.7336836078344953
A1,r5,secondary,20.0,1.31833228938609,1.3563337431074372,1.3184927958350958,1.3184927958350958,1.3184927958350958,1.6914005300038752
A1,r5,secondary,20.5,1.29551595011207,1.3194558900282258,1.29559817613422,1.29559817613422,1.29559817613422,1.6625179992105763
A1,r5,secondary,21.0,1.29496270912416,1.219019640755328,1.2952148085505135,1.2952148085505135,1.2952148085505135,1.642285962329832
A1,r5,secondary,21.5,1.29278051498578,1.29216769636749,1.2929064808868163,1.2929064808868163,1.2929064808868163,1.634935295231415
A1,r5,secondary,22.0,1.28212650835677,1.3479582174585916,1.2823054158818132,1.2823054158818132,1.2823054158818132,1.6192208203020735
A1,r5,secondary,22.5,1.27053690159561,1.2802033092695406,1.2706699670051576,1.2706699670051576,1.2706699670051576,1.5909897676679672
A1,r5,secondary,23.0,1.2633885948657,1.191123558892142,1.2633957147176025,1.2633957147176025,1.2633957147176025,1.5835108412250405
A1,r5,secondary,23.5,1.26367581921469,1.2178055526541507,1.2639532275452698,1.2639532275452698,1.2639532275452698,1.5895423055929006
A1,r5,secondary,24.0,1.27005792088352,1.3594646251893332,1.2702083710878314,1.2702083710878314,1.2702083710878314,1.5892625296515053
A1,r5,secondary,24.5,1.27596189341841,1.298278897382523,1.2762676466862906,1.2762676466862906,1.2762676466862906,1.590837930002332
A1,r5,secondary,25.0,1.26206941361258,1.2257311723829323,1.262187397563157,1.262187397563157,1.262187397563157,1.5734993071519119
A1,r5,secondary,25.5,1.24083076955103,1.2622545312044644,1.2409513160090826,1.2409513160090826,1.2409513160090826,1.5520241520076181
A1,r5,secondary,26.0,1.22410738635334,1.1956193145707985,1.2242708081386329,1.2242708081386329,1.2242708081386329,1.53666098832997
A1,r5,secondary,26.5,1.20721268536151,1.218756992774094,1.20726314298632,1.20726314298632,1.20726314298632,1.514278711931291
A1,r5,secondary,27.0,1.19382459735365,1.1888487319819447,1.1939633425635607,1.1939633425635607,1.1939633425635607,1.4914128631372654
A1,r5,secondary,27.5,1.18818807997722,1.162590240507883,1.1883791069523157,1.1883791069523157,1.1883791069523157,1.48131272019667
A1,r5,secondary,28.0,1.19007633675334,1.193067335927907,1.190232572422871,1.190232572422871,1.190232572422871,1.4731133325849872
A1,r5,secondary,28.5,1.19960404595185,1.1998022593363915,1.1997807870674289,1.1997807870674289,1.1997807870674289,1.47667408035884
A1,r5,secondary,29.0,1.20807770612956,1.230101180534741,1.2081614513451893,1.2081614513451893,1.2081614513451893,1.473690295406627
A1,r5,secondary,29.5,1.20905896367364,1.2250496587816448,1.2091448025004055,1.2091448025004055,1.2091448025004055,1.4655076702535625
A1,r5,secondary,30.0,1.19000721031697,1.1802651635571677,1.1904173508693423,1.1904173508693423,1.1904173508693423,1.4469318487157548
A2,r1,primary,0.0,2.26216095052329e-16,,0.0,0.0,0.0,0.0
A2,r1,primary,0.5,0.0,0.0,0.0,0.0,0.0,0.0
A2,r1,primary,1.0,0.0011180280619303,0.0,0.0010053489764929467,0.0011074610325051521,0.0010053489764929467,0.001928849081293282
A2,r1,primary,1.5,0.0071214519011825,0.0,0.0070516234202933695,0.007071738497332023,0.0070516234202933695,0.011392653953539734
A2,r1,primary,2.0,0.0317269287914579,0.0,0.0315998546197399,0.0315998546197399,0.0315998546197399,0.0484485050778693
A2,r1,primary,2.5,0.0977254872256623,0.03138816317106303,0.09758306370257885,0.09758306370257885,0.09758306370257885,0.14288667771632374
A2,r1,primary,3.0,0.224244663665156,0.13494286415629178,0.2241721445959949,0.2241721445959949,0.2241721445959949,0.3248013059642089
A2,r1,primary,3.5,0.411553811368973,0.3350516152927641,0.41159198150708914,0.41159198150708914,0.41159198150708914,0.5891052220661079
A2,r1,primary,4.0,0.650351092792755,0.6641320393872798,0.6504413167065515,0.6504413167065515,0.6504413167065515,0.9133892102818646
A2,r1,primary,4.5,0.903225348170674,0.8966515181301655,0.9035349224449085,0.9035349224449085,0.9035349224449085,1.2488679986233782
A2,r1,primary,5.0,1.12735120545439,1.209198000642084,1.12778282129012,1.12778282129012,1.12778282129012,1.5360107494904207
A2,r1,primary,5.5,1.29830879691333,1.402441552384662,1.2988332784492211,1.2988332784492211,1.2988332784492211,1.739856879508136
A2,r1,primary,6.0,1.41638569473164,1.4409841204249274,1.4169075797885462,1.4169075797885462,1.4169075797885462,1.8650015523393109
A2,r1,primary,6.5,1.47206311191237,1.4911895578895666,1.4724528175463425,1.4724528175463425,1.4724528175463425,1.9201026528869862
A2,r1,primary,7.0,1.48099493190077,1.5584806643432336,1.4813736987495134,1.4813736987495134,1.4813736987495134,1.9189858516241631
A2,r1,primary,7.5,1.46833018478991,1.497131774947013,1.4685724985486022,1.4685724985486022,1.4685724985486022,1.898481461048941
A2,r1,primary,8.0,1.44808212567844,1.4016378200588657,1.4485621594362423,1.4485621594362423,1.4485621594362423,1.881839074545008
A2,r1,primary,8.5,1.41743434923741,1.3937805277102993,1.4177320087347474,1.4177320087347474,1.4177320087347474,1.8492342133886819
A2,r1,primary,9.0,1.39856015505953,1.444122354014728,1.3988245062525755,1.3988245062525755,1.3988245062525755,1.823556074493109
A2,r1,primary,9.5,1.39144141633991,1.3445914959057956,1.3917858695087564,1.3917858695087564,1.3917858695087564,1.8140015847132163
A2,r1,primary,10.0,1.37215500523789,1.4199410649866062,1.3724034691820044,1.3724034691820044,1.3724034691820044,1.7842423364498596
A2,r1,primary,10.5,1.34826056907847,1.3664481694268933,1.3484704995233936,1.3484704995233936,1.3484704995233936,1.7447561320772675
A2,r1,primary,11.0,1.33224505969017,1.2951732550130293,1.3323937433223398,1.3323937433223398,1.3323937433223398,1.716573462315756
A2,r1,primary,11.5,1.32411639378403,1.2962025494393405,1.3243386584015875,1.3243386584015875,1.3243386584015875,1.7040227673093717
A2,r1,primary,12.0,1.3198769135683,1.3085537021137454,1.3201205049023763,1.3201205049023763,1.3201205049023763,1.6924946602545505
A2,r1,primary,12.5,1.32148069539891,1.3474961668312064,1.32180041947502,1.32180041947502,1.32180041947502,1.692303744428672
A2,r1,primary,13.0,1.32151864805115,1.3417859550866247,1.321735561371615,1.321735561371615,1.321735561371615,1.6945825425507863
A2,r1,primary,13.5,1.31943146697109,1.3130695187902681,1.3196029887278984,1.3196029887278984,1.3196029887278984,1.6936482759524916
A2,r1,primary,14.0,1.31203560553941,1.2778768999883228,1.3122213177114304,1.3122213177114304,1.3122213177114304,1.683359103769375
A2,r1,primary,14.5,1.30417086584273,1.3326800650515729,1.3043263338210924,1.3043263338210924,1.3043263338210924,1.6675305340491406
A2,r1,primary,15.0,1.29901232529286,1.3109344433191361,1.299194134178644,1.299194134178644,1.299194134178644,1.6512691544535911
A2,r1,primary,15.5,1.29221018216123,1.2629119249729066,1.2924174229644396,1.2924174229644396,1.2924174229644396,1.6278579551568708
A2,r1,primary,16.0,1.27963916311026,1.282657699349956,1.2797732037081995,1.2797732037081995,1.2797732037081995,1.5982336140618632
A2,r1,primary,16.5,1.27180721122211,1.2802676540281,1.272002375919518,1.272002375919518,1.272002375919518,1.5832752635393381
A2,r1,primary,17.0,1.26964659924586,1.275098864218048,1.2698463839265703,1.2698463839265703,1.2698463839265703,1.5805395199816143
A2,r1,primary,17.5,1.26788221621342,1.2564105759742559,1.2680658940219627,1.2680658940219627,1.2680658940219627,1.5859970714893674
A2,r1,primary,18.0,1.26782246130499,1.2647385733342467,1.2680152725841045,1.2680152725841045,1.2680152725841045,1.5911896435488073
A2,r1,primary,18.5,1.26565272349009,1.2886687103797851,1.2658671756014899,1.2658671756014899,1.2658671756014899,1.5907891922028272
A2,r1,primary,19.0,1.26276214152947,1.2461254147172447,1.262955688777156,1.262955688777156,1.262955688777156,1.5853722749120542
A2,r1,primary,19.5,1.25748898961354,1.2537428550411567,1.257624721944924,1.257624721944924,1.257624721944924,1.5791484991263187
A2,r1,primary,20.0,1.2528943871359,1.2566575355260126,1.253087620817173,1.253087620817173,1.253087620817173,1.5738559224075594
A2,r1,primary,20.5,1.25074031148991,1.254090626854805,1.25084734474679,1.25084734474679,1.25084734474679,1.570742392171196
A2,r1,primary,21.0,1.24963707116607,1.2503662239614184,1.2497703269457057,1.2497703269457057,1.2497703269457057,1.567583800374393
A2,r1,primary,21.5,1.24591615448436,1.2386110823908418,1.2460415819192245,1.2460415819192245,1.2460415819192245,1.5572087204491185
A2,r1,primary,22.0,1.24357427861653,1.2726705347604834,1.2437061979807649,1.2437061979807649,1.2437061979807649,1.548482873401549
A2,r1,primary,22.5,1.24259998106335,1.2132480081601371,1.2427908725209198,1.2427908725209198,1.2427908725209198,1.543268300893117
A2,r1,primary,23.0,1.24321518094274,1.2464949717013665,1.243376470669949,1.243376470669949,1.243376470669949,1.5364587430381726
A2,r1,primary,23.5,1.24259221542676,1.2350894251686266,1.2427673978367815,1.2427673978367815,1.2427673978367815,1.5280829921381007
A2,r1,primary,24.0,1.24265387069294,1.2502856131981352,1.2428510966307684,1.2428510966307684,1.2428510966307684,1.5196536357097103
A2,r1,primary,24.5,1.2383498307177,1.2375990214335462,1.2385395437789792,1.2385395437789792,1.2385395437789792,1.511586285444003
A2,r1,primary,25.0,1.23543963678857,1.2413833209341072,1.2356350976879908,1.2356350976879908,1.2356350976879908,1.5082833036823544
A2,r1,primary,25.5,1.2295248844274,1.2091528226947497,1.2297418187373894,1.2297418187373894,1.2297418187373894,1.5034801466391874
A2,r1,primary,26.0,1.2231578418787,1.2379234418345877,1.2233259101734792,1.2233259101734792,1.2233259101734792,1.49831533833137
A2,r1,primary,26.5,1.21806300465,1.242305491837504,1.2182666783837366,1.2182666783837366,1.2182666783837366,1.490774475347873
A2,r1,primary,27.0,1.21185898814041,1.177032697992925,1.212036924987597,1.212036924987597,1.212036924987597,1.4755580986751262
A2,r1,primary,27.5,1.20490779843459,1.2256253809992974,1.205039749669593,1.205039749669593,1.205039749669593,1.4606137040385592
A2,r1,primary,28.0,1.20280234701016,1.1925513512559018,1.2029521191569708,1.2029521191569708,1.2029521191569708,1.4559795582772872
A2,r1,primary,28.5,1.2073642528426,1.2028137596049235,1.207498644316057,1.207498644316057,1.207498644316057,1.4624887740982515
A2,r1,primary,29.0,1.20885515130475,1.2120842878015912,1.2090114818121804,1.2090114818121804,1.2090114818121804,1.4656096137818944
A2,r1,primary,29.5,1.20961226320237,1.2301127961261138,1.2097468932001338,1.2097468932001338,1.2097468932001338,1.4703510574184446
A2,r1,primary,30.0,1.2055614650366,1.2028171368821523,1.2058294278322763,1.2058294278322763,1.2058294278322763,1.4652624841744584
A2,r1,secondary,0.0,0.0,,0.0,0.0,0.0,0.0
A2,r1,secondary,0.5,0.0,0.0,0.0,0.0,0.0,0.0
A2,r1,secondary,1.0,0.0,0.0,0.0,0.0,0.0,0.0
A2,r1,secondary,1.5,0.0009786962870375,0.0,0.000936949231317727,0.0009396219216821933,0.000936949231317727,0.001612409393335984
A2,r1,secondary,2.0,0.007221138753397,0.0,0.00712814811268174,0.00712814811268174,0.00712814811268174,0.011735767526106515
A2,r1,secondary,2.5,0.0379304861381769,0.0,0.03763170474448855,0.03763170474448855,0.03763170474448855,0.05703553406583781
A2,r1,secondary,3.0,0.123738408908709,0.042797757985992495,0.12364520988929696,0.12364520988929696,0.12364520988929696,0.18448768685539838
A2,r1,secondary,3.5,0.261265298215514,0.138180564013159,0.2612279840659375,0.2612279840659375,0.2612279840659375,0.39183207627765587
A2,r1,secondary,4.0,0.464062146858608,0.476810307130361,0.4640573948806155,0.4640573948806155,0.4640573948806155,0.6843577236407528
A2,r1,secondary,4.5,0.714535316252391,0.684213611337499,0.7144984732931073,0.7144984732931073,0.7144984732931073,1.0272707344277858
A2,r1,secondary,5.0,0.96871606779626,1.007194510222968,0.9689755450016014,0.9689755450016014,0.9689755450016014,1.355233910381523
A2,r1,secondary,5.5,1.19191723257805,1.2497288572764702,1.1921576096763922,1.1921576096763922,1.1921576096763922,1.6314998061872923
A2,r1,secondary,6.0,1.37054343344834,1.4315261452060157,1.3708723274199182,1.3708723274199182,1.3708723274199182,1.8293665331704574
A2,r1,secondary,6.5,1.49468779128288,1.5968890229028918,1.4951428413416215,1.4951428413416215,1.4951428413416215,1.974350937352764
A2,r1,secondary,7.0,1.53471406250044,1.580347872498349,1.5349964175114574,1.5349964175114574,1.5349964175114574,2.019755736665394
A2,r1,secondary,7.5,1.53061382980055,1.6499746494383896,1.5308004936831148,1.5308004936831148,1.5308004936831148,2.012621730257458
A2,r1,secondary,8.0,1.51141657831574,1.3659272546577172,1.51193258366062,1.51193258366062,1.51193258366062,1.979420450917147
A2,r1,secondary,8.5,1.4676980425469,1.4990863319760135,1.4680442962098665,1.4680442962098665,1.4680442962098665,1.9128627692753115
A2,r1,secondary,9.0,1.42156706232749,1.4485778395485653,1.421884694493329,1.421884694493329,1.421884694493329,1.8407673008469798
A2,r1,secondary,9.5,1.39393831276507,1.3895137242472628,1.3942579496175793,1.3942579496175793,1.3942579496175793,1.799929851180289
A2,r1,secondary,10.0,1.36863088324081,1.3376765807924909,1.3689093610734204,1.3689093610734204,1.3689093610734204,1.7763069972132732
A2,r1,secondary,10.5,1.33867697065932,1.359303679474754,1.3389363427680352,1.3389363427680352,1.3389363427680352,1.7472418231824889
A2,r1,secondary,11.0,1.31248578643531,1.3162460493288086,1.3126815480390444,1.3126815480390444,1.3126815480390444,1.7212179594838628
A2,r1,secondary,11.5,1.3025214201895,1.2536924678289187,1.3024972102942138,1.3024972102942138,1.3024972102942138,1.7104729488962298
A2,r1,secondary,12.0,1.30291805698319,1.2597271887211579,1.3031283537378755,1.3031283537378755,1.3031283537378755,1.7015335310375517
A2,r1,secondary,12.5,1.30031190758854,1.3125713005448154,1.3004160452751639,1.3004160452751639,1.3004160452751639,1.6890055677586207
A2,r1,secondary,13.0,1.30726665529356,1.3720540683014746,1.3074064496922166,1.3074064496922166,1.3074064496922166,1.6940131270092336
A2,r1,secondary,13.5,1.30793857443494,1.3015329063673056,1.3081028026850234,1.3081028026850234,1.3081028026850234,1.6903936997732887
A2,r1,secondary,14.0,1.29250378498208,1.2582939764207122,1.2926221860885274,1.2926221860885274,1.2926221860885274,1.6690216925246046
A2,r1,secondary,14.5,1.27314052146393,1.3441876594057933,1.27323937190882,1.27323937190882,1.27323937190882,1.6293628011325039
A2,r1,secondary,15.0,1.25699230847553,1.1905163579933902,1.2572222952948213,1.2572222952948213,1.2572222952948213,1.5995297661626429
A2,r1,secondary,15.5,1.24379904107378,1.2527852142365163,1.2440086373131964,1.2440086373131964,1.2440086373131964,1.571094989962234
A2,r1,secondary,16.0,1.22208184413107,1.2698644321047468,1.2221987426074399,1.2221987426074399,1.2221987426074399,1.532281075214452
A2,r1,secondary,16.5,1.20881803214725,1.1966225825929253,1.2089907540505564,1.2089907540505564,1.2089907540505564,1.5077390025299946
A2,r1,secondary,17.0,1.19520713755751,1.1637286198633774,1.195318130677172,1.195318130677172,1.195318130677172,1.4874122133768464
A2,r1,secondary,17.5,1.19727179222635,1.157659977805775,1.1975275472072677,1.1975275472072677,1.1975275472072677,1.4926218881329754
A2,r1,secondary,18.0,1.20437982676293,1.2392450979179934,1.2046630315753168,1.2046630315753168,1.2046630315753168,1.5022874352267577
A2,r1,secondary,18.5,1.20731568949676,1.2367563458880189,1.2075684615802351,1.2075684615802351,1.2075684615802351,1.5164038477823534
A2,r1,secondary,19.0,1.2092712112829,1.2160178918688287,1.2093970610904234,1.2093970610904234,1.2093970610904234,1.5309865595935543
A2,r1,secondary,19.5,1.20487355328663,1.157268474727453,1.2050173128419677,1.2050173128419677,1.2050173128419677,1.5316435134694322
A2,r1,secondary,20.0,1.20171632621682,1.1934766257055152,1.2018901022566202,1.2018901022566202,1.2018901022566202,1.52839764370591
A2,r1,secondary,20.5,1.21107439141687,1.1967889714481263,1.2111422940982715,1.2111422940982715,1.2111422940982715,1.5364855039379766
A2,r1,secondary,21.0,1.22596395385402,1.2451701265615216,1.226135178839318,1.226135178839318,1.226135178839318,1.549471945795877
A2,r1,secondary,21.5,1.22233586019667,1.2814089578201613,1.2225531694378036,1.2225531694378036,1.2225531694378036,1.538393967626519
A2,r1,secondary,22.0,1.21031243864574,1.2434924011241313,1.2105733889223622,1.2105733889223622,1.2105733889223622,1.520774827003983
A2,r1,secondary,22.5,1.19239365771072,1.119577405904398,1.1926725775868936,1.1926725775868936,1.1926725775868936,1.5002889510278719
A2,r1,secondary,23.0,1.17281951236556,1.173435627024104,1.1729488598235114,1.1729488598235114,1.1729488598235114,1.4748641677244376
A2,r1,secondary,23.5,1.16535356898315,1.166048656687657,1.1654727981840407,1.1654727981840407,1.1654727981840407,1.4555074288947136
A2,r1,secondary,24.0,1.17844369599312,1.1799203833439813,1.1786428834945577,1.1786428834945577,1.1786428834945577,1.45625767879796
A2,r1,secondary,24.5,1.19225322190468,1.16307504945339,1.192360732952495,1.192360732952495,1.192360732952495,1.4589191964169348
A2,r1,secondary,25.0,1.2052206901833,1.2358744893953355,1.2054227020117703,1.2054227020117703,1.2054227020117703,1.471071369490316
A2,r1,secondary,25.5,1.20820410587804,1.2206928048073413,1.208361759461125,1.208361759461125,1.208361759461125,1.4755126687796578
A2,r1,secondary,26.0,1.20151906037045,1.2468354613866623,1.2017566447305745,1.2017566447305745,1.2017566447305745,1.4731710081561713
A2,r1,secondary,26.5,1.18617548496092,1.1462959524672853,1.1863366220225722,1.1863366220225722,1.1863366220225722,1.453567123782334
A2,r1,secondary,27.0,1.17079260382759,1.1596760626305254,1.1709198409815877,1.1709198409815877,1.1709198409815877,1.4296392936954645
A2,r1,secondary,27.5,1.16133960387761,1.1428209682167243,1.1614644910129843,1.1614644910129843,1.1614644910129843,1.4094744410630171
A2,r1,secondary,28.0,1.15735104702381,1.188558761535324,1.1574172260916078,1.1574172260916078,1.1574172260916078,1.4029597626691217
A2,r1,secondary,28.5,1.16280179517223,1.1370013809556259,1.1629023075128968,1.1629023075128968,1.1629023075128968,1.4174369715265964
A2,r1,secondary,29.0,1.17241121047293,1.1655908153594192,1.1725532015035056,1.1725532015035056,1.1725532015035056,1.4339844748171164
A2,r1,secondary,29.5,1.1762185548207,1.1668939825372835,1.1762807216266258,1.1762807216266258,1.1762807216266258,1.442680257036056
A2,r1,secondary,30.0,1.18530746691168,1.2086131656545012,1.1855937289279967,1.1855937289279967,1.1855937289279967,1.4531477720254644
A2,r2,primary,0.0,1.21354387234026e-16,,0.0,0.0,0.0,0.0
A2,r2,primary,0.5,0.0,0.0,0.0,0.0,0.0,0.0
A2,r2,primary,1.0,0.0001914466565788,0.0,0.000157444916277042,0.000176274629370504,0.000157444916277042,0.00022306935427035727
A2,r2,primary,1.5,0.0036055735605085,0.0,0.0035554650142615284,0.0035861292920964624,0.0035554650142615284,0.003944841576711506
A2,r2,primary,2.0,0.0197760637329668,0.0,0.01971515725633266,0.01971515725633266,0.01971515725633266,0.023555092444346816
A2,r2,primary,2.5,0.0695456494699888,0.018903170915766262,0.06934543037595924,0.06934543037595924,0.06934543037595924,0.08282528954885893
A2,r2,primary,3.0,0.179857918082433,0.07095220466631666,0.1796986567457036,0.1796986567457036,0.1796986567457036,0.21728336706241833
A2,r2,primary,3.5,0.352687850663802,0.23011360247620616,0.3525897173750513,0.3525897173750513,0.3525897173750513,0.4229773258768246
A2,r2,primary,4.0,0.580385224267198,0.6049248358824173,0.5803748617088385,0.5803748617088385,0.5803748617088385,0.6900622604140083
A2,r2,primary,4.5,0.832332063942154,0.8711416487627209,0.8324585661610127,0.8324585661610127,0.8324585661610127,0.9827360281096081
A2,r2,primary,5.0,1.071681281203,1.0921427292835737,1.0719583176969183,1.0719583176969183,1.0719583176969183,1.252272065637816
A2,r2,primary,5.5,1.26607806937949,1.3626396543897155,1.266546727866214,1.266546727866214,1.266546727866214,1.4666556563783204
A2,r2,primary,6.0,1.39476878893544,1.4857071849349957,1.3951763729596915,1.3951763729596915,1.3951763729596915,1.6065640966936525
A2,r2,primary,6.5,1.45757850006238,1.5151527216041907,1.4579540979194217,1.4579540979194217,1.4579540979194217,1.6761086754639922
A2,r2,primary,7.0,1.47415410538898,1.549327460933752,1.474388722073205,1.474388722073205,1.474388722073205,1.6937426298336566
A2,r2,primary,7.5,1.46204724588043,1.406732578182933,1.4623136960787682,1.4623136960787682,1.4623136960787682,1.682638551123952
A2,r2,primary,8.0,1.4373149792984,1.4376980000177835,1.437515228349287,1.437515228349287,1.437515228349287,1.659042843606577
A2,r2,primary,8.5,1.40763191990701,1.416135361590572,1.4078383996365376,1.4078383996365376,1.4078383996365376,1.6268347879357892
A2,r2,primary,9.0,1.38978392651162,1.403688177517705,1.3900044801736358,1.3900044801736358,1.3900044801736358,1.6042689958473457
A2,r2,primary,9.5,1.37418646625067,1.349489149222803,1.3744939587002554,1.3744939587002554,1.3744939587002554,1.5840561907564144
A2,r2,primary,10.0,1.3606570040949,1.3406481123215044,1.3609173300282436,1.3609173300282436,1.3609173300282436,1.5666537888216017
A2,r2,primary,10.5,1.34957852254455,1.355904997040164,1.349813506538782,1.349813506538782,1.349813506538782,1.5500586104851006
A2,r2,primary,11.0,1.33423887559604,1.3732984855288441,1.3343980961579305,1.3343980961579305,1.3343980961579305,1.528889040848943
A2,r2,primary,11.5,1.31979118727286,1.3206965122699477,1.3200264190904032,1.3200264190904032,1.3200264190904032,1.512686530378893
A2,r2,primary,12.0,1.30030838392292,1.2674650017621445,1.3004288180603945,1.3004288180603945,1.3004288180603945,1.4917964465985247
A2,r2,primary,12.5,1.28733874757279,1.2916531151254378,1.287514227550169,1.287514227550169,1.287514227550169,1.4741672892904756
A2,r2,primary,13.0,1.28054713225082,1.2485213660585226,1.2807173111006407,1.2807173111006407,1.2807173111006407,1.462727824335822
A2,r2,primary,13.5,1.28518168273322,1.2897057907761962,1.28529537171098,1.28529537171098,1.28529537171098,1.4653067033747686
A2,r2,primary,14.0,1.29801402854345,1.311733423583303,1.298173605241727,1.298173605241727,1.298173605241727,1.4779208189837694
A2,r2,primary,14.5,1.30422264234402,1.2979124426678885,1.3044328063986996,1.3044328063986996,1.3044328063986996,1.4856348131053194
A2,r2,primary,15.0,1.30135035460539,1.3562344017077903,1.3015367005367167,1.3015367005367167,1.3015367005367167,1.4861802319215847
A2,r2,primary,15.5,1.28911810311883,1.267962575137075,1.2892704127507832,1.2892704127507832,1.2892704127507832,1.4756513165785474
A2,r2,primary,16.0,1.27510956913321,1.2654706258963402,1.275251205103566,1.275251205103566,1.275251205103566,1.461485534436767
A2,r2,primary,16.5,1.25666779175221,1.2436699119616104,1.256795443223324,1.256795443223324,1.256795443223324,1.4392054611626102
A2,r2,primary,17.0,1.23975994280409,1.268184734629976,1.2398707860286398,1.2398707860286398,1.2398707860286398,1.4177832871782623
A2,r2,primary,17.5,1.22916764537093,1.2228712948956708,1.2292446022155727,1.2292446022155727,1.2292446022155727,1.4044512526764257
A2,r2,primary,18.0,1.22706714537677,1.1961654288342773,1.2271970361647577,1.2271970361647577,1.2271970361647577,1.4005766139894824
A2,r2,primary,18.5,1.23330280511517,1.2008028804003894,1.2334359443778793,1.2334359443778793,1.2334359443778793,1.4082578813018853
A2,r2,primary,19.0,1.24339320154988,1.253785257323145,1.2435751186490678,1.2435751186490678,1.2435751186490678,1.4201631896615097
A2,r2,primary,19.5,1.25070871642722,1.2880918509581247,1.250871168195452,1.250871168195452,1.250871168195452,1.428876027208598
A2,r2,primary,20.0,1.25071774348592,1.2783393741969917,1.2508921887810407,1.2508921887810407,1.2508921887810407,1.4286144906724563
A2,r2,primary,20.5,1.24604121590876,1.237326780150366,1.2462391781373452,1.2462391781373452,1.2462391781373452,1.4246768356414194
A2,r2,primary,21.0,1.23688736249066,1.2062196251081374,1.2370358777028216,1.2370358777028216,1.2370358777028216,1.4158098145913092
A2,r2,primary,21.5,1.22906642388038,1.2183411124733392,1.2292048490669625,1.2292048490669625,1.2292048490669625,1.4062715496732492
A2,r2,primary,22.0,1.22725943411272,1.2529547623340773,1.2274096922888762,1.2274096922888762,1.2274096922888762,1.402709361378791
A2,r2,primary,22.5,1.22631821720048,1.2137345974011884,1.22645852854088,1.22645852854088,1.22645852854088,1.3987067463340825
A2,r2,primary,23.0,1.22366886502014,1.240986540977508,1.2238486179769037,1.2238486179769037,1.2238486179769037,1.3921588335815667
A2,r2,primary,23.5,1.21626739352742,1.1990787331763482,1.2164152888765942,1.2164152888765942,1.2164152888765942,1.380259720075338
A2,r2,primary,24.0,1.21049039216963,1.2261473410713843,1.2106404351813465,1.2106404351813465,1.2106404351813465,1.3720374003873137
A2,r2,primary,24.5,1.20628620733366,1.2067236176521172,1.2064062532129463,1.2064062532129463,1.2064062532129463,1.3669406371351784
A2,r2,primary,25.0,1.20516069187588,1.1877927367458334,1.20534084672609,1.20534084672609,1.20534084672609,1.3650216792347438
A2,r2,primary,25.5,1.20630439233243,1.2056049999372764,1.2064568791655377,1.2064568791655377,1.2064568791655377,1.3644735167851747
A2,r2,primary,26.0,1.20625595549049,1.2036175746858513,1.2063306206684346,1.2063306206684346,1.2063306206684346,1.3634240115592777
A2,r2,primary,26.5,1.20634882291892,1.2169925140549818,1.2065461202047887,1.2065461202047887,1.2065461202047887,1.3641114061301483
A2,r2,primary,27.0,1.20236423633353,1.2081133172022356,1.2024754882116966,1.2024754882116966,1.2024754882116966,1.3614097051865885
A2,r2,primary,27.5,1.1981035236578,1.2137262121469747,1.1982721710985533,1.1982721710985533,1.1982721710985533,1.3599731854544457
A2,r2,primary,28.0,1.19071605778383,1.162821919893579,1.190834191686879,1.190834191686879,1.190834191686879,1.353476240029273
A2,r2,primary,28.5,1.18400628407848,1.196712312521643,1.1841596983861875,1.1841596983861875,1.1841596983861875,1.3469999599196194
A2,r2,primary,29.0,1.1752092623722,1.1882211128584497,1.1753644225841897,1.1753644225841897,1.1753644225841897,1.3359295382753837
A2,r2,primary,29.5,1.16978244030344,1.1494580368429297,1.1699347759020364,1.1699347759020364,1.1699347759020364,1.3268139525274514
A2,r2,primary,30.0,1.16686069092198,1.1712605524906348,1.167254311981256,1.167254311981256,1.167254311981256,1.3213926440322854
A2,r2,secondary,0.0,4.20946566897366e-17,,0.0,0.0,0.0,0.0
A2,r2,secondary,0.5,0.0,0.0,0.0,0.0,0.0,0.0
A2,r2,secondary,1.0,0.0,0.0,0.0,0.0,0.0,0.0
A2,r2,secondary,1.5,0.0001895449182298,0.0,0.00018462394439866647,0.00018621624242531374,0.00018462394439866647,0.00023700740678068974
A2,r2,secondary,2.0,0.0022305825907053,0.0,0.0021899273522091476,0.0021899273522091476,0.0021899273522091476,0.0027867729245316607
A2,r2,secondary,2.5,0.0168756456827112,0.0,0.016788128178714792,0.016788128178714792,0.016788128178714792,0.021360573134019036
A2,r2,secondary,3.0,0.07235841560806,0.013725898005222031,0.07205953798277986,0.07205953798277986,0.07205953798277986,0.08995919365659337
A2,r2,secondary,3.5,0.205542486087276,0.04719393082317258,0.2054894501745876,0.2054894501745876,0.2054894501745876,0.25084144506341705
A2,r2,secondary,4.0,0.409169348065845,0.23760945737533534,0.4091213451926302,0.4091213451926302,0.4091213451926302,0.49371953528926804
A2,r2,secondary,4.5,0.67432208183069,0.726436268676593,0.6743594652102524,0.6743594652102524,0.6743594652102524,0.8027655236431296
A2,r2,secondary,5.0,0.968015318148529,0.9865110662762946,0.9681527651262247,0.9681527651262247,0.9681527651262247,1.1330772237708415
A2,r2,secondary,5.5,1.2450227941037,1.313431822587398,1.245381954501934,1.245381954501934,1.245381954501934,1.436221159600325
A2,r2,secondary,6.0,1.4520535450572,1.5381738802688754,1.4525882790444458,1.4525882790444458,1.4525882790444458,1.6559131648693672
A2,r2,secondary,6.5,1.57376944737844,1.7550520005389438,1.5740792707663724,1.5740792707663724,1.5740792707663724,1.783384819175349
A2,r2,secondary,7.0,1.63236949969826,1.6979657191546809,1.6326648573176268,1.6326648573176268,1.6326648573176268,1.8414793504787423
A2,r2,secondary,7.5,1.63712003351908,1.6259616736664106,1.6374108088520467,1.6374108088520467,1.6374108088520467,1.8477634703156425
A2,r2,secondary,8.0,1.58974478691864,1.553009396955275,1.5898518073810282,1.5898518073810282,1.5898518073810282,1.802682786263214
A2,r2,secondary,8.5,1.53760002138372,1.6857234354181807,1.5377111480889305,1.5377111480889305,1.5377111480889305,1.7456984306769516
A2,r2,secondary,9.0,1.48706290172302,1.328692193199304,1.4872310725189455,1.4872310725189455,1.4872310725189455,1.6916042698803784
A2,r2,secondary,9.5,1.43438480037123,1.4285233633355803,1.4343685797199506,1.4343685797199506,1.4343685797199506,1.6311331240088285
A2,r2,secondary,10.0,1.39568497587226,1.4893639909665524,1.395731203606557,1.395731203606557,1.395731203606557,1.585771473877393
A2,r2,secondary,10.5,1.38292736555773,1.2720243936195397,1.3830765058123418,1.3830765058123418,1.3830765058123418,1.5669260924016561
A2,r2,secondary,11.0,1.36990739065818,1.346583644435398,1.3701213782494637,1.3701213782494637,1.3701213782494637,1.5512063481229448
A2,r2,secondary,11.5,1.34305082846445,1.4810053223896265,1.3431897372937789,1.3431897372937789,1.3431897372937789,1.523484442326344
A2,r2,secondary,12.0,1.32711434588758,1.298056254056552,1.3273341161340941,1.3273341161340941,1.3273341161340941,1.5033424852547164
A2,r2,secondary,12.5,1.31763071202848,1.2143313373128877,1.3178176467634046,1.3178176467634046,1.3178176467634046,1.4922643691418809
A2,r2,secondary,13.0,1.30820112785842,1.32235801067256,1.308295093424358,1.308295093424358,1.308295093424358,1.4768763713447843
A2,r2,secondary,13.5,1.31907105543681,1.2878715805601462,1.3193139410248185,1.3193139410248185,1.3193139410248185,1.4814969862654654
A2,r2,secondary,14.0,1.34027053492312,1.4262965436484458,1.3405752094302135,1.3405752094302135,1.3405752094302135,1.5003113871065958
A2,r2,secondary,14.5,1.33670235996267,1.3255922706941503,1.3369942329756601,1.3369942329756601,1.3369942329756601,1.4968292895731083
A2,r2,secondary,15.0,1.31724817408605,1.3487145296914185,1.3176316633106475,1.3176316633106475,1.3176316633106475,1.4842823523907225
A2,r2,secondary,15.5,1.28561829126642,1.2960262236059075,1.2857214829363544,1.2857214829363544,1.2857214829363544,1.457816232230829
A2,r2,secondary,16.0,1.25676341289277,1.1987196671780103,1.256909070676022,1.256909070676022,1.256909070676022,1.4343895924172985
A2,r2,secondary,16.5,1.2249150584837,1.2000921731501324,1.2250807141347024,1.2250807141347024,1.2250807141347024,1.4036126307695045
A2,r2,secondary,17.0,1.2092094400002,1.264326285827944,1.209338371272426,1.209338371272426,1.209338371272426,1.3827213859157883
A2,r2,secondary,17.5,1.2156596294151,1.1832750381295416,1.215842984355753,1.215842984355753,1.215842984355753,1.3853086440511955
A2,r2,secondary,18.0,1.2262497519817,1.164359288784643,1.2263703187464214,1.2263703187464214,1.2263703187464214,1.389000886642979
A2,r2,secondary,18.5,1.23756619294138,1.2321911645275319,1.2376938081837863,1.2376938081837863,1.2376938081837863,1.3957624499373253
A2,r2,secondary,19.0,1.25225588340428,1.2903473024958474,1.252429930569746,1.252429930569746,1.252429930569746,1.408527017864081
A2,r2,secondary,19.5,1.26328166196408,1.3428435355520916,1.263566428729341,1.263566428729341,1.263566428729341,1.4217069705944472
A2,r2,secondary,20.0,1.25818700959804,1.1811430597633457,1.258331208990773,1.258331208990773,1.258331208990773,1.4211701751466503
A2,r2,secondary,20.5,1.24952654812803,1.3251549801455758,1.2495443628050213,1.2495443628050213,1.2495443628050213,1.416104555292724
A2,r2,secondary,21.0,1.2479490826911,1.200146045594423,1.2481335395392736,1.2481335395392736,1.2481335395392736,1.4223706771788998
A2,r2,secondary,21.5,1.24953438444127,1.2443618161343064,1.2497931350281635,1.2497931350281635,1.2497931350281635,1.4283151245991053
A2,r2,secondary,22.0,1.24616314575509,1.260952414585031,1.2462502708337349,1.2462502708337349,1.2462502708337349,1.418754958260378
A2,r2,secondary,22.5,1.24742207370221,1.2095793637452434,1.2476350298134593,1.2476350298134593,1.2476350298134593,1.4104546684777168
A2,r2,secondary,23.0,1.24350312743205,1.2735051853082064,1.2436888592355395,1.2436888592355395,1.2436888592355395,1.3992995611505537
A2,r2,secondary,23.5,1.2436448049181,1.270623430143197,1.2438009515971988,1.2438009515971988,1.2438009515971988,1.3952861326430304
A2,r2,secondary,24.0,1.24377637032158,1.1874438510049456,1.2439353531918682,1.2439353531918682,1.2439353531918682,1.3953369013200805
A2,r2,secondary,24.5,1.23821398927967,1.27531724478317,1.2382849868512935,1.2382849868512935,1.2382849868512935,1.390516987851006
A2,r2,secondary,25.0,1.23904447307242,1.2846470218285997,1.2391597084405102,1.2391597084405102,1.2391597084405102,1.3944351204842866
A2,r2,secondary,25.5,1.24213545136481,1.1491423863493466,1.2423365656893472,1.2423365656893472,1.2423365656893472,1.3981652099231254
A2,r2,secondary,26.0,1.23731792109706,1.2773403888062742,1.2375222541395956,1.2375222541395956,1.2375222541395956,1.3899008140647682
A2,r2,secondary,26.5,1.23240882395296,1.2978501037460866,1.2324812591097039,1.2324812591097039,1.2324812591097039,1.3838143931658078
A2,r2,secondary,27.0,1.23584643491093,1.1449009705702236,1.2360781160446301,1.2360781160446301,1.2360781160446301,1.3865266928670725
A2,r2,secondary,27.5,1.2312743082759,1.2436121811699656,1.231444198146353,1.231444198146353,1.231444198146353,1.3816911720937286
A2,r2,secondary,28.0,1.21653934105614,1.242157730824138,1.2166964756827674,1.2166964756827674,1.2166964756827674,1.3669966861180096
A2,r2,secondary,28.5,1.19870003859561,1.2004391600658209,1.1988300112101828,1.1988300112101828,1.1988300112101828,1.349003638900241
A2,r2,secondary,29.0,1.17950435787733,1.2158795032749898,1.1796288727967723,1.1796288727967723,1.1796288727967723,1.3299047824606787
A2,r2,secondary,29.5,1.16756710668249,1.1172188834899888,1.167633619678097,1.167633619678097,1.167633619678097,1.3151074329465307
A2,r2,secondary,30.0,1.16632270498858,1.0920428651847993,1.166520939639979,1.166520939639979,1.166520939639979,1.3128247039211114
A2,r3,primary,0.0,1.94521070741046e-16,,0.0,0.0,0.0,0.0
A2,r3,primary,0.5,0.0,0.0,0.0,0.0,0.0,0.0
A2,r3,primary,1.0,7.05504978568753e-05,0.0,5.1739545572373384e-05,5.797733114202431e-05,5.1739545572373384e-05,0.00012676615376398066
A2,r3,primary,1.5,0.0044260666146057,0.0,0.00438474068108922,0.004424209690765902,0.00438474068108922,0.0052791560276611
A2,r3,primary,2.0,0.0201743955006785,0.0,0.020150105577447692,0.020150105577447692,0.020150105577447692,0.02706451008506349
A2,r3,primary,2.5,0.0645643428385585,0.024183226410283636,0.06442128721361579,0.06442128721361579,0.06442128721361579,0.10043622783281686
A2,r3,primary,3.0,0.171607108503638,0.0605576837213241,0.17144539545434506,0.17144539545434506,0.17144539545434506,0.27975437602955083
A2,r3,primary,3.5,0.346826694265057,0.19070536654541337,0.3468196710440886,0.3468196710440886,0.3468196710440886,0.5526320764286058
A2,r3,primary,4.0,0.574268956396465,0.5666538797963567,0.5745335355214423,0.5745335355214423,0.5745335355214423,0.894497889426221
A2,r3,primary,4.5,0.823181933035241,0.9386830670408961,0.823434636807973,0.823434636807973,0.823434636807973,1.2546707094472784
A2,r3,primary,5.0,1.06157634520634,1.1006340342895107,1.061944600458339,1.061944600458339,1.061944600458339,1.5706807745572806
A2,r3,primary,5.5,1.25133874188108,1.2845014523940192,1.2518706541773499,1.2518706541773499,1.2518706541773499,1.814246969953261
A2,r3,primary,6.0,1.3741497688619,1.5005224029319035,1.3745803603248603,1.3745803603248603,1.3745803603248603,1.968564138763648
A2,r3,primary,6.5,1.44294732437307,1.4837386743495113,1.4434107732995685,1.4434107732995685,1.4434107732995685,2.0730743968935403
A2,r3,primary,7.0,1.46081486967648,1.4822878319193087,1.4613105904231205,1.4613105904231205,1.4613105904231205,2.1026436083891573
A2,r3,primary,7.5,1.44868769753631,1.507028653553585,1.4491891009324294,1.4491891009324294,1.4491891009324294,2.0976466425463167
A2,r3,primary,8.0,1.42694154072483,1.3792705842630495,1.4273807069716347,1.4273807069716347,1.4273807069716347,2.074623069036789
A2,r3,primary,8.5,1.40226043405939,1.3527950644039497,1.4026074150806234,1.4026074150806234,1.4026074150806234,2.0260241446953495
A2,r3,primary,9.0,1.37949978860035,1.4021644165628298,1.380024621635502,1.380024621635502,1.380024621635502,1.9781474747490988
A2,r3,primary,9.5,1.3697740689908,1.3924999084617689,1.3701837085093502,1.3701837085093502,1.3701837085093502,1.9456358987401057
A2,r3,primary,10.0,1.35828867078657,1.3670863099811226,1.3587523472170084,1.3587523472170084,1.3587523472170084,1.920936939652862
A2,r3,primary,10.5,1.34805571034292,1.3276199010610337,1.3483782367212176,1.3483782367212176,1.3483782367212176,1.8980745407182535
A2,r3,primary,11.0,1.34628638896617,1.3102160066790018,1.3465749439316226,1.3465749439316226,1.3465749439316226,1.894330756966768
A2,r3,primary,11.5,1.34862500799322,1.3388780946122683,1.3489038216904834,1.3489038216904834,1.3489038216904834,1.8964707416755064
A2,r3,primary,12.0,1.34572759001569,1.3902625277892755,1.3461019261170961,1.3461019261170961,1.3461019261170961,1.8878181625719812
A2,r3,primary,12.5,1.33584683143114,1.3660357083584502,1.3362008837607644,1.3362008837607644,1.3362008837607644,1.863084911569916
A2,r3,primary,13.0,1.32623977178103,1.3218752514461913,1.3266075409251836,1.3266075409251836,1.3266075409251836,1.8382163509148521
A2,r3,primary,13.5,1.30020136757386,1.2461097350833983,1.3005098091919054,1.3005098091919054,1.3005098091919054,1.7986736416065932
A2,r3,primary,14.0,1.27727286440725,1.3537159201626927,1.2775833567677288,1.2775833567677288,1.2775833567677288,1.7759897105866407
A2,r3,primary,14.5,1.26795777415347,1.21730031757886,1.2682505898160128,1.2682505898160128,1.2682505898160128,1.7711257220482282
A2,r3,primary,15.0,1.25847984731483,1.2385717863286259,1.2588396559159374,1.2588396559159374,1.2588396559159374,1.764691273790377
A2,r3,primary,15.5,1.2494569967734,1.2886978553318396,1.2497313898426203,1.2497313898426203,1.2497313898426203,1.7528222901766894
A2,r3,primary,16.0,1.2492151597282,1.2408340802019466,1.2494583273925142,1.2494583273925142,1.2494583273925142,1.7489780049337804
A2,r3,primary,16.5,1.25281303164843,1.2349012428745472,1.2530597943786657,1.2530597943786657,1.2530597943786657,1.7471238657863946
A2,r3,primary,17.0,1.25126466395418,1.2547420780638594,1.251554766506942,1.251554766506942,1.251554766506942,1.7450154544261591
A2,r3,primary,17.5,1.24397291394355,1.257066529492809,1.2442438868532613,1.2442438868532613,1.2442438868532613,1.7354730350760172
A2,r3,primary,18.0,1.23255043373387,1.247028068629201,1.2328376522672555,1.2328376522672555,1.2328376522672555,1.7174169334317855
A2,r3,primary,18.5,1.22381396318818,1.232346873705803,1.2240899351946215,1.2240899351946215,1.2240899351946215,1.700813362184062
A2,r3,primary,19.0,1.22248610213145,1.1530968074231847,1.2228215599336576,1.2228215599336576,1.2228215599336576,1.6855261792783705
A2,r3,primary,19.5,1.2245361050995,1.2242409208036926,1.2247561212577658,1.2247561212577658,1.2247561212577658,1.6743866417983457
A2,r3,primary,20.0,1.22664727977732,1.261768248742524,1.227043443203133,1.227043443203133,1.227043443203133,1.6723717765707846
A2,r3,primary,20.5,1.22885086532174,1.2483890534153799,1.22916984747125,1.22916984747125,1.22916984747125,1.668807895961752
A2,r3,primary,21.0,1.22262689057928,1.2278625574584634,1.2228249649560916,1.2228249649560916,1.2228249649560916,1.6515073511126501
A2,r3,primary,21.5,1.21239571401834,1.178737725448096,1.2125661417126337,1.2125661417126337,1.2125661417126337,1.627764244195066
A2,r3,primary,22.0,1.20226194981221,1.210584106145586,1.2024442235463408,1.2024442235463408,1.2024442235463408,1.6110925873322253
A2,r3,primary,22.5,1.19964663024478,1.2257063240787067,1.1998547576414103,1.1998547576414103,1.1998547576414103,1.605080118208163
A2,r3,primary,23.0,1.19890813557809,1.2018736561105086,1.1991440211074444,1.1991440211074444,1.1991440211074444,1.6068311364225296
A2,r3,primary,23.5,1.19362671965409,1.1709455051069726,1.1938922085349073,1.1938922085349073,1.1938922085349073,1.6025636873615416
A2,r3,primary,24.0,1.1871040975343,1.2161036032209929,1.1873823198987108,1.1873823198987108,1.1873823198987108,1.5974866825877907
A2,r3,primary,24.5,1.17958404381014,1.1614718450157204,1.1798438468229144,1.1798438468229144,1.1798438468229144,1.5880844271220176
A2,r3,primary,25.0,1.17571096789191,1.1560010357306325,1.1760334112428115,1.1760334112428115,1.1760334112428115,1.5794531747627458
A2,r3,primary,25.5,1.1681415543229,1.1711225971586083,1.1684045173893371,1.1684045173893371,1.1684045173893371,1.5681650586232394
A2,r3,primary,26.0,1.16650962985924,1.1730394249154692,1.166787963676517,1.166787963676517,1.166787963676517,1.569890904386823
A2,r3,primary,26.5,1.16552026697324,1.1480938371630123,1.1657882190553621,1.1657882190553621,1.1657882190553621,1.5740862091919128
A2,r3,primary,27.0,1.1625736359945,1.1790384711916182,1.1627735178006124,1.1627735178006124,1.1627735178006124,1.5677414615927008
A2,r3,primary,27.5,1.16391334434054,1.1650681558821003,1.164169014742839,1.164169014742839,1.164169014742839,1.562296820282461
A2,r3,primary,28.0,1.15957618151127,1.163472932941809,1.1597803093461372,1.1597803093461372,1.1597803093461372,1.5418398113451297
A2,r3,primary,28.5,1.15249128205095,1.1681077208860795,1.1526977855268157,1.1526977855268157,1.1526977855268157,1.5200956364225133
A2,r3,primary,29.0,1.14584832129175,1.1569046874086433,1.1460884854523838,1.1460884854523838,1.1460884854523838,1.5024410444539893
A2,r3,primary,29.5,1.14198967559849,1.1071447356671427,1.1422251088796251,1.1422251088796251,1.1422251088796251,1.492362820191108
A2,r3,primary,30.0,1.13989677264311,1.1487069635248355,1.140336005654488,1.140336005654488,1.140336005654488,1.4882923256715053
A2,r3,secondary,0.0,3.81365403184515e-17,,0.0,0.0,0.0,0.0
A2,r3,secondary,0.5,3.28890744312336e-17,0.0,0.0,0.0,0.0,0.0
A2,r3,secondary,1.0,0.0,0.0,0.0,0.0,0.0,0.0
A2,r3,secondary,1.5,0.0002017932682718,0.0,0.00019960089701932525,0.00020139759386160534,0.00019960089701932525,0.0
A2,r3,secondary,2.0,0.0019369816649945,0.0,0.0019234764341322559,0.0019234764341322559,0.0019234764341322559,0.0010007616260286438
A2,r3,secondary,2.5,0.0121770959525211,0.0,0.01215894392030768,0.01215894392030768,0.01215894392030768,0.01965817725548364
A2,r3,secondary,3.0,0.0536562300989402,0.012326275304050035,0.053459916020951376,0.053459916020951376,0.053459916020951376,0.0980019288404063
A2,r3,secondary,3.5,0.151950493776483,0.03173283772736114,0.15173388119830863,0.15173388119830863,0.15173388119830863,0.2719119719666367
A2,r3,secondary,4.0,0.318811461174821,0.1483872016077787,0.3187453148157753,0.3187453148157753,0.3187453148157753,0.5372552528198642
A2,r3,secondary,4.5,0.559673844448778,0.5453169026345601,0.5596258925612126,0.5596258925612126,0.5596258925612126,0.884414490903738
A2,r3,secondary,5.0,0.82804579625187,0.827625018234778,0.8283919363886059,0.8283919363886059,0.8283919363886059,1.2472512772052586
A2,r3,secondary,5.5,1.07093839714873,1.2773114810994903,1.0714076999976103,1.0714076999976103,1.0714076999976103,1.564700755803169
A2,r3,secondary,6.0,1.26573471926468,1.4111813990735762,1.266291368448043,1.266291368448043,1.266291368448043,1.820269345280972
A2,r3,secondary,6.5,1.38722515146482,1.3175868118982297,1.3877108485052585,1.3877108485052585,1.3877108485052585,1.9854657367404387
A2,r3,secondary,7.0,1.43521033597593,1.463324988921357,1.43573622654935,1.43573622654935,1.43573622654935,2.0752878865886437
A2,r3,secondary,7.5,1.43366996201433,1.580509052938356,1.4340480228236168,1.4340480228236168,1.4340480228236168,2.0997917730642026
A2,r3,secondary,8.0,1.4154463901471,1.3387946053809128,1.4159212475084089,1.4159212475084089,1.4159212475084089,2.0991308748007125
A2,r3,secondary,8.5,1.3887347331752,1.4282218516576295,1.3892074977688702,1.3892074977688702,1.3892074977688702,2.0593032008415935
A2,r3,secondary,9.0,1.35086457303078,1.28895215403659,1.3511653060393007,1.3511653060393007,1.3511653060393007,1.9840854984620298
A2,r3,secondary,9.5,1.32419519566824,1.3486344403011166,1.3245031886397063,1.3245031886397063,1.3245031886397063,1.9304962998358517
A2,r3,secondary,10.0,1.29187780185651,1.3457499882688533,1.2920147303422187,1.2920147303422187,1.2920147303422187,1.869831016798298
A2,r3,secondary,10.5,1.26281326020463,1.2998453193043416,1.2631702642701526,1.2631702642701526,1.2631702642701526,1.8096224505415308
A2,r3,secondary,11.0,1.24231576069733,1.1694706587872767,1.2426830950151961,1.2426830950151961,1.2426830950151961,1.7617374345360657
A2,r3,secondary,11.5,1.2332893957297,1.1451143571193194,1.2336636971168662,1.2336636971168662,1.2336636971168662,1.7501990082643077
A2,r3,secondary,12.0,1.23217782033467,1.2444369892408287,1.232532432829468,1.232532432829468,1.232532432829468,1.7406771513098513
A2,r3,secondary,12.5,1.22934709264066,1.347050373665694,1.2296663405260517,1.2296663405260517,1.2296663405260517,1.718797463500399
A2,r3,secondary,13.0,1.23016614069906,1.1905968378675578,1.2304630697983439,1.2304630697983439,1.2304630697983439,1.7171028452316992
A2,r3,secondary,13.5,1.22264006235526,1.1926429089832713,1.2229996747834924,1.2229996747834924,1.2229996747834924,1.7163731136891442
A2,r3,secondary,14.0,1.20912503554407,1.2197202988010425,1.2093401843504419,1.2093401843504419,1.2093401843504419,1.7059717359409496
A2,r3,secondary,14.5,1.19335306131208,1.217003444960579,1.1935150732889512,1.1935150732889512,1.1935150732889512,1.6922437602910445
A2,r3,secondary,15.0,1.18741453167952,1.205804296274352,1.187697700952301,1.187697700952301,1.187697700952301,1.6909930999852023
A2,r3,secondary,15.5,1.17909445511501,1.1364318853431266,1.1794088473544015,1.1794088473544015,1.1794088473544015,1.6845150949380419
A2,r3,secondary,16.0,1.16231439707864,1.165164598753184,1.162687393790208,1.162687393790208,1.162687393790208,1.6584660586571867
A2,r3,secondary,16.5,1.15241310872207,1.1706521843794528,1.15273957246327,1.15273957246327,1.15273957246327,1.6391008195118764
A2,r3,secondary,17.0,1.14852333179417,1.120208687404086,1.1488698248815092,1.1488698248815092,1.1488698248815092,1.632757005475731
A2,r3,secondary,17.5,1.14645025333103,1.1436598685248511,1.1467229260678793,1.1467229260678793,1.1467229260678793,1.6284842678389775
A2,r3,secondary,18.0,1.14360915088021,1.1181419673419868,1.143889310398574,1.143889310398574,1.143889310398574,1.6192515213064993
A2,r3,secondary,18.5,1.15042540572676,1.1528085550062699,1.1506790750583755,1.1506790750583755,1.1506790750583755,1.6119657885396717
A2,r3,secondary,19.0,1.15544564444258,1.1676362664496536,1.1556130723819806,1.1556130723819806,1.1556130723819806,1.6034892400706329
A2,r3,secondary,19.5,1.15587034516997,1.178566691121585,1.156205367451888,1.156205367451888,1.156205367451888,1.5877859850849274
A2,r3,secondary,20.0,1.14735125622711,1.1653651793005875,1.1476670005174976,1.1476670005174976,1.1476670005174976,1.5658946660296675
A2,r3,secondary,20.5,1.13843247881024,1.1384498624023482,1.1385842808371727,1.1385842808371727,1.1385842808371727,1.5521063298367772
A2,r3,secondary,21.0,1.13106241584643,1.0988446373492136,1.1312421076822037,1.1312421076822037,1.1312421076822037,1.5437516576111865
A2,r3,secondary,21.5,1.12808854837662,1.0744966705482808,1.1282550741692412,1.1282550741692412,1.1282550741692412,1.544431790096714
A2,r3,secondary,22.0,1.1328576898155,1.2079002507742178,1.1330453900403819,1.1330453900403819,1.1330453900403819,1.5574733801829526
A2,r3,secondary,22.5,1.13572480305605,1.1057618226288015,1.135958666259946,1.135958666259946,1.135958666259946,1.5563737687945483
A2,r3,secondary,23.0,1.13457183683219,1.1947140413630857,1.1347829325533656,1.1347829325533656,1.1347829325533656,1.545563198183216
A2,r3,secondary,23.5,1.12456072554675,1.1145240644306673,1.1247766472121477,1.1247766472121477,1.1247766472121477,1.525635359986567
A2,r3,secondary,24.0,1.1132345893556,1.0910887077211093,1.1134320744935131,1.1134320744935131,1.1134320744935131,1.496939743487665
A2,r3,secondary,24.5,1.10382756142987,1.105921714708024,1.1039830386206155,1.1039830386206155,1.1039830386206155,1.4721704125430137
A2,r3,secondary,25.0,1.10279688094934,1.0503252488949382,1.102978963365988,1.102978963365988,1.102978963365988,1.4715167170014678
A2,r3,secondary,25.5,1.11647187681315,1.1458401025813834,1.1167905329148684,1.1167905329148684,1.1167905329148684,1.4950906153276817
A2,r3,secondary,26.0,1.13153144154121,1.0986836441230163,1.131886510436027,1.131886510436027,1.131886510436027,1.5190609630440746
A2,r3,secondary,26.5,1.13661357408834,1.1753356289581027,1.1368620401143825,1.1368620401143825,1.1368620401143825,1.5306041889671966
A2,r3,secondary,27.0,1.13715374094722,1.1833950492850966,1.1373948248709003,1.1373948248709003,1.1373948248709003,1.5335883936729737
A2,r3,secondary,27.5,1.13542372996812,1.0848927267943431,1.1357841057679272,1.1357841057679272,1.1357841057679272,1.5252093199318781
A2,r3,secondary,28.0,1.12612191865124,1.1162829110477372,1.1263666467675997,1.1263666467675997,1.1263666467675997,1.5026961362092683
A2,r3,secondary,28.5,1.11845254818851,1.144726497316417,1.1186518766934739,1.1186518766934739,1.1186518766934739,1.4848862223343373
A2,r3,secondary,29.0,1.11689876139929,1.1164293236889642,1.1171135895118414,1.1171135895118414,1.1171135895118414,1.4723770065653219
A2,r3,secondary,29.5,1.11426531571645,1.1386220935580642,1.114518485453782,1.114518485453782,1.114518485453782,1.4596469721738146
A2,r3,secondary,30.0,1.10330996747247,1.0744047555630272,1.1037107952211846,1.1037107952211846,1.1037107952211846,1.4420119749930576
A2,r4,primary,0.0,1.79486271315987e-16,,0.0,0.0,0.0,0.0
A2,r4,primary,0.5,0.0,0.0,0.0,0.0,0.0,0.0
A2,r4,primary,1.0,0.0005230312474137,0.0,0.0004626052563072854,0.0005206813806300204,0.0004626052563072854,0.0005515118580810466
A2,r4,primary,1.5,0.0034224929816247,0.0,0.003296571117060221,0.0033329684428871427,0.003296571117060221,0.003208843037147839
A2,r4,primary,2.0,0.0210279642548825,0.0,0.02081012304621572,0.02081012304621572,0.02081012304621572,0.019330078882894015
A2,r4,primary,2.5,0.0838858054138974,0.008925643902295114,0.08362385719591953,0.08362385719591953,0.08362385719591953,0.08148556348895827
A2,r4,primary,3.0,0.222672538025181,0.07078583127598474,0.22236152979469606,0.22236152979469606,0.22236152979469606,0.2217035604871774
A2,r4,primary,3.5,0.455148803365884,0.28769770167184683,0.4548737178015736,0.4548737178015736,0.4548737178015736,0.4575459459895183
A2,r4,primary,4.0,0.773850708643083,0.7056052718689305,0.773722372102483,0.773722372102483,0.773722372102483,0.7834510981454651
A2,r4,primary,4.5,1.1381452193305,1.1636276916463844,1.1381465438455278,1.1381465438455278,1.1381465438455278,1.1568165929021934
A2,r4,primary,5.0,1.47311145146453,1.6523362448750136,1.4733083920250079,1.4733083920250079,1.4733083920250079,1.500499367841924
A2,r4,primary,5.5,1.72046503426069,1.8899046692235308,1.7207804727084521,1.7207804727084521,1.7207804727084521,1.7527424631490243
A2,r4,primary,6.0,1.86493909167323,2.094372739742857,1.8652281745681127,1.8652281745681127,1.8652281745681127,1.9011945569160955
A2,r4,primary,6.5,1.91978642387383,1.850621178345466,1.9200808098067945,1.9200808098067945,1.9200808098067945,1.9585122240489925
A2,r4,primary,7.0,1.91123402594701,1.9264313722710904,1.9113521752191858,1.9113521752191858,1.9113521752191858,1.949867266185581
A2,r4,primary,7.5,1.8691791872435,1.8376813981220386,1.8691394709131592,1.8691394709131592,1.8691394709131592,1.9054543146465721
A2,r4,primary,8.0,1.82632512049677,1.9026241593461957,1.8265548107110305,1.8265548107110305,1.8265548107110305,1.8596639184962156
A2,r4,primary,8.5,1.78792941715874,1.747474459160432,1.788069187073423,1.788069187073423,1.788069187073423,1.8169120093696804
A2,r4,primary,9.0,1.75555164013317,1.7188582415894962,1.7556884778698596,1.7556884778698596,1.7556884778698596,1.7795954528459097
A2,r4,primary,9.5,1.73119297554653,1.673049747815445,1.7311152406899335,1.7311152406899335,1.7311152406899335,1.7518852535433453
A2,r4,primary,10.0,1.71776885410326,1.8011579660895007,1.717803730548139,1.717803730548139,1.717803730548139,1.7369635678646564
A2,r4,primary,10.5,1.71432747507496,1.6847550347835496,1.7143405106680698,1.7143405106680698,1.7143405106680698,1.7341325356442103
A2,r4,primary,11.0,1.70593876068988,1.7008793457550702,1.7059232172674628,1.7059232172674628,1.7059232172674628,1.7250147892680376
A2,r4,primary,11.5,1.69066438062069,1.7108033889732035,1.6907038625118822,1.6907038625118822,1.6907038625118822,1.7091871710291953
A2,r4,primary,12.0,1.67652614319459,1.6820644946483403,1.6765762214141517,1.6765762214141517,1.6765762214141517,1.6934625992079761
A2,r4,primary,12.5,1.65943080681915,1.6490963760158284,1.6594355602576432,1.6594355602576432,1.6594355602576432,1.6755308019976973
A2,r4,primary,13.0,1.65090491517755,1.6419437607401806,1.6509707714127841,1.6509707714127841,1.6509707714127841,1.665678395443658
A2,r4,primary,13.5,1.63603233694583,1.6275536460448388,1.6359783676541693,1.6359783676541693,1.6359783676541693,1.6495347766447142
A2,r4,primary,14.0,1.63025376794714,1.63632186909712,1.6302149268459134,1.6302149268459134,1.6302149268459134,1.6440641267872105
A2,r4,primary,14.5,1.628659853588,1.6192549287990357,1.6286029416124586,1.6286029416124586,1.6286029416124586,1.6423866077604103
A2,r4,primary,15.0,1.62600395625386,1.6324496830613673,1.6260142241414794,1.6260142241414794,1.6260142241414794,1.6399170321061765
A2,r4,primary,15.5,1.61842591792932,1.6258028988118889,1.618449967044008,1.618449967044008,1.618449967044008,1.6310930133392838
A2,r4,primary,16.0,1.60717379458969,1.6281819755561124,1.6071034363529004,1.6071034363529004,1.6071034363529004,1.6172174208655854
A2,r4,primary,16.5,1.60552506364713,1.5830533284194614,1.6055319764753808,1.6055319764753808,1.6055319764753808,1.612704724591527
A2,r4,primary,17.0,1.5987936810583,1.5656747426338522,1.5987744167290798,1.5987744167290798,1.5987744167290798,1.6042840764002955
A2,r4,primary,17.5,1.58962902963606,1.6376225465835645,1.5896161955869736,1.5896161955869736,1.5896161955869736,1.5952346918249969
A2,r4,primary,18.0,1.57998587560651,1.5915489105559322,1.5800343953659812,1.5800343953659812,1.5800343953659812,1.5855491784276743
A2,r4,primary,18.5,1.5683719859964,1.584316884771678,1.568358075507611,1.568358075507611,1.568358075507611,1.5726708941943834
A2,r4,primary,19.0,1.55450510802655,1.4902164182520818,1.5545211377796067,1.5545211377796067,1.5545211377796067,1.557524250444975
A2,r4,primary,19.5,1.54318171747421,1.5529068931869001,1.5432171464957363,1.5432171464957363,1.5432171464957363,1.5442080060592072
A2,r4,primary,20.0,1.54063215178666,1.5437281815436157,1.540624966056908,1.540624966056908,1.540624966056908,1.5401384525233415
A2,r4,primary,20.5,1.54687080096614,1.5301156564146068,1.546809968462076,1.546809968462076,1.546809968462076,1.5456793295798115
A2,r4,primary,21.0,1.5523059123426,1.5468546238204695,1.5523085141870816,1.5523085141870816,1.5523085141870816,1.552032790282579
A2,r4,primary,21.5,1.55176769638582,1.5761668462877676,1.5518300033285204,1.5518300033285204,1.5518300033285204,1.5526657847074092
A2,r4,primary,22.0,1.54342627550881,1.5729917044021537,1.543388876893467,1.543388876893467,1.543388876893467,1.54455436053837
A2,r4,primary,22.5,1.53242677349282,1.524007310887057,1.5323625610747675,1.5323625610747675,1.5323625610747675,1.533223318904096
A2,r4,primary,23.0,1.52208253448691,1.5080096337068627,1.5220913076776095,1.5220913076776095,1.5220913076776095,1.5222875333877626
A2,r4,primary,23.5,1.5064749481569,1.5094662080122994,1.5064361599424907,1.5064361599424907,1.5064361599424907,1.5060546763784082
A2,r4,primary,24.0,1.49581732204064,1.5014840861510768,1.4957828201205148,1.4957828201205148,1.4957828201205148,1.4941422621643468
A2,r4,primary,24.5,1.48912470600235,1.4783432996685713,1.4890833190394435,1.4890833190394435,1.4890833190394435,1.4858007491897456
A2,r4,primary,25.0,1.48378636136549,1.4854383945921168,1.4837540684431263,1.4837540684431263,1.4837540684431263,1.4780425700148003
A2,r4,primary,25.5,1.47943062388402,1.4755320312536147,1.4794428609432937,1.4794428609432937,1.4794428609432937,1.4717416915330452
A2,r4,primary,26.0,1.47645801805397,1.4832472949951871,1.476422913198556,1.476422913198556,1.476422913198556,1.4674874741665003
A2,r4,primary,26.5,1.47522826372034,1.463639132649795,1.475210015401978,1.475210015401978,1.475210015401978,1.465639227108675
A2,r4,primary,27.0,1.47220316297288,1.4978177864183626,1.4722330564570434,1.4722330564570434,1.4722330564570434,1.4629299066399526
A2,r4,primary,27.5,1.46695735209292,1.4517404117991346,1.466960793240368,1.466960793240368,1.466960793240368,1.4593503064269988
A2,r4,primary,28.0,1.45923997474809,1.4630621453573875,1.459260841636676,1.459260841636676,1.459260841636676,1.4529871485956425
A2,r4,primary,28.5,1.45147877044307,1.4516208357901152,1.4514422700633514,1.4514422700633514,1.4514422700633514,1.4459626657514346
A2,r4,primary,29.0,1.44653809917103,1.426244958799005,1.4465060543033519,1.4465060543033519,1.4465060543033519,1.4410754784891535
A2,r4,primary,29.5,1.44033757686757,1.4631631837128976,1.4403000492920097,1.4403000492920097,1.4403000492920097,1.434432258495342
A2,r4,primary,30.0,1.43344617799418,1.4459834461746224,1.4337301739521446,1.4337301739521446,1.4337301739521446,1.4262409386013493
A2,r4,secondary,0.0,2.6070664634949e-16,,0.0,0.0,0.0,0.0
A2,r4,secondary,0.5,2.84240856326519e-18,0.0,0.0,0.0,0.0,0.0
A2,r4,secondary,1.0,0.0,0.0,0.0,0.0,0.0,0.0
A2,r4,secondary,1.5,1.66996692676054e-16,0.0,0.0,0.0,0.0,0.0
A2,r4,secondary,2.0,0.0001809182237867,0.0,0.00018235327750118038,0.00018235327750118038,0.00018235327750118038,0.00019274288512757115
A2,r4,secondary,2.5,0.0046560287881357,0.0,0.004525847528742665,0.004525847528742665,0.004525847528742665,0.004784974334530154
A2,r4,secondary,3.0,0.0371330574060914,0.0,0.03695266266259026,0.03695266266259026,0.03695266266259026,0.03730420262755751
A2,r4,secondary,3.5,0.125400968770155,0.012197548361269097,0.12511595033170095,0.12511595033170095,0.12511595033170095,0.12860285798998258
A2,r4,secondary,4.0,0.315968915328341,0.11753296274082273,0.31567900440863883,0.31567900440863883,0.31567900440863883,0.32402215711428306
A2,r4,secondary,4.5,0.609510371171463,0.4088026016026455,0.6093332474916217,0.6093332474916217,0.6093332474916217,0.6231918738986627
A2,r4,secondary,5.0,0.957308812977705,0.9166241529024955,0.957428476987232,0.957428476987232,0.957428476987232,0.9803861950982526
A2,r4,secondary,5.5,1.28348439652043,1.5590697412076029,1.283559911134237,1.283559911134237,1.283559911134237,1.3150409498752984
A2,r4,secondary,6.0,1.55029367055526,1.852797835005788,1.5504221377661718,1.5504221377661718,1.5504221377661718,1.5903570361819386
A2,r4,secondary,6.5,1.72648095515754,1.6658625100590634,1.7269198160109673,1.7269198160109673,1.7269198160109673,1.7714367098814523
A2,r4,secondary,7.0,1.78614100054362,1.8252039727818294,1.786481141580216,1.786481141580216,1.786481141580216,1.8350619129088608
A2,r4,secondary,7.5,1.77705190244365,1.8891480246724128,1.7772911085553909,1.7772911085553909,1.7772911085553909,1.8268087112898368
A2,r4,secondary,8.0,1.74801127120285,1.7838009749081616,1.7481150093852114,1.7481150093852114,1.7481150093852114,1.7937900611075361
A2,r4,secondary,8.5,1.70422782409006,1.6501648401659819,1.7041684993213886,1.7041684993213886,1.7041684993213886,1.7463054455919418
A2,r4,secondary,9.0,1.64516766989596,1.637144036989642,1.6450475915929823,1.6450475915929823,1.6450475915929823,1.6807657485457745
A2,r4,secondary,9.5,1.59872773283496,1.5979887430846786,1.5985448586477857,1.5985448586477857,1.5985448586477857,1.6270858872066214
A2,r4,secondary,10.0,1.57004055639569,1.5934943845362546,1.5698685990975165,1.5698685990975165,1.5698685990975165,1.592256099510094
A2,r4,secondary,10.5,1.53957809370397,1.4904185119963531,1.5397639929083473,1.5397639929083473,1.5397639929083473,1.5604483824930258
A2,r4,secondary,11.0,1.50335896030038,1.5741240625206148,1.5033137463810387,1.5033137463810387,1.5033137463810387,1.5244631844981502
A2,r4,secondary,11.5,1.48281963339151,1.4467453734143179,1.482786076254075,1.482786076254075,1.482786076254075,1.5076099772450635
A2,r4,secondary,12.0,1.4601174583191,1.3844094821692379,1.4601467060628233,1.4601467060628233,1.4601467060628233,1.489054986692527
A2,r4,secondary,12.5,1.43818527348951,1.4451237773068066,1.438049019568472,1.438049019568472,1.438049019568472,1.4692457821440124
A2,r4,secondary,13.0,1.42832662280157,1.5081873634709284,1.4283322834357775,1.4283322834357775,1.4283322834357775,1.4565028411717496
A2,r4,secondary,13.5,1.4172500207209,1.38610424067292,1.4172024720926895,1.4172024720926895,1.4172024720926895,1.4403645187200305
A2,r4,secondary,14.0,1.41418624689753,1.3688771178643995,1.4142592358952446,1.4142592358952446,1.4142592358952446,1.434051468592478
A2,r4,secondary,14.5,1.40293547997645,1.380146320465842,1.4026833655678417,1.4026833655678417,1.4026833655678417,1.41998749513922
A2,r4,secondary,15.0,1.39759742634739,1.4697296815760699,1.39761812059927,1.39761812059927,1.39761812059927,1.4160490083327835
A2,r4,secondary,15.5,1.38909352089468,1.3808872018667864,1.3892207687872764,1.3892207687872764,1.3892207687872764,1.4091856887867957
A2,r4,secondary,16.0,1.38231997430699,1.3616408713787267,1.3821224012603903,1.3821224012603903,1.3821224012603903,1.4032350662007778
A2,r4,secondary,16.5,1.38917290593251,1.3291468391865577,1.3893264783648906,1.3893264783648906,1.3893264783648906,1.4112541840056545
A2,r4,secondary,17.0,1.39231721015666,1.3788783350100187,1.3923251591847703,1.3923251591847703,1.3923251591847703,1.4132526691857674
A2,r4,secondary,17.5,1.39784351494211,1.4916264612021186,1.3978904167917883,1.3978904167917883,1.3978904167917883,1.4181396944890632
A2,r4,secondary,18.0,1.3915964791162,1.409832060280289,1.3915743788464758,1.3915743788464758,1.3915743788464758,1.4113033007337497
A2,r4,secondary,18.5,1.37598183900938,1.366140827250056,1.37591511785313,1.37591511785313,1.37591511785313,1.3947661733970813
A2,r4,secondary,19.0,1.35273726328891,1.333390773183496,1.3526486572276193,1.3526486572276193,1.3526486572276193,1.3714133220336995
A2,r4,secondary,19.5,1.33577595993653,1.3297473171333845,1.3357999849040487,1.3357999849040487,1.3357999849040487,1.3520994523447016
A2,r4,secondary,20.0,1.33474268394365,1.3219883720055503,1.3346751297735129,1.3346751297735129,1.3346751297735129,1.3498594977141578
A2,r4,secondary,20.5,1.33602911124155,1.3209818462662897,1.3360329763652246,1.3360329763652246,1.3360329763652246,1.349806253500622
A2,r4,secondary,21.0,1.33740354593207,1.400147017084321,1.3374493375060768,1.3374493375060768,1.3374493375060768,1.3507860322418257
A2,r4,secondary,21.5,1.34074369942893,1.3258406359467871,1.3407066695271999,1.3407066695271999,1.3407066695271999,1.3532444566774782
A2,r4,secondary,22.0,1.34491831495435,1.266409446419936,1.3449592521220093,1.3449592521220093,1.3449592521220093,1.3564965579252999
A2,r4,secondary,22.5,1.33841174559622,1.3812529990081839,1.33827110786289,1.33827110786289,1.33827110786289,1.3513009201244264
A2,r4,secondary,23.0,1.33734403179749,1.3848543998310612,1.337464683317661,1.337464683317661,1.337464683317661,1.35042891430355
A2,r4,secondary,23.5,1.3365920586872,1.3301754435282336,1.336564995850336,1.336564995850336,1.336564995850336,1.348529344040113
A2,r4,secondary,24.0,1.33265679140237,1.2813119376176354,1.3325119195973953,1.3325119195973953,1.3325119195973953,1.3451381870140227
A2,r4,secondary,24.5,1.33098008783749,1.3432333186162375,1.3309357917547,1.3309357917547,1.3309357917547,1.3446152266113218
A2,r4,secondary,25.0,1.33372318449629,1.3569871156533044,1.3337312064873008,1.3337312064873008,1.3337312064873008,1.3477221582038417
A2,r4,secondary,25.5,1.3339293962593,1.338333002463706,1.3339223994920484,1.3339223994920484,1.3339223994920484,1.3475413730097796
A2,r4,secondary,26.0,1.32334157255106,1.3155019882074095,1.3232832752559234,1.3232832752559234,1.3232832752559234,1.3376378076639905
A2,r4,secondary,26.5,1.31441753620738,1.3641829837089976,1.3144142753300978,1.3144142753300978,1.3144142753300978,1.3274948221869602
A2,r4,secondary,27.0,1.29859221983413,1.2241701048960487,1.2985356911856196,1.2985356911856196,1.2985356911856196,1.3095971884311783
A2,r4,secondary,27.5,1.2859735193863,1.355648490002488,1.285992179697966,1.285992179697966,1.285992179697966,1.2964212521912495
A2,r4,secondary,28.0,1.28076171385209,1.2046871413527365,1.2807612242299267,1.2807612242299267,1.2807612242299267,1.291972083800246
A2,r4,secondary,28.5,1.28271225838004,1.3038979685438292,1.2827830311185364,1.2827830311185364,1.2827830311185364,1.2934584329597432
A2,r4,secondary,29.0,1.28514921298383,1.2590786641628968,1.2850503521293963,1.2850503521293963,1.2850503521293963,1.2939497701782314
A2,r4,secondary,29.5,1.29413997263431,1.293560817639414,1.2941492468347042,1.2941492468347042,1.2941492468347042,1.3021069847800848
A2,r4,secondary,30.0,1.29663994434291,1.3026917207113113,1.2969860938893811,1.2969860938893811,1.2969860938893811,1.304005887070462
A2,r5,primary,0.0,4.32876508340246e-16,,0.0,0.0,0.0,0.0
A2,r5,primary,0.5,2.9151647836393e-18,0.0,0.0,0.0,0.0,0.0
A2,r5,primary,1.0,0.0002460259703903,0.0,0.00021363028666495759,0.0002464075008250343,0.00021363028666495759,0.00025796091717267695
A2,r5,primary,1.5,0.0024277865616958,0.0,0.0023268868540275173,0.002385051781989013,0.0023268868540275173,0.0024972000479605728
A2,r5,primary,2.0,0.0190220958311887,0.0,0.018966158387847067,0.018966158387847067,0.018966158387847067,0.01950836701484741
A2,r5,primary,2.5,0.0721296380649558,0.005986030825701245,0.07197384890423848,0.07197384890423848,0.07197384890423848,0.0737999267256571
A2,r5,primary,3.0,0.196052632096757,0.029963361368826203,0.19578532399792073,0.19578532399792073,0.19578532399792073,0.1989417703855545
A2,r5,primary,3.5,0.399526392293705,0.2227436859091651,0.3992018705808467,0.3992018705808467,0.3992018705808467,0.40651618985242505
A2,r5,primary,4.0,0.685078640573199,0.5514431187243761,0.6849338436166069,0.6849338436166069,0.6849338436166069,0.6983430007514523
A2,r5,primary,4.5,1.01504503141236,1.0746760592488365,1.014974047717079,1.014974047717079,1.014974047717079,1.0364633619601895
A2,r5,primary,5.0,1.33031540139438,1.4281679284583852,1.3303564994813653,1.3303564994813653,1.3303564994813653,1.3592314813011657
A2,r5,primary,5.5,1.58742810185871,1.8303467209436002,1.5876294011451841,1.5876294011451841,1.5876294011451841,1.6227103253489137
A2,r5,primary,6.0,1.75972089541978,1.9178828004782735,1.7598912632212764,1.7598912632212764,1.7598912632212764,1.8010053538431883
A2,r5,primary,6.5,1.84613289535973,1.8438381101950476,1.8462135860047904,1.8462135860047904,1.8462135860047904,1.8889697406355568
A2,r5,primary,7.0,1.86184015069134,1.9098390187801633,1.861902275781485,1.861902275781485,1.861902275781485,1.903961604715167
A2,r5,primary,7.5,1.83369965034539,1.8889176435672528,1.833781329193585,1.833781329193585,1.833781329193585,1.8749612240425972
A2,r5,primary,8.0,1.78789004538924,1.7780651697732441,1.7878049004565948,1.7878049004565948,1.7878049004565948,1.8286742582330844
A2,r5,primary,8.5,1.74597698327416,1.7570968750080753,1.7459014442458893,1.7459014442458893,1.7459014442458893,1.7852802862583907
A2,r5,primary,9.0,1.7097069601044,1.6509672101169548,1.709593742162599,1.709593742162599,1.709593742162599,1.7463494120022973
A2,r5,primary,9.5,1.69159802710894,1.5974946609513796,1.691522514438742,1.691522514438742,1.691522514438742,1.727045019117885
A2,r5,primary,10.0,1.68222013439867,1.7525999526961973,1.6821674299247165,1.6821674299247165,1.6821674299247165,1.7166338565278725
A2,r5,primary,10.5,1.67627622186541,1.6852088780317322,1.6762471503768281,1.6762471503768281,1.6762471503768281,1.7080659082135599
A2,r5,primary,11.0,1.67037438006558,1.7372372296592624,1.6702859465727473,1.6702859465727473,1.6702859465727473,1.6995819929788998
A2,r5,primary,11.5,1.6548879636636,1.620859673520715,1.6548348330111624,1.6548348330111624,1.6548348330111624,1.6826128685544284
A2,r5,primary,12.0,1.63853925411878,1.5798928777321457,1.6384729755576932,1.6384729755576932,1.6384729755576932,1.6657704103974693
A2,r5,primary,12.5,1.62551171473697,1.6546250289378097,1.625363567311491,1.625363567311491,1.625363567311491,1.6523036213470632
A2,r5,primary,13.0,1.62007454896835,1.586672394804598,1.6200643958647445,1.6200643958647445,1.6200643958647445,1.6475265055818817
A2,r5,primary,13.5,1.61684884745881,1.671775466974594,1.616696201479809,1.616696201479809,1.616696201479809,1.6457533726468792
A2,r5,primary,14.0,1.60893892120927,1.5948027308533184,1.6087768696867704,1.6087768696867704,1.6087768696867704,1.6387046265431044
A2,r5,primary,14.5,1.59790426247776,1.6181850109270832,1.5977775069200852,1.5977775069200852,1.5977775069200852,1.628432157310001
A2,r5,primary,15.0,1.58758960105862,1.5565817457627988,1.5875203941382228,1.5875203941382228,1.5875203941382228,1.6180302751689217
A2,r5,primary,15.5,1.57224706278225,1.5411786887356747,1.5721012341284595,1.5721012341284595,1.5721012341284595,1.6015586412013738
A2,r5,primary,16.0,1.56033068680953,1.5864211602722103,1.560263415808588,1.560263415808588,1.560263415808588,1.5882473379612856
A2,r5,primary,16.5,1.55190802019552,1.583069359418525,1.5518024276485016,1.5518024276485016,1.5518024276485016,1.57877849591012
A2,r5,primary,17.0,1.54671765878694,1.493677919233359,1.546561473887689,1.546561473887689,1.546561473887689,1.5729605912957374
A2,r5,primary,17.5,1.54297521841661,1.569998012809872,1.5428571241367217,1.5428571241367217,1.5428571241367217,1.5685315349441147
A2,r5,primary,18.0,1.5421225238416,1.5377219067290404,1.5420093056184845,1.5420093056184845,1.5420093056184845,1.5669948477110125
A2,r5,primary,18.5,1.54242104382051,1.534993235245399,1.542258003704928,1.542258003704928,1.542258003704928,1.5666910165712513
A2,r5,primary,19.0,1.54380257615821,1.5404707346942856,1.5437116779717956,1.5437116779717956,1.5437116779717956,1.567437129515847
A2,r5,primary,19.5,1.53785582556746,1.56221348942676,1.5376469849496341,1.5376469849496341,1.5376469849496341,1.5600472502016824
A2,r5,primary,20.0,1.53311491572958,1.5276174362312378,1.5329643830802049,1.5329643830802049,1.5329643830802049,1.5544409328894544
A2,r5,primary,20.5,1.52707947637042,1.5248486629160467,1.5269505213587484,1.5269505213587484,1.5269505213587484,1.5490855118153772
A2,r5,primary,21.0,1.52344093693626,1.502096022035402,1.523301883192279,1.523301883192279,1.523301883192279,1.5466096915000054
A2,r5,primary,21.5,1.5207210833209,1.5194319278734973,1.520567057951823,1.520567057951823,1.520567057951823,1.5450788608101913
A2,r5,primary,22.0,1.51452867643917,1.52359768072757,1.5144037042684544,1.5144037042684544,1.5144037042684544,1.538877649893566
A2,r5,primary,22.5,1.50646900778886,1.519706629199819,1.5063587485338497,1.5063587485338497,1.5063587485338497,1.5305712335624722
A2,r5,primary,23.0,1.49511521917272,1.5129210788071255,1.4949398828489473,1.4949398828489473,1.4949398828489473,1.5175515880748054
A2,r5,primary,23.5,1.48136008747749,1.4580501007997357,1.4812387084963299,1.4812387084963299,1.4812387084963299,1.5024115876434194
A2,r5,primary,24.0,1.46799659466193,1.4543855033044377,1.4678691684151348,1.4678691684151348,1.4678691684151348,1.4883852289851212
A2,r5,primary,24.5,1.45943195094325,1.4478177249671809,1.4593296705162457,1.4593296705162457,1.4593296705162457,1.4808966454650876
A2,r5,primary,25.0,1.45772856713895,1.4692320928690936,1.4576216795539811,1.4576216795539811,1.4576216795539811,1.48093972023257
A2,r5,primary,25.5,1.45299128397466,1.4454204696842152,1.4528789778386824,1.4528789778386824,1.4528789778386824,1.4767799198275098
A2,r5,primary,26.0,1.44729464864619,1.4713981482550882,1.447250827877975,1.447250827877975,1.447250827877975,1.4707186017689904
A2,r5,primary,26.5,1.4388315467802,1.4614014816166672,1.438743251685241,1.438743251685241,1.438743251685241,1.46145936967503
A2,r5,primary,27.0,1.42855885976935,1.4081877809602106,1.4284390503581044,1.4284390503581044,1.4284390503581044,1.448555287516144
A2,r5,primary,27.5,1.42118992025559,1.4063868695047232,1.4210314267101098,1.4210314267101098,1.4210314267101098,1.4394959685876385
A2,r5,primary,28.0,1.41630851674781,1.4003784795468766,1.416148624459059,1.416148624459059,1.416148624459059,1.4342706489085912
A2,r5,primary,28.5,1.41604009970618,1.420175278842859,1.4158593442296472,1.4158593442296472,1.4158593442296472,1.4354900847489642
A2,r5,primary,29.0,1.41329504190567,1.4378207487694015,1.4131457598562616,1.4131457598562616,1.4131457598562616,1.4333278789387711
A2,r5,primary,29.5,1.41080549153351,1.4209811138897634,1.410669300156454,1.410669300156454,1.410669300156454,1.4303148971258033
A2,r5,primary,30.0,1.4106263854788,1.4041920579143787,1.4106130429543038,1.4106130429543038,1.4106130429543038,1.4301050671662072
A2,r5,secondary,0.0,2.51406029936688e-16,,0.0,0.0,0.0,0.0
A2,r5,secondary,0.5,0.0,0.0,0.0,0.0,0.0,0.0
A2,r5,secondary,1.0,0.0,0.0,0.0,0.0,0.0,0.0
A2,r5,secondary,1.5,0.0015871976720308,0.0,0.0015430994087355127,0.0015816720904244291,0.0015430994087355127,0.0016650574628036467
A2,r5,secondary,2.0,0.0058607849219404,0.0,0.005864684914006914,0.005864684914006914,0.005864684914006914,0.006174870661928193
A2,r5,secondary,2.5,0.0165433240685423,0.0,0.016501307852111475,0.016501307852111475,0.016501307852111475,0.017196412548497707
A2,r5,secondary,3.0,0.0579133889107218,0.035450966886003486,0.0577793042557126,0.0577793042557126,0.0577793042557126,0.05945512779124972
A2,r5,secondary,3.5,0.141390877023407,0.015193753967686423,0.14113781756164334,0.14113781756164334,0.14113781756164334,0.14604411556158617
A2,r5,secondary,4.0,0.292678750746661,0.1597823927361876,0.29250129159917265,0.29250129159917265,0.29250129159917265,0.3040656767938497
A2,r5,secondary,4.5,0.52691474293223,0.4618419305310655,0.5265764524789659,0.5265764524789659,0.5265764524789659,0.5482502344295966
A2,r5,secondary,5.0,0.821750210722375,0.6401662086930441,0.821327439403834,0.821327439403834,0.821327439403834,0.8533933150587462
A2,r5,secondary,5.5,1.15259930361078,1.223217132024337,1.1526869113120275,1.1526869113120275,1.1526869113120275,1.1951703807476683
A2,r5,secondary,6.0,1.45027368482217,1.6478263224319798,1.4504490130160217,1.4504490130160217,1.4504490130160217,1.5017744098065051
A2,r5,secondary,6.5,1.66964964850658,1.8023945309462526,1.6697533654256156,1.6697533654256156,1.6697533654256156,1.7240053101066408
A2,r5,secondary,7.0,1.78859956926543,2.073097026616478,1.7886949373291514,1.7886949373291514,1.7886949373291514,1.8409784710919626
A2,r5,secondary,7.5,1.79836291789203,1.765110479593533,1.7983166192144973,1.7983166192144973,1.7983166192144973,1.8469488744012357
A2,r5,secondary,8.0,1.75203886469196,1.8172202373755604,1.7521764729397828,1.7521764729397828,1.7521764729397828,1.7977078731935474
A2,r5,secondary,8.5,1.67582417357722,1.5982544105803789,1.6757326944995659,1.6757326944995659,1.6757326944995659,1.718071014292065
A2,r5,secondary,9.0,1.59901892066499,1.5167563733890153,1.598551558461903,1.598551558461903,1.598551558461903,1.6381536335606672
A2,r5,secondary,9.5,1.55811231319578,1.6877361275015776,1.5581976979329208,1.5581976979329208,1.5581976979329208,1.5983794939991358
A2,r5,secondary,10.0,1.53220531303288,1.405290071245023,1.5320576482504236,1.5320576482504236,1.5320576482504236,1.5716547916225798
A2,r5,secondary,10.5,1.52022893760731,1.4267806809798864,1.5202887702497616,1.5202887702497616,1.5202887702497616,1.5579181965723414
A2,r5,secondary,11.0,1.49592341614723,1.6670697769881246,1.4958703439899304,1.4958703439899304,1.4958703439899304,1.531857759135959
A2,r5,secondary,11.5,1.4816483656022,1.4834938209841204,1.4818000825074993,1.4818000825074993,1.4818000825074993,1.51748357334052
A2,r5,secondary,12.0,1.46345409718816,1.4048134785874666,1.463636750205206,1.463636750205206,1.463636750205206,1.4972491172690625
A2,r5,secondary,12.5,1.4387493271032,1.4149655254544495,1.4387188426206412,1.4387188426206412,1.4387188426206412,1.4707723304029299
A2,r5,secondary,13.0,1.41787762630751,1.4824593590137738,1.4178784389115073,1.4178784389115073,1.4178784389115073,1.4489622922113778
A2,r5,secondary,13.5,1.41341113094193,1.352695248747417,1.4133198383774879,1.4133198383774879,1.4133198383774879,1.4441492304973973
A2,r5,secondary,14.0,1.41416367717184,1.3635836708414182,1.4140506498500685,1.4140506498500685,1.4140506498500685,1.4435892746878431
A2,r5,secondary,14.5,1.41119242099964,1.5197544636518616,1.411125737601185,1.411125737601185,1.411125737601185,1.4405572300390375
A2,r5,secondary,15.0,1.41109521314193,1.3509648278884265,1.4110379136488924,1.4110379136488924,1.4110379136488924,1.4418768436365539
A2,r5,secondary,15.5,1.40174175319694,1.4381600168135407,1.401490904464638,1.401490904464638,1.401490904464638,1.4334131800133854
A2,r5,secondary,16.0,1.38712297564188,1.3945316780615564,1.3869965890894203,1.3869965890894203,1.3869965890894203,1.4208244604790463
A2,r5,secondary,16.5,1.37059514273572,1.3829453464407162,1.3704322714359927,1.3704322714359927,1.3704322714359927,1.4062984447316682
A2,r5,secondary,17.0,1.36480088151397,1.2760396353039773,1.3648027648404963,1.3648027648404963,1.3648027648404963,1.4008301044236482
A2,r5,secondary,17.5,1.35845815942958,1.402732512671859,1.3583918990383146,1.3583918990383146,1.3583918990383146,1.3935188134606566
A2,r5,secondary,18.0,1.35919694584221,1.325552960508252,1.3591317074888316,1.3591317074888316,1.3591317074888316,1.3925384659519626
A2,r5,secondary,18.5,1.36349041736347,1.402899567315006,1.3632860472920993,1.3632860472920993,1.3632860472920993,1.3955675526526392
A2,r5,secondary,19.0,1.36344143938922,1.3357859315866962,1.3634194959054704,1.3634194959054704,1.3634194959054704,1.3939850491218664
A2,r5,secondary,19.5,1.36400768910129,1.4145104513101685,1.3640380257573281,1.3640380257573281,1.3640380257573281,1.3933846597504225
A2,r5,secondary,20.0,1.35930806295104,1.3119995641078255,1.3591659109900769,1.3591659109900769,1.3591659109900769,1.388846380718554
A2,r5,secondary,20.5,1.35493944010773,1.3559732529601307,1.3548617531822924,1.3548617531822924,1.3548617531822924,1.3846711400098124
A2,r5,secondary,21.0,1.35991052107746,1.4318471580317031,1.3598357409418962,1.3598357409418962,1.3598357409418962,1.3890595561125647
A2,r5,secondary,21.5,1.3641104243147,1.2312623664731468,1.3639787525507903,1.3639787525507903,1.3639787525507903,1.3930862330561615
A2,r5,secondary,22.0,1.36644530089122,1.4164048854359994,1.3663283226927572,1.3663283226927572,1.3663283226927572,1.3957507208505284
A2,r5,secondary,22.5,1.35980238980112,1.422460803801111,1.3596971854243705,1.3596971854243705,1.3596971854243705,1.3885710651270804
A2,r5,secondary,23.0,1.34444177013528,1.3667735658239526,1.3442213827905944,1.3442213827905944,1.3442213827905944,1.3716394693772849
A2,r5,secondary,23.5,1.32812151291439,1.30375196875462,1.3281151812205572,1.3281151812205572,1.3281151812205572,1.3540333032308696
A2,r5,secondary,24.0,1.30322164621373,1.291322139346638,1.3030904541599238,1.3030904541599238,1.3030904541599238,1.3279910097815395
A2,r5,secondary,24.5,1.28637448971863,1.2543763858743973,1.2862684839307632,1.2862684839307632,1.2862684839307632,1.3109808269456829
A2,r5,secondary,25.0,1.27421545779012,1.2566799107831936,1.2740981589079696,1.2740981589079696,1.2740981589079696,1.2986061364553307
A2,r5,secondary,25.5,1.27174235683727,1.3092472621791231,1.2716051356316258,1.2716051356316258,1.2716051356316258,1.2965101323350299
A2,r5,secondary,26.0,1.27585998447628,1.2636913241538825,1.275657110680423,1.275657110680423,1.275657110680423,1.3008836962102628
A2,r5,secondary,26.5,1.28406054798976,1.2450034389954137,1.2839506001429413,1.2839506001429413,1.2839506001429413,1.3079816618775275
A2,r5,secondary,27.0,1.29585548261203,1.2928447754782106,1.2958146264971568,1.2958146264971568,1.2958146264971568,1.3181042638138194
A2,r5,secondary,27.5,1.30224947881904,1.3149231194386448,1.3021218333676239,1.3021218333676239,1.3021218333676239,1.3235637902291428
A2,r5,secondary,28.0,1.30244014859541,1.3357482729315633,1.3023441121868815,1.3023441121868815,1.3023441121868815,1.3233890547330713
A2,r5,secondary,28.5,1.29066469783153,1.324887520838169,1.2905445122412735,1.2905445122412735,1.2905445122412735,1.3127689062579027
A2,r5,secondary,29.0,1.2725161849604,1.2924700635331638,1.2725088880328679,1.2725088880328679,1.2725088880328679,1.294624300158194
A2,r5,secondary,29.5,1.25514483080252,1.1879268059273291,1.2550400194636184,1.2550400194636184,1.2550400194636184,1.277007455866965
A2,r5,secondary,30.0,1.24747622621376,1.222532943666455,1.2474941617956379,1.2474941617956379,1.2474941617956379,1.2687451736903017
A3,r1,primary,0.0,8.99698636361342e-17,,0.0,0.0,0.0,0.0
A3,r1,primary,0.5,1.75425860251748e-16,0.0,0.0,0.0,0.0,0.0
A3,r1,primary,1.0,0.0007281257824189,0.0,0.0005865449507119728,0.0007302484012054511,0.0005865449507119728,0.0007348383615319326
A3,r1,primary,1.5,0.0075316035369472,0.0,0.006918477361803179,0.007542227270491605,0.006918477361803179,0.0075895156212921035
A3,r1,primary,2.0,0.0220610474103234,0.0,0.021740607954981093,0.022041238297135782,0.021740607954981093,0.022179248378794328
A3,r1,primary,2.5,0.0530211995654999,0.0,0.052944645055172976,0.052944645055172976,0.052944645055172976,0.05327641902780566
A3,r1,primary,3.0,0.110590468597196,0.024497362433398322,0.11052605281911959,0.11052605281911959,0.11052605281911959,0.11116209389594855
A3,r1,primary,3.5,0.208954838243955,0.15757192548487078,0.20896451608269018,0.20896451608269018,0.20896451608269018,0.20979151188249998
A3,r1,primary,4.0,0.347647083869272,0.15638623496737197,0.34766558171445716,0.34766558171445716,0.34766558171445716,0.34904172142805173
A3,r1,primary,4.5,0.515207037437607,0.3763808340690681,0.5152060216871648,0.5152060216871648,0.5152060216871648,0.517336565618435
A3,r1,primary,5.0,0.69790310027718,0.722211090163825,0.6980366240897855,0.6980366240897855,0.6980366240897855,0.700879974183484
A3,r1,primary,5.5,0.885775443443075,1.0257422219797279,0.8859374343823965,0.8859374343823965,0.8859374343823965,0.8894641952591609
A3,r1,primary,6.0,1.07126374817702,1.2116071710822276,1.0714882096198277,1.0714882096198277,1.0714882096198277,1.0750553168125905
A3,r1,primary,6.5,1.24280446925872,1.2158309062830082,1.2431084994482413,1.2431084994482413,1.2431084994482413,1.246399864149029
A3,r1,primary,7.0,1.37484455728124,1.351502203017535,1.3752849918849737,1.3752849918849737,1.3752849918849737,1.378229373472595
A3,r1,primary,7.5,1.4576605373029,1.5383386883658237,1.4580478643860577,1.4580478643860577,1.4580478643860577,1.4609348868337182
A3,r1,primary,8.0,1.50687266647992,1.6791704013044328,1.5072085404675732,1.5072085404675732,1.5072085404675732,1.5098130987257135
A3,r1,primary,8.5,1.52699179975871,1.716640839373376,1.5273834027402975,1.5273834027402975,1.5273834027402975,1.5300078501588719
A3,r1,primary,9.0,1.5231325557875,1.4782820247133988,1.5235132651514718,1.5235132651514718,1.5235132651514718,1.5261497269222877
A3,r1,primary,9.5,1.497566625336,1.4872418466327721,1.4978760804795632,1.4978760804795632,1.4978760804795632,1.5007028669374098
A3,r1,primary,10.0,1.45978488085918,1.473436144672257,1.4601199511845457,1.4601199511845457,1.4601199511845457,1.4634344020965933
A3,r1,primary,10.5,1.42199236156484,1.3546723035114268,1.4222464547725777,1.4222464547725777,1.4222464547725777,1.4258295329437876
A3,r1,primary,11.0,1.39485526557882,1.3819055175405,1.3951346344014048,1.3951346344014048,1.3951346344014048,1.3985859682905855
A3,r1,primary,11.5,1.3808863932746,1.3519188135745357,1.3811749632839947,1.3811749632839947,1.3811749632839947,1.384459969190002
A3,r1,primary,12.0,1.36721345147736,1.4607547364551046,1.3673888990248861,1.3673888990248861,1.3673888990248861,1.3706834010692055
A3,r1,primary,12.5,1.35374209519642,1.272107704404195,1.3539550311076756,1.3539550311076756,1.3539550311076756,1.3572650484972386
A3,r1,primary,13.0,1.33717580118035,1.3475706373546346,1.3373734471977643,1.3373734471977643,1.3373734471977643,1.3409422299106513
A3,r1,primary,13.5,1.31702868491601,1.3452192314497506,1.3172940622066014,1.3172940622066014,1.3172940622066014,1.3207487518111274
A3,r1,primary,14.0,1.30235611158871,1.3383410127908053,1.3025832932473516,1.3025832932473516,1.3025832932473516,1.3058359449468229
A3,r1,primary,14.5,1.2941215934551,1.2594932482906918,1.294305968533929,1.294305968533929,1.294305968533929,1.2973622780383918
A3,r1,primary,15.0,1.29005200367548,1.1911092388330922,1.2902763947640028,1.2902763947640028,1.2902763947640028,1.2926215539472488
A3,r1,primary,15.5,1.28825974046883,1.2279871557440603,1.288482132469704,1.288482132469704,1.288482132469704,1.2902480280762036
A3,r1,primary,16.0,1.29599006751647,1.4454932854703597,1.2962421419613548,1.2962421419613548,1.2962421419613548,1.2977539719336817
A3,r1,primary,16.5,1.30412927107368,1.2847093097088391,1.3044240928440929,1.3044240928440929,1.3044240928440929,1.3058506867986361
A3,r1,primary,17.0,1.30947760956551,1.3070665837621707,1.309712550636644,1.309712550636644,1.309712550636644,1.31107597536558
A3,r1,primary,17.5,1.30395739464001,1.3201477264227321,1.3041619042615136,1.3041619042615136,1.3041619042615136,1.3054468727410187
A3,r1,primary,18.0,1.28869159157253,1.3133829497999912,1.288950987966557,1.288950987966557,1.288950987966557,1.2901469565433192
A3,r1,primary,18.5,1.27091768250641,1.2909572341554154,1.2711504290668851,1.2711504290668851,1.2711504290668851,1.2721243180273911
A3,r1,primary,19.0,1.26088476838017,1.244054916956631,1.261114478704856,1.261114478704856,1.261114478704856,1.261930410960448
A3,r1,primary,19.5,1.25545901468777,1.1610053006813175,1.2556340463310176,1.2556340463310176,1.2556340463310176,1.2560423214089318
A3,r1,primary,20.0,1.25400486803206,1.2436936900639433,1.2542191206877582,1.2542191206877582,1.2542191206877582,1.2541594732113572
A3,r1,primary,20.5,1.26097689141465,1.2598905499420014,1.2612537187989592,1.2612537187989592,1.2612537187989592,1.261339015045501
A3,r1,primary,21.0,1.26965777466756,1.3027779909734223,1.2698870359458356,1.2698870359458356,1.2698870359458356,1.2704669271332196
A3,r1,primary,21.5,1.27310425249504,1.2851387533639473,1.2733641947335341,1.2733641947335341,1.2733641947335341,1.274729892214027
A3,r1,primary,22.0,1.27129260896474,1.3171292698590895,1.271554262049264,1.271554262049264,1.271554262049264,1.273502249770391
A3,r1,primary,22.5,1.26240080114183,1.325613283194592,1.262643612425848,1.262643612425848,1.262643612425848,1.265054068553361
A3,r1,primary,23.0,1.2464827812264,1.2038911873484313,1.2467202182578139,1.2467202182578139,1.2467202182578139,1.2493662898527038
A3,r1,primary,23.5,1.22830309215047,1.158225699473814,1.2285195395361668,1.2285195395361668,1.2285195395361668,1.2312042879784124
A3,r1,primary,24.0,1.21453501254275,1.2501308133329498,1.2147819649093168,1.2147819649093168,1.2147819649093168,1.2173297439401853
A3,r1,primary,24.5,1.20208187870352,1.1898818414328767,1.2023154552287763,1.2023154552287763,1.2023154552287763,1.2045861645906084
A3,r1,primary,25.0,1.19510476299782,1.1714586139918501,1.195298788433075,1.195298788433075,1.195298788433075,1.1973993289829266
A3,r1,primary,25.5,1.19524455426955,1.2081063699626167,1.195527844482538,1.195527844482538,1.195527844482538,1.1975298122864764
A3,r1,primary,26.0,1.19729480516888,1.2357434660719442,1.1975455647867659,1.1975455647867659,1.1975455647867659,1.1998140278369667
A3,r1,primary,26.5,1.20097099691919,1.1458787502543235,1.2012250302199452,1.2012250302199452,1.2012250302199452,1.2036368186295678
A3,r1,primary,27.0,1.20632816324066,1.1984665732499522,1.2065574976049547,1.2065574976049547,1.2065574976049547,1.2089218704552753
A3,r1,primary,27.5,1.21221692520777,1.2135298724086372,1.2124365942595918,1.2124365942595918,1.2124365942595918,1.2146973124409235
A3,r1,primary,28.0,1.21301430896634,1.2426934042081974,1.2132257986361294,1.2132257986361294,1.2132257986361294,1.215402248313901
A3,r1,primary,28.5,1.21118319069876,1.2375899706754359,1.211374398750987,1.211374398750987,1.211374398750987,1.2131909648482067
A3,r1,primary,29.0,1.20606707073339,1.198998057318059,1.2063015704248055,1.2063015704248055,1.2063015704248055,1.2074968600360292
A3,r1,primary,29.5,1.20126041079566,1.2235509676602268,1.2014726037744665,1.2014726037744665,1.2014726037744665,1.2022468008280378
A3,r1,primary,30.0,1.19656439845603,1.1771273253011445,1.196840784557615,1.196840784557615,1.196840784557615,1.1971552246724437
A3,r1,secondary,0.0,0.0,,0.0,0.0,0.0,0.0
A3,r1,secondary,0.5,1.6319835519345198e-16,0.0,0.0,0.0,0.0,0.0
A3,r1,secondary,1.0,0.0005382233763155,0.0,0.00043329678986787657,0.0005394544572660531,0.00043329678986787657,0.0005437267430006621
A3,r1,secondary,1.5,0.0050815144152205,0.0,0.0046633449091685155,0.00508377859842733,0.0046633449091685155,0.005123868853911991
A3,r1,secondary,2.0,0.0147845764271683,0.0,0.014562070598737323,0.01476343572503206,0.014562070598737323,0.014880102888086052
A3,r1,secondary,2.5,0.0370081939627654,0.0,0.03698665009634343,0.03698665009634343,0.03698665009634343,0.03727894776671069
A3,r1,secondary,3.0,0.099075118504726,0.0329409696146725,0.09890134031045843,0.09890134031045843,0.09890134031045843,0.09968346314446254
A3,r1,secondary,3.5,0.211479475350551,0.056569842249737955,0.2114687464513789,0.2114687464513789,0.2114687464513789,0.21314187218523725
A3,r1,secondary,4.0,0.37497072042013,0.14859391544041217,0.3750438007073108,0.3750438007073108,0.3750438007073108,0.3780110881124382
A3,r1,secondary,4.5,0.568426732605333,0.3523835399857875,0.5684274873260867,0.5684274873260867,0.5684274873260867,0.5721047566048689
A3,r1,secondary,5.0,0.785997900037002,0.9521509449122431,0.786096732421806,0.786096732421806,0.786096732421806,0.790720084501771
A3,r1,secondary,5.5,1.02092707308437,1.208987975300105,1.021093572427777,1.021093572427777,1.021093572427777,1.02703701916541
A3,r1,secondary,6.0,1.25601727236945,1.4071192423994368,1.2563966158067394,1.2563966158067394,1.2563966158067394,1.2622680508448938
A3,r1,secondary,6.5,1.4528739538784,1.4068198413309323,1.4531718060659775,1.4531718060659775,1.4531718060659775,1.4566739281104721
A3,r1,secondary,7.0,1.58579716338765,1.619707066893242,1.5861347408074973,1.5861347408074973,1.5861347408074973,1.5876728436168575
A3,r1,secondary,7.5,1.65771712125503,1.8844648601589047,1.6581715412897793,1.6581715412897793,1.6581715412897793,1.6581637486075342
A3,r1,secondary,8.0,1.68892622494777,1.8920852223223843,1.6893080037032684,1.6893080037032684,1.6893080037032684,1.6886528215893388
A3,r1,secondary,8.5,1.700980097043,1.618332895439935,1.7013773838419852,1.7013773838419852,1.7013773838419852,1.7013534033307192
A3,r1,secondary,9.0,1.68320116732858,1.6292344923151945,1.683557733074579,1.683557733074579,1.683557733074579,1.6839776796773906
A3,r1,secondary,9.5,1.63553089401399,1.5232587170858145,1.6358454330170142,1.6358454330170142,1.6358454330170142,1.6372179192571943
A3,r1,secondary,10.0,1.59034558310708,1.6282269673471412,1.590684438005044,1.590684438005044,1.590684438005044,1.5942948083294588
A3,r1,secondary,10.5,1.56198639472539,1.7134461471967852,1.5622182429443114,1.5622182429443114,1.5622182429443114,1.5685348348831842
A3,r1,secondary,11.0,1.55621583433379,1.455020443326189,1.556577136581827,1.556577136581827,1.556577136581827,1.5626011382148222
A3,r1,secondary,11.5,1.55800301951407,1.4187657529310869,1.558379311957111,1.558379311957111,1.558379311957111,1.5634811763142418
A3,r1,secondary,12.0,1.55323284572207,1.6526809303690198,1.5536389666768837,1.5536389666768837,1.5536389666768837,1.557909146286293
A3,r1,secondary,12.5,1.54298331192594,1.531421163438412,1.5432966726904795,1.5432966726904795,1.5432966726904795,1.546451539697465
A3,r1,secondary,13.0,1.53771304615895,1.6745310588733326,1.5381122920619752,1.5381122920619752,1.5381122920619752,1.5412240842993963
A3,r1,secondary,13.5,1.53180230751154,1.5314404077920494,1.5321069964211471,1.5321069964211471,1.5321069964211471,1.5355199133093738
A3,r1,secondary,14.0,1.51416637717561,1.4849914685597274,1.5145861961988527,1.5145861961988527,1.5145861961988527,1.5180902185869103
A3,r1,secondary,14.5,1.48315254450121,1.483305622411223,1.483375941764563,1.483375941764563,1.483375941764563,1.487230960551317
A3,r1,secondary,15.0,1.45594040464947,1.4686901435992814,1.4561988809056017,1.4561988809056017,1.4561988809056017,1.459994285594101
A3,r1,secondary,15.5,1.43332112745913,1.4157867493950544,1.4335501091399967,1.4335501091399967,1.4335501091399967,1.437192183665549
A3,r1,secondary,16.0,1.41839407481536,1.42244401713297,1.4187236692855119,1.4187236692855119,1.4187236692855119,1.4222993269095228
A3,r1,secondary,16.5,1.39989312640363,1.2461191514727268,1.4002532956707237,1.4002532956707237,1.4002532956707237,1.4036196461615447
A3,r1,secondary,17.0,1.38342431586225,1.5070030941681036,1.383559157412853,1.383559157412853,1.383559157412853,1.3866226540506992
A3,r1,secondary,17.5,1.36705622770438,1.4652836256736426,1.3673215036881357,1.3673215036881357,1.3673215036881357,1.369459728719847
A3,r1,secondary,18.0,1.35328995512689,1.2569881133783118,1.3535336928257962,1.3535336928257962,1.3535336928257962,1.3555603708058892
A3,r1,secondary,18.5,1.35182037111302,1.3055056699271637,1.3519842124460701,1.3519842124460701,1.3519842124460701,1.353912159993361
A3,r1,secondary,19.0,1.35727236754463,1.3518383640318778,1.3575958840964923,1.3575958840964923,1.3575958840964923,1.359347705804794
A3,r1,secondary,19.5,1.35975146818541,1.2822494804890687,1.3600090720548113,1.3600090720548113,1.3600090720548113,1.3616724296014062
A3,r1,secondary,20.0,1.37189549474917,1.3722345053979823,1.372163475388998,1.372163475388998,1.372163475388998,1.3735386943361751
A3,r1,secondary,20.5,1.38987337216383,1.5130429048251184,1.3901452006375294,1.3901452006375294,1.3901452006375294,1.392170441438064
A3,r1,secondary,21.0,1.40277264895939,1.414748903957392,1.4030674193713941,1.4030674193713941,1.4030674193713941,1.40602028822038
A3,r1,secondary,21.5,1.40904925256316,1.3258664612512852,1.409343413901443,1.409343413901443,1.409343413901443,1.4134201269347604
A3,r1,secondary,22.0,1.40775793093462,1.4859575332285555,1.4079858189558532,1.4079858189558532,1.4079858189558532,1.4123779698973962
A3,r1,secondary,22.5,1.40205082741622,1.422439681772887,1.4022168887870279,1.4022168887870279,1.4022168887870279,1.4070874675259186
A3,r1,secondary,23.0,1.39600835670767,1.3617512762862733,1.3962206204840026,1.3962206204840026,1.3962206204840026,1.4018052993421815
A3,r1,secondary,23.5,1.38992928537396,1.3683575920393416,1.3901604014239841,1.3901604014239841,1.3901604014239841,1.3961215591263967
A3,r1,secondary,24.0,1.37706301042013,1.3616000620367779,1.3774467527864156,1.3774467527864156,1.3774467527864156,1.3835255291572375
A3,r1,secondary,24.5,1.35462722342231,1.418524303241254,1.354902163064378,1.354902163064378,1.354902163064378,1.361074188963499
A3,r1,secondary,25.0,1.33692077440376,1.419214867331081,1.337184239503567,1.337184239503567,1.337184239503567,1.3424685502056621
A3,r1,secondary,25.5,1.31696593653416,1.1877854202211275,1.317146000912958,1.317146000912958,1.317146000912958,1.3213233376127618
A3,r1,secondary,26.0,1.30170850463822,1.3508395359277539,1.3019270968965615,1.3019270968965615,1.3019270968965615,1.3051185227182065
A3,r1,secondary,26.5,1.29482175926766,1.2292504500166097,1.2951023382791107,1.2951023382791107,1.2951023382791107,1.2975953935991
A3,r1,secondary,27.0,1.29761134779419,1.317682434664333,1.2978538636509407,1.2978538636509407,1.2978538636509407,1.2994007410346309
A3,r1,secondary,27.5,1.30781273579566,1.1862298883458966,1.3080630853897781,1.3080630853897781,1.3080630853897781,1.3090075565659942
A3,r1,secondary,28.0,1.31885075898249,1.3633490825986316,1.319090429589332,1.319090429589332,1.319090429589332,1.3196379570053083
A3,r1,secondary,28.5,1.33095069846662,1.4337312771637385,1.3311858005507937,1.3311858005507937,1.3311858005507937,1.331908070966779
A3,r1,secondary,29.0,1.33431742893111,1.3391807429131288,1.3345595849547007,1.3345595849547007,1.3345595849547007,1.3355547676207573
A3,r1,secondary,29.5,1.3311066006679,1.3527378297640351,1.3313257917057086,1.3313257917057086,1.3313257917057086,1.3327472058485619
A3,r1,secondary,30.0,1.32055182610004,1.2455328004184447,1.3209704824509323,1.3209704824509323,1.3209704824509323,1.3225535588063755
A3,r2,primary,0.0,2.36302873837838e-17,,0.0,0.0,0.0,0.0
A3,r2,primary,0.5,0.0038339877098757,0.0,0.0024219891628892427,0.0037918757685215065,0.0024219891628892427,0.003850760162914951
A3,r2,primary,1.0,0.0166111874696223,0.0,0.012692988799466886,0.016535332870153935,0.012692988799466886,0.016792192077364612
A3,r2,primary,1.5,0.0379871286170545,0.0,0.03322565358745303,0.037891745439551296,0.03322565358745303,0.03848078803514385
A3,r2,primary,2.0,0.075203671815388,0.0,0.07175288465857493,0.07500947885772379,0.07175288465857493,0.07617587509434147
A3,r2,primary,2.5,0.144121018455961,0.0,0.1435641610019581,0.14399975766859158,0.1435641610019581,0.14623877358105614
A3,r2,primary,3.0,0.254426412173122,0.17312316077271991,0.2542539367846746,0.2542539367846746,0.2542539367846746,0.25820698103518613
A3,r2,primary,3.5,0.401337274690821,0.1856417035640101,0.4013100988339551,0.4013100988339551,0.4013100988339551,0.40754893575463275
A3,r2,primary,4.0,0.574209359462348,0.35766346186772685,0.5741406760086033,0.5741406760086033,0.5741406760086033,0.5820990259539714
A3,r2,primary,4.5,0.755139400830233,0.7230969029952525,0.7551508682967362,0.7551508682967362,0.7551508682967362,0.7650315865503403
A3,r2,primary,5.0,0.933624361158255,1.1854982924921527,0.9335463250666138,0.9335463250666138,0.9335463250666138,0.9449140586485062
A3,r2,primary,5.5,1.1100752156595,1.1970167715429685,1.1100771773530231,1.1100771773530231,1.1100771773530231,1.1230692758965064
A3,r2,primary,6.0,1.26603003403396,1.6309891880699803,1.2661197026986537,1.2661197026986537,1.2661197026986537,1.2808085023503941
A3,r2,primary,6.5,1.38413025681761,1.2456615879125752,1.3842718600369242,1.3842718600369242,1.3842718600369242,1.4001208093569562
A3,r2,primary,7.0,1.46205295356417,1.4468887610781458,1.4621216955371943,1.4621216955371943,1.4621216955371943,1.4780699569923583
A3,r2,primary,7.5,1.50272455999436,1.735154198353091,1.5026419141146101,1.5026419141146101,1.5026419141146101,1.5180445302375465
A3,r2,primary,8.0,1.52694643752863,1.7015623282496606,1.5267349853192387,1.5267349853192387,1.5267349853192387,1.5414045317781266
A3,r2,primary,8.5,1.53207591692175,1.448511161489207,1.5318704925961943,1.5318704925961943,1.5318704925961943,1.5463708431914909
A3,r2,primary,9.0,1.53504615835151,1.4638939271628166,1.5349791414342904,1.5349791414342904,1.5349791414342904,1.5497175049003977
A3,r2,primary,9.5,1.53372129356151,1.5054515366899954,1.5335029745388589,1.5335029745388589,1.5335029745388589,1.5480811427672148
A3,r2,primary,10.0,1.53191793253836,1.6084527262888197,1.5317862174664572,1.5317862174664572,1.5317862174664572,1.546468788720173
A3,r2,primary,10.5,1.52685511306521,1.451842450465094,1.5267348271582515,1.5267348271582515,1.5267348271582515,1.5413007637927059
A3,r2,primary,11.0,1.52544287341135,1.4584276904122848,1.5253106702981423,1.5253106702981423,1.5253106702981423,1.5401267852496145
A3,r2,primary,11.5,1.52557216710181,1.5106671889891123,1.525558330245624,1.525558330245624,1.525558330245624,1.5409480781286682
A3,r2,primary,12.0,1.51831548919191,1.7561122906801965,1.5181812552129528,1.5181812552129528,1.5181812552129528,1.5341638170917211
A3,r2,primary,12.5,1.51099363639082,1.5446867412510261,1.5108439998765586,1.5108439998765586,1.5108439998765586,1.5266951591073503
A3,r2,primary,13.0,1.50324084991568,1.3290431760900143,1.5030857297725717,1.5030857297725717,1.5030857297725717,1.5182170021699444
A3,r2,primary,13.5,1.49719208464623,1.5987397187838077,1.4970274263756314,1.4970274263756314,1.4970274263756314,1.5110874666673777
A3,r2,primary,14.0,1.48479805339752,1.3494320287765493,1.484678540859767,1.484678540859767,1.484678540859767,1.49731472494345
A3,r2,primary,14.5,1.47045078643788,1.5181491596338474,1.4702635563551718,1.4702635563551718,1.4702635563551718,1.4816612966973204
A3,r2,primary,15.0,1.46105644545345,1.4336121843407885,1.4609446730220184,1.4609446730220184,1.4609446730220184,1.4716632525551867
A3,r2,primary,15.5,1.45194734713676,1.498922434206192,1.4517777978821278,1.4517777978821278,1.4517777978821278,1.462246287484319
A3,r2,primary,16.0,1.4451891287488,1.4778924212038294,1.4450749572632766,1.4450749572632766,1.4450749572632766,1.4558139075243133
A3,r2,primary,16.5,1.43727797945992,1.4106327922991564,1.4371514194508277,1.4371514194508277,1.4371514194508277,1.4483291855401783
A3,r2,primary,17.0,1.43394828702845,1.463310856982997,1.4339826128019386,1.4339826128019386,1.4339826128019386,1.4454880258871565
A3,r2,primary,17.5,1.4225470951887,1.3353346531481323,1.4224389000106943,1.4224389000106943,1.4224389000106943,1.4342222239282045
A3,r2,primary,18.0,1.40677124918832,1.4027578722456875,1.406591336588455,1.406591336588455,1.406591336588455,1.418899236280508
A3,r2,primary,18.5,1.39421865425095,1.4450714403052611,1.393989219489233,1.393989219489233,1.393989219489233,1.4062748678915031
A3,r2,primary,19.0,1.38641390500328,1.4568865980628252,1.3861917434494586,1.3861917434494586,1.3861917434494586,1.3986945497787397
A3,r2,primary,19.5,1.37973401546823,1.3623649606559507,1.379528040078035,1.379528040078035,1.379528040078035,1.3919184737593553
A3,r2,primary,20.0,1.37205768578656,1.2624272199903634,1.3719262868250384,1.3719262868250384,1.3719262868250384,1.3839247337489546
A3,r2,primary,20.5,1.36519531063963,1.3336618447453967,1.3650818946393721,1.3650818946393721,1.3650818946393721,1.3764156727781856
A3,r2,primary,21.0,1.35206395033933,1.4646207217921763,1.3519230509148163,1.3519230509148163,1.3519230509148163,1.3626285107689253
A3,r2,primary,21.5,1.34392284372689,1.3449986415153172,1.3437970118752176,1.3437970118752176,1.3437970118752176,1.3541703397940077
A3,r2,primary,22.0,1.34083655155382,1.3243544427913359,1.3406964525280507,1.3406964525280507,1.3406964525280507,1.3508622764109641
A3,r2,primary,22.5,1.34232411851328,1.3763069226130156,1.3421710734006407,1.3421710734006407,1.3421710734006407,1.3519084531817709
A3,r2,primary,23.0,1.33559371341894,1.2917665005217327,1.3353836472466067,1.3353836472466067,1.3353836472466067,1.344932836896735
A3,r2,primary,23.5,1.32959196627219,1.2882905516406518,1.3293235621700663,1.3293235621700663,1.3293235621700663,1.3388029636873042
A3,r2,primary,24.0,1.33075722197228,1.3653923572480677,1.3306134301316754,1.3306134301316754,1.3306134301316754,1.3398746811751243
A3,r2,primary,24.5,1.33581155604377,1.3085305662949247,1.335648782106042,1.335648782106042,1.335648782106042,1.3454507682383037
A3,r2,primary,25.0,1.33956918345483,1.2888046044443577,1.3394369167769167,1.3394369167769167,1.3394369167769167,1.3500429215525485
A3,r2,primary,25.5,1.34236148662702,1.3433403564172366,1.3422374627327576,1.3422374627327576,1.3422374627327576,1.3534186477753238
A3,r2,primary,26.0,1.34267810068222,1.4243073021463941,1.3425605492220782,1.3425605492220782,1.3425605492220782,1.3539219828919486
A3,r2,primary,26.5,1.33798436846873,1.3676086019503164,1.3378595008115377,1.3378595008115377,1.3378595008115377,1.3492724097876871
A3,r2,primary,27.0,1.33264135397899,1.363025085775113,1.3324618406768294,1.3324618406768294,1.3324618406768294,1.3437450580847514
A3,r2,primary,27.5,1.32562499374642,1.2809446792474342,1.3254473401167457,1.3254473401167457,1.3254473401167457,1.336437771237108
A3,r2,primary,28.0,1.31643451744228,1.3240193125661004,1.316303084850804,1.316303084850804,1.316303084850804,1.3267682363520725
A3,r2,primary,28.5,1.30382094915082,1.2568708912498587,1.3036145254168279,1.3036145254168279,1.3036145254168279,1.3136052383136971
A3,r2,primary,29.0,1.29614855137648,1.293701819202004,1.2959686311528054,1.2959686311528054,1.2959686311528054,1.3054572484794587
A3,r2,primary,29.5,1.29220153215937,1.3161229507717325,1.2920211216983886,1.2920211216983886,1.2920211216983886,1.3008341177923477
A3,r2,primary,30.0,1.29178650556186,1.259114977332348,1.2917853261534253,1.2917853261534253,1.2917853261534253,1.300200203514182
A3,r2,secondary,0.0,1.91643538021318e-16,,0.0,0.0,0.0,0.0
A3,r2,secondary,0.5,5.72466792702865e-05,0.0,0.0,0.0,0.0,0.0
A3,r2,secondary,1.0,0.0037785470048503,0.0,0.0029037538590403274,0.0037827604980036305,0.0029037538590403274,0.0038586779726112923
A3,r2,secondary,1.5,0.0105914564715303,0.0,0.009224581112901992,0.010520048263206168,0.009224581112901992,0.010731195387941058
A3,r2,secondary,2.0,0.0360358703883406,0.0,0.034409692545564724,0.03597141937608302,0.034409692545564724,0.03669307608924515
A3,r2,secondary,2.5,0.102708820965471,0.0,0.10230279598846201,0.10261319906266136,0.10230279598846201,0.10467127384768579
A3,r2,secondary,3.0,0.22679002054604,0.07146702820917074,0.22615776433994222,0.22615776433994222,0.22615776433994222,0.2306940608948247
A3,r2,secondary,3.5,0.410763626650185,0.0,0.41060318395644313,0.41060318395644313,0.41060318395644313,0.41884113532175815
A3,r2,secondary,4.0,0.621022529399267,0.37597036827819713,0.6205612801701619,0.6205612801701619,0.6205612801701619,0.6330149052636216
A3,r2,secondary,4.5,0.848816212316047,0.38223663986806317,0.8486529361467197,0.8486529361467197,0.8486529361467197,0.8647946455503002
A3,r2,secondary,5.0,1.07477456537606,1.721639143677975,1.0742864747835894,1.0742864747835894,1.0742864747835894,1.0917121931776324
A3,r2,secondary,5.5,1.30873511059884,1.683973925695105,1.3088312964602193,1.3088312964602193,1.3088312964602193,1.3273077730368044
A3,r2,secondary,6.0,1.51186042137333,1.8321516217948777,1.5120018937738755,1.5120018937738755,1.5120018937738755,1.5306882807794173
A3,r2,secondary,6.5,1.65619144064283,1.7263208674010584,1.6564018678045296,1.6564018678045296,1.6564018678045296,1.6752895974538262
A3,r2,secondary,7.0,1.73607165301911,1.480186423913156,1.7360955643003624,1.7360955643003624,1.7360955643003624,1.75443216669408
A3,r2,secondary,7.5,1.75917894786741,1.9879956836417707,1.758728331845046,1.758728331845046,1.758728331845046,1.775985539098982
A3,r2,secondary,8.0,1.77106717327869,2.107927770975106,1.7710704881339365,1.7710704881339365,1.7710704881339365,1.786879748914247
A3,r2,secondary,8.5,1.76835652492741,1.5272986344125115,1.7681307950627174,1.7681307950627174,1.7681307950627174,1.7836566780315735
A3,r2,secondary,9.0,1.76708123402061,1.588206122537908,1.766956596625156,1.766956596625156,1.766956596625156,1.784057909260738
A3,r2,secondary,9.5,1.75097805621979,1.733555701538818,1.7509319465353181,1.7509319465353181,1.7509319465353181,1.7711420971308711
A3,r2,secondary,10.0,1.73599669221244,1.887511401023377,1.7358254833187459,1.7358254833187459,1.7358254833187459,1.759263255123222
A3,r2,secondary,10.5,1.71131970672005,1.7576726117576371,1.7109860094292288,1.7109860094292288,1.7109860094292288,1.7352467141874564
A3,r2,secondary,11.0,1.71119986152374,1.5206254677165825,1.7110603070253547,1.7110603070253547,1.7110603070253547,1.7357793742189285
A3,r2,secondary,11.5,1.71583796116011,1.7578817155013753,1.7158546692723966,1.7158546692723966,1.7158546692723966,1.740951004270991
A3,r2,secondary,12.0,1.70627724085533,1.8677668412125323,1.7060981112699918,1.7060981112699918,1.7060981112699918,1.731124903411719
A3,r2,secondary,12.5,1.69861226721783,1.6367192967699684,1.698521198644086,1.698521198644086,1.698521198644086,1.7208323045906968
A3,r2,secondary,13.0,1.6954686882446,1.5249659121849872,1.6950562790919008,1.6950562790919008,1.6950562790919008,1.7148244219090873
A3,r2,secondary,13.5,1.70198637112622,1.9221466742074138,1.7016298055131822,1.7016298055131822,1.7016298055131822,1.7182555602032783
A3,r2,secondary,14.0,1.70743891893364,1.6055595267956306,1.7072337791508563,1.7072337791508563,1.7072337791508563,1.7207844746499859
A3,r2,secondary,14.5,1.6985571186421,1.6266282811081316,1.6984467708232078,1.6984467708232078,1.6984467708232078,1.70910355362516
A3,r2,secondary,15.0,1.68128943151427,1.8509730660296546,1.6809687207592312,1.6809687207592312,1.6809687207592312,1.6885986137139004
A3,r2,secondary,15.5,1.66862631169281,1.7217454021369196,1.6684689339672707,1.6684689339672707,1.6684689339672707,1.6750542718078754
A3,r2,secondary,16.0,1.64854365327843,1.7646079732050362,1.648397116571539,1.648397116571539,1.648397116571539,1.653554065366833
A3,r2,secondary,16.5,1.62891227725434,1.4868925410258966,1.6288986060421151,1.6288986060421151,1.6288986060421151,1.633914423451484
A3,r2,secondary,17.0,1.61288564946194,1.4313118385511976,1.6128480842307922,1.6128480842307922,1.6128480842307922,1.6188963107938594
A3,r2,secondary,17.5,1.59578509793762,1.6420129004594421,1.595585597668853,1.595585597668853,1.595585597668853,1.6026460078407878
A3,r2,secondary,18.0,1.5904995904791,1.634256001989723,1.5903371101150927,1.5903371101150927,1.5903371101150927,1.5974709512949508
A3,r2,secondary,18.5,1.58774974172332,1.5556942180534066,1.5873962369596415,1.5873962369596415,1.5873962369596415,1.596341953896251
A3,r2,secondary,19.0,1.59657933884394,1.5504046061381052,1.5964435607460952,1.5964435607460952,1.5964435607460952,1.6086114698556933
A3,r2,secondary,19.5,1.60797982326791,1.68125148397131,1.6076008835629425,1.6076008835629425,1.6076008835629425,1.6228127091168865
A3,r2,secondary,20.0,1.61180758205858,1.629848892262451,1.6116403813922198,1.6116403813922198,1.6116403813922198,1.6285168894469313
A3,r2,secondary,20.5,1.60147313214238,1.6125074535448947,1.6014337763526614,1.6014337763526614,1.6014337763526614,1.6182040068722099
A3,r2,secondary,21.0,1.59165956646253,1.6166233684373799,1.591523869509072,1.591523869509072,1.591523869509072,1.6081582343884264
A3,r2,secondary,21.5,1.57902428178795,1.611259974832736,1.5788428000171624,1.5788428000171624,1.5788428000171624,1.5944616086776415
A3,r2,secondary,22.0,1.56020752750094,1.6962986176968633,1.5599619393077222,1.5599619393077222,1.5599619393077222,1.575380889960062
A3,r2,secondary,22.5,1.54428194839702,1.3749044780740183,1.544059145186663,1.544059145186663,1.544059145186663,1.5587042335141
A3,r2,secondary,23.0,1.5307473296377,1.4420409222192196,1.5305822296060125,1.5305822296060125,1.5305822296060125,1.5445568688799352
A3,r2,secondary,23.5,1.5197877977408,1.553173078093429,1.5195667630662377,1.5195667630662377,1.5195667630662377,1.5319109401290532
A3,r2,secondary,24.0,1.51323312358894,1.4575066364391305,1.5128205792032712,1.5128205792032712,1.5128205792032712,1.5242277995842684
A3,r2,secondary,24.5,1.52339009381112,1.4835890175292106,1.5231876315752348,1.5231876315752348,1.5231876315752348,1.5351398813019246
A3,r2,secondary,25.0,1.53896958891593,1.6056373921959122,1.5388953524956908,1.5388953524956908,1.5388953524956908,1.5506962698743547
A3,r2,secondary,25.5,1.55335218176173,1.4360001326455687,1.5533007016987666,1.5533007016987666,1.5533007016987666,1.5639984929104491
A3,r2,secondary,26.0,1.56009862374985,1.6140267291435142,1.5598448977255421,1.5598448977255421,1.5598448977255421,1.5692692471363117
A3,r2,secondary,26.5,1.56444756021692,1.6850509905829985,1.5642189371292623,1.5642189371292623,1.5642189371292623,1.5726935829910993
A3,r2,secondary,27.0,1.56789974852509,1.6803827148624797,1.5677375224754342,1.5677375224754342,1.5677375224754342,1.5755320782137283
A3,r2,secondary,27.5,1.56833996537303,1.439667237697095,1.5682058398210952,1.5682058398210952,1.5682058398210952,1.5763146949694689
A3,r2,secondary,28.0,1.5612021929773,1.6223280146411752,1.5611107398117452,1.5611107398117452,1.5611107398117452,1.5698862754703033
A3,r2,secondary,28.5,1.53947009470041,1.37620723990165,1.5393187039180132,1.5393187039180132,1.5393187039180132,1.5489371466681974
A3,r2,secondary,29.0,1.51582979055267,1.6531372868754381,1.5157153219026491,1.5157153219026491,1.5157153219026491,1.5251149666676422
A3,r2,secondary,29.5,1.49366074406276,1.6784207041805659,1.493423435940808,1.493423435940808,1.493423435940808,1.5030529510129083
A3,r2,secondary,30.0,1.4797453893834,1.3176459452926343,1.4798119144239057,1.4798119144239057,1.4798119144239057,1.4899394881862396
A3,r3,primary,0.0,3.2704879598412003e-16,,0.0,0.0,0.0,0.0
A3,r3,primary,0.5,0.0003986608128726,0.0,0.0002463353374407069,0.0003724828873872799,0.0002463353374407069,0.0003733549942067857
A3,r3,primary,1.0,0.0042470281905713,0.0,0.0034040119182083385,0.0042181109085376286,0.0034040119182083385,0.004227980007091305
A3,r3,primary,1.5,0.0144677762724474,0.0,0.013268495252507295,0.014401456449676267,0.013268495252507295,0.014435105777425676
A3,r3,primary,2.0,0.0380601534382487,0.0,0.03751720658885879,0.037947582003615504,0.03751720658885879,0.038036293607996374
A3,r3,primary,2.5,0.0879476939780203,0.013822634438050102,0.08776287381982792,0.08776287381982792,0.08776287381982792,0.08796787880795638
A3,r3,primary,3.0,0.176082759103571,0.0460965076081564,0.1759391302867555,0.1759391302867555,0.1759391302867555,0.1763499831740681
A3,r3,primary,3.5,0.308193785592038,0.17794052345160755,0.30799873080638634,0.30799873080638634,0.30799873080638634,0.3087178725968444
A3,r3,primary,4.0,0.474768856979626,0.36357787613123005,0.4745439146165314,0.4745439146165314,0.4745439146165314,0.4756281229615466
A3,r3,primary,4.5,0.663701462920505,0.6236068324632527,0.6635989913458774,0.6635989913458774,0.6635989913458774,0.6647695656571199
A3,r3,primary,5.0,0.861820740210938,0.9568704494798451,0.8618072374856475,0.8618072374856475,0.8618072374856475,0.8628496352965425
A3,r3,primary,5.5,1.05580815074513,1.2047522288437431,1.0557819452042918,1.0557819452042918,1.0557819452042918,1.0568536185761221
A3,r3,primary,6.0,1.22634102798435,1.2843918197295285,1.2264249051649445,1.2264249051649445,1.2264249051649445,1.227638964052146
A3,r3,primary,6.5,1.35351977938274,1.3625925085433148,1.3536204897121056,1.3536204897121056,1.3536204897121056,1.3550435126005729
A3,r3,primary,7.0,1.43834655067228,1.6139867036441258,1.4385808542746086,1.4385808542746086,1.4385808542746086,1.4402821516322037
A3,r3,primary,7.5,1.48603944872508,1.5489086104400522,1.4860096308710422,1.4860096308710422,1.4860096308710422,1.4880694403903907
A3,r3,primary,8.0,1.50254817226944,1.618576642413939,1.5023920854614128,1.5023920854614128,1.5023920854614128,1.5047274515832774
A3,r3,primary,8.5,1.50121528414436,1.429910096798258,1.5011537666429888,1.5011537666429888,1.5011537666429888,1.50385250619351
A3,r3,primary,9.0,1.48528270095591,1.57589172505965,1.4852239243231395,1.4852239243231395,1.4852239243231395,1.4876707185626323
A3,r3,primary,9.5,1.45717081036356,1.4169819232281047,1.4568994250283998,1.4568994250283998,1.4568994250283998,1.4586813734972446
A3,r3,primary,10.0,1.42797578382076,1.3121293583845557,1.4277027937819617,1.4277027937819617,1.4277027937819617,1.4287113110683007
A3,r3,primary,10.5,1.41145637900929,1.4831019906121363,1.4111752636099917,1.4111752636099917,1.4111752636099917,1.4115259499848423
A3,r3,primary,11.0,1.40165331333277,1.3817539491781723,1.4014209821861054,1.4014209821861054,1.4014209821861054,1.40147423483823
A3,r3,primary,11.5,1.39295201421804,1.2830190767077299,1.3926582814258184,1.3926582814258184,1.3926582814258184,1.392735793087232
A3,r3,primary,12.0,1.3949231364109,1.396443447591807,1.394716876703648,1.394716876703648,1.394716876703648,1.395046666946962
A3,r3,primary,12.5,1.39322503679065,1.4927978725613187,1.393112247053673,1.393112247053673,1.393112247053673,1.3937547446103762
A3,r3,primary,13.0,1.38902303629423,1.3555931596582314,1.3888147203356467,1.3888147203356467,1.3888147203356467,1.3899162179392526
A3,r3,primary,13.5,1.38906207153989,1.4178587027840266,1.3889094124967007,1.3889094124967007,1.3889094124967007,1.3903538886401874
A3,r3,primary,14.0,1.38718232593131,1.4103844748944576,1.3871328778365004,1.3871328778365004,1.3871328778365004,1.3887291030918056
A3,r3,primary,14.5,1.37498200434984,1.3652430046874662,1.3748340540000834,1.3748340540000834,1.3748340540000834,1.3763494356412005
A3,r3,primary,15.0,1.36597765517115,1.3159488337601688,1.365817898910838,1.365817898910838,1.365817898910838,1.3671264928310551
A3,r3,primary,15.5,1.36730123905245,1.3968165136260393,1.367155658569278,1.367155658569278,1.367155658569278,1.3683949363688113
A3,r3,primary,16.0,1.36757489295555,1.3405701144368254,1.3673286070195694,1.3673286070195694,1.3673286070195694,1.3686737553610409
A3,r3,primary,16.5,1.37038843104671,1.3862877508314164,1.3702692809943546,1.3702692809943546,1.3702692809943546,1.3716966926872318
A3,r3,primary,17.0,1.36846498346577,1.3381739005633209,1.3682834474334316,1.3682834474334316,1.3682834474334316,1.369513963046478
A3,r3,primary,17.5,1.36614474945464,1.4841283400431162,1.3659789181872817,1.3659789181872817,1.3659789181872817,1.3669388138018117
A3,r3,primary,18.0,1.3651322427026,1.324182737388523,1.3649005007822657,1.3649005007822657,1.3649005007822657,1.3657312412213154
A3,r3,primary,18.5,1.36312923714672,1.3177915614079045,1.36296254165721,1.36296254165721,1.36296254165721,1.3636702695083807
A3,r3,primary,19.0,1.35357680959738,1.3285440106496547,1.3533833303030294,1.3533833303030294,1.3533833303030294,1.3539095408480375
A3,r3,primary,19.5,1.34111997751232,1.432887290159789,1.340880936856782,1.340880936856782,1.340880936856782,1.3413334036661788
A3,r3,primary,20.0,1.3303959487478,1.2918758947900153,1.3301802343468372,1.3301802343468372,1.3301802343468372,1.3307466505084113
A3,r3,primary,20.5,1.32508885399023,1.3148068375285453,1.324911605035533,1.324911605035533,1.324911605035533,1.3258575997990711
A3,r3,primary,21.0,1.32180462171695,1.3146463865146338,1.3216700864512183,1.3216700864512183,1.3216700864512183,1.3230976284140459
A3,r3,primary,21.5,1.31014439949924,1.3113777582859776,1.3099840872046868,1.3099840872046868,1.3099840872046868,1.3117802897649593
A3,r3,primary,22.0,1.30094972074745,1.2485912182337073,1.3006666241568114,1.3006666241568114,1.3006666241568114,1.3025861925191211
A3,r3,primary,22.5,1.29905129339666,1.3635901173660383,1.2988536116361011,1.2988536116361011,1.2988536116361011,1.3009121835496216
A3,r3,primary,23.0,1.30041948559142,1.3393080782195819,1.3002811799688272,1.3002811799688272,1.3002811799688272,1.3023134934100722
A3,r3,primary,23.5,1.30064393468713,1.207426532459968,1.3004115291759415,1.3004115291759415,1.3004115291759415,1.3020859148994959
A3,r3,primary,24.0,1.30168140213249,1.2880695019804402,1.3014980909476663,1.3014980909476663,1.3014980909476663,1.30279542728604
A3,r3,primary,24.5,1.29875291300277,1.352617880527411,1.2985641083644421,1.2985641083644421,1.2985641083644421,1.2995649527753883
A3,r3,primary,25.0,1.29468760860628,1.2935156654039144,1.2945485031158135,1.2945485031158135,1.2945485031158135,1.295384566264273
A3,r3,primary,25.5,1.29400997437302,1.3082656161774178,1.2938166339796042,1.2938166339796042,1.2938166339796042,1.2946471885968078
A3,r3,primary,26.0,1.29281917196262,1.2798106362360688,1.2926826794991406,1.2926826794991406,1.2926826794991406,1.293520549864556
A3,r3,primary,26.5,1.28602381673472,1.2510677510744386,1.2858557652130644,1.2858557652130644,1.2858557652130644,1.2867575788505128
A3,r3,primary,27.0,1.27891335239888,1.29738735617513,1.2787658017664865,1.2787658017664865,1.2787658017664865,1.2799070544303148
A3,r3,primary,27.5,1.27533299868877,1.307354145937255,1.2751745523552627,1.2751745523552627,1.2751745523552627,1.2765383647638842
A3,r3,primary,28.0,1.27155218304979,1.2844372283488992,1.2714284074000215,1.2714284074000215,1.2714284074000215,1.2727057311290388
A3,r3,primary,28.5,1.26856897132274,1.2152222895806926,1.2684293494862622,1.2684293494862622,1.2684293494862622,1.2696525713348696
A3,r3,primary,29.0,1.26419904857012,1.284991148597842,1.2640112845505522,1.2640112845505522,1.2640112845505522,1.265119063868182
A3,r3,primary,29.5,1.26167403098258,1.2871445166430044,1.2615292900967792,1.2615292900967792,1.2615292900967792,1.2625247300210736
A3,r3,primary,30.0,1.25909140944006,1.2078847035894422,1.2590684664746246,1.2590684664746246,1.2590684664746246,1.260145161641248
A3,r3,secondary,0.0,1.90171556293152e-17,,0.0,0.0,0.0,0.0
A3,r3,secondary,0.5,1.94704045394282e-16,0.0,0.0,0.0,0.0,0.0
A3,r3,secondary,1.0,1.4657696087661802e-17,0.0,0.0,0.0,0.0,0.0
A3,r3,secondary,1.5,0.0009803182412425,0.0,0.000896215705138763,0.000972741158771026,0.000896215705138763,0.000975588405774705
A3,r3,secondary,2.0,0.007081487399766,0.0,0.006876704972149449,0.006955590502913545,0.006876704972149449,0.006976051476749752
A3,r3,secondary,2.5,0.0350681649911382,0.0,0.0348420483973505,0.0348420483973505,0.0348420483973505,0.03494489716795549
A3,r3,secondary,3.0,0.098457762375653,0.0,0.09823625165026954,0.09823625165026954,0.09823625165026954,0.09852642223209171
A3,r3,secondary,3.5,0.199598097461392,0.04942877616171177,0.199320523137743,0.199320523137743,0.199320523137743,0.1999092340547793
A3,r3,secondary,4.0,0.343000774631347,0.12975741356287185,0.3426449729893768,0.3426449729893768,0.3426449729893768,0.34365669437368607
A3,r3,secondary,4.5,0.524986678043586,0.5963421667695061,0.5248253050991931,0.5248253050991931,0.5248253050991931,0.5254081679161011
A3,r3,secondary,5.0,0.735018184001006,0.5889201230651101,0.7349478028058907,0.7349478028058907,0.7349478028058907,0.7346691718016802
A3,r3,secondary,5.5,0.945002092804395,1.0714467950398945,0.9449362552203273,0.9449362552203273,0.9449362552203273,0.9442142733884193
A3,r3,secondary,6.0,1.13645505950928,1.2140418389771188,1.1365271215888533,1.1365271215888533,1.1365271215888533,1.135726084480218
A3,r3,secondary,6.5,1.29079798039408,1.428580492957196,1.2909059532340192,1.2909059532340192,1.2909059532340192,1.2903347498050077
A3,r3,secondary,7.0,1.39956411248835,1.6128879985152706,1.3994949016768505,1.3994949016768505,1.3994949016768505,1.3994372855554982
A3,r3,secondary,7.5,1.46742040612622,1.3902527504825586,1.467471453676444,1.467471453676444,1.467471453676444,1.4682267404425045
A3,r3,secondary,8.0,1.49359064791945,1.674041210550567,1.4934966597233612,1.4934966597233612,1.4934966597233612,1.4952769858685477
A3,r3,secondary,8.5,1.48854163376289,1.555724158251945,1.4884634983816218,1.4884634983816218,1.4884634983816218,1.4911509982772466
A3,r3,secondary,9.0,1.46653731885555,1.4221848994065809,1.4663812996504728,1.4663812996504728,1.4663812996504728,1.4693381679856412
A3,r3,secondary,9.5,1.44006672833622,1.366553781907794,1.4399361135001698,1.4399361135001698,1.4399361135001698,1.4421296282620597
A3,r3,secondary,10.0,1.40729905980328,1.4471597946066435,1.4070842837410946,1.4070842837410946,1.4070842837410946,1.4087550168171763
A3,r3,secondary,10.5,1.36871458843082,1.3127657566362654,1.368572667399766,1.368572667399766,1.368572667399766,1.369963612431079
A3,r3,secondary,11.0,1.33740059337447,1.4524571313133325,1.337255594464197,1.337255594464197,1.337255594464197,1.3386474364076844
A3,r3,secondary,11.5,1.3162335602152,1.222858578681484,1.3160336572921272,1.3160336572921272,1.3160336572921272,1.3173558747995582
A3,r3,secondary,12.0,1.30087098217549,1.2891813642121286,1.3008130550956911,1.3008130550956911,1.3008130550956911,1.3023691993726731
A3,r3,secondary,12.5,1.29465566290696,1.2034231157923572,1.294438480005301,1.294438480005301,1.294438480005301,1.2965150985917837
A3,r3,secondary,13.0,1.29671062499012,1.3602830858314765,1.2965883033431895,1.2965883033431895,1.2965883033431895,1.2986434398714317
A3,r3,secondary,13.5,1.30148607015631,1.2976290514929667,1.3011624963772672,1.3011624963772672,1.3011624963772672,1.3031951765549
A3,r3,secondary,14.0,1.30767273773082,1.3395136174155085,1.3075678140714877,1.3075678140714877,1.3075678140714877,1.309525598787235
A3,r3,secondary,14.5,1.31390816918218,1.2335733694474451,1.3137723205746399,1.3137723205746399,1.3137723205746399,1.315273732501101
A3,r3,secondary,15.0,1.32238761462664,1.474147723998248,1.3224005822158185,1.3224005822158185,1.3224005822158185,1.3234929148811214
A3,r3,secondary,15.5,1.32785004884169,1.257402435784416,1.327762631221886,1.327762631221886,1.327762631221886,1.3287002445547818
A3,r3,secondary,16.0,1.32927695735629,1.230290074405378,1.3291094332730573,1.3291094332730573,1.3291094332730573,1.3299780123365448
A3,r3,secondary,16.5,1.3287276835333,1.454565047972276,1.3285453829116114,1.3285453829116114,1.3285453829116114,1.3295424703253569
A3,r3,secondary,17.0,1.31974541169234,1.397196337722433,1.3196390694402382,1.3196390694402382,1.3196390694402382,1.3209322941162431
A3,r3,secondary,17.5,1.30984537194971,1.2172241349988986,1.309536311653574,1.309536311653574,1.309536311653574,1.3106392557264839
A3,r3,secondary,18.0,1.29786631776993,1.380017776082285,1.297689603350684,1.297689603350684,1.297689603350684,1.2986837895361076
A3,r3,secondary,18.5,1.27730692182185,1.2007615611828368,1.2770929115633978,1.2770929115633978,1.2770929115633978,1.2782476917775314
A3,r3,secondary,19.0,1.26026873803431,1.2256593320684592,1.260015033182966,1.260015033182966,1.260015033182966,1.261078281046645
A3,r3,secondary,19.5,1.24637500243677,1.2760554932465362,1.2459986499893516,1.2459986499893516,1.2459986499893516,1.246952790656085
A3,r3,secondary,20.0,1.23190443530098,1.2103780589279867,1.2316512166122628,1.2316512166122628,1.2316512166122628,1.2325615374355336
A3,r3,secondary,20.5,1.22153467650146,1.2373068534336111,1.2212970831919925,1.2212970831919925,1.2212970831919925,1.222456323799078
A3,r3,secondary,21.0,1.2205336078259,1.3223747910079529,1.2203664804683492,1.2203664804683492,1.2203664804683492,1.2220833872133092
A3,r3,secondary,21.5,1.21788605548369,1.090540449237323,1.2176891870994258,1.2176891870994258,1.2176891870994258,1.2199916330739486
A3,r3,secondary,22.0,1.219216537764,1.1914847067679324,1.2190507369879644,1.2190507369879644,1.2190507369879644,1.221302613520699
A3,r3,secondary,22.5,1.22333215673398,1.2525951364653307,1.223083514606092,1.223083514606092,1.223083514606092,1.2251603109885003
A3,r3,secondary,23.0,1.23191998656811,1.2295150210213683,1.2317716245552928,1.2317716245552928,1.2317716245552928,1.23374294221855
A3,r3,secondary,23.5,1.24075723199274,1.2306580810407113,1.2405030685998593,1.2405030685998593,1.2405030685998593,1.2421069354918248
A3,r3,secondary,24.0,1.25020458169003,1.2504559031303575,1.250053979666246,1.250053979666246,1.250053979666246,1.251524303849533
A3,r3,secondary,24.5,1.25389029260175,1.2945084227937311,1.2536742877283937,1.2536742877283937,1.2536742877283937,1.255225174419824
A3,r3,secondary,25.0,1.25076288272003,1.2834030684667448,1.2506305764699528,1.2506305764699528,1.2506305764699528,1.2522771303102898
A3,r3,secondary,25.5,1.24273087217127,1.1510362060971633,1.2424488590929188,1.2424488590929188,1.2424488590929188,1.244229044478321
A3,r3,secondary,26.0,1.23782439194679,1.332215076341008,1.237611834286173,1.237611834286173,1.237611834286173,1.2397603303094282
A3,r3,secondary,26.5,1.2264223905798,1.1897273501516945,1.2263589806800679,1.2263589806800679,1.2263589806800679,1.2285557025995284
A3,r3,secondary,27.0,1.21441291414157,1.1683685103999806,1.2142462939602923,1.2142462939602923,1.2142462939602923,1.216508884649723
A3,r3,secondary,27.5,1.21551317491518,1.2417109675802331,1.2153697574797124,1.2153697574797124,1.2153697574797124,1.2177704320437497
A3,r3,secondary,28.0,1.21080454886491,1.2396926463673246,1.2105874174176963,1.2105874174176963,1.2105874174176963,1.2126293582068028
A3,r3,secondary,28.5,1.20601360741812,1.109161604422824,1.2058872533454137,1.2058872533454137,1.2058872533454137,1.2075488353046848
A3,r3,secondary,29.0,1.21292533603873,1.2943422134528642,1.212842063242936,1.212842063242936,1.212842063242936,1.214449275680413
A3,r3,secondary,29.5,1.22132774447748,1.2488488273752385,1.2212671090641536,1.2212671090641536,1.2212671090641536,1.222971673129864
A3,r3,secondary,30.0,1.22553656988054,1.1155238913759287,1.2254556893949946,1.2254556893949946,1.2254556893949946,1.227005384386595
A3,r4,primary,0.0,9.624265853248741e-17,,0.0,0.0,0.0,0.0
A3,r4,primary,0.5,2.87358116171008e-16,0.0,0.0,0.0,0.0,0.0
A3,r4,primary,1.0,0.0006389999804267,0.0,0.0005199536722660146,0.0006319806008481154,0.0005199536722660146,0.0006343570303783716
A3,r4,primary,1.5,0.009094155515486,0.0,0.008450990135300766,0.009015094501643062,0.008450990135300766,0.009048865232874454
A3,r4,primary,2.0,0.0416709933681573,0.0,0.04137812569444817,0.041540029789190594,0.04137812569444817,0.041695784953154846
A3,r4,primary,2.5,0.114151358380908,0.0,0.11393988991581509,0.11393988991581509,0.11393988991581509,0.1143667454489127
A3,r4,primary,3.0,0.246970493651769,0.07313872454419276,0.24677619842747556,0.24677619842747556,0.24677619842747556,0.24770054733635474
A3,r4,primary,3.5,0.453537488326972,0.21955145654342506,0.4533067762913365,0.4533067762913365,0.4533067762913365,0.45500444838063103
A3,r4,primary,4.0,0.71437615602031,0.590378698378869,0.7141082486498576,0.7141082486498576,0.7141082486498576,0.7167816947578267
A3,r4,primary,4.5,1.01326345284229,0.9831175743556183,1.0133663532150028,1.0133663532150028,1.0133663532150028,1.0171593509571681
A3,r4,primary,5.0,1.30791250890239,1.567343086209023,1.307842930982486,1.307842930982486,1.307842930982486,1.3127378348871068
A3,r4,primary,5.5,1.56974024979132,1.661022185804696,1.5700253068613987,1.5700253068613987,1.5700253068613987,1.575898325455902
A3,r4,primary,6.0,1.76694402398531,2.060686859999898,1.7671557791478565,1.7671557791478565,1.7671557791478565,1.7732818769621799
A3,r4,primary,6.5,1.89180279790167,1.9499951528422104,1.8920175423252623,1.8920175423252623,1.8920175423252623,1.8971084995497312
A3,r4,primary,7.0,1.93818956071968,2.0286511680175288,1.9382610217705143,1.9382610217705143,1.9382610217705143,1.941822654958457
A3,r4,primary,7.5,1.94130027162118,1.993975324488956,1.941354229254929,1.941354229254929,1.941354229254929,1.9429799618284704
A3,r4,primary,8.0,1.92734937525226,1.960526500939045,1.9272358847952091,1.9272358847952091,1.9272358847952091,1.9272805476061616
A3,r4,primary,8.5,1.91341124584035,1.7714880704760128,1.9135520780109676,1.9135520780109676,1.9135520780109676,1.9125773283329592
A3,r4,primary,9.0,1.89464793956608,1.8309919361960183,1.894576422415458,1.894576422415458,1.894576422415458,1.893330278208846
A3,r4,primary,9.5,1.87632011426957,1.9309377354915482,1.8763025025331674,1.8763025025331674,1.8763025025331674,1.8754371009092963
A3,r4,primary,10.0,1.86104056807571,1.987959910219204,1.8610540967201554,1.8610540967201554,1.8610540967201554,1.861233109785009
A3,r4,primary,10.5,1.83661814561483,1.8020773691042207,1.8364880031554554,1.8364880031554554,1.8364880031554554,1.8376640687459962
A3,r4,primary,11.0,1.81149158238238,1.8096519422764377,1.8114229313497365,1.8114229313497365,1.8114229313497365,1.813287886734935
A3,r4,primary,11.5,1.77967568068888,1.7828309382348144,1.779620012520766,1.779620012520766,1.779620012520766,1.7821826504591147
A3,r4,primary,12.0,1.75204908052975,1.674927353627235,1.7519980355160545,1.7519980355160545,1.7519980355160545,1.7546800929526243
A3,r4,primary,12.5,1.73477051093017,1.7401838902562403,1.7347278892112694,1.7347278892112694,1.7347278892112694,1.7374106404658771
A3,r4,primary,13.0,1.72426405308569,1.7193002651769638,1.724146513165711,1.724146513165711,1.724146513165711,1.726995944517336
A3,r4,primary,13.5,1.71690905648889,1.768164089094091,1.7168524301329475,1.7168524301329475,1.7168524301329475,1.7197571466022687
A3,r4,primary,14.0,1.72564754197714,1.6939950768921535,1.7256335966181149,1.7256335966181149,1.7256335966181149,1.7282372026554442
A3,r4,primary,14.5,1.73160050996828,1.7002339359112197,1.7316294422124074,1.7316294422124074,1.7316294422124074,1.733717509452894
A3,r4,primary,15.0,1.73194460638277,1.6558543932734338,1.7320098377586208,1.7320098377586208,1.7320098377586208,1.7334842957639118
A3,r4,primary,15.5,1.73354905063407,1.8141007928447215,1.7335233746486347,1.7335233746486347,1.7335233746486347,1.7342070106321579
A3,r4,primary,16.0,1.73558456129959,1.7899242830741013,1.7355543633472545,1.7355543633472545,1.7355543633472545,1.7358055016939138
A3,r4,primary,16.5,1.733455735551,1.7130978011000293,1.7333592396202702,1.7333592396202702,1.7333592396202702,1.733269204194509
A3,r4,primary,17.0,1.72688780414543,1.7329763774842926,1.7267650990649475,1.7267650990649475,1.7267650990649475,1.7266285968123427
A3,r4,primary,17.5,1.70823989785808,1.703802736681094,1.7081424693495522,1.7081424693495522,1.7081424693495522,1.7082439556531348
A3,r4,primary,18.0,1.68532733723965,1.7274753244292755,1.6852443659187764,1.6852443659187764,1.6852443659187764,1.6856394811952304
A3,r4,primary,18.5,1.66698073998642,1.6815370871701754,1.6669255569818084,1.6669255569818084,1.6669255569818084,1.6676605304120518
A3,r4,primary,19.0,1.65522135502793,1.5958846352079792,1.655098852443877,1.655098852443877,1.655098852443877,1.6561995927615516
A3,r4,primary,19.5,1.64737680033413,1.6105027360875415,1.6471785193835964,1.6471785193835964,1.6471785193835964,1.647853684367307
A3,r4,primary,20.0,1.64559218724096,1.5964315707349097,1.6455490681286182,1.6455490681286182,1.6455490681286182,1.6453164262507007
A3,r4,primary,20.5,1.64635787091539,1.693117536433196,1.646339583367928,1.646339583367928,1.646339583367928,1.6457158749687382
A3,r4,primary,21.0,1.65013379503307,1.6938585402468775,1.6500861364514625,1.6500861364514625,1.6500861364514625,1.6494959759096683
A3,r4,primary,21.5,1.65329074228168,1.6517386434162944,1.6531771600879817,1.6531771600879817,1.6531771600879817,1.6527298619928263
A3,r4,primary,22.0,1.65743862226989,1.6264967440434461,1.6574392070277668,1.6574392070277668,1.6574392070277668,1.6573718992227116
A3,r4,primary,22.5,1.65380463012717,1.6392364851549812,1.6538014478020133,1.6538014478020133,1.6538014478020133,1.6543374421205543
A3,r4,primary,23.0,1.64384769263236,1.6671483173621076,1.643724088020537,1.643724088020537,1.643724088020537,1.644863294288816
A3,r4,primary,23.5,1.6360806936716,1.6710443390026413,1.6361253674060285,1.6361253674060285,1.6361253674060285,1.6377122090712035
A3,r4,primary,24.0,1.62572714021829,1.637236822618448,1.625576929864778,1.625576929864778,1.625576929864778,1.6271065805077751
A3,r4,primary,24.5,1.61824925051814,1.5888789910626282,1.618221996862477,1.618221996862477,1.618221996862477,1.6194470567870134
A3,r4,primary,25.0,1.61319292753798,1.6066000129519036,1.6131538501839888,1.6131538501839888,1.6131538501839888,1.614238263660658
A3,r4,primary,25.5,1.60911098403237,1.5663127852182772,1.6091172318732814,1.6091172318732814,1.6091172318732814,1.6101163071363453
A3,r4,primary,26.0,1.60443481521232,1.637088855106611,1.6043281601096324,1.6043281601096324,1.6043281601096324,1.605149574356319
A3,r4,primary,26.5,1.60586763504707,1.6095323514256552,1.6058409057777738,1.6058409057777738,1.6058409057777738,1.6066310301993434
A3,r4,primary,27.0,1.60793790806784,1.6300304639662822,1.6079256281204422,1.6079256281204422,1.6079256281204422,1.608607089334286
A3,r4,primary,27.5,1.60454913396212,1.5828362660697652,1.6045267853849772,1.6045267853849772,1.6045267853849772,1.6049896460481974
A3,r4,primary,28.0,1.59636557494137,1.5870226375551606,1.5962939016576427,1.5962939016576427,1.5962939016576427,1.5963822857106995
A3,r4,primary,28.5,1.58529266475505,1.603026322126701,1.585262653964347,1.585262653964347,1.585262653964347,1.5850111555767445
A3,r4,primary,29.0,1.57217351425207,1.6010104797227007,1.5720757619762553,1.5720757619762553,1.5720757619762553,1.5716921940428428
A3,r4,primary,29.5,1.56591242303584,1.54384793756869,1.5659052158915912,1.5659052158915912,1.5659052158915912,1.5658529645095929
A3,r4,primary,30.0,1.55914360336578,1.5581718449530229,1.5593377947338931,1.5593377947338931,1.5593377947338931,1.5596393645682582
A3,r4,secondary,0.0,1.30783548866206e-16,,0.0,0.0,0.0,0.0
A3,r4,secondary,0.5,2.79315909532064e-16,0.0,0.0,0.0,0.0,0.0
A3,r4,secondary,1.0,0.0004690195788739,0.0,0.000387271484021795,0.0004707112925980437,0.000387271484021795,0.0004726501341435291
A3,r4,secondary,1.5,0.0029629589215288,0.0,0.002684318822898124,0.0028634973504326087,0.002684318822898124,0.0028752157270905327
A3,r4,secondary,2.0,0.0118233827274041,0.0,0.011760351098911217,0.011806366933765182,0.011760351098911217,0.011854563712897778
A3,r4,secondary,2.5,0.0324408675692977,0.0,0.03218793027529664,0.03218793027529664,0.03218793027529664,0.03231932470163251
A3,r4,secondary,3.0,0.0970267508615179,0.01805375186983036,0.09694502594073079,0.09694502594073079,0.09694502594073079,0.09734151884999005
A3,r4,secondary,3.5,0.221087447684025,0.09290682749190786,0.22066356908754375,0.22066356908754375,0.22066356908754375,0.22156647267834975
A3,r4,secondary,4.0,0.402373782942437,0.10843764158142577,0.40217059837250624,0.40217059837250624,0.40217059837250624,0.4038164704460027
A3,r4,secondary,4.5,0.624379089857363,0.5185008554703845,0.6241933737774462,0.6241933737774462,0.6241933737774462,0.6267483303451755
A3,r4,secondary,5.0,0.859636466409873,0.9773148242449295,0.8595592452734183,0.8595592452734183,0.8595592452734183,0.8630787613172299
A3,r4,secondary,5.5,1.09530515046598,1.4027955348403218,1.0954195801113884,1.0954195801113884,1.0954195801113884,1.0999054926927714
A3,r4,secondary,6.0,1.30138620264057,1.3958513097051697,1.3017908318213436,1.3017908318213436,1.3017908318213436,1.3064617018445577
A3,r4,secondary,6.5,1.44980323463975,1.490056655223269,1.4501677694811161,1.4501677694811161,1.4501677694811161,1.4535632362520154
A3,r4,secondary,7.0,1.53226966551135,1.6490780296558523,1.5324227296034798,1.5324227296034798,1.5324227296034798,1.5327599514609282
A3,r4,secondary,7.5,1.57644454693954,1.5981470411445737,1.5765032694826024,1.5765032694826024,1.5765032694826024,1.5742537957512224
A3,r4,secondary,8.0,1.59325456935874,1.5403424467246634,1.593449750076175,1.593449750076175,1.593449750076175,1.5891839235640521
A3,r4,secondary,8.5,1.60242869061102,1.6560804035346128,1.6026013037606641,1.6026013037606641,1.6026013037606641,1.5973355719941844
A3,r4,secondary,9.0,1.59854672267114,1.5651092483117937,1.5986555828316393,1.5986555828316393,1.5986555828316393,1.5934355380180951
A3,r4,secondary,9.5,1.57348762811395,1.5181630290683952,1.5735959371673223,1.5735959371673223,1.5735959371673223,1.5696142415413268
A3,r4,secondary,10.0,1.54376526694808,1.6951813898811696,1.543830719700928,1.543830719700928,1.543830719700928,1.5425219676761628
A3,r4,secondary,10.5,1.51545348679175,1.6152191636481807,1.51551010069762,1.51551010069762,1.51551010069762,1.5165808789961108
A3,r4,secondary,11.0,1.49185720939399,1.3386421055628357,1.491844016560757,1.491844016560757,1.491844016560757,1.4943031560092102
A3,r4,secondary,11.5,1.47193174005908,1.4245793931776938,1.4719712276459282,1.4719712276459282,1.4719712276459282,1.4747235311807922
A3,r4,secondary,12.0,1.4532127165131,1.366249133466554,1.4530995835610545,1.4530995835610545,1.4530995835610545,1.4556675152580385
A3,r4,secondary,12.5,1.43553546637505,1.5668309054552179,1.4355227829565294,1.4355227829565294,1.4355227829565294,1.437974114586955
A3,r4,secondary,13.0,1.42738229996602,1.4567969353710823,1.427346000584727,1.427346000584727,1.427346000584727,1.429683752054921
A3,r4,secondary,13.5,1.42222594797189,1.4038301112905713,1.422162905691934,1.422162905691934,1.422162905691934,1.424019371970527
A3,r4,secondary,14.0,1.41251651122467,1.3741199519812288,1.4124772166865414,1.4124772166865414,1.4124772166865414,1.414057425643663
A3,r4,secondary,14.5,1.39623895412875,1.369355781181347,1.396136544813709,1.396136544813709,1.396136544813709,1.396960515996856
A3,r4,secondary,15.0,1.38509731792721,1.390942033707758,1.3849160016555626,1.3849160016555626,1.3849160016555626,1.384547033767722
A3,r4,secondary,15.5,1.38452726076577,1.4393756711933796,1.3844576580761458,1.3844576580761458,1.3844576580761458,1.3827465872963973
A3,r4,secondary,16.0,1.39207912106663,1.3575137494063378,1.3920655127401829,1.3920655127401829,1.3920655127401829,1.3893933320380139
A3,r4,secondary,16.5,1.39350988273982,1.3671285490874663,1.3935541528673696,1.3935541528673696,1.3935541528673696,1.3903769101093655
A3,r4,secondary,17.0,1.38615075591041,1.4123714728644579,1.3862041855393572,1.3862041855393572,1.3862041855393572,1.3827189421349992
A3,r4,secondary,17.5,1.36787078545089,1.4420935280556275,1.367731107148918,1.367731107148918,1.367731107148918,1.3644352939866893
A3,r4,secondary,18.0,1.35991868541547,1.3601657343398144,1.3598852010802727,1.3598852010802727,1.3598852010802727,1.3572020353509051
A3,r4,secondary,18.5,1.35472138861825,1.3570387777912085,1.3546427699040553,1.3546427699040553,1.3546427699040553,1.3532536699070374
A3,r4,secondary,19.0,1.34365004803062,1.208702199386902,1.3436487105999586,1.3436487105999586,1.3436487105999586,1.3430713907310938
A3,r4,secondary,19.5,1.32972322540334,1.3547460356864838,1.3296091898015712,1.3296091898015712,1.3296091898015712,1.3290307583868133
A3,r4,secondary,20.0,1.32960252068171,1.4682549425819769,1.3296405523526644,1.3296405523526644,1.3296405523526644,1.3288136725335733
A3,r4,secondary,20.5,1.33401187659073,1.2254255242407608,1.3339762917210343,1.3339762917210343,1.3339762917210343,1.333048750211227
A3,r4,secondary,21.0,1.34144424393677,1.3105201434803229,1.3415116293301488,1.3415116293301488,1.3415116293301488,1.340744321055547
A3,r4,secondary,21.5,1.33997652444074,1.3378042046523222,1.3399689225429965,1.3399689225429965,1.3399689225429965,1.339154739790765
A3,r4,secondary,22.0,1.32735100700134,1.3434404827719753,1.3272581057917683,1.3272581057917683,1.3272581057917683,1.3264000813800116
A3,r4,secondary,22.5,1.32403379145981,1.3884788035016116,1.323965142254066,1.323965142254066,1.323965142254066,1.3234159401248058
A3,r4,secondary,23.0,1.32606038633558,1.32068172533201,1.3260435984289787,1.3260435984289787,1.3260435984289787,1.3258706877215238
A3,r4,secondary,23.5,1.32695351202557,1.267275120440274,1.326936919669008,1.326936919669008,1.326936919669008,1.3268828712542444
A3,r4,secondary,24.0,1.3287578177525,1.274046850512532,1.3287627182751458,1.3287627182751458,1.3287627182751458,1.3286064161867632
A3,r4,secondary,24.5,1.33443778924455,1.3812256456318783,1.3343432552321444,1.3343432552321444,1.3343432552321444,1.3340936985591125
A3,r4,secondary,25.0,1.34540652549076,1.3631970481466278,1.3453831931431852,1.3453831931431852,1.3453831931431852,1.3448181686194953
A3,r4,secondary,25.5,1.35772355777119,1.3527684212306996,1.357664890387589,1.357664890387589,1.357664890387589,1.3566151731345013
A3,r4,secondary,26.0,1.36622376985265,1.3596571632327856,1.366127600761059,1.366127600761059,1.366127600761059,1.3650244750578555
A3,r4,secondary,26.5,1.364904797346,1.3814442395768696,1.3648949201677596,1.3648949201677596,1.3648949201677596,1.3635778911235332
A3,r4,secondary,27.0,1.35763898207554,1.377417407909952,1.3575996431231898,1.3575996431231898,1.3575996431231898,1.356263973509492
A3,r4,secondary,27.5,1.34716659567194,1.3877029986766627,1.3471452644789688,1.3471452644789688,1.3471452644789688,1.3451988993178023
A3,r4,secondary,28.0,1.33395746173149,1.3139841390796698,1.3339459421229882,1.3339459421229882,1.3339459421229882,1.3313795335606962
A3,r4,secondary,28.5,1.32264222115285,1.3526636645572465,1.322513801563931,1.322513801563931,1.322513801563931,1.3196743544727934
A3,r4,secondary,29.0,1.30983345009376,1.2122718595053144,1.3097324674693123,1.3097324674693123,1.3097324674693123,1.3069032996226821
A3,r4,secondary,29.5,1.30078301251016,1.3368591066289828,1.3007246930640053,1.3007246930640053,1.3007246930640053,1.2980679397293635
A3,r4,secondary,30.0,1.29395459494345,1.3044503936184693,1.2940629025069366,1.2940629025069366,1.2940629025069366,1.2916093242721682
A3,r5,primary,0.0,0.0,,0.0,0.0,0.0,0.0
A3,r5,primary,0.5,0.0,0.0,0.0,0.0,0.0,0.0
A3,r5,primary,1.0,0.0014819192601082,0.0,0.001203821585064479,0.001458658831592598,0.001203821585064479,0.001465723501822326
A3,r5,primary,1.5,0.0135189960594293,0.0,0.012671464201678962,0.013481224317524786,0.012671464201678962,0.013547175959323407
A3,r5,primary,2.0,0.0531039387143199,0.0,0.052941086275391847,0.05310209894951265,0.052941086275391847,0.05336237817242787
A3,r5,primary,2.5,0.157716894183961,0.0,0.1576782864590934,0.1576782864590934,0.1576782864590934,0.15845260459497004
A3,r5,primary,3.0,0.361215406224643,0.06206380203730191,0.3610132865424314,0.3610132865424314,0.3610132865424314,0.3627886801827615
A3,r5,primary,3.5,0.669500563001784,0.3422200063082304,0.6694928816967252,0.6694928816967252,0.6694928816967252,0.6727888554243847
A3,r5,primary,4.0,1.06325250259499,0.8657121829843257,1.063498961077808,1.063498961077808,1.063498961077808,1.0685479483765246
A3,r5,primary,4.5,1.49125859386288,1.5579656119060246,1.4916320169791142,1.4916320169791142,1.4916320169791142,1.4983055000157237
A3,r5,primary,5.0,1.89020407473548,2.2299101208076757,1.8907400302097206,1.8907400302097206,1.8907400302097206,1.898932466297382
A3,r5,primary,5.5,2.21308070884342,2.596740870504941,2.214019093993543,2.214019093993543,2.214019093993543,2.223290090258527
A3,r5,primary,6.0,2.43116654551878,2.7915864703686837,2.432066834459836,2.432066834459836,2.432066834459836,2.441845593416863
A3,r5,primary,6.5,2.52704520468676,2.611845320535472,2.527750782173575,2.527750782173575,2.527750782173575,2.5374918253375522
A3,r5,primary,7.0,2.52303410575595,2.492170202840153,2.5237727569562827,2.5237727569562827,2.5237727569562827,2.5333543408953902
A3,r5,primary,7.5,2.46600502490655,2.3848668100349477,2.4666682865876575,2.4666682865876575,2.4666682865876575,2.4759135728049535
A3,r5,primary,8.0,2.39424374919774,2.525273123180046,2.3947733896528027,2.3947733896528027,2.3947733896528027,2.4038373349458118
A3,r5,primary,8.5,2.33489285529285,2.2968323683194467,2.335437005760892,2.335437005760892,2.335437005760892,2.3442879414337296
A3,r5,primary,9.0,2.28999543837708,2.203625212905942,2.290636785868425,2.290636785868425,2.290636785868425,2.2991979299013
A3,r5,primary,9.5,2.25548471151519,2.2078103863717287,2.256145354157149,2.256145354157149,2.256145354157149,2.264580153302952
A3,r5,primary,10.0,2.23703972174512,2.2120992404795814,2.237563931903884,2.237563931903884,2.237563931903884,2.2456701247700415
A3,r5,primary,10.5,2.24014463958487,2.241410940551724,2.240908492750488,2.240908492750488,2.240908492750488,2.248590913534724
A3,r5,primary,11.0,2.24319861276795,2.202437077247307,2.2438035537460146,2.2438035537460146,2.2438035537460146,2.251484971081231
A3,r5,primary,11.5,2.23648303174318,2.316459895434718,2.2371192056970437,2.2371192056970437,2.2371192056970437,2.245047310699865
A3,r5,primary,12.0,2.22884023986946,2.271020189965682,2.229443838777859,2.229443838777859,2.229443838777859,2.2374432285266996
A3,r5,primary,12.5,2.21829296179992,2.2509326010163,2.218897874382418,2.218897874382418,2.218897874382418,2.226911435131058
A3,r5,primary,13.0,2.20425606435704,2.1159884439915686,2.204919004963421,2.204919004963421,2.204919004963421,2.2130156557077325
A3,r5,primary,13.5,2.18938497492301,2.2055759823558287,2.1899533035815386,2.1899533035815386,2.1899533035815386,2.198005569533147
A3,r5,primary,14.0,2.17556238027741,2.195599011308868,2.176179645900049,2.176179645900049,2.176179645900049,2.184043475009594
A3,r5,primary,14.5,2.15951999718082,2.164202761964104,2.1600420692546076,2.1600420692546076,2.1600420692546076,2.167236935861331
A3,r5,primary,15.0,2.14849608677157,2.173041282448532,2.1491125372444055,2.1491125372444055,2.1491125372444055,2.155920402299979
A3,r5,primary,15.5,2.13935851178086,2.1446624416152713,2.1399175645547377,2.1399175645547377,2.1399175645547377,2.146726368639402
A3,r5,primary,16.0,2.13393765313834,2.062310075094607,2.1345367009036167,2.1345367009036167,2.1345367009036167,2.1414052355254354
A3,r5,primary,16.5,2.13389642752485,2.091394053618509,2.134529421347628,2.134529421347628,2.134529421347628,2.14158077942857
A3,r5,primary,17.0,2.13170576824321,2.147980699508831,2.132321831205005,2.132321831205005,2.132321831205005,2.139539846113997
A3,r5,primary,17.5,2.12768776550557,2.2140776939206956,2.1282603207979838,2.1282603207979838,2.1282603207979838,2.1359267859505238
A3,r5,primary,18.0,2.12403061248892,2.130043876325709,2.124646456305664,2.124646456305664,2.124646456305664,2.132638142947285
A3,r5,primary,18.5,2.1117777901887,2.1252200217503154,2.1123455834869214,2.1123455834869214,2.1123455834869214,2.1204221744047786
A3,r5,primary,19.0,2.09490957137214,2.036237938777967,2.0955107929926315,2.0955107929926315,2.0955107929926315,2.1034585427198182
A3,r5,primary,19.5,2.07439652600025,2.0983282106951147,2.075019577117767,2.075019577117767,2.075019577117767,2.082944518057921
A3,r5,primary,20.0,2.05916453642228,2.0283844449677484,2.0597806908274867,2.0597806908274867,2.0597806908274867,2.067641062302224
A3,r5,primary,20.5,2.04931478038529,2.0988237444983584,2.049803172276746,2.049803172276746,2.049803172276746,2.0576107158558954
A3,r5,primary,21.0,2.05016389022281,2.008494369739277,2.0507114360442813,2.0507114360442813,2.0507114360442813,2.0584429117993492
A3,r5,primary,21.5,2.04746656727532,2.0216580243982407,2.048018681638655,2.048018681638655,2.048018681638655,2.055643412227255
A3,r5,primary,22.0,2.04567828127401,1.9908425206008138,2.0462315730761427,2.0462315730761427,2.0462315730761427,2.0539777513708466
A3,r5,primary,22.5,2.04357291297591,2.154656546824581,2.04409800422158,2.04409800422158,2.04409800422158,2.0520573564786906
A3,r5,primary,23.0,2.03954276828641,2.0151364223355013,2.0400989714846847,2.0400989714846847,2.0400989714846847,2.048119036479493
A3,r5,primary,23.5,2.03349425410928,2.014433608759095,2.0340235782409146,2.0340235782409146,2.0340235782409146,2.042102852419898
A3,r5,primary,24.0,2.02549377444119,2.046686563742142,2.026036762306254,2.026036762306254,2.026036762306254,2.03416558301901
A3,r5,primary,24.5,2.01619662812483,2.0156789971013223,2.01668605277799,2.01668605277799,2.01668605277799,2.0249239370540955
A3,r5,primary,25.0,2.0116369245152,2.0030388655826816,2.0121999736495453,2.0121999736495453,2.0121999736495453,2.0205866377640267
A3,r5,primary,25.5,2.01114485183183,1.9867663617190796,2.0116606195608315,2.0116606195608315,2.0116606195608315,2.020030998551169
A3,r5,primary,26.0,2.01026287830859,2.0301329327556754,2.010795978394602,2.010795978394602,2.010795978394602,2.0191527688596076
A3,r5,primary,26.5,2.00540110655916,1.9766078169533918,2.0059917746620193,2.0059917746620193,2.0059917746620193,2.0143311296551984
A3,r5,primary,27.0,1.99668729334863,2.053237228720756,1.9972043263943684,1.9972043263943684,1.9972043263943684,2.005554928851486
A3,r5,primary,27.5,1.98596061833877,2.0195033855244344,1.9865046781318796,1.9865046781318796,1.9865046781318796,1.9948231763477366
A3,r5,primary,28.0,1.97428300136171,1.9376567764506099,1.9747868998131948,1.9747868998131948,1.9747868998131948,1.9829060934829994
A3,r5,primary,28.5,1.96513895334038,1.938910045745806,1.9656647555872067,1.9656647555872067,1.9656647555872067,1.973576930090886
A3,r5,primary,29.0,1.95430632648502,1.9430403579597202,1.9548497608888409,1.9548497608888409,1.9548497608888409,1.9625214131278128
A3,r5,primary,29.5,1.94056757716711,1.9393821946657819,1.9410261432688796,1.9410261432688796,1.9410261432688796,1.9483582897215455
A3,r5,primary,30.0,1.93290478089909,1.988500201565896,1.933530525648873,1.933530525648873,1.933530525648873,1.940758640081046
A3,r5,secondary,0.0,0.0,,0.0,0.0,0.0,0.0
A3,r5,secondary,0.5,1.17048232422809e-16,0.0,0.0,0.0,0.0,0.0
A3,r5,secondary,1.0,0.0,0.0,0.0,0.0,0.0,0.0
A3,r5,secondary,1.5,7.15994456283997e-05,0.0,2.760023472157273e-05,2.936400636704298e-05,2.760023472157273e-05,2.94751598393716e-05
A3,r5,secondary,2.0,0.0031941019055355,0.0,0.0031679872672662176,0.003177622243375884,0.0031679872672662176,0.003189716234869721
A3,r5,secondary,2.5,0.0293556680400118,0.0,0.029298291230097456,0.029298291230097456,0.029298291230097456,0.02940910333844766
A3,r5,secondary,3.0,0.106883922555869,0.0,0.10677450349530627,0.10677450349530627,0.10677450349530627,0.10718108047212552
A3,r5,secondary,3.5,0.268473255853189,0.026487281383055134,0.2682834843929024,0.2682834843929024,0.2682834843929024,0.2693089043882563
A3,r5,secondary,4.0,0.550395673623583,0.18561367375276164,0.550518709372309,0.550518709372309,0.550518709372309,0.5522200618842913
A3,r5,secondary,4.5,0.918964140636294,0.6189939187181916,0.9192437057614624,0.9192437057614624,0.9192437057614624,0.9213254006784517
A3,r5,secondary,5.0,1.29975296761843,1.2450556811871318,1.3001281426662379,1.3001281426662379,1.3001281426662379,1.3029391901612362
A3,r5,secondary,5.5,1.67094418076562,2.130667920608186,1.6715396573834476,1.6715396573834476,1.6715396573834476,1.675291450098398
A3,r5,secondary,6.0,1.98671237451988,2.605528202031848,1.987616085464715,1.987616085464715,1.987616085464715,1.991086231576726
A3,r5,secondary,6.5,2.19749861284388,2.1490948248719763,2.1983848608591465,2.1983848608591465,2.1983848608591465,2.201448960409743
A3,r5,secondary,7.0,2.28710606907102,2.409643840488275,2.287948159936416,2.287948159936416,2.287948159936416,2.29090905585252
A3,r5,secondary,7.5,2.2659753073232,2.3256858672558414,2.266749515805186,2.266749515805186,2.266749515805186,2.269941741598911
A3,r5,secondary,8.0,2.18823743355806,2.298699343502205,2.188941977647743,2.188941977647743,2.188941977647743,2.192915483810517
A3,r5,secondary,8.5,2.11461242913456,2.1870326588293914,2.1149797468285394,2.1149797468285394,2.1149797468285394,2.1191020677626686
A3,r5,secondary,9.0,2.04332104072618,1.8699155506330174,2.0438576163338364,2.0438576163338364,2.0438576163338364,2.048068935871366
A3,r5,secondary,9.5,1.98079714848913,1.979502101823696,1.9812841020713126,1.9812841020713126,1.9812841020713126,1.9862496665244962
A3,r5,secondary,10.0,1.93473237949816,1.8632382030324386,1.9348311128374271,1.9348311128374271,1.9348311128374271,1.9403705444670052
A3,r5,secondary,10.5,1.90767513420677,1.7847919980954703,1.908051164679242,1.908051164679242,1.908051164679242,1.9127546846296573
A3,r5,secondary,11.0,1.88931848212869,2.097125485865698,1.8898306836384917,1.8898306836384917,1.8898306836384917,1.8937423499469048
A3,r5,secondary,11.5,1.86977268813065,1.9421254817363915,1.8702393336413226,1.8702393336413226,1.8702393336413226,1.8738301857998951
A3,r5,secondary,12.0,1.84813629055614,1.729486178608015,1.848622387165222,1.848622387165222,1.848622387165222,1.8523492038455722
A3,r5,secondary,12.5,1.81568449049812,1.811748852035409,1.816407320978923,1.816407320978923,1.816407320978923,1.8204061283967132
A3,r5,secondary,13.0,1.77859402759576,1.7000615004308173,1.7789483691572543,1.7789483691572543,1.7789483691572543,1.7828309206742472
A3,r5,secondary,13.5,1.75725569906161,1.8195466318351952,1.7577450851667928,1.7577450851667928,1.7577450851667928,1.7615093598583982
A3,r5,secondary,14.0,1.75082928027155,1.7083179114402591,1.751264341403437,1.751264341403437,1.751264341403437,1.7548378360886348
A3,r5,secondary,14.5,1.747117927889,1.6571506363077615,1.7476106582994564,1.7476106582994564,1.7476106582994564,1.7507416062291825
A3,r5,secondary,15.0,1.74320731398624,1.7601557714900093,1.7437184748064525,1.7437184748064525,1.7437184748064525,1.7464850514326964
A3,r5,secondary,15.5,1.74013752358502,1.802087584498749,1.7404849232061683,1.7404849232061683,1.7404849232061683,1.7429789508365827
A3,r5,secondary,16.0,1.75149888803194,1.877357182737544,1.7519940666698581,1.7519940666698581,1.7519940666698581,1.754411179561974
A3,r5,secondary,16.5,1.76603350651756,1.6325363647319875,1.7664748405495374,1.7664748405495374,1.7664748405495374,1.7690660633224096
A3,r5,secondary,17.0,1.76901371946081,1.7357523874313956,1.7695892723871958,1.7695892723871958,1.7695892723871958,1.7723479913299727
A3,r5,secondary,17.5,1.75695678837306,1.7633486526559508,1.757356409914245,1.757356409914245,1.757356409914245,1.760637763173179
A3,r5,secondary,18.0,1.74064590387491,1.8891451068629765,1.7411407365764846,1.7411407365764846,1.7411407365764846,1.7446325110240308
A3,r5,secondary,18.5,1.72699616450686,1.777717756291157,1.7274514879930134,1.7274514879930134,1.7274514879930134,1.7308120797165034
A3,r5,secondary,19.0,1.70715580187527,1.6221225804176616,1.7076071188410353,1.7076071188410353,1.7076071188410353,1.7107141457177626
A3,r5,secondary,19.5,1.67975152548108,1.5087447389253466,1.6803872426499145,1.6803872426499145,1.6803872426499145,1.6837527416008784
A3,r5,secondary,20.0,1.65316881739115,1.7952268581264375,1.6535409933920495,1.6535409933920495,1.6535409933920495,1.6572266405153977
A3,r5,secondary,20.5,1.64298195028652,1.6787694674083333,1.6433577699151256,1.6433577699151256,1.6433577699151256,1.6471792386844357
A3,r5,secondary,21.0,1.65975586241102,1.584643025861993,1.6601708017487773,1.6601708017487773,1.6601708017487773,1.663929134337992
A3,r5,secondary,21.5,1.68041572669403,1.6245653135466545,1.6808323737937194,1.6808323737937194,1.6808323737937194,1.6848321429364224
A3,r5,secondary,22.0,1.68764214465927,1.6190210322669842,1.6880510018511226,1.6880510018511226,1.6880510018511226,1.692098176294318
A3,r5,secondary,22.5,1.69826228897281,1.8555403244793538,1.6987215350031162,1.6987215350031162,1.6987215350031162,1.7030847952663863
A3,r5,secondary,23.0,1.71429542317197,1.7706723699335156,1.714751345310897,1.714751345310897,1.714751345310897,1.7190089234247372
A3,r5,secondary,23.5,1.71970930089185,1.7014982723773096,1.7201478369761996,1.7201478369761996,1.7201478369761996,1.7242706309947065
A3,r5,secondary,24.0,1.7107206225534,1.5794520364891858,1.7112127518137938,1.7112127518137938,1.7112127518137938,1.7150574198133408
A3,r5,secondary,24.5,1.69092805431614,1.8061689965416712,1.6913935040724788,1.6913935040724788,1.6913935040724788,1.6953223552735248
A3,r5,secondary,25.0,1.67542672305844,1.7214090853345119,1.6758719788664473,1.6758719788664473,1.6758719788664473,1.6799876696542189
A3,r5,secondary,25.5,1.66709758509095,1.576317380777355,1.6675228386155214,1.6675228386155214,1.6675228386155214,1.6718601249720002
A3,r5,secondary,26.0,1.65839531463934,1.602181833962693,1.6587763068373733,1.6587763068373733,1.6587763068373733,1.6634968967693498
A3,r5,secondary,26.5,1.64150551660296,1.750112601809458,1.6416857799090916,1.6416857799090916,1.6416857799090916,1.6466197588656921
A3,r5,secondary,27.0,1.63670805158463,1.6269886029123548,1.6370440826353267,1.6370440826353267,1.6370440826353267,1.642245250071711
A3,r5,secondary,27.5,1.63476579555873,1.6085273174006283,1.6351748492244118,1.6351748492244118,1.6351748492244118,1.6407133771927531
A3,r5,secondary,28.0,1.63183629429727,1.6053853939330816,1.6322812930354806,1.6322812930354806,1.6322812930354806,1.6378324506125792
A3,r5,secondary,28.5,1.62647286791307,1.6926008772815426,1.6268921428575982,1.6268921428575982,1.6268921428575982,1.6317973337314238
A3,r5,secondary,29.0,1.62265136655492,1.5555355503762947,1.623150982978752,1.623150982978752,1.623150982978752,1.627145219806483
A3,r5,secondary,29.5,1.62231921363172,1.6475410290888166,1.6227837922067498,1.6227837922067498,1.6227837922067498,1.6262560656116891
A3,r5,secondary,30.0,1.61771434021995,1.6083300337577655,1.6182569291631261,1.6182569291631261,1.6182569291631261,1.6213784663501518
A4,f1,primary,0.0,0.0,,0.0,0.0,0.0,0.0
A4,f1,primary,0.5,4.94174667433588e-05,0.0,4.241846114536804e-05,4.9760313565478295e-05,4.241846114536804e-05,5.083447363642369e-05
A4,f1,primary,1.0,0.0003570248280873,0.0,0.00035444888063406523,0.00035444888063406523,0.00035444888063406523,0.0003621103715270614
A4,f1,primary,1.5,0.0032117358291351,0.0007500730345156269,0.0032190606320402935,0.0032190606320402935,0.0032190606320402935,0.003288837124698087
A4,f1,primary,2.0,0.016272514834465,0.009569408427457347,0.016259774713273552,0.016259774713273552,0.016259774713273552,0.016542816890373294
A4,f1,primary,2.5,0.0758638647701738,0.04373498258983937,0.0758344683399524,0.0758344683399524,0.0758344683399524,0.07645853816832437
A4,f1,primary,3.0,0.209112625189905,0.19511333681009863,0.20816697727888445,0.20816697727888445,0.20816697727888445,0.20939099595807592
A4,f1,primary,3.5,0.473516105854861,0.40928429831073687,0.47301514575150116,0.47301514575150116,0.47301514575150116,0.47600170604587855
A4,f1,primary,4.0,0.798806791364845,0.8525365932400263,0.7983437947513544,0.7983437947513544,0.7983437947513544,0.8038453596259647
A4,f1,primary,4.5,1.10844260547158,1.11902517162361,1.1085942643130011,1.1085942643130011,1.1085942643130011,1.1169595991534722
A4,f1,primary,5.0,1.29291264714509,1.3418573015567297,1.2930995764095206,1.2930995764095206,1.2930995764095206,1.3036152044994476
A4,f1,primary,5.5,1.38323122223387,1.4216078417665894,1.383846903432601,1.383846903432601,1.383846903432601,1.395596605159981
A4,f1,primary,6.0,1.36198017293603,1.3813036663924427,1.3620100383120528,1.3620100383120528,1.3620100383120528,1.373445261756006
A4,f1,primary,6.5,1.27575986213345,1.3058268130610056,1.2763742279006678,1.2763742279006678,1.2763742279006678,1.2860920113594372
A4,f1,primary,7.0,1.15319799910271,1.1577316725289688,1.1525124546316998,1.1525124546316998,1.1525124546316998,1.1607613835874366
A4,f1,primary,7.5,1.08123583023822,1.0085319472180636,1.0813442890718432,1.0813442890718432,1.0813442890718432,1.0890341377050108
A4,f1,primary,8.0,1.05150286826574,1.0796506820587173,1.051407936358324,1.051407936358324,1.051407936358324,1.059619877503426
A4,f1,primary,8.5,1.05094413064586,1.0456203349306032,1.0510210917086886,1.0510210917086886,1.0510210917086886,1.0589691288203957
A4,f1,primary,9.0,1.05305008231738,1.034207154184503,1.0526795646920986,1.0526795646920986,1.0526795646920986,1.0592728703179506
A4,f1,primary,9.5,1.08464684536482,1.0606847401425763,1.0844132108294586,1.0844132108294586,1.0844132108294586,1.0903804124027445
A4,f1,primary,10.0,1.1129528202308,1.1641262582541514,1.1129729015104537,1.1129729015104537,1.1129729015104537,1.1193506360625542
A4,f1,primary,10.5,1.12499053227961,1.1026805070791297,1.1251210641533962,1.1251210641533962,1.1251210641533962,1.1317149973596197
A4,f1,primary,11.0,1.10996455713811,1.1263579839464892,1.1101286860748771,1.1101286860748771,1.1101286860748771,1.1162828804027514
A4,f1,primary,11.5,1.11438540955522,1.0995448319400183,1.114574133044508,1.114574133044508,1.114574133044508,1.1208866073776511
A4,f1,primary,12.0,1.11498117616724,1.1565418241322656,1.1152289572216383,1.1152289572216383,1.1152289572216383,1.1217241483937996
A4,f1,primary,12.5,1.10979149156268,1.0854000825472985,1.1097305285531573,1.1097305285531573,1.1097305285531573,1.1156153504067732
A4,f1,primary,13.0,1.0867458865489,1.074306056808257,1.0865071656833165,1.0865071656833165,1.0865071656833165,1.0921605013607028
A4,f1,primary,13.5,1.091141006293,1.0720177234153485,1.091357042389516,1.091357042389516,1.091357042389516,1.0969975019562437
A4,f1,primary,14.0,1.09553261611546,1.1217047998570544,1.0953387598242454,1.0953387598242454,1.0953387598242454,1.1006875291552674
A4,f1,primary,14.5,1.10134562640127,1.0787360669926385,1.1015441047603673,1.1015441047603673,1.1015441047603673,1.1064946593266416
A4,f1,primary,15.0,1.09368020475622,1.1355184186223202,1.0939666149459972,1.0939666149459972,1.0939666149459972,1.0988440737775873
A4,f1,primary,15.5,1.09940770803848,1.0922774767710464,1.0995026131074752,1.0995026131074752,1.0995026131074752,1.1042204613023514
A4,f1,primary,16.0,1.09936812749523,1.0960307654183303,1.0993159716819603,1.0993159716819603,1.0993159716819603,1.1040467219528147
A4,f1,primary,16.5,1.10018655974746,1.0953105607197486,1.1001809160884923,1.1001809160884923,1.1001809160884923,1.105034113263935
A4,f1,primary,17.0,1.09183207151445,1.1089691979073188,1.091640461901455,1.091640461901455,1.091640461901455,1.0966333535845028
A4,f1,primary,17.5,1.0967582005027,1.0638038353637604,1.0965916198420471,1.0965916198420471,1.0965916198420471,1.1012461273850809
A4,f1,primary,18.0,1.09936846044728,1.1094223769956857,1.0993459197539575,1.0993459197539575,1.0993459197539575,1.1034643511856796
A4,f1,primary,18.5,1.10216682026635,1.0967732732195414,1.1022277935221827,1.1022277935221827,1.1022277935221827,1.1061457184470886
A4,f1,primary,19.0,1.08901582274745,1.1053141741588257,1.0888821852185373,1.0888821852185373,1.0888821852185373,1.0928661738238932
A4,f1,primary,19.5,1.09283765796454,1.0737021761862406,1.0930053773841593,1.0930053773841593,1.0930053773841593,1.0972585012829073
A4,f1,primary,20.0,1.09861713213141,1.1330204514661293,1.09856833520801,1.09856833520801,1.09856833520801,1.1031480953426112
A4,f1,primary,20.5,1.10052393796416,1.1048521667796907,1.1006941700303363,1.1006941700303363,1.1006941700303363,1.1053530882892273
A4,f1,primary,21.0,1.08462419623,1.080795074850259,1.084546807740764,1.084546807740764,1.084546807740764,1.0888174251347311
A4,f1,primary,21.5,1.08633747619625,1.054443492998519,1.0864402874530825,1.0864402874530825,1.0864402874530825,1.090416002335078
A4,f1,primary,22.0,1.09468696282418,1.1017232310992369,1.0947419702124443,1.0947419702124443,1.0947419702124443,1.0987473030026766
A4,f1,primary,22.5,1.10212237413504,1.093962361868267,1.1021477701921627,1.1021477701921627,1.1021477701921627,1.1060450851745922
A4,f1,primary,23.0,1.09418988384158,1.0984508817311485,1.0942460725076482,1.0942460725076482,1.0942460725076482,1.0978807398414572
A4,f1,primary,23.5,1.09411886190088,1.0892507330077739,1.0942631766378994,1.0942631766378994,1.0942631766378994,1.0982169667128168
A4,f1,primary,24.0,1.09218340753266,1.1154881008068187,1.0922525444270867,1.0922525444270867,1.0922525444270867,1.0963191209176166
A4,f1,primary,24.5,1.09535354446586,1.0911322660186906,1.09540777658267,1.09540777658267,1.09540777658267,1.0991818403800113
A4,f1,primary,25.0,1.08910077617658,1.1014812534878529,1.0889419383229955,1.0889419383229955,1.0889419383229955,1.0924069424466905
A4,f1,primary,25.5,1.09145009027057,1.0800565068883634,1.0915432722561533,1.0915432722561533,1.0915432722561533,1.095351464840107
A4,f1,primary,26.0,1.09175318349688,1.092334671126999,1.0915087548546138,1.0915087548546138,1.0915087548546138,1.0957075827495375
A4,f1,primary,26.5,1.09529324360566,1.0840276955613812,1.0953471875172889,1.0953471875172889,1.0953471875172889,1.0995871730721956
A4,f1,primary,27.0,1.08799079518825,1.09779855396471,1.0878089660407242,1.0878089660407242,1.0878089660407242,1.0916593409299633
A4,f1,primary,27.5,1.09025072397413,1.07720398919594,1.0904412580328524,1.0904412580328524,1.0904412580328524,1.0938799552206107
A4,f1,primary,28.0,1.09421173714066,1.104969065240045,1.0942638607350856,1.0942638607350856,1.0942638607350856,1.0976513576516946
A4,f1,primary,28.5,1.09850899349714,1.1068091514939478,1.0986301654940662,1.0986301654940662,1.0986301654940662,1.1024821894784491
A4,f1,primary,29.0,1.08856612601672,1.095463213686868,1.0885130486544072,1.0885130486544072,1.0885130486544072,1.0928253331265247
A4,f1,primary,29.5,1.08710739377809,1.0694117570931718,1.087131354322102,1.087131354322102,1.087131354322102,1.091299591533445
A4,f1,primary,30.0,1.08983763638232,1.0974500819743562,1.0903876781771873,1.0903876781771873,1.0903876781771873,1.0942981529359521
A4,f1,secondary,0.0,0.0,,0.0,0.0,0.0,0.0
A4,f1,secondary,0.5,0.0,0.0,0.0,0.0,0.0,0.0
A4,f1,secondary,1.0,0.0,0.0,0.0,0.0,0.0,0.0
A4,f1,secondary,1.5,0.0,0.0,0.0,0.0,0.0,0.0
A4,f1,secondary,2.0,7.05400278569416e-05,0.0,6.50863371346152e-05,6.50863371346152e-05,6.50863371346152e-05,6.656227272765893e-05
A4,f1,secondary,2.5,0.0051915753412468,0.0,0.0050745502799519285,0.0050745502799519285,0.0050745502799519285,0.005183354805628284
A4,f1,secondary,3.0,0.048081470360035,0.014743397238733413,0.04776194215932829,0.04776194215932829,0.04776194215932829,0.04774474951580481
A4,f1,secondary,3.5,0.20067407184074,0.13402911958143746,0.20034095202692248,0.20034095202692248,0.20034095202692248,0.2004443029335004
A4,f1,secondary,4.0,0.525412761808552,0.4666759314783692,0.5249339604869999,0.5249339604869999,0.5249339604869999,0.5273856464027128
A4,f1,secondary,4.5,0.977188140483823,0.9898655978518074,0.9773766884013689,0.9773766884013689,0.9773766884013689,0.9847667415663434
A4,f1,secondary,5.0,1.40104973897769,1.4823812118017234,1.4017199745986784,1.4017199745986784,1.4017199745986784,1.412962380627835
A4,f1,secondary,5.5,1.61796530826021,1.7389057637624228,1.6188757887018783,1.6188757887018783,1.6188757887018783,1.632253218465697
A4,f1,secondary,6.0,1.59780861156817,1.6259480962668933,1.5981450041463119,1.5981450041463119,1.5981450041463119,1.6121327023586993
A4,f1,secondary,6.5,1.43101152637032,1.4364018723919683,1.4311759205549828,1.4311759205549828,1.4311759205549828,1.4454485414960563
A4,f1,secondary,7.0,1.25134200892762,1.228741281723338,1.2512408188596011,1.2512408188596011,1.2512408188596011,1.262879420078275
A4,f1,secondary,7.5,1.12157362698007,1.092792791651555,1.12152365908951,1.12152365908951,1.12152365908951,1.1312676399805486
A4,f1,secondary,8.0,1.06066090374944,1.042272495311213,1.0606980777857844,1.0606980777857844,1.0606980777857844,1.0695807596453242
A4,f1,secondary,8.5,1.05443374755599,1.0413106481280343,1.0545067588899915,1.0545067588899915,1.0545067588899915,1.0633757779416046
A4,f1,secondary,9.0,1.07670732951642,1.0839403088326935,1.0766892496141796,1.0766892496141796,1.0766892496141796,1.0843575882249323
A4,f1,secondary,9.5,1.11704948141016,1.105729379595187,1.1171197612352497,1.1171197612352497,1.1171197612352497,1.1238525391636625
A4,f1,secondary,10.0,1.15687156088703,1.1630202541306733,1.1569805686835457,1.1569805686835457,1.1569805686835457,1.1641335301560833
A4,f1,secondary,10.5,1.17769643672099,1.1932910662929683,1.1779183086119136,1.1779183086119136,1.1779183086119136,1.185042724405097
A4,f1,secondary,11.0,1.17290773652628,1.1679519837640424,1.1729722354505465,1.1729722354505465,1.1729722354505465,1.1800792881440503
A4,f1,secondary,11.5,1.16294506263649,1.1595265103043348,1.1630402869955558,1.1630402869955558,1.1630402869955558,1.1703240429843293
A4,f1,secondary,12.0,1.1519715223083,1.1684666184831416,1.1520308407870183,1.1520308407870183,1.1520308407870183,1.1597572355317687
A4,f1,secondary,12.5,1.14141856886606,1.1358371666873623,1.14139620552845,1.14139620552845,1.14139620552845,1.1479618576674675
A4,f1,secondary,13.0,1.12441274992944,1.1267027651136805,1.1244208124532225,1.1244208124532225,1.1244208124532225,1.1303350910839745
A4,f1,secondary,13.5,1.12479414380165,1.0980231375316003,1.12495025826692,1.12495025826692,1.12495025826692,1.131155406839058
A4,f1,secondary,14.0,1.12704070547433,1.1532795484706881,1.1271153836623693,1.1271153836623693,1.1271153836623693,1.1339333412040804
A4,f1,secondary,14.5,1.13556779564643,1.1167527770119692,1.1356656776076468,1.1356656776076468,1.1356656776076468,1.142297269621252
A4,f1,secondary,15.0,1.13494255183978,1.1462240941906037,1.1350460158427105,1.1350460158427105,1.1350460158427105,1.1417153946437697
A4,f1,secondary,15.5,1.13899588477639,1.1308402088710492,1.1391177563339623,1.1391177563339623,1.1391177563339623,1.1455953438433482
A4,f1,secondary,16.0,1.13463191351133,1.1434807723788567,1.1346618345803459,1.1346618345803459,1.1346618345803459,1.1408415648529642
A4,f1,secondary,16.5,1.13221885920593,1.1240314486693435,1.1322925052930028,1.1322925052930028,1.1322925052930028,1.1382239188489085
A4,f1,secondary,17.0,1.13259542091474,1.1369976805241457,1.132651849167016,1.132651849167016,1.132651849167016,1.138485659772987
A4,f1,secondary,17.5,1.13842429777196,1.1470826207578508,1.1385521025961798,1.1385521025961798,1.1385521025961798,1.143939714697799
A4,f1,secondary,18.0,1.13863296775469,1.1349775503826034,1.138707534474453,1.138707534474453,1.138707534474453,1.1434756790837175
A4,f1,secondary,18.5,1.13492296607681,1.1325188840710443,1.1349229556254166,1.1349229556254166,1.1349229556254166,1.139425746682557
A4,f1,secondary,19.0,1.13139204140845,1.1269064320794184,1.1314570678319382,1.1314570678319382,1.1314570678319382,1.136132658854299
A4,f1,secondary,19.5,1.1293339235746,1.138270612357497,1.12945107056509,1.12945107056509,1.12945107056509,1.1344212395414066
A4,f1,secondary,20.0,1.12645446308222,1.1202221676163509,1.1265112438519418,1.1265112438519418,1.1265112438519418,1.1318150027480829
A4,f1,secondary,20.5,1.12731789155642,1.124200925585052,1.1274486245981161,1.1274486245981161,1.1274486245981161,1.1325869823324657
A4,f1,secondary,21.0,1.12750921131411,1.1325457136610315,1.127575043620522,1.127575043620522,1.127575043620522,1.1320244082620603
A4,f1,secondary,21.5,1.12475231880344,1.1223943511502095,1.1248229353651358,1.1248229353651358,1.1248229353651358,1.1293565278054618
A4,f1,secondary,22.0,1.12424400404143,1.1196559870327676,1.1242684212247427,1.1242684212247427,1.1242684212247427,1.1294099683971752
A4,f1,secondary,22.5,1.12996817587995,1.1387596369377149,1.1300577217814731,1.1300577217814731,1.1300577217814731,1.135905470691861
A4,f1,secondary,23.0,1.13366221393523,1.1347342991090317,1.1337526561174425,1.1337526561174425,1.1337526561174425,1.139642848743391
A4,f1,secondary,23.5,1.13352525776251,1.1268980894587597,1.1335328871633985,1.1335328871633985,1.1335328871633985,1.1394024629981452
A4,f1,secondary,24.0,1.13340394305608,1.1384108741659336,1.133510166611844,1.133510166611844,1.133510166611844,1.1392697361767437
A4,f1,secondary,24.5,1.13253098070144,1.1297509722694947,1.1326516401605615,1.1326516401605615,1.1326516401605615,1.137323585123028
A4,f1,secondary,25.0,1.12821667152306,1.1327417329378082,1.1282974794375191,1.1282974794375191,1.1282974794375191,1.1321415435346542
A4,f1,secondary,25.5,1.12391040967224,1.1175546152336866,1.1239366637755404,1.1239366637755404,1.1239366637755404,1.1274651008626027
A4,f1,secondary,26.0,1.11971713509658,1.1293894041113024,1.1197178823009413,1.1197178823009413,1.1197178823009413,1.1243867482480618
A4,f1,secondary,26.5,1.11974186423888,1.1112083010423248,1.119792267186565,1.119792267186565,1.119792267186565,1.1245242221682539
A4,f1,secondary,27.0,1.12033439106197,1.124912118663229,1.1204482610354354,1.1204482610354354,1.1204482610354354,1.1247317744111625
A4,f1,secondary,27.5,1.1209281436517,1.120999329478274,1.1209453621502203,1.1209453621502203,1.1209453621502203,1.125221283333011
A4,f1,secondary,28.0,1.12133389174456,1.115619221777822,1.1213910021713973,1.1213910021713973,1.1213910021713973,1.1264099690561002
A4,f1,secondary,28.5,1.12374523853678,1.1300239469757491,1.1237973550046452,1.1237973550046452,1.1237973550046452,1.1290801029542876
A4,f1,secondary,29.0,1.12979429205152,1.1233474234743186,1.1298436618606118,1.1298436618606118,1.1298436618606118,1.1352755447233895
A4,f1,secondary,29.5,1.13325644675458,1.1450396534205192,1.1333477821411175,1.1333477821411175,1.1333477821411175,1.139230687707831
A4,f1,secondary,30.0,1.13353916776344,1.131322719934039,1.1343380845429347,1.1343380845429347,1.1343380845429347,1.1402075036817352
A4,f2,primary,0.0,0.0,,0.0,0.0,0.0,0.0
A4,f2,primary,0.5,0.0,0.0,0.0,0.0,0.0,0.0
A4,f2,primary,1.0,0.0001927772673595,0.0,0.00019187730751370807,0.00019187730751370807,0.00019187730751370807,0.00019307671888334763
A4,f2,primary,1.5,0.0027394245015414,0.0,0.002732849481361964,0.002732849481361964,0.002732849481361964,0.002750043118054507
A4,f2,primary,2.0,0.0151241654613303,0.008675641909117935,0.015107078366377069,0.015107078366377069,0.015107078366377069,0.015145542229180811
A4,f2,primary,2.5,0.0647282107884385,0.04740677641226574,0.06466424412965117,0.06466424412965117,0.06466424412965117,0.06476967629844625
A4,f2,primary,3.0,0.185217102316721,0.15162890841874452,0.18434277121583117,0.18434277121583117,0.18434277121583117,0.18484035367662488
A4,f2,primary,3.5,0.450725479856846,0.3881812788003015,0.44992668565539173,0.44992668565539173,0.44992668565539173,0.450369790334059
A4,f2,primary,4.0,0.782751730587106,0.8644405333699301,0.7822987577919408,0.7822987577919408,0.7822987577919408,0.7830827012999192
A4,f2,primary,4.5,1.09591236681931,1.0699762846017729,1.0953180267841462,1.0953180267841462,1.0953180267841462,1.0972140541272344
A4,f2,primary,5.0,1.28852023321643,1.3363628423309846,1.2878316053949568,1.2878316053949568,1.2878316053949568,1.2908009471163198
A4,f2,primary,5.5,1.40411996890784,1.4404837979393381,1.403444656154058,1.403444656154058,1.403444656154058,1.4065113048139275
A4,f2,primary,6.0,1.40542895801966,1.4297396012657484,1.4044852714804232,1.4044852714804232,1.4044852714804232,1.4073871967776257
A4,f2,primary,6.5,1.32180100390827,1.3596959753006908,1.321656938236287,1.321656938236287,1.321656938236287,1.3243551453466553
A4,f2,primary,7.0,1.17870336511573,1.1876599259057192,1.1778551873169227,1.1778551873169227,1.1778551873169227,1.1799292647640816
A4,f2,primary,7.5,1.06785862785456,1.0041829971780358,1.0673878133759027,1.0673878133759027,1.0673878133759027,1.0691143345701926
A4,f2,primary,8.0,1.00745001363087,1.0141565051965375,1.0062433705460045,1.0062433705460045,1.0062433705460045,1.0082296038755159
A4,f2,primary,8.5,1.00189409729445,0.9821214667340472,1.0013103868540885,1.0013103868540885,1.0013103868540885,1.0031676487825765
A4,f2,primary,9.0,1.01008012107776,1.0176629973003826,1.0089406231083993,1.0089406231083993,1.0089406231083993,1.010364994325673
A4,f2,primary,9.5,1.0473032407912,1.00519333625617,1.0462719546013168,1.0462719546013168,1.0462719546013168,1.0477372867713282
A4,f2,primary,10.0,1.07846186098438,1.134758565487045,1.077835653857211,1.077835653857211,1.077835653857211,1.0791792298825378
A4,f2,primary,10.5,1.10498175949178,1.0779526089110854,1.1045622394477306,1.1045622394477306,1.1045622394477306,1.1056668149758004
A4,f2,primary,11.0,1.10733229511338,1.1246235693421414,1.1065826064060353,1.1065826064060353,1.1065826064060353,1.107796845649654
A4,f2,primary,11.5,1.11754356859821,1.119049754464154,1.1170214302728696,1.1170214302728696,1.1170214302728696,1.119280100295385
A4,f2,primary,12.0,1.1064493242225,1.129033701222713,1.1060664741534765,1.1060664741534765,1.1060664741534765,1.1083436621407328
A4,f2,primary,12.5,1.09402881554218,1.0613896516705117,1.09327143517302,1.09327143517302,1.09327143517302,1.094974658370958
A4,f2,primary,13.0,1.07558135310986,1.0801773273442925,1.074506557064339,1.074506557064339,1.074506557064339,1.0755619608347122
A4,f2,primary,13.5,1.07464536597962,1.0608398194875857,1.0741698535408277,1.0741698535408277,1.0741698535408277,1.0750014797993106
A4,f2,primary,14.0,1.06842269223103,1.0734022281116768,1.0673130097493353,1.0673130097493353,1.0673130097493353,1.0681402559954791
A4,f2,primary,14.5,1.07019523732101,1.0530348010384347,1.06971545318186,1.06971545318186,1.06971545318186,1.0709177690078444
A4,f2,primary,15.0,1.06463336668671,1.099782391833758,1.0642880122976288,1.0642880122976288,1.0642880122976288,1.0657157043757841
A4,f2,primary,15.5,1.06964021771523,1.0638165214179347,1.0692013291921976,1.0692013291921976,1.0692013291921976,1.0705211783925455
A4,f2,primary,16.0,1.07336168508907,1.0673462521238006,1.0725183537160492,1.0725183537160492,1.0725183537160492,1.073442987815482
A4,f2,primary,16.5,1.08116456645392,1.0794529551989756,1.0804392157418024,1.0804392157418024,1.0804392157418024,1.0812865805977434
A4,f2,primary,17.0,1.07479293823138,1.100527481609471,1.073658516312087,1.073658516312087,1.073658516312087,1.07457851235478
A4,f2,primary,17.5,1.07755560212399,1.0341987293826422,1.0766604833815157,1.0766604833815157,1.0766604833815157,1.077672279481556
A4,f2,primary,18.0,1.07224489689054,1.0894023569249989,1.0713492182997608,1.0713492182997608,1.0713492182997608,1.0723628684722488
A4,f2,primary,18.5,1.07558040626552,1.0648610646078558,1.0750400222094434,1.0750400222094434,1.0750400222094434,1.0761218477883019
A4,f2,primary,19.0,1.06149769184443,1.07726246163586,1.0606082707260733,1.0606082707260733,1.0606082707260733,1.0617396170911007
A4,f2,primary,19.5,1.06617593558303,1.0449782865035948,1.0656765636372556,1.0656765636372556,1.0656765636372556,1.0665131043350216
A4,f2,primary,20.0,1.06980436217135,1.0997474363069688,1.068989409374011,1.068989409374011,1.068989409374011,1.069632892437837
A4,f2,primary,20.5,1.07696784177221,1.0744822162160723,1.0765790592759732,1.0765790592759732,1.0765790592759732,1.07714234192221
A4,f2,primary,21.0,1.06665301612989,1.0720429608293742,1.0656487063166649,1.0656487063166649,1.0656487063166649,1.0664802490649317
A4,f2,primary,21.5,1.06392977661164,1.045837196662932,1.0632954795985186,1.0632954795985186,1.0632954795985186,1.0641759406534124
A4,f2,primary,22.0,1.06377941904782,1.0535401835197713,1.0630953160074774,1.0630953160074774,1.0630953160074774,1.0639058595625273
A4,f2,primary,22.5,1.06726959537106,1.0644592532674169,1.0664254455451958,1.0664254455451958,1.0664254455451958,1.067023520966363
A4,f2,primary,23.0,1.06416375818258,1.0711287311145952,1.0634600487638104,1.0634600487638104,1.0634600487638104,1.0640332201833964
A4,f2,primary,23.5,1.06472779843764,1.0524756825217159,1.0641729096648311,1.0641729096648311,1.0641729096648311,1.0646458675913635
A4,f2,primary,24.0,1.06485469010503,1.085407014498472,1.064137568055027,1.064137568055027,1.064137568055027,1.0644766570483628
A4,f2,primary,24.5,1.06862725640267,1.063981090281028,1.0681233449980712,1.0681233449980712,1.0681233449980712,1.068411883031483
A4,f2,primary,25.0,1.06210862488132,1.0772405063701818,1.0614387066333772,1.0614387066333772,1.0614387066333772,1.0618259033392075
A4,f2,primary,25.5,1.06526779330064,1.0455634573647197,1.0646808533087286,1.0646808533087286,1.0646808533087286,1.0651961729779065
A4,f2,primary,26.0,1.06293771187496,1.0755182940896115,1.0618112191953741,1.0618112191953741,1.0618112191953741,1.0624793435820212
A4,f2,primary,26.5,1.06680010437371,1.042136535534938,1.0661458395427104,1.0661458395427104,1.0661458395427104,1.06687806277165
A4,f2,primary,27.0,1.06018716307394,1.0781523211799342,1.0593869262188402,1.0593869262188402,1.0593869262188402,1.0602582844437656
A4,f2,primary,27.5,1.06437965460739,1.0469321313145987,1.063949822109061,1.063949822109061,1.063949822109061,1.0646291580728164
A4,f2,primary,28.0,1.06404178280387,1.0766802194877612,1.0634457087524516,1.0634457087524516,1.0634457087524516,1.0639762901046343
A4,f2,primary,28.5,1.06818010510784,1.0753023814134468,1.0675659764937226,1.0675659764937226,1.0675659764937226,1.068078901548677
A4,f2,primary,29.0,1.06297200204556,1.0666904648646254,1.0623814538396141,1.0623814538396141,1.0623814538396141,1.0629687470818698
A4,f2,primary,29.5,1.06096373532107,1.047991089366572,1.0602531575154555,1.0602531575154555,1.0602531575154555,1.0606342315789197
A4,f2,primary,30.0,1.05956749068976,1.0540059169057052,1.0592881826811194,1.0592881826811194,1.0592881826811194,1.059721246279317
A4,f2,secondary,0.0,0.0,,0.0,0.0,0.0,0.0
A4,f2,secondary,0.5,0.0,0.0,0.0,0.0,0.0,0.0
A4,f2,secondary,1.0,2.7472210918667e-17,0.0,0.0,0.0,0.0,0.0
A4,f2,secondary,1.5,0.0,0.0,0.0,0.0,0.0,0.0
A4,f2,secondary,2.0,3.81286160899841e-05,0.0,3.851630031620198e-05,3.851630031620198e-05,3.851630031620198e-05,3.8762974466307924e-05
A4,f2,secondary,2.5,0.0021760090099925,0.0,0.0020943816122646606,0.0020943816122646606,0.0020943816122646606,0.0021076231427834035
A4,f2,secondary,3.0,0.0323202151746263,0.004290221207493801,0.031976860015423346,0.031976860015423346,0.031976860015423346,0.03214326198581441
A4,f2,secondary,3.5,0.162865451016729,0.09830224163724964,0.16196417026295173,0.16196417026295173,0.16196417026295173,0.1624829774535753
A4,f2,secondary,4.0,0.459237898145568,0.4073247589567204,0.4583932771871269,0.4583932771871269,0.4583932771871269,0.459799722354486
A4,f2,secondary,4.5,0.897904134865969,0.8855509840540466,0.8973672788061711,0.8973672788061711,0.8973672788061711,0.8998063763959633
A4,f2,secondary,5.0,1.33189886550804,1.4169878156225029,1.3318508870188637,1.3318508870188637,1.3318508870188637,1.335677473998572
A4,f2,secondary,5.5,1.59738503442967,1.6905558058356382,1.5972321337673971,1.5972321337673971,1.5972321337673971,1.6013610523562138
A4,f2,secondary,6.0,1.64485397062381,1.6649404136319457,1.6445751777943889,1.6445751777943889,1.6445751777943889,1.6483674894800104
A4,f2,secondary,6.5,1.51095945110238,1.5814027645348465,1.510397257401147,1.510397257401147,1.510397257401147,1.5136122865279804
A4,f2,secondary,7.0,1.30397286066919,1.2518524822351909,1.3031376659798684,1.3031376659798684,1.3031376659798684,1.3054632103014105
A4,f2,secondary,7.5,1.12198838000561,1.092257837689315,1.1209809714359191,1.1209809714359191,1.1209809714359191,1.122301888404851
A4,f2,secondary,8.0,1.02795801853193,1.0152803211995804,1.0272224633217715,1.0272224633217715,1.0272224633217715,1.0284225996072713
A4,f2,secondary,8.5,0.991331978549373,0.9854329091348971,0.9907708307121474,0.9907708307121474,0.9907708307121474,0.9930197627413806
A4,f2,secondary,9.0,0.994703443636562,0.9645557094731635,0.9938212959178185,0.9938212959178185,0.9938212959178185,0.9964636418040982
A4,f2,secondary,9.5,1.03410658747861,1.0355160730884203,1.0333886337241682,1.0333886337241682,1.0333886337241682,1.035524457133697
A4,f2,secondary,10.0,1.0903808755813,1.0989627695474218,1.0897932645984942,1.0897932645984942,1.0897932645984942,1.0911761065200989
A4,f2,secondary,10.5,1.13111537035945,1.1407836595129046,1.1305835843181122,1.1305835843181122,1.1305835843181122,1.1316754934656887
A4,f2,secondary,11.0,1.14988557926103,1.1534125977830556,1.1493121105331663,1.1493121105331663,1.1493121105331663,1.1512300734409033
A4,f2,secondary,11.5,1.15180004233369,1.152618795792896,1.151056447991306,1.151056447991306,1.151056447991306,1.1537121073137002
A4,f2,secondary,12.0,1.1459370293143,1.139932835288344,1.1452023491191525,1.1452023491191525,1.1452023491191525,1.1476640364358754
A4,f2,secondary,12.5,1.1354456789448,1.1396321974976968,1.1348074800347852,1.1348074800347852,1.1348074800347852,1.1366513331089867
A4,f2,secondary,13.0,1.11925839816334,1.1207936151574662,1.1185515010074365,1.1185515010074365,1.1185515010074365,1.120082665535712
A4,f2,secondary,13.5,1.10281148810482,1.1003623528084665,1.1021469989831778,1.1021469989831778,1.1021469989831778,1.1034915211366794
A4,f2,secondary,14.0,1.09239798946809,1.0922454246550888,1.0916192351513838,1.0916192351513838,1.0916192351513838,1.0933501080885204
A4,f2,secondary,14.5,1.08677070078413,1.0889122408332383,1.0861291175409138,1.0861291175409138,1.0861291175409138,1.088460073215434
A4,f2,secondary,15.0,1.08275611198382,1.0691644060047072,1.0820606860329498,1.0820606860329498,1.0820606860329498,1.0840666617118113
A4,f2,secondary,15.5,1.08708776432817,1.087319490127386,1.0864005872039557,1.0864005872039557,1.0864005872039557,1.0875177483958458
A4,f2,secondary,16.0,1.09831924512674,1.102100716931641,1.0976945323403138,1.0976945323403138,1.0976945323403138,1.098673829341532
A4,f2,secondary,16.5,1.10878227528968,1.0997191299293707,1.1082202282113685,1.1082202282113685,1.1082202282113685,1.1094097325503274
A4,f2,secondary,17.0,1.110241817578,1.1222791225940616,1.1095473289081863,1.1095473289081863,1.1095473289081863,1.111149076257247
A4,f2,secondary,17.5,1.10768436113325,1.1073555493075047,1.107090978921301,1.107090978921301,1.107090978921301,1.1088405637871266
A4,f2,secondary,18.0,1.10480253920713,1.0967917201739554,1.1042020028371122,1.1042020028371122,1.1042020028371122,1.105818896840977
A4,f2,secondary,18.5,1.1017507868719,1.1119181140696222,1.101071993485417,1.101071993485417,1.101071993485417,1.1022936526635199
A4,f2,secondary,19.0,1.09666615382896,1.0946664188893618,1.0959990623241487,1.0959990623241487,1.0959990623241487,1.0972049532778663
A4,f2,secondary,19.5,1.09005502799419,1.08622252855802,1.08936644667328,1.08936644667328,1.08936644667328,1.090649424242795
A4,f2,secondary,20.0,1.09172512329279,1.0838066725837052,1.0910778704862003,1.0910778704862003,1.0910778704862003,1.0922374639354082
A4,f2,secondary,20.5,1.09286219509839,1.10676220272403,1.0921645876354444,1.0921645876354444,1.0921645876354444,1.0932795590323525
A4,f2,secondary,21.0,1.09418302920695,1.0820065810867867,1.0935332087970835,1.0935332087970835,1.0935332087970835,1.0945741478969897
A4,f2,secondary,21.5,1.09132094414736,1.0960394014620511,1.0906987615089179,1.0906987615089179,1.0906987615089179,1.0916958473947358
A4,f2,secondary,22.0,1.0920949226065,1.087534077324132,1.091496740482469,1.091496740482469,1.091496740482469,1.0925116030471997
A4,f2,secondary,22.5,1.08823214440436,1.094388284347791,1.0874931656761115,1.0874931656761115,1.0874931656761115,1.088797564892152
A4,f2,secondary,23.0,1.09218184172493,1.073568310040803,1.091549554900941,1.091549554900941,1.091549554900941,1.0931225434061658
A4,f2,secondary,23.5,1.09697820716932,1.1128195127971134,1.0963565885952362,1.0963565885952362,1.0963565885952362,1.0978172296883
A4,f2,secondary,24.0,1.09737078280582,1.097388963793334,1.0967853994137808,1.0967853994137808,1.0967853994137808,1.0979011646874177
A4,f2,secondary,24.5,1.08824255915537,1.0846476427117335,1.0875381860135713,1.0875381860135713,1.0875381860135713,1.088499280626798
A4,f2,secondary,25.0,1.08618412661262,1.0827322839978988,1.085534817131819,1.085534817131819,1.085534817131819,1.0865294688630485
A4,f2,secondary,25.5,1.08894657795419,1.091366503051711,1.0882653069335233,1.0882653069335233,1.0882653069335233,1.0892559553888437
A4,f2,secondary,26.0,1.09124102986014,1.0889633490804531,1.090655253200807,1.090655253200807,1.090655253200807,1.0916174233057037
A4,f2,secondary,26.5,1.08976010838774,1.0906160572619004,1.089072290933299,1.089072290933299,1.089072290933299,1.089940509291328
A4,f2,secondary,27.0,1.08931009444659,1.0855026141088515,1.0886110418799022,1.0886110418799022,1.0886110418799022,1.0895304654259979
A4,f2,secondary,27.5,1.08953142464922,1.0902131836339999,1.0888756890695905,1.0888756890695905,1.0888756890695905,1.0897179805425978
A4,f2,secondary,28.0,1.09026552398357,1.0873018658018474,1.0895208617570455,1.0895208617570455,1.0895208617570455,1.0903085841589006
A4,f2,secondary,28.5,1.092216196257,1.08850775095621,1.091562398136917,1.091562398136917,1.091562398136917,1.0924810952604151
A4,f2,secondary,29.0,1.09203881055148,1.0998600717131717,1.0913508325301873,1.0913508325301873,1.0913508325301873,1.0924097213960606
A4,f2,secondary,29.5,1.09136120692726,1.080162244564051,1.0906935041308807,1.0906935041308807,1.0906935041308807,1.0916625159615998
A4,f2,secondary,30.0,1.08683026438649,1.0979480233349768,1.086697599554342,1.086697599554342,1.086697599554342,1.087435668742713
A4,p1,primary,0.0,0.0,,0.0,0.0,0.0,0.0
A4,p1,primary,0.5,2.72867111558526e-17,0.0,0.0,0.0,0.0,0.0
A4,p1,primary,1.0,7.20679076194014e-06,0.0,2.0500084519607883e-06,2.0500084519607883e-06,2.0500084519607883e-06,2.0547673808487156e-06
A4,p1,primary,1.5,0.0025151616120641,0.0,0.002511938134123578,0.002511938134123578,0.002511938134123578,0.0025177680605380022
A4,p1,primary,2.0,0.0138177790483352,0.008258687663994653,0.013712766795844667,0.013712766795844667,0.013712766795844667,0.013669644042971758
A4,p1,primary,2.5,0.0739750383372872,0.05105470654208223,0.0738304373821004,0.0738304373821004,0.0738304373821004,0.0736326647164442
A4,p1,primary,3.0,0.204290786660636,0.19716829339269962,0.20429772535328083,0.20429772535328083,0.20429772535328083,0.20411153119495734
A4,p1,primary,3.5,0.458949670734203,0.40354446170208325,0.4589955307193301,0.4589955307193301,0.4589955307193301,0.45913314237977937
A4,p1,primary,4.0,0.809734566043659,0.859273129590071,0.8100555280319599,0.8100555280319599,0.8100555280319599,0.8104300085698913
A4,p1,primary,4.5,1.13298442661147,1.1384842793438439,1.1331888535954289,1.1331888535954289,1.1331888535954289,1.1336423166863514
A4,p1,primary,5.0,1.31851185150391,1.365635702473766,1.3189571116114045,1.3189571116114045,1.3189571116114045,1.3195555166340927
A4,p1,primary,5.5,1.40117647048256,1.4162737270885222,1.4011740910919097,1.4011740910919097,1.4011740910919097,1.4018972013372826
A4,p1,primary,6.0,1.3586522963846,1.3798958874447358,1.3594467764040563,1.3594467764040563,1.3594467764040563,1.3602796125738803
A4,p1,primary,6.5,1.21505626403958,1.2454912349414664,1.215501939432807,1.215501939432807,1.215501939432807,1.2162107134533235
A4,p1,primary,7.0,1.03885248844152,1.0361974424683758,1.0392135182923903,1.0392135182923903,1.0392135182923903,1.0396224975418515
A4,p1,primary,7.5,0.940617330087217,0.8788279559769163,0.9410947939428771,0.9410947939428771,0.9410947939428771,0.9414807049648708
A4,p1,primary,8.0,0.904385278243271,0.9224990015052518,0.9044496202782694,0.9044496202782694,0.9044496202782694,0.904760109603291
A4,p1,primary,8.5,0.916751568439777,0.9024327662379864,0.916997425032986,0.916997425032986,0.916997425032986,0.9170412735354246
A4,p1,primary,9.0,0.941670326558544,0.9422518608092779,0.94153431309336,0.94153431309336,0.94153431309336,0.941703627346321
A4,p1,primary,9.5,1.00139892771939,0.9620443119932782,1.0017945225560925,1.0017945225560925,1.0017945225560925,1.0020656372108412
A4,p1,primary,10.0,1.05044679344906,1.111892824037774,1.050809331519032,1.050809331519032,1.050809331519032,1.0510274066291792
A4,p1,primary,10.5,1.08237935519651,1.0495813112675942,1.0828745412428313,1.0828745412428313,1.0828745412428313,1.0831283272436534
A4,p1,primary,11.0,1.07345786147541,1.1027225130125775,1.0741450037341855,1.0741450037341855,1.0741450037341855,1.0745605974716852
A4,p1,primary,11.5,1.07174314111022,1.060525419543761,1.0723628562059087,1.0723628562059087,1.0723628562059087,1.072746244396848
A4,p1,primary,12.0,1.06064186983028,1.0973582234100505,1.060886121879204,1.060886121879204,1.060886121879204,1.0609544262028003
A4,p1,primary,12.5,1.03987076589729,1.011187696874318,1.0399579116387312,1.0399579116387312,1.0399579116387312,1.0396352948130467
A4,p1,primary,13.0,1.00898826042437,0.9949966333202102,1.0092377444284721,1.0092377444284721,1.0092377444284721,1.009019840616043
A4,p1,primary,13.5,1.00507182391759,0.9998791793051762,1.0052026820441113,1.0052026820441113,1.0052026820441113,1.0052426293204924
A4,p1,primary,14.0,1.01507547281869,1.020467105733861,1.015291078794751,1.015291078794751,1.015291078794751,1.0155579917691842
A4,p1,primary,14.5,1.0209978165869,1.0095531790413073,1.0214034715864457,1.0214034715864457,1.0214034715864457,1.0216505428073248
A4,p1,primary,15.0,1.01346191156521,1.0509620563325504,1.0137630121048133,1.0137630121048133,1.0137630121048133,1.0136994046323358
A4,p1,primary,15.5,1.02080544982774,1.0097885174129875,1.021265259302949,1.021265259302949,1.021265259302949,1.0211177408896537
A4,p1,primary,16.0,1.03306362122106,1.0259317443498137,1.0335423646823378,1.0335423646823378,1.0335423646823378,1.033600014683017
A4,p1,primary,16.5,1.03873042614759,1.0439711809439638,1.038772536392168,1.038772536392168,1.038772536392168,1.0388049820291725
A4,p1,primary,17.0,1.030420509227,1.052093053874411,1.0304280220162112,1.0304280220162112,1.0304280220162112,1.030384396045827
A4,p1,primary,17.5,1.03324589952684,0.9957684624460995,1.0332615068263353,1.0332615068263353,1.0332615068263353,1.0332817603957964
A4,p1,primary,18.0,1.03236803378403,1.0429621011087544,1.0325726504370318,1.0325726504370318,1.0325726504370318,1.0326146710960535
A4,p1,primary,18.5,1.03339356376345,1.0298716134266475,1.0337882487282017,1.0337882487282017,1.0337882487282017,1.0336249925967007
A4,p1,primary,19.0,1.0185044929238,1.0304987290163112,1.0187620568391347,1.0187620568391347,1.0187620568391347,1.0184488304887962
A4,p1,primary,19.5,1.02251511200894,1.00187874852251,1.0228518352415668,1.0228518352415668,1.0228518352415668,1.0225157633614756
A4,p1,primary,20.0,1.02751358029392,1.0649616013911773,1.0279182722591502,1.0279182722591502,1.0279182722591502,1.0276384707337893
A4,p1,primary,20.5,1.02929436228864,1.0229641972589087,1.0297172785012998,1.0297172785012998,1.0297172785012998,1.0294751503234867
A4,p1,primary,21.0,1.02009050896939,1.0142567797729771,1.020377455329041,1.020377455329041,1.020377455329041,1.0201840742995296
A4,p1,primary,21.5,1.0257167689115,1.008449082520528,1.0257917735508808,1.0257917735508808,1.0257917735508808,1.0256263850028369
A4,p1,primary,22.0,1.02860722568541,1.0327225449771051,1.0286337322152959,1.0286337322152959,1.0286337322152959,1.028636735494851
A4,p1,primary,22.5,1.0251593295432,1.0212720712351717,1.0251825060937638,1.0251825060937638,1.0251825060937638,1.0252717906242605
A4,p1,primary,23.0,1.01731729119028,1.014112874349521,1.0176939472084163,1.0176939472084163,1.0176939472084163,1.017670583621425
A4,p1,primary,23.5,1.02236752807805,1.0176967410593538,1.0227134515724707,1.0227134515724707,1.0227134515724707,1.0224508904207494
A4,p1,primary,24.0,1.03013374051349,1.0555091094146152,1.0306589090069818,1.0306589090069818,1.0306589090069818,1.0303275394619305
A4,p1,primary,24.5,1.03330792699385,1.025774566222082,1.0337858127543385,1.0337858127543385,1.0337858127543385,1.0334655929529035
A4,p1,primary,25.0,1.02110892344276,1.0367658499812975,1.0212979276547907,1.0212979276547907,1.0212979276547907,1.021003066939905
A4,p1,primary,25.5,1.02024685895058,1.0060855774948612,1.0204780798504953,1.0204780798504953,1.0204780798504953,1.0203369013764043
A4,p1,primary,26.0,1.02336661837194,1.0296738349402734,1.023527008826516,1.023527008826516,1.023527008826516,1.023478739600387
A4,p1,primary,26.5,1.02645079687262,1.0117433636648343,1.0266987290173157,1.0266987290173157,1.0266987290173157,1.0266443842427213
A4,p1,primary,27.0,1.01679867205908,1.0246800424052027,1.0169335958620862,1.0169335958620862,1.0169335958620862,1.0167937721363538
A4,p1,primary,27.5,1.02344772541958,1.0135415015890914,1.0237583587812955,1.0237583587812955,1.0237583587812955,1.023609509404479
A4,p1,primary,28.0,1.03025733239252,1.0425465034654953,1.030866939987686,1.030866939987686,1.030866939987686,1.0306083512251134
A4,p1,primary,28.5,1.03008819772358,1.0334778122350086,1.0304059198742632,1.0304059198742632,1.0304059198742632,1.0300882486021172
A4,p1,primary,29.0,1.02109293773265,1.0294906462231153,1.0213388945988535,1.0213388945988535,1.0213388945988535,1.0212351284986358
A4,p1,primary,29.5,1.02309096870411,1.0058221387505082,1.0233163855118907,1.0233163855118907,1.0233163855118907,1.0233468212068393
A4,p1,primary,30.0,1.02536258437824,1.0321170175156449,1.0264170471364327,1.0264170471364327,1.0264170471364327,1.026309926469239
A4,p1,secondary,0.0,0.0,,0.0,0.0,0.0,0.0
A4,p1,secondary,0.5,1.2017732347390199e-16,0.0,0.0,0.0,0.0,0.0
A4,p1,secondary,1.0,8.28596014901509e-17,0.0,0.0,0.0,0.0,0.0
A4,p1,secondary,1.5,3.37883265056038e-16,0.0,0.0,0.0,0.0,0.0
A4,p1,secondary,2.0,8.85000086421272e-06,0.0,1.6894344252220388e-06,1.6894344252220388e-06,1.6894344252220388e-06,1.6930149526901571e-06
A4,p1,secondary,2.5,0.0014556470949778,0.0,0.0014176014865377186,0.0014176014865377186,0.0014176014865377186,0.0014206107407200032
A4,p1,secondary,3.0,0.0257290250955523,0.006661251616580395,0.025611540527845967,0.025611540527845967,0.025611540527845967,0.025665922448119053
A4,p1,secondary,3.5,0.135761370674242,0.09641903605392581,0.1353100832345769,0.1353100832345769,0.1353100832345769,0.13545752040670164
A4,p1,secondary,4.0,0.421507787250215,0.36424173856754133,0.421088777671377,0.421088777671377,0.421088777671377,0.4211893145174544
A4,p1,secondary,4.5,0.889992534359134,0.8771494384156205,0.890213393633888,0.890213393633888,0.890213393633888,0.890277531817949
A4,p1,secondary,5.0,1.37739649767813,1.4671713557891275,1.3783554327716263,1.3783554327716263,1.3783554327716263,1.3784199395378307
A4,p1,secondary,5.5,1.64460820188418,1.7240306545280284,1.6461746976973393,1.6461746976973393,1.6461746976973393,1.6466350943130927
A4,p1,secondary,6.0,1.60004966109066,1.6562306698001954,1.6012286038982664,1.6012286038982664,1.6012286038982664,1.6023297003439385
A4,p1,secondary,6.5,1.36638642044404,1.3610998122621716,1.3668370018314882,1.3668370018314882,1.3668370018314882,1.3681754715013654
A4,p1,secondary,7.0,1.112807626201,1.0758550555681565,1.112984078603493,1.112984078603493,1.112984078603493,1.1136806128513128
A4,p1,secondary,7.5,0.936736306364851,0.9240561457944823,0.9366711001464293,0.9366711001464293,0.9366711001464293,0.9368047532570417
A4,p1,secondary,8.0,0.847005115322647,0.8285466197387303,0.8469478385320725,0.8469478385320725,0.8469478385320725,0.8470767682916888
A4,p1,secondary,8.5,0.83585078576795,0.8099298080792697,0.8360326535832143,0.8360326535832143,0.8360326535832143,0.836391077985509
A4,p1,secondary,9.0,0.889431226525157,0.8839370140277042,0.8896582706707203,0.8896582706707203,0.8896582706707203,0.8898988516071799
A4,p1,secondary,9.5,0.965141842474774,0.9769672191501374,0.9655041882996519,0.9655041882996519,0.9655041882996519,0.9656771836303327
A4,p1,secondary,10.0,1.02999706556595,1.0328322029306487,1.0304361323121995,1.0304361323121995,1.0304361323121995,1.0307969434042934
A4,p1,secondary,10.5,1.06985285139207,1.079335180794213,1.0702424749297499,1.0702424749297499,1.0702424749297499,1.0704658215343092
A4,p1,secondary,11.0,1.09178232089728,1.0950488462054253,1.0921422555218252,1.0921422555218252,1.0921422555218252,1.0923053032024959
A4,p1,secondary,11.5,1.09798189291485,1.1029370147973996,1.0984552305507835,1.0984552305507835,1.0984552305507835,1.0988740403561739
A4,p1,secondary,12.0,1.07936017869653,1.0888243537340478,1.079744096815029,1.079744096815029,1.079744096815029,1.0796974946210554
A4,p1,secondary,12.5,1.04668537426333,1.042330229713904,1.0469795287259114,1.0469795287259114,1.0469795287259114,1.046615345248947
A4,p1,secondary,13.0,1.0098899200009,1.0101855791113696,1.0100932236479518,1.0100932236479518,1.0100932236479518,1.0099485475518832
A4,p1,secondary,13.5,0.987648633637699,0.9742705535951239,0.9878337970469315,0.9878337970469315,0.9878337970469315,0.9880129700095025
A4,p1,secondary,14.0,0.989812771887448,0.9862121396123784,0.9901143848281322,0.9901143848281322,0.9901143848281322,0.9902981732534952
A4,p1,secondary,14.5,1.00114056755804,1.0132302698982358,1.0014096359871618,1.0014096359871618,1.0014096359871618,1.001715904694011
A4,p1,secondary,15.0,1.00645206937589,1.0022593004736517,1.0067854611290927,1.0067854611290927,1.0067854611290927,1.0068690982174826
A4,p1,secondary,15.5,1.00595838499583,1.0052230013299714,1.0062054202639816,1.0062054202639816,1.0062054202639816,1.006109851657413
A4,p1,secondary,16.0,1.01448647483119,1.0140863303796304,1.014803929312288,1.014803929312288,1.014803929312288,1.01456499980923
A4,p1,secondary,16.5,1.02798283067515,1.0243160421342739,1.0282961882574708,1.0282961882574708,1.0282961882574708,1.0280887863569224
A4,p1,secondary,17.0,1.03753529898587,1.0480999108529088,1.0379064201299606,1.0379064201299606,1.0379064201299606,1.0378826636979956
A4,p1,secondary,17.5,1.03874533840081,1.0424065153113495,1.0390940185726842,1.0390940185726842,1.0390940185726842,1.0395523440283456
A4,p1,secondary,18.0,1.02642689907917,1.0260672601939942,1.0267245921197519,1.0267245921197519,1.0267245921197519,1.0273042045265082
A4,p1,secondary,18.5,1.020785701528,1.0128394524163127,1.021073296283571,1.021073296283571,1.021073296283571,1.0212107240750659
A4,p1,secondary,19.0,1.01634031361443,1.024121091433513,1.0165943226449083,1.0165943226449083,1.0165943226449083,1.0164085013843462
A4,p1,secondary,19.5,1.01350142969458,1.0044088452234268,1.0137938827475852,1.0137938827475852,1.0137938827475852,1.0135887549942735
A4,p1,secondary,20.0,1.01197152807778,1.0205111384315875,1.0122411514035228,1.0122411514035228,1.0122411514035228,1.012176054428688
A4,p1,secondary,20.5,1.00817120273401,1.0043620261767081,1.0084125654224798,1.0084125654224798,1.0084125654224798,1.008458515950515
A4,p1,secondary,21.0,1.01059772034974,1.00570392344844,1.0108927969203716,1.0108927969203716,1.0108927969203716,1.0109383763549946
A4,p1,secondary,21.5,1.02176262372457,1.0263136461779223,1.022069475484889,1.022069475484889,1.022069475484889,1.0218128554737345
A4,p1,secondary,22.0,1.02511650438418,1.0325716503525932,1.0254684518938117,1.0254684518938117,1.0254684518938117,1.0252903247008631
A4,p1,secondary,22.5,1.0175658410898,1.014797733089876,1.0178860402502965,1.0178860402502965,1.0178860402502965,1.0181987922107958
A4,p1,secondary,23.0,1.01472820344519,1.010823017222059,1.0150233744835067,1.0150233744835067,1.0150233744835067,1.0154074168144624
A4,p1,secondary,23.5,1.01857245032824,1.0267997251849068,1.0188717057145142,1.0188717057145142,1.0188717057145142,1.0190784361596552
A4,p1,secondary,24.0,1.02052464512715,1.0116259399398533,1.0207780834443774,1.0207780834443774,1.0207780834443774,1.020767103113641
A4,p1,secondary,24.5,1.01879434997137,1.0232571482102675,1.0190338598356374,1.0190338598356374,1.0190338598356374,1.0189439242713998
A4,p1,secondary,25.0,1.01873722468004,1.0163496693288863,1.0190507080765305,1.0190507080765305,1.0190507080765305,1.0192039171733518
A4,p1,secondary,25.5,1.01421475812226,1.0189454216466132,1.014463937030872,1.014463937030872,1.014463937030872,1.0147480951120482
A4,p1,secondary,26.0,1.01375193549363,1.006292710279389,1.014038912924152,1.014038912924152,1.014038912924152,1.014431673159169
A4,p1,secondary,26.5,1.0130036772936,1.0213875786585729,1.0132658356274202,1.0132658356274202,1.0132658356274202,1.0134717748940814
A4,p1,secondary,27.0,1.01620844807264,1.010377324452485,1.0164998497441946,1.0164998497441946,1.0164998497441946,1.0167128373676633
A4,p1,secondary,27.5,1.01986992146947,1.0229083063928255,1.0201884396254772,1.0201884396254772,1.0201884396254772,1.020365318035026
A4,p1,secondary,28.0,1.02203959707088,1.024617997141474,1.0223482202721508,1.0223482202721508,1.0223482202721508,1.0223968121732943
A4,p1,secondary,28.5,1.02139289652263,1.0177252818668026,1.021707939167232,1.021707939167232,1.021707939167232,1.021629418936327
A4,p1,secondary,29.0,1.01927585232983,1.023844149634802,1.0195775622092227,1.0195775622092227,1.0195775622092227,1.0195875704973505
A4,p1,secondary,29.5,1.01609185814789,1.0125185593423798,1.0163559164149123,1.0163559164149123,1.0163559164149123,1.0165573946967752
A4,p1,secondary,30.0,1.01597231830806,1.0151400521837233,1.0171520765642308,1.0171520765642308,1.0171520765642308,1.0173075256002957
A4,p2,primary,0.0,0.0,,0.0,0.0,0.0,0.0
A4,p2,primary,0.5,3.50912287381198e-17,0.0,0.0,0.0,0.0,0.0
A4,p2,primary,1.0,6.39734970576869e-06,0.0,0.0,0.0,0.0,0.0
A4,p2,primary,1.5,0.0023871527274993,0.0,0.002386680202774551,0.002386680202774551,0.002386680202774551,0.002413888869813524
A4,p2,primary,2.0,0.0149112212297755,0.00980885262262827,0.014807137550764616,0.014807137550764616,0.014807137550764616,0.014940121257560134
A4,p2,primary,2.5,0.0747540198428314,0.054398843885469304,0.0745135848420709,0.0745135848420709,0.0745135848420709,0.07483921976709605
A4,p2,primary,3.0,0.21266861293815,0.1928177630061633,0.21250854870576777,0.21250854870576777,0.21250854870576777,0.21309658682369947
A4,p2,primary,3.5,0.485108265206829,0.4377426706120075,0.4847199796652271,0.4847199796652271,0.4847199796652271,0.4858347961300786
A4,p2,primary,4.0,0.841637120477559,0.9005594972007165,0.8411511890603924,0.8411511890603924,0.8411511890603924,0.8425889469636165
A4,p2,primary,4.5,1.15258083045886,1.151945940627744,1.1516003552508252,1.1516003552508252,1.1516003552508252,1.1545134680869231
A4,p2,primary,5.0,1.32551472268825,1.3595182244591484,1.3245393319065075,1.3245393319065075,1.3245393319065075,1.330020670997461
A4,p2,primary,5.5,1.40431484263521,1.4354238208596335,1.4028504485199336,1.4028504485199336,1.4028504485199336,1.4093734824976665
A4,p2,primary,6.0,1.36164213658314,1.3744793395396009,1.3615577564877428,1.3615577564877428,1.3615577564877428,1.3670801805785662
A4,p2,primary,6.5,1.22310236918219,1.2525303736037599,1.2225405189830651,1.2225405189830651,1.2225405189830651,1.2264096892561487
A4,p2,primary,7.0,1.06202160594457,1.0622499049971086,1.0609526734734565,1.0609526734734565,1.0609526734734565,1.0642375689015668
A4,p2,primary,7.5,0.972192914410385,0.9021103517649289,0.9719062770772517,0.9719062770772517,0.9719062770772517,0.975265031586475
A4,p2,primary,8.0,0.943880243760434,0.9694150876757336,0.9429225589195163,0.9429225589195163,0.9429225589195163,0.946434668218627
A4,p2,primary,8.5,0.95904586194177,0.9441337650862147,0.9583109085474504,0.9583109085474504,0.9583109085474504,0.96167392943435
A4,p2,primary,9.0,0.979258101928474,0.9817482989137928,0.9781350436187386,0.9781350436187386,0.9781350436187386,0.9809952558742558
A4,p2,primary,9.5,1.03105573333956,0.9888544216717646,1.0302361932461663,1.0302361932461663,1.0302361932461663,1.0328869689080047
A4,p2,primary,10.0,1.07552511808027,1.1306661672994012,1.0749361481506032,1.0749361481506032,1.0749361481506032,1.077572167287899
A4,p2,primary,10.5,1.09926503748315,1.0754589079853736,1.0988849057627914,1.0988849057627914,1.0988849057627914,1.1015860862753157
A4,p2,primary,11.0,1.08120221188272,1.0961482648786,1.0809519460961552,1.0809519460961552,1.0809519460961552,1.0842792961175116
A4,p2,primary,11.5,1.07299097144923,1.0706268645134132,1.0726500142121647,1.0726500142121647,1.0726500142121647,1.0759931461603702
A4,p2,primary,12.0,1.06016563640957,1.08468731128792,1.0594490785093846,1.0594490785093846,1.0594490785093846,1.0627452179755834
A4,p2,primary,12.5,1.04788412689055,1.0220227754039855,1.047107779021791,1.047107779021791,1.047107779021791,1.0501590439502726
A4,p2,primary,13.0,1.03141068920508,1.0255156491108293,1.0305209614309643,1.0305209614309643,1.0305209614309643,1.0331716593642777
A4,p2,primary,13.5,1.03368083672506,1.0204706885118244,1.0327834304514825,1.0327834304514825,1.0327834304514825,1.0350976951749908
A4,p2,primary,14.0,1.0412871002992,1.0491830729130258,1.0405883101204703,1.0405883101204703,1.0405883101204703,1.043255978628166
A4,p2,primary,14.5,1.04660768439059,1.0313882655418147,1.0460369132304008,1.0460369132304008,1.0460369132304008,1.049022679319232
A4,p2,primary,15.0,1.03820556772519,1.0740975023453139,1.0373458085298437,1.0373458085298437,1.0373458085298437,1.0406953245301251
A4,p2,primary,15.5,1.04502334563145,1.0379014848070194,1.0445646427483033,1.0445646427483033,1.0445646427483033,1.0475622778590523
A4,p2,primary,16.0,1.04933012899391,1.0433991240573464,1.0490075224090614,1.0490075224090614,1.0490075224090614,1.0517358250736393
A4,p2,primary,16.5,1.04994211876483,1.045230459939171,1.0490071349880599,1.0490071349880599,1.0490071349880599,1.0519652830768431
A4,p2,primary,17.0,1.04031774266582,1.064971614715923,1.0391703071809772,1.0391703071809772,1.0391703071809772,1.0419414430071925
A4,p2,primary,17.5,1.04476691686349,1.0069869237749618,1.0437508302606642,1.0437508302606642,1.0437508302606642,1.0459072118218087
A4,p2,primary,18.0,1.04329237461636,1.0495428009103924,1.0422737675657858,1.0422737675657858,1.0422737675657858,1.0442034348245368
A4,p2,primary,18.5,1.0471201667607,1.044975691961953,1.0464430724254623,1.0464430724254623,1.0464430724254623,1.048628083556728
A4,p2,primary,19.0,1.03796351174576,1.050921010372758,1.0374507346480215,1.0374507346480215,1.0374507346480215,1.0397889251722585
A4,p2,primary,19.5,1.04147460900106,1.018518474793868,1.0408057283549195,1.0408057283549195,1.0408057283549195,1.0435605721391699
A4,p2,primary,20.0,1.04158872729038,1.0758495772318957,1.0409174499484317,1.0409174499484317,1.0409174499484317,1.0438435408759394
A4,p2,primary,20.5,1.04278889193643,1.035490691984244,1.0423626530705696,1.0423626530705696,1.0423626530705696,1.0451820194790968
A4,p2,primary,21.0,1.03410437173952,1.0288043786463197,1.0332060949759956,1.0332060949759956,1.0332060949759956,1.0361628696160134
A4,p2,primary,21.5,1.04195018521278,1.0264639667050939,1.0407427641408633,1.0407427641408633,1.0407427641408633,1.0438424672737439
A4,p2,primary,22.0,1.0478782770151,1.0495284689396842,1.047016448885201,1.047016448885201,1.047016448885201,1.0497936740868206
A4,p2,primary,22.5,1.04648342241646,1.0424552417017252,1.0457323855364296,1.0457323855364296,1.0457323855364296,1.0477985817800066
A4,p2,primary,23.0,1.04068823600465,1.0366945035781097,1.0400369443269826,1.0400369443269826,1.0400369443269826,1.0419600928416153
A4,p2,primary,23.5,1.04035787779482,1.038337228828714,1.039811978801139,1.039811978801139,1.039811978801139,1.041855335918049
A4,p2,primary,24.0,1.04117348207665,1.06193751971806,1.0407274135588187,1.0407274135588187,1.0407274135588187,1.043210913503511
A4,p2,primary,24.5,1.04285828739161,1.0321400656848814,1.0421420240708383,1.0421420240708383,1.0421420240708383,1.0450683749287757
A4,p2,primary,25.0,1.03733373181576,1.0504907268597001,1.036536709459307,1.036536709459307,1.036536709459307,1.0396414470230224
A4,p2,primary,25.5,1.04272789870024,1.0301110900674757,1.0420487820002267,1.0420487820002267,1.0420487820002267,1.0448472114999958
A4,p2,primary,26.0,1.04222732185601,1.0495927906403193,1.0413423811615499,1.0413423811615499,1.0413423811615499,1.0438634199120465
A4,p2,primary,26.5,1.04348906466574,1.018518011608054,1.0427367184750471,1.0427367184750471,1.0427367184750471,1.0451149773390596
A4,p2,primary,27.0,1.03749718928387,1.0566652118356652,1.036720807219755,1.036720807219755,1.036720807219755,1.0391426442169227
A4,p2,primary,27.5,1.04261874515257,1.0297119887446406,1.0419526299161614,1.0419526299161614,1.0419526299161614,1.04426260133093
A4,p2,primary,28.0,1.04295725438337,1.048645700997361,1.0424248417427946,1.0424248417427946,1.0424248417427946,1.0447841988360893
A4,p2,primary,28.5,1.04272704069488,1.05193748376344,1.042141523821479,1.042141523821479,1.042141523821479,1.0446219105837595
A4,p2,primary,29.0,1.03410125099471,1.0386453854244682,1.0335016686039902,1.0335016686039902,1.0335016686039902,1.036098418348268
A4,p2,primary,29.5,1.03558877566551,1.0155152511677878,1.0345641341791323,1.0345641341791323,1.0345641341791323,1.0371293868350997
A4,p2,primary,30.0,1.04194759495943,1.0445324161483087,1.041834809410053,1.041834809410053,1.041834809410053,1.044084835132212
A4,p2,secondary,0.0,0.0,,0.0,0.0,0.0,0.0
A4,p2,secondary,0.5,2.16947566612642e-17,0.0,0.0,0.0,0.0,0.0
A4,p2,secondary,1.0,2.45813896657109e-17,0.0,0.0,0.0,0.0,0.0
A4,p2,secondary,1.5,1.3078561224402899e-16,0.0,0.0,0.0,0.0,0.0
A4,p2,secondary,2.0,1.34552182679922e-16,0.0,0.0,0.0,0.0,0.0
A4,p2,secondary,2.5,0.0010780765261327,0.0,0.001013903332506563,0.001013903332506563,0.001013903332506563,0.001024369048145967
A4,p2,secondary,3.0,0.0297155267847246,0.003229528022530962,0.02925658194705063,0.02925658194705063,0.02925658194705063,0.02920442730306731
A4,p2,secondary,3.5,0.167916343757285,0.11240330364644381,0.16737390966733967,0.16737390966733967,0.16737390966733967,0.16792909950098034
A4,p2,secondary,4.0,0.490526509114301,0.44564603268137426,0.48948826394003553,0.48948826394003553,0.48948826394003553,0.49130552920235787
A4,p2,secondary,4.5,0.966979693249994,0.957111078978636,0.9664880434204076,0.9664880434204076,0.9664880434204076,0.97076957814972
A4,p2,secondary,5.0,1.4099711896889,1.4954510472888616,1.4098368504921523,1.4098368504921523,1.4098368504921523,1.4161122101470467
A4,p2,secondary,5.5,1.63203701487656,1.717827834449108,1.631934563568837,1.631934563568837,1.631934563568837,1.6386796394362078
A4,p2,secondary,6.0,1.58780571937282,1.6260558237548133,1.5876212403801802,1.5876212403801802,1.5876212403801802,1.5937481968751048
A4,p2,secondary,6.5,1.36598214475091,1.3785410294491907,1.365039839175002,1.365039839175002,1.365039839175002,1.3706011716200461
A4,p2,secondary,7.0,1.12381098228134,1.0835075091642237,1.122756755015879,1.122756755015879,1.122756755015879,1.127667954644944
A4,p2,secondary,7.5,0.967761136105068,0.9304708367323083,0.9666195439759867,0.9666195439759867,0.9666195439759867,0.9710313734851298
A4,p2,secondary,8.0,0.908947195406399,0.9090061988663447,0.9080022363642669,0.9080022363642669,0.9080022363642669,0.9119545055731781
A4,p2,secondary,8.5,0.906030450269471,0.8864658453306072,0.9053143376672578,0.9053143376672578,0.9053143376672578,0.9086192238816109
A4,p2,secondary,9.0,0.940576173130064,0.9300925285385946,0.9398261288658505,0.9398261288658505,0.9398261288658505,0.9433978077026959
A4,p2,secondary,9.5,1.00613965119948,1.0207590486669846,1.0054888257299408,1.0054888257299408,1.0054888257299408,1.0092418366687992
A4,p2,secondary,10.0,1.07196169767063,1.0652720612562538,1.0713978997543523,1.0713978997543523,1.0713978997543523,1.075433486779293
A4,p2,secondary,10.5,1.10583731777921,1.1231603875117133,1.105150854046051,1.105150854046051,1.105150854046051,1.1090381866558805
A4,p2,secondary,11.0,1.11021902678163,1.1115309495990262,1.1095561041809734,1.1095561041809734,1.1095561041809734,1.1135629310366095
A4,p2,secondary,11.5,1.09020974697939,1.0898788941161766,1.089498386754066,1.089498386754066,1.089498386754066,1.0936663465478456
A4,p2,secondary,12.0,1.06722568848452,1.066187710165806,1.0665404383124804,1.0665404383124804,1.0665404383124804,1.0705021816163127
A4,p2,secondary,12.5,1.04870028748083,1.0430777541609209,1.0480037262198125,1.0480037262198125,1.0480037262198125,1.0514806441620776
A4,p2,secondary,13.0,1.03790577768162,1.0371386799554798,1.0372545459050104,1.0372545459050104,1.0372545459050104,1.040141031976078
A4,p2,secondary,13.5,1.03413279465348,1.035254797698984,1.033439610340925,1.033439610340925,1.033439610340925,1.0361338143108432
A4,p2,secondary,14.0,1.03615892702954,1.0303103250967036,1.0355436251549486,1.0355436251549486,1.0355436251549486,1.0387219269142929
A4,p2,secondary,14.5,1.03883295243156,1.0434487177109946,1.0382099970775651,1.0382099970775651,1.0382099970775651,1.0416542633049728
A4,p2,secondary,15.0,1.04125390745548,1.0375444296988248,1.040592641483984,1.040592641483984,1.040592641483984,1.0444274224347052
A4,p2,secondary,15.5,1.04680503517867,1.0454160013098712,1.046126336124435,1.046126336124435,1.046126336124435,1.0499324232253886
A4,p2,secondary,16.0,1.05309550047444,1.0521015384760741,1.0523287218337414,1.0523287218337414,1.0523287218337414,1.0560247792229398
A4,p2,secondary,16.5,1.0559489960769,1.0565151518083924,1.055280945318842,1.055280945318842,1.055280945318842,1.05901664105781
A4,p2,secondary,17.0,1.05578097829802,1.055491616743423,1.0551384185229369,1.0551384185229369,1.0551384185229369,1.0586869012200888
A4,p2,secondary,17.5,1.05429674809138,1.0607840320308366,1.0535732528158108,1.0535732528158108,1.0535732528158108,1.0567307780640007
A4,p2,secondary,18.0,1.04827278309008,1.043822754070454,1.0476035806399846,1.0476035806399846,1.0476035806399846,1.0505032445686708
A4,p2,secondary,18.5,1.04080848904829,1.034094745848959,1.0400425633424992,1.0400425633424992,1.0400425633424992,1.04284256783618
A4,p2,secondary,19.0,1.04238856866772,1.0438010034901266,1.041715008401367,1.041715008401367,1.041715008401367,1.0445466588066061
A4,p2,secondary,19.5,1.04426400099203,1.04576362590063,1.043588424815079,1.043588424815079,1.043588424815079,1.0465615736127583
A4,p2,secondary,20.0,1.04161973795957,1.0392979103861693,1.040890225887725,1.040890225887725,1.040890225887725,1.0439211089669087
A4,p2,secondary,20.5,1.0402261452073,1.039627655161606,1.039492108675344,1.039492108675344,1.039492108675344,1.0425418974076588
A4,p2,secondary,21.0,1.04507876964233,1.044238791059788,1.0444531827927412,1.0444531827927412,1.0444531827927412,1.048102119898146
A4,p2,secondary,21.5,1.04968418007008,1.0460576409704898,1.0488847139636062,1.0488847139636062,1.0488847139636062,1.0531232860154278
A4,p2,secondary,22.0,1.05435889479869,1.0554910491022935,1.0536480970092537,1.0536480970092537,1.0536480970092537,1.0576837375105321
A4,p2,secondary,22.5,1.05081390096887,1.0572225624066094,1.0501184198569582,1.0501184198569582,1.0501184198569582,1.0528630209516154
A4,p2,secondary,23.0,1.04354816773938,1.0309207511297929,1.0428408089565546,1.0428408089565546,1.0428408089565546,1.0448765203544668
A4,p2,secondary,23.5,1.03803586002342,1.0491911505365716,1.037299682508681,1.037299682508681,1.037299682508681,1.039459178877872
A4,p2,secondary,24.0,1.04003977738312,1.0343560219328582,1.0394472616053352,1.0394472616053352,1.0394472616053352,1.0420349171239394
A4,p2,secondary,24.5,1.04061537723609,1.0394346658355957,1.0399308733957335,1.0399308733957335,1.0399308733957335,1.043095277612061
A4,p2,secondary,25.0,1.04636250119701,1.0425295259283494,1.045665628285538,1.045665628285538,1.045665628285538,1.049126101009871
A4,p2,secondary,25.5,1.04731023876636,1.0597025954510106,1.046596369486497,1.046596369486497,1.046596369486497,1.0499152237053533
A4,p2,secondary,26.0,1.04767462024144,1.0318093787645355,1.0470269994312678,1.0470269994312678,1.0470269994312678,1.0501959046508713
A4,p2,secondary,26.5,1.04481407081084,1.0508071019506209,1.0440621627021138,1.0440621627021138,1.0440621627021138,1.0471747172713366
A4,p2,secondary,27.0,1.04234158477228,1.0426688578398682,1.0416828667504752,1.0416828667504752,1.0416828667504752,1.0447818876258743
A4,p2,secondary,27.5,1.04001129771798,1.0342756348284163,1.0392707384942328,1.0392707384942328,1.0392707384942328,1.0424853511981997
A4,p2,secondary,28.0,1.04224279449892,1.045564413210292,1.0415178391668118,1.0415178391668118,1.0415178391668118,1.0445408019454894
A4,p2,secondary,28.5,1.04309655920397,1.04478778520535,1.0423412494996853,1.0423412494996853,1.0423412494996853,1.0452545670063949
A4,p2,secondary,29.0,1.04255148455504,1.039337360689332,1.0418485375902662,1.0418485375902662,1.0418485375902662,1.044545325952327
A4,p2,secondary,29.5,1.04246917700561,1.0422386622815532,1.0417647973001156,1.0417647973001156,1.0417647973001156,1.0444896781701276
A4,p2,secondary,30.0,1.04301803947475,1.037854820379327,1.0429456519454936,1.0429456519454936,1.0429456519454936,1.045899943342646
A4,p3,primary,0.0,0.0,,0.0,0.0,0.0,0.0
A4,p3,primary,0.5,4.88291550579747e-17,0.0,0.0,0.0,0.0,0.0
A4,p3,primary,1.0,0.0001649646106663,0.0,0.00015980994624400499,0.00015980994624400499,0.00015980994624400499,0.00015980994624400499
A4,p3,primary,1.5,0.0016415125656328,0.0004706400854366028,0.0016400342277030164,0.0016400342277030164,0.0016400342277030164,0.0016400342277030219
A4,p3,primary,2.0,0.0118293725601827,0.004943282163583162,0.011737328095874331,0.011737328095874331,0.011737328095874331,0.011737328095874333
A4,p3,primary,2.5,0.0634656832662044,0.04891777552980337,0.06324182481188792,0.06324182481188792,0.06324182481188792,0.06324182481188788
A4,p3,primary,3.0,0.185044952623338,0.16596125659756508,0.1849547448672793,0.1849547448672793,0.1849547448672793,0.18495474486727917
A4,p3,primary,3.5,0.426308524749166,0.38056646791323295,0.4259821256103691,0.4259821256103691,0.4259821256103691,0.425982125610369
A4,p3,primary,4.0,0.757217623543006,0.8004929645091132,0.7567890513370007,0.7567890513370007,0.7567890513370007,0.7567890513370007
A4,p3,primary,4.5,1.08188548806081,1.0654355903327526,1.0810185472899094,1.0810185472899094,1.0810185472899094,1.08101854728991
A4,p3,primary,5.0,1.29993506527906,1.3569379914706727,1.2991854767343434,1.2991854767343434,1.2991854767343434,1.2991854767343436
A4,p3,primary,5.5,1.41361545776276,1.4359887972310414,1.4124051880393584,1.4124051880393584,1.4124051880393584,1.4124051880393578
A4,p3,primary,6.0,1.37693558902309,1.4041371401223826,1.3770254618345823,1.3770254618345823,1.3770254618345823,1.3770254618345823
A4,p3,primary,6.5,1.23916763686824,1.2623241172829667,1.238755968269928,1.238755968269928,1.238755968269928,1.2387559682699278
A4,p3,primary,7.0,1.06340343468177,1.068284395571179,1.0626545346308136,1.0626545346308136,1.0626545346308136,1.0626545346308136
A4,p3,primary,7.5,0.946293195075581,0.8849354413288358,0.9460521535220092,0.9460521535220092,0.9460521535220092,0.9460521535220089
A4,p3,primary,8.0,0.894666942752099,0.9066463787625455,0.8937589816992902,0.8937589816992902,0.8937589816992902,0.8937589816992906
A4,p3,primary,8.5,0.908958071425299,0.89170703756376,0.9082714041092986,0.9082714041092986,0.9082714041092986,0.9082714041092992
A4,p3,primary,9.0,0.934698122945416,0.9403349567783251,0.9336417541879991,0.9336417541879991,0.9336417541879991,0.9336417541879994
A4,p3,primary,9.5,0.995326026629062,0.9446327231892973,0.9947520702333327,0.9947520702333327,0.9947520702333327,0.9947520702333325
A4,p3,primary,10.0,1.04947744080207,1.1173184092926043,1.04899575368311,1.04899575368311,1.04899575368311,1.0489957536831096
A4,p3,primary,10.5,1.08325740026599,1.0569620372497386,1.0829748749931547,1.0829748749931547,1.0829748749931547,1.0829748749931551
A4,p3,primary,11.0,1.07337697485456,1.0867056219744056,1.0732497449487504,1.0732497449487504,1.0732497449487504,1.0732497449487504
A4,p3,primary,11.5,1.06439259933283,1.062602762010125,1.0641636205957674,1.0641636205957674,1.0641636205957674,1.0641636205957672
A4,p3,primary,12.0,1.04360572729044,1.0662579437650102,1.0429507601805537,1.0429507601805537,1.0429507601805537,1.0429507601805537
A4,p3,primary,12.5,1.02808821450149,1.0025213557246864,1.0274978958353598,1.0274978958353598,1.0274978958353598,1.0274978958353598
A4,p3,primary,13.0,1.00777016697868,1.0063605988774411,1.0070389703671025,1.0070389703671025,1.0070389703671025,1.0070389703671023
A4,p3,primary,13.5,1.00738351824244,0.9902435125325942,1.0066055873074051,1.0066055873074051,1.0066055873074051,1.0066055873074051
A4,p3,primary,14.0,1.01565571618449,1.0252381974931382,1.0150566478982517,1.0150566478982517,1.0150566478982517,1.015056647898252
A4,p3,primary,14.5,1.01997954122737,1.0066668280949378,1.0195844724210323,1.0195844724210323,1.0195844724210323,1.0195844724210328
A4,p3,primary,15.0,1.00991391170064,1.0429612628586489,1.0092292571824186,1.0092292571824186,1.0092292571824186,1.0092292571824186
A4,p3,primary,15.5,1.01989375140613,1.0116546253095096,1.019557383427261,1.019557383427261,1.019557383427261,1.0195573834272613
A4,p3,primary,16.0,1.03079902792053,1.0296676483135785,1.0305471872557472,1.0305471872557472,1.0305471872557472,1.0305471872557468
A4,p3,primary,16.5,1.0364321275559,1.0267847520026587,1.035671009378058,1.035671009378058,1.035671009378058,1.035671009378058
A4,p3,primary,17.0,1.02615024236369,1.0562733570661482,1.0251282854725172,1.0251282854725172,1.0251282854725172,1.0251282854725172
A4,p3,primary,17.5,1.02814053136405,0.9882978367271218,1.0272834858127513,1.0272834858127513,1.0272834858127513,1.0272834858127513
A4,p3,primary,18.0,1.02381663164857,1.0332659793666397,1.0229762546567405,1.0229762546567405,1.0229762546567405,1.0229762546567407
A4,p3,primary,18.5,1.0269360076925,1.0189546450349216,1.0264120990921493,1.0264120990921493,1.0264120990921493,1.0264120990921493
A4,p3,primary,19.0,1.01574213664804,1.0326343967847273,1.0152903517983392,1.0152903517983392,1.0152903517983392,1.0152903517983387
A4,p3,primary,19.5,1.02162993250259,0.9978872281460324,1.0211319948951123,1.0211319948951123,1.0211319948951123,1.0211319948951123
A4,p3,primary,20.0,1.02158356903673,1.0587663031780719,1.0209922116382706,1.0209922116382706,1.0209922116382706,1.0209922116382706
A4,p3,primary,20.5,1.02313153686407,1.0076326289804507,1.0227996870627691,1.0227996870627691,1.0227996870627691,1.0227996870627694
A4,p3,primary,21.0,1.013488025557,1.0167494771570444,1.0128192971132153,1.0128192971132153,1.0128192971132153,1.0128192971132153
A4,p3,primary,21.5,1.02016588224765,0.9966975581450269,1.0191727687559167,1.0191727687559167,1.0191727687559167,1.0191727687559167
A4,p3,primary,22.0,1.02445848884623,1.0317011178214202,1.0236382291126893,1.0236382291126893,1.0236382291126893,1.023638229112689
A4,p3,primary,22.5,1.02709782415422,1.0172797942895941,1.0264706062708708,1.0264706062708708,1.0264706062708708,1.026470606270871
A4,p3,primary,23.0,1.02132947048829,1.0240531122530907,1.0207977991887043,1.0207977991887043,1.0207977991887043,1.0207977991887038
A4,p3,primary,23.5,1.02244366948119,1.0141617571583046,1.021975608296118,1.021975608296118,1.021975608296118,1.021975608296118
A4,p3,primary,24.0,1.02460376409916,1.0469061445470282,1.024310207329965,1.024310207329965,1.024310207329965,1.024310207329965
A4,p3,primary,24.5,1.02624804378521,1.0220249159210812,1.0256876591381665,1.0256876591381665,1.0256876591381665,1.0256876591381667
A4,p3,primary,25.0,1.01674612114574,1.0249912430890156,1.016087224728725,1.016087224728725,1.016087224728725,1.0160872247287251
A4,p3,primary,25.5,1.01923840443484,1.0103760041667282,1.0186302905189073,1.0186302905189073,1.0186302905189073,1.0186302905189073
A4,p3,primary,26.0,1.02133729866171,1.0270246369435008,1.0205746960827824,1.0205746960827824,1.0205746960827824,1.0205746960827824
A4,p3,primary,26.5,1.02388867837978,0.9998625591212588,1.023320934305442,1.023320934305442,1.023320934305442,1.023320934305442
A4,p3,primary,27.0,1.01556428275123,1.0334855553052285,1.014874713878536,1.014874713878536,1.014874713878536,1.014874713878536
A4,p3,primary,27.5,1.01783517330442,1.0072996125068867,1.0172912561015957,1.0172912561015957,1.0172912561015957,1.0172912561015959
A4,p3,primary,28.0,1.01920277691935,1.0218115816661715,1.0188468961922363,1.0188468961922363,1.0188468961922363,1.0188468961922363
A4,p3,primary,28.5,1.02373966660165,1.0297244174193276,1.023228284848013,1.023228284848013,1.023228284848013,1.023228284848013
A4,p3,primary,29.0,1.01748129880024,1.0294988887846483,1.0169853357777932,1.0169853357777932,1.0169853357777932,1.016985335777793
A4,p3,primary,29.5,1.01996545476332,0.9965356259385082,1.0190953181237592,1.0190953181237592,1.0190953181237592,1.0190953181237592
A4,p3,primary,30.0,1.02390305242137,1.0324759028580257,1.0240685464853734,1.0240685464853734,1.0240685464853734,1.0240685464853736
A4,p3,secondary,0.0,0.0,,0.0,0.0,0.0,0.0
A4,p3,secondary,0.5,0.0,0.0,0.0,0.0,0.0,0.0
A4,p3,secondary,1.0,0.0,0.0,0.0,0.0,0.0,0.0
A4,p3,secondary,1.5,6.70986685378377e-17,0.0,0.0,0.0,0.0,0.0
A4,p3,secondary,2.0,8.99683880268855e-17,0.0,0.0,0.0,0.0,0.0
A4,p3,secondary,2.5,0.0014594391825133,0.0,0.0013674740640651308,0.0013674740640651308,0.0013674740640651308,0.0013674740640650907
A4,p3,secondary,3.0,0.025271690652558,0.005200296941519503,0.024939380101456073,0.024939380101456073,0.024939380101456073,0.024939380101456052
A4,p3,secondary,3.5,0.137598738749299,0.09124784423052348,0.13706237885379222,0.13706237885379222,0.13706237885379222,0.1370623788537923
A4,p3,secondary,4.0,0.430307516272117,0.3664191625497399,0.4292602119253947,0.4292602119253947,0.4292602119253947,0.4292602119253943
A4,p3,secondary,4.5,0.9050944832642,0.8986666166511741,0.9046903799111115,0.9046903799111115,0.9046903799111115,0.9046903799111108
A4,p3,secondary,5.0,1.38126533212023,1.4706394868719095,1.3812883705901806,1.3812883705901806,1.3812883705901806,1.3812883705901806
A4,p3,secondary,5.5,1.63561884165006,1.724231406506862,1.6358533240794817,1.6358533240794817,1.6358533240794817,1.635853324079482
A4,p3,secondary,6.0,1.60065740758266,1.6449860352395995,1.6007280142343083,1.6007280142343083,1.6007280142343083,1.6007280142343088
A4,p3,secondary,6.5,1.37148240609808,1.3784839385991405,1.3707745512927798,1.3707745512927798,1.3707745512927798,1.3707745512927794
A4,p3,secondary,7.0,1.11619890866158,1.0806716261872549,1.1153887230836572,1.1153887230836572,1.1153887230836572,1.115388723083657
A4,p3,secondary,7.5,0.946119744311413,0.91096411145433,0.9452703562481835,0.9452703562481835,0.9452703562481835,0.9452703562481831
A4,p3,secondary,8.0,0.865213322531441,0.8582342421992453,0.8643666679076579,0.8643666679076579,0.8643666679076579,0.8643666679076579
A4,p3,secondary,8.5,0.852217955929425,0.8311220538883833,0.8516794314518495,0.8516794314518495,0.8516794314518495,0.8516794314518491
A4,p3,secondary,9.0,0.89144840191737,0.8793465860593459,0.890693605375009,0.890693605375009,0.890693605375009,0.8906936053750089
A4,p3,secondary,9.5,0.973575387784593,0.9763918219755287,0.9729901415853577,0.9729901415853577,0.9729901415853577,0.9729901415853572
A4,p3,secondary,10.0,1.04755101812193,1.0587753821258754,1.04716224793556,1.04716224793556,1.04716224793556,1.0471622479355596
A4,p3,secondary,10.5,1.08451831972035,1.100476691854765,1.0840171764780355,1.0840171764780355,1.0840171764780355,1.084017176478036
A4,p3,secondary,11.0,1.0928929890737,1.088691984359712,1.0922644530501482,1.0922644530501482,1.0922644530501482,1.0922644530501484
A4,p3,secondary,11.5,1.08492169832968,1.0899276631040948,1.0842990549365523,1.0842990549365523,1.0842990549365523,1.0842990549365525
A4,p3,secondary,12.0,1.06124403859006,1.0642790834115394,1.0607499785908778,1.0607499785908778,1.0607499785908778,1.060749978590877
A4,p3,secondary,12.5,1.03410625524523,1.0210998613490905,1.0335614278088112,1.0335614278088112,1.0335614278088112,1.033561427808811
A4,p3,secondary,13.0,1.01392740697868,1.0216615665044095,1.0133668539556162,1.0133668539556162,1.0133668539556162,1.0133668539556167
A4,p3,secondary,13.5,1.00095238866288,0.9918172095003474,1.0003901697700923,1.0003901697700923,1.0003901697700923,1.0003901697700928
A4,p3,secondary,14.0,1.00001435309555,0.9966824142329087,0.9994335954758877,0.9994335954758877,0.9994335954758877,0.9994335954758877
A4,p3,secondary,14.5,1.00941669756136,1.0190007232166556,1.0088654080005248,1.0088654080005248,1.0088654080005248,1.0088654080005246
A4,p3,secondary,15.0,1.01434625118138,1.003783460164357,1.013843295602025,1.013843295602025,1.013843295602025,1.013843295602025
A4,p3,secondary,15.5,1.01907710562864,1.0205655430554754,1.0185354142592487,1.0185354142592487,1.0185354142592487,1.0185354142592484
A4,p3,secondary,16.0,1.02539345512138,1.0282556126680658,1.0248885534692465,1.0248885534692465,1.0248885534692465,1.0248885534692465
A4,p3,secondary,16.5,1.0300402585835,1.027946649487928,1.0294645389565038,1.0294645389565038,1.0294645389565038,1.029464538956504
A4,p3,secondary,17.0,1.03381643675854,1.034471287060493,1.0332218065540761,1.0332218065540761,1.0332218065540761,1.0332218065540761
A4,p3,secondary,17.5,1.03456505557969,1.0386931110457125,1.0339866487247802,1.0339866487247802,1.0339866487247802,1.0339866487247802
A4,p3,secondary,18.0,1.03050342943012,1.0261830669619192,1.029891884253726,1.029891884253726,1.029891884253726,1.029891884253726
A4,p3,secondary,18.5,1.02286647845818,1.0200043276117254,1.0223099778612035,1.0223099778612035,1.0223099778612035,1.0223099778612033
A4,p3,secondary,19.0,1.01703687211059,1.0194346988484462,1.0163893091978102,1.0163893091978102,1.0163893091978102,1.0163893091978102
A4,p3,secondary,19.5,1.01945541719981,1.0104036123659443,1.018946020546502,1.018946020546502,1.018946020546502,1.018946020546502
A4,p3,secondary,20.0,1.01758305939188,1.0318000286727724,1.016948785253456,1.016948785253456,1.016948785253456,1.0169487852534558
A4,p3,secondary,20.5,1.01371005869654,1.0003514902395352,1.0131147896316761,1.0131147896316761,1.0131147896316761,1.013114789631676
A4,p3,secondary,21.0,1.01483467396341,1.0170591147499504,1.0142550189910433,1.0142550189910433,1.0142550189910433,1.014255018991043
A4,p3,secondary,21.5,1.02347292721813,1.029248912074407,1.022909371627861,1.022909371627861,1.022909371627861,1.0229093716278612
A4,p3,secondary,22.0,1.02611430614622,1.0201625426754026,1.0254863726791132,1.0254863726791132,1.0254863726791132,1.0254863726791135
A4,p3,secondary,22.5,1.02473603126075,1.0260241982622758,1.0241107136119256,1.0241107136119256,1.0241107136119256,1.0241107136119256
A4,p3,secondary,23.0,1.02244357703972,1.0216318119819165,1.0218706621065776,1.0218706621065776,1.0218706621065776,1.0218706621065774
A4,p3,secondary,23.5,1.0218815433625,1.0181781418351714,1.0213471275588988,1.0213471275588988,1.0213471275588988,1.0213471275588992
A4,p3,secondary,24.0,1.02216497708551,1.0332258850286413,1.0216249427539632,1.0216249427539632,1.0216249427539632,1.0216249427539634
A4,p3,secondary,24.5,1.01972458930796,1.0097617287469858,1.0191560471679024,1.0191560471679024,1.0191560471679024,1.0191560471679024
A4,p3,secondary,25.0,1.01923842159663,1.0194969973900452,1.018671928323313,1.018671928323313,1.018671928323313,1.0186719283233128
A4,p3,secondary,25.5,1.02020449945549,1.0220317741097578,1.0196586743550187,1.0196586743550187,1.0196586743550187,1.019658674355019
A4,p3,secondary,26.0,1.02062830368039,1.0141589251471386,1.0200345546967127,1.0200345546967127,1.0200345546967127,1.020034554696713
A4,p3,secondary,26.5,1.02042411944036,1.0267907095213482,1.0198158497625012,1.0198158497625012,1.0198158497625012,1.0198158497625012
A4,p3,secondary,27.0,1.01628342643135,1.0173597503577547,1.01578288942064,1.01578288942064,1.01578288942064,1.01578288942064
A4,p3,secondary,27.5,1.01238047628613,1.0027211159523608,1.011760774507939,1.011760774507939,1.011760774507939,1.011760774507939
A4,p3,secondary,28.0,1.0163243790669,1.0169007490559419,1.0156933796593688,1.0156933796593688,1.0156933796593688,1.0156933796593683
A4,p3,secondary,28.5,1.02123987468851,1.023145417608982,1.0206678493928085,1.0206678493928085,1.0206678493928085,1.0206678493928087
A4,p3,secondary,29.0,1.02118360849549,1.0178781008361575,1.0206479253061205,1.0206479253061205,1.0206479253061205,1.0206479253061205
A4,p3,secondary,29.5,1.0184913351301,1.0235198498406757,1.0179372693485331,1.0179372693485331,1.0179372693485331,1.0179372693485331
A4,p3,secondary,30.0,1.01894354771222,1.0164707913701387,1.0191980633153725,1.0191980633153725,1.0191980633153725,1.0191980633153725
A5,r1,primary,0.0,0.218350795898323,,0.10916511108336677,0.21833022216673353,0.21833022216673353,0.2954263591578326
A5,r1,primary,0.5,0.288577121248927,0.0,0.17381516501278857,0.2885451103204561,0.23033902017342878,0.3923741127882842
A5,r1,primary,1.0,0.353809177725894,0.0,0.24775759715338255,0.35349479718063326,0.26856848322103527,0.4833715359958689
A5,r1,primary,1.5,0.433438875545841,0.20196282625904477,0.34293520161104885,0.43321874068829036,0.3480168425475818,0.5966459411365983
A5,r1,primary,2.0,0.514019325253854,0.1526355810478371,0.44734769228900356,0.513809378630242,0.4475311643145713,0.7115725300278626
A5,r1,primary,2.5,0.588901960082312,0.8575473063307574,0.5497593987471973,0.5885166829601647,0.5497593987471973,0.8194215740351863
A5,r1,primary,3.0,0.6604391211761,0.8215525337090889,0.6455332223023835,0.659923356563741,0.6455332223023835,0.9257897371538971
A5,r1,primary,3.5,0.749637057276618,0.8866249625853924,0.7482564108672077,0.7490725203203029,0.7482564108672077,1.0645313796195335
A5,r1,primary,4.0,0.849634030369083,0.6241925437586392,0.849090503183593,0.849090503183593,0.849090503183593,1.2230979491401528
A5,r1,primary,4.5,0.937140192296647,1.3269732552998676,0.9365862724830756,0.9365862724830756,0.9365862724830756,1.3598662368777523
A5,r1,primary,5.0,1.01068181914259,1.2658458318015435,1.0102012732033288,1.0102012732033288,1.0102012732033288,1.4754408677227977
A5,r1,primary,5.5,1.07029472121119,0.9844605101382355,1.069929199498799,1.069929199498799,1.069929199498799,1.5706044607917102
A5,r1,primary,6.0,1.11270507750299,0.6948117671184121,1.1122810402195262,1.1122810402195262,1.1122810402195262,1.636442781373102
A5,r1,primary,6.5,1.14599636333557,1.4886502879354355,1.145433989665414,1.145433989665414,1.145433989665414,1.687936864764278
A5,r1,primary,7.0,1.18049744268346,1.2510193902776736,1.1802297440304912,1.1802297440304912,1.1802297440304912,1.7308277212977912
A5,r1,primary,7.5,1.21793510626168,1.2161671874710263,1.2177395314377117,1.2177395314377117,1.2177395314377117,1.7768520377123858
A5,r1,primary,8.0,1.24931687794501,1.2722657279888865,1.249161605048037,1.249161605048037,1.249161605048037,1.8144150645731894
A5,r1,primary,8.5,1.2918788248479,1.2430444822298234,1.2917642650958165,1.2917642650958165,1.2917642650958165,1.8623378115231373
A5,r1,primary,9.0,1.34573951377934,1.2908111323188425,1.3457291232536581,1.3457291232536581,1.3457291232536581,1.9195519111986248
A5,r1,primary,9.5,1.39727616068205,1.1588292647976086,1.3972464878089692,1.3972464878089692,1.3972464878089692,1.9594288708180956
A5,r1,primary,10.0,1.43783796283086,1.3437783419907765,1.4377996720455077,1.4377996720455077,1.4377996720455077,1.9823037818346463
A5,r1,primary,10.5,1.46940729456997,1.5418699701965757,1.4692657489612806,1.4692657489612806,1.4692657489612806,1.9981840416254055
A5,r1,primary,11.0,1.50225517098383,1.604628134603211,1.5021162623061988,1.5021162623061988,1.5021162623061988,2.0289055657051454
A5,r1,primary,11.5,1.535673622988,1.8086082481902468,1.5356474385640593,1.5356474385640593,1.5356474385640593,2.0618093470982792
A5,r1,primary,12.0,1.54657417667371,1.7976203435218607,1.5463305525272653,1.5463305525272653,1.5463305525272653,2.0611158788274597
A5,r1,primary,12.5,1.5500569513182,1.6240469256994767,1.549966004313908,1.549966004313908,1.549966004313908,2.0567179191882556
A5,r1,primary,13.0,1.54809376474282,1.5410448974423232,1.5481247934913234,1.5481247934913234,1.5481247934913234,2.0492730030207675
A5,r1,primary,13.5,1.5314649838938,1.4626666167989033,1.5312639811670294,1.5312639811670294,1.5312639811670294,2.013304214777474
A5,r1,primary,14.0,1.51176965822199,1.467995830213836,1.511658428978217,1.511658428978217,1.511658428978217,1.9748683016034918
A5,r1,primary,14.5,1.48938116497837,1.7589632191577,1.489368989460684,1.489368989460684,1.489368989460684,1.9361551343460683
A5,r1,primary,15.0,1.4598018291939,1.0728639826660145,1.4597522411089907,1.4597522411089907,1.4597522411089907,1.891548014447124
A5,r1,primary,15.5,1.42573516171839,1.3619464162193105,1.4255839367274468,1.4255839367274468,1.4255839367274468,1.8440280709480994
A5,r1,primary,16.0,1.39656439072741,1.4110381659424234,1.3963713509168965,1.3963713509168965,1.3963713509168965,1.8038215425361888
A5,r1,primary,16.5,1.36955118159769,1.2628563191094897,1.3692165671366063,1.3692165671366063,1.3692165671366063,1.7609588713080224
A5,r1,primary,17.0,1.35439872949256,1.7716700576544597,1.3541841957500778,1.3541841957500778,1.3541841957500778,1.7286700953515157
A5,r1,primary,17.5,1.34441452828164,1.3418123062824896,1.3442283096467633,1.3442283096467633,1.3442283096467633,1.703200026885393
A5,r1,primary,18.0,1.33288425840612,1.1695694159904908,1.332692511696889,1.332692511696889,1.332692511696889,1.6837456196945486
A5,r1,primary,18.5,1.33321319807713,1.2549645339463802,1.3330922504083682,1.3330922504083682,1.3330922504083682,1.6877468132795868
A5,r1,primary,19.0,1.33388819365131,1.1662622714856892,1.333758244608148,1.333758244608148,1.333758244608148,1.6903589322617396
A5,r1,primary,19.5,1.32662192375669,1.1411016537918057,1.3264185409998757,1.3264185409998757,1.3264185409998757,1.6838568182437617
A5,r1,primary,20.0,1.322852333702,1.6742178621802712,1.3226674520208208,1.3226674520208208,1.3226674520208208,1.68748129380465
A5,r1,primary,20.5,1.31994135735597,1.3006477081209367,1.3198543609670053,1.3198543609670053,1.3198543609670053,1.693240639584355
A5,r1,primary,21.0,1.31885989087462,1.3423880782053041,1.3189026224179148,1.3189026224179148,1.3189026224179148,1.7002418809136632
A5,r1,primary,21.5,1.32033368598377,1.1755816531123464,1.3202431155470435,1.3202431155470435,1.3202431155470435,1.7076654632635033
A5,r1,primary,22.0,1.32098765865805,1.546557389583182,1.3209118658191714,1.3209118658191714,1.3209118658191714,1.7173999452611233
A5,r1,primary,22.5,1.32377711709804,1.25506873835846,1.3238093139787956,1.3238093139787956,1.3238093139787956,1.7256700611883737
A5,r1,primary,23.0,1.32011223138634,1.2145028447174235,1.3201159272034821,1.3201159272034821,1.3201159272034821,1.723529138270727
A5,r1,primary,23.5,1.3087862615595,1.4071440187227082,1.30877651248804,1.30877651248804,1.30877651248804,1.7059278842685661
A5,r1,primary,24.0,1.29500829602922,1.3346000866828733,1.2950638007367634,1.2950638007367634,1.2950638007367634,1.6840026643370105
A5,r1,primary,24.5,1.28463245356374,1.1308304310980082,1.2844202416740578,1.2844202416740578,1.2844202416740578,1.6652232254520847
A5,r1,primary,25.0,1.28247169694842,1.2270360115593226,1.2824867836321714,1.2824867836321714,1.2824867836321714,1.6549017679820188
A5,r1,primary,25.5,1.27700657011412,1.4761629986682068,1.2768251467328071,1.2768251467328071,1.2768251467328071,1.640622659559485
A5,r1,primary,26.0,1.27789363555436,1.3786733793480168,1.2779318937703157,1.2779318937703157,1.2779318937703157,1.639438973681299
A5,r1,primary,26.5,1.27536229093481,1.2434946438919898,1.2752873010158052,1.2752873010158052,1.2752873010158052,1.6286023355141654
A5,r1,primary,27.0,1.27455939930606,0.976665541327759,1.2744631742148436,1.2744631742148436,1.2744631742148436,1.6177930586349043
A5,r1,primary,27.5,1.28052006765729,1.2686300745404857,1.280519854123032,1.280519854123032,1.280519854123032,1.6159617879054347
A5,r1,primary,28.0,1.28744599732288,1.5227425590178894,1.2874246390977924,1.2874246390977924,1.2874246390977924,1.6152415766497545
A5,r1,primary,28.5,1.2864567515325,1.2790457996574212,1.2863735656572515,1.2863735656572515,1.2863735656572515,1.6027137841187244
A5,r1,primary,29.0,1.27992315827383,1.2339893215270032,1.2798224250737789,1.2798224250737789,1.2798224250737789,1.5841697292340589
A5,r1,primary,29.5,1.27431740385422,1.099581197715906,1.274294437374528,1.274294437374528,1.274294437374528,1.5711770444492499
A5,r1,primary,30.0,1.26964203853577,1.4024016833099673,1.2696971709031388,1.2696971709031388,1.2696971709031388,1.5602498574194512
A5,r1,secondary,0.0,0.0011897233250209,,0.0005000399186311586,0.0010000798372623173,0.0010000798372623173,0.0017589059703881306
A5,r1,secondary,0.5,0.0124887092046178,0.0,0.0074547262707812065,0.01237535754750227,0.0074547262707812065,0.02174596827155073
A5,r1,secondary,1.0,0.0311812473589728,0.0,0.021847248266840227,0.0311711474593472,0.021847248266840227,0.0547602974621457
A5,r1,secondary,1.5,0.0611662177445357,0.0,0.04834385392447346,0.061071197762114754,0.04834385392447346,0.09854303615042369
A5,r1,secondary,2.0,0.103866061299894,0.0,0.09042081074152743,0.10385447691620729,0.09042081074152743,0.1591348808927169
A5,r1,secondary,2.5,0.14841200183369,0.0,0.13854230688132177,0.14830934965595322,0.13854230688132177,0.22169072019372763
A5,r1,secondary,3.0,0.200702562680939,0.0,0.1961779677155187,0.20055113891262277,0.1961779677155187,0.2999710720951864
A5,r1,secondary,3.5,0.262157229057135,0.2832111417616533,0.2616767085578927,0.26196211451286666,0.2616767085578927,0.3928248719056491
A5,r1,secondary,4.0,0.327902821238779,0.12463719685026148,0.3275646168227333,0.3275646168227333,0.3275646168227333,0.49403500317535
A5,r1,secondary,4.5,0.399772382553545,0.5009213512816739,0.39935222348912025,0.39935222348912025,0.39935222348912025,0.6010376607143637
A5,r1,secondary,5.0,0.47697382194731,0.9083321843697675,0.47660164104018904,0.47660164104018904,0.47660164104018904,0.71236857487009
A5,r1,secondary,5.5,0.55696103858466,0.3226937338341189,0.5566083519922946,0.5566083519922946,0.5566083519922946,0.8232729342244147
A5,r1,secondary,6.0,0.631490381540441,0.8085504748244414,0.6310403470068982,0.6310403470068982,0.6310403470068982,0.9255356045541111
A5,r1,secondary,6.5,0.701671741107338,0.7518606241910024,0.7012605001074066,0.7012605001074066,0.7012605001074066,1.0208137742250047
A5,r1,secondary,7.0,0.76968702603179,0.5909196706101807,0.7693678327891826,0.7693678327891826,0.7693678327891826,1.1084947495740174
A5,r1,secondary,7.5,0.836478577144229,0.7977734118951956,0.8363759065241763,0.8363759065241763,0.8363759065241763,1.1896986212245084
A5,r1,secondary,8.0,0.889989705883965,1.0794330262355263,0.8898722964722589,0.8898722964722589,0.8898722964722589,1.2510885846122701
A5,r1,secondary,8.5,0.935395446600285,0.898041933212311,0.9351232536901022,0.9351232536901022,0.9351232536901022,1.3035253449387822
A5,r1,secondary,9.0,0.981748102701235,0.9110312369738688,0.9815654341464939,0.9815654341464939,0.9815654341464939,1.3520801786165317
A5,r1,secondary,9.5,1.02253884604208,1.0092760075705403,1.0223045772529422,1.0223045772529422,1.0223045772529422,1.3895952902808575
A5,r1,secondary,10.0,1.05583190987849,1.2313408153938312,1.055705020912231,1.055705020912231,1.055705020912231,1.4115698735887399
A5,r1,secondary,10.5,1.08060313931554,1.357178776859266,1.0804108184707666,1.0804108184707666,1.0804108184707666,1.428753903999651
A5,r1,secondary,11.0,1.09943624281232,1.081639140320574,1.0992128192200636,1.0992128192200636,1.0992128192200636,1.4438020517303711
A5,r1,secondary,11.5,1.10625900710977,0.944577838893777,1.1060654756007393,1.1060654756007393,1.1060654756007393,1.4485851313536564
A5,r1,secondary,12.0,1.11012634993046,1.158624932314539,1.1100414151688847,1.1100414151688847,1.1100414151688847,1.4526504903081474
A5,r1,secondary,12.5,1.10618486035427,1.0966950101990371,1.1059650627549777,1.1059650627549777,1.1059650627549777,1.4478089128987004
A5,r1,secondary,13.0,1.09899137979372,1.20667028512999,1.0987297521872919,1.0987297521872919,1.0987297521872919,1.4378688303518365
A5,r1,secondary,13.5,1.09104864258308,0.8997270399791174,1.0908588735456974,1.0908588735456974,1.0908588735456974,1.427472126883535
A5,r1,secondary,14.0,1.08519590733902,1.2087274027343,1.0850392820383854,1.0850392820383854,1.0850392820383854,1.4168118608795042
A5,r1,secondary,14.5,1.08816705793718,1.1321537626371954,1.087939685217638,1.087939685217638,1.087939685217638,1.4144886272267592
A5,r1,secondary,15.0,1.09589790180209,0.9693418525539726,1.0957976017926339,1.0957976017926339,1.0957976017926339,1.4165380897965036
A5,r1,secondary,15.5,1.09710613931193,1.0108768662727892,1.0970393253609048,1.0970393253609048,1.0970393253609048,1.4104852443150848
A5,r1,secondary,16.0,1.09648122481831,1.0009301939974693,1.0962590806609978,1.0962590806609978,1.0962590806609978,1.4032921330616197
A5,r1,secondary,16.5,1.09621413423485,1.2485896331137378,1.0960236663092242,1.0960236663092242,1.0960236663092242,1.3977558208179532
A5,r1,secondary,17.0,1.09827448527118,1.1804528460414248,1.098140315660413,1.098140315660413,1.098140315660413,1.387970297029306
A5,r1,secondary,17.5,1.09561545848089,1.1677742519690562,1.0954251403208877,1.0954251403208877,1.0954251403208877,1.367946858504979
A5,r1,secondary,18.0,1.09428773422706,1.185241212585502,1.0941223492024532,1.0941223492024532,1.0941223492024532,1.3530909408680798
A5,r1,secondary,18.5,1.0938894810269,0.999779154561057,1.0937131604058399,1.0937131604058399,1.0937131604058399,1.3417679279874608
A5,r1,secondary,19.0,1.09349134174306,1.064553572545073,1.0933252009514762,1.0933252009514762,1.0933252009514762,1.3342284512348281
A5,r1,secondary,19.5,1.09143812734962,1.0117550289267896,1.091286931257695,1.091286931257695,1.091286931257695,1.328176153276622
A5,r1,secondary,20.0,1.08135315173222,1.1758571532631048,1.0812316699421662,1.0812316699421662,1.0812316699421662,1.3182581669682807
A5,r1,secondary,20.5,1.0711110481666,0.8959423507920886,1.0709879075855622,1.0709879075855622,1.0709879075855622,1.3068114862849014
A5,r1,secondary,21.0,1.06225707140174,1.204913005765879,1.0621405087573528,1.0621405087573528,1.0621405087573528,1.2943930137468702
A5,r1,secondary,21.5,1.05702548311815,1.0853659741485528,1.0568812649558905,1.0568812649558905,1.0568812649558905,1.2825755537281454
A5,r1,secondary,22.0,1.0549420914197,1.062362581850316,1.054807388886119,1.054807388886119,1.054807388886119,1.274502688244123
A5,r1,secondary,22.5,1.05468358461441,1.2072192054811575,1.0545390171880282,1.0545390171880282,1.0545390171880282,1.2686947467822132
A5,r1,secondary,23.0,1.05467156076572,0.8419177990402336,1.0546020856070049,1.0546020856070049,1.0546020856070049,1.2639195617859318
A5,r1,secondary,23.5,1.05216627229412,1.0103219569096764,1.0521484801044678,1.0521484801044678,1.0521484801044678,1.2608543321693335
A5,r1,secondary,24.0,1.04946597049993,1.0280652072461196,1.0494242681150667,1.0494242681150667,1.0494242681150667,1.259659515535972
A5,r1,secondary,24.5,1.04891334316291,0.9853873440578683,1.0488032374434872,1.0488032374434872,1.0488032374434872,1.259703783533107
A5,r1,secondary,25.0,1.05047382094101,1.1637093162627268,1.0504113889946987,1.0504113889946987,1.0504113889946987,1.258907337362515
A5,r1,secondary,25.5,1.05226247716947,1.0622512907523591,1.0522532690245876,1.0522532690245876,1.0522532690245876,1.2581340320308763
A5,r1,secondary,26.0,1.05346267730689,1.0881406606120434,1.0533803988405934,1.0533803988405934,1.0533803988405934,1.2569343204757817
A5,r1,secondary,26.5,1.05905519657502,1.0022061645685283,1.059023329406168,1.059023329406168,1.059023329406168,1.2597507191214294
A5,r1,secondary,27.0,1.06076475115981,1.028872322820138,1.0606995991643717,1.0606995991643717,1.0606995991643717,1.2570433764494016
A5,r1,secondary,27.5,1.0602550119345,1.076576275342241,1.0601355640316785,1.0601355640316785,1.0601355640316785,1.2535238576642926
A5,r1,secondary,28.0,1.0602814774817,1.1316707834311612,1.0602566607731994,1.0602566607731994,1.0602566607731994,1.2538849026215977
A5,r1,secondary,28.5,1.05939050599958,1.049692616477528,1.0593675545000234,1.0593675545000234,1.0593675545000234,1.2498553429176864
A5,r1,secondary,29.0,1.06092747224148,1.0153428175757089,1.0608593596067972,1.0608593596067972,1.0608593596067972,1.2497354464559458
A5,r1,secondary,29.5,1.06032658801209,1.0761990591274693,1.0603164487389027,1.0603164487389027,1.0603164487389027,1.2467759933558278
A5,r1,secondary,30.0,1.05955599877804,1.0401340739552676,1.0595484473101426,1.0595484473101426,1.0595484473101426,1.2422191827740408
A5,r2,primary,0.0,2.0443108073662003e-16,,0.0,0.0,0.0,0.0
A5,r2,primary,0.5,0.0,0.0,0.0,0.0,0.0,0.0
A5,r2,primary,1.0,3.60780161001376e-05,0.0,0.0,0.0,0.0,0.0
A5,r2,primary,1.5,0.0028069269383073,0.0,0.00202647290850589,0.0028104171915722584,0.00202647290850589,0.0
A5,r2,primary,2.0,0.0063530388213918,0.0,0.005008520720433212,0.00636042014291424,0.005008520720433212,0.0017169149998432598
A5,r2,primary,2.5,0.0104220765814215,0.0,0.00876987845926877,0.010346788909306744,0.00876987845926877,0.004927045410527571
A5,r2,primary,3.0,0.0193448220266974,0.0,0.01742648202117891,0.019364393485031668,0.01742648202117891,0.013780742420810415
A5,r2,primary,3.5,0.032275107628059,0.0,0.030435781478213887,0.032279664542143524,0.030435781478213887,0.02480599303911446
A5,r2,primary,4.0,0.0517725293268839,0.0,0.05045127834749802,0.05175056626175047,0.05045127834749802,0.044538392883954434
A5,r2,primary,4.5,0.0770940624123804,0.0,0.07671570384529448,0.07714714944917275,0.07671570384529448,0.07247254812182057
A5,r2,primary,5.0,0.105506660175518,0.0,0.1055181699338012,0.1055181699338012,0.1055181699338012,0.10416691568933586
A5,r2,primary,5.5,0.139128839590649,0.0,0.1391330680598746,0.1391330680598746,0.1391330680598746,0.14305593671749728
A5,r2,primary,6.0,0.179666194861116,0.15408375443115602,0.17972129223468855,0.17972129223468855,0.17972129223468855,0.18721669960900253
A5,r2,primary,6.5,0.228336037162352,0.14280401210466323,0.22845082047412196,0.22845082047412196,0.22845082047412196,0.23716224980702272
A5,r2,primary,7.0,0.280216000645076,0.0,0.28028511786600746,0.28028511786600746,0.28028511786600746,0.2913781761214157
A5,r2,primary,7.5,0.337324102959683,0.49778831742735197,0.33744135130023606,0.33744135130023606,0.33744135130023606,0.35262568925608917
A5,r2,primary,8.0,0.392595725930533,0.35120468300280316,0.3926918633477815,0.3926918633477815,0.3926918633477815,0.4130213505867142
A5,r2,primary,8.5,0.450825788922777,0.5519369412496247,0.45094757602903135,0.45094757602903135,0.45094757602903135,0.47812123499174586
A5,r2,primary,9.0,0.509455144087911,0.7322364476787925,0.5095670718235681,0.5095670718235681,0.5095670718235681,0.5458160625975965
A5,r2,primary,9.5,0.568027388877333,0.39772537246416323,0.5681319943581098,0.5681319943581098,0.5681319943581098,0.6141872039472388
A5,r2,primary,10.0,0.627336789756014,0.3783525678347022,0.627441699140061,0.627441699140061,0.627441699140061,0.6796514988833423
A5,r2,primary,10.5,0.681396172026559,1.265527854071636,0.6814289080401715,0.6814289080401715,0.6814289080401715,0.7383299514128605
A5,r2,primary,11.0,0.729508344876372,0.6919651114570968,0.7295808789742672,0.7295808789742672,0.7295808789742672,0.7899534090197975
A5,r2,primary,11.5,0.773278958886812,0.7464156214986026,0.7732683725985899,0.7732683725985899,0.7732683725985899,0.8354185842263
A5,r2,primary,12.0,0.812114027817781,1.1153326297126511,0.8120903138647632,0.8120903138647632,0.8120903138647632,0.8784860672260377
A5,r2,primary,12.5,0.845514181120111,0.45992569636738173,0.8453307374675306,0.8453307374675306,0.8453307374675306,0.916609590405011
A5,r2,primary,13.0,0.882975036412025,1.1824217056463726,0.8829200683287424,0.8829200683287424,0.8829200683287424,0.958651461937571
A5,r2,primary,13.5,0.913335727398777,0.7838498782257053,0.9132291254799649,0.9132291254799649,0.9132291254799649,0.9937865598356902
A5,r2,primary,14.0,0.93964128454244,1.0337283528331258,0.939585514924921,0.939585514924921,0.939585514924921,1.025330761382078
A5,r2,primary,14.5,0.962126487472534,1.1985850005427867,0.9620318740440981,0.9620318740440981,0.9620318740440981,1.0533967008759493
A5,r2,primary,15.0,0.979391720928728,0.8382765691939411,0.9793088731530163,0.9793088731530163,0.9793088731530163,1.0772222069351487
A5,r2,primary,15.5,0.993934491723059,0.6882441153226209,0.9938595481276773,0.9938595481276773,0.9938595481276773,1.0992804500382687
A5,r2,primary,16.0,1.00903295959343,1.0316720334256302,1.0089926984637572,1.0089926984637572,1.0089926984637572,1.1169610573517446
A5,r2,primary,16.5,1.02184090908859,0.9427230184964799,1.0216319338943698,1.0216319338943698,1.0216319338943698,1.1298174418114522
A5,r2,primary,17.0,1.03700707747484,1.318619106094481,1.036883312522811,1.036883312522811,1.036883312522811,1.1474084078678135
A5,r2,primary,17.5,1.05590916844445,1.4503525401715696,1.0559187309999463,1.0559187309999463,1.0559187309999463,1.1702534188031128
A5,r2,primary,18.0,1.069473790306,0.8687610896918301,1.069350915997521,1.069350915997521,1.069350915997521,1.1839002366155666
A5,r2,primary,18.5,1.08647595070246,0.9519137277738848,1.0864441639656008,1.0864441639656008,1.0864441639656008,1.2011907665611232
A5,r2,primary,19.0,1.10432112026845,1.0815982990758661,1.1042445836084618,1.1042445836084618,1.1042445836084618,1.2220351070308801
A5,r2,primary,19.5,1.12634174533392,1.0063632769683821,1.1263448609460833,1.1263448609460833,1.1263448609460833,1.2496747545443734
A5,r2,primary,20.0,1.14423862578222,1.227489772449329,1.1442659388741794,1.1442659388741794,1.1442659388741794,1.2691736314258004
A5,r2,primary,20.5,1.15645249512731,0.9599475814513866,1.1565069890380366,1.1565069890380366,1.1565069890380366,1.28086717670315
A5,r2,primary,21.0,1.16470571115512,0.9842511707056953,1.1646706457853475,1.1646706457853475,1.1646706457853475,1.2856018176340616
A5,r2,primary,21.5,1.17410479098278,1.3740664169619716,1.1740908327763517,1.1740908327763517,1.1740908327763517,1.2914457330237685
A5,r2,primary,22.0,1.18063476873568,1.4803212972901074,1.1806779869799524,1.1806779869799524,1.1806779869799524,1.2962111972418162
A5,r2,primary,22.5,1.18479324231445,1.0518842487287612,1.1847740168219614,1.1847740168219614,1.1847740168219614,1.2982279015502693
A5,r2,primary,23.0,1.19063698708068,1.331457814466364,1.1906993168501057,1.1906993168501057,1.1906993168501057,1.304222407128918
A5,r2,primary,23.5,1.18904622636992,1.473061065838806,1.1890471198277492,1.1890471198277492,1.1890471198277492,1.3038879070963023
A5,r2,primary,24.0,1.1811400690799,1.4021432113082197,1.1811220805866727,1.1811220805866727,1.1811220805866727,1.2965295415260512
A5,r2,primary,24.5,1.17182084558878,0.8901346104220623,1.1718724290963085,1.1718724290963085,1.1718724290963085,1.2873927226209243
A5,r2,primary,25.0,1.16004506325079,1.149276827725553,1.1601311090871838,1.1601311090871838,1.1601311090871838,1.2767552940428633
A5,r2,primary,25.5,1.14662374221623,1.1291533805356382,1.1467048693355253,1.1467048693355253,1.1467048693355253,1.2655880960133
A5,r2,primary,26.0,1.13054366589024,1.2983499952003774,1.1306118325160441,1.1306118325160441,1.1306118325160441,1.2492120441050765
A5,r2,primary,26.5,1.11086718798353,1.1999607665770884,1.1108692946830692,1.1108692946830692,1.1108692946830692,1.2292805647745995
A5,r2,primary,27.0,1.09511737193559,0.8835274859965613,1.0950672848751684,1.0950672848751684,1.0950672848751684,1.2147086290793943
A5,r2,primary,27.5,1.08692247793742,0.9770819071063804,1.0870332497893522,1.0870332497893522,1.0870332497893522,1.2095147942483881
A5,r2,primary,28.0,1.07695366809897,0.8882007189364852,1.0770532332956784,1.0770532332956784,1.0770532332956784,1.1966057148584823
A5,r2,primary,28.5,1.06779994899064,0.9783434483680636,1.0678631101486924,1.0678631101486924,1.0678631101486924,1.1838960179803375
A5,r2,primary,29.0,1.0666168184794,1.169103555617707,1.0665810524641732,1.0665810524641732,1.0665810524641732,1.1793158370427526
A5,r2,primary,29.5,1.07042295178865,1.0817472728399418,1.0704521327481686,1.0704521327481686,1.0704521327481686,1.1839318115871165
A5,r2,primary,30.0,1.07275225796874,0.9976751578458602,1.0728038044764314,1.0728038044764314,1.0728038044764314,1.1882775421217815
A5,r2,secondary,0.0,0.0186462437960016,,0.009334649403601724,0.018669298807203447,0.018669298807203447,0.02605094933252273
A5,r2,secondary,0.5,0.024541522875992,0.0,0.014126229397722272,0.024534525306774194,0.01968151704059352,0.03423422966620232
A5,r2,secondary,1.0,0.0309672957957295,0.0,0.02011286997941456,0.030944010139925596,0.02347668025517196,0.04297873010728097
A5,r2,secondary,1.5,0.0393752838413042,0.0,0.028382321217459407,0.039362067536883705,0.029302798565267806,0.05200165143669652
A5,r2,secondary,2.0,0.0495842553450233,0.0,0.039024270327529496,0.049557697553516376,0.039024270327529496,0.06423088664859611
A5,r2,secondary,2.5,0.0642245007277353,0.0,0.05442912618973301,0.06421601870753216,0.05442912618973301,0.08319735347972344
A5,r2,secondary,3.0,0.0810935260740516,0.0,0.07295355030040188,0.08106634789684661,0.07295355030040188,0.10498235851218789
A5,r2,secondary,3.5,0.103643996971437,0.16141951478962382,0.09770224989217967,0.10362131998449732,0.09770224989217967,0.13132013755180538
A5,r2,secondary,4.0,0.131132038887651,0.0,0.1278446133848208,0.13113703661994808,0.1278446133848208,0.16242353627647577
A5,r2,secondary,4.5,0.161780061675186,0.12640689312821926,0.1608757373309293,0.16178049510753886,0.1608757373309293,0.1987691875159085
A5,r2,secondary,5.0,0.197254894485647,0.11412397420274098,0.1972584670993365,0.1972584670993365,0.1972584670993365,0.24263726728294857
A5,r2,secondary,5.5,0.237793059387601,0.10418228288427168,0.23767454714916642,0.23767454714916642,0.23767454714916642,0.2940636422314492
A5,r2,secondary,6.0,0.284568340266148,0.28773417253699407,0.2845258708647147,0.2845258708647147,0.2845258708647147,0.3521422027340042
A5,r2,secondary,6.5,0.335456017760319,0.17753101026593343,0.3353734843523966,0.3353734843523966,0.3353734843523966,0.4105405817828282
A5,r2,secondary,7.0,0.388961331935221,0.661348577002863,0.38897493681030454,0.38897493681030454,0.38897493681030454,0.46906390438461804
A5,r2,secondary,7.5,0.441084429086593,0.15507495217579234,0.4410717696252106,0.4410717696252106,0.4410717696252106,0.5238471093648253
A5,r2,secondary,8.0,0.491617336994013,0.6545813654291538,0.49168130117163555,0.49168130117163555,0.49168130117163555,0.5756584275979364
A5,r2,secondary,8.5,0.540716088123745,0.68692256768083,0.5407168253455676,0.5407168253455676,0.5407168253455676,0.6254922956211721
A5,r2,secondary,9.0,0.589428897075756,0.5859681906807609,0.5894621384049009,0.5894621384049009,0.5894621384049009,0.6748737130730037
A5,r2,secondary,9.5,0.636297575014011,0.5564748411553451,0.6364192601007963,0.6364192601007963,0.6364192601007963,0.7197407615880546
A5,r2,secondary,10.0,0.679861628621966,0.7658923581411192,0.6799378874705144,0.6799378874705144,0.6799378874705144,0.76000061683292
A5,r2,secondary,10.5,0.7198495132552,0.8997740605188923,0.7199616141334568,0.7199616141334568,0.7199616141334568,0.7962959854811211
A5,r2,secondary,11.0,0.753681705411039,0.9682568189219225,0.7537084901331585,0.7537084901331585,0.7537084901331585,0.8264398900105039
A5,r2,secondary,11.5,0.78496786119405,0.8250951117295979,0.7850173207779187,0.7850173207779187,0.7850173207779187,0.8533716905284506
A5,r2,secondary,12.0,0.80932328097818,0.7437599211317683,0.8092803897871982,0.8092803897871982,0.8092803897871982,0.8757841890737776
A5,r2,secondary,12.5,0.830973735243878,0.6679897105249939,0.8310439116689664,0.8310439116689664,0.8310439116689664,0.8981385437043914
A5,r2,secondary,13.0,0.849902727322723,0.8273922125804919,0.8499220242342873,0.8499220242342873,0.8499220242342873,0.9188343812549977
A5,r2,secondary,13.5,0.871575816287356,0.9309893207178198,0.8716302843385005,0.8716302843385005,0.8716302843385005,0.9416336107930905
A5,r2,secondary,14.0,0.888145135807916,1.0280826352241126,0.888098053688663,0.888098053688663,0.888098053688663,0.9591818246485739
A5,r2,secondary,14.5,0.902497137184636,0.9118212666605751,0.9024271356598694,0.9024271356598694,0.9024271356598694,0.9768826272964088
A5,r2,secondary,15.0,0.911784384031443,0.8426327460223282,0.9117180682634815,0.9117180682634815,0.9117180682634815,0.9906125251833034
A5,r2,secondary,15.5,0.918068871350957,0.9340219689833048,0.9179798536193597,0.9179798536193597,0.9179798536193597,1.0032015079976002
A5,r2,secondary,16.0,0.926679063763781,0.9064946437261859,0.9265961742489471,0.9265961742489471,0.9265961742489471,1.015641114132312
A5,r2,secondary,16.5,0.93581440787096,0.8797821151523629,0.935667797525013,0.935667797525013,0.935667797525013,1.0274349286579827
A5,r2,secondary,17.0,0.946783491470016,0.9626752514712291,0.9466830869556119,0.9466830869556119,0.9466830869556119,1.0414850883288742
A5,r2,secondary,17.5,0.95600502529884,1.0058501597566232,0.9559596241926874,0.9559596241926874,0.9559596241926874,1.0539158802427822
A5,r2,secondary,18.0,0.964832233134551,1.3513605058536213,0.9647598528397773,0.9647598528397773,0.9647598528397773,1.064238349676699
A5,r2,secondary,18.5,0.971755185132374,0.5592315423666945,0.9716846097900814,0.9716846097900814,0.9716846097900814,1.0702172296753452
A5,r2,secondary,19.0,0.977161226202546,1.0904387526379467,0.9770954285284167,0.9770954285284167,0.9770954285284167,1.0751843931209202
A5,r2,secondary,19.5,0.985458097430486,0.9071998074378784,0.9854304024305159,0.9854304024305159,0.9854304024305159,1.0826124871555896
A5,r2,secondary,20.0,0.994766282210636,0.8249156154266524,0.9947825395430283,0.9947825395430283,0.9947825395430283,1.0916307130178575
A5,r2,secondary,20.5,1.00273791407302,1.1038397333117942,1.0026747095542983,1.0026747095542983,1.0026747095542983,1.0997769549375442
A5,r2,secondary,21.0,1.01161394216505,0.9039520384615547,1.0116591972388669,1.0116591972388669,1.0116591972388669,1.108853181443859
A5,r2,secondary,21.5,1.02104285171649,1.2537683822830068,1.0210875921350544,1.0210875921350544,1.0210875921350544,1.118638372371759
A5,r2,secondary,22.0,1.0277307964985,1.0035027073134843,1.0277450977045588,1.0277450977045588,1.0277450977045588,1.1285555568892345
A5,r2,secondary,22.5,1.03467267249784,1.091788886442604,1.0347001132121338,1.0347001132121338,1.0347001132121338,1.1404124900576584
A5,r2,secondary,23.0,1.04066408025271,1.0156995152258788,1.0406810019904023,1.0406810019904023,1.0406810019904023,1.1538430290283122
A5,r2,secondary,23.5,1.04578725798414,0.8637364325791668,1.0459267456298935,1.0459267456298935,1.0459267456298935,1.1666977274888068
A5,r2,secondary,24.0,1.04644472047918,1.2316847747197461,1.046496503821252,1.046496503821252,1.046496503821252,1.1752004903488493
A5,r2,secondary,24.5,1.04676972297892,1.0065229960358497,1.0468621365947326,1.0468621365947326,1.0468621365947326,1.1825365563785293
A5,r2,secondary,25.0,1.04540466485451,1.1093195298443184,1.045478184974353,1.045478184974353,1.045478184974353,1.1863859280326485
A5,r2,secondary,25.5,1.03966973486106,1.2103260215620077,1.0396903197243796,1.0396903197243796,1.0396903197243796,1.18263841301711
A5,r2,secondary,26.0,1.03355442356586,0.9980645175363859,1.0335713295114857,1.0335713295114857,1.0335713295114857,1.1758776927560357
A5,r2,secondary,26.5,1.02733460111163,1.1197223466794561,1.027348462756501,1.027348462756501,1.027348462756501,1.1706521406906472
A5,r2,secondary,27.0,1.02562094146777,1.123886318936989,1.0256302475076065,1.0256302475076065,1.0256302475076065,1.1709196607253418
A5,r2,secondary,27.5,1.02599732495855,0.9003640014607595,1.0260272185387298,1.0260272185387298,1.0260272185387298,1.1742227882363896
A5,r2,secondary,28.0,1.02471956760196,0.7958338972904722,1.0247380263936179,1.0247380263936179,1.0247380263936179,1.1716611473174072
A5,r2,secondary,28.5,1.02198358241242,1.0004576814990007,1.021992438773807,1.021992438773807,1.021992438773807,1.1640011581691339
A5,r2,secondary,29.0,1.01907296308615,0.8341180226833047,1.0190851049086262,1.0190851049086262,1.0190851049086262,1.1541129542072484
A5,r2,secondary,29.5,1.02014218039656,1.1782426407686664,1.0201624808526986,1.0201624808526986,1.0201624808526986,1.149203677672131
A5,r2,secondary,30.0,1.02204250023088,0.9319393138288273,1.022103552293733,1.022103552293733,1.022103552293733,1.1483225759725653
A5,r3,primary,0.0,5.15818495527735e-19,,0.0,0.0,0.0,0.0
A5,r3,primary,0.5,0.0,0.0,0.0,0.0,0.0,0.0
A5,r3,primary,1.0,0.0,0.0,0.0,0.0,0.0,0.0
A5,r3,primary,1.5,0.0,0.0,0.0,0.0,0.0,0.0
A5,r3,primary,2.0,0.0,0.0,0.0,0.0,0.0,0.0
A5,r3,primary,2.5,1.13881880707058e-17,0.0,0.0,0.0,0.0,0.0
A5,r3,primary,3.0,0.0025127468282756,0.0,0.002223265724201813,0.002515903523271311,0.002223265724201813,0.004272786021930078
A5,r3,primary,3.5,0.0090132217482794,0.0,0.008360942243297774,0.009013355432889702,0.008360942243297774,0.015307229426776084
A5,r3,primary,4.0,0.0196033027617894,0.0,0.01882149481649094,0.019558630008520955,0.01882149481649094,0.032788287643029095
A5,r3,primary,4.5,0.0399325666972924,0.0,0.03939597199881671,0.03993718118223135,0.03939597199881671,0.05905384016804812
A5,r3,primary,5.0,0.0643978979554811,0.0,0.0641879466058329,0.0642709653504654,0.0641879466058329,0.08678293428040298
A5,r3,primary,5.5,0.0975466440829949,0.0,0.09742189912672511,0.09742189912672511,0.09742189912672511,0.1232664522987315
A5,r3,primary,6.0,0.137597474977466,0.0,0.13751989958218475,0.13751989958218475,0.13751989958218475,0.16338066124927741
A5,r3,primary,6.5,0.188134631460141,0.0,0.1880490775950562,0.1880490775950562,0.1880490775950562,0.21705346877302953
A5,r3,primary,7.0,0.246689070998474,0.0,0.24665390663112777,0.24665390663112777,0.24665390663112777,0.28179154712871257
A5,r3,primary,7.5,0.312188678101508,0.0,0.3121183282711738,0.3121183282711738,0.3121183282711738,0.35136090244099727
A5,r3,primary,8.0,0.381613247498445,0.3206789529704878,0.38161822777215776,0.38161822777215776,0.38161822777215776,0.4275796965807382
A5,r3,primary,8.5,0.450110884893405,0.3027385226345306,0.45015727662548227,0.45015727662548227,0.45015727662548227,0.5022327968773708
A5,r3,primary,9.0,0.517898407776398,0.8625669243185844,0.5180277722515975,0.5180277722515975,0.5180277722515975,0.5763127349499925
A5,r3,primary,9.5,0.587902654255785,0.5452230947252117,0.588023365165896,0.588023365165896,0.588023365165896,0.6576266892996742
A5,r3,primary,10.0,0.658706709722018,0.521103341151063,0.6588384990640133,0.6588384990640133,0.6588384990640133,0.7400891614813608
A5,r3,primary,10.5,0.727590468164484,1.1200132607491584,0.7277402475287733,0.7277402475287733,0.7277402475287733,0.8163756189937941
A5,r3,primary,11.0,0.791321828854792,0.8352508777686777,0.7915008338165507,0.7915008338165507,0.7915008338165507,0.8888721854208975
A5,r3,primary,11.5,0.850181749310896,1.3723908266721692,0.8504009478984867,0.8504009478984867,0.8504009478984867,0.9530976219043635
A5,r3,primary,12.0,0.905485250326031,0.9900528554548916,0.9056641702288778,0.9056641702288778,0.9056641702288778,1.0060334015745565
A5,r3,primary,12.5,0.952481754277713,1.056302860494863,0.9525995235606612,0.9525995235606612,0.9525995235606612,1.0507638047870096
A5,r3,primary,13.0,0.993392929387162,1.1206031047289562,0.9936177921222409,0.9936177921222409,0.9936177921222409,1.0932036595973869
A5,r3,primary,13.5,1.02640873370485,0.5914133771787402,1.0266558162999875,1.0266558162999875,1.0266558162999875,1.1267273516305814
A5,r3,primary,14.0,1.04801655086597,1.1426711008070456,1.0481728381300974,1.0481728381300974,1.0481728381300974,1.1494216358187765
A5,r3,primary,14.5,1.06111996846278,0.9213516687215406,1.0612808918018983,1.0612808918018983,1.0612808918018983,1.1651690033427202
A5,r3,primary,15.0,1.07320670430277,1.6101364342980893,1.0733705612945648,1.0733705612945648,1.0733705612945648,1.1755805079379202
A5,r3,primary,15.5,1.07889840219574,0.9530909485167877,1.0788165607894127,1.0788165607894127,1.0788165607894127,1.1756769151142987
A5,r3,primary,16.0,1.08718652279761,0.7576579225789464,1.0872396789151968,1.0872396789151968,1.0872396789151968,1.1786048516533694
A5,r3,primary,16.5,1.08934289014525,1.3077272850486112,1.089413974599822,1.089413974599822,1.089413974599822,1.1715344518611346
A5,r3,primary,17.0,1.08915887289482,1.0331817249098818,1.0891550350561807,1.0891550350561807,1.0891550350561807,1.1617020630554404
A5,r3,primary,17.5,1.09192545219221,1.3941574936619903,1.0917651877855346,1.0917651877855346,1.0917651877855346,1.1557972919332768
A5,r3,primary,18.0,1.10183465018623,1.2030769333186322,1.101697599760011,1.101697599760011,1.101697599760011,1.157117394970413
A5,r3,primary,18.5,1.11150385815908,0.8796395614794713,1.1114578249999136,1.1114578249999136,1.1114578249999136,1.159390446894964
A5,r3,primary,19.0,1.11613263254776,0.9299122834122681,1.1161049376274528,1.1161049376274528,1.1161049376274528,1.1565402855649403
A5,r3,primary,19.5,1.1140184520622,1.1171084186334652,1.113946109590309,1.113946109590309,1.113946109590309,1.1494936841208707
A5,r3,primary,20.0,1.11150039615609,1.1587640227220324,1.1114222349303173,1.1114222349303173,1.1114222349303173,1.1445236269024794
A5,r3,primary,20.5,1.11233459382491,1.332120114141741,1.1123208604912695,1.1123208604912695,1.1123208604912695,1.1414262076251749
A5,r3,primary,21.0,1.11252207652474,1.1725639470923352,1.112603257304406,1.112603257304406,1.112603257304406,1.1364142869799836
A5,r3,primary,21.5,1.10854201334679,0.6988295629319083,1.1084321607334797,1.1084321607334797,1.1084321607334797,1.1266221531996867
A5,r3,primary,22.0,1.10262862203777,0.8721433455130954,1.1025923433558413,1.1025923433558413,1.1025923433558413,1.1123131225733995
A5,r3,primary,22.5,1.0996399500108,1.6455266071078125,1.0996260766618433,1.0996260766618433,1.0996260766618433,1.0958983715355433
A5,r3,primary,23.0,1.09595515189045,1.4327982591415942,1.0957943841146514,1.0957943841146514,1.0957943841146514,1.0850576877538005
A5,r3,primary,23.5,1.09846460037771,1.0531921955975465,1.098362352876632,1.098362352876632,1.098362352876632,1.088576822745278
A5,r3,primary,24.0,1.10677025976504,0.8602167066462862,1.1067185443054448,1.1067185443054448,1.1067185443054448,1.102280094506568
A5,r3,primary,24.5,1.11370509549399,0.956359600239725,1.113848223787521,1.113848223787521,1.113848223787521,1.1158782729852055
A5,r3,primary,25.0,1.1137996299009,1.156348656267285,1.1139643177683127,1.1139643177683127,1.1139643177683127,1.123927109478602
A5,r3,primary,25.5,1.11185536390845,1.1897147689599428,1.1118788874112824,1.1118788874112824,1.1118788874112824,1.1280888834526366
A5,r3,primary,26.0,1.11390627179384,1.0626020393558606,1.1137763017277549,1.1137763017277549,1.1137763017277549,1.134334753301499
A5,r3,primary,26.5,1.11933135577729,0.8356320623467656,1.1194077569489465,1.1194077569489465,1.1194077569489465,1.1496010029047674
A5,r3,primary,27.0,1.11989473149415,0.9230982631374129,1.1198705625006578,1.1198705625006578,1.1198705625006578,1.1575429908029973
A5,r3,primary,27.5,1.11766575201228,1.3052200758496944,1.1176896741429796,1.1176896741429796,1.1176896741429796,1.1579347366463688
A5,r3,primary,28.0,1.114223526639,1.0875622775671283,1.114239095142541,1.114239095142541,1.114239095142541,1.1551996313528594
A5,r3,primary,28.5,1.11648790749754,1.5582084991745129,1.116507159536117,1.116507159536117,1.116507159536117,1.1593280119658753
A5,r3,primary,29.0,1.11867449640788,1.4849855274118304,1.1186351234433287,1.1186351234433287,1.1186351234433287,1.1644542902150823
A5,r3,primary,29.5,1.119752258623,0.8464661693201463,1.11977969451494,1.11977969451494,1.11977969451494,1.1672026775215123
A5,r3,primary,30.0,1.11507444351783,0.833973450837499,1.1150235927343184,1.1150235927343184,1.1150235927343184,1.1670744137915892
A5,r3,secondary,0.0,0.018884864690667,,0.009438991608048803,0.018877983216097606,0.018877983216097606,0.02605561575646863
A5,r3,secondary,0.5,0.0323501650229187,0.0,0.01842487601837121,0.032231289919273334,0.02249583553470194,0.035517706986805384
A5,r3,secondary,1.0,0.0525981799915285,0.0,0.033579073372766235,0.05230616854994429,0.03531752064108767,0.05809215986025208
A5,r3,secondary,1.5,0.0801608647216103,0.0,0.056801775281897525,0.08004103852289232,0.056801775281897525,0.08905181519723952
A5,r3,secondary,2.0,0.106288851668538,0.0,0.0821639519408756,0.10623929962644607,0.0821639519408756,0.11801199553430919
A5,r3,secondary,2.5,0.136073113110022,0.0,0.11306394486803766,0.13592120962530657,0.11306394486803766,0.1484464897577534
A5,r3,secondary,3.0,0.169389421237531,0.0,0.14966109390657728,0.1693602655577203,0.14966109390657728,0.1854743905403165
A5,r3,secondary,3.5,0.20228285678643,0.0,0.18737598308453587,0.2019971297471742,0.18737598308453587,0.22307603574414908
A5,r3,secondary,4.0,0.241032881839155,0.1851188886136043,0.23183783857150844,0.24091766094063813,0.23183783857150844,0.2693041130502907
A5,r3,secondary,4.5,0.280140567655146,0.16564722178600547,0.27620688836598306,0.28000132969898384,0.27620688836598306,0.3160981967886102
A5,r3,secondary,5.0,0.323000199261361,0.14931934778142153,0.3224483316936717,0.322865376592622,0.3224483316936717,0.36759118431136106
A5,r3,secondary,5.5,0.368863521616539,0.5456862856229368,0.3687353655863649,0.3687353655863649,0.3687353655863649,0.42196999178149797
A5,r3,secondary,6.0,0.418548184287632,0.7531285155677876,0.41835846355961925,0.41835846355961925,0.41835846355961925,0.483293846494341
A5,r3,secondary,6.5,0.472691061131852,0.4650627660665686,0.47260128616556357,0.47260128616556357,0.47260128616556357,0.5467896411563684
A5,r3,secondary,7.0,0.529431668582423,0.43388040998047495,0.5294134781763803,0.5294134781763803,0.5294134781763803,0.6124011046253615
A5,r3,secondary,7.5,0.582807495460028,0.9151822380128588,0.5828198482258284,0.5828198482258284,0.5828198482258284,0.6758205588644778
A5,r3,secondary,8.0,0.631532136113791,0.38271199625809393,0.6314788995643159,0.6314788995643159,0.6314788995643159,0.732840340593651
A5,r3,secondary,8.5,0.674912036162201,1.0839454608030388,0.6748912022847032,0.6748912022847032,0.6748912022847032,0.784076196989411
A5,r3,secondary,9.0,0.711512448199225,0.5135449987494679,0.7115770654006031,0.7115770654006031,0.7115770654006031,0.8270615054390982
A5,r3,secondary,9.5,0.7427328210706,0.7335046811151474,0.7427520039050575,0.7427520039050575,0.7427520039050575,0.8677391530407208
A5,r3,secondary,10.0,0.768325757502913,0.4654825878031251,0.7683691761809632,0.7683691761809632,0.7683691761809632,0.9043550741742498
A5,r3,secondary,10.5,0.796104547608537,0.8909591201162157,0.7961613333997181,0.7961613333997181,0.7961613333997181,0.9412370206993529
A5,r3,secondary,11.0,0.822891931897987,1.28001785592993,0.822928094657903,0.822928094657903,0.822928094657903,0.9728565985829983
A5,r3,secondary,11.5,0.850812655769002,0.8188544262499362,0.8508714325863135,0.8508714325863135,0.8508714325863135,1.0067970463342288
A5,r3,secondary,12.0,0.878579747592179,1.048309199363791,0.8787401908886031,0.8787401908886031,0.8787401908886031,1.0352266565710417
A5,r3,secondary,12.5,0.902654484250399,0.8837674419410522,0.9028000419413883,0.9028000419413883,0.9028000419413883,1.055044686415265
A5,r3,secondary,13.0,0.92739423666613,0.790870976844852,0.927561075294474,0.927561075294474,0.927561075294474,1.072724867722318
A5,r3,secondary,13.5,0.949886580999337,0.7047661060411924,0.9500797991904865,0.9500797991904865,0.9500797991904865,1.0921863572995534
A5,r3,secondary,14.0,0.964227171969975,0.7963459807033378,0.9643602302387467,0.9643602302387467,0.9643602302387467,1.102860388018464
A5,r3,secondary,14.5,0.976880001966639,0.7701909228030978,0.9770510729506492,0.9770510729506492,0.9770510729506492,1.1099461848548233
A5,r3,secondary,15.0,0.987861060650957,1.2246999797246159,0.9880271128333376,0.9880271128333376,0.9880271128333376,1.114400641442836
A5,r3,secondary,15.5,0.997316903746697,1.3444074581438847,0.9973716350303542,0.9973716350303542,0.9973716350303542,1.1183640216934292
A5,r3,secondary,16.0,1.00263556490659,1.203904966784037,1.0027082435706791,1.0027082435706791,1.0027082435706791,1.1197636922148648
A5,r3,secondary,16.5,1.00631508881791,1.071927614848507,1.006429061609931,1.006429061609931,1.006429061609931,1.123070687888351
A5,r3,secondary,17.0,1.00976609774785,0.9477375054443424,1.00974726127584,1.00974726127584,1.00974726127584,1.1208317275678248
A5,r3,secondary,17.5,1.01503061477169,1.15273481316763,1.015114548513583,1.015114548513583,1.015114548513583,1.1183331921178998
A5,r3,secondary,18.0,1.0164940219131,1.1224770468709038,1.0165955744736044,1.0165955744736044,1.0165955744736044,1.1168853091022004
A5,r3,secondary,18.5,1.01571699397261,0.8322628269467909,1.0157984628212453,1.0157984628212453,1.0157984628212453,1.1122533679996052
A5,r3,secondary,19.0,1.01425870524941,0.5977075316314543,1.0143709277395931,1.0143709277395931,1.0143709277395931,1.1070698571636262
A5,r3,secondary,19.5,1.00872203086571,1.207652128885876,1.0087550287166276,1.0087550287166276,1.0087550287166276,1.1010985775092088
A5,r3,secondary,20.0,0.999446695248643,1.219036810263958,0.9995257428045056,0.9995257428045056,0.9995257428045056,1.095143917210913
A5,r3,secondary,20.5,0.987750482136406,1.0727884516722168,0.9878183253781089,0.9878183253781089,0.9878183253781089,1.0879718681550707
A5,r3,secondary,21.0,0.981269235147481,0.7757250220935171,0.9813044781428788,0.9813044781428788,0.9813044781428788,1.084807938629239
A5,r3,secondary,21.5,0.976943189012117,0.872332522181468,0.976999770454019,0.976999770454019,0.976999770454019,1.0838049705846742
A5,r3,secondary,22.0,0.971401325791708,0.9299530730016767,0.9714231053685953,0.9714231053685953,0.9714231053685953,1.0785526081930794
A5,r3,secondary,22.5,0.967322650146967,1.018517885050889,0.9672736865062214,0.9672736865062214,0.9672736865062214,1.0723511484075405
A5,r3,secondary,23.0,0.96596999041427,0.8552689283242533,0.9659862331686724,0.9659862331686724,0.9659862331686724,1.0689320421609023
A5,r3,secondary,23.5,0.966733883777105,1.1166638073714694,0.9667764803038906,0.9667764803038906,0.9667764803038906,1.0689282609017123
A5,r3,secondary,24.0,0.967920361042385,1.094229820858457,0.9679584049120318,0.9679584049120318,0.9679584049120318,1.0739911785287743
A5,r3,secondary,24.5,0.967284048707076,0.9729469983135994,0.9672662357684233,0.9672662357684233,0.9672662357684233,1.0769084457060203
A5,r3,secondary,25.0,0.964352550721283,0.855140781497995,0.9642995500955706,0.9642995500955706,0.9642995500955706,1.0745243734482148
A5,r3,secondary,25.5,0.963960942066096,0.9352120660119241,0.963822852576621,0.963822852576621,0.963822852576621,1.0734216760569266
A5,r3,secondary,26.0,0.969252399610357,1.0759125679496149,0.9692120296934544,0.9692120296934544,0.9692120296934544,1.0768552628133272
A5,r3,secondary,26.5,0.974356883736682,0.7785284578296578,0.9742870411009373,0.9742870411009373,0.9742870411009373,1.0835676000758478
A5,r3,secondary,27.0,0.978372017188223,0.9476890927288999,0.9783475284887748,0.9783475284887748,0.9783475284887748,1.0904739537990145
A5,r3,secondary,27.5,0.977196895957457,1.0794763058381993,0.9772190860317996,0.9772190860317996,0.9772190860317996,1.0873217560192034
A5,r3,secondary,28.0,0.975399702265506,1.0332537795047756,0.9753645255258979,0.9753645255258979,0.9753645255258979,1.0818596605290247
A5,r3,secondary,28.5,0.971819544495247,0.8125322137008169,0.9716917646719414,0.9716917646719414,0.9716917646719414,1.0751559946244604
A5,r3,secondary,29.0,0.968560600449931,1.056394394879998,0.9684532614728001,0.9684532614728001,0.9684532614728001,1.069461641514003
A5,r3,secondary,29.5,0.967588826747964,1.0942279087492668,0.9675175223994801,0.9675175223994801,0.9675175223994801,1.0649941846514543
A5,r3,secondary,30.0,0.966504230649016,0.8293587235466916,0.9664356565592429,0.9664356565592429,0.9664356565592429,1.0645265978123208
A5,r4,primary,0.0,3.23127791641596e-17,,0.0,0.0,0.0,0.0
A5,r4,primary,0.5,1.04360833048707e-16,0.0,0.0,0.0,0.0,0.0
A5,r4,primary,1.0,0.0,0.0,0.0,0.0,0.0,0.0
A5,r4,primary,1.5,5.65245296896341e-05,0.0,0.0,0.0,0.0,0.0
A5,r4,primary,2.0,0.0032691638770225,0.0,0.002454776398767412,0.0032571701491214086,0.002454776398767412,0.0049784982859542495
A5,r4,primary,2.5,0.0093696188244013,0.0,0.007378722581830174,0.009116914079035823,0.007378722581830174,0.013934507290301431
A5,r4,primary,3.0,0.0217655975082518,0.0,0.018650138831005712,0.021689045677903876,0.018650138831005712,0.027510514383921505
A5,r4,primary,3.5,0.0448395528497636,0.0,0.04055703251803031,0.04485142201730935,0.04055703251803031,0.05293690276087328
A5,r4,primary,4.0,0.0728680847762174,0.0,0.06850817480873155,0.072771783368034,0.06850817480873155,0.0845136770114658
A5,r4,primary,4.5,0.102444321674359,0.0,0.09942429596979861,0.1024641388064939,0.09942429596979861,0.11478928685619194
A5,r4,primary,5.0,0.132894585279496,0.0,0.13148549743033808,0.13281530885113088,0.13148549743033808,0.14809146098194517
A5,r4,primary,5.5,0.167383487394554,0.0,0.1670977489817759,0.16720704862463648,0.1670977489817759,0.1890354083786686
A5,r4,primary,6.0,0.204689775374375,0.0,0.2045742125217635,0.2045742125217635,0.2045742125217635,0.23571162166594173
A5,r4,primary,6.5,0.2469427995296,0.0,0.24690774381462596,0.24690774381462596,0.24690774381462596,0.2887137781616811
A5,r4,primary,7.0,0.294985894383822,0.2634352032544888,0.29498897270182384,0.29498897270182384,0.29498897270182384,0.34195463714203095
A5,r4,primary,7.5,0.352164982960312,0.0,0.352104715402785,0.352104715402785,0.352104715402785,0.40803971932586713
A5,r4,primary,8.0,0.413419310140832,0.6969518857608614,0.4134477814197597,0.4134477814197597,0.4134477814197597,0.47779827925239915
A5,r4,primary,8.5,0.471761977420665,0.6602224850813174,0.47185949690898366,0.47185949690898366,0.47185949690898366,0.5440968629132992
A5,r4,primary,9.0,0.531090152919304,1.039554837131373,0.5311477345302417,0.5311477345302417,0.5311477345302417,0.6106065493713476
A5,r4,primary,9.5,0.593955132853064,0.5925368706653844,0.5939315914954759,0.5939315914954759,0.5939315914954759,0.6802465157439438
A5,r4,primary,10.0,0.657787134268745,0.37552700335168476,0.6578754020334073,0.6578754020334073,0.6578754020334073,0.7441650652395849
A5,r4,primary,10.5,0.719640312570876,0.7204722037484173,0.7197112883965538,0.7197112883965538,0.7197112883965538,0.803849967901206
A5,r4,primary,11.0,0.777228210663353,0.6885789018802505,0.7773173977887382,0.7773173977887382,0.7773173977887382,0.8584033458932454
A5,r4,primary,11.5,0.833509521455897,0.6634238739430287,0.8335535769586011,0.8335535769586011,0.8335535769586011,0.9106119429771737
A5,r4,primary,12.0,0.89105558813159,0.953859706584248,0.8911322426497731,0.8911322426497731,0.8911322426497731,0.9582612330847073
A5,r4,primary,12.5,0.941877039307555,1.3797265059494288,0.9419041796594679,0.9419041796594679,0.9419041796594679,0.9963589556954842
A5,r4,primary,13.0,0.988712610670929,1.328284871850974,0.988862818959566,0.988862818959566,0.988862818959566,1.0286927286545795
A5,r4,primary,13.5,1.02705489400961,0.7123284326798315,1.0271077136243227,1.0271077136243227,1.0271077136243227,1.0530923891018464
A5,r4,primary,14.0,1.06272691643659,0.6887710400017495,1.0628466131503196,1.0628466131503196,1.0628466131503196,1.0775785794359378
A5,r4,primary,14.5,1.09769264759822,1.329997721907857,1.0975136448421228,1.0975136448421228,1.0975136448421228,1.1018543550564084
A5,r4,primary,15.0,1.13762033113985,1.5482726499334183,1.13767301936567,1.13767301936567,1.13767301936567,1.1359652788093162
A5,r4,primary,15.5,1.17119267737898,1.125407373331888,1.1712190631276855,1.1712190631276855,1.1712190631276855,1.1619247338240712
A5,r4,primary,16.0,1.19983487639155,0.8508031108902199,1.1997888502090366,1.1997888502090366,1.1997888502090366,1.1824575763411682
A5,r4,primary,16.5,1.22588689501103,1.0632345531726208,1.2256973562738942,1.2256973562738942,1.2256973562738942,1.2083504748282516
A5,r4,primary,17.0,1.24944250299663,1.9523296230388847,1.2494999565682916,1.2494999565682916,1.2494999565682916,1.2322516297550168
A5,r4,primary,17.5,1.26779124398784,1.2284202468336605,1.267693546599995,1.267693546599995,1.267693546599995,1.2553116534435698
A5,r4,primary,18.0,1.28420553358745,1.4140596555261833,1.2841749269766252,1.2841749269766252,1.2841749269766252,1.2777091461693262
A5,r4,primary,18.5,1.30138055039707,0.9526633816823667,1.3013850775731697,1.3013850775731697,1.3013850775731697,1.3035578120703697
A5,r4,primary,19.0,1.31768006430508,1.340558014499785,1.3176182064442752,1.3176182064442752,1.3176182064442752,1.3335775807144967
A5,r4,primary,19.5,1.32667843317323,1.3124467408358158,1.3266796987636098,1.3266796987636098,1.3266796987636098,1.3543667316236347
A5,r4,primary,20.0,1.32567448803924,1.6723453104503014,1.3255167889030772,1.3255167889030772,1.3255167889030772,1.3655165133066247
A5,r4,primary,20.5,1.32272956036882,1.0544241904004885,1.3226764799004478,1.3226764799004478,1.3226764799004478,1.3728750490300405
A5,r4,primary,21.0,1.31630809552741,1.0327716180147306,1.3163073397246368,1.3163073397246368,1.3163073397246368,1.375297684485063
A5,r4,primary,21.5,1.30268560202006,1.6540749732941469,1.3026049380275329,1.3026049380275329,1.3026049380275329,1.3669740204648781
A5,r4,primary,22.0,1.28843534661718,1.7964898930008126,1.288294792183761,1.288294792183761,1.288294792183761,1.3587302376043604
A5,r4,primary,22.5,1.27718941826849,1.2300085935157503,1.2771560946049205,1.2771560946049205,1.2771560946049205,1.3549536015108339
A5,r4,primary,23.0,1.26937178152765,1.4645671967207423,1.2691525974773623,1.2691525974773623,1.2691525974773623,1.3535319749714627
A5,r4,primary,23.5,1.26528840631054,1.6065708279770672,1.265203651633618,1.265203651633618,1.265203651633618,1.3456069635966206
A5,r4,primary,24.0,1.26137158667851,0.7444303021094246,1.2613039533717458,1.2613039533717458,1.2613039533717458,1.333771629644371
A5,r4,primary,24.5,1.25520483500155,1.214001876675038,1.2551384715405893,1.2551384715405893,1.2551384715405893,1.3163201184782927
A5,r4,primary,25.0,1.24627853911559,0.9526438731656698,1.2461627466668637,1.2461627466668637,1.2461627466668637,1.2995363485305695
A5,r4,primary,25.5,1.24001024986626,1.090103770225516,1.2398969056013036,1.2398969056013036,1.2398969056013036,1.2864985259708186
A5,r4,primary,26.0,1.23526898395352,1.1499175014836884,1.235231001253363,1.235231001253363,1.235231001253363,1.2781248423949727
A5,r4,primary,26.5,1.23063204522287,0.6773406019141386,1.2306410653597444,1.2306410653597444,1.2306410653597444,1.2708338946050068
A5,r4,primary,27.0,1.22183406111808,1.1824005498322048,1.2216768574127312,1.2216768574127312,1.2216768574127312,1.2569660281762434
A5,r4,primary,27.5,1.21393146595366,1.6682196505829778,1.2136916031840619,1.2136916031840619,1.2136916031840619,1.2453134346979635
A5,r4,primary,28.0,1.21269898117327,1.5703597565782406,1.2126756823103115,1.2126756823103115,1.2126756823103115,1.2465723589708333
A5,r4,primary,28.5,1.21385099066594,1.2634137361151179,1.2135733771749277,1.2135733771749277,1.2135733771749277,1.2446618490242074
A5,r4,primary,29.0,1.2188785198682,1.5183517779632965,1.2187744866576191,1.2187744866576191,1.2187744866576191,1.248326651912325
A5,r4,primary,29.5,1.22854209381078,0.8835041917828589,1.2284222440849293,1.2284222440849293,1.2284222440849293,1.2616619393510766
A5,r4,primary,30.0,1.23986246413023,1.1371634467393743,1.2397385846457456,1.2397385846457456,1.2397385846457456,1.2787933077864406
A5,r4,secondary,0.0,0.073883168680287,,0.037015328890906064,0.07403065778181213,0.07403065778181213,0.11248881114658439
A5,r4,secondary,0.5,0.0803447782477654,0.0,0.04554563991451141,0.08047113427170353,0.07327381860974222,0.12227380870691343
A5,r4,secondary,1.0,0.0857948541272672,0.0,0.05411044182855991,0.08576095033219039,0.07488994920403191,0.12941103418698433
A5,r4,secondary,1.5,0.100987389916448,0.0,0.07008500041881721,0.10100981619530386,0.08340786224206415,0.1466662548326046
A5,r4,secondary,2.0,0.120863133421092,0.0,0.09115207541904757,0.12094699103122503,0.09743051299196882,0.16673112381133237
A5,r4,secondary,2.5,0.144473385562085,0.3497843615234705,0.11691693751682351,0.14445883578136842,0.11992043078420273,0.18921586745831373
A5,r4,secondary,3.0,0.174760935471638,0.0,0.15026413407142203,0.174748600916983,0.15026413407142203,0.21879462316794832
A5,r4,secondary,3.5,0.208662132845651,0.2520677457963484,0.18864184690379654,0.2086162265901832,0.18864184690379654,0.25354731502250305
A5,r4,secondary,4.0,0.243844498093897,0.22070625438407313,0.22959301902852336,0.2438817482760779,0.22959301902852336,0.29050019377620523
A5,r4,secondary,4.5,0.279156529286972,0.0,0.2708985101233144,0.27918108217914195,0.2708985101233144,0.326683449070064
A5,r4,secondary,5.0,0.316833382402722,0.17840527170647139,0.31371343734542256,0.3168862565535572,0.31371343734542256,0.3656608512315886
A5,r4,secondary,5.5,0.359224932206515,0.16244134471184238,0.3590113174171682,0.35924614887968465,0.3590113174171682,0.4105833360536339
A5,r4,secondary,6.0,0.407066909966631,0.0,0.407133624328219,0.407133624328219,0.407133624328219,0.45784519252288397
A5,r4,secondary,6.5,0.460126651787526,0.5545047775058366,0.46011736582174617,0.46011736582174617,0.46011736582174617,0.514875582075452
A5,r4,secondary,7.0,0.517362834298227,0.9056462796113542,0.5172701122534552,0.5172701122534552,0.5172701122534552,0.5764072745391676
A5,r4,secondary,7.5,0.573873662594378,0.2420819972622296,0.5740045452163308,0.5740045452163308,0.5740045452163308,0.6408865578030322
A5,r4,secondary,8.0,0.625132505432405,1.1381369215664925,0.625184093350318,0.625184093350318,0.625184093350318,0.7003383961036335
A5,r4,secondary,8.5,0.674766276857338,0.9682768037649649,0.6749088591167911,0.6749088591167911,0.6749088591167911,0.7580714208144482
A5,r4,secondary,9.0,0.72003697636535,0.8165942850873361,0.720171835082938,0.720171835082938,0.720171835082938,0.8121781143942614
A5,r4,secondary,9.5,0.761234158458341,0.38658672684608875,0.761232307729471,0.761232307729471,0.761232307729471,0.8604646636662943
A5,r4,secondary,10.0,0.805048847278498,0.645662273518864,0.8052278772857063,0.8052278772857063,0.8052278772857063,0.9137418238334363
A5,r4,secondary,10.5,0.844553386363437,1.058520956380194,0.8447754671270331,0.8447754671270331,0.8447754671270331,0.9588821486104242
A5,r4,secondary,11.0,0.877459132379708,0.9297355738571061,0.8776316446826605,0.8776316446826605,0.8776316446826605,0.9958622443129044
A5,r4,secondary,11.5,0.906798905421906,0.9732303105388632,0.9070632584742764,0.9070632584742764,0.9070632584742764,1.0296735772412204
A5,r4,secondary,12.0,0.923857034297632,1.481427122522695,0.9240785318869796,0.9240785318869796,0.9240785318869796,1.0493386482077534
A5,r4,secondary,12.5,0.935539467705586,1.352472029560509,0.9356874845541936,0.9356874845541936,0.9356874845541936,1.0622756447647361
A5,r4,secondary,13.0,0.94755577779576,0.4346868913970218,0.9477278990895013,0.9477278990895013,0.9477278990895013,1.0728111837859302
A5,r4,secondary,13.5,0.956719336872125,1.117196683021196,0.9568385201757055,0.9568385201757055,0.9568385201757055,1.0777741319573815
A5,r4,secondary,14.0,0.96519504578819,0.6079878357486715,0.9652613058576879,0.9652613058576879,0.9652613058576879,1.081191407483384
A5,r4,secondary,14.5,0.977452427271757,0.8475691432457365,0.9776101209141269,0.9776101209141269,0.9776101209141269,1.0859031642356083
A5,r4,secondary,15.0,0.990572533230565,1.2663308735722099,0.9907700950065064,0.9907700950065064,0.9907700950065064,1.0901739431620268
A5,r4,secondary,15.5,0.999398233679544,1.1029285555777362,0.9994042011586494,0.9994042011586494,0.9994042011586494,1.090150891041598
A5,r4,secondary,16.0,1.00692184226408,0.9534488880993219,1.0069988947952813,1.0069988947952813,1.0069988947952813,1.0868608222800884
A5,r4,secondary,16.5,1.0114769500486,1.1004874555282405,1.0115662502188612,1.0115662502188612,1.0115662502188612,1.082403571640353
A5,r4,secondary,17.0,1.01449607976912,0.618867610259787,1.0145293066750254,1.0145293066750254,1.0145293066750254,1.0768981670118796
A5,r4,secondary,17.5,1.01884943556881,0.9843766968738724,1.0187457079452826,1.0187457079452826,1.0187457079452826,1.0716047667654411
A5,r4,secondary,18.0,1.03378360178375,1.1196501977556386,1.0337978224566657,1.0337978224566657,1.0337978224566657,1.081849708266061
A5,r4,secondary,18.5,1.04758379076053,0.8842268235434076,1.047601823088592,1.047601823088592,1.047601823088592,1.0935071328561374
A5,r4,secondary,19.0,1.05848578640727,1.1124493371430166,1.0585115423630238,1.0585115423630238,1.0585115423630238,1.1065572911146422
A5,r4,secondary,19.5,1.0650384524889,1.1357404784989584,1.0650513202747565,1.0650513202747565,1.0650513202747565,1.1176556344047976
A5,r4,secondary,20.0,1.07147508073871,1.3508451249883846,1.0714949233432123,1.0714949233432123,1.0714949233432123,1.1275471720380945
A5,r4,secondary,20.5,1.07115260361753,0.7999635622106392,1.0710973542842133,1.0710973542842133,1.0710973542842133,1.1305145694789778
A5,r4,secondary,21.0,1.06862909707969,1.3334045563543866,1.068656172126733,1.068656172126733,1.068656172126733,1.1315736173790665
A5,r4,secondary,21.5,1.06606383172144,1.1690361448296376,1.066004049151273,1.066004049151273,1.066004049151273,1.1344103471304334
A5,r4,secondary,22.0,1.06236511703081,0.8795567889580137,1.0622901859832443,1.0622901859832443,1.0622901859832443,1.1339381277910359
A5,r4,secondary,22.5,1.06007474705202,1.1633433235571584,1.0600193456867903,1.0600193456867903,1.0600193456867903,1.1350892438939286
A5,r4,secondary,23.0,1.05609025509062,1.5224339246183871,1.0559698656718777,1.0559698656718777,1.0559698656718777,1.1345654844436073
A5,r4,secondary,23.5,1.04993871265821,0.9107403068431841,1.0499510208822609,1.0499510208822609,1.0499510208822609,1.1320943604435794
A5,r4,secondary,24.0,1.04211931585177,1.0949467480483166,1.042040230571667,1.042040230571667,1.042040230571667,1.1294336865540837
A5,r4,secondary,24.5,1.03514807676474,0.7553076529296465,1.035008275802048,1.035008275802048,1.035008275802048,1.126187002648089
A5,r4,secondary,25.0,1.0286170843376,1.0930664016303724,1.0285932968033706,1.0285932968033706,1.0285932968033706,1.126193496861053
A5,r4,secondary,25.5,1.01915647623905,1.073420256479901,1.0190845058396927,1.0190845058396927,1.0190845058396927,1.1233284305915827
A5,r4,secondary,26.0,1.01425164806707,0.7879922251244508,1.0142427545062904,1.0142427545062904,1.0142427545062904,1.123297789954435
A5,r4,secondary,26.5,1.01087399837495,0.6273451118322164,1.0107969983076397,1.0107969983076397,1.0107969983076397,1.1201066959828911
A5,r4,secondary,27.0,1.00678013156649,1.087121393507713,1.0066513121745784,1.0066513121745784,1.0066513121745784,1.1166863515095404
A5,r4,secondary,27.5,1.0036213964798,1.1048468088694692,1.0036650590089033,1.0036650590089033,1.0036650590089033,1.1130303330068727
A5,r4,secondary,28.0,0.999174314153235,1.0845474955185364,0.9990321938761952,0.9990321938761952,0.9990321938761952,1.109889792384096
A5,r4,secondary,28.5,0.998775673809807,1.1351850562006145,0.9987601661378848,0.9987601661378848,0.9987601661378848,1.1148214926639675
A5,r4,secondary,29.0,1.00280454286702,0.8129032227881887,1.0025971729614727,1.0025971729614727,1.0025971729614727,1.1226851385142145
A5,r4,secondary,29.5,1.01152203880953,1.0670140778601545,1.011535488024397,1.011535488024397,1.011535488024397,1.1344913326566834
A5,r4,secondary,30.0,1.01615862709591,1.2125548462398592,1.0161811723401586,1.0161811723401586,1.0161811723401586,1.1430688703718008
A5,r5,primary,0.0,0.0718566359841877,,0.0359599447780355,0.071919889556071,0.071919889556071,0.09508926661699639
A5,r5,primary,0.5,0.085092236987406,0.0,0.049507955533857305,0.0851509897762331,0.07502460091846527,0.11258895027024758
A5,r5,primary,1.0,0.0973983376508673,0.0,0.06438311811049431,0.09741942427399132,0.0805180251011093,0.12881407957484106
A5,r5,primary,1.5,0.110548736708544,0.0,0.08145952942932216,0.11060737622248426,0.09008431869539345,0.14625256899779032
A5,r5,primary,2.0,0.122308729008803,0.0,0.09852639000649806,0.12220501031492055,0.09917694608098142,0.16158528622813434
A5,r5,primary,2.5,0.140636679047034,0.5211051692806589,0.12211006321372833,0.14064157823705506,0.12211006321372833,0.18595625048298475
A5,r5,primary,3.0,0.164382479374165,0.0,0.15134190110470777,0.16440824893488554,0.15134190110470777,0.21446823064445356
A5,r5,primary,3.5,0.190503478127803,0.18731955681745494,0.18315500697019893,0.190555367391566,0.18315500697019893,0.2452103309095802
A5,r5,primary,4.0,0.220898341534572,0.0,0.2181621954543754,0.2207645629468098,0.2181621954543754,0.2819741058091015
A5,r5,primary,4.5,0.260471988417939,0.2923584541041087,0.2603281116063087,0.2603992886343382,0.2603281116063087,0.32721849638908707
A5,r5,primary,5.0,0.312475831699373,0.26392162615523446,0.3125638317868307,0.3125638317868307,0.3125638317868307,0.3853759317120808
A5,r5,primary,5.5,0.365515959832056,0.24051893815541303,0.365548350395414,0.365548350395414,0.365548350395414,0.44340907825965636
A5,r5,primary,6.0,0.423232571509282,0.22112596096871615,0.423228740611496,0.423228740611496,0.423228740611496,0.509113070579505
A5,r5,primary,6.5,0.486734159263211,0.6142704009042348,0.48674158257197575,0.48674158257197575,0.48674158257197575,0.5807160553512507
A5,r5,primary,7.0,0.559179760077795,0.5720069385096865,0.559252954804951,0.559252954804951,0.559252954804951,0.6631196953207629
A5,r5,primary,7.5,0.640807872077076,0.3565985883879291,0.640742948409379,0.640742948409379,0.640742948409379,0.7556459064741963
A5,r5,primary,8.0,0.721596146900487,0.7536844766007198,0.7217123057287027,0.7217123057287027,0.7217123057287027,0.8463426669753747
A5,r5,primary,8.5,0.791935190360958,0.7905700446456132,0.7920065389203585,0.7920065389203585,0.7920065389203585,0.9247233977587187
A5,r5,primary,9.0,0.859883337950183,1.121901518152049,0.8597945281918464,0.8597945281918464,0.8597945281918464,0.9990453710716426
A5,r5,primary,9.5,0.926820338447318,0.7097687452826557,0.9267533320823694,0.9267533320823694,0.9267533320823694,1.073863004920235
A5,r5,primary,10.0,0.99073939069428,0.9474534918070676,0.9906491182714825,0.9906491182714825,0.9906491182714825,1.1446357416115949
A5,r5,primary,10.5,1.04376113129903,1.4199275927186186,1.0435473079201736,1.0435473079201736,1.0435473079201736,1.2025171859524937
A5,r5,primary,11.0,1.08646394998992,1.4208285064052486,1.086488245409701,1.086488245409701,1.086488245409701,1.2495766993807824
A5,r5,primary,11.5,1.11769929438329,1.4206323200189712,1.1175493106844747,1.1175493106844747,1.1175493106844747,1.283890710995536
A5,r5,primary,12.0,1.14090822564437,1.4206484010624523,1.1408309673617127,1.1408309673617127,1.1408309673617127,1.3092404321681967
A5,r5,primary,12.5,1.15234925786076,0.4924058687870058,1.1520828260835665,1.1520828260835665,1.1520828260835665,1.3165416295517502
A5,r5,primary,13.0,1.15389189645506,1.370277506393782,1.1536973133266306,1.1536973133266306,1.1536973133266306,1.314741664588139
A5,r5,primary,13.5,1.1547989572597,1.320641389675155,1.154683106043472,1.154683106043472,1.154683106043472,1.3100021038501877
A5,r5,primary,14.0,1.16040480847721,1.4240763025073762,1.1602925415842222,1.1602925415842222,1.1602925415842222,1.30831933564218
A5,r5,primary,14.5,1.15921469877049,0.8537881311842992,1.1591332088789976,1.1591332088789976,1.1591332088789976,1.3008797468399995
A5,r5,primary,15.0,1.14758497448906,1.149025825812991,1.1472891481364644,1.1472891481364644,1.1472891481364644,1.2844877783702355
A5,r5,primary,15.5,1.14059061375776,0.936000212137116,1.140497818476152,1.140497818476152,1.140497818476152,1.2749982369640969
A5,r5,primary,16.0,1.13608608955621,1.0366202165369034,1.135881176548966,1.135881176548966,1.135881176548966,1.2689988288532823
A5,r5,primary,16.5,1.13979536011528,1.0068129287028151,1.1395599872953406,1.1395599872953406,1.1395599872953406,1.2738297699138166
A5,r5,primary,17.0,1.15116210919999,0.9390672427743233,1.1512439237025085,1.1512439237025085,1.1512439237025085,1.2862933585034266
A5,r5,primary,17.5,1.15451149095164,1.587473061219359,1.1543238538996154,1.1543238538996154,1.1543238538996154,1.2893615644390573
A5,r5,primary,18.0,1.16319001347636,1.3904313428439994,1.1631639402928866,1.1631639402928866,1.1631639402928866,1.2977642586627725
A5,r5,primary,18.5,1.17308692804164,1.2042022665618624,1.1730112644248467,1.1730112644248467,1.1730112644248467,1.3068328265943205
A5,r5,primary,19.0,1.18751227438608,0.7696889939545801,1.187511452023913,1.187511452023913,1.187511452023913,1.3223028943992021
A5,r5,primary,19.5,1.19723318437791,1.2166131028363378,1.1971149020004481,1.1971149020004481,1.1971149020004481,1.3311131695448915
A5,r5,primary,20.0,1.2041212306634,1.2557868349760952,1.2040721917589254,1.2040721917589254,1.2040721917589254,1.338443668360077
A5,r5,primary,20.5,1.20513151243519,1.0234335674494555,1.2050931332913732,1.2050931332913732,1.2050931332913732,1.3389962487160447
A5,r5,primary,21.0,1.20057984069095,1.4664702857578114,1.2004166495922448,1.2004166495922448,1.2004166495922448,1.3346248495612694
A5,r5,primary,21.5,1.19581730945589,1.2361757379324032,1.1957034066620835,1.1957034066620835,1.1957034066620835,1.328411332839797
A5,r5,primary,22.0,1.18404787381035,1.498660936588401,1.1839445034740803,1.1839445034740803,1.1839445034740803,1.3149122048819435
A5,r5,primary,22.5,1.1723751997958,1.2159775593602258,1.172230832846807,1.172230832846807,1.172230832846807,1.2972141742170544
A5,r5,primary,23.0,1.16613104420771,1.1594598221281307,1.165977591297507,1.165977591297507,1.165977591297507,1.286342117234215
A5,r5,primary,23.5,1.16351129068417,1.016878671991769,1.1635502223257577,1.1635502223257577,1.1635502223257577,1.2825061910211994
A5,r5,primary,24.0,1.15322126997535,1.1138022925412336,1.153148659754147,1.153148659754147,1.153148659754147,1.2710004087483755
A5,r5,primary,24.5,1.14306581867556,0.8909018441760026,1.1429709986867582,1.1429709986867582,1.1429709986867582,1.260636230427008
A5,r5,primary,25.0,1.13545192249031,1.098798355499754,1.1353675827355822,1.1353675827355822,1.1353675827355822,1.253506723303206
A5,r5,primary,25.5,1.12581729631298,1.326089148904523,1.1257179840748062,1.1257179840748062,1.1257179840748062,1.2441828397456025
A5,r5,primary,26.0,1.12002257203088,1.1385287118618257,1.1198905077162096,1.1198905077162096,1.1198905077162096,1.239807236037569
A5,r5,primary,26.5,1.1176530042376,0.9863940653560094,1.1175563144371314,1.1175563144371314,1.1175563144371314,1.2398338248937928
A5,r5,primary,27.0,1.11744245664286,1.02157517498554,1.1173148189121704,1.1173148189121704,1.1173148189121704,1.241632069837291
A5,r5,primary,27.5,1.12394684548197,1.2346117385108342,1.1239676281368127,1.1239676281368127,1.1239676281368127,1.252074357751106
A5,r5,primary,28.0,1.13301091987168,1.0620848121962319,1.1329701785615776,1.1329701785615776,1.1329701785615776,1.2629998811588863
A5,r5,primary,28.5,1.14048899835524,1.267182181915553,1.1404636375969106,1.1404636375969106,1.1404636375969106,1.2720424822998584
A5,r5,primary,29.0,1.14684535679978,1.0265664484128556,1.1467632663821474,1.1467632663821474,1.1467632663821474,1.2802316906477709
A5,r5,primary,29.5,1.1501601722844,1.2271172594282227,1.1501029627305426,1.1501029627305426,1.1501029627305426,1.284472898206124
A5,r5,primary,30.0,1.14890120166891,1.1832011981252148,1.1490011592509506,1.1490011592509506,1.1490011592509506,1.283036011776048
A5,r5,secondary,0.0,0.0466634015120677,,0.02330399676890236,0.04660799353780472,0.04660799353780472,0.06043878008641689
A5,r5,secondary,0.5,0.0714397621901775,0.0,0.041467286649520735,0.07132147679026485,0.050966260773007435,0.09248104074116056
A5,r5,secondary,1.0,0.0992412977388414,0.0,0.0656093838997875,0.09927491233834405,0.06749321896319498,0.12872796502430028
A5,r5,secondary,1.5,0.127876956438838,0.0,0.0941307810696272,0.12781265480938087,0.0941307810696272,0.16573765062449555
A5,r5,secondary,2.0,0.156816893741184,0.0,0.12643697554411104,0.15682328256963846,0.12643697554411104,0.20318758920696559
A5,r5,secondary,2.5,0.18523403930785,0.0,0.16080113770121307,0.18520443928547628,0.16080113770121307,0.2374994442573272
A5,r5,secondary,3.0,0.218500349097832,0.0,0.20114142758803433,0.2185072980887982,0.20114142758803433,0.2775912555352524
A5,r5,secondary,3.5,0.256026010337308,0.34657716674484895,0.2461140492333965,0.25605826369533347,0.2461140492333965,0.3221434941417777
A5,r5,secondary,4.0,0.299050208136457,0.5067299447180935,0.29557648838117023,0.29910229927287413,0.29557648838117023,0.3724829507521399
A5,r5,secondary,4.5,0.346979060972253,0.3614627241053565,0.34690545668633854,0.347000305065416,0.34690545668633854,0.4287330015739131
A5,r5,secondary,5.0,0.401622410213942,0.40752577503556275,0.40161639505403124,0.40161639505403124,0.40161639505403124,0.49377241909161174
A5,r5,secondary,5.5,0.46137096012179,0.3710425860272248,0.4613671904044311,0.4613671904044311,0.4613671904044311,0.5641293150836418
A5,r5,secondary,6.0,0.527565848366058,0.5460261530429121,0.527513141662204,0.527513141662204,0.527513141662204,0.6413164057181348
A5,r5,secondary,6.5,0.595824841340272,0.4422268605231621,0.5957109856840587,0.5957109856840587,0.5957109856840587,0.7200224480954011
A5,r5,secondary,7.0,0.662064099204726,0.6469198948737421,0.6619630210215899,0.6619630210215899,0.6619630210215899,0.7957090510782256
A5,r5,secondary,7.5,0.726665861307982,0.7155016467309165,0.7266589217055317,0.7266589217055317,0.7266589217055317,0.8685654290391364
A5,r5,secondary,8.0,0.785292824567513,0.8277837426279537,0.7853338784646217,0.7853338784646217,0.7853338784646217,0.9343818472637971
A5,r5,secondary,8.5,0.833496743517502,0.7807635223130793,0.833532750628888,0.833532750628888,0.833532750628888,0.9884719778944616
A5,r5,secondary,9.0,0.877876304980094,0.7854620146408171,0.8779473007500063,0.8779473007500063,0.8779473007500063,1.0375224270023597
A5,r5,secondary,9.5,0.917245435162043,1.1411467154629122,0.917267376632182,0.917267376632182,0.917267376632182,1.0815620007193156
A5,r5,secondary,10.0,0.95125343337798,1.169721241790006,0.9512449989788884,0.9512449989788884,0.9512449989788884,1.1196702916842058
A5,r5,secondary,10.5,0.981399299439583,1.3949714255207584,0.9813532710795504,0.9813532710795504,0.9813532710795504,1.1540828997509027
A5,r5,secondary,11.0,1.00575949713005,0.9539609920372911,1.0057611034122667,1.0057611034122667,1.0057611034122667,1.1816207695924397
A5,r5,secondary,11.5,1.01730251726292,1.2792727953622285,1.0172902852664707,1.0172902852664707,1.0172902852664707,1.1942153250339977
A5,r5,secondary,12.0,1.02359166907023,1.2290957482826301,1.0235420821673347,1.0235420821673347,1.0235420821673347,1.1982688291034482
A5,r5,secondary,12.5,1.02595519942926,0.6076752954851763,1.0259737827404336,1.0259737827404336,1.0259737827404336,1.1959255590851146
A5,r5,secondary,13.0,1.02256025114238,0.8461713858678594,1.0225975606973927,1.0225975606973927,1.0225975606973927,1.1843455984944862
A5,r5,secondary,13.5,1.01868594237408,1.0669634138080468,1.0186865538873613,1.0186865538873613,1.0186865538873613,1.1700088137267788
A5,r5,secondary,14.0,1.01122025276072,1.0009734490883089,1.0112449248683972,1.0112449248683972,1.0112449248683972,1.1540373547534457
A5,r5,secondary,14.5,1.00181853057219,1.0260507149085432,1.0017994229245424,1.0017994229245424,1.0017994229245424,1.1373443357862065
A5,r5,secondary,15.0,0.994738907445226,1.1641774761503627,0.9946994855715338,0.9946994855715338,0.9946994855715338,1.1257627447590253
A5,r5,secondary,15.5,0.992548983567611,0.715562909808941,0.9925171122498117,0.9925171122498117,0.9925171122498117,1.1190667979985482
A5,r5,secondary,16.0,0.991027364736615,1.0674216413657667,0.9909168332314056,0.9909168332314056,0.9909168332314056,1.1134300569385926
A5,r5,secondary,16.5,0.995266074748999,0.9329707422207782,0.9951259982003435,0.9951259982003435,0.9951259982003435,1.1129997258228126
A5,r5,secondary,17.0,1.00829222872945,0.8568973913300989,1.0082961810855784,1.0082961810855784,1.0082961810855784,1.1244716074623196
A5,r5,secondary,17.5,1.01758277016615,1.3228954856912112,1.0175261918446064,1.0175261918446064,1.0175261918446064,1.1326562465674062
A5,r5,secondary,18.0,1.02371065100988,0.9778731760664364,1.0235078114388285,1.0235078114388285,1.0235078114388285,1.1370469035978945
A5,r5,secondary,18.5,1.03027085113604,1.0456510765854814,1.0301213264527536,1.0301213264527536,1.0301213264527536,1.1419893390079754
A5,r5,secondary,19.0,1.03588364167928,0.9507792128077566,1.0357862299900369,1.0357862299900369,1.0357862299900369,1.1476479150554193
A5,r5,secondary,19.5,1.04112727105373,0.9725757106297243,1.0410338690952394,1.0410338690952394,1.0410338690952394,1.1542634887720564
A5,r5,secondary,20.0,1.05151660297124,1.0778020857715476,1.0515161011573766,1.0515161011573766,1.0515161011573766,1.1653193441415717
A5,r5,secondary,20.5,1.05862915183421,0.9480705249295551,1.058632574450648,1.058632574450648,1.058632574450648,1.1730024151973701
A5,r5,secondary,21.0,1.06114507933822,1.3783284857044504,1.0610698982728584,1.0610698982728584,1.0610698982728584,1.1768799711826756
A5,r5,secondary,21.5,1.0632399186722,1.0057979732574391,1.0632049086219135,1.0632049086219135,1.0632049086219135,1.1789846938034698
A5,r5,secondary,22.0,1.06400524870887,1.1999667377449315,1.063906137717754,1.063906137717754,1.063906137717754,1.1779504449038471
A5,r5,secondary,22.5,1.0658651060662,0.8848251070473911,1.065848393906258,1.065848393906258,1.065848393906258,1.1750588649161502
A5,r5,secondary,23.0,1.06940696111849,1.0369342395571322,1.0693900425292362,1.0693900425292362,1.0693900425292362,1.1750809285327655
A5,r5,secondary,23.5,1.07013895945669,0.9419407235627543,1.070104140842497,1.070104140842497,1.070104140842497,1.1732427477477878
A5,r5,secondary,24.0,1.06542196849264,1.3029506957681225,1.0652445791552074,1.0652445791552074,1.0652445791552074,1.1659398703354868
A5,r5,secondary,24.5,1.06150804533137,1.153065087342472,1.0614311927236757,1.0614311927236757,1.0614311927236757,1.1618859403740205
A5,r5,secondary,25.0,1.05466955602867,0.9401152436556125,1.054527205514443,1.054527205514443,1.054527205514443,1.1526539128424913
A5,r5,secondary,25.5,1.04884667029706,1.058950772953392,1.0487341440976854,1.0487341440976854,1.0487341440976854,1.1432045783933422
A5,r5,secondary,26.0,1.04782287879467,1.105705684441519,1.0477214369871723,1.0477214369871723,1.0477214369871723,1.1395997758810288
A5,r5,secondary,26.5,1.04877629432299,0.9879823839528534,1.0486737618323985,1.0486737618323985,1.0486737618323985,1.1396853584157995
A5,r5,secondary,27.0,1.04878939261663,1.0839841228919587,1.0487987620769768,1.0487987620769768,1.0487987620769768,1.1381444900121664
A5,r5,secondary,27.5,1.04717888853722,0.9850917522674921,1.047078524368236,1.047078524368236,1.047078524368236,1.1351980033469316
A5,r5,secondary,28.0,1.04790413853821,0.7962520119524874,1.047824573661003,1.047824573661003,1.047824573661003,1.1347089187035688
A5,r5,secondary,28.5,1.04728707256675,1.3054700158694401,1.047287468045048,1.047287468045048,1.047287468045048,1.1357217243743767
A5,r5,secondary,29.0,1.04961298234184,0.8598575312099889,1.0495012623346247,1.0495012623346247,1.0495012623346247,1.1401960694945736
A5,r5,secondary,29.5,1.05465169277947,1.1740147545692996,1.0545986293541132,1.0545986293541132,1.0545986293541132,1.146868466881314
A5,r5,secondary,30.0,1.05762987478469,1.1101436447861694,1.0576573217588323,1.0576573217588323,1.0576573217588323,1.1530428656344307
A6,r1,primary,0.0,0.303117665410955,,0.15163821919246753,0.30327643838493507,0.30327643838493507,0.29940607737717356
A6,r1,primary,0.5,0.39729283786866,0.0,0.2254445644423933,0.3973653195532495,0.3117956899817427,0.38683135220687187
A6,r1,primary,1.0,0.494641487320172,0.0,0.3134435331243596,0.4947011954602747,0.3568942377226954,0.4853296793764969
A6,r1,primary,1.5,0.581539702575378,0.0,0.405730459632735,0.581554765871612,0.4277709732993959,0.5727535656968912
A6,r1,primary,2.0,0.658881630585972,0.0,0.4997965334623767,0.6589766596150075,0.5104299925838105,0.6536105934374222
A6,r1,primary,2.5,0.728116380208952,0.5265171105387807,0.5933279938742223,0.7281511401115892,0.5972380577492699,0.7274272664398743
A6,r1,primary,3.0,0.794562294747598,0.0,0.6879706144464571,0.7946388258432293,0.6879706144464571,0.7972447428137011
A6,r1,primary,3.5,0.862555918302275,0.37824540833485004,0.7851522483084796,0.8626923146567441,0.7851522483084796,0.8674417214066376
A6,r1,primary,4.0,0.928022920786562,0.9953593483267049,0.8785885988361116,0.92794912718877,0.8785885988361116,0.934954733450721
A6,r1,primary,4.5,0.992779675011331,2.071344723420422,0.9677332726784404,0.9928165872135449,0.9677332726784404,1.0007626762430737
A6,r1,primary,5.0,1.05471348730452,2.670212239715178,1.0472231304220627,1.0548087561490667,1.0472231304220627,1.0639794255204855
A6,r1,primary,5.5,1.12197202105403,0.7286633843652757,1.1219892015619446,1.122065665580065,1.1219892015619446,1.1324874270118823
A6,r1,primary,6.0,1.18874962158078,2.4578716077021303,1.188838743781761,1.188838743781761,1.188838743781761,1.2017435703431119
A6,r1,primary,6.5,1.24090143111321,1.0338672868378693,1.2409515957257387,1.2409515957257387,1.2409515957257387,1.255912607420282
A6,r1,primary,7.0,1.28299370982747,1.3501967009121392,1.283179653061214,1.283179653061214,1.283179653061214,1.30191182929346
A6,r1,primary,7.5,1.30987656255476,0.899022274518977,1.309890497902021,1.309890497902021,1.309890497902021,1.3337112937598314
A6,r1,primary,8.0,1.32476609800935,1.3536649496984736,1.324869953357743,1.324869953357743,1.324869953357743,1.355152299450545
A6,r1,primary,8.5,1.32785580240169,1.4389623837364571,1.3278692575094972,1.3278692575094972,1.3278692575094972,1.365035381451503
A6,r1,primary,9.0,1.3207046405703,1.5134277328393748,1.3207409833279302,1.3207409833279302,1.3207409833279302,1.3645586027424106
A6,r1,primary,9.5,1.29808021963627,1.1506369452687508,1.2981448748306823,1.2981448748306823,1.2981448748306823,1.3474140913911792
A6,r1,primary,10.0,1.26945185036712,0.8222489893905971,1.2691501310544104,1.2691501310544104,1.2691501310544104,1.3217500197903258
A6,r1,primary,10.5,1.24592567606346,1.4386402578490467,1.2459479968336442,1.2459479968336442,1.2459479968336442,1.3032456342533911
A6,r1,primary,11.0,1.22741677081754,1.5005411092345127,1.2272155914920588,1.2272155914920588,1.2272155914920588,1.2853095381740753
A6,r1,primary,11.5,1.2133314903379,0.8364284395804717,1.213087176368518,1.213087176368518,1.213087176368518,1.2679887666190346
A6,r1,primary,12.0,1.20618787185579,1.1503248875237455,1.2061956562233251,1.2061956562233251,1.2061956562233251,1.2601272921067452
A6,r1,primary,12.5,1.19411733971924,1.1081867038487145,1.1940977014505867,1.1940977014505867,1.1940977014505867,1.245250689400951
A6,r1,primary,13.0,1.17825377342842,1.2812046774563597,1.1781661977767504,1.1781661977767504,1.1781661977767504,1.226727632945655
A6,r1,primary,13.5,1.16477445570565,1.029773396390303,1.1646862430224418,1.1646862430224418,1.1646862430224418,1.2122169607688822
A6,r1,primary,14.0,1.15302817051762,1.493534532143003,1.1529440899149166,1.1529440899149166,1.1529440899149166,1.1979745690768957
A6,r1,primary,14.5,1.14422942480329,1.0568162874014588,1.1440991028720353,1.1440991028720353,1.1440991028720353,1.1867199724849309
A6,r1,primary,15.0,1.13741722176378,1.3962359813565595,1.137410205872782,1.137410205872782,1.137410205872782,1.1782908474413318
A6,r1,primary,15.5,1.12969141315866,1.264098565521125,1.129688836763787,1.129688836763787,1.129688836763787,1.1678079174458285
A6,r1,primary,16.0,1.11902536669708,0.7874609790171739,1.1190209190449623,1.1190209190449623,1.1190209190449623,1.1544907216037037
A6,r1,primary,16.5,1.10698484220807,1.3624316026649799,1.1068954697921498,1.1068954697921498,1.1068954697921498,1.1370802899866745
A6,r1,primary,17.0,1.10562626465214,1.1569019900195758,1.1056227214803072,1.1056227214803072,1.1056227214803072,1.1317027311519794
A6,r1,primary,17.5,1.10009203022236,0.6427490498365414,1.1000116102272104,1.1000116102272104,1.1000116102272104,1.1203172717108598
A6,r1,primary,18.0,1.09850084707434,0.626565084089533,1.0985312131539822,1.0985312131539822,1.0985312131539822,1.1151657652323543
A6,r1,primary,18.5,1.09500688851449,1.6035589221247508,1.0948238574522902,1.0948238574522902,1.0948238574522902,1.10894363609362
A6,r1,primary,19.0,1.09778175912366,0.9669873642745677,1.0977941119425694,1.0977941119425694,1.0977941119425694,1.1118602140613758
A6,r1,primary,19.5,1.10034053049167,1.158334822286206,1.1002306991050133,1.1002306991050133,1.1002306991050133,1.114900377573742
A6,r1,primary,20.0,1.10743062612693,1.1317315785978266,1.1074167644917374,1.1074167644917374,1.1074167644917374,1.1235615245619046
A6,r1,primary,20.5,1.11131336911899,0.9689927473538245,1.1112209664101136,1.1112209664101136,1.1112209664101136,1.1281843765011865
A6,r1,primary,21.0,1.1161079929189,1.0816889792753035,1.1160502867773778,1.1160502867773778,1.1160502867773778,1.1341629213972377
A6,r1,primary,21.5,1.11855534990151,0.6608959470383713,1.1184943628299922,1.1184943628299922,1.1184943628299922,1.1387053486807632
A6,r1,primary,22.0,1.11938386613124,1.8096326473815338,1.1193385522829864,1.1193385522829864,1.1193385522829864,1.1394471872523393
A6,r1,primary,22.5,1.12099178353714,1.0745609013061,1.1209234659592144,1.1209234659592144,1.1209234659592144,1.1405271186096737
A6,r1,primary,23.0,1.12512128533608,1.3010860627608263,1.1251856139842633,1.1251856139842633,1.1251856139842633,1.1449822451150493
A6,r1,primary,23.5,1.12336017383945,0.9085202002781776,1.1232870471140035,1.1232870471140035,1.1232870471140035,1.142824097126007
A6,r1,primary,24.0,1.11794116686677,1.7216060188686055,1.117979312465076,1.117979312465076,1.117979312465076,1.1362113798597777
A6,r1,primary,24.5,1.11682108700285,0.7579622195443231,1.1167878122994588,1.1167878122994588,1.1167878122994588,1.1349960673511164
A6,r1,primary,25.0,1.11709989927218,1.200410960509061,1.1170351353734667,1.1170351353734667,1.1170351353734667,1.1338987539615433
A6,r1,primary,25.5,1.11779529754297,1.0092606393695849,1.1177397912404847,1.1177397912404847,1.1177397912404847,1.1339595544682575
A6,r1,primary,26.0,1.12200696294962,1.1572636965820962,1.122005014693171,1.122005014693171,1.122005014693171,1.1401479802291359
A6,r1,primary,26.5,1.12367944721515,0.7021949677011535,1.1236128421724205,1.1236128421724205,1.1236128421724205,1.1452285350456768
A6,r1,primary,27.0,1.12298259793041,1.2197813115513252,1.1229277964032043,1.1229277964032043,1.1229277964032043,1.1489499593736452
A6,r1,primary,27.5,1.11604727062639,0.9909935708059212,1.1159824217932766,1.1159824217932766,1.1159824217932766,1.1442394468068124
A6,r1,primary,28.0,1.11138620218262,1.1292204439896814,1.1112483009980616,1.1112483009980616,1.1112483009980616,1.141268002697249
A6,r1,primary,28.5,1.10945651797272,1.1109611840138096,1.1093307183446288,1.1093307183446288,1.1093307183446288,1.140176287873391
A6,r1,primary,29.0,1.1120838293599,1.1409419572917119,1.1120357382646213,1.1120357382646213,1.1120357382646213,1.1427255693710756
A6,r1,primary,29.5,1.11490173690675,1.415658658578221,1.114886214136888,1.114886214136888,1.114886214136888,1.1441899793749313
A6,r1,primary,30.0,1.12252826612861,0.9598552241575683,1.1225289368780254,1.1225289368780254,1.1225289368780254,1.1499519695568514
A6,r1,secondary,0.0,0.0581436865468075,,0.029023641277199468,0.058047282554398935,0.058047282554398935,0.044403770412287775
A6,r1,secondary,0.5,0.0858438310967583,0.0,0.04851804530727986,0.08551720297764226,0.06403401199053145,0.05841689265747739
A6,r1,secondary,1.0,0.112345135924671,0.0,0.07110991487141023,0.11223125117725105,0.07839159882088262,0.07716345683796719
A6,r1,secondary,1.5,0.131072558501137,0.0,0.0913120690927251,0.13088238189102372,0.09168974129339624,0.0904004273430989
A6,r1,secondary,2.0,0.15028936068822,0.0,0.11345225354470771,0.14958564548010073,0.11345225354470771,0.10640438569957163
A6,r1,secondary,2.5,0.189693568453745,0.0,0.15438710115700394,0.1894688012138976,0.15438710115700394,0.14387582261705656
A6,r1,secondary,3.0,0.231849760465703,0.0,0.20067676740185877,0.23179122403437866,0.20067676740185877,0.18637196421276855
A6,r1,secondary,3.5,0.281112947835905,0.0,0.2557863579536272,0.28104730729107685,0.2557863579536272,0.2361045183160344
A6,r1,secondary,4.0,0.337017169452244,0.6014377996873812,0.3190607766444221,0.3369861270674088,0.3190607766444221,0.2901412829251092
A6,r1,secondary,4.5,0.392206878178328,0.0,0.38222070892459564,0.3921277386139344,0.38222070892459564,0.3454470549389246
A6,r1,secondary,5.0,0.447595649169206,0.48247338995036576,0.4443195522701766,0.4475380085177512,0.4443195522701766,0.4027150421333895
A6,r1,secondary,5.5,0.506281006333375,0.8815087347654667,0.5062970553957407,0.5063315597449485,0.5062970553957407,0.465143013694314
A6,r1,secondary,6.0,0.569186973371025,0.4057372440522878,0.5693007680887915,0.5693007680887915,0.5693007680887915,0.5318636263915991
A6,r1,secondary,6.5,0.633200019340029,0.0,0.6331285142265947,0.6331285142265947,0.6331285142265947,0.6011273664505319
A6,r1,secondary,7.0,0.695703082949921,0.34939216158535263,0.6958243959390794,0.6958243959390794,0.6958243959390794,0.6699669261028554
A6,r1,secondary,7.5,0.754080224963041,1.9551338734337795,0.7540910764109406,0.7540910764109406,0.7540910764109406,0.7338291400233621
A6,r1,secondary,8.0,0.812130700587746,0.6147158124702794,0.8123390729152402,0.8123390729152402,0.8123390729152402,0.7995467016836139
A6,r1,secondary,8.5,0.860749933635731,1.1585468140220412,0.8610127210475814,0.8610127210475814,0.8610127210475814,0.85652867043042
A6,r1,secondary,9.0,0.904498282389485,1.6426145094023086,0.9047627716074315,0.9047627716074315,0.9047627716074315,0.9092593699856028
A6,r1,secondary,9.5,0.943065976544314,0.520485710079647,0.9433188455988171,0.9433188455988171,0.9433188455988171,0.9581470032665739
A6,r1,secondary,10.0,0.98735943466084,0.990383209029315,0.9876791407375127,0.9876791407375127,0.9876791407375127,1.0157343153466425
A6,r1,secondary,10.5,1.03039514669637,0.7102343669173131,1.0307040336158853,1.0307040336158853,1.0307040336158853,1.0726617017518807
A6,r1,secondary,11.0,1.07389744656514,1.1344451830249926,1.0742339559354064,1.0742339559354064,1.0742339559354064,1.1246863091573363
A6,r1,secondary,11.5,1.11164061720711,1.5196152032324661,1.112003676578038,1.112003676578038,1.112003676578038,1.1652269743723955
A6,r1,secondary,12.0,1.14018732570652,1.043672007165555,1.1405173563715794,1.1405173563715794,1.1405173563715794,1.1957901601832106
A6,r1,secondary,12.5,1.15378244535068,0.6028746781345796,1.1541207715153523,1.1541207715153523,1.1541207715153523,1.2094726825269708
A6,r1,secondary,13.0,1.15782575612905,1.5495325475319341,1.1580602045820758,1.1580602045820758,1.1580602045820758,1.2123877813776291
A6,r1,secondary,13.5,1.16604883154347,0.5598326196953699,1.166217591901544,1.166217591901544,1.166217591901544,1.2179658735026515
A6,r1,secondary,14.0,1.1808864677071,1.2553510418224996,1.1811578074955054,1.1811578074955054,1.1811578074955054,1.2292005320638708
A6,r1,secondary,14.5,1.19294389956853,1.044329360057257,1.1927710220519105,1.1927710220519105,1.1927710220519105,1.2375270057973857
A6,r1,secondary,15.0,1.20861670846256,2.022325453941972,1.2089430770250669,1.2089430770250669,1.2089430770250669,1.246031758855473
A6,r1,secondary,15.5,1.21388631031953,1.3064207841750854,1.2139919107443078,1.2139919107443078,1.2139919107443078,1.2452071886050033
A6,r1,secondary,16.0,1.21917654718046,2.0599505357531784,1.2192923819338983,1.2192923819338983,1.2192923819338983,1.2457089789949776
A6,r1,secondary,16.5,1.2202481972846,0.9217253000240229,1.220387999300867,1.220387999300867,1.220387999300867,1.244104677532786
A6,r1,secondary,17.0,1.21498832937982,0.8972196529172375,1.2151246808691225,1.2151246808691225,1.2151246808691225,1.236325694014604
A6,r1,secondary,17.5,1.20905122018374,1.0186345634316225,1.2091597585598977,1.2091597585598977,1.2091597585598977,1.229838215180235
A6,r1,secondary,18.0,1.20211829731072,1.2755976750119475,1.2023201458500299,1.2023201458500299,1.2023201458500299,1.2249440929266042
A6,r1,secondary,18.5,1.18781470385509,0.9666339244430272,1.1879240795608306,1.1879240795608306,1.1879240795608306,1.2112209760226098
A6,r1,secondary,19.0,1.1741767984483,1.886199321324235,1.174395674833449,1.174395674833449,1.174395674833449,1.1988029968662859
A6,r1,secondary,19.5,1.15797859761554,0.9175602068718353,1.1580723136706264,1.1580723136706264,1.1580723136706264,1.184273141707123
A6,r1,secondary,20.0,1.14090331001114,1.154029040234001,1.1411150656546083,1.1411150656546083,1.1411150656546083,1.1679306401059526
A6,r1,secondary,20.5,1.11675574913498,0.4988859226061986,1.1168132558367345,1.1168132558367345,1.1168132558367345,1.1448528829733313
A6,r1,secondary,21.0,1.09972779881633,1.469895322431191,1.0997725213695508,1.0997725213695508,1.0997725213695508,1.1309947371705495
A6,r1,secondary,21.5,1.08438179261657,1.434657757120397,1.0843797809154965,1.0843797809154965,1.0843797809154965,1.1180495345291543
A6,r1,secondary,22.0,1.07329953162327,0.818641071777797,1.0734582714962109,1.0734582714962109,1.0734582714962109,1.1122395194830508
A6,r1,secondary,22.5,1.05993922309186,0.8024949460470154,1.0599733455155338,1.0599733455155338,1.0599733455155338,1.101765536911486
A6,r1,secondary,23.0,1.04784314064315,1.3437724031052052,1.0479128054315168,1.0479128054315168,1.0479128054315168,1.0926078290364258
A6,r1,secondary,23.5,1.03119359428551,0.7686167335434916,1.0312242670261433,1.0312242670261433,1.0312242670261433,1.0781996320289353
A6,r1,secondary,24.0,1.01419912409598,0.9697465399017854,1.014315641196396,1.014315641196396,1.014315641196396,1.061632797517793
A6,r1,secondary,24.5,0.994771493324921,1.266639348667288,0.9947512394287109,0.9947512394287109,0.9947512394287109,1.0406832219834012
A6,r1,secondary,25.0,0.982963945959267,1.4474837107918934,0.982985197865329,0.982985197865329,0.982985197865329,1.024833231021943
A6,r1,secondary,25.5,0.976872019893533,0.5084326140635975,0.9769155268188704,0.9769155268188704,0.9769155268188704,1.0130777140825535
A6,r1,secondary,26.0,0.970138617060411,1.2966883094101218,0.970252920580648,0.970252920580648,0.970252920580648,0.9995278329996214
A6,r1,secondary,26.5,0.960256948397991,0.5868009908166899,0.960285136790108,0.960285136790108,0.960285136790108,0.9836036893698068
A6,r1,secondary,27.0,0.951363732522395,0.5772451011584195,0.9513812645113221,0.9513812645113221,0.9513812645113221,0.9697391796833886
A6,r1,secondary,27.5,0.946829470955778,0.9472931035616737,0.9468977325804594,0.9468977325804594,0.9468977325804594,0.9586985939517023
A6,r1,secondary,28.0,0.946653419833839,1.3008526055477134,0.9466996787747727,0.9466996787747727,0.9466996787747727,0.9516895708578708
A6,r1,secondary,28.5,0.950106269917376,0.638238635762028,0.9501653444255156,0.9501653444255156,0.9501653444255156,0.9474076760093831
A6,r1,secondary,29.0,0.955836773182295,1.077122896150526,0.9558676769469637,0.9558676769469637,0.9558676769469637,0.9463620063863842
A6,r1,secondary,29.5,0.957842994983855,0.6194005531843201,0.9579305343057956,0.9579305343057956,0.9579305343057956,0.9428395734269668
A6,r1,secondary,30.0,0.957582878211587,1.218828665676402,0.9575549301858688,0.9575549301858688,0.9575549301858688,0.9376756351053864
A6,r2,primary,0.0,0.1721470961172,,0.08601603208590113,0.17203206417180225,0.17203206417180225,0.1863541096086911
A6,r2,primary,0.5,0.249190672107441,0.0,0.14388182759769766,0.24890243815461174,0.1848098879727916,0.26512726474159093
A6,r2,primary,1.0,0.322943397682966,0.0,0.21136376098092605,0.3229786648670272,0.22577147921655083,0.33991002311783824
A6,r2,primary,1.5,0.394863690327462,0.0,0.28715389232592836,0.39479194952846985,0.2903806755031435,0.4147465702095939
A6,r2,primary,2.0,0.470662160082576,0.0,0.3743495250673317,0.4707855098913152,0.3743495250673317,0.4992142496221232
A6,r2,primary,2.5,0.534492584722014,0.0,0.4576023973690261,0.5345052311918381,0.4576023973690261,0.5716970685416514
A6,r2,primary,3.0,0.599774395661187,0.5011318074959916,0.5450493114171615,0.5999200143247657,0.5450493114171615,0.6469061747700282
A6,r2,primary,3.5,0.66251886958402,0.8623645671347084,0.6299113167809431,0.6625838551999415,0.6299113167809431,0.71894189973101
A6,r2,primary,4.0,0.726776181130451,0.7556458002613096,0.712963463953389,0.7268677869785793,0.712963463953389,0.7912733430229928
A6,r2,primary,4.5,0.793537452345308,1.8542159172492296,0.7914764800404377,0.7935622634012599,0.7914764800404377,0.8633209233730751
A6,r2,primary,5.0,0.865645041985519,0.9139192054193896,0.8658022230995253,0.8658022230995253,0.8658022230995253,0.9392132542971502
A6,r2,primary,5.5,0.927897756321268,0.9714837038886921,0.9281117893962264,0.9281117893962264,0.9281117893962264,1.0020995005392048
A6,r2,primary,6.0,0.976868052953225,1.5343084548285655,0.9770239806819453,0.9770239806819453,0.9770239806819453,1.0507394224960451
A6,r2,primary,6.5,1.01472213412748,1.0650034656167169,1.0148260697443363,1.0148260697443363,1.0148260697443363,1.083958297196777
A6,r2,primary,7.0,1.04772926747692,0.7723478338835792,1.0479006360285978,1.0479006360285978,1.0479006360285978,1.1107360125191024
A6,r2,primary,7.5,1.06771802147108,1.2391354109213184,1.0678881194852987,1.0678881194852987,1.0678881194852987,1.1251766604342615
A6,r2,primary,8.0,1.07227690953838,0.7775406418619091,1.0725517689234143,1.0725517689234143,1.0725517689234143,1.125031993664005
A6,r2,primary,8.5,1.06573388151132,1.0999146622589264,1.0658319571241825,1.0658319571241825,1.0658319571241825,1.1143074082711195
A6,r2,primary,9.0,1.05830348421002,1.128087539632854,1.0584701569127706,1.0584701569127706,1.0584701569127706,1.10381108054746
A6,r2,primary,9.5,1.05300923146073,0.9899598869009528,1.0530374961275997,1.0530374961275997,1.0530374961275997,1.0979180355334035
A6,r2,primary,10.0,1.05735117648067,0.785690426585171,1.0573414907489727,1.0573414907489727,1.0573414907489727,1.1013028506414468
A6,r2,primary,10.5,1.06116861510238,0.9018478119309228,1.0611158490279236,1.0611158490279236,1.0611158490279236,1.102518000118935
A6,r2,primary,11.0,1.06572899208908,1.2949919552334654,1.0657040749731355,1.0657040749731355,1.0657040749731355,1.1012008163627445
A6,r2,primary,11.5,1.0791348668059,1.3094059334295862,1.0790988489934785,1.0790988489934785,1.0790988489934785,1.1125083805730684
A6,r2,primary,12.0,1.09332957446704,1.2592301402879078,1.0932997226738836,1.0932997226738836,1.0932997226738836,1.127143550177365
A6,r2,primary,12.5,1.10805615186637,0.764926773849785,1.1081244738143798,1.1081244738143798,1.1081244738143798,1.1443268249360135
A6,r2,primary,13.0,1.11725195390834,1.290277019975437,1.1172276691449443,1.1172276691449443,1.1172276691449443,1.1585156174550493
A6,r2,primary,13.5,1.12310567421834,0.950062303070747,1.1231421762283167,1.1231421762283167,1.1231421762283167,1.1710468960542344
A6,r2,primary,14.0,1.12656940153789,1.0901341077139484,1.1263674933512053,1.1263674933512053,1.1263674933512053,1.179677909907364
A6,r2,primary,14.5,1.13217958603235,1.3868998942646835,1.1321668369156128,1.1321668369156128,1.1321668369156128,1.1890188411316458
A6,r2,primary,15.0,1.1323699230369,0.9686824491559994,1.1324950084516343,1.1324950084516343,1.1324950084516343,1.1909697497149336
A6,r2,primary,15.5,1.12358834746498,1.1991633773303159,1.1235199141442447,1.1235199141442447,1.1235199141442447,1.182678660550093
A6,r2,primary,16.0,1.11121318087023,1.2650402640492664,1.1110818191409588,1.1110818191409588,1.1110818191409588,1.1674907251064297
A6,r2,primary,16.5,1.10872189672313,1.377346717262612,1.1086507886370462,1.1086507886370462,1.1086507886370462,1.1596067867189592
A6,r2,primary,17.0,1.11100842085735,1.051163513602191,1.1109239881177815,1.1109239881177815,1.1109239881177815,1.1567323952142026
A6,r2,primary,17.5,1.11307804292725,0.7902672899518854,1.1130859770862482,1.1130859770862482,1.1130859770862482,1.156559032125571
A6,r2,primary,18.0,1.1098050340922,1.1321553340677304,1.1097693951542877,1.1097693951542877,1.1097693951542877,1.1506271938110262
A6,r2,primary,18.5,1.10204224375482,0.8387725335783555,1.1020531783944578,1.1020531783944578,1.1020531783944578,1.1419135295092684
A6,r2,primary,19.0,1.08813632429707,1.2907884982134878,1.0881472409881896,1.0881472409881896,1.0881472409881896,1.1313273678266562
A6,r2,primary,19.5,1.07706828814853,0.8401526548190184,1.0771316635685826,1.0771316635685826,1.0771316635685826,1.1261343205352632
A6,r2,primary,20.0,1.06188364590677,1.148680108149524,1.0619161482634478,1.0619161482634478,1.0619161482634478,1.1155197507930177
A6,r2,primary,20.5,1.04880923294287,0.9623518428890987,1.0488009928471875,1.0488009928471875,1.0488009928471875,1.1045679292641173
A6,r2,primary,21.0,1.03999860578938,1.4881163608853096,1.0399613013385824,1.0399613013385824,1.0399613013385824,1.0936334505178316
A6,r2,primary,21.5,1.03817122036956,1.3030484368410784,1.0382428768391008,1.0382428768391008,1.0382428768391008,1.0905880072037832
A6,r2,primary,22.0,1.03825245582289,0.900150532777449,1.0383392409485233,1.0383392409485233,1.0383392409485233,1.086681218295025
A6,r2,primary,22.5,1.03386017057663,1.1021647424060865,1.0339174770261144,1.0339174770261144,1.0339174770261144,1.0765044573425802
A6,r2,primary,23.0,1.0282521328833,0.7552048489566324,1.02824889288263,1.02824889288263,1.02824889288263,1.065749694988988
A6,r2,primary,23.5,1.02184548275272,0.9525732858762017,1.0218618877856012,1.0218618877856012,1.0218618877856012,1.0530156130373853
A6,r2,primary,24.0,1.01833902666306,0.7271921882062153,1.0183132751582147,1.0183132751582147,1.0183132751582147,1.0417201621054306
A6,r2,primary,24.5,1.02006356709219,0.9153030960038886,1.0201528051351272,1.0201528051351272,1.0201528051351272,1.0367988942850597
A6,r2,primary,25.0,1.0191944482328,1.165128219137053,1.0191806515102078,1.0191806515102078,1.0191806515102078,1.030244504906173
A6,r2,primary,25.5,1.01920498971111,1.1438324524137737,1.019187130096443,1.019187130096443,1.019187130096443,1.0256873310621473
A6,r2,primary,26.0,1.02384605140446,1.1518340837519923,1.0238726284660462,1.0238726284660462,1.0238726284660462,1.0256616402367087
A6,r2,primary,26.5,1.03192916682041,0.8837401131889953,1.031937816383701,1.031937816383701,1.031937816383701,1.02855622687059
A6,r2,primary,27.0,1.03866030788172,0.8683355514828731,1.0386732569512949,1.0386732569512949,1.0386732569512949,1.0315195282143328
A6,r2,primary,27.5,1.04432261161871,1.1854373153519837,1.0443180148769085,1.0443180148769085,1.0443180148769085,1.0342458585939043
A6,r2,primary,28.0,1.04681994047772,1.0170757323699169,1.0467928602759515,1.0467928602759515,1.0467928602759515,1.03413004751854
A6,r2,primary,28.5,1.04536578684796,1.205688825407016,1.0453143850931315,1.0453143850931315,1.0453143850931315,1.0325557248304102
A6,r2,primary,29.0,1.04334067850992,1.1857981450776962,1.0433774659931916,1.0433774659931916,1.0433774659931916,1.032694148677139
A6,r2,primary,29.5,1.03824025319262,1.1970738042244704,1.0382534905050718,1.0382534905050718,1.0382534905050718,1.030065494781958
A6,r2,primary,30.0,1.03327401397769,0.9543723235458963,1.0332407152456515,1.0332407152456515,1.0332407152456515,1.0277827256106318
A6,r2,secondary,0.0,0.100056513094352,,0.050068032663557686,0.10013606532711537,0.10013606532711537,0.12149799736559569
A6,r2,secondary,0.5,0.147543355152171,0.0,0.08526840992151419,0.14750657175674753,0.10456777324234422,0.17894721803797448
A6,r2,secondary,1.0,0.190679603984102,0.0,0.12478816813948565,0.19068508125444597,0.12971406427638835,0.23132208659624623
A6,r2,secondary,1.5,0.232922766708143,0.0,0.16951716920239146,0.2330597477397201,0.16951716920239146,0.278619371741232
A6,r2,secondary,2.0,0.276818354370564,0.0,0.22012623182251784,0.27683283495652433,0.22012623182251784,0.3277536604623634
A6,r2,secondary,2.5,0.323295360685858,0.0,0.2769235747909157,0.32346224630183196,0.2769235747909157,0.3813478565022519
A6,r2,secondary,3.0,0.378478787077664,0.0,0.3441534517644077,0.37879975148597217,0.3441534517644077,0.4441443395635266
A6,r2,secondary,3.5,0.428166311587241,0.3250184517161363,0.4072813163410136,0.4284063764899481,0.4072813163410136,0.49972140229589634
A6,r2,secondary,4.0,0.478933462377818,1.4302743689958823,0.4700075490517813,0.47917370849290686,0.4700075490517813,0.5567116354256342
A6,r2,secondary,4.5,0.539336723929389,0.7661224224105988,0.5381891226918774,0.5396074161540265,0.5381891226918774,0.6239848604288493
A6,r2,secondary,5.0,0.605088702458037,0.46074053031670625,0.6053384139608238,0.6053384139608238,0.6053384139608238,0.6965037353391248
A6,r2,secondary,5.5,0.674174349438326,0.4195166162773804,0.6745287279670092,0.6745287279670092,0.6745287279670092,0.7744442266629978
A6,r2,secondary,6.0,0.740784290931888,0.7733883532479328,0.7410796373446406,0.7410796373446406,0.7410796373446406,0.8504778450329918
A6,r2,secondary,6.5,0.805122571392595,0.8942257443650891,0.8054634524393284,0.8054634524393284,0.8054634524393284,0.9219097452460254
A6,r2,secondary,7.0,0.864302027160494,1.0009318732899157,0.8646589850279426,0.8646589850279426,0.8646589850279426,0.9823650035683751
A6,r2,secondary,7.5,0.914590932404913,1.2494597732820265,0.914946735927719,0.914946735927719,0.914946735927719,1.0304327454258762
A6,r2,secondary,8.0,0.951879637439166,0.14740123168760377,0.9522639851105723,0.9522639851105723,0.9522639851105723,1.0651790658244964
A6,r2,secondary,8.5,0.979321697519251,1.2472375431014655,0.9795592797873491,0.9795592797873491,0.9795592797873491,1.0902110059214776
A6,r2,secondary,9.0,1.00445324170847,1.3128013634683136,1.0046402071731844,1.0046402071731844,1.0046402071731844,1.1123688066985782
A6,r2,secondary,9.5,1.03184190685103,0.7479769974690555,1.0320176255792874,1.0320176255792874,1.0320176255792874,1.1404937683106446
A6,r2,secondary,10.0,1.05480850904542,1.5453782944078165,1.054990866602012,1.054990866602012,1.054990866602012,1.1636264772022888
A6,r2,secondary,10.5,1.0734359854505,1.022257414683406,1.0736354765782066,1.0736354765782066,1.0736354765782066,1.1807894785573203
A6,r2,secondary,11.0,1.08696416752697,1.5221880193702015,1.0873011615698776,1.0873011615698776,1.0873011615698776,1.1917972211575603
A6,r2,secondary,11.5,1.09557315228866,0.8340594930732357,1.0958836434210264,1.0958836434210264,1.0958836434210264,1.195262476477634
A6,r2,secondary,12.0,1.1008459624239,1.4019443852276166,1.1009944427528944,1.1009944427528944,1.1009944427528944,1.1956084215895078
A6,r2,secondary,12.5,1.10781287133725,0.6745111020940084,1.1080220142888837,1.1080220142888837,1.1080220142888837,1.1993127630841498
A6,r2,secondary,13.0,1.10645537703514,1.2076196858658614,1.106726761128876,1.106726761128876,1.106726761128876,1.1924183576011103
A6,r2,secondary,13.5,1.09718593176805,1.3461218205991234,1.0974271961653415,1.0974271961653415,1.0974271961653415,1.1791116453533712
A6,r2,secondary,14.0,1.09466086572723,0.6083263737146746,1.0947603819130618,1.0947603819130618,1.0947603819130618,1.1741197199650626
A6,r2,secondary,14.5,1.09319084119843,1.344788540004212,1.0934270535874404,1.0934270535874404,1.0934270535874404,1.167548129748869
A6,r2,secondary,15.0,1.09355013040559,1.1387844893727632,1.0937179163071888,1.0937179163071888,1.0937179163071888,1.1610631247212935
A6,r2,secondary,15.5,1.09550415588239,1.1050272596915913,1.0956704419092242,1.0956704419092242,1.0956704419092242,1.1588837078066652
A6,r2,secondary,16.0,1.0952654916389,0.9935173860560571,1.0952889254568845,1.0952889254568845,1.0952889254568845,1.1546210460174413
A6,r2,secondary,16.5,1.10067241973735,0.9673419718135955,1.100934243935539,1.100934243935539,1.100934243935539,1.153313432702706
A6,r2,secondary,17.0,1.10379389709159,0.9395995847655371,1.103850168548601,1.103850168548601,1.103850168548601,1.1490585475867952
A6,r2,secondary,17.5,1.10723419428382,1.0535644746836013,1.107337669998034,1.107337669998034,1.107337669998034,1.1470642981914176
A6,r2,secondary,18.0,1.10716751838595,1.4394018138932183,1.1072199247282724,1.1072199247282724,1.1072199247282724,1.1443567001485997
A6,r2,secondary,18.5,1.10935730778809,1.2023024670377715,1.1094812020933864,1.1094812020933864,1.1094812020933864,1.1455046562438482
A6,r2,secondary,19.0,1.10766841994595,1.1706609754547157,1.107756090487813,1.107756090487813,1.107756090487813,1.1451651701156387
A6,r2,secondary,19.5,1.10137089376869,1.2711767231805184,1.1014317856103708,1.1014317856103708,1.1014317856103708,1.139306957627443
A6,r2,secondary,20.0,1.09618001584983,1.0550753652798914,1.0961195556005494,1.0961195556005494,1.0961195556005494,1.1333538125327014
A6,r2,secondary,20.5,1.09428541860759,0.7278767145219962,1.0944108393328231,1.0944108393328231,1.0944108393328231,1.1328596862507274
A6,r2,secondary,21.0,1.09173854700709,1.480886608370219,1.09186977339888,1.09186977339888,1.09186977339888,1.129766126598809
A6,r2,secondary,21.5,1.09007461152392,0.9292545993694172,1.0901105371293274,1.0901105371293274,1.0901105371293274,1.125655516329964
A6,r2,secondary,22.0,1.08828561735274,1.0206991716481946,1.0884168883296896,1.0884168883296896,1.0884168883296896,1.1218991802342198
A6,r2,secondary,22.5,1.08050913379163,1.0551999690846456,1.080564008546535,1.080564008546535,1.080564008546535,1.1093474779833292
A6,r2,secondary,23.0,1.06755646988705,1.141209290782449,1.067336318127163,1.067336318127163,1.067336318127163,1.0928664067706129
A6,r2,secondary,23.5,1.06015994892817,0.8521922195505389,1.0601535682781866,1.0601535682781866,1.0601535682781866,1.0854612966018848
A6,r2,secondary,24.0,1.05327649718535,0.8352566407367402,1.0532514086164366,1.0532514086164366,1.0532514086164366,1.0762563464007275
A6,r2,secondary,24.5,1.05180466645937,1.1800612447689,1.0516852939541825,1.0516852939541825,1.0516852939541825,1.0684647443621806
A6,r2,secondary,25.0,1.05713758973057,1.2596404894610633,1.0571251709458043,1.0571251709458043,1.0571251709458043,1.064883307498427
A6,r2,secondary,25.5,1.06538857959964,1.0895936781553324,1.0653742054603172,1.0653742054603172,1.0653742054603172,1.0649487505839803
A6,r2,secondary,26.0,1.07603678289654,1.2591637426373465,1.0759737217974263,1.0759737217974263,1.0759737217974263,1.0687566440079486
A6,r2,secondary,26.5,1.08324045510716,0.9530619419379425,1.0832200302412114,1.0832200302412114,1.0832200302412114,1.0704915174192307
A6,r2,secondary,27.0,1.08576254074727,0.8896719174547868,1.0858113291820872,1.0858113291820872,1.0858113291820872,1.068850544658476
A6,r2,secondary,27.5,1.08298113315709,0.8290322115725731,1.0829311904963812,1.0829311904963812,1.0829311904963812,1.0625903607809715
A6,r2,secondary,28.0,1.07904288364377,1.0864971420553462,1.0790554448836691,1.0790554448836691,1.0790554448836691,1.0570146492177601
A6,r2,secondary,28.5,1.07608416737112,1.113251221935,1.0760518868509812,1.0760518868509812,1.0760518868509812,1.0545482089493274
A6,r2,secondary,29.0,1.07278814023045,1.3137592134389855,1.072833958968659,1.072833958968659,1.072833958968659,1.0517244517310214
A6,r2,secondary,29.5,1.06746723646584,1.4215062687119298,1.0674760329618727,1.0674760329618727,1.0674760329618727,1.0478853837102409
A6,r2,secondary,30.0,1.06493978764503,1.3544178031906728,1.0649657742470608,1.0649657742470608,1.0649657742470608,1.049097671853435
A6,r3,primary,0.0,0.194828176043758,,0.09717929692414147,0.19435859384828294,0.19435859384828294,0.20609042636790134
A6,r3,primary,0.5,0.275512930091913,0.0,0.16002029820399477,0.2743628344228354,0.20739406863563625,0.28797378063977697
A6,r3,primary,1.0,0.373425854044591,0.0,0.2476198343142254,0.37269128178200217,0.2680984084396615,0.38961826335596755
A6,r3,primary,1.5,0.464506564026749,0.0,0.343575142718747,0.4633993342235915,0.3506949996120104,0.4840237572775452
A6,r3,primary,2.0,0.558625085652047,0.0,0.45291376398456695,0.5576334451194436,0.4533847111400091,0.5807389957781649
A6,r3,primary,2.5,0.643082705528858,0.4243958054598121,0.5614649246903336,0.6419061144732131,0.5614649246903336,0.667728212098818
A6,r3,primary,3.0,0.716036285690028,0.17702298004441633,0.6624175378287046,0.7147535315102918,0.6624175378287046,0.7432473737034291
A6,r3,primary,3.5,0.78027556751549,1.0635637297582559,0.7526467728382978,0.7788057690083948,0.7526467728382978,0.8098905148841071
A6,r3,primary,4.0,0.838856786494134,1.7311516764328847,0.8301870334121136,0.8372967480009085,0.8301870334121136,0.8709506378264429
A6,r3,primary,4.5,0.895100398011885,0.9486652147455417,0.8933694947100684,0.8933694947100684,0.8933694947100684,0.9296678077402266
A6,r3,primary,5.0,0.945598109288972,1.8167852801138769,0.943726513361315,0.943726513361315,0.943726513361315,0.982656513213712
A6,r3,primary,5.5,0.983522037847405,1.1678769347265814,0.9816447903722683,0.9816447903722683,0.9816447903722683,1.0227173126772777
A6,r3,primary,6.0,1.00852311753251,1.6962974819455312,1.0066228875744492,1.0066228875744492,1.0066228875744492,1.0497274897264404
A6,r3,primary,6.5,1.02184199529097,0.9907042724684145,1.019895838071367,1.019895838071367,1.019895838071367,1.0647776255710806
A6,r3,primary,7.0,1.02223596346243,0.7666801791696475,1.0204044180003518,1.0204044180003518,1.0204044180003518,1.0662085883930579
A6,r3,primary,7.5,1.00724867636101,0.6454520146380441,1.0053975672279116,1.0053975672279116,1.0053975672279116,1.050945424512557
A6,r3,primary,8.0,0.979244303174731,0.7403710666557178,0.9773684743905979,0.9773684743905979,0.9773684743905979,1.0214521801859997
A6,r3,primary,8.5,0.947179778512093,0.5076361994452105,0.9450383449269933,0.9450383449269933,0.9450383449269933,0.9880386731178233
A6,r3,primary,9.0,0.922002700205626,0.8996402893903296,0.9202199590094859,0.9202199590094859,0.9202199590094859,0.9623750873939706
A6,r3,primary,9.5,0.900614728492261,0.7399840944680973,0.8986162172678182,0.8986162172678182,0.8986162172678182,0.9381280144588033
A6,r3,primary,10.0,0.899942388228004,0.9740658658202731,0.8983145293992659,0.8983145293992659,0.8983145293992659,0.9361571852238434
A6,r3,primary,10.5,0.90140080021951,1.188406915573594,0.8996204430138351,0.8996204430138351,0.8996204430138351,0.9358710759753959
A6,r3,primary,11.0,0.916270229968958,1.233907842545233,0.9146505933684046,0.9146505933684046,0.9146505933684046,0.9482127934693069
A6,r3,primary,11.5,0.936676275121765,0.7094514607424963,0.9349081180532397,0.9349081180532397,0.9349081180532397,0.965252589236669
A6,r3,primary,12.0,0.956590442950038,0.8622990330366261,0.9549031709488383,0.9549031709488383,0.9549031709488383,0.9824223723583538
A6,r3,primary,12.5,0.970876996660049,0.9586244685897072,0.9692089196876265,0.9692089196876265,0.9692089196876265,0.9937023909173622
A6,r3,primary,13.0,0.98003265016248,0.9651159996159215,0.9782326409178187,0.9782326409178187,0.9782326409178187,0.9998995125770264
A6,r3,primary,13.5,0.986336689452391,0.9305620090153541,0.984552920243745,0.984552920243745,0.984552920243745,1.004324135844554
A6,r3,primary,14.0,0.99099408283634,1.2888481215361383,0.9891798209805833,0.9891798209805833,0.9891798209805833,1.0073047424189294
A6,r3,primary,14.5,0.997309682779067,0.7930228580198083,0.9954508375602404,0.9954508375602404,0.9954508375602404,1.0122470472722265
A6,r3,primary,15.0,1.00307182122336,0.8403599880918311,1.0017416994606638,1.0017416994606638,1.0017416994606638,1.0180721963269428
A6,r3,primary,15.5,1.00908556263009,1.0975385824402235,1.0081167876127284,1.0081167876127284,1.0081167876127284,1.0237837063291977
A6,r3,primary,16.0,1.01756223187528,1.0649107615529783,1.0169561475026607,1.0169561475026607,1.0169561475026607,1.0319884173367078
A6,r3,primary,16.5,1.02633873651413,1.0010347998025557,1.0260775305148295,1.0260775305148295,1.0260775305148295,1.0404731387400963
A6,r3,primary,17.0,1.03391430634048,0.9398312538315726,1.0337808727751787,1.0337808727751787,1.0337808727751787,1.047467507898308
A6,r3,primary,17.5,1.04145378901593,1.1350199438437314,1.0415928036833972,1.0415928036833972,1.0415928036833972,1.0551866409346333
A6,r3,primary,18.0,1.04504732012768,1.0731670435897929,1.0453771951059783,1.0453771951059783,1.0453771951059783,1.0578965208830966
A6,r3,primary,18.5,1.04784395940473,1.1945540181524739,1.0482070677921638,1.0482070677921638,1.0482070677921638,1.059157037499072
A6,r3,primary,19.0,1.0530096388316,1.1639679329385786,1.053445172632024,1.053445172632024,1.053445172632024,1.0638077624323923
A6,r3,primary,19.5,1.05526572767489,0.8518477365152376,1.0557596294945533,1.0557596294945533,1.0557596294945533,1.065506631544496
A6,r3,primary,20.0,1.05317896890583,0.9691215574867089,1.0535047076221298,1.0535047076221298,1.0535047076221298,1.0629312471652514
A6,r3,primary,20.5,1.05082202082985,1.2193002930496726,1.0510100174278498,1.0510100174278498,1.0510100174278498,1.0594873737193646
A6,r3,primary,21.0,1.04745650955691,1.0316340251661682,1.0474721154345108,1.0474721154345108,1.0474721154345108,1.0560393340239178
A6,r3,primary,21.5,1.03668811707435,1.1631860519093928,1.0364808457942876,1.0364808457942876,1.0364808457942876,1.0445019103434867
A6,r3,primary,22.0,1.02377529067146,0.8345957163694947,1.0231732064686343,1.0231732064686343,1.0231732064686343,1.0307433484419783
A6,r3,primary,22.5,1.01230741490236,1.090210500141404,1.0113735628196665,1.0113735628196665,1.0113735628196665,1.0189986437316518
A6,r3,primary,23.0,1.0027760019855,0.9445283621876075,1.001387389901386,1.001387389901386,1.001387389901386,1.0092131755651212
A6,r3,primary,23.5,0.998706689760175,1.186998806241736,0.9968305651289269,0.9968305651289269,0.9968305651289269,1.0044815638480606
A6,r3,primary,24.0,0.995987521736681,0.9301857327832552,0.9941953252961357,0.9941953252961357,0.9941953252961357,1.0014451785216245
A6,r3,primary,24.5,0.991508311903275,1.0045215266814276,0.9896776921134258,0.9896776921134258,0.9896776921134258,0.9960847682877148
A6,r3,primary,25.0,0.989105869697671,1.0071359486498894,0.9871282419303568,0.9871282419303568,0.9871282419303568,0.9930151574273898
A6,r3,primary,25.5,0.990862225122505,0.7028204181966434,0.9893244178854067,0.9893244178854067,0.9893244178854067,0.995441465252973
A6,r3,primary,26.0,0.99111328026004,0.9277025901395667,0.9900808958546986,0.9900808958546986,0.9900808958546986,0.996826443890632
A6,r3,primary,26.5,0.993568840094608,1.0165954941623978,0.9931895717936847,0.9931895717936847,0.9931895717936847,1.0012183835391701
A6,r3,primary,27.0,0.996696277570182,0.9782810066651036,0.996812397915165,0.996812397915165,0.996812397915165,1.0050250640277665
A6,r3,primary,27.5,0.997687478287426,1.1651634734074776,0.998129128569993,0.998129128569993,0.998129128569993,1.0054578305620239
A6,r3,primary,28.0,1.0015392038796,0.9038590428669581,1.0022921552649116,1.0022921552649116,1.0022921552649116,1.0072543131731886
A6,r3,primary,28.5,1.0100416917269,1.1460456406423096,1.0111681331089015,1.0111681331089015,1.0111681331089015,1.0135088113084132
A6,r3,primary,29.0,1.01642322291678,1.1656658719736996,1.017532603107708,1.017532603107708,1.017532603107708,1.017794524844275
A6,r3,primary,29.5,1.02451920861829,1.032435528209041,1.0257372678030554,1.0257372678030554,1.0257372678030554,1.0237415771613565
A6,r3,primary,30.0,1.03110184920611,0.8271899452077845,1.0323892520543623,1.0323892520543623,1.0323892520543623,1.0282664948269835
A6,r3,secondary,0.0,0.0510568538938542,,0.025526414813359495,0.05105282962671899,0.05105282962671899,0.05307897652812573
A6,r3,secondary,0.5,0.100681588659479,0.0,0.058653741311468846,0.10056478394511961,0.0674151133307205,0.10105891219871574
A6,r3,secondary,1.0,0.161597655734636,0.0,0.1072984707547921,0.16149435165240647,0.11008664635574869,0.16294236222179082
A6,r3,secondary,1.5,0.22076625280023,0.0,0.163604987109028,0.22066335038691975,0.163604987109028,0.22404513010682256
A6,r3,secondary,2.0,0.282426671898705,0.0,0.22892854317997527,0.28185986466062635,0.22892854317997527,0.28804716929497376
A6,r3,secondary,2.5,0.362275610528194,0.0,0.31690218073353843,0.36230481826615835,0.31690218073353843,0.3730854031210003
A6,r3,secondary,3.0,0.449203976299099,0.23529970155871677,0.4163026317229448,0.4491936870758817,0.4163026317229448,0.4673309296464947
A6,r3,secondary,3.5,0.532815374379576,0.0,0.5149186597009741,0.5328151760126479,0.5149186597009741,0.5579932535039208
A6,r3,secondary,4.0,0.61575038415078,0.7073070419841296,0.6105262397056548,0.6157547811530404,0.6105262397056548,0.6478053526277459
A6,r3,secondary,4.5,0.697993189986868,1.2601869198893774,0.6979054495843319,0.6979054495843319,0.6979054495843319,0.7363386219286933
A6,r3,secondary,5.0,0.780993742190739,0.9935681193705104,0.7809544337403432,0.7809544337403432,0.7809544337403432,0.8240688004778725
A6,r3,secondary,5.5,0.859366429920724,0.6461002261976089,0.85932094863263,0.85932094863263,0.85932094863263,0.9064596054218289
A6,r3,secondary,6.0,0.931993956304804,1.0668396164552365,0.9319688550702371,0.9319688550702371,0.9319688550702371,0.9827259327085386
A6,r3,secondary,6.5,0.994491622573779,1.9728350232259217,0.9944563657638951,0.9944563657638951,0.9944563657638951,1.0478946392224011
A6,r3,secondary,7.0,1.04614760267344,1.631245445234432,1.0461847009657679,1.0461847009657679,1.0461847009657679,1.101509624501918
A6,r3,secondary,7.5,1.08177168031978,0.76205115510213,1.0817494375580679,1.0817494375580679,1.0817494375580679,1.136827169160118
A6,r3,secondary,8.0,1.09783511441536,0.9838289598062725,1.0979316425724543,1.0979316425724543,1.0979316425724543,1.151522160973987
A6,r3,secondary,8.5,1.09450197665127,0.6741127121307184,1.0945703420370074,1.0945703420370074,1.0945703420370074,1.1472568375924501
A6,r3,secondary,9.0,1.08277761606324,1.1159320913493396,1.0828413837074709,1.0828413837074709,1.0828413837074709,1.1335010132343655
A6,r3,secondary,9.5,1.07140291083765,1.0594459492677009,1.0714440699027252,1.0714440699027252,1.0714440699027252,1.116932327525869
A6,r3,secondary,10.0,1.06265869197122,1.1498661698344301,1.062657165208782,1.062657165208782,1.062657165208782,1.1031209218809253
A6,r3,secondary,10.5,1.04560276455632,1.1658437534777586,1.045641387200169,1.045641387200169,1.045641387200169,1.0814746314001935
A6,r3,secondary,11.0,1.0253844686419,1.246512897672031,1.0251865887384057,1.0251865887384057,1.0251865887384057,1.0563358207502342
A6,r3,secondary,11.5,1.01678648292262,1.0687631813830933,1.01682858474463,1.01682858474463,1.01682858474463,1.0450007654840068
A6,r3,secondary,12.0,1.01911875834687,0.7234706492320085,1.0192248134855157,1.0192248134855157,1.0192248134855157,1.047176240629365
A6,r3,secondary,12.5,1.0222769161556,0.8106099485825479,1.0222589516207254,1.0222589516207254,1.0222589516207254,1.048926666489468
A6,r3,secondary,13.0,1.02929585924499,0.9480868064253318,1.029475742722552,1.029475742722552,1.029475742722552,1.0554768081772374
A6,r3,secondary,13.5,1.02834962717611,1.1280629929212866,1.0284200182006549,1.0284200182006549,1.0284200182006549,1.0541517345434794
A6,r3,secondary,14.0,1.02679770799814,1.1414895071156899,1.0268216171991655,1.0268216171991655,1.0268216171991655,1.0504688978076944
A6,r3,secondary,14.5,1.03090168600818,0.9018785113270735,1.0309597515175504,1.0309597515175504,1.0309597515175504,1.052940553271453
A6,r3,secondary,15.0,1.03483563016402,1.0690765614952742,1.034782443762128,1.034782443762128,1.034782443762128,1.055936359028185
A6,r3,secondary,15.5,1.03920609831652,0.7992940359712187,1.039227869503015,1.039227869503015,1.039227869503015,1.058970725601752
A6,r3,secondary,16.0,1.04472666371077,1.277697575266036,1.0446349881074706,1.0446349881074706,1.0446349881074706,1.0633074311167658
A6,r3,secondary,16.5,1.05158539414908,0.975322515007491,1.051613981943352,1.051613981943352,1.051613981943352,1.068459085817631
A6,r3,secondary,17.0,1.05222673761157,1.5083883129891003,1.0522920281039387,1.0522920281039387,1.0522920281039387,1.0661050406730614
A6,r3,secondary,17.5,1.05083009194502,0.8787885828076877,1.0507431220228358,1.0507431220228358,1.0507431220228358,1.0619417166561382
A6,r3,secondary,18.0,1.04765181547218,1.0176352121249623,1.0477242210863051,1.0477242210863051,1.0477242210863051,1.05601958223997
A6,r3,secondary,18.5,1.0423507716813,1.3098895887739253,1.042434200683567,1.042434200683567,1.042434200683567,1.0479648667285693
A6,r3,secondary,19.0,1.03639271989618,0.851240564721406,1.036390768751818,1.036390768751818,1.036390768751818,1.0404620785480239
A6,r3,secondary,19.5,1.02577044665595,0.9422142672918826,1.0256994520599416,1.0256994520599416,1.0256994520599416,1.0296809599852983
A6,r3,secondary,20.0,1.01105325429711,0.9207722130875448,1.01100176252986,1.01100176252986,1.01100176252986,1.0151326504598752
A6,r3,secondary,20.5,0.991624089335513,1.079823470715446,0.991571060465266,0.991571060465266,0.991571060465266,0.996646917550482
A6,r3,secondary,21.0,0.970528713872985,0.9134396678278314,0.970484277670534,0.970484277670534,0.970484277670534,0.9766468279684872
A6,r3,secondary,21.5,0.948127202997103,1.271322543129979,0.9479769388953455,0.9479769388953455,0.9479769388953455,0.952522626322863
A6,r3,secondary,22.0,0.932437999279021,0.8392375409276848,0.9324855838249088,0.9324855838249088,0.9324855838249088,0.9358135789219804
A6,r3,secondary,22.5,0.913361050039456,0.888045439137197,0.9133470808546954,0.9133470808546954,0.9133470808546954,0.9166585730497137
A6,r3,secondary,23.0,0.896299039890753,0.8365035452511431,0.8961379228295465,0.8961379228295465,0.8961379228295465,0.8988644550463347
A6,r3,secondary,23.5,0.89138019163295,0.915029371036383,0.8913795601498556,0.8913795601498556,0.8913795601498556,0.8943511440216109
A6,r3,secondary,24.0,0.887371275011889,0.8037930950347192,0.887362040680016,0.887362040680016,0.887362040680016,0.891306954187899
A6,r3,secondary,24.5,0.88357757999843,0.9089190848616027,0.8835251073694653,0.8835251073694653,0.8835251073694653,0.8875815175200286
A6,r3,secondary,25.0,0.880188925378249,0.6837785753239595,0.8799877934235939,0.8799877934235939,0.8799877934235939,0.8851194512469743
A6,r3,secondary,25.5,0.881680661385078,0.7290760452985035,0.8816984656736032,0.8816984656736032,0.8816984656736032,0.8886280114098293
A6,r3,secondary,26.0,0.882860574063384,0.9170735431773496,0.882649298885136,0.882649298885136,0.882649298885136,0.891438333606907
A6,r3,secondary,26.5,0.891363689356348,0.7594294247804257,0.8912550720103765,0.8912550720103765,0.8912550720103765,0.900521293304757
A6,r3,secondary,27.0,0.901267726610909,0.8839345596000875,0.9012733572904426,0.9012733572904426,0.9012733572904426,0.9097067525929583
A6,r3,secondary,27.5,0.912859761886343,1.249862693119118,0.9128669110275569,0.9128669110275569,0.9128669110275569,0.9205127070247429
A6,r3,secondary,28.0,0.923018346209507,1.0409460383063454,0.9229446332603852,0.9229446332603852,0.9229446332603852,0.9303106944133511
A6,r3,secondary,28.5,0.934487225529445,0.7604228706418334,0.9344799692740374,0.9344799692740374,0.9344799692740374,0.9418081626587135
A6,r3,secondary,29.0,0.947421013110385,0.9807432001237236,0.9474121271059147,0.9474121271059147,0.9474121271059147,0.9539409653736843
A6,r3,secondary,29.5,0.960256433919553,0.989576277635834,0.960354764886743,0.960354764886743,0.960354764886743,0.9651539371571957
A6,r3,secondary,30.0,0.968129559220002,0.8495639996571436,0.9682060336143948,0.9682060336143948,0.9682060336143948,0.971217652001973
A6,r4,primary,0.0,0.156386208466531,,0.078098568833133,0.156197137666266,0.156197137666266,0.17056125226460783
A6,r4,primary,0.5,0.24643867473972,0.0,0.14541605731964843,0.24644688927368094,0.17577947594247098,0.26797529050679586
A6,r4,primary,1.0,0.33373062280743,0.0,0.2260845693494955,0.33372088015341445,0.23293784877790658,0.3610181133200813
A6,r4,primary,1.5,0.422665869523582,0.0,0.3208479104024819,0.4223834919626126,0.3208479104024819,0.45555817000405086
A6,r4,primary,2.0,0.508923131472063,0.0,0.4243056531953678,0.508847621370828,0.4243056531953678,0.5455748023320922
A6,r4,primary,2.5,0.590881287854409,0.16073377757966917,0.5301653274284273,0.5906731872836511,0.5301653274284273,0.6318584377191985
A6,r4,primary,3.0,0.677393327426731,0.5361549530703277,0.6422325682832161,0.6773934947612669,0.6422325682832161,0.7225696307963417
A6,r4,primary,3.5,0.754484396176491,1.611931810579922,0.7415155235374662,0.7544779617505141,0.7415155235374662,0.8014457396429664
A6,r4,primary,4.0,0.82886709027121,0.9081475133077994,0.828019035065522,0.828762203385768,0.828019035065522,0.8775165209894265
A6,r4,primary,4.5,0.90881613785288,1.347517827036889,0.9087631973048992,0.9087631973048992,0.9087631973048992,0.9603811827764108
A6,r4,primary,5.0,0.9770426170178,1.2963717237141363,0.97696573231746,0.97696573231746,0.97696573231746,1.0319366810389197
A6,r4,primary,5.5,1.03666758300488,1.4012586698464873,1.0366832809408835,1.0366832809408835,1.0366832809408835,1.0938920233166065
A6,r4,primary,6.0,1.0748153759375,0.8803804249506045,1.0747740093384692,1.0747740093384692,1.0747740093384692,1.1327545164458477
A6,r4,primary,6.5,1.09226887985041,1.3771043593778702,1.0922951495292585,1.0922951495292585,1.0922951495292585,1.1516548962602584
A6,r4,primary,7.0,1.09276154373704,0.8735467644638132,1.0927792070449003,1.0927792070449003,1.0927792070449003,1.153141591577332
A6,r4,primary,7.5,1.07590057648193,0.6536681299084411,1.0757326988261846,1.0757326988261846,1.0757326988261846,1.137511561965458
A6,r4,primary,8.0,1.05783125466161,1.2780239693424977,1.0578981750091812,1.0578981750091812,1.0578981750091812,1.120822705986929
A6,r4,primary,8.5,1.04149135421163,0.7706207830377326,1.0414750807387656,1.0414750807387656,1.0414750807387656,1.107666018425153
A6,r4,primary,9.0,1.03205788954235,1.4578248243993992,1.0321061004361771,1.0321061004361771,1.0321061004361771,1.1011550854426706
A6,r4,primary,9.5,1.02706157818399,0.9082220493586228,1.0270030870104858,1.0270030870104858,1.0270030870104858,1.09902075121541
A6,r4,primary,10.0,1.03244195311607,0.8226884926503578,1.0324444314975594,1.0324444314975594,1.0324444314975594,1.1069335968883136
A6,r4,primary,10.5,1.03881849712381,1.2569017523794916,1.0388057113554936,1.0388057113554936,1.0388057113554936,1.1150430311257797
A6,r4,primary,11.0,1.05252271665299,0.9382520954464064,1.0525029026940638,1.0525029026940638,1.0525029026940638,1.1321310082884142
A6,r4,primary,11.5,1.06865478972587,0.898623234477568,1.0687907133611318,1.0687907133611318,1.0687907133611318,1.1494722080622162
A6,r4,primary,12.0,1.07004453591668,1.0011324214081325,1.0699030259499533,1.0699030259499533,1.0699030259499533,1.1485881915616192
A6,r4,primary,12.5,1.07600183847526,1.0615659399999582,1.075961373464986,1.075961373464986,1.075961373464986,1.1527507871003309
A6,r4,primary,13.0,1.07963032105259,1.2145194589211317,1.079615942092267,1.079615942092267,1.079615942092267,1.1539171385238944
A6,r4,primary,13.5,1.08533273711948,1.2320420805844268,1.0852634084901194,1.0852634084901194,1.0852634084901194,1.159224957675465
A6,r4,primary,14.0,1.08898661334798,1.2191894620841546,1.0888233094750823,1.0888233094750823,1.0888233094750823,1.160802312593913
A6,r4,primary,14.5,1.08575057726951,0.8925975260883503,1.0856612143156774,1.0856612143156774,1.0856612143156774,1.1552960107812558
A6,r4,primary,15.0,1.08466687845896,1.4199277496545388,1.0844778663250103,1.0844778663250103,1.0844778663250103,1.1520210407252138
A6,r4,primary,15.5,1.08559785656892,0.7009487596355235,1.085427948419041,1.085427948419041,1.085427948419041,1.1515291977529092
A6,r4,primary,16.0,1.08430471698471,1.361179267081777,1.0841640398937629,1.0841640398937629,1.0841640398937629,1.1478944237732818
A6,r4,primary,16.5,1.08280260314174,1.0415647234460303,1.082524641053516,1.082524641053516,1.082524641053516,1.1438098979180231
A6,r4,primary,17.0,1.08109173434296,1.0860031311025413,1.080892084067046,1.080892084067046,1.080892084067046,1.1402817527034388
A6,r4,primary,17.5,1.08149307903371,0.8649182511366216,1.0813080901026382,1.0813080901026382,1.0813080901026382,1.1386325087965998
A6,r4,primary,18.0,1.08291608806233,1.0295069480326837,1.0826435528430856,1.0826435528430856,1.0826435528430856,1.1374737048364805
A6,r4,primary,18.5,1.08842755070002,1.0028410475614777,1.0883224327835552,1.0883224327835552,1.0883224327835552,1.1413103900712134
A6,r4,primary,19.0,1.09295406512923,1.0879166198531784,1.0928010672245667,1.0928010672245667,1.0928010672245667,1.144510200082297
A6,r4,primary,19.5,1.09938164383352,1.1921402576448674,1.0993618797249753,1.0993618797249753,1.0993618797249753,1.1506632122115512
A6,r4,primary,20.0,1.09947468583478,1.2481189161066126,1.0993963537942637,1.0993963537942637,1.0993963537942637,1.14995265079881
A6,r4,primary,20.5,1.09791930095745,1.1785010666008164,1.097810615693695,1.097810615693695,1.097810615693695,1.1474858650416477
A6,r4,primary,21.0,1.09938396701516,1.0500585092304684,1.0994358849558394,1.0994358849558394,1.0994358849558394,1.1476441695113648
A6,r4,primary,21.5,1.09339987690744,1.2052831735488954,1.0934176095743635,1.0934176095743635,1.0934176095743635,1.140814513503153
A6,r4,primary,22.0,1.08363680822527,1.062831833788536,1.0835147483961385,1.0835147483961385,1.0835147483961385,1.1314678156988331
A6,r4,primary,22.5,1.07767538718679,1.0967805577528982,1.0776648325187956,1.0776648325187956,1.0776648325187956,1.12751682993071
A6,r4,primary,23.0,1.06858673813379,1.0368402999921718,1.068537735808249,1.068537735808249,1.068537735808249,1.1191218507012162
A6,r4,primary,23.5,1.06047333331027,1.0708750658443038,1.060423087703273,1.060423087703273,1.060423087703273,1.1105707697588387
A6,r4,primary,24.0,1.05883781411048,0.9793421720560695,1.0588287360740742,1.0588287360740742,1.0588287360740742,1.1084790665357467
A6,r4,primary,24.5,1.05848466798623,1.1003629278243139,1.0584507397441991,1.0584507397441991,1.0584507397441991,1.1068543023137272
A6,r4,primary,25.0,1.05677667153509,0.7705150815863916,1.0566929406040269,1.0566929406040269,1.0566929406040269,1.1024692008106654
A6,r4,primary,25.5,1.05472766873224,0.8570204773190767,1.0547202428897253,1.0547202428897253,1.0547202428897253,1.0984153863697779
A6,r4,primary,26.0,1.0573297391085,1.3681347055669917,1.0572664108273122,1.0572664108273122,1.0572664108273122,1.0990839829919745
A6,r4,primary,26.5,1.06039944344641,1.0048050263476072,1.060355837652555,1.060355837652555,1.060355837652555,1.1006553158836279
A6,r4,primary,27.0,1.06475797556655,1.1942302556946094,1.0646853223683073,1.0646853223683073,1.0646853223683073,1.1043970569582935
A6,r4,primary,27.5,1.07217658277069,1.1891802545659846,1.0720956826074093,1.0720956826074093,1.0720956826074093,1.1108816236024452
A6,r4,primary,28.0,1.08051147721812,1.1382938299432315,1.0804943849912516,1.0804943849912516,1.0804943849912516,1.1178693718282258
A6,r4,primary,28.5,1.08899773196499,0.9531401069006104,1.088932764270317,1.088932764270317,1.088932764270317,1.1256944238309847
A6,r4,primary,29.0,1.09405693125008,1.0425437217935793,1.093991143727445,1.093991143727445,1.093991143727445,1.1295223827299872
A6,r4,primary,29.5,1.09257613367123,1.0839169833015283,1.0925593629539614,1.0925593629539614,1.0925593629539614,1.1276127545921373
A6,r4,primary,30.0,1.08091275249492,1.11008326351542,1.080927837028879,1.080927837028879,1.080927837028879,1.1157120455206182
A6,r4,secondary,0.0,0.0346383118391303,,0.017150785480964915,0.03430157096192983,0.03430157096192983,0.039066228222688106
A6,r4,secondary,0.5,0.0660792467585764,0.0,0.038750524427883376,0.06567325767871211,0.04510525107902595,0.0747714956019847
A6,r4,secondary,1.0,0.119003843181376,0.0,0.08056370237484073,0.11891917145122742,0.08155245492394646,0.12782715001208145
A6,r4,secondary,1.5,0.188358778420247,0.0,0.1431230726571618,0.18841582335230658,0.1431230726571618,0.2016622391470247
A6,r4,secondary,2.0,0.252018575738535,0.0,0.21010373501894475,0.2519664421164114,0.21010373501894475,0.2700393102940924
A6,r4,secondary,2.5,0.318281731699662,0.0,0.2857796528307705,0.3183957336801792,0.2857796528307705,0.3391151737260259
A6,r4,secondary,3.0,0.384356746655561,0.1765320600603379,0.36450722453305934,0.3844632534787502,0.36450722453305934,0.40912836975273326
A6,r4,secondary,3.5,0.449108531444462,0.3031165649512027,0.4415328705331726,0.44925130982627354,0.4415328705331726,0.4789184321782482
A6,r4,secondary,4.0,0.516529557596866,0.5314895053255768,0.5162104154674061,0.5166737275545806,0.5162104154674061,0.5523307882960606
A6,r4,secondary,4.5,0.590925334924069,1.0646094619427313,0.5910655148750249,0.5910655148750249,0.5910655148750249,0.6330716125888033
A6,r4,secondary,5.0,0.66137961163242,1.173463783180599,0.6614617340307049,0.6614617340307049,0.6614617340307049,0.7106364039695416
A6,r4,secondary,5.5,0.722884956111368,0.7775761548514092,0.72278255553463,0.72278255553463,0.72278255553463,0.7792298833415191
A6,r4,secondary,6.0,0.781668679273658,0.8916127451152047,0.7817113775783578,0.7817113775783578,0.7817113775783578,0.8418398837680217
A6,r4,secondary,6.5,0.838378936250797,0.9069681554945553,0.8386083774723907,0.8386083774723907,0.8386083774723907,0.9011440344772346
A6,r4,secondary,7.0,0.883111897620248,0.8436249076949441,0.8831788891373409,0.8831788891373409,0.8831788891373409,0.9481617727527054
A6,r4,secondary,7.5,0.922501952934555,0.5734518174779956,0.9225754859511383,0.9225754859511383,0.9225754859511383,0.9906636132229778
A6,r4,secondary,8.0,0.953706830269796,1.0096719241192216,0.9539130329416255,0.9539130329416255,0.9539130329416255,1.0248861911290381
A6,r4,secondary,8.5,0.971137530107181,0.8250072399492117,0.971090455103833,0.971090455103833,0.971090455103833,1.0456966705747517
A6,r4,secondary,9.0,0.989346083287882,0.9593137068516013,0.9893428686547316,0.9893428686547316,0.9893428686547316,1.0660175197889754
A6,r4,secondary,9.5,1.02011270908087,0.9682157824241527,1.020190016880824,1.020190016880824,1.020190016880824,1.0986400742180344
A6,r4,secondary,10.0,1.05492509017551,1.4089518680482491,1.0548292237840498,1.0548292237840498,1.0548292237840498,1.1362328147731102
A6,r4,secondary,10.5,1.08372200662368,0.9307449783218555,1.0837300564386663,1.0837300564386663,1.0837300564386663,1.1660850698942846
A6,r4,secondary,11.0,1.11566073024126,1.4336704183737397,1.1155931707564282,1.1155931707564282,1.1155931707564282,1.1985168298944904
A6,r4,secondary,11.5,1.14125195729328,1.136055849021958,1.1413874671146462,1.1413874671146462,1.1413874671146462,1.2254840874927373
A6,r4,secondary,12.0,1.154464452469,1.046067939768495,1.1543894105038062,1.1543894105038062,1.1543894105038062,1.2376975738159122
A6,r4,secondary,12.5,1.15982816188207,1.0495051325955016,1.1597507627098695,1.1597507627098695,1.1597507627098695,1.2420516441413405
A6,r4,secondary,13.0,1.15958433591659,1.431138872538405,1.1596011379819058,1.1596011379819058,1.1596011379819058,1.2405393938729214
A6,r4,secondary,13.5,1.15508513771389,1.2172188254220182,1.1552369060063905,1.1552369060063905,1.1552369060063905,1.2371562709112576
A6,r4,secondary,14.0,1.13573867953449,1.0191693714086556,1.1357691005928503,1.1357691005928503,1.1357691005928503,1.216871387775935
A6,r4,secondary,14.5,1.11777413244635,1.3253199654673866,1.1178137369573993,1.1178137369573993,1.1178137369573993,1.1944956605968573
A6,r4,secondary,15.0,1.09864751817804,1.1361798224143576,1.0987839215622168,1.0987839215622168,1.0987839215622168,1.1720532696571155
A6,r4,secondary,15.5,1.08032392072502,0.9231186476201328,1.0802758718689953,1.0802758718689953,1.0802758718689953,1.1492900230813476
A6,r4,secondary,16.0,1.06623447457291,1.136546419896102,1.0662059594878845,1.0662059594878845,1.0662059594878845,1.128514194067931
A6,r4,secondary,16.5,1.05316958463507,0.7697336687863967,1.0532198731071372,1.0532198731071372,1.0532198731071372,1.1103211630235088
A6,r4,secondary,17.0,1.03859737191458,1.2028771419607565,1.0385261994990067,1.0385261994990067,1.0385261994990067,1.09155597798318
A6,r4,secondary,17.5,1.03091355221891,1.1379026981521938,1.0309860722089246,1.0309860722089246,1.0309860722089246,1.0816198787691063
A6,r4,secondary,18.0,1.02975625707751,0.6158562671614928,1.0297425188842861,1.0297425188842861,1.0297425188842861,1.078984602037403
A6,r4,secondary,18.5,1.03128483477105,1.080820415734336,1.0312654377210353,1.0312654377210353,1.0312654377210353,1.0777049906065777
A6,r4,secondary,19.0,1.03609441472183,1.053052758125064,1.0360803361297328,1.0360803361297328,1.0360803361297328,1.0809923054343973
A6,r4,secondary,19.5,1.04279218093826,1.1421419169258715,1.042760524992924,1.042760524992924,1.042760524992924,1.0880586095878064
A6,r4,secondary,20.0,1.05035095338695,0.9199580748658148,1.0500900344451776,1.0500900344451776,1.0500900344451776,1.0952159760644842
A6,r4,secondary,20.5,1.06204420840539,1.1963527324176337,1.0621478957079127,1.0621478957079127,1.0621478957079127,1.1056026141659359
A6,r4,secondary,21.0,1.06665610298421,0.9845688564928847,1.0666889276178635,1.0666889276178635,1.0666889276178635,1.1091051003878074
A6,r4,secondary,21.5,1.06877177152544,1.2495098255545503,1.068702031316164,1.068702031316164,1.068702031316164,1.1112684645580286
A6,r4,secondary,22.0,1.07470761187014,1.196114048274498,1.0747745545390557,1.0747745545390557,1.0747745545390557,1.1202217729573156
A6,r4,secondary,22.5,1.07608079606008,1.0720979878581733,1.076106245057136,1.076106245057136,1.076106245057136,1.124121554520101
A6,r4,secondary,23.0,1.07597148712904,0.8783736339379765,1.0760022778898855,1.0760022778898855,1.0760022778898855,1.1269863990769717
A6,r4,secondary,23.5,1.07456564015341,1.0752196427387852,1.0745967613007148,1.0745967613007148,1.0745967613007148,1.1280344259543493
A6,r4,secondary,24.0,1.07078420754705,1.2423994866297714,1.0707287657092068,1.0707287657092068,1.0707287657092068,1.1244445972997872
A6,r4,secondary,24.5,1.0704122985631,1.0804235976855792,1.0703597402475473,1.0703597402475473,1.0703597402475473,1.1214141793348784
A6,r4,secondary,25.0,1.06795326815035,0.7212303191623185,1.0680452398495,1.0680452398495,1.0680452398495,1.1164771300648157
A6,r4,secondary,25.5,1.05954752858587,1.1059512681342096,1.0595284082654375,1.0595284082654375,1.0595284082654375,1.1049825373182847
A6,r4,secondary,26.0,1.05637618665731,1.1728912822853423,1.0563552506664138,1.0563552506664138,1.0563552506664138,1.1018742909915435
A6,r4,secondary,26.5,1.05784124078467,1.151332213172549,1.0577210392168592,1.0577210392168592,1.0577210392168592,1.1036586238748847
A6,r4,secondary,27.0,1.06268445234334,0.9026317989949123,1.0626668731963762,1.0626668731963762,1.0626668731963762,1.1069582874004942
A6,r4,secondary,27.5,1.06808374274965,1.0913338916998283,1.0680551801457596,1.0680551801457596,1.0680551801457596,1.1105798251957748
A6,r4,secondary,28.0,1.0708963526154,1.2366414675980824,1.0708728760032504,1.0708728760032504,1.0708728760032504,1.1115210166914704
A6,r4,secondary,28.5,1.07653190023485,1.0958406163317167,1.0764797791093432,1.0764797791093432,1.0764797791093432,1.1144936216544112
A6,r4,secondary,29.0,1.08389064181217,0.7648307469482356,1.0839326754845413,1.0839326754845413,1.0839326754845413,1.1197170217670767
A6,r4,secondary,29.5,1.08298396092704,1.041658016550667,1.0830420218271528,1.0830420218271528,1.0830420218271528,1.1167709539910196
A6,r4,secondary,30.0,1.07672587637454,1.3107119555170086,1.0767915193321798,1.0767915193321798,1.0767915193321798,1.109445840474056
A6,r5,primary,0.0,0.203660450363723,,0.1018341702954437,0.2036683405908874,0.2036683405908874,0.1976229798228032
A6,r5,primary,0.5,0.3210084321737,0.0,0.18777109287237267,0.32083502003638464,0.23458547855588927,0.3083569434219008
A6,r5,primary,1.0,0.42557293689358,0.0,0.28422291641243574,0.4253035374788998,0.306619094844862,0.412364428608332
A6,r5,primary,1.5,0.521764373581452,0.0,0.389452448530937,0.5214651701386211,0.39712875994915026,0.5128981871500822
A6,r5,primary,2.0,0.610713180689252,0.2575129450396143,0.49969219053179437,0.610344198549813,0.501854231895457,0.6051129086811047
A6,r5,primary,2.5,0.698349058283863,0.20687159676721137,0.6153835681786145,0.6979997161422499,0.6153835681786145,0.6958299998201991
A6,r5,primary,3.0,0.784281434932973,0.5172022626809836,0.7316405822623915,0.783836497093802,0.7316405822623915,0.7884219352031365
A6,r5,primary,3.5,0.866252818688854,0.889918257366183,0.8414321084702558,0.8658614570585514,0.8414321084702558,0.8783826810743595
A6,r5,primary,4.0,0.94662024388667,2.2104540869435905,0.9410537181497542,0.9462244235857672,0.9410537181497542,0.9673664240669783
A6,r5,primary,4.5,1.03587059629455,1.738420850972078,1.0354585062903185,1.0354585062903185,1.0354585062903185,1.0662046360686126
A6,r5,primary,5.0,1.12065603030595,1.151289012360263,1.1203461731767541,1.1203461731767541,1.1203461731767541,1.1608166821055346
A6,r5,primary,5.5,1.18739839843869,1.3345887694725733,1.1869684773891531,1.1869684773891531,1.1869684773891531,1.2372226415525385
A6,r5,primary,6.0,1.23948733461993,1.2265705980982153,1.2392143981575874,1.2392143981575874,1.2392143981575874,1.2973363290223403
A6,r5,primary,6.5,1.27115509304439,1.3782861971704121,1.2708433841242854,1.2708433841242854,1.2708433841242854,1.334769758563716
A6,r5,primary,7.0,1.27765661691307,1.358997766381126,1.2773768419706346,1.2773768419706346,1.2773768419706346,1.3480688822732205
A6,r5,primary,7.5,1.25995209520587,0.8474289987472976,1.2598136734280463,1.2598136734280463,1.2598136734280463,1.3373439051176381
A6,r5,primary,8.0,1.22489780008821,1.0613772696418065,1.2247601703048228,1.2247601703048228,1.2247601703048228,1.306288441971097
A6,r5,primary,8.5,1.17984413222135,1.6280281302217872,1.1796803618331386,1.1796803618331386,1.1796803618331386,1.263349168029736
A6,r5,primary,9.0,1.14845421952109,1.1260918422595116,1.1484234608544033,1.1484234608544033,1.1484234608544033,1.2316246309222343
A6,r5,primary,9.5,1.12427577074625,1.068946171152526,1.124242800722219,1.124242800722219,1.124242800722219,1.203378949105108
A6,r5,primary,10.0,1.1046564006406,1.3403367947008928,1.1046176479914656,1.1046176479914656,1.1046176479914656,1.1797377149923236
A6,r5,primary,10.5,1.08959235303144,1.1739786803838361,1.0895769856769653,1.0895769856769653,1.0895769856769653,1.1618895306232893
A6,r5,primary,11.0,1.07790073260504,0.8324709601231883,1.077918873630211,1.077918873630211,1.077918873630211,1.1442526431506606
A6,r5,primary,11.5,1.06946622903906,0.8458657389066607,1.069360249355292,1.069360249355292,1.069360249355292,1.1328716088348854
A6,r5,primary,12.0,1.05805275514227,1.1253689907132234,1.0580186629565786,1.0580186629565786,1.0580186629565786,1.1202655987531775
A6,r5,primary,12.5,1.03774507768862,0.6060619206026077,1.037674283538692,1.037674283538692,1.037674283538692,1.0987228457851577
A6,r5,primary,13.0,1.01999253159661,1.0030555423808736,1.0198756523018975,1.0198756523018975,1.0198756523018975,1.0765722415471741
A6,r5,primary,13.5,1.01450418983034,1.2509205998207558,1.01451634431007,1.01451634431007,1.01451634431007,1.0669786515585518
A6,r5,primary,14.0,1.00453240820477,1.2869025575260158,1.0044070139957524,1.0044070139957524,1.0044070139957524,1.052455309616791
A6,r5,primary,14.5,0.999682174572888,1.0171544259748215,0.9996339092864486,0.9996339092864486,0.9996339092864486,1.0422333475103938
A6,r5,primary,15.0,1.00413925467138,1.131065560928143,1.004172928533352,1.004172928533352,1.004172928533352,1.040064992201518
A6,r5,primary,15.5,1.01338025200024,1.097410800661664,1.0133756756517394,1.0133756756517394,1.0133756756517394,1.043362218298821
A6,r5,primary,16.0,1.0213779525589,0.6523503037441201,1.0213620326503507,1.0213620326503507,1.0213620326503507,1.04650296405851
A6,r5,primary,16.5,1.030442107219,0.633584769653134,1.030435782117635,1.030435782117635,1.030435782117635,1.05279290257711
A6,r5,primary,17.0,1.03884759825364,1.3289477319845788,1.0388299347855987,1.0388299347855987,1.0388299347855987,1.0589079945249271
A6,r5,primary,17.5,1.04372963307849,0.9769165435627463,1.043754595309879,1.043754595309879,1.043754595309879,1.0608914316488278
A6,r5,primary,18.0,1.04649399832763,0.7990802001892588,1.0464920935594484,1.0464920935594484,1.0464920935594484,1.058996106493351
A6,r5,primary,18.5,1.04648987933607,1.1694710545615465,1.0465060005321098,1.0465060005321098,1.0465060005321098,1.0531518543148473
A6,r5,primary,19.0,1.05577704194168,1.2555556350511443,1.0558227700878406,1.0558227700878406,1.0558227700878406,1.0583477329030488
A6,r5,primary,19.5,1.06976649657925,1.139045405820274,1.0698634200893784,1.0698634200893784,1.0698634200893784,1.0692468790510983
A6,r5,primary,20.0,1.07971744985395,1.2523497507996684,1.0797981065912357,1.0797981065912357,1.0797981065912357,1.078551395304294
A6,r5,primary,20.5,1.08435774391948,1.1151383177997967,1.0844500862087596,1.0844500862087596,1.0844500862087596,1.084750468877569
A6,r5,primary,21.0,1.08094928975682,0.9813003086994266,1.0810767134363448,1.0810767134363448,1.0810767134363448,1.0836487180050618
A6,r5,primary,21.5,1.07834924026514,1.2499782978699547,1.0785038154001714,1.0785038154001714,1.0785038154001714,1.0834203726163665
A6,r5,primary,22.0,1.08023275991189,0.9412437710960377,1.0803352037549558,1.0803352037549558,1.0803352037549558,1.0853463552565494
A6,r5,primary,22.5,1.08201522727965,0.8959371659491085,1.08206102719493,1.08206102719493,1.08206102719493,1.0878862120781403
A6,r5,primary,23.0,1.08256519492826,1.194478384799956,1.0826912514068543,1.0826912514068543,1.0826912514068543,1.0886058330315025
A6,r5,primary,23.5,1.08258220901295,1.219442549578595,1.0826717865278275,1.0826717865278275,1.0826717865278275,1.087606500221012
A6,r5,primary,24.0,1.08113452112308,0.8197492594752855,1.0813016869187593,1.0813016869187593,1.0813016869187593,1.0859178369266278
A6,r5,primary,24.5,1.07934886797961,0.8738110308810719,1.0794817819549498,1.0794817819549498,1.0794817819549498,1.084799760065713
A6,r5,primary,25.0,1.0813338047412,0.9931769275050949,1.0813553938461853,1.0813553938461853,1.0813553938461853,1.0888026080298623
A6,r5,primary,25.5,1.08611885120564,1.4163752997166843,1.0862385652887274,1.0862385652887274,1.0862385652887274,1.0980301822325553
A6,r5,primary,26.0,1.09528751515355,1.1093611745211656,1.0953514200559322,1.0953514200559322,1.0953514200559322,1.109968884901282
A6,r5,primary,26.5,1.10645410196853,1.218861752656515,1.1065765276531987,1.1065765276531987,1.1065765276531987,1.1201667930343482
A6,r5,primary,27.0,1.11251463330681,1.2174144215090268,1.112630052467739,1.112630052467739,1.112630052467739,1.1237008459078326
A6,r5,primary,27.5,1.11330570946142,1.1140894868410995,1.113341460095829,1.113341460095829,1.113341460095829,1.1216206066664764
A6,r5,primary,28.0,1.11662986148984,0.7904525068372572,1.1167111983271627,1.1167111983271627,1.1167111983271627,1.1239935904186442
A6,r5,primary,28.5,1.11939513310211,1.0773023928404926,1.1194249149322442,1.1194249149322442,1.1194249149322442,1.128029133886142
A6,r5,primary,29.0,1.11682163304759,1.1202680183211449,1.116862376855098,1.116862376855098,1.116862376855098,1.1260121916567478
A6,r5,primary,29.5,1.1093750518618,1.218486272498579,1.10940578465339,1.10940578465339,1.10940578465339,1.116980730837683
A6,r5,primary,30.0,1.1035080116735,1.3306649375704747,1.1036190096557503,1.1036190096557503,1.1036190096557503,1.107200703567391
A6,r5,secondary,0.0,0.0806709924992018,,0.04032876924078051,0.08065753848156101,0.08065753848156101,0.09577130790366059
A6,r5,secondary,0.5,0.116046297560537,0.0,0.06786961822838206,0.11596540229419172,0.09018758614254854,0.1325135783090027
A6,r5,secondary,1.0,0.160687115509108,0.0,0.10738418199865535,0.16068680544757036,0.11455023326935615,0.18297361529949363
A6,r5,secondary,1.5,0.196238699801307,0.0,0.14651297130709853,0.19617648264471482,0.14651297130709853,0.22151854899879847
A6,r5,secondary,2.0,0.229452835853095,0.0,0.18782569351328413,0.2294178787393597,0.18782569351328413,0.2562336230121484
A6,r5,secondary,2.5,0.273190759775707,0.0,0.24076375321482094,0.2730866407412921,0.24076375321482094,0.30214212457331097
A6,r5,secondary,3.0,0.326072745543585,0.49927334794468753,0.3042944479625751,0.32600309490560303,0.3042944479625751,0.359329229275942
A6,r5,secondary,3.5,0.38332487349623,0.4283214763052299,0.3725035428988866,0.38331846047601126,0.3725035428988866,0.4235587696891247
A6,r5,secondary,4.0,0.445765037478518,0.37689131270285015,0.4433207413929447,0.4457566076173774,0.4433207413929447,0.49518240615939235
A6,r5,secondary,4.5,0.520514649755063,0.5036028184872395,0.5205053977408076,0.5205053977408076,0.5205053977408076,0.5822354200772976
A6,r5,secondary,5.0,0.599577067599438,0.9077260585921513,0.5995096332526707,0.5995096332526707,0.5995096332526707,0.6719154681142121
A6,r5,secondary,5.5,0.673731431511093,0.2756502650616876,0.6737013247394239,0.6737013247394239,0.6737013247394239,0.7515192346961498
A6,r5,secondary,6.0,0.738045489287645,0.5078867839541086,0.738012931250215,0.738012931250215,0.738012931250215,0.817092864764899
A6,r5,secondary,6.5,0.797049752358049,1.4072039588496899,0.7970011522387838,0.7970011522387838,0.7970011522387838,0.8768818382749439
A6,r5,secondary,7.0,0.849785699266785,0.8743832679715626,0.8497350391657625,0.8497350391657625,0.8497350391657625,0.9295535785650906
A6,r5,secondary,7.5,0.890550877404353,1.0218313979032412,0.8905352318339149,0.8905352318339149,0.8905352318339149,0.970542059337048
A6,r5,secondary,8.0,0.927913591418876,0.8658728903952425,0.9278778093285285,0.9278778093285285,0.9278778093285285,1.007712856617351
A6,r5,secondary,8.5,0.953088947720232,1.4488797592136577,0.953057420442676,0.953057420442676,0.953057420442676,1.0323318642085781
A6,r5,secondary,9.0,0.969124390193536,0.9442227240644959,0.9691893253820034,0.9691893253820034,0.9691893253820034,1.0430482577693123
A6,r5,secondary,9.5,0.985367556191616,0.9785805838549209,0.985332119951043,0.985332119951043,0.985332119951043,1.055180341811608
A6,r5,secondary,10.0,0.998456847595952,0.6969302939024151,0.9983608111045239,0.9983608111045239,0.9983608111045239,1.06550909484625
A6,r5,secondary,10.5,0.999800686089958,1.184115976654196,0.9997703023814847,0.9997703023814847,0.9997703023814847,1.061558062215705
A6,r5,secondary,11.0,0.997430534378295,1.2749479496358547,0.9973725589864695,0.9973725589864695,0.9973725589864695,1.0539589339040045
A6,r5,secondary,11.5,0.99770090049936,0.8141718550933789,0.9977186616423646,0.9977186616423646,0.9977186616423646,1.0490617098702697
A6,r5,secondary,12.0,0.999477027381737,0.9137146985198505,0.9995043898585588,0.9995043898585588,0.9995043898585588,1.0438881377445126
A6,r5,secondary,12.5,0.999949037660439,0.7533142542117031,0.9999125871038065,0.9999125871038065,0.9999125871038065,1.0389383113831396
A6,r5,secondary,13.0,0.993783553954838,0.8467108582167254,0.993815601980401,0.993815601980401,0.993815601980401,1.0295318917688956
A6,r5,secondary,13.5,0.994267114044908,1.2251415478332495,0.9943195176414531,0.9943195176414531,0.9943195176414531,1.0277407243104033
A6,r5,secondary,14.0,0.995714060410485,0.9030829555782321,0.9957676201110008,0.9957676201110008,0.9957676201110008,1.0255999088081051
A6,r5,secondary,14.5,0.995961088080323,1.200060997669043,0.9960028879609486,0.9960028879609486,0.9960028879609486,1.0175372965870462
A6,r5,secondary,15.0,1.00173093020264,1.003784337187982,1.001632136156364,1.001632136156364,1.001632136156364,1.013989272029693
A6,r5,secondary,15.5,1.01490320914811,0.9747516222841012,1.0148775810951784,1.0148775810951784,1.0148775810951784,1.0187919459006
A6,r5,secondary,16.0,1.02790425708817,1.4929006479604532,1.0277763604033088,1.0277763604033088,1.0277763604033088,1.0258426231040074
A6,r5,secondary,16.5,1.04290579089475,0.6262458318488182,1.0428492384612655,1.0428492384612655,1.0428492384612655,1.0364358593491352
A6,r5,secondary,17.0,1.05414015165124,0.7512986969235185,1.0541486950374512,1.0541486950374512,1.0541486950374512,1.0423044217900386
A6,r5,secondary,17.5,1.0575158406747,1.004150383479086,1.0573863237628924,1.0573863237628924,1.0573863237628924,1.038200884471628
A6,r5,secondary,18.0,1.05909534582335,1.1124492746075145,1.0590817527557248,1.0590817527557248,1.0590817527557248,1.0337679277001695
A6,r5,secondary,18.5,1.05981007527229,1.127706236605631,1.0597524122135777,1.0597524122135777,1.0597524122135777,1.0310025116182193
A6,r5,secondary,19.0,1.06003072472721,1.4382438682636203,1.0600091137779861,1.0600091137779861,1.0600091137779861,1.032730028832739
A6,r5,secondary,19.5,1.06427666013653,1.031136447913972,1.0642964202293026,1.0642964202293026,1.0642964202293026,1.0428775649734696
A6,r5,secondary,20.0,1.06540280112947,1.0859718828823461,1.0654362537151612,1.0654362537151612,1.0654362537151612,1.0501574463460477
A6,r5,secondary,20.5,1.06083762390541,1.2187467401203251,1.060867670724917,1.060867670724917,1.060867670724917,1.049662231110962
A6,r5,secondary,21.0,1.05811220261446,0.9629910486076224,1.0581493940514564,1.0581493940514564,1.0581493940514564,1.0481097890215936
A6,r5,secondary,21.5,1.04715602487543,0.9031020610040428,1.0471914510725406,1.0471914510725406,1.0471914510725406,1.037576218823489
A6,r5,secondary,22.0,1.03478919421588,1.030371136862759,1.0348960571178436,1.0348960571178436,1.0348960571178436,1.025766335182396
A6,r5,secondary,22.5,1.02259669924458,1.044490678675971,1.0226502885927995,1.0226502885927995,1.0226502885927995,1.0134135871057344
A6,r5,secondary,23.0,1.01680642208344,0.9882057077517363,1.016903991509038,1.016903991509038,1.016903991509038,1.0074991047871897
A6,r5,secondary,23.5,1.01883851771591,1.1073760149820215,1.018879975703896,1.018879975703896,1.018879975703896,1.0086764672873452
A6,r5,secondary,24.0,1.0285903945924,0.9173916368670887,1.0287417868349378,1.0287417868349378,1.0287417868349378,1.0187960421751598
A6,r5,secondary,24.5,1.03660287859806,0.896251818824154,1.0367123418686595,1.0367123418686595,1.0367123418686595,1.0275325449543335
A6,r5,secondary,25.0,1.04471508957197,0.7829963851198246,1.0447794266382182,1.0447794266382182,1.0447794266382182,1.0369582621273166
A6,r5,secondary,25.5,1.05149454447292,0.962736506522116,1.0516268934745516,1.0516268934745516,1.0516268934745516,1.0451255927088356
A6,r5,secondary,26.0,1.06108252632092,1.1973200845886591,1.0612383718752112,1.0612383718752112,1.0612383718752112,1.050924111475301
A6,r5,secondary,26.5,1.0650788955218,1.08447682968903,1.0651535685304652,1.0651535685304652,1.0651535685304652,1.0513818381765014
A6,r5,secondary,27.0,1.07006222778284,1.5801346850781246,1.0701734713299556,1.0701734713299556,1.0701734713299556,1.0542016614112668
A6,r5,secondary,27.5,1.07244540974314,1.0151330837916794,1.0725610867021973,1.0725610867021973,1.0725610867021973,1.0568826806080136
A6,r5,secondary,28.0,1.07636287574723,1.2342882476981565,1.0764859584204594,1.0764859584204594,1.0764859584204594,1.0643423514738393
A6,r5,secondary,28.5,1.07935695088326,0.982526605852031,1.0795451514831234,1.0795451514831234,1.0795451514831234,1.0714540568850492
A6,r5,secondary,29.0,1.07693701089992,0.9373617785776177,1.077048503394433,1.077048503394433,1.077048503394433,1.0709407140161105
A6,r5,secondary,29.5,1.06645175263414,0.9793153042366282,1.0666445585140247,1.0666445585140247,1.0666445585140247,1.0622280751231499
A6,r5,secondary,30.0,1.04921399380179,1.2096947294297997,1.0493039599651575,1.0493039599651575,1.0493039599651575,1.046197815070429
