win_id,archetype,kind,cls,matched_any3,od_in,od_ring,od_contrast,x,y
A1_w1,A1,manual,matched,True,0.07556369744235977,0.022527198138338967,0.05303649930402081,38.61137629276054,17.132856006364356
A1_w1,A1,manual,matched,True,0.05666818431015262,0.0303269715129025,0.026341212797250123,14.862768496420044,31.10262529832936
A1_w1,A1,manual,matched,True,0.0716934266193355,0.021462268491750026,0.05023115812758548,86.10859188544153,11.544948289578358
A1_w1,A1,manual,matched,True,0.049284704887512125,0.027381206471760018,0.021903498415752107,64.8046937151949,17.831344470962605
A1_w1,A1,manual,matched,True,0.0431267945568419,0.03596853509083154,0.007158259466010362,57.12132060461416,27.260938743038977
A1_w1,A1,manual,matched,True,0.04555285587031152,0.02314033440597786,0.02241252146433366,77.3774860779634,33.547334924423225
A1_w1,A1,manual,missed_both,False,0.025125851121249123,0.029873451586725126,-0.004747600465476003,58.169053301511525,43.67541766109785
A1_w1,A1,manual,matched,True,0.05619054445766893,0.018039608685623938,0.038150935772044994,22.19689737470167,65.3285600636436
A1_w1,A1,manual,matched,True,0.03534957695873409,0.02551087256875957,0.009838704389974522,78.07597454256165,58.34367541766109
A1_w1,A1,manual,matched,True,0.028831548987376207,0.01901882491853784,0.009812724068838367,129.41487669053302,59.74065234685759
A1_w1,A1,manual,missed_both,False,0.030471038233689768,0.026256424216229333,0.004214614017460434,114.74661893396976,59.04216388225935
A1_w1,A1,manual,matched,True,0.0651198540904103,0.022692707475525927,0.042427146614884365,129.41487669053302,37.03977724741448
A1_w1,A1,manual,matched,True,0.046305238769905936,0.01720337362212445,0.029101865147781486,111.2541766109785,40.88146380270484
A1_w1,A1,manual,matched,True,0.07327087752343005,0.026712104956487934,0.046558772566942117,154.56046141607,13.640413683373112
A1_w1,A1,manual,matched,True,0.047256767367313574,0.029014109862403877,0.018242657504909696,172.7211614956245,23.419252187748604
A1_w1,A1,manual,matched,True,0.06804714336705932,0.03752679397065323,0.03052034939640609,170.62569610182973,5.957040572792359
A1_w1,A1,manual,matched,True,0.04714151723508206,0.03491797771238258,0.01222353952269948,141.6384248210024,18.879077167859982
A1_w1,A1,manual,matched,True,0.04737301330252395,0.023267481904477198,0.02410553139804675,202.05767700875097,19.228321400159103
A1_w1,A1,manual,matched,True,0.056428138730567734,0.023592883778352378,0.032835254952215356,190.18337311058076,22.022275258552103
A1_w1,A1,manual,missed_both,False,0.024393745708406425,0.01708257936185379,0.007311166346552635,219.17064439140808,28.308671439936347
A1_w1,A1,manual,matched,True,0.05962515673088502,0.011165007907104221,0.048460148823780795,229.64797136038183,22.022275258552103
A1_w1,A1,manual,matched,True,0.05774261810314598,0.007599404775179384,0.0501432133279666,238.37907716786,16.08512330946698
A1_w1,A1,manual,matched,True,0.04609385025269452,0.004629106743789188,0.041464743508905326,282.3838504375497,26.56245027844073
A1_w1,A1,manual,matched,True,0.05274601224161457,0.042926684213751946,0.009819328027862624,340.70763723150355,25.16547334924423
A1_w1,A1,manual,matched,True,0.031310058114715086,0.03160451099132761,-0.0002944528766125262,335.46897374701666,55.89896579156722
A1_w1,A1,manual,matched,True,0.06047026395358767,0.028700549837020424,0.031769714116567246,324.64240254574383,35.64280031821798
A1_w1,A1,manual,matched,True,0.046327806737957215,0.01628575437526064,0.030042052362696574,304.0369928400954,92.91885441527448
A1_w1,A1,manual,matched,True,0.045904998055101905,0.013876584219339282,0.032028413835762624,282.0346062052505,87.33094669848846
A1_w1,A1,manual,matched,True,0.03781611220898706,0.01350249736280163,0.02431361484618543,256.19053301511536,95.36356404136832
A1_w1,A1,manual,matched,True,0.04484015740155357,0.017797787833807532,0.027042369567746034,264.5723945902943,118.76292760540969
A1_w1,A1,manual,matched,True,0.0454322788745013,0.02163464839164178,0.023797630482859516,246.760938743039,114.92124105011932
A1_w1,A1,manual,matched,True,0.03967006040177686,0.015259641774678645,0.024410418627098217,302.2907716785998,191.0564836913285
A1_w1,A1,manual,matched,True,0.03756492920911493,0.03146500967919487,0.0060999195299200615,308.22792362768496,173.94351630867143
A1_w1,A1,manual,matched,True,0.04368574328625658,0.024858146575701495,0.018827596710555086,291.8134447096261,162.41845664280032
A1_w1,A1,manual,matched,True,0.055531768793821934,0.021155443504099918,0.034376325289722016,274.35123309466985,136.57438345266507
A1_w1,A1,manual,matched,True,0.047157242750939916,0.02290829157764002,0.024248951173299896,287.9717581543357,135.17740652346856
A1_w1,A1,manual,matched,True,0.03586806897002339,0.024985244965742046,0.010882824004281345,301.9415274463007,134.82816229116943
A1_w1,A1,manual,matched,True,0.04987831961390624,0.0307659341124611,0.01911238550144514,322.54693715194907,134.4789180588703
A1_w1,A1,manual,matched,True,0.04719584379558481,0.02317437376439851,0.024021470031186296,331.97653142402544,157.8782816229117
A1_w1,A1,manual,matched,True,0.05169600342861413,0.032909638569893866,0.01878636485872026,309.97414478918057,152.2903739061257
A1_w1,A1,manual,matched,True,0.04718630887634374,0.02960507182856864,0.017581237047775096,316.2605409705648,166.95863166268893
A1_w1,A1,manual,missed_both,False,0.0384667802275819,0.025874625081883575,0.012592155145698322,342.4538583929992,130.98647573587908
A1_w1,A1,manual,matched,True,0.029932414019970724,0.011207385050642001,0.018725028969328723,357.12211614956243,162.41845664280032
A1_w1,A1,manual,matched,True,0.054090484172555735,0.02872826022937853,0.025362223943177206,4.385441527446297,190.3579952267303
A1_w1,A1,manual,matched,True,0.06406628608627601,0.02549603320777765,0.038570252878498364,14.862768496420044,190.70723945902944
A1_w1,A1,manual,matched,True,0.04099201077889951,0.013242938685144815,0.027749072093754695,23.24463007159904,164.16467780429593
A1_w1,A1,manual,matched,True,0.06657417502994048,0.02022156006240176,0.046352614967538716,49.08870326173428,136.22513922036595
A1_w1,A1,manual,matched,True,0.046733858127292076,0.021364235990109993,0.025369622137182083,31.975735879077163,139.01909307875894
A1_w1,A1,manual,matched,True,0.05473715919874976,0.028919593722847813,0.025817565475901947,34.07120127287192,108.9840891010342
A1_w1,A1,manual,matched,True,0.0425313119609094,0.026598196069303318,0.015933115891606085,37.21439936356404,93.96658711217182
A1_w1,A1,manual,matched,True,0.07237196511027451,0.014835776481426834,0.05753618862884767,11.719570405727922,106.1901352426412
A1_w1,A1,manual,matched,True,0.06642701752020956,0.03381745687281751,0.03260956064739205,64.10620525059666,100.25298329355608
A1_w1,A1,manual,matched,True,0.04700418665496577,0.038742059377400676,0.008262127277565097,51.18416865552904,110.03182179793156
A1_w1,A1,manual,matched,True,0.06364069854518385,0.03711297366222907,0.02652772488295478,79.12370723945902,113.87350835322196
A1_w1,A1,manual,matched,True,0.0529535445386841,0.033688488260928975,0.019265056277755127,85.7593476531424,95.36356404136832
A1_w1,A1,manual,missed_both,False,0.038438483838485596,0.03438328859583878,0.004055195242646817,102.5230708035004,88.72792362768496
A1_w1,A1,manual,matched,True,0.0504436069560151,0.03206142676243395,0.01838218019358115,122.0807478122514,87.33094669848846
A1_w1,A1,manual,matched,True,0.0536970554540087,0.025376083057936993,0.028320972396071706,140.24144789180588,103.74542561654732
A1_w1,A1,manual,matched,True,0.04571914542036996,0.024890882459938337,0.02082826296043162,159.44988066825775,84.88623707239458
A1_w1,A1,manual,matched,True,0.045363114912778064,0.018017716831910502,0.027345398080867563,161.89459029435162,110.03182179793156
A1_w1,A1,manual,matched,True,0.05064382152481037,0.02752582045107467,0.023118001073735697,175.5151153540175,95.0143198090692
A1_w1,A1,manual,matched,True,0.04987149338201813,0.017913164989188973,0.03195832839282915,202.05767700875097,79.99681782020684
A1_w1,A1,manual,matched,True,0.0373891782441532,0.027074182617629193,0.010314995626524007,207.645584725537,103.04693715194908
A1_w1,A1,manual,matched,True,0.06072676011140149,0.019724572807254065,0.041002187304147425,217.4244232299125,112.82577565632457
A1_w1,A1,manual,missed_both,False,0.03086193141067122,0.018612746591080045,0.012249184819591176,229.2987271280827,100.6022275258552
A1_w1,A1,manual,matched,True,0.04944599726118425,0.011856196014074855,0.037589801247109395,100.07836117740652,148.4486873508353
A1_w1,A1,manual,matched,True,0.05126604316896435,0.02785019605104422,0.023415847117920125,101.82458233890212,129.58949880668257
A1_w1,A1,manual,matched,True,0.04730345518020437,0.042657638278958895,0.004645816901245478,94.1412092283214,116.31821797931582
A1_w1,A1,manual,missed_both,False,0.038102147259687545,0.025617740739631016,0.012484406520056529,90.99801113762928,127.84327764518696
A1_w1,A1,manual,matched,True,0.05670372759211878,0.021650880360708443,0.03505284723141033,116.84208432776452,128.5417661097852
A1_w1,A1,manual,matched,True,0.03940394462207346,0.01973286378169751,0.01967108084037595,145.48011137629274,122.9538583929992
A1_w1,A1,manual,matched,True,0.051796900950527594,0.022409173961955825,0.02938772698857177,55.72434367541766,171.8480509148767
A1_w1,A1,manual,matched,True,0.0395255202670366,0.026001258928951092,0.01352426133808551,65.50318217979316,183.72235481304693
A1_w1,A1,manual,matched,True,0.04368339781752162,0.02915996806553953,0.014523429751982089,77.72673031026252,175.34049323786792
A1_w1,A1,manual,matched,True,0.06434630146781851,0.02830051919513498,0.036045782272683534,91.3472553699284,183.3731105807478
A1_w1,A1,manual,matched,True,0.05235832857717893,0.026126527342972473,0.02623180123420646,104.61853619729511,173.5942720763723
A1_w1,A1,manual,matched,True,0.03488135472290006,0.01934613346742014,0.015535221255479924,123.47772474144789,155.0843277645187
A1_w1,A1,manual,matched,True,0.05652109318903392,0.03018259360186612,0.026338499587167802,130.11336515513125,174.6420047732697
A1_w1,A1,manual,matched,True,0.05758883560341537,0.03561173345896014,0.02197710214445523,136.74900556881462,176.03898170246617
A1_w1,A1,manual,missed_both,False,0.043371753835083,0.03600668998133043,0.007365063853752574,145.82935560859187,169.05409705648367
A1_w1,A1,manual,matched,True,0.06292828912436059,0.032750465542376574,0.030177823581984016,151.4172633253779,180.92840095465397
A1_w1,A1,manual,matched,True,0.04554169538864592,0.036528920118772276,0.009012775269873645,167.4824980111376,165.21241050119332
A1_w1,A1,manual,matched,True,0.04401482597645587,0.011737319824147668,0.0322775061523082,161.5453460620525,139.7175815433572
A1_w1,A1,manual,matched,True,0.05860710601868232,0.02740809631875823,0.031199009699924087,182.5,157.8782816229117
A1_w1,A1,manual,matched,True,0.06378615502663157,0.030899050605240598,0.03288710442139097,206.5978520286396,154.38583929992043
A1_w1,A1,manual,matched,True,0.05207921603850967,0.03605066578399814,0.016028550254511532,232.09268098647573,158.92601431980907
A1_w1,A1,manual,matched,True,0.0557634963743159,0.03584009149714059,0.01992340487717531,229.2987271280827,188.9610182975338
A1_w1,A1,manual,matched,True,0.06502878580820716,0.03675819821331569,0.02827058759489147,208.50094825892296,168.52823853423183
A1_w1,A1,manual,matched,True,0.06277375039385229,0.04538770304563526,0.017386047348217026,251.27826311433037,187.86351710194964
A1_w1,A1,manual,matched,True,0.060990569463758706,0.041168710967347213,0.019821858496411493,248.30172341675865,170.9964588157099
A1_w1,A1,manual,matched,True,0.044609295804315795,0.0297447515657043,0.014864544238611496,254.3327116227173,210.548334637756
A1_w1,A1,manual,matched,True,0.052623890222797266,0.03158178756328864,0.02104210265950863,253.8440867440761,238.15564028098677
A1_w1,A1,manual,matched,True,0.05293812000668816,0.033120879732434154,0.019817240274254008,253.88188397746785,262.50455204622307
A1_w1,A1,manual,matched,True,0.03780298217298648,0.03113255769767696,0.006670424475309519,255.9902564867584,285.1216389640662
A1_w1,A1,manual,matched,True,0.04802637631141577,0.04149278699130499,0.0065335893201107775,235.67321230632297,287.99669238582595
A1_w1,A1,manual,matched,True,0.0416465540789801,0.030330489174205045,0.011316064904775058,240.84830846549045,307.9303961100267
A1_w1,A1,manual,matched,True,0.05985343431344568,0.03340283550746339,0.026450598805982294,220.91460474128968,303.90532131956314
A1_w1,A1,manual,matched,True,0.05796247548406302,0.028971940613890575,0.028990534870172443,191.3973896112232,302.1802892665073
A1_w1,A1,manual,matched,True,0.06227713003694204,0.03633635981114174,0.025940770225800297,175.488760677486,297.3885335635744
A1_w1,A1,manual,matched,True,0.04793861466196146,0.03895800485327566,0.0089806098086858,164.37188744668174,297.3885335635744
A1_w1,A1,manual,matched,True,0.05891676324909432,0.027977915986801643,0.030938847262292676,150.57163102223507,299.3052358447476
A1_w1,A1,manual,matched,True,0.03821832153443113,0.034083334768891714,0.004134986765539417,136.96304482590568,309.46375793496526
A1_w1,A1,manual,matched,True,0.06055892821092055,0.026909483608253144,0.0336494446026674,122.58777771710706,310.4221090755518
A1_w1,A1,manual,matched,True,0.04693958108633083,0.02494769648055137,0.02199188460577946,93.54896281234528,320.8492808009707
A1_w1,A1,manual,matched,True,0.046853983064398606,0.028542479981279557,0.01831150308311905,81.16655886623533,320.8492808009707
A1_w1,A1,manual,matched,True,0.048944901487331285,0.028663246426954045,0.02028165506037724,69.33448398439695,317.2721418832056
A1_w1,A1,manual,matched,True,0.04703374218946366,0.03160253486101308,0.015431207328450582,57.50240910255856,325.5270778472789
A1_w1,A1,manual,matched,True,0.057633358221513754,0.02683977792305581,0.030793580298457943,44.84484062431284,324.97674878300734
A1_w1,A1,manual,matched,True,0.053665123653340856,0.022685676767911542,0.030979446885429314,28.334968696166243,327.7283941043651
A1_w1,A1,manual,matched,True,0.059628638383695816,0.012473703377134856,0.04715493500656096,5.771477061032577,333.5068492792164
A1_w1,A1,manual,matched,True,0.054469831011192744,0.017409549712771,0.037060281298421746,272.6810732327358,334.057178343488
A1_w1,A1,manual,matched,True,0.048037130468379846,0.016834073190565086,0.03120305727781476,275.9830476183651,314.2453320297121
A1_w1,A1,manual,matched,True,0.0438526002888917,0.035766569994245746,0.008086030294645954,204.3075480798496,345.64504937957344
A1_w1,A1,manual,matched,True,0.061436510201763606,0.026862192930829216,0.03457431727093439,191.2147585893701,343.63077407334583
A1_w1,A1,manual,matched,True,0.07075576141422583,0.014462288501946193,0.05629347291227964,178.37375351216906,346.4004026194088
A1_w1,A1,manual,matched,True,0.04942186567789899,0.012477454098802965,0.036944411579096025,146.64891743908407,353.198581777927
A1_w1,A1,manual,missed_both,False,0.03319413222134553,0.010002941167167358,0.023191191054178176,153.95066542415918,333.3076131289293
A1_w1,A1,manual,missed_both,False,0.023803219693641506,0.016363629907424963,0.007439589786216543,106.86698014108865,328.52370927663867
A1_w1,A1,manual,missed_both,False,0.02007205795370376,0.023287541405776775,-0.003215483452073016,189.95583652297785,324.49515866418346
A1_w1,A1,manual,missed_both,False,0.02926942359886039,0.022180137011784343,0.007089286587076048,214.12714019770925,322.2290989446774
A1_w1,A1,manual,missed_both,False,0.03242771606535427,0.040681067566733425,-0.008253351501379153,204.55933249312807,294.0292446574908
A1_w1,A1,manual,matched,True,0.055902175634280724,0.020772766114132465,0.03512940952014826,249.88052688324944,349.4218155787502
A1_w1,A1,manual,missed_both,False,0.03869507051528791,0.05041326175497294,-0.011718191239685032,237.29130621932683,355.2128570841546
A1_w1,A1,manual,missed_both,False,0.06780568997733151,0.034346621093136,0.03345906888419551,223.443163489012,344.6379117264596
A1_w1,A1,manual,matched,True,0.0327503312811878,0.012017742702538066,0.020732588578649735,300.9927627787752,344.1343428999027
A1_w1,A1,manual,missed_both,False,0.03840468579185003,0.029018355199897886,0.009386330591952145,289.4106797679664,332.55225988909393
A1_w1,A1,manual,matched,True,0.07592438497891586,0.0196960884938541,0.056228296485061766,302.7552536717244,317.19341067910835
A1_w1,A1,manual,matched,True,0.04620906217692039,0.027957493214652924,0.018251568962267466,313.33019902941936,326.76121838368954
A1_w1,A1,manual,missed_both,False,0.03662279345071616,0.03239168632042772,0.004231107130288438,293.1874459671432,324.243374250905
A1_w1,A1,manual,matched,True,0.03472710405228107,0.01601818272208225,0.01870892133019882,326.67477293317734,334.56653519532153
A1_w1,A1,manual,matched,True,0.05139302186840744,0.03387848815939079,0.01751453370901665,345.55860392906123,315.17913537288075
A1_w1,A1,manual,matched,True,0.030543877571188573,0.024018976153069697,0.006524901418118876,310.0570016567995,288.2382031520864
A1_w1,A1,manual,matched,True,0.018626264736650716,0.012996563238383232,0.005629701498267484,301.99990043188905,215.4725077146137
A1_w1,A1,manual,matched,True,0.03904242615610517,0.028097716777866794,0.010944709378238375,324.15692880039285,252.2330320532677
A1_w1,A1,manual,missed_both,False,0.05269053721978243,0.0321228465779851,0.02056769064179733,339.5157780103784,263.8151150640765
A1_w1,A1,manual,matched,True,0.04369184106852608,0.03198321586606169,0.011708625202464393,334.7318741580878,243.9241464150788
A1_w1,A1,manual,missed_both,False,0.05232520095519897,0.0433727286091707,0.008952472346028272,346.3139571688966,248.95983468064784
A1_w1,A1,manual,matched,True,0.02784593364530352,0.02213686708357206,0.005709066561731459,319.12124053482376,227.30637513870096
A1_w1,A1,manual,matched,True,0.04679614893220687,0.024829640485470584,0.021966508446736286,344.0478974493905,220.50819598018276
A1_w1,A1,manual,missed_both,False,0.027182331710759608,0.023483951923697642,0.003698379787061966,333.2211676784171,219.75284274034735
A1_w1,A1,manual,matched,True,0.05485172748974613,0.02619299608031644,0.028658731409429688,357.64425576642697,218.49392067395516
A1_w1,A1,manual,matched,True,0.03421695110285783,0.014016236586099753,0.020200714516758075,356.8889025265916,191.3012040398823
A1_w1,A1,manual,missed_both,False,0.025727897842951764,0.017174246013425213,0.00855365182952655,345.8103883423397,198.85473643823585
A1_w1,A1,manual,matched,True,0.06850091444086012,0.03579924094095035,0.032701673499909774,360.9174531390468,248.45626585409093
A1_w1,A1,manual,missed_both,False,0.038444985504516374,0.031608707269215996,0.006836278235300378,336.9979338775939,290.7560472848709
A1_w1,A1,manual,matched,True,0.046650159328391554,0.032238265403364726,0.014411893925026828,326.17120410662045,300.57563940273053
A1_w1,A1,manual,missed_both,False,0.039339039904373055,0.039480150560164996,-0.00014111065579194143,355.8817648734778,309.89166269403324
A1_w1,A1,manual,matched,True,0.02976103890507005,0.01717915272683292,0.01258188617823713,260.7072566542229,361.2556830028375
A1_w1,A1,manual,matched,True,0.0394378252185931,0.01537869804900092,0.02405912716959218,49.20834950032312,345.39326496629496
A1_w1,A1,manual,matched,True,0.041367605784819426,0.01383675588114189,0.02753084990367754,20.504926386579584,353.198581777927
A1_w1,A1,manual,missed_both,False,0.032324790112486526,0.01763755702953391,0.014687233082952614,80.68140116012964,363.0181738957866
A1_w1,A1,manual,matched,True,0.05187072310387633,0.019962553897532195,0.031908169206344136,283.61963826256203,288.9935563919217
A1_w1,A1,manual,matched,True,0.03485624537427847,0.016490198887229787,0.018366046487048683,288.90711094140954,262.55619299768426
A1_w1,A1,manual,matched,True,0.026593763886836444,0.024351449481650498,0.002242314405185946,278.83573441027147,178.2084145494028
A1_w1,A1,manual,missed_both,False,0.03553016644606546,0.028674417620153374,0.0068557488259120836,270.52684877208253,192.3083416929961
A1_w1,A1,manual,missed_both,False,0.035489155422810816,0.02428803973350024,0.011201115689310575,335.2354429846447,121.05335273519415
A1_w1,A1,manual,matched,True,0.04882498503101947,0.01522663205323758,0.033598352977781895,311.31592372319176,107.7087788314362
A1_w1,A1,manual,matched,True,0.05496934992685846,0.011403036922142975,0.04356631300471549,306.02845104434425,62.387584441314814
A1_w1,A1,manual,missed_both,False,0.046277865658582676,0.02371749241646666,0.022560373242116016,310.983864846926,21.056984848774484
A1_w1,A1,manual,matched,True,0.01932490488171119,0.002432523938067875,0.016892380943643315,206.64125212091488,51.40594422891624
A1_w1,A1,manual,missed_both,False,0.03236744825237034,0.02031923914189487,0.01204820911047547,350.00395547853685,86.95758235993942
A1_w1,A1,manual,matched,True,0.03192213536004828,0.023950160593927163,0.007971974766121118,49.00680786686839,61.62556732223904
A1_w1,A1,random,random,False,0.0020084957287577294,0.005475739920615896,-0.003467244191858167,262.2087602904856,21.711505014491852
A1_w1,A1,random,random,False,0.04147062126505084,0.039811878600485,0.0016587426645658446,242.03093463382416,285.92534158344995
A1_w1,A1,random,random,False,0.017817927525899842,0.030488298177647356,-0.012670370651747514,350.7338887537246,209.57818253951527
A1_w1,A1,random,random,False,0.039554639887629084,0.02820305346946409,0.011351586418164993,61.31860078569961,91.50456845758706
A1_w1,A1,random,random,False,0.03864904441733996,0.024302095531236786,0.014346948886103175,329.62011696918995,125.15920873965088
A1_w1,A1,random,random,False,0.05463154384871185,0.036784418332307445,0.017847125516404404,145.49517996354115,173.60355582977968
A1_w1,A1,random,random,False,0.015493357640028864,0.021710557960068145,-0.006217200320039281,178.01744726285324,73.77376285414563
A1_w1,A1,random,random,False,0.017439022128386838,0.01621045913188809,0.0012285629964987471,184.37812390670663,112.72072299396166
A1_w1,A1,random,random,False,0.04478819898604101,0.025907928403417865,0.018880270582623142,130.35313666179684,308.2790064690605
A1_w1,A1,random,random,False,0.009418421911296607,0.011142028671758274,-0.0017236067604616667,78.78320998554598,205.77168532072517
A1_w1,A1,random,random,False,0.033515006265490276,0.035386504328034724,-0.001871498062544448,168.538398922979,154.88187748231462
A1_w1,A1,random,random,False,0.015897887571885125,0.0203988299416661,-0.004500942369780974,31.368605746416947,361.74222294604357
A1_w1,A1,random,random,False,0.06068060373145243,0.023379370037339905,0.03730123369411253,124.33312843096991,37.75637554172668
A1_w1,A1,random,random,False,0.020563877533170294,0.030842489250535718,-0.010278611717365424,33.259101106892174,338.2477491300207
A1_w1,A1,random,random,False,0.03970517360257679,0.025789150630662633,0.013916022971914157,289.10930040072253,156.47673947044024
A1_w1,A1,random,random,False,0.04674364941951798,0.04397380631840822,0.0027698431011097605,196.5663028332147,163.88158809600264
A1_w1,A1,random,random,False,0.00346592775014245,0.005942341246502259,-0.002476413496359809,214.8642512825361,248.41006700362834
A1_w1,A1,random,random,False,0.03315666978349744,0.027632557296359873,0.0055241124871375676,271.140916101671,189.7236261028694
A1_w1,A1,random,random,False,0.015704080115730712,0.015307285463727211,0.00039679465200350046,103.93000345907882,334.3515039891361
A1_w1,A1,random,random,False,0.02076836563376348,0.02335800781162271,-0.0025896421778592305,155.68354204090215,74.94790202941319
A1_w1,A1,random,random,False,0.01896813731868599,0.016792938542492006,0.002175198776193984,303.6725269648988,84.61765098747117
A1_w1,A1,random,random,False,0.041725814270064374,0.02215356547715378,0.019572248792910595,115.66822285179772,132.46729091998418
A1_w1,A1,random,random,False,0.036059603324093636,0.02824845321886328,0.007811150105230355,363.81268575801647,212.1426606188639
A1_w1,A1,random,random,False,0.021011068731780613,0.019148166162697645,0.0018629025690829679,310.36097171687055,240.45139617100108
A1_w1,A1,random,random,False,0.03626226226905257,0.027674039623049516,0.008588222646003053,12.397646094829756,60.30152078394981
A1_w1,A1,random,random,False,0.041386183078937135,0.019544036053976966,0.02184214702496017,289.512277336676,132.5034866007117
A1_w1,A1,random,random,False,0.023244333515622204,0.026678002704245554,-0.00343366918862335,290.80140352281325,181.1338492722793
A1_w1,A1,random,random,False,0.008521084091676394,0.02610864912474006,-0.017587565033063666,89.46488124486577,52.08815302015703
A1_w1,A1,random,random,False,0.021388623722510266,0.030823166096075744,-0.009434542373565478,326.3303278122973,241.4887536318743
A1_w1,A1,random,random,False,0.011349879915418836,0.0070268990674577855,0.004322980847961051,90.72480571951425,226.19676199384685
A1_w1,A1,random,random,False,0.0491439292568208,0.02603235562736241,0.023111573629458388,222.87531318098402,110.64478198877143
A1_w1,A1,random,random,False,0.022093793961827694,0.013615439053117306,0.008478354908710389,310.5538044551865,89.49382826261983
A1_w1,A1,random,random,False,0.00014566095786208247,0.029904441909368595,-0.02975878095150651,176.13581932352457,360.26703778531646
A1_w1,A1,random,random,False,0.006734184082718124,0.005655202214966807,0.0010789818677513167,124.17255297408231,270.5561108880967
A1_w1,A1,random,random,False,0.005718700047553344,0.021306465146229137,-0.015587765098675793,26.991283081133155,199.30002333847818
A1_w1,A1,random,random,False,0.021053703979617262,0.02540142903336771,-0.004347725053750449,349.4920839522455,328.57486260987326
A1_w1,A1,random,random,False,0.018664664175987607,0.017836118054325133,0.0008285461216624747,194.0670831217164,65.71063139919877
A1_w1,A1,random,random,False,0.04875350727908117,0.03596544856613835,0.01278805871294282,226.66656322219154,158.45941489489093
A1_w1,A1,random,random,False,7.545637260742406e-05,0.011000149467431703,-0.01092469309482428,347.3862319320569,106.41480517149763
A1_w1,A1,random,random,False,0.04297840487104162,0.030538163595541592,0.012440241275500027,81.7019104300476,326.43901142933316
A1_w1,A1,random,random,False,0.034024722638947555,0.03208336419677994,0.0019413584421676122,12.43971473855412,7.25398193602126
A1_w1,A1,random,random,False,0.03668529504184824,0.037033902361258766,-0.0003486073194105266,236.78814465376283,200.43222775033436
A1_w1,A1,random,random,False,0.00827729659722674,0.005975415684422389,0.0023018809128043513,39.45043860749779,224.78921318870877
A1_w1,A1,random,random,False,0.029751895329399255,0.024413858090945494,0.0053380372384537605,330.922992165994,326.90204971117623
A1_w1,A1,random,random,False,0.003803150742344039,0.0011955912266073132,0.0026075595157367256,332.83733619281236,362.86469734871935
A1_w1,A1,random,random,False,0.009076992061597755,0.02572339275206177,-0.016646400690464018,51.49591322699594,308.06084329515085
A1_w1,A1,random,random,False,0.02206540625955082,0.03733804170743363,-0.015272635447882807,302.1412468457462,325.7870954358286
A1_w1,A1,random,random,False,0.010369183896755398,0.02146769161276035,-0.011098507716004952,120.84872323862002,135.12717876411406
A1_w1,A1,random,random,False,0.02699937807256635,0.029083279269626457,-0.002083901197060107,25.338868674236327,78.6719482734536
A1_w1,A1,random,random,False,0.025332074319645813,0.030673028569147415,-0.005340954249501602,58.13977127475275,355.07533832571755
A1_w1,A1,random,random,False,0.002823839112737708,0.01071059672973816,-0.007886757617000452,254.0065914557736,3.3046923399780415
A1_w1,A1,random,random,False,0.006960144278833133,0.0194999158825595,-0.012539771603726367,176.86823524802836,273.46949551705234
A1_w1,A1,random,random,False,0.024617819485838556,0.023536651313230333,0.0010811681726082233,22.15162554070516,44.79669149430484
A1_w1,A1,random,random,False,0.012354267363213132,0.025493057283129776,-0.013138789919916644,109.8392052995987,65.2885997729682
A1_w1,A1,random,random,False,0.043150249261787614,0.02781434560569297,0.015335903656094645,66.46610418438807,68.5624640922395
A1_w1,A1,random,random,False,0.01740494621510257,0.023647390205711685,-0.006242443990609116,43.479882258109185,162.2205009953536
A1_w1,A1,random,random,False,0.054026745217094954,0.02713542295656141,0.026891322260533545,122.52354258351058,313.4080430471637
A1_w1,A1,random,random,False,0.021494627130076608,0.030597495014297673,-0.009102867884221065,147.0969674006201,160.00779549781598
A1_w1,A1,random,random,False,0.030568348525026604,0.03895673618710233,-0.008388387662075728,107.4903907703051,85.57485819949171
A1_w1,A1,random,random,False,0.05431934451869955,0.03160548865554964,0.022713855863149904,328.89550235379227,35.572128948876156
A1_w1,A1,random,random,False,0.02234189231205251,0.01613537675220523,0.006206515559847282,24.14794326119704,143.63891193570856
A1_w1,A1,random,random,False,0.036159810286896965,0.04323820084661185,-0.0070783905597148825,23.16377747772724,2.136510435680503
A1_w1,A1,random,random,False,0.003682454339339812,0.011859378864125884,-0.008176924524786073,324.471871494836,96.67223441214732
A1_w1,A1,random,random,False,0.04141922308921147,0.032370934506154816,0.009048288583056653,292.8240835943799,321.356827196384
A1_w1,A1,random,random,False,0.0062292993532614615,0.004882295689367869,0.0013470036638935923,4.760222946958507,293.87510855225594
A1_w1,A1,random,random,False,0.0012293209289621781,0.013609315162923916,-0.012379994233961737,341.77899841616954,175.1220030451688
A1_w1,A1,random,random,False,0.027461153400670738,0.02609624132307986,0.0013649120775908775,322.50787411515387,168.47283749720728
A1_w1,A1,random,random,False,0.04117684588441649,0.021765215374158278,0.01941163051025821,169.36181400656767,279.00412886776434
A1_w1,A1,random,random,False,0.056806557197261486,0.046342281817087355,0.01046427538017413,68.12899788970589,107.32526959790296
A1_w1,A1,random,random,False,0.0222667922745735,0.02336581844708963,-0.0010990261725161293,223.58582709525717,318.33345932787745
A1_w1,A1,random,random,False,0.030022082023143996,0.029482990143485217,0.0005390918796587783,317.82916762068305,132.02069961863197
A1_w1,A1,random,random,False,0.0,0.0010833890363023985,-0.0010833890363023985,230.8097624445726,71.56608116327007
A1_w1,A1,random,random,False,0.01411108167773668,0.0112444105674891,0.0028666711102475796,95.35957548819833,210.04737444218705
A1_w1,A1,random,random,False,0.016722517783451348,0.025521206150666033,-0.008798688367214685,263.2774289175962,156.9313403003406
A1_w1,A1,random,random,False,0.0,0.0029521435088651683,-0.0029521435088651683,226.9892248720322,71.61412456703258
A1_w1,A1,random,random,False,0.016425141335953013,0.040885051157387324,-0.02445990982143431,49.594323080254796,16.988784542162346
A1_w1,A1,random,random,False,0.009063284535874109,0.023608347701145477,-0.014545063165271368,71.87184699047454,195.20302602224388
A1_w1,A1,random,random,False,0.015956072653090892,0.017638528966482332,-0.0016824563133914401,58.64041449128163,195.30842858761585
A1_w1,A1,random,random,False,0.05798297637721983,0.03314662331735995,0.02483635305985988,128.4447943254031,171.8827583924776
A1_w1,A1,random,random,False,0.005417224260866962,0.004950681718656978,0.00046654254220998385,82.95030932179866,276.7112712080358
A1_w1,A1,random,random,False,0.05224880454523987,0.014204190213121753,0.038044614332118115,145.72236936240228,355.65749684464396
A1_w1,A1,random,random,False,0.03229050200612178,0.014081890865381879,0.018208611140739905,278.5311791998809,82.33826475919494
A1_w1,A1,random,random,False,0.005094544043464523,0.009792080977053419,-0.004697536933588896,78.38444963861228,154.89235337098467
A1_w1,A1,random,random,False,0.011651290020408198,0.03341696581718795,-0.02176567579677975,303.21613137735045,334.0150645046439
A1_w1,A1,random,random,False,0.050251341284092865,0.03431488011190219,0.015936461172190677,21.317675914801164,9.216719884254948
A1_w1,A1,random,random,False,0.03652468717535478,0.017114710175211878,0.0194099770001429,292.49577211542675,132.75588274750146
A1_w1,A1,random,random,False,0.0009242424719315489,0.035579535108142844,-0.034655292636211296,1.0364854711738891,94.50705840694998
A1_w1,A1,random,random,False,2.0802634684152395e-06,0.0015484135142828119,-0.0015463332508143966,227.49638670009637,65.95073785852264
A1_w1,A1,random,random,False,0.04519689580945347,0.029698031793753736,0.015498864015699734,305.2260866089212,323.3895630529188
A1_w1,A1,random,random,False,0.010256111901245639,0.008735728807452332,0.0015203830937933066,186.9253461827591,234.53222453349952
A1_w1,A1,random,random,False,0.008690147594837251,0.012854868064730577,-0.004164720469893326,177.1697296114324,322.4400556109653
A1_w1,A1,random,random,False,0.0329233320676083,0.042896874857572834,-0.009973542789964533,244.66354072819937,275.8975847727172
A1_w1,A1,random,random,False,0.006277441158015075,0.02097751203320582,-0.014700070875190745,299.2376393068685,37.60983969518759
A1_w1,A1,random,random,False,0.0024728489466303975,0.016966998399307463,-0.014494149452677066,288.6433974907068,223.43415708575256
A1_w1,A1,random,random,False,0.02704149959215225,0.017896740545401062,0.009144759046751189,307.18897509627885,339.5733924452151
A1_w1,A1,random,random,False,0.026095630527079375,0.024039677280132565,0.0020559532469468095,283.4976234514656,142.7850026957894
A1_w1,A1,random,random,False,0.010923727735607774,0.00596440953755154,0.004959318198056234,176.52949046371953,204.28047508213712
A1_w1,A1,random,random,False,0.009205921118911903,0.014182815524027,-0.004976894405115097,278.4397534187619,226.2692641643888
A1_w1,A1,random,random,False,0.005888115286623285,0.0056425507054548366,0.00024556458116844863,67.90415024509835,239.9237533496508
A1_w1,A1,random,random,False,0.010481609763961867,0.02162623731387885,-0.011144627549916982,264.6523511261968,315.9353626182722
A1_w1,A1,random,random,False,0.003782969757162364,0.006084514336304268,-0.0023015445791419046,21.7087291328856,228.5520424925162
A1_w1,A1,random,random,False,0.011180763304407162,0.030585432473424407,-0.019404669169017244,174.31401850007308,81.89834494871954
A1_w1,A1,random,random,False,0.0462648220688823,0.04684537630983806,-0.0005805542409557593,233.88534585065682,166.8527413707546
A1_w1,A1,random,random,False,0.017312892408429436,0.02399465007566622,-0.006681757667236783,199.40098197712894,318.16398422053857
A1_w1,A1,random,random,False,0.00875751616405049,0.022700778499307836,-0.013943262335257346,272.76703067421374,123.62099528126646
A1_w1,A1,random,random,False,0.04757642040825408,0.03960101862945382,0.00797540177880026,78.41379122706809,23.35800788334519
A1_w1,A1,random,random,False,0.01028501610477333,0.01810481103383392,-0.00781979492906059,173.04801828997725,274.1293735930669
A1_w1,A1,random,random,False,0.003534486361871557,0.02186023341251911,-0.018325747050647552,168.21771867064936,189.66155558273624
A1_w1,A1,random,random,False,0.0273340584748418,0.028503925851416565,-0.001169867376574766,107.21983675739041,20.53337288195066
A1_w1,A1,random,random,False,0.007898023279268038,0.04742646495070212,-0.039528441671434086,75.24239576367718,3.6547281636139846
A1_w1,A1,random,random,False,0.037425575649112655,0.016318534167809824,0.02110704148130283,287.20688160980717,262.5379791617383
A1_w1,A1,random,random,False,0.013858618893190459,0.024678253436053465,-0.010819634542863006,291.94760243943034,91.53819312391249
A1_w1,A1,random,random,False,0.054634999632067104,0.03209396577718206,0.022541033854885047,205.55276049467872,176.1762886657303
A1_w1,A1,random,random,False,0.0005908525189089032,0.018698067157531712,-0.018107214638622807,140.84301116178975,137.36387912075307
A1_w1,A1,random,random,False,0.04031572780452115,0.025682100680691076,0.014633627123830071,91.74655851151323,314.40467416024114
A1_w1,A1,random,random,False,0.006266248624149151,0.007449299489278513,-0.001183050865129362,16.596053890368747,222.23677649332961
A1_w1,A1,random,random,False,0.009326451959262018,0.023389815740685414,-0.014063363781423395,134.08007597207137,152.25679730606842
A1_w1,A1,random,random,False,0.003491953187382457,0.005987074001346473,-0.0024951208139640155,120.70664620414033,263.91428151427897
A1_w1,A1,random,random,False,0.048250774179415486,0.027012481849360285,0.0212382923300552,121.78928963830498,78.33756600690074
A1_w1,A1,random,random,False,0.00030661189234528906,0.014577568784114057,-0.014270956891768768,174.33279004140337,67.28210350997288
A1_w1,A1,random,random,False,0.0027523234172329445,0.020187890809344213,-0.01743556739211127,351.1040153562138,176.57039899840106
A1_w1,A1,random,random,False,0.04156960504316174,0.048503875784948,-0.006934270741786257,331.38370884937734,17.89537979133231
A1_w1,A1,random,random,False,0.0032207749805860083,0.007622767323987316,-0.004401992343401308,202.80393461779533,236.6439031635777
A1_w1,A1,random,random,False,0.01222307367562217,0.021127576615586355,-0.008904502939964185,255.15115832529622,312.52758019402404
A1_w1,A1,random,random,False,0.006552168689528541,0.0075023440899886175,-0.0009501754004600767,48.87265827638295,221.41814223707252
A1_w1,A1,random,random,False,0.0049898444798788496,0.008349737178501194,-0.0033598926986223446,84.18464051384277,234.034598920841
A1_w1,A1,random,random,False,0.008863564152734245,0.026098795932916554,-0.01723523178018231,46.392077601862425,155.00731238460364
A1_w1,A1,random,random,False,0.03902718007769419,0.02221799308189184,0.016809186995802354,276.368409543784,326.31226578838266
A1_w1,A1,random,random,False,0.06050579126702219,0.039233871367334715,0.021271919899687478,174.2028139780835,8.311025902782566
A1_w1,A1,random,random,False,0.011250991073232406,0.028419994629202534,-0.017169003555970126,50.51793157506932,80.3645956669689
A1_w1,A1,random,random,False,0.012189206736374966,0.034149207606010236,-0.02196000086963527,80.2918573368732,80.39430982874916
A1_w1,A1,random,random,False,0.02985353287625064,0.02184966183762508,0.00800387103862556,334.4324366735833,218.57676382418344
A1_w1,A1,random,random,False,0.001705939360914945,0.012087695489520262,-0.010381756128605316,269.2357240414392,71.67946720083708
A1_w1,A1,random,random,False,0.058552686725004854,0.03402088168889108,0.024531805036113775,227.57052428947935,351.4747449737446
A1_w1,A1,random,random,False,0.06870742815108258,0.024932531584795477,0.0437748965662871,309.0326073146284,315.5906031256266
A1_w1,A1,random,random,False,0.006105730949542939,0.007351777109460898,-0.0012460461599179589,164.3146776420209,228.21470868369036
A1_w1,A1,random,random,False,0.023654109820477113,0.022222397150407767,0.0014317126700693454,81.7324306261019,306.8227675183246
A1_w1,A1,random,random,False,0.025006281362232496,0.023122799250554053,0.001883482111678443,170.3474918404424,352.65228555256596
A1_w1,A1,random,random,False,0.036035920194756425,0.02060668417191178,0.015429236022844645,125.4352504939854,55.19439109044342
A1_w1,A1,random,random,False,0.0018496705355919465,0.04043117601415627,-0.03858150547856433,6.540658612684801,91.89449016909948
A1_w1,A1,random,random,False,0.024835270866375506,0.006373248104628467,0.01846202276174704,178.72756121102555,242.52059111808498
A1_w1,A1,random,random,False,0.003696362533035815,0.005304746666821261,-0.0016083841337854463,26.703000396127006,285.24947723550946
A1_w1,A1,random,random,False,0.018193601143774087,0.026214954785834608,-0.008021353642060521,155.9280490647737,153.0276939572206
A1_w1,A1,random,random,False,0.04399835729774566,0.027677304943561055,0.016321052354184608,314.8790867097383,167.54453813769967
A1_w1,A1,random,random,False,0.05255785852979635,0.0350148848244183,0.01754297370537805,309.79587320150944,157.9088254069416
A1_w1,A1,random,random,False,0.01688548515082887,0.042185192816923456,-0.025299707666094587,114.00738199602588,85.7829470542977
A1_w1,A1,random,random,False,0.005150655628283499,0.00807426729451372,-0.0029236116662302216,94.78932496992215,232.7523235140857
A1_w1,A1,random,random,False,0.0001471259527675083,0.0007563641868875058,-0.0006092382341199975,166.62365958169084,53.384287716689755
A1_w1,A1,random,random,False,0.013227348191968179,0.0254093581119826,-0.012182009920014421,152.67888404727782,27.854346760153497
A1_w1,A1,random,random,False,0.033229613420568786,0.027332383907661066,0.00589722951290772,20.485931044503424,79.55246107077829
A1_w1,A1,random,random,False,0.012345647717813588,0.018197033909711825,-0.005851386191898237,248.42600699189802,332.3791977105924
A1_w1,A1,random,random,False,0.061865736174779785,0.03327331696902943,0.028592419205750355,236.47607246115297,269.0336294546665
A1_w1,A1,random,random,False,0.03973406298792767,0.013933939523552152,0.02580012346437552,208.19027805085003,80.86771599588874
A1_w1,A1,random,random,False,0.008141186434979903,0.030464771004497147,-0.022323584569517246,139.13845975835767,156.97410830044564
A1_w1,A1,random,random,False,0.023674572350880847,0.014265822359389908,0.009408749991490939,228.60594530881067,96.72462371429852
A1_w1,A1,random,random,False,0.031932633777649155,0.028025677370506038,0.0039069564071431175,322.1955085455379,257.3431087410514
A1_w1,A1,random,random,False,0.05136936925480031,0.041979883544863074,0.009389485709937237,49.360318317300354,120.44011859554945
A1_w1,A1,random,random,False,0.0004503724450645252,0.0038600470284326526,-0.0034096745833681274,350.6440993554642,351.3227624144565
A1_w1,A1,random,random,False,0.014081898058424257,0.03277585402057663,-0.018693955962152373,272.25040377402047,268.1788057752703
A1_w1,A1,random,random,False,0.022772137066759738,0.028368344628121874,-0.005596207561362136,0.8299409974301619,49.31253563559381
A1_w1,A1,random,random,False,0.02193974333507735,0.022371702617476612,-0.0004319592823992628,153.29873215123297,121.10769415639689
A1_w1,A1,random,random,False,0.046054244072799906,0.033684512730109153,0.012369731342690753,215.77968801344312,303.8142614231006
A1_w2,A1,manual,missed_both,False,0.02881846728287246,0.012039073945423964,0.016779393337448496,5.597031963470322,57.882800608828006
A1_w2,A1,manual,matched,True,0.053407067425514314,0.020867199338025097,0.03253986808748922,12.61301369863014,39.84170471841705
A1_w2,A1,manual,missed_both,False,0.056857359573958495,0.01206880498706649,0.044788554586892,12.41805887032617,117.3659506762132
A1_w2,A1,manual,missed_both,False,0.058897121352780114,0.040154687356454576,0.01874243399632554,10.322593476531424,158.57677008750994
A1_w2,A1,manual,missed_both,False,0.061640656668723974,0.041121757101891546,0.02051889956683243,22.89538583929992,157.8782816229117
A1_w2,A1,manual,matched,True,0.06790889259275126,0.04431531313409784,0.023593579458653424,19.402943516308667,174.6420047732697
A1_w2,A1,manual,matched,True,0.05923806918638766,0.045170576753068986,0.014067492433318673,32.67422434367542,187.9132856006364
A1_w2,A1,manual,missed_both,False,0.05663593825111451,0.03744045937460181,0.019195478876512698,22.54614160700079,204.3277645186953
A1_w2,A1,manual,matched,True,0.06336655897869123,0.03288909802779683,0.030477460950894396,43.50079554494829,200.4860779634049
A1_w2,A1,manual,matched,True,0.043662627483120095,0.019837026375067054,0.02382560110805304,53.97812251392203,216.20206841686556
A1_w2,A1,manual,missed_both,False,0.030761957334568896,0.01803954757315632,0.012722409761412576,38.61137629276054,228.07637231503577
A1_w2,A1,manual,matched,True,0.05531255906833105,0.031157586630574403,0.02415497243775665,74.23428798727127,177.08671439936356
A1_w2,A1,manual,matched,True,0.06397206301001691,0.039287072266657536,0.024684990743359378,89.60103420843276,147.40095465393793
A1_w2,A1,manual,matched,True,0.056756445000075005,0.04584099631520823,0.010915448684866776,99.37987271280826,137.27287191726333
A1_w2,A1,manual,matched,True,0.05805167821264284,0.042284880393174115,0.015766797819468728,110.90493237867938,127.49403341288784
A1_w2,A1,manual,matched,True,0.057099415272284036,0.040720782240047035,0.016378633032237,113.00039777247414,105.14240254574383
A1_w2,A1,manual,matched,True,0.047501019250079345,0.03156907755693967,0.015931941693139676,115.79435163086714,67.42402545743835
A1_w2,A1,manual,matched,True,0.05764359599289381,0.039986040776056664,0.017657555216837144,46.99323786793954,130.63723150357995
A1_w2,A1,manual,matched,True,0.07032881106411747,0.03941153185439331,0.030917279209724154,63.4077167859984,96.0620525059666
A1_w2,A1,manual,matched,True,0.06258177474800977,0.04321629456629687,0.0193654801817129,53.6288782816229,119.46141607000794
A1_w2,A1,manual,missed_both,False,0.05004525118993828,0.037290634133492095,0.012754617056446184,45.59626093874303,101.64996022275258
A1_w2,A1,manual,matched,True,0.0645249132054967,0.03816910612644802,0.026355807079048686,54.32736674622116,63.58233890214797
A1_w2,A1,manual,missed_both,False,0.06871846803624038,0.04555470953931236,0.02316375849692802,66.90015910898966,79.64757358790771
A1_w2,A1,manual,matched,True,0.061110426503797964,0.04745560281729723,0.013654823686500735,71.09108989657915,62.88385043754971
A1_w2,A1,manual,matched,True,0.0738743108924037,0.044639637807022015,0.02923467308538169,81.5684168655529,46.12012728719172
A1_w2,A1,manual,matched,True,0.06335640213985919,0.04508544464810339,0.018270957491755793,89.95027844073189,20.97454256165473
A1_w2,A1,manual,missed_both,False,0.03608950278619106,0.024678679068267356,0.011410823717923704,58.51829753381065,20.27605409705648
A1_w2,A1,manual,matched,True,0.05011989883122933,0.047623578439456,0.0024963203917733323,107.76173428798724,86.6324582338902
A1_w2,A1,manual,matched,True,0.043567564053439464,0.02102319128498169,0.022544372768457773,147.92482100238664,21.67303102625298
A1_w2,A1,manual,missed_both,False,0.04104796991840863,0.01690379453308713,0.0241441753853215,125.22394590294353,31.45186953062847
A1_w2,A1,manual,matched,True,0.03937122069854123,0.021005695375178917,0.018365525323362313,174.11813842482098,22.720763723150355
A1_w2,A1,manual,missed_both,False,0.044247820259275185,0.028778730196699874,0.01546909006257531,193.675815433572,34.94431185361972
A1_w2,A1,manual,matched,True,0.0613009769170376,0.032685751032616416,0.028615225884421183,136.05051710421637,200.83532219570404
A1_w2,A1,manual,matched,True,0.06631393151395955,0.04422574058937062,0.022088190924588927,161.89459029435162,208.86793953858395
A1_w2,A1,manual,matched,True,0.06200612678070891,0.05090569583762862,0.011100430943080289,151.766507557677,214.80509148766905
A1_w2,A1,manual,matched,True,0.054005425748095505,0.03980652085850225,0.014198904889593252,180.0552903739061,194.8981702466189
A1_w2,A1,manual,matched,True,0.06386636569861649,0.04161180637026765,0.02225455932834884,192.6280827366746,180.5791567223548
A1_w2,A1,manual,matched,True,0.05725385275589698,0.04654555205107173,0.01070830070482525,201.35918854415277,159.97374701670643
A1_w2,A1,manual,matched,True,0.03626575941945869,0.0380843627628055,-0.0018186033433468113,231.39419252187747,151.94112967382657
A1_w2,A1,manual,matched,True,0.04751219585564343,0.02711711726322891,0.02039507859241452,249.2056483691329,132.7326968973747
A1_w2,A1,manual,missed_both,False,0.04564182969246003,0.01967507903137802,0.02596675066108201,267.36634844868735,93.2680986475736
A1_w2,A1,manual,matched,True,0.03628050190120963,0.024831099128317196,0.011449402772892431,229.99721559268096,76.85361972951472
A1_w2,A1,manual,missed_both,False,0.04051735446621914,0.03293988095447974,0.007577473511739395,234.5373906125696,46.81861575178998
A1_w2,A1,manual,missed_both,False,0.03908671239305922,0.031920980983022984,0.007165731410036236,208.69331742243435,34.595067621320595
A1_w2,A1,manual,matched,True,0.056702589253049496,0.035492989364482294,0.0212095998885672,100.77684964200478,347.5178997613365
A1_w2,A1,manual,matched,True,0.06237626973888358,0.03695056123354452,0.02542570850533906,103.22155926809864,330.7541766109785
A1_w2,A1,manual,matched,True,0.053695371646422144,0.03627099255739224,0.017424379089029905,109.15871121718376,301.76690533015113
A1_w2,A1,manual,matched,True,0.059411040796322735,0.03425132734762582,0.025159713448696913,110.55568814638028,288.84486873508354
A1_w2,A1,manual,matched,True,0.042577644881335995,0.027340158736101548,0.015237486145234447,171.324184566428,274.1766109785203
A1_w2,A1,manual,matched,True,0.05250370084452436,0.02519350059744212,0.02731020024708224,180.0552903739061,287.7971360381861
A1_w2,A1,manual,matched,True,0.03778637625896438,0.021825379847204222,0.01596099641176016,190.18337311058076,303.8623707239459
A1_w2,A1,manual,matched,True,0.04667713124461875,0.022336085006884505,0.024341046237734247,167.1332537788385,326.563245823389
A1_w2,A1,manual,matched,True,0.050436164694850856,0.03221569035836616,0.018220474336484695,176.21360381861575,342.27923627684964
A1_w2,A1,manual,missed_both,False,0.04785834679673053,0.03427367328653113,0.013584673510199402,175.5151153540175,353.4550517104216
A1_w2,A1,manual,matched,True,0.0419721762919695,0.022085534086012278,0.01988664220595722,158.7513922036595,360.7891805887032
A1_w2,A1,manual,matched,True,0.041882405002212665,0.034807861604803904,0.007074543397408761,188.087907716786,348.5656324582339
A1_w2,A1,manual,missed_both,False,0.04720202389847266,0.021396531593127106,0.025805492305345554,197.5175019888624,335.64359586316624
A1_w2,A1,manual,matched,True,0.038625219678834276,0.01785089900739965,0.020774320671434626,211.83651551312647,306.30708035003977
A1_w2,A1,manual,missed_both,False,0.0332495476304152,0.021984207903947534,0.011265339726467663,206.24860779634048,292.6865552903739
A1_w2,A1,manual,matched,True,0.03914597074135401,0.018647590910437557,0.02049837983091645,203.1054097056484,275.22434367541763
A1_w2,A1,manual,matched,True,0.05077370652265542,0.025060015263274667,0.025713691259380753,196.8190135242641,264.04852824184564
A1_w2,A1,manual,matched,True,0.06685163408784162,0.022541835069924673,0.04430979901791694,201.35918854415277,239.2521877486078
A1_w2,A1,manual,missed_both,False,0.037866836500875134,0.021178676324853506,0.01668816017602163,172.37191726332537,244.8400954653938
A1_w2,A1,manual,matched,True,0.05686461664538636,0.03733167743523937,0.01953293921014699,112.65115354017502,266.84248210023867
A1_w2,A1,manual,missed_both,False,0.04743161408805005,0.019937862962018854,0.027493751126031196,81.21917263325378,279.76451869530626
A1_w2,A1,manual,missed_both,False,0.05117638614954861,0.031943217796762714,0.019233168352785893,141.6384248210024,237.8552108194113
A1_w2,A1,manual,matched,True,0.04670905523520345,0.02521189129851121,0.021497163936692244,269.46181384248206,146.7024661893397
A1_w2,A1,manual,matched,True,0.049740708589531654,0.02689689728565427,0.022843811303877384,280.9868735083532,130.63723150357995
A1_w2,A1,manual,matched,True,0.06208393533859167,0.014221689773696993,0.04786224556489468,283.082338902148,78.59984089101033
A1_w2,A1,manual,matched,True,0.041171734315487964,0.011889003248875193,0.02928273106661277,295.65513126491646,92.2203659506762
A1_w2,A1,manual,matched,True,0.036990594770089334,0.0041400988841959,0.032850495885893435,320.80071599045345,83.48926014319808
A1_w2,A1,manual,matched,True,0.01956644450578491,0.0014928259663578452,0.018073618539427065,298.0998408910104,17.132856006364356
A1_w2,A1,manual,matched,True,0.03491850925575872,0.002838746349898014,0.032079762905860704,322.19769291965,48.21559268098648
A1_w2,A1,manual,matched,True,0.037419764868414515,0.013028014462473973,0.024391750405940542,235.9343675417661,17.831344470962605
A1_w2,A1,manual,matched,True,0.034603986932596864,0.003497700665338764,0.0311062862672581,358.1698488464598,102.69769291964997
A1_w2,A1,manual,matched,True,0.0481675495731278,0.021491790140864303,0.026675759432263496,355.02665075576766,139.36833731105807
A1_w2,A1,manual,matched,True,0.037894135179388805,0.030108266607034695,0.00778586857235411,278.89140811455843,173.24502784407318
A1_w2,A1,manual,matched,True,0.05197264563950591,0.020214093850758973,0.03175855178874694,286.2255369928401,197.6921241050119
A1_w2,A1,manual,matched,True,0.0497263667979028,0.00982460937567171,0.03990175742223109,362.3607796340493,195.9459029435163
A1_w2,A1,manual,missed_both,False,0.028850600999324065,0.023673371376726773,0.005177229622597292,346.6447891805887,246.23707239459023
A1_w2,A1,manual,matched,True,0.06503463156697431,0.03485905240763096,0.030175579159343352,355.02665075576766,259.1591089896579
A1_w2,A1,manual,matched,True,0.058682940062132906,0.04097354536772555,0.017709394694407354,351.53420843277644,280.8122513922036
A1_w2,A1,manual,missed_both,False,0.0485180463051481,0.03450459120791016,0.014013455097237941,342.10461416070007,275.5735879077168
A1_w2,A1,manual,matched,True,0.04359891070805849,0.04253714351366657,0.0010617671943919244,356.77287191726333,300.3699284009546
A1_w2,A1,manual,matched,True,0.05925558518427413,0.04538675767456429,0.013868827509709837,326.0393794749403,350.6610978520286
A1_w2,A1,manual,matched,True,0.05756073271642786,0.04573523472253846,0.011825497993889399,263.87390612569607,342.9777247414479
A1_w2,A1,manual,matched,True,0.05543594478800049,0.028146522084186346,0.027289422703814147,233.14041368337308,322.0230708035004
A1_w2,A1,manual,matched,True,0.04768046075444538,0.02657903718797797,0.021101423566467412,242.2207637231504,296.8774860779634
A1_w2,A1,manual,matched,True,0.056946599574293565,0.027471243776834423,0.029475355797459142,237.33134447096265,267.19172633253777
A1_w2,A1,manual,matched,True,0.03770123441282026,0.018756045671848905,0.018945188740971352,217.07517899761336,228.42561654733493
A1_w2,A1,manual,matched,True,0.03131260935812826,0.0189671425373486,0.012345466820779662,205.2008750994431,215.85282418456643
A1_w2,A1,manual,missed_both,False,0.02854234644821805,0.01152729865425914,0.01701504779395891,219.51988862370723,207.4709626093874
A1_w2,A1,manual,matched,True,0.06177740140871906,0.040871803060442365,0.020905598348276697,253.74582338902144,232.9657915672236
A1_w2,A1,manual,matched,True,0.048920307461776745,0.03897608217723787,0.009944225284538873,258.2859984089101,215.85282418456643
A1_w2,A1,manual,missed_both,False,0.039937895525616544,0.039799730156023796,0.0001381653695927479,295.3058870326173,360.4399363564041
A1_w2,A1,random,random,False,0.009446877027258944,0.006593300200865311,0.0028535768263936332,42.414751871157364,295.6104642925272
A1_w2,A1,random,random,False,0.027349410992680623,0.002910768823394756,0.024438642169285867,318.43866226689266,48.49134608135043
A1_w2,A1,random,random,False,0.043567880851145775,0.02665806756769401,0.016909813283451765,194.8938071169443,261.72665030181236
A1_w2,A1,random,random,False,0.03874399860980097,0.020699268576117116,0.018044730033683853,362.50652121412196,341.1723635770722
A1_w2,A1,random,random,False,0.03749451256050006,0.030390171331090093,0.007104341229409963,87.14879993812745,341.06941601819085
A1_w2,A1,random,random,False,0.035670049211468366,0.03259772819596552,0.003072321015502845,261.5295010021987,204.73012285984157
A1_w2,A1,random,random,False,0.024402614239126565,0.029598006130855586,-0.005195391891729021,245.95154908020814,119.73858602819368
A1_w2,A1,random,random,False,0.0280154804553069,0.030314910123804995,-0.002299429668498096,182.33553339244867,249.49039124210228
A1_w2,A1,random,random,False,0.04416858245010086,0.03869871644645749,0.005469866003643367,89.90053974453326,11.845478032721156
A1_w2,A1,random,random,False,0.056952257088483886,0.039565972355818754,0.017386284732665132,57.48281718710475,59.80714677701965
A1_w2,A1,random,random,False,0.03316591435759826,0.0333864595698565,-0.0002205452122582413,335.4087516815645,277.32370807648715
A1_w2,A1,random,random,False,0.061568648437267726,0.01255702954958967,0.049011618887678056,285.4191440874951,80.07676654938102
A1_w2,A1,random,random,False,0.023894137421082626,0.01984269017003182,0.004051447251050805,211.94824838086845,357.35946177701317
A1_w2,A1,random,random,False,0.027581623393337744,0.023312283449485282,0.004269339943852462,173.9942703717665,27.691779027168298
A1_w2,A1,random,random,False,0.04870140662110595,0.04130498013634181,0.007396426484764136,84.5525187751785,21.045700936360983
A1_w2,A1,random,random,False,0.004308673881416384,0.008094726387839682,-0.003786052506423298,158.13043941111619,89.49887021258388
A1_w2,A1,random,random,False,3.6854115039018327e-05,0.0034798635500633713,-0.003443009435024353,337.9891735266109,211.98522235731556
A1_w2,A1,random,random,False,0.005070027591683803,0.024355488002361533,-0.01928546041067773,126.24230730151814,59.48200391983202
A1_w2,A1,random,random,False,0.0030634755445067114,0.019586483509793255,-0.016523007965286544,231.98303403862312,198.47006642570767
A1_w2,A1,random,random,False,0.027977556725386772,0.028439290815131208,-0.00046173408974443594,152.54914196472987,183.10083885380027
A1_w2,A1,random,random,False,0.005124734663300019,0.022542509184573085,-0.017417774521273067,339.24052505338136,147.55899559548618
A1_w2,A1,random,random,False,0.06084897383254649,0.05061198860520629,0.0102369852273402,151.11015052662796,213.2202418037573
A1_w2,A1,random,random,False,0.002131690633058859,0.0036510114088113966,-0.0015193207757525375,288.7405833825976,52.45706322776786
A1_w2,A1,random,random,False,0.02126558367878822,0.027003437840597482,-0.005737854161809261,200.9804315774002,199.5683646250202
A1_w2,A1,random,random,False,0.018362111878642798,0.036642950529063335,-0.018280838650420538,47.885558602807336,67.44929944967346
A1_w2,A1,random,random,False,0.005706698281189282,0.004768601382239379,0.0009380968989499035,22.53573227642762,267.80742917939193
A1_w2,A1,random,random,False,0.012357040443334848,0.022516509452776206,-0.010159469009441358,229.23940058739728,93.29778835586514
A1_w2,A1,random,random,False,0.04072936811569626,0.024495421974286564,0.016233946141409696,168.7297760048075,303.7900171026032
A1_w2,A1,random,random,False,0.030565572112222064,0.01721663118106955,0.013348940931152513,324.1835800178169,286.5382935666842
A1_w2,A1,random,random,False,0.003162568708492623,0.005556238141424216,-0.002393669432931593,316.546920505001,232.63138559262154
A1_w2,A1,random,random,False,0.020101705024614617,0.01740312982828315,0.0026985751963314666,213.44177758868378,219.67152230401982
A1_w2,A1,random,random,False,0.027925656094880524,0.043052209809012316,-0.015126553714131793,243.69698856380634,352.459330340701
A1_w2,A1,random,random,False,0.007543895082552856,0.013201086451947014,-0.005657191369394157,191.0864994979347,110.44068685695888
A1_w2,A1,random,random,False,0.017975563221056208,0.011670274910461052,0.006305288310595156,184.83757826764827,114.03038324625987
A1_w2,A1,random,random,False,0.036685386678188374,0.039795719283105144,-0.00311033260491677,155.35967756614562,235.18665360277637
A1_w2,A1,random,random,False,0.024979743173530966,0.023311402102752586,0.00166834107077838,113.93378644878959,225.82808704532232
A1_w2,A1,random,random,False,0.04719276308452346,0.02387096862864691,0.02332179445587655,284.78517374727113,191.7053400863658
A1_w2,A1,random,random,False,0.003487015558897738,0.004683993727647807,-0.0011969781687500686,165.67781696975018,88.31559051683293
A1_w2,A1,random,random,False,0.04514520948681112,0.04416577212227218,0.0009794373645389404,6.5275913206152545,183.20471325164488
A1_w2,A1,random,random,False,0.02453203694003392,0.021250919823821095,0.003281117116212824,135.44855427917585,81.57072845830689
A1_w2,A1,random,random,False,0.032025692103411246,0.023949225618958882,0.008076466484452365,123.46541863369751,23.540341214167697
A1_w2,A1,random,random,False,0.015259554874709303,0.03527431037764809,-0.020014755502938786,230.60569906018227,170.73243040072919
A1_w2,A1,random,random,False,0.010514504655436473,0.017464405603121295,-0.006949900947684821,338.6211996767027,120.49196458619497
A1_w2,A1,random,random,False,0.024472983470386796,0.024311949119185983,0.00016103435120081236,143.25057698577362,174.76933173640333
A1_w2,A1,random,random,False,0.046608268323955926,0.031152147469534652,0.015456120854421274,94.26326848882312,336.0233969730698
A1_w2,A1,random,random,False,0.036813776547643076,0.024678173028581697,0.012135603519061379,1.7829492541108087,151.50212354387358
A1_w2,A1,random,random,False,0.019618208686650578,0.02106014217728251,-0.0014419334906319303,200.2581242190708,281.3995874664402
A1_w2,A1,random,random,False,0.038909200259500745,0.03265451114929969,0.006254689110201057,240.50638448326748,309.1261527892006
A1_w2,A1,random,random,False,0.050484291241099925,0.038923269007517775,0.01156102223358215,117.08870375989184,255.31886778152705
A1_w2,A1,random,random,False,0.012526059425905763,0.015580773087153419,-0.003054713661247656,92.00286957292468,224.42148872495298
A1_w2,A1,random,random,False,0.032330075179454465,0.017934650130855566,0.014395425048598899,67.27514038361251,363.1771223808448
A1_w2,A1,random,random,False,0.0253862118708308,0.02159235693460372,0.003793854936227078,76.67630020203767,356.3340035666496
A1_w2,A1,random,random,False,0.036150225368325,0.01861521646024416,0.017535008908080837,54.01612757939203,218.95444484650304
A1_w2,A1,random,random,False,0.01764937234761421,0.01924938544337158,-0.0016000130957573681,53.978072517704106,5.302736475451782
A1_w2,A1,random,random,False,0.014004543735081035,0.035711891034179946,-0.02170734729909891,33.693013941566136,113.62540655879185
A1_w2,A1,random,random,False,0.0527320228599254,0.047505513540580274,0.005226509319345124,17.259162461935155,167.72052447411582
A1_w2,A1,random,random,False,0.024815935061653097,0.03607727485607211,-0.011261339794419012,97.06408401445007,49.17558931563683
A1_w2,A1,random,random,False,0.010916057262237176,0.01978023193958971,-0.008864174677352534,6.257113954855993,104.38083523207574
A1_w2,A1,random,random,False,0.0151564202945868,0.011487634576374105,0.003668785718212695,205.97872043878854,102.86112594931004
A1_w2,A1,random,random,False,0.04799718586197785,0.033450943097267996,0.014546242764709852,205.41136440288642,186.01360872148112
A1_w2,A1,random,random,False,0.005672028627143103,0.009544182451268623,-0.00387215382412552,27.969642246683254,344.4772648777265
A1_w2,A1,random,random,False,0.050782739306715015,0.03356631049545218,0.017216428811262834,101.57517029925812,82.02635687215424
A1_w2,A1,random,random,False,0.026953908412412013,0.033797078411426186,-0.006843169999014173,75.60259855899348,4.61785858985261
A1_w2,A1,random,random,False,0.04332756660987685,0.030530305073285094,0.012797261536591754,195.678922315871,32.78796760603828
A1_w2,A1,random,random,False,0.04763586215183203,0.026145877216813555,0.021489984935018473,225.44825676090187,26.87234396602598
A1_w2,A1,random,random,False,0.0296219078910178,0.024864807455798887,0.004757100435218913,180.88179669424272,319.93544094713286
A1_w2,A1,random,random,False,0.03983293406540444,0.03322037347824506,0.00661256058715938,184.0883876465795,352.4652903431048
A1_w2,A1,random,random,False,0.02473039074720443,0.022183005320279964,0.0025473854269244672,137.84057750351232,108.08471378582065
A1_w2,A1,random,random,False,0.030029902207933952,0.025050984458625993,0.004978917749307959,268.75790502942334,273.55547854421286
A1_w2,A1,random,random,False,0.03568509829592515,0.02377953787732108,0.01190556041860407,122.85561464629505,24.669855606324624
A1_w2,A1,random,random,False,0.0500608149490082,0.055210079682683634,-0.0051492647336754335,84.12924494719911,30.822397093665252
A1_w2,A1,random,random,False,0.039413107304898436,0.040260407488878054,-0.0008473001839796185,109.83629301748442,257.7237727620954
A1_w2,A1,random,random,False,0.008543093945903699,0.009315321069129493,-0.0007722271232257945,42.23062753872698,327.95848897125256
A1_w2,A1,random,random,False,0.0023327935152171694,0.013619460794530209,-0.01128666727931304,105.26103171456141,203.68680761846957
A1_w2,A1,random,random,False,0.04845000504051522,0.026980273533307165,0.021469731507208056,255.4569809939575,75.2668418490766
A1_w2,A1,random,random,False,0.0199773255303196,0.029804266895436908,-0.009826941365117307,158.30679912153383,180.63428056464053
A1_w2,A1,random,random,False,0.0020860282407292297,0.00872379298602096,-0.00663776474529173,357.6250384008193,88.19596676885216
A1_w2,A1,random,random,False,0.023760502691585188,0.031217612152227143,-0.007457109460641955,86.3757424873585,83.44803600439936
A1_w2,A1,random,random,False,0.0027884674528377658,0.018358846820343035,-0.015570379367505268,132.541246874738,57.23618568277921
A1_w2,A1,random,random,False,0.03840730151748233,0.03346511242335718,0.004942189094125152,27.97825628180982,213.32670489293687
A1_w2,A1,random,random,False,0.014959096456267432,0.006678353979205053,0.00828074247706238,190.60513250254138,80.21746719626046
A1_w2,A1,random,random,False,0.005053617967687227,0.015037960502451687,-0.00998434253476446,224.99491765510456,117.07973969036152
A1_w2,A1,random,random,False,0.023553272672842067,0.0226121225658934,0.0009411501069486669,142.7303511040104,159.99285083123502
A1_w2,A1,random,random,False,0.0033264189304824778,0.007006052578475727,-0.003679633647993249,158.75105119049337,105.94936917469286
A1_w2,A1,random,random,False,0.04374602742242681,0.04042846224353744,0.00331756517888937,328.88658853243345,331.51560111118357
A1_w2,A1,random,random,False,0.045213327645900726,0.047074805737881385,-0.001861478091980659,60.1859786979416,50.84752955856707
A1_w2,A1,random,random,False,0.0037025430838078894,0.021940293194795634,-0.018237750110987744,80.21496204192682,104.90497121566759
A1_w2,A1,random,random,False,0.00828060768314801,0.013998782395988809,-0.0057181747128408,204.96813628210097,4.612464789115741
A1_w2,A1,random,random,False,0.02250002617034799,0.0334979109660279,-0.010997884795679914,269.8321496050145,243.0494884635227
A1_w2,A1,random,random,False,0.044571380353043914,0.028996301579557217,0.015575078773486697,252.9215365666789,120.91484931500513
A1_w2,A1,random,random,False,0.0059929945083321955,0.005421783630431564,0.0005712108779006315,330.6494502432977,182.36723224020272
A1_w2,A1,random,random,False,0.015445544707087993,0.006078006918162057,0.009367537788925935,25.213139957655052,7.202235133926819
A1_w2,A1,random,random,False,0.04432996057064663,0.0368083177173016,0.007521642853345029,223.90204827395246,146.41520870085364
A1_w2,A1,random,random,False,0.006532253628498613,0.0016458023225750542,0.004886451305923559,274.8671968182486,20.39818364024327
A1_w2,A1,random,random,False,0.0019706065769957482,0.0020534963963827926,-8.288981938704438e-05,317.6143631258251,13.150125821902094
A1_w3,A1,manual,matched,True,0.04922455083380331,0.04284458565633546,0.006379965177467847,109.50795544948288,84.53699284009546
A1_w3,A1,manual,matched,True,0.05619006386321346,0.036951305499660504,0.019238758363552953,97.28440731901352,71.96420047732697
A1_w3,A1,manual,matched,True,0.048125298464039776,0.0365527189970822,0.011572579466957576,69.34486873508352,39.484486873508345
A1_w3,A1,manual,matched,True,0.04176613067799895,0.029752292912107448,0.012013837765891499,28.83253778838504,42.62768496420047
A1_w3,A1,manual,matched,True,0.0347325894291668,0.029665410392476593,0.005067179036690208,89.25178997613365,43.326173428798725
A1_w3,A1,manual,matched,True,0.06065970157998598,0.03403944651769268,0.026620255062293298,124.87470167064438,100.6022275258552
A1_w3,A1,manual,matched,True,0.0690114310850827,0.037045168829785965,0.03196626225529674,131.51034208432776,118.4136833731106
A1_w3,A1,manual,matched,True,0.049266318120493195,0.04113938917907471,0.008126928941418483,139.54295942720762,134.4789180588703
A1_w3,A1,manual,matched,True,0.057367636081370944,0.0355426365326393,0.02182499954873164,146.87708830548925,146.35322195704055
A1_w3,A1,manual,matched,True,0.06297001267455588,0.04616402120371504,0.016805991470840838,137.09824980111375,164.51392203659506
A1_w3,A1,manual,matched,True,0.049413680647883616,0.033322050533827044,0.016091630114056572,112.65115354017502,175.34049323786792
A1_w3,A1,manual,matched,True,0.06036462301527212,0.048929675467803524,0.011434947547468599,34.76968973747016,160.67223548130468
A1_w3,A1,manual,matched,True,0.05207734866086744,0.047338944170640974,0.004738404490226465,17.65672235481304,157.17979315831343
A1_w3,A1,manual,matched,True,0.07095115148012311,0.048078075236860494,0.022873076243262618,10.322593476531424,147.75019888623706
A1_w3,A1,manual,matched,True,0.05936428270293404,0.04286583207843361,0.01649845062450043,42.10381861575179,177.08671439936356
A1_w3,A1,manual,missed_both,False,0.0719771027338818,0.04088948991116536,0.031087612822716444,66.55091487669053,181.62688941925217
A1_w3,A1,manual,matched,True,0.06724763185661058,0.03759060876125163,0.029657023095358948,81.5684168655529,195.24741447891805
A1_w3,A1,manual,matched,True,0.06474724964925639,0.04781409122536172,0.016933158423894673,92.74423229912487,207.8202068416865
A1_w3,A1,manual,matched,True,0.06556768752138468,0.047024031237578263,0.01854365628380642,42.453062848050905,210.2649164677804
A1_w3,A1,manual,matched,True,0.0539836831556944,0.0415603651414778,0.012423318014216603,58.169053301511525,232.9657915672236
A1_w3,A1,manual,matched,True,0.04004967253133068,0.03570986087103447,0.0043398116602962125,42.80230708035003,241.3476531424025
A1_w3,A1,manual,matched,True,0.03980618428957406,0.027991602721063248,0.011814581568510812,22.89538583929992,237.8552108194113
A1_w3,A1,manual,matched,True,0.037685841379779095,0.04082670186901832,-0.0031408604892392278,25.689339697692915,222.48846459824975
A1_w3,A1,manual,matched,True,0.05005046631166085,0.03426190798682839,0.01578855832483246,74.23428798727127,246.9355608591885
A1_w3,A1,manual,matched,True,0.051338306608299245,0.035556663521979975,0.01578164308631927,114.0481304693715,235.06125696101827
A1_w3,A1,manual,matched,True,0.05452593486006194,0.042157039235507135,0.012368895624554808,153.51272871917263,240.99840891010345
A1_w3,A1,manual,matched,True,0.05636266001738496,0.03868119212795941,0.017681467889425553,145.82935560859187,228.42561654733493
A1_w3,A1,manual,matched,True,0.040664369161785396,0.044973800042864207,-0.00430943088107881,154.21121718377088,261.9530628480509
A1_w3,A1,manual,matched,True,0.06937347219210467,0.03890095537117505,0.03047251682092962,152.46499602227524,274.87509944311853
A1_w3,A1,manual,matched,True,0.050886829370801544,0.04267189301935898,0.008214936351442562,165.38703261734287,276.9705648369133
A1_w3,A1,manual,matched,True,0.04632281733765188,0.03627708282579119,0.010045734511860693,170.97494033412886,294.0835322195704
A1_w3,A1,manual,matched,True,0.05230543437451147,0.04242688467197355,0.009878549702537917,151.766507557677,313.2919649960223
A1_w3,A1,manual,matched,True,0.04336043901076292,0.04145853205128601,0.0019019069594769095,169.9272076372315,312.24423229912486
A1_w3,A1,manual,matched,True,0.044375535845984276,0.0334303112845023,0.010945224561481975,144.43237867939538,325.8647573587908
A1_w3,A1,manual,matched,True,0.05213517123654602,0.04226562425796814,0.009869546978577878,163.64081145584726,327.2617342879873
A1_w3,A1,manual,matched,True,0.04305564050211383,0.04437607469728363,-0.0013204341951697993,171.67342879872712,337.04057279236275
A1_w3,A1,manual,matched,True,0.06748626271899567,0.04336540217848575,0.024120860540509922,174.81662688941924,347.5178997613365
A1_w3,A1,manual,matched,True,0.03922199864778982,0.025962410056237093,0.01325958859155273,189.48488464598248,322.72155926809864
A1_w3,A1,manual,matched,True,0.06853298797336432,0.04532175370958448,0.023211234263779842,177.95982498011136,358.34447096260936
A1_w3,A1,manual,missed_both,False,0.05203904352343678,0.024536488413426864,0.027502555110009916,5.782418456642802,295.82975338106604
A1_w3,A1,manual,matched,True,0.058852627371070006,0.03500575023101705,0.023846877140052958,2.2899761336515496,310.8472553699284
A1_w3,A1,manual,matched,True,0.055943763041630054,0.03868352762725946,0.017260235414370592,2.9884645982497986,326.563245823389
A1_w3,A1,manual,matched,True,0.04900009230614384,0.036722103280905485,0.012277989025238356,4.385441527446297,338.0883054892601
A1_w3,A1,manual,matched,True,0.04601730487901468,0.031163719718856585,0.014853585160158098,3.337708830548926,348.914876690533
A1_w3,A1,manual,matched,True,0.07635312009253956,0.041335859527939285,0.03501726056460027,242.57000795544943,300.0206841686555
A1_w3,A1,manual,matched,True,0.07315220363056658,0.03199695759679976,0.04115524603376682,245.36396181384248,259.1591089896579
A1_w3,A1,manual,matched,True,0.03142214463379125,0.015374650917251157,0.01604749371654009,256.8890214797136,214.80509148766905
A1_w3,A1,manual,matched,True,0.03320066842905781,0.020784684870654633,0.01241598355840318,242.9192521877486,198.04136833731104
A1_w3,A1,manual,matched,True,0.04599085512532427,0.02465132759637567,0.021339527528948597,217.07517899761336,187.2147971360382
A1_w3,A1,manual,matched,True,0.046472980424308724,0.039012630463806604,0.00746034996050212,199.6129673826571,198.39061256961017
A1_w3,A1,manual,matched,True,0.04048419007589007,0.03353271298348594,0.0069514770924041305,196.8190135242641,187.2147971360382
A1_w3,A1,manual,missed_both,False,0.03531221441460241,0.041230508537128965,-0.005918294122526556,181.45226730310264,196.29514717581543
A1_w3,A1,manual,matched,True,0.06067160887499423,0.04028345046203902,0.020388158412955215,181.45226730310264,207.4709626093874
A1_w3,A1,manual,matched,True,0.07870066623370188,0.038351288267297105,0.040349377966404774,159.79912490055688,206.4232299124901
A1_w3,A1,manual,matched,True,0.05894637904301686,0.045269971752293844,0.013676407290723017,150.3695306284805,176.03898170246617
A1_w3,A1,manual,matched,True,0.05711651110396613,0.053337754959818934,0.0037787561441471954,133.95505171042163,175.68973747016705
A1_w3,A1,manual,matched,True,0.06808759115178371,0.05572498939544701,0.012362601756336702,126.97016706443912,190.0087509944312
A1_w3,A1,manual,matched,True,0.06896956760278203,0.048066541604308774,0.020903025998473254,119.98528241845663,217.9482895783612
A1_w3,A1,manual,matched,True,0.08673517270477853,0.0481275590323367,0.03860761367244182,133.6058074781225,203.62927605409703
A1_w3,A1,manual,matched,True,0.04480269411647943,0.018614424983508383,0.026188269132971044,180.7537788385044,163.46618933969768
A1_w3,A1,manual,matched,True,0.06834827848836313,0.03743450503341231,0.03091377345495082,158.40214797136036,81.39379474940334
A1_w3,A1,manual,matched,True,0.05014511532019061,0.043496587595208,0.00664852772498261,167.1332537788385,105.84089101034208
A1_w3,A1,manual,matched,True,0.07168521565809657,0.04262105100690741,0.02906416465118916,169.9272076372315,95.36356404136832
A1_w3,A1,manual,matched,True,0.07446082611273318,0.04150811867213542,0.03295270744059776,186.34168655529035,116.31821797931582
A1_w3,A1,manual,matched,True,0.05856502864800378,0.049659767128450216,0.008905261519553564,192.2788385043755,129.24025457438344
A1_w3,A1,manual,matched,True,0.04491080289298028,0.03110931073175331,0.013801492161226971,186.34168655529035,141.4638027048528
A1_w3,A1,manual,matched,True,0.035918544689537,0.028176299241958233,0.0077422454475787675,220.2183770883055,152.98886237072395
A1_w3,A1,manual,matched,True,0.06082004487525317,0.03489344190170829,0.025926602973544884,239.7760540970565,144.95624502784406
A1_w3,A1,manual,matched,True,0.07321248561921433,0.03420651347597021,0.03900597214324412,273.6527446300716,133.78042959427208
A1_w3,A1,manual,matched,True,0.059431509146318805,0.03043352656107805,0.028997982585240754,298.7983293556086,109.68257756563244
A1_w3,A1,manual,matched,True,0.053752001320160704,0.04576987744742349,0.007982123872737217,286.2255369928401,87.68019093078759
A1_w3,A1,manual,matched,True,0.05154734010214121,0.02867329397319554,0.02287404612894567,288.670246618934,41.23070803500397
A1_w3,A1,manual,matched,True,0.05991834496949282,0.023989870370874827,0.03592847459861799,260.38146380270484,21.67303102625298
A1_w3,A1,manual,matched,True,0.06017477343513393,0.029276517256859494,0.030898256178274436,232.09268098647573,22.720763723150355
A1_w3,A1,manual,matched,True,0.059044033215101877,0.03421975690543527,0.024824276309666604,193.675815433572,12.592680986475736
A1_w3,A1,manual,matched,True,0.059254249369499655,0.027006722508884758,0.0322475268606149,157.00517104216388,15.735879077167858
A1_w3,A1,manual,matched,True,0.050343783166239955,0.0373777125531476,0.012966070613092358,131.51034208432776,30.75338106603023
A1_w3,A1,manual,matched,True,0.06185535428878977,0.033295093820068684,0.028560260468721087,124.17621320604611,46.46937151949085
A1_w3,A1,manual,matched,True,0.058867109330215196,0.03169046813707768,0.027176641193137514,317.3082736674622,34.94431185361972
A1_w3,A1,manual,matched,True,0.0477591846390502,0.03608171259093578,0.011677472048114416,327.785600636436,26.911694510739856
A1_w3,A1,manual,matched,True,0.045046862438661156,0.019395359003726152,0.025651503434935004,315.9112967382657,15.735879077167858
A1_w3,A1,manual,matched,True,0.04215862504463883,0.01567384174122639,0.026484783303412442,289.01949085123306,11.195704057279237
A1_w3,A1,manual,matched,True,0.05547838548071568,0.02811108238514222,0.02736730309557346,291.4642004773269,23.070007955449483
A1_w3,A1,manual,matched,True,0.04720261168364189,0.02650821558637055,0.02069439609727134,347.69252187748606,23.070007955449483
A1_w3,A1,manual,matched,True,0.045419322940971146,0.031441699132734646,0.0139776238082365,331.2780429594272,46.46937151949085
A1_w3,A1,manual,matched,True,0.0362824275251247,0.018490686387472442,0.017791741137652257,331.97653142402544,78.94908512330946
A1_w3,A1,manual,matched,True,0.05543148879520301,0.043938353512499695,0.011493135282703314,346.9940334128878,108.63484486873509
A1_w3,A1,manual,matched,True,0.06567272143778304,0.04783662139610476,0.017836100041678273,342.8031026252983,121.9061256961018
A1_w3,A1,manual,matched,True,0.07146128157971413,0.05159921680218116,0.019862064777532967,349.7879872712808,130.98647573587908
A1_w3,A1,manual,matched,True,0.043058496823965585,0.01896902937872312,0.024089467445242464,313.1173428798727,136.57438345266507
A1_w3,A1,manual,matched,True,0.03500519879477655,0.023431670670522414,0.011573528124254138,311.0218774860779,118.76292760540969
A1_w3,A1,manual,missed_both,False,0.025192668374326453,0.03433522243441615,-0.009142554060089694,295.3058870326173,148.0994431185362
A1_w3,A1,manual,matched,True,0.046914037034967514,0.029754575967400262,0.01715946106756725,311.3711217183771,161.71996817820207
A1_w3,A1,manual,missed_both,False,0.040698191767862595,0.021224379888558204,0.01947381187930439,300.8937947494033,162.0692124105012
A1_w3,A1,manual,matched,True,0.03826814031450651,0.029118117128856428,0.009150023185650082,277.1451869530628,154.38583929992043
A1_w3,A1,manual,matched,True,0.03064833516589608,0.019108002569371407,0.011540332596524674,263.1754176610978,166.95863166268893
A1_w3,A1,manual,matched,True,0.021189019849734377,0.017321790345480533,0.0038672295042538433,276.7959427207637,192.45346062052505
A1_w3,A1,manual,matched,True,0.05626043481002233,0.02650835501808211,0.029752079791940222,330.5795544948289,167.30787589498806
A1_w3,A1,manual,matched,True,0.04369886360785782,0.028297199247559277,0.01540166436029854,339.31066030230704,161.37072394590294
A1_w3,A1,manual,matched,True,0.04456361731332972,0.013555982902001305,0.03100763441132842,315.9112967382657,182.67462211614955
A1_w3,A1,manual,matched,True,0.05040824038904967,0.031039171855938928,0.01936906853311074,356.77287191726333,180.92840095465397
A1_w3,A1,manual,matched,True,0.05523262922456309,0.031294598069506366,0.023938031155056723,344.20007955449483,202.58154335719968
A1_w3,A1,manual,matched,True,0.05575808627905115,0.03488179413066519,0.02087629214838596,356.0743834526651,208.16945107398567
A1_w3,A1,manual,matched,True,0.04369895609672324,0.013814577063031892,0.029884379033691344,297.7505966587112,207.12171837708829
A1_w3,A1,manual,matched,True,0.041675728368632384,0.01723711069439909,0.024438617674233293,281.68536197295145,246.9355608591885
A1_w3,A1,manual,matched,True,0.04908213705100131,0.016764521847147686,0.03231761520385362,325.3408910103421,244.14160700079557
A1_w3,A1,manual,matched,True,0.0436887327264347,0.03992361171531691,0.0037651210111177905,300.1953062848051,257.7621320604614
A1_w3,A1,manual,matched,True,0.05305099064290363,0.018481933972810165,0.03456905667009347,328.13484486873506,258.46062052505965
A1_w3,A1,manual,matched,True,0.04231695028033975,0.02980564788758499,0.012511302392754761,300.5445505171042,274.1766109785203
A1_w3,A1,manual,matched,True,0.045264051848194736,0.008575849815164353,0.03668820203303039,326.73786793953855,286.7494033412888
A1_w3,A1,manual,matched,True,0.05318963113248109,0.039362600099970245,0.013827031032510845,332.32577565632454,314.6889419252188
A1_w3,A1,manual,matched,True,0.05903867514350613,0.040374158641080536,0.018664516502425593,329.5318217979316,330.7541766109785
A1_w3,A1,manual,matched,True,0.05760790232071885,0.034274634579575344,0.023333267741143505,334.0719968178202,351.35958631662686
A1_w3,A1,manual,matched,True,0.050322098052752826,0.027320383456270508,0.023001714596482318,311.7203659506762,351.01034208432776
A1_w3,A1,manual,matched,True,0.04840843353200736,0.014411324982685688,0.033997108549321677,299.1475735879077,343.326968973747
A1_w3,A1,manual,matched,True,0.058094713193427634,0.043080892021589885,0.015013821171837749,251.99960222752583,334.5958631662689
A1_w3,A1,manual,matched,True,0.06685683985494276,0.032349717081082544,0.03450712277386021,261.4291964996022,340.533015115354
A1_w3,A1,manual,matched,True,0.05804200304584131,0.04015826959815507,0.01788373344768624,232.09268098647573,276.27207637231504
A1_w3,A1,manual,matched,True,0.055992645977624766,0.046625792553303506,0.00936685342432126,246.06245027844076,273.478122513922
A1_w3,A1,manual,matched,True,0.055349331178021245,0.024344566542540448,0.031004764635480797,235.58512330946692,239.6014319809069
A1_w3,A1,manual,matched,True,0.046866747326316044,0.030953503397343752,0.015913243928972292,229.64797136038183,247.98329355608595
A1_w3,A1,manual,matched,True,0.05990209849677537,0.022289672026746383,0.03761242647002899,248.5071599045346,235.41050119331743
A1_w3,A1,manual,matched,True,0.02719809557893636,0.022796708546938306,0.004401387031998053,261.4291964996022,289.8926014319809
A1_w3,A1,manual,matched,True,0.019409597838671112,0.020550377059500077,-0.0011407792208289642,265.2708830548926,268.9379474940334
A1_w3,A1,manual,missed_both,False,0.021063842623113505,0.02188903555449527,-0.0008251929313817657,197.5175019888624,301.41766109785203
A1_w3,A1,manual,matched,True,0.05435898639445776,0.024642945011270338,0.029716041383187425,189.8341288782816,279.76451869530626
A1_w3,A1,manual,matched,True,0.027877166326416968,0.020657281275650027,0.0072198850507669415,132.55807478122514,292.6865552903739
A1_w3,A1,manual,missed_both,False,0.025038347153556934,0.02048951582521131,0.004548831328345625,125.22394590294353,310.49801113762925
A1_w3,A1,manual,matched,True,0.06442864851854793,0.02479089920757797,0.03963774931096996,351.53420843277644,311.1964996022275
A1_w3,A1,manual,matched,True,0.058249978161611496,0.009675105998093531,0.04857487216351797,358.51909307875894,262.30230708035003
A1_w3,A1,manual,matched,True,0.05352863048469879,0.021261767051092104,0.032266863433606685,209.04256165473348,356.94749403341285
A1_w3,A1,manual,matched,True,0.05443823400188222,0.032070149706997786,0.022368084294884433,248.15791567223545,355.5505171042164
A1_w3,A1,manual,matched,True,0.05621533308710568,0.03609408860373751,0.020121244483368175,252.69809069212408,317.8321400159109
A1_w3,A1,manual,missed_both,False,0.042444768284524974,0.04065926426591687,0.0017855040186081014,231.0449482895784,311.54574383452666
A1_w3,A1,manual,missed_both,False,0.02100992135203302,0.025343709719439056,-0.004333788367406034,299.49681782020684,361.4876690533015
A1_w3,A1,manual,missed_both,False,0.06896087774627886,0.022092728417891686,0.046868149328387176,143.384645982498,71.96420047732697
A1_w3,A1,manual,missed_both,False,0.057443586634979116,0.03307452012207419,0.02436906651290493,17.30747812251392,103.04693715194908
A1_w3,A1,manual,missed_both,False,0.04504258419662217,0.02882580991019658,0.016216774286425588,352.5819411296738,62.88385043754971
A1_w3,A1,manual,missed_both,False,0.03758332358858703,0.03160193263051149,0.005981390958075539,341.0568814638027,73.01193317422434
A1_w3,A1,manual,matched,True,0.024446849800958355,0.01785238552899259,0.006594464271965764,268.4140811455847,310.49801113762925
A1_w3,A1,manual,missed_both,False,0.04584539430827531,0.018327324283075434,0.02751807002519988,297.7505966587112,312.24423229912486
A1_w3,A1,manual,missed_both,False,0.03359918702103558,0.030643050945624056,0.0029561360754115223,331.97653142402544,302.1161495624503
A1_w3,A1,random,random,False,0.044614642729884586,0.0318895000577479,0.012725142672136688,186.16401922399103,145.76462104352714
A1_w3,A1,random,random,False,0.0635104189071033,0.043999641971977345,0.01951077693512595,97.80826929121139,210.26078552378016
A1_w3,A1,random,random,False,0.006718381898120423,0.031444120364852106,-0.02472573846673168,311.62121215372963,71.64200458638624
A1_w3,A1,random,random,False,0.031127411489173605,0.03616427411051667,-0.005036862621343063,147.36975029809895,24.36100278733744
A1_w3,A1,random,random,False,0.03356588137928866,0.034939913756952164,-0.0013740323776635019,108.61407342266536,54.06353159529262
A1_w3,A1,random,random,False,0.05603175622130116,0.04513618738878057,0.010895568832520588,184.80255837257945,124.48555400384298
A1_w3,A1,random,random,False,0.07497356156335098,0.04071724757090956,0.034256313992441424,243.52901057270037,300.278808227814
A1_w3,A1,random,random,False,0.0367054607068525,0.03586928780108157,0.0008361729057709336,293.921017642005,122.71272279010053
A1_w3,A1,random,random,False,0.048191374967036016,0.018359917013942212,0.029831457953093804,298.5507834264983,310.3052775318201
A1_w3,A1,random,random,False,0.03674979596112068,0.020033892441756053,0.016715903519364625,302.2023588209916,163.70842900027176
A1_w3,A1,random,random,False,0.021906049775512866,0.03354066207878892,-0.011634612303276053,349.361670165922,10.357224014847668
A1_w3,A1,random,random,False,0.04968977916250909,0.03927490496417165,0.010414874198337441,249.13525568850585,283.4160704415119
A1_w3,A1,random,random,False,0.010239698341252676,0.013829570094588982,-0.0035898717533363062,122.35217331554718,285.337999200667
A1_w3,A1,random,random,False,0.030848325550085147,0.0514419232658276,-0.02059359771574245,135.5442461229104,221.12543188562375
A1_w3,A1,random,random,False,0.0039581869369280445,0.005830020410788307,-0.0018718334738602625,89.68426328830255,285.1048759593869
A1_w3,A1,random,random,False,0.004691360852480204,0.02021001188432386,-0.015518651031843658,199.14414005253508,336.47279534113045
A1_w3,A1,random,random,False,0.06105891640572819,0.0369389838859038,0.02411993251982439,180.44329355131762,345.37411741841856
A1_w3,A1,random,random,False,0.018088622656373256,0.021960105811316084,-0.003871483154942828,226.7041318470288,219.817320393811
A1_w3,A1,random,random,False,0.004209183456331188,0.004713102319209053,-0.0005039188628778645,217.10027401040404,68.18571239809748
A1_w3,A1,random,random,False,0.006126318242321637,0.006216252937106116,-8.993469478447893e-05,101.15194642962963,293.5024673065287
A1_w3,A1,random,random,False,0.002573040743756674,0.005303012944797954,-0.0027299722010412798,35.34008908635838,283.95455082992356
A1_w3,A1,random,random,False,0.049029280411014134,0.03440870983703922,0.014620570573974916,325.1249043622652,311.22092997964296
A1_w3,A1,random,random,False,0.04215717623913818,0.03051670697944456,0.011640469259693618,84.57499695353525,52.69857294754844
A1_w3,A1,random,random,False,0.008503602322954634,0.02335484085937688,-0.014851238536422246,269.5114138613216,50.511142115354666
A1_w3,A1,random,random,False,0.01634160260549237,0.014254799723055477,0.002086802882436895,223.45473894333372,47.11616632978375
A1_w3,A1,random,random,False,0.01922575906606264,0.03456340611877546,-0.01533764705271282,19.977383649489397,225.91769537983308
A1_w3,A1,random,random,False,0.00508772145237675,0.02072108070341232,-0.01563335925103557,138.14177403913922,338.8360578411481
A1_w3,A1,random,random,False,0.017575383857473526,0.018614841012782577,-0.001039457155309051,260.9996445196332,226.2081319776416
A1_w3,A1,random,random,False,0.047788804980822656,0.03997048263264115,0.007818322348181507,149.8777035105071,235.03082059292979
A1_w3,A1,random,random,False,0.017459389515194733,0.03730857269948056,-0.01984918318428583,104.9661977288838,110.77857117030413
A1_w3,A1,random,random,False,0.025597853774672497,0.03816383034382556,-0.012565976569153064,275.99162381075075,21.78083830678955
A1_w3,A1,random,random,False,0.009104692657825016,0.017761360560960802,-0.008656667903135786,70.59279343834137,93.54355851006383
A1_w3,A1,random,random,False,0.02618576906101651,0.0304138986103944,-0.004228129549377891,167.9231569210639,162.28091822359576
A1_w3,A1,random,random,False,0.01413345647500241,0.03603743108841273,-0.021903974613410322,30.55793474939836,133.3795614168649
A1_w3,A1,random,random,False,0.042719376884791854,0.038018401889109016,0.004700974995682838,146.696750163163,321.13245365627984
A1_w3,A1,random,random,False,0.02761035001364424,0.025967242031492876,0.001643107982151365,63.68093942297501,141.51172404332974
A1_w3,A1,random,random,False,0.05476980218948508,0.030006557620681735,0.024763244568803345,298.92278094945584,113.37458190121743
A1_w3,A1,random,random,False,0.02877103808315406,0.028185036504004037,0.0005860015791500223,28.696959211626588,183.11886021956036
A1_w3,A1,random,random,False,0.007050082746536197,0.01618634154929919,-0.009136258802762993,292.8553928254814,185.43557574547344
A1_w3,A1,random,random,False,0.036216157181448466,0.02711931774782322,0.009096839433625246,96.22044733483762,175.0423044480677
A1_w3,A1,random,random,False,0.045933583424001424,0.027235478271587316,0.01869810515241411,140.6180652085864,78.66261396451011
A1_w3,A1,random,random,False,0.05763443850797624,0.048708781786994025,0.008925656720982215,354.98116983421994,106.62839614568469
A1_w3,A1,random,random,False,0.02125533798170831,0.01077857892263309,0.01047675905907522,0.6046440431086809,271.58459693547195
A1_w3,A1,random,random,False,0.012469685621505343,0.015351298956163443,-0.0028816133346580997,97.91696733963997,256.4391399905516
A1_w3,A1,random,random,False,0.034136792141266345,0.028224649540534774,0.005912142600731571,204.39301267482304,222.32590303040678
A1_w3,A1,random,random,False,0.018514967904346237,0.03517480426539073,-0.01665983636104449,118.63243054180697,160.15495825558767
A1_w3,A1,random,random,False,0.03877789455857076,0.025469531478794803,0.013308363079775957,22.272061954527025,41.9579007289946
A1_w3,A1,random,random,False,0.02207217986164559,0.029620061428189272,-0.007547881566543683,297.0946908418,150.5379246081644
A1_w3,A1,random,random,False,0.04903140718936303,0.046321701359704454,0.0027097058296585777,51.50445588596093,216.1286080332296
A1_w3,A1,random,random,False,0.037804691805731955,0.03289277347731687,0.004911918328415088,104.24014867522894,183.56261515117615
A1_w3,A1,random,random,False,0.04431969836125238,0.03556887081949275,0.008750827541759633,335.06352657199074,311.33041417937426
A1_w3,A1,random,random,False,0.02509053640887582,0.01906843377539169,0.006022102633484128,10.52427550071325,288.6768973248448
A1_w3,A1,random,random,False,0.031068776320494734,0.03950836068615221,-0.008439584365657476,115.96631598555886,168.6348721751084
A1_w3,A1,random,random,False,0.013978354821259517,0.018511709687797962,-0.004533354866538445,311.30981276805574,233.04754718059633
A1_w3,A1,random,random,False,0.009234941489139918,0.04075602639645877,-0.03152108490731885,23.78588464743232,131.3859639148465
A1_w3,A1,random,random,False,0.00783483215994725,0.024071920590871414,-0.016237088430924165,93.9848643256084,111.36472500229323
A1_w3,A1,random,random,False,0.046158936613388664,0.021319814639075303,0.02483912197431336,196.1449890584932,242.88628173925144
A1_w3,A1,random,random,False,0.003967992370515706,0.006638312415658027,-0.0026703200451423208,49.68814966536863,359.95392334887634
A1_w3,A1,random,random,False,0.03160728218722769,0.03228843958615709,-0.0006811573989293981,105.98701931391693,46.647064349663175
A1_w3,A1,random,random,False,0.03103075937290543,0.02232494352300769,0.008705815849897741,183.0961239397086,161.35158471036237
A1_w3,A1,random,random,False,0.005027434924023159,0.025750478394434135,-0.020723043470410978,205.39634554422642,343.1349781429534
A1_w3,A1,random,random,False,0.05633228103494129,0.045404143765167375,0.010928137269773916,146.5996655848762,179.207461661205
A1_w3,A1,random,random,False,0.016190432823590506,0.015334092655329803,0.0008563401682607028,60.81145387627683,128.85945016115616
A1_w3,A1,random,random,False,0.0028423618101221667,0.011950658649586124,-0.009108296839463957,66.79381138083606,124.14313441407644
A1_w3,A1,random,random,False,0.01702380348791024,0.024029110920854163,-0.007005307432943923,108.7012241799567,248.44117951363867
A1_w3,A1,random,random,False,0.026901555318762312,0.02576569163960001,0.0011358636791623036,196.0787556951827,252.17335915118565
A1_w3,A1,random,random,False,0.017799988743125262,0.017084545063815657,0.0007154436793096047,324.4082774430407,85.4316696294647
A1_w3,A1,random,random,False,0.0459003402468059,0.03668180035975862,0.00921853988704728,296.8261698005116,250.55988442381997
A1_w3,A1,random,random,False,0.04463515543412351,0.03258763736465994,0.012047518069463574,56.129704265875176,151.0800742490813
A1_w3,A1,random,random,False,0.03578321992966122,0.030621031814278235,0.005162188115382986,330.8202584950193,123.41456593278001
A1_w3,A1,random,random,False,0.03341905042901716,0.035038886156567486,-0.0016198357275503256,180.9724057628448,86.97023515196832
A1_w3,A1,random,random,False,0.004908233076964999,0.01138473301024905,-0.00647649993328405,323.5816882305555,216.98966216910677
A1_w3,A1,random,random,False,0.027175664362340302,0.01516173460991531,0.012013929752424992,352.61920558218253,268.32665228653735
A1_w3,A1,random,random,False,0.05619418631059434,0.033762214091025776,0.022431972219568566,334.67384150313205,352.3192306492761
A1_w3,A1,random,random,False,0.03388192700937127,0.03251984104459591,0.0013620859647753558,219.46418718474467,145.56765555384106
A1_w3,A1,random,random,False,0.01912872311998296,0.027194805758651755,-0.008066082638668794,14.661110363088646,191.1019001078682
A1_w3,A1,random,random,False,0.055862585275134984,0.04585201121612511,0.010010574059009875,350.7192383056079,107.45108574954935
A1_w3,A1,random,random,False,0.020115432333846453,0.018940357891741363,0.0011750744421050903,296.13594225822516,14.014621326806896
A1_w3,A1,random,random,False,0.03481011296332974,0.04534942650443976,-0.01053931354111002,342.2229379483538,327.26517441629477
A1_w3,A1,random,random,False,0.011623233779880863,0.01138650093534736,0.0002367328445335038,243.79438348296193,51.449009815718135
A1_w3,A1,random,random,False,0.04311472312955186,0.05388726315982343,-0.010772540030271567,85.51899810396705,214.64094168478502
A1_w3,A1,random,random,False,0.00891976377965053,0.01863769961173632,-0.009717935832085788,279.6424072751516,314.00582505068826
A1_w3,A1,random,random,False,0.00624496492917907,0.03831172722923854,-0.03206676230005947,145.61141165031077,105.5347323508973
A1_w3,A1,random,random,False,0.00011855726992478735,0.01809069486615208,-0.017972137596227296,271.936813286399,232.61912797878156
A1_w3,A1,random,random,False,0.0037191979556994163,0.0160049119429684,-0.012285713987268986,174.1526670608106,67.06586377383533
A1_w3,A1,random,random,False,0.04461035709571201,0.03795901491241401,0.006651342183297999,44.2206676338635,240.2663383517308
A1_w3,A1,random,random,False,0.04049404746359896,0.025499384554747147,0.014994662908851816,212.23005200683042,182.58904210608458
A1_w3,A1,random,random,False,0.010907357249565883,0.031939217217779946,-0.021031859968214064,310.9318932830775,73.62341169274748
A1_w3,A1,random,random,False,0.04244333125563845,0.022610890774610395,0.019832440481028054,253.33042297326094,13.425138027305735
A1_w3,A1,random,random,False,0.041858736035762165,0.04444859796450772,-0.0025898619287455585,12.197187819511806,134.44623026203564
A1_w3,A1,random,random,False,0.018474413324213925,0.02109804041909041,-0.002623627094876485,288.4820454819483,226.46414993575743
A1_w3,A1,random,random,False,0.03356488934886629,0.04146436325801704,-0.007899473909150752,172.1031246179024,86.44986086168846
A1_w3,A1,random,random,False,0.020518187809500578,0.02022066823379671,0.00029751957570386955,263.55840600686304,173.2183274084562
A1_w3,A1,random,random,False,0.041674668771446245,0.038235184887455545,0.0034394838839907,171.9001613626932,263.7622239376704
A1_w3,A1,random,random,False,0.03585532230741839,0.03201746167222144,0.003837860635196949,76.42307084224856,171.9075654458183
A1_w3,A1,random,random,False,0.00941710855890961,0.002322339824509433,0.007094768734400177,56.48768181859847,4.738769116358744
A1_w3,A1,random,random,False,0.03354927021354083,0.03393936409648381,-0.00039009388294297676,268.3882118646213,122.64712507157118
A1_w3,A1,random,random,False,0.00977531812602644,0.03461535149304867,-0.02484003336702223,158.52828815417442,120.16854413385673
A1_w3,A1,random,random,False,0.006830137023074082,0.021737908227480406,-0.014907771204406325,320.752210535137,197.2901113286209
A1_w3,A1,random,random,False,0.008398973312708526,0.036210331268669,-0.027811357955960476,152.65034744002597,65.03706396748176
A1_w3,A1,random,random,False,0.029784515454487997,0.026975204633542343,0.002809310820945654,229.11441538949956,196.0868561695627
A1_w3,A1,random,random,False,0.03860134559411715,0.022465415464471086,0.01613593012964606,193.52710271418658,321.3307625632068
A1_w3,A1,random,random,False,0.04428469546302358,0.039390220298926734,0.004894475164096843,91.48069757374405,233.53083472346802
A1_w3,A1,random,random,False,0.043269368441537774,0.04159540560110183,0.0016739628404359441,234.00827027959247,267.3749690916821
A1_w3,A1,random,random,False,0.033321349305294325,0.0247614351992749,0.008559914106019424,31.43734885254192,113.86897915590612
A1_w3,A1,random,random,False,0.013403714679316388,0.018992935425612673,-0.005589220746296284,326.07776654859276,279.5348878626251
A1_w3,A1,random,random,False,0.014878426489274387,0.024498492712794244,-0.009620066223519857,211.0854422833841,237.81501978169885
A1_w3,A1,random,random,False,0.042726297815751074,0.03438537717581564,0.008340920639935433,139.73164255217242,264.58596260312805
A1_w3,A1,random,random,False,0.02540889491599419,0.027841680933766787,-0.002432786017772595,114.28659128750755,32.063862454730604
A1_w3,A1,random,random,False,0.040947578475646784,0.04064714320509217,0.0003004352705546151,155.18419268535047,171.28198201866076
A1_w3,A1,random,random,False,0.027242346563756126,0.026929109981395763,0.0003132365823603628,199.0988971498967,151.65102327385523
A1_w3,A1,random,random,False,0.027044267588790666,0.018870798753753786,0.00817346883503688,261.1420772206689,193.11864198709975
A1_w3,A1,random,random,False,0.01034289752468753,0.03617805014829419,-0.025835152623606663,117.91025672916439,130.45072644719463
A1_w3,A1,random,random,False,0.013547719534366823,0.017573685755753618,-0.004025966221386795,26.848695565203677,315.91317784262174
A1_w3,A1,random,random,False,0.01245357242686999,0.013147659696938421,-0.0006940872700684306,310.84850978230725,212.81564879459498
A1_w3,A1,random,random,False,0.038451310059678424,0.019461978834788545,0.01898933122488988,299.9728812880637,163.29794095760468
A1_w3,A1,random,random,False,0.04593391878419627,0.031859058491994746,0.014074860292201521,60.81469922513081,35.0162768959187
A1_w3,A1,random,random,False,0.020885728497019473,0.016997770383033007,0.0038879581139864665,338.84464879145605,265.2900726103971
A1_w3,A1,random,random,False,0.03807007559634019,0.030827331542208385,0.007242744054131802,203.04679640104723,184.52709684246517
A1_w3,A1,random,random,False,0.012709005983735299,0.011051451814924994,0.0016575541688103046,1.1444503365532797,26.184307542069206
A1_w3,A1,random,random,False,0.011529629312673045,0.02036579693852007,-0.008836167625847024,347.5906618853169,247.43303510015656
A1_w3,A1,random,random,False,0.03191400446897664,0.03334358678612161,-0.0014295823171449687,336.25727840466334,184.02339487049193
A1_w3,A1,random,random,False,0.03222543585299369,0.036371106652440685,-0.004145670799446992,326.6874161189304,39.637545652243425
A1_w3,A1,random,random,False,0.03886321323356498,0.03894023224702638,-7.701901346139628e-05,255.25585895270095,132.08944372652567
A1_w3,A1,random,random,False,0.05957421852195243,0.03312118469062875,0.026453033831323684,317.28984274245613,323.8703906244265
A1_w3,A1,random,random,False,0.0026764464330055592,0.00986606633484476,-0.0071896199018392,77.31531315744829,5.074895410524505
A1_w3,A1,random,random,False,0.03845097944050442,0.019766852962802173,0.018684126477702248,291.9883896450781,299.36561201364697
A1_w3,A1,random,random,False,0.05887290384141947,0.04916493561334095,0.009707968228078526,136.6885285133142,167.74687689118255
A1_w3,A1,random,random,False,0.03725725458071482,0.03697082819634446,0.0002864263843703613,360.87194435186404,215.55367586278103
A1_w3,A1,random,random,False,0.049776309255165616,0.04030601553554432,0.009470293719621298,79.89421245897648,233.10269676228748
A1_w3,A1,random,random,False,0.039934440246164965,0.02178596623608353,0.018148474010081433,1.6209662396438995,242.8413432885627
A1_w3,A1,random,random,False,0.02325674545857539,0.024543109968530933,-0.0012863645099555447,223.73559916053884,245.61741298069887
A1_w3,A1,random,random,False,0.02323434429749483,0.022673505653070334,0.0005608386444244974,249.76389748963373,222.07254130353505
A1_w3,A1,random,random,False,0.06313783589179214,0.040380954991841786,0.022756880899950357,301.31870341483943,73.15977787440792
A1_w3,A1,random,random,False,0.02460553028049937,0.010803184234254604,0.013802346046244767,83.83215921214385,1.0013380192237633
A1_w3,A1,random,random,False,0.021591839599942146,0.03739476270740869,-0.015802923107466546,60.529630964499155,156.72664012188164
A1_w3,A1,random,random,False,0.05138017394445706,0.049714435170811824,0.001665738773645238,285.34746057341476,79.78275488018937
A1_w3,A1,random,random,False,0.010433165228806223,0.011066639752233674,-0.0006334745234274509,140.4205132722394,351.1945265394875
A1_w3,A1,random,random,False,0.017193346967132518,0.009925986674907088,0.00726736029222543,92.72378535846417,20.816731124475012
A1_w3,A1,random,random,False,0.05593531097962958,0.03017137492588169,0.02576393605374789,344.00086975926314,203.43961161891468
A1_w3,A1,random,random,False,0.06095598682929314,0.030552876831980404,0.030403109997312733,313.82979476014,320.8814762298344
A1_w3,A1,random,random,False,0.05696415241995911,0.05263685356368375,0.004327298856275363,360.00710160938496,109.51097006599274
A1_w4,A1,manual,matched,True,0.05527733154168755,0.021920680655489893,0.03335665088619766,5.433174224343674,276.62132060461414
A1_w4,A1,manual,missed_both,False,0.03770565894412561,0.036577071941354775,0.0011285870027708325,17.65672235481304,268.5887032617343
A1_w4,A1,manual,matched,True,0.05335314903458549,0.03657041704676375,0.016782731987821743,5.782418456642802,252.5234685759745
A1_w4,A1,manual,matched,True,0.0540813026166869,0.04096504130471919,0.013116261311967713,18.355210819411298,255.31742243436756
A1_w4,A1,manual,matched,True,0.04892037280815802,0.04096119653688025,0.007959176271277776,35.81742243436754,238.2044550517104
A1_w4,A1,manual,matched,True,0.05372505946728467,0.04188143276449178,0.01184362670279289,52.93038981702466,240.6491646778043
A1_w4,A1,manual,matched,True,0.04990461904201771,0.043040410475283994,0.006864208566733719,35.11893396976929,254.26968973747017
A1_w4,A1,manual,matched,True,0.055594248633829994,0.032868569089922854,0.02272567954390714,34.420445505171045,266.4932378679395
A1_w4,A1,manual,matched,True,0.05420058524826797,0.0423073360801032,0.011893249168164768,50.48568019093078,267.890214797136
A1_w4,A1,manual,matched,True,0.06378745105971052,0.022788353236894994,0.04099909782281553,43.50079554494829,289.5433571996818
A1_w4,A1,manual,matched,True,0.05750772175569594,0.03498210814116982,0.022525613614526124,57.12132060461416,291.2895783611774
A1_w4,A1,manual,matched,True,0.051100989233780404,0.03748126259528808,0.013619726638492327,72.13882259347653,284.653937947494
A1_w4,A1,manual,missed_both,False,0.057356945134802675,0.03953987316311923,0.017817071971683446,68.29713603818615,269.63643595863164
A1_w4,A1,manual,missed_both,False,0.04836729551271374,0.04067557611755931,0.00769171939515443,70.04335719968178,261.6038186157518
A1_w4,A1,manual,matched,True,0.05326911197337627,0.041561158193732864,0.011707953779643406,61.31225139220365,255.31742243436756
A1_w4,A1,manual,matched,True,0.058471918099136634,0.04225125224400158,0.016220665855135055,79.47295147175815,242.74463007159903
A1_w4,A1,manual,matched,True,0.046855603053581746,0.034684457372606094,0.012171145680975652,98.68138424821,279.76451869530626
A1_w4,A1,manual,matched,True,0.054282956567234156,0.041236391936513454,0.013046564630720701,85.7593476531424,264.7470167064439
A1_w4,A1,manual,matched,True,0.04787438448318942,0.02816402864580994,0.019710355837379477,82.26690533015115,291.2895783611774
A1_w4,A1,manual,matched,True,0.05774579143446453,0.038744965124111186,0.019000826310353346,119.2867939538584,274.1766109785203
A1_w4,A1,manual,matched,True,0.05682247447555227,0.036493094866481335,0.020329379609070934,137.09824980111375,259.85759745425617
A1_w4,A1,manual,matched,True,0.062302885873052084,0.04192074043090495,0.020382145442147136,129.0656324582339,263.3500397772474
A1_w4,A1,manual,matched,True,0.05143410453344923,0.02042984704665986,0.03100425748678937,67.94789180588702,205.7247414478918
A1_w4,A1,manual,matched,True,0.06022100916479599,0.03921184408719509,0.0210091650776009,77.02824184566427,138.3206046141607
A1_w4,A1,manual,matched,True,0.05404887952147959,0.04224008403497179,0.011808795486507803,78.42521877486078,103.04693715194908
A1_w4,A1,manual,matched,True,0.06442898388204929,0.037498354781121734,0.026930629100927556,96.58591885441528,115.96897374701668
A1_w4,A1,manual,matched,True,0.05593596191211026,0.0343406449050013,0.021595317007108962,109.50795544948288,140.06682577565633
A1_w4,A1,manual,missed_both,False,0.03490759565027547,0.028529649243911867,0.006377946406363605,101.82458233890212,150.89339697692918
A1_w4,A1,manual,matched,True,0.04665703159946994,0.02199849561758771,0.02465853598188223,115.79435163086714,189.31026252983293
A1_w4,A1,manual,matched,True,0.051295751120035926,0.03854869979826453,0.012747051321771397,142.68615751789974,200.4860779634049
A1_w4,A1,manual,missed_both,False,0.04289634257244689,0.02684383935095413,0.01605250322149276,137.09824980111375,167.30787589498806
A1_w4,A1,manual,matched,True,0.042245881317733734,0.025719561073428997,0.016526320244304737,165.736276849642,189.31026252983293
A1_w4,A1,manual,matched,True,0.06384084316688075,0.023205401873375286,0.040635441293505464,149.67104216388225,90.47414478918058
A1_w4,A1,manual,matched,True,0.0499677679590031,0.014694063213032868,0.03527370474597023,180.0552903739061,70.56722354813047
A1_w4,A1,manual,missed_both,False,0.03530521321199183,0.020932409653006287,0.014372803558985542,192.6280827366746,71.61495624502784
A1_w4,A1,manual,missed_both,False,0.03646662160990687,0.0200277773380434,0.016438844271863474,202.4069212410501,74.05966587112171
A1_w4,A1,manual,matched,True,0.048032817469765676,0.020776023906691206,0.02725679356307447,215.32895783611767,81.39379474940334
A1_w4,A1,manual,missed_both,False,0.03841410226119769,0.02312872556986598,0.015285376691331707,231.74343675417657,90.47414478918058
A1_w4,A1,manual,matched,True,0.045152602158079626,0.019264425048666153,0.025888177109413473,246.06245027844076,101.99920445505172
A1_w4,A1,manual,missed_both,False,0.041676710642628366,0.01611215559341977,0.025564555049208595,257.2382657120127,106.53937947494032
A1_w4,A1,manual,matched,True,0.050296424249215495,0.02307969434476464,0.027216729904450856,138.8444709626094,68.82100238663485
A1_w4,A1,manual,matched,True,0.060333928707439755,0.029766778033863753,0.030567150673576002,84.71161495624503,62.5346062052506
A1_w4,A1,manual,matched,True,0.06654196373473763,0.030566556721524783,0.03597540701321285,70.3926014319809,47.16785998408909
A1_w4,A1,manual,matched,True,0.05113307776622373,0.020517683362523943,0.030615394403699786,90.99801113762928,181.27764518695307
A1_w4,A1,manual,missed_both,False,0.028578687979613875,0.02454262286739075,0.004036065112223125,90.64876690533016,167.30787589498806
A1_w4,A1,manual,matched,True,0.05550558235836154,0.02211956696547632,0.033386015392885215,142.33691328560062,228.07637231503577
A1_w4,A1,manual,matched,True,0.06577293421429371,0.020692532080284258,0.045080402134009455,9.274860779634048,324.81702466189336
A1_w4,A1,manual,matched,True,0.042751520947254235,0.02361303845442647,0.019138482492827763,27.086316626889413,337.04057279236275
A1_w4,A1,manual,matched,True,0.04222466597222717,0.02037398601358206,0.02185067995864511,45.94550517104216,342.27923627684964
A1_w4,A1,manual,matched,True,0.03579738869626943,0.021133867892277117,0.014663520803992313,58.51829753381065,351.708830548926
A1_w4,A1,manual,matched,True,0.04906198884492978,0.030835012617746915,0.018226976227182865,41.75457438345266,356.2490055688146
A1_w4,A1,manual,matched,True,0.046614253014425316,0.03210161743916444,0.014512635575260877,20.799920445505165,357.6459824980111
A1_w4,A1,manual,matched,True,0.045910598309497626,0.033744048347682694,0.012166549961814932,16.60898965791567,347.86714399363564
A1_w4,A1,manual,matched,True,0.055309273377507906,0.04132814852902306,0.01398112484848485,2.9884645982497986,337.04057279236275
A1_w4,A1,manual,matched,True,0.05387986251826014,0.04333205072669506,0.010547811791565075,1.2422434367541726,349.2641209228321
A1_w4,A1,manual,matched,True,0.06108758970961098,0.03979878032694541,0.02128880938266557,4.734685759745425,361.1384248210024
A1_w4,A1,manual,matched,True,0.05047417243426047,0.02633149947853733,0.024142672955723143,272.6050119331742,353.4550517104216
A1_w4,A1,manual,matched,True,0.06655942572576354,0.03212143448450504,0.0344379912412585,253.39657915672237,352.4073190135243
A1_w4,A1,manual,matched,True,0.0626892786849604,0.030397483257487666,0.03229179542747273,251.65035799522676,335.64359586316624
A1_w4,A1,manual,matched,True,0.037273655897950134,0.032892870897278575,0.004380785000671558,239.7760540970565,325.1662688941925
A1_w4,A1,manual,matched,True,0.03522327794577636,0.008278319069635774,0.02694495887614058,272.95425616547334,278.01829753381065
A1_w4,A1,manual,matched,True,0.06724156319181686,0.019319233576455812,0.047922329615361046,293.2104216388226,261.2545743834527
A1_w4,A1,manual,missed_both,False,0.04239468221222652,0.0313812837958965,0.01101339841633002,305.7832140015911,245.8878281622912
A1_w4,A1,manual,matched,True,0.03576983764155004,0.01640971773069109,0.01936011991085895,301.24303898170245,230.52108194112964
A1_w4,A1,manual,matched,True,0.04610636841142882,0.03218181735378046,0.013924551057648366,303.6877486077963,303.8623707239459
A1_w4,A1,manual,matched,True,0.038742380127598244,0.04342084307478849,-0.004678462947190244,319.05449482895784,281.1614956245028
A1_w4,A1,manual,matched,True,0.0629624530135954,0.03624355426828413,0.026718898745311276,324.99164677804293,266.1439936356404
A1_w4,A1,manual,matched,True,0.04535546044611991,0.042134878988103974,0.003220581458015938,331.62728719172634,254.96817820206843
A1_w4,A1,manual,missed_both,False,0.038950930460548074,0.036285878530490874,0.0026650519300571995,331.2780429594272,240.6491646778043
A1_w4,A1,manual,matched,True,0.06187487689748976,0.02934322826069405,0.03253164863679571,351.88345266507554,226.33015115354016
A1_w4,A1,manual,matched,True,0.060969821282047365,0.014635652077043745,0.04633416920500362,343.1523468575974,201.5338106603023
A1_w4,A1,manual,matched,True,0.04517242255678239,0.020987601094124706,0.02418482146265768,330.9287987271281,178.48369132856004
A1_w4,A1,manual,matched,True,0.06424730690642201,0.019101241355073344,0.04514606555134867,325.3408910103421,191.4057279236277
A1_w4,A1,manual,missed_both,False,0.030416413101643617,0.015065101816306142,0.015351311285337475,326.73786793953855,164.16467780429593
A1_w4,A1,manual,matched,True,0.03179031188635788,0.030072857181356584,0.0017174547050012937,307.18019093078755,150.19490851233093
A1_w4,A1,manual,matched,True,0.049097358881294725,0.013439288283813198,0.03565807059748153,316.6097852028639,143.55926809864758
A1_w4,A1,manual,matched,True,0.014363446470219544,0.0015778553142602706,0.012785591155959274,312.06961018297534,39.484486873508345
A1_w4,A1,manual,matched,True,0.025450264417167124,0.0032545663750146335,0.02219569804215249,314.16507557677005,14.33890214797136
A1_w4,A1,manual,matched,True,0.010197838253286226,9.504861273375005e-05,0.010102789640552477,338.96141607000794,41.5799522673031
A1_w4,A1,manual,matched,True,0.038084844192137854,0.00023291672724350034,0.03785192746489435,358.1698488464598,8.401750198886234
A1_w4,A1,manual,matched,True,0.02297903347021194,0.0002429185714841285,0.022736114898727813,347.69252187748606,69.86873508353221
A1_w4,A1,manual,matched,True,0.028819231916227254,0.0009073569123587103,0.027911875003868544,256.19053301511536,4.21081941129674
A1_w4,A1,manual,matched,True,0.024668971250675405,0.0016458821343197682,0.023023089116355637,255.8412887828162,32.15035799522673
A1_w4,A1,manual,matched,True,0.039095051643358227,0.004396484612414868,0.03469856703094336,210.0902943516309,6.306284805091487
A1_w4,A1,manual,matched,True,0.0282631648695037,0.008758167747630774,0.019504997121872925,194.0250596658711,18.180588703261733
A1_w4,A1,manual,matched,True,0.0507737592570457,0.005105724795167547,0.04566803446187815,157.70365950676214,16.08512330946698
A1_w4,A1,manual,missed_both,False,0.04977270133954281,0.01180155446683565,0.03797114687270716,156.30668257756562,53.80350039777247
A1_w4,A1,manual,missed_both,False,0.05365912011617047,0.01673879718203231,0.03692032293413816,148.27406523468576,56.24821002386635
A1_w4,A1,manual,matched,True,0.06008310796559415,0.022336910225205044,0.037746197740389106,93.79196499602229,15.38663484486873
A1_w4,A1,manual,matched,True,0.04057169829283117,0.02555116125791536,0.015020537034915814,103.57080350039776,29.35640413683373
A1_w4,A1,manual,missed_both,False,0.03523921933578594,0.025812546812870065,0.009426672522915878,103.57080350039776,17.482100238663485
A1_w4,A1,manual,missed_both,False,0.03677751401141305,0.021539329947305515,0.015238184064107534,95.887430389817,90.47414478918058
A1_w4,A1,manual,matched,True,0.03481714166487887,0.016084464933274367,0.018732676731604503,121.033015115354,110.3810660302307
A1_w4,A1,manual,matched,True,0.03825137854483986,0.03121248643747129,0.007038892107368574,138.49522673031026,130.63723150357995
A1_w4,A1,manual,matched,True,0.06301677486033815,0.036158580134156265,0.02685819472618188,318.00676213206043,334.5958631662689
A1_w4,A1,manual,matched,True,0.05814736442627136,0.03894640393873307,0.01920096048753829,310.6726332537788,348.5656324582339
A1_w4,A1,manual,missed_both,False,0.060906761837637526,0.031701244768109954,0.02920551706952757,316.6097852028639,360.7891805887032
A1_w4,A1,random,random,False,0.004159953351734801,0.009118823948515813,-0.0049588705967810115,178.99124248801527,269.6030762395761
A1_w4,A1,random,random,False,0.02782595168411475,0.013933076654621207,0.013892875029493542,350.82749137691627,319.1359849326275
A1_w4,A1,random,random,False,0.026343938193951876,0.017171518397284657,0.00917241979666722,7.701473936997216,74.7359159926053
A1_w4,A1,random,random,False,0.057329733097832465,0.022226568401009214,0.03510316469682325,29.186606907667898,201.44020976397226
A1_w4,A1,random,random,False,0.0029504323080793413,0.008837922461966097,-0.005887490153886756,178.92342594576886,252.91098671625778
A1_w4,A1,random,random,False,0.00245785566427438,0.005118778115195546,-0.002660922450921166,12.603004761926663,128.56530479035325
A1_w4,A1,random,random,False,0.04713696716531365,0.03417094693843942,0.01296602022687423,80.30225055293322,144.6427208911824
A1_w4,A1,random,random,False,0.0040939502145243495,0.023897117374937833,-0.019803167160413485,297.32470039194874,221.202100713636
A1_w4,A1,random,random,False,0.020139604436466677,0.01596314699610221,0.004176457440364469,56.16165143454681,6.26845602841502
A1_w4,A1,random,random,False,0.04096588774849356,0.03295546765460745,0.008010420093886111,103.19405602298353,114.65306036330963
A1_w4,A1,random,random,False,0.0014763229910890018,0.0036609073884683904,-0.0021845843973793888,278.3015215206169,84.60865511123276
A1_w4,A1,random,random,False,0.024818492586212763,0.0295215298396374,-0.004703037253424636,242.83745447042014,348.35503854556254
A1_w4,A1,random,random,False,0.046665509494489804,0.03786425484740674,0.008801254647083062,42.68529806656381,231.78134657710277
A1_w4,A1,random,random,False,0.027294884168353503,0.031082497352999117,-0.0037876131846456135,126.89280053455329,162.0836219231171
A1_w4,A1,random,random,False,0.0005377804482449869,0.007475552467276505,-0.006937772019031518,276.7766478667786,307.6447013318082
A1_w4,A1,random,random,False,0.0,0.005555295336006882,-0.005555295336006882,351.2481881060552,55.61977572211858
A1_w4,A1,random,random,False,0.010706957187424935,0.024509798625115944,-0.01380284143769101,287.0737045903328,238.4987619221852
A1_w4,A1,random,random,False,0.011634492773459841,0.03362365319707774,-0.0219891604236179,150.5485451730587,70.71086395710155
A1_w4,A1,random,random,False,0.04821828636603886,0.04880311154457206,-0.0005848251785331993,83.23508948613365,129.92018803279348
A1_w4,A1,random,random,False,0.004004199452086342,0.006153153820748581,-0.0021489543686622386,188.98807481472664,271.1507769532504
A1_w4,A1,random,random,False,0.00028861631668724544,0.012953884613323337,-0.012665268296636091,342.2185244554853,341.82113323392286
A1_w4,A1,random,random,False,0.013389906940140233,0.03714046926628893,-0.023750562326148698,264.71923119620794,337.0888340192137
A1_w4,A1,random,random,False,0.008173247207335737,0.01960784396536528,-0.011434596758029544,99.60174258562844,61.071960140041824
A1_w4,A1,random,random,False,0.0012972092528880821,0.00837772658251583,-0.007080517329627747,125.4897693507282,45.892566311356504
A1_w4,A1,random,random,False,0.003786265008626903,0.028220112275803046,-0.024433847267176144,71.45670369063534,30.514690447589576
A1_w4,A1,random,random,False,0.000663817660816452,0.00043817638475104133,0.00022564127606541072,348.03791720561316,125.49427850953585
A1_w4,A1,random,random,False,0.004842845181938482,0.005946598947414124,-0.001103753765475642,247.22385931706492,43.52585400603526
A1_w4,A1,random,random,False,0.007419192514319053,0.008794695219303133,-0.0013755027049840796,354.2500892928113,337.4547213974877
A1_w4,A1,random,random,False,0.0010185706462254515,0.006200679226780591,-0.005182108580555139,226.59924711331107,63.3984846024377
A1_w4,A1,random,random,False,0.015365498432664174,0.018456154079930134,-0.0030906556472659608,63.929715227154325,303.5251101200064
A1_w4,A1,random,random,False,0.0003189777645108894,0.0018232043367609424,-0.001504226572250053,311.554025513267,45.467900055389876
A1_w4,A1,random,random,False,0.0023134090898198835,0.010037179358737559,-0.007723770268917676,180.37106984988196,249.79473554882557
A1_w4,A1,random,random,False,0.017220856736081577,0.032585925004896404,-0.015365068268814827,270.5828819078455,198.9566329937212
A1_w4,A1,random,random,False,0.030448608923835448,0.02891531691769246,0.0015332920061429875,244.01464612327942,330.5500385132255
A1_w4,A1,random,random,False,0.0012510026466444463,0.010582580335596737,-0.009331577688952292,117.37986605111253,79.07393654764087
A1_w4,A1,random,random,False,0.018442649980867726,0.023499907932831698,-0.005057257951963972,286.23035937895503,242.99494055919604
A1_w4,A1,random,random,False,0.00015688343667788444,0.0001886792389064918,-3.179580222860737e-05,361.8430451289287,131.78591078742193
A1_w4,A1,random,random,False,0.05048402925950345,0.03339308629919238,0.01709094296031107,141.25781349018897,188.88982723048625
A1_w4,A1,random,random,False,0.02322936313414389,0.025730008445374992,-0.0025006453112311026,225.96697355059075,244.62606215750117
A1_w4,A1,random,random,False,0.03598499730097755,0.04090399152755151,-0.004918994226573957,70.49433187037732,242.66803685108965
A1_w4,A1,random,random,False,0.0,0.006797805220477071,-0.006797805220477071,247.9849602973489,11.213711976941788
A1_w4,A1,random,random,False,0.03308954647818579,0.02160402828872538,0.011485518189460406,232.92577813966003,86.63812718510617
A1_w4,A1,random,random,False,0.004594461316385684,0.006861386902643567,-0.002266925586257883,62.96277145027304,317.89483632360026
A1_w4,A1,random,random,False,0.004370752793337011,0.012210784715024254,-0.007840031921687243,251.1123111186244,140.79141282039376
A1_w4,A1,random,random,False,0.048858955052619175,0.023788117805228114,0.02507083724739106,277.60186222624685,347.5686688420901
A1_w4,A1,random,random,False,0.0051023779993317865,0.0077916383982486,-0.0026892603989168134,31.2757223062677,7.983585564687598
A1_w4,A1,random,random,False,0.030898335588437117,0.05102826549230833,-0.020129929903871212,76.81438081279047,253.43582137392517
A1_w4,A1,random,random,False,0.009634427801745072,0.018238137278001422,-0.00860370947625635,154.18647484082166,281.228243868296
A1_w4,A1,random,random,False,0.027953548643076125,0.007955525405059503,0.019998023238016624,144.47362003893227,2.378173358635626
A1_w4,A1,random,random,False,0.00890275923791524,0.007679650373389441,0.0012231088645257978,19.478689633386477,147.96317247909067
A1_w4,A1,random,random,False,0.007888613193732599,0.010791824462712617,-0.002903211268980018,85.726555196019,309.4434165249786
A1_w4,A1,random,random,False,0.03066460056948493,0.019640349542380198,0.011024251027104734,220.1232269415954,76.76914083814704
A1_w4,A1,random,random,False,0.0007246734302282146,0.008820222106575315,-0.008095548676347101,348.07310212699616,176.79863009451196
A1_w4,A1,random,random,False,0.027411163643240262,0.02843297542857365,-0.0010218117853333895,210.4400317761333,95.91649287338657
A1_w4,A1,random,random,False,0.017597278325443735,0.00822516823237544,0.009372110093068296,16.94707692274739,21.869956408169433
A1_w4,A1,random,random,False,0.0019322185487778963,0.007680901634918689,-0.005748683086140793,1.4817548482675686,157.64508890931302
A1_w4,A1,random,random,False,7.267844134635896e-07,0.0010488747456458977,-0.001048147961232434,331.4346450163069,89.35190499524676
A1_w4,A1,random,random,False,0.014559631488566907,0.008501911539150973,0.006057719949415934,64.2856664811412,22.736894593557626
A1_w4,A1,random,random,False,0.01083630576287161,0.013767337269768106,-0.002931031506896496,144.36708693686003,301.08234688487954
A1_w4,A1,random,random,False,0.00040244200275687923,0.007082697685373737,-0.0066802556826168575,124.56361907390533,39.95679135178127
A1_w4,A1,random,random,False,0.002819885187125474,0.01181121804613735,-0.008991332859011875,177.1894642242039,248.93828812212635
A1_w4,A1,random,random,False,0.005344601928186413,0.004919331229967212,0.00042527069821920137,206.0966796494356,148.58643720415574
A1_w4,A1,random,random,False,0.020406424260508767,0.018970954440686125,0.001435469819822642,284.836825301876,273.83761602931514
A1_w4,A1,random,random,False,0.043328984613946665,0.010872373925516652,0.03245661068843001,64.62521774662562,1.890437350080037
A1_w4,A1,random,random,False,0.0614207082666625,0.03494650080625205,0.026474207460410452,54.61847752938634,174.64574471459713
A1_w4,A1,random,random,False,0.01202600959021054,0.014601825893526684,-0.002575816303316143,255.4206372582291,144.92040594212662
A1_w4,A1,random,random,False,0.04373957619253472,0.011160626433447438,0.03257894975908728,7.671140227515453,190.31217877104973
A1_w4,A1,random,random,False,0.004251239234540635,0.012518881685657717,-0.008267642451117083,6.229529587283449,9.932708917075214
A1_w4,A1,random,random,False,0.0011375647653959799,0.003835331586227315,-0.002697766820831335,346.7158005924819,155.17705551721977
A1_w4,A1,random,random,False,0.03642127459830583,0.047772251187958165,-0.011350976589652333,0.06103629432082669,260.6458960172385
A1_w4,A1,random,random,False,0.015534610549675774,0.014433954808687444,0.0011006557409883305,62.412485925059336,9.9894300887976
A1_w4,A1,random,random,False,0.0028073773557075695,0.008050646367229004,-0.005243269011521435,207.3919901952917,271.98445099869065
A1_w4,A1,random,random,False,0.0124388065834309,0.01160585274715307,0.0008329538362778291,346.9608721994033,353.13410471194663
A1_w4,A1,random,random,False,0.010385166532769309,0.023011553843130885,-0.012626387310361576,91.87272630595162,161.53520853677054
A1_w4,A1,random,random,False,0.0036508211661285435,0.006587505276282126,-0.0029366841101535826,204.48119984481343,284.54427009237656
A1_w4,A1,random,random,False,0.047311791122240474,0.03873172123637097,0.008580069885869505,97.31582482932392,254.8990326910721
A1_w4,A1,random,random,False,0.050582422129786954,0.03448996367768229,0.016092458452104663,130.92913386526237,258.41405352754873
A1_w4,A1,random,random,False,0.0009198685534033927,0.0027991782310987858,-0.001879309677695393,216.63778300679257,43.708574991958024
A1_w4,A1,random,random,False,0.026603650158259325,0.033603004723416895,-0.006999354565157569,24.628426618654128,217.42669736444043
A1_w4,A1,random,random,False,0.03656836366190941,0.03747527045444767,-0.0009069067925382632,129.69579874994818,139.8312597490582
A1_w4,A1,random,random,False,0.039201574099995765,0.010420804384243715,0.02878076971575205,6.2100150016426054,190.08579982107224
A1_w4,A1,random,random,False,0.026951094029868016,0.02371844656488876,0.0032326474649792547,300.81200370244426,162.93538094010034
A1_w4,A1,random,random,False,0.0459876736778495,0.029627771353638428,0.01635990232421107,32.12761250065627,272.9346605289508
A1_w4,A1,random,random,False,0.04470686666344046,0.02279216409954492,0.02191470256389554,5.997047491929836,328.4014394890555
A1_w4,A1,random,random,False,0.0001554747462647756,0.013766603278510198,-0.013611128532245423,152.9168050088177,36.862446429098135
A1_w4,A1,random,random,False,0.015079892650964787,0.02309188069395613,-0.008011988042991344,352.6275433478274,293.1285818912936
A1_w4,A1,random,random,False,0.019545577641144184,0.018860744303598905,0.0006848333375452792,261.9180722839939,191.26597378042015
A1_w4,A1,random,random,False,0.0038074306383177456,0.0029256934069255723,0.0008817372313921733,198.45273488862347,35.458861424807516
A1_w4,A1,random,random,False,0.015340206546618615,0.019391125575980633,-0.004050919029362018,17.809599763111283,61.56515979481139
A1_w4,A1,random,random,False,0.0516672729896322,0.04194847717658131,0.009718795813050893,53.491098667579514,237.8771006345363
A1_w4,A1,random,random,False,0.017611597713506642,0.024788597617627053,-0.00717699990412041,45.67457330544253,97.98985451632824
A1_w4,A1,random,random,False,0.03273148691608116,0.028057525065294957,0.004673961850786203,273.91951026923084,189.24636184738029
A1_w4,A1,random,random,False,0.025088653380457602,0.033690248752175925,-0.008601595371718323,299.1878338790236,335.8026188193706
A1_w4,A1,random,random,False,0.00022049742819162658,0.01428557502045723,-0.014065077592265603,190.25411860823618,56.346935750753204
A1_w4,A1,random,random,False,0.008356199009549566,0.016914530975135005,-0.008558331965585439,113.92397132187463,364.8208972599368
A1_w4,A1,random,random,False,0.0,0.001975206449309287,-0.001975206449309287,334.44508734756477,48.71764624203145
A1_w4,A1,random,random,False,0.015714133030241748,0.03733479705299623,-0.02162066402275448,30.98796816078841,352.8062639913778
A2_w1,A2,manual,matched,True,0.03124648516507807,0.014308804189259,0.016937680975819068,13.30389817024662,417.97533810660303
A2_w1,A2,manual,matched,True,0.05098445974226284,0.015247706553326034,0.03573675318893681,36.52108194112968,377.2434367541766
A2_w1,A2,manual,missed_both,True,0.02510561488044747,0.014413509557560053,0.010692105322887417,8.416070007955447,356.4701670644391
A2_w1,A2,manual,matched,True,0.028767415725260446,0.011921715414937702,0.016845700310322745,9.638027048528244,330.40175019888625
A2_w1,A2,manual,matched,True,0.028604700688418486,0.007240327558798895,0.021364373129619592,24.30151153540175,277.4502784407319
A2_w1,A2,manual,missed_both,False,0.022626695259411165,0.0053120410462172115,0.017314654213193954,8.416070007955447,214.7231503579952
A2_w1,A2,manual,matched,True,0.02190251600769664,0.00565335187367449,0.016249164134022148,30.41129673826572,132.44470962609387
A2_w1,A2,manual,matched,True,0.030672396102588654,0.008380024046639201,0.02229237205594945,20.635640413683376,84.78838504375497
A2_w1,A2,manual,matched,True,0.02270249627176388,0.009500491816646934,0.013202004455116947,62.589498806682585,90.0835322195704
A2_w1,A2,manual,missed_both,True,0.02185974946643323,0.011469639991004487,0.010390109475428743,66.66268894192523,57.09069212410502
A2_w1,A2,manual,matched,True,0.02090601666578969,0.005321173016476957,0.015584843649312733,21.4502784407319,11.470962609387428
A2_w1,A2,manual,matched,True,0.05524111997537574,0.0284784168956841,0.026762703079691638,115.13365155131264,180.10103420843276
A2_w1,A2,manual,matched,True,0.06290888796054485,0.019471729907877208,0.04343715805266764,178.2680986475736,115.3373110580748
A2_w1,A2,manual,matched,True,0.04141190594860848,0.01609232792277523,0.02531957802583325,179.49005568814638,60.756563245823386
A2_w1,A2,manual,matched,True,0.04096106220206388,0.02915493907397488,0.011806123128089,176.23150357995226,85.19570405727923
A2_w1,A2,manual,matched,True,0.03047642339681565,0.01177946808966449,0.01869695530715116,79.69689737470168,234.68178202068415
A2_w1,A2,manual,missed_both,True,0.017027602308278194,0.012844355706356024,0.00418324660192217,109.43118536197296,244.8647573587908
A2_w1,A2,manual,matched,True,0.04318987199679975,0.019210487498920927,0.023979384497878824,71.14319809069212,280.30151153540174
A2_w1,A2,manual,matched,True,0.035283125935010755,0.019108816955803548,0.016174308979207207,67.47732696897374,338.14081145584726
A2_w1,A2,manual,missed_both,True,0.0298965922771344,0.02520579935812274,0.004690792919011658,71.55051710421638,312.0723945902944
A2_w1,A2,manual,missed_both,True,0.02143198614997789,0.022257730268282476,-0.0008257441183045847,33.26252983293556,432.6388225934765
A2_w1,A2,manual,matched,True,0.018529581219085475,0.017733105497450188,0.0007964757216352876,58.9236276849642,433.45346062052505
A2_w1,A2,manual,missed_both,False,0.02417070135489018,0.014983455536052353,0.009187245818837826,48.7406523468576,418.3826571201273
A2_w1,A2,manual,matched,True,0.045666610319968395,0.0180716717190776,0.027594938600890795,97.21161495624504,384.57517899761336
A2_w1,A2,manual,matched,True,0.028152424775373865,0.030155947819688337,-0.0020035230443144723,146.90453460620526,425.714399363564
A2_w1,A2,manual,missed_both,False,0.028764495317822894,0.019028011805757094,0.0097364835120658,121.2434367541766,412.2728719172633
A2_w1,A2,manual,missed_both,False,0.03872592350923369,0.03087520932106785,0.007850714188165842,166.8631662688942,388.24105011933176
A2_w1,A2,manual,missed_both,False,0.037304930069748964,0.027917624438874224,0.00938730563087474,144.86793953858393,377.6507557677009
A2_w1,A2,manual,missed_both,False,0.038273378393383045,0.029933041349766112,0.008340337043616933,125.72394590294353,367.4677804295943
A2_w1,A2,manual,missed_both,False,0.0362295082680592,0.035347620415284824,0.0008818878527743768,184.37788385043757,400.0533015115354
A2_w1,A2,manual,matched,True,0.03209625342448316,0.036040998162050614,-0.003944744737567452,182.34128878281624,428.5656324582339
A2_w1,A2,manual,missed_both,False,0.038403950636112814,0.03651829099204651,0.001885659644066305,202.2999204455052,408.1996817820207
A2_w1,A2,manual,matched,True,0.027957655599938985,0.03442011148815292,-0.006462455888213932,227.14638027048528,424.085123309467
A2_w1,A2,manual,matched,True,0.03633418637171627,0.034501296594385694,0.0018328897773305791,227.55369928400955,391.0922832140016
A2_w1,A2,manual,missed_both,True,0.03307551553753018,0.033645803492704775,-0.0005702879551745949,127.76054097056485,312.4797136038186
A2_w1,A2,manual,matched,True,0.04110645814001529,0.030214248399758767,0.010892209740256523,166.8631662688942,314.51630867144
A2_w1,A2,manual,matched,True,0.0483021489668768,0.02857744832296169,0.019724700643915107,175.41686555290374,291.70644391408115
A2_w1,A2,manual,matched,True,0.04616615634209096,0.03399856968051675,0.012167586661574206,201.48528241845665,301.07478122513925
A2_w1,A2,manual,matched,True,0.039579382288903106,0.033918013149739655,0.005661369139163451,172.97295147175817,269.3038981702466
A2_w1,A2,manual,matched,True,0.05183976972655143,0.028792456617526465,0.023047313109024966,176.63882259347653,247.30867143993635
A2_w1,A2,manual,matched,True,0.04796584927015594,0.03196082601131444,0.016005023258841497,199.4486873508353,252.1964996022275
A2_w1,A2,manual,matched,True,0.051443395425650226,0.025910015270286208,0.025533380155364018,229.99761336515516,224.9061256961018
A2_w1,A2,manual,matched,True,0.047344574555249576,0.033494003310160864,0.013850571245088712,246.69769291965,240.79156722354816
A2_w1,A2,manual,matched,True,0.036582462870575955,0.03332410670268792,0.0032583561678880338,269.914876690533,264.8233890214797
A2_w1,A2,manual,matched,True,0.03299312557057513,0.030761314088719745,0.002231811481855382,224.7024661893397,251.7891805887033
A2_w1,A2,manual,matched,True,0.041370160577302015,0.03249718430601225,0.008872976271289766,234.07080350039772,269.3038981702466
A2_w1,A2,manual,matched,True,0.02896379064655505,0.03581534550330289,-0.006851554856747842,265.8416865552904,275.4136833731106
A2_w1,A2,manual,matched,True,0.03832551038671316,0.035570693190158785,0.0027548171965543766,276.8392999204455,296.5942720763723
A2_w1,A2,manual,matched,True,0.0314372448898633,0.036345889285454715,-0.0049086443955914175,305.351630867144,299.85282418456643
A2_w1,A2,manual,missed_both,False,0.03482442770343677,0.03546402934382514,-0.0006396016403883709,319.2004773269689,294.557677008751
A2_w1,A2,manual,missed_both,False,0.02873274549471779,0.03263588668588138,-0.0039031411911635908,251.9928400954654,369.5043754972156
A2_w1,A2,manual,missed_both,False,0.037856203886779634,0.03140828526226563,0.006447918624514007,194.96817820206843,361.3579952267304
A2_w1,A2,manual,missed_both,False,0.04347350571074417,0.036493464229912786,0.006980041480831381,215.74144789180588,338.14081145584726
A2_w1,A2,manual,missed_both,False,0.04115953587672347,0.039708255707091085,0.0014512801696323838,215.74144789180588,327.1431980906921
A2_w1,A2,manual,missed_both,False,0.03789465601550534,0.037783233035415274,0.00011142298009006457,205.15115354017505,314.51630867144
A2_w1,A2,manual,matched,True,0.04345095815014875,0.03242851455369349,0.01102244359645526,166.8631662688942,351.1750198886237
A2_w1,A2,manual,missed_both,True,0.03692271538347286,0.03270466115487638,0.004218054228596481,156.27287191726333,338.5481304693716
A2_w1,A2,manual,missed_both,False,0.03559975953086714,0.03417872842753879,0.001421031103328349,271.5441527446301,411.8655529037391
A2_w1,A2,manual,missed_both,False,0.0464097424625739,0.03554484900845966,0.01086489345411424,258.1026252983294,432.2315035799523
A2_w1,A2,manual,matched,True,0.05075550844454848,0.0350019868006656,0.015753521643882877,271.5441527446301,386.2044550517104
A2_w1,A2,manual,missed_both,False,0.04694373380298927,0.03782534707556171,0.009118386727427555,278.8758949880668,375.20684168655526
A2_w1,A2,manual,matched,True,0.04503113681649482,0.03292336700387761,0.012107769812617214,303.31503579952266,415.1241050119332
A2_w1,A2,manual,matched,True,0.04151483742624177,0.034930956386749396,0.006583881039492374,338.75178997613364,431.824184566428
A2_w1,A2,manual,matched,True,0.04398797307812561,0.03553553229234576,0.00845244078577985,342.8249801113763,412.2728719172633
A2_w1,A2,manual,matched,True,0.030194115953912616,0.03185785455136395,-0.0016637385974513363,359.52505966587114,435.0827366746221
A2_w1,A2,manual,matched,True,0.030623338404150137,0.031696802323447064,-0.001073463919296927,375.8178202068417,435.4900556881464
A2_w1,A2,manual,matched,True,0.033562777796015915,0.03386924388666645,-0.000306466090650534,379.0763723150358,419.60461416070007
A2_w1,A2,manual,missed_both,False,0.043412468071214044,0.03383930479821847,0.009573163272995573,400.6642800318218,424.085123309467
A2_w1,A2,manual,missed_both,True,0.04166323388884767,0.03160629292949861,0.010056940959349059,427.5473349244232,401.68257756563247
A2_w1,A2,manual,missed_both,False,0.030984073462853225,0.031006633605074854,-2.2560142221628166e-05,401.4789180588703,391.4996022275258
A2_w1,A2,manual,missed_both,False,0.03716108626802321,0.03139554590456782,0.00576554036345539,370.5226730310263,378.4653937947494
A2_w1,A2,manual,matched,True,0.03514983262865812,0.03026624005049677,0.004883592578161348,428.769291964996,369.09705648369135
A2_w1,A2,manual,matched,True,0.04343484259195398,0.03213016813972226,0.011304674452231718,339.1591089896579,367.4677804295943
A2_w1,A2,manual,matched,True,0.04764394306457575,0.0329208097857254,0.014723133278850352,371.74463007159903,356.8774860779634
A2_w1,A2,manual,missed_both,False,0.036299147061249995,0.038354591810362014,-0.002055444749112019,302.5003977724742,328.36515513126494
A2_w1,A2,manual,matched,True,0.03007770981537206,0.03453340396639855,-0.0044556941510264896,284.17104216388225,338.14081145584726
A2_w1,A2,manual,matched,True,0.02768924204620129,0.034622018964203694,-0.006932776918002405,262.175815433572,322.25536992840097
A2_w1,A2,manual,missed_both,False,0.033250059878882646,0.03626888243338484,-0.0030188225545021916,282.13444709626094,313.29435163086714
A2_w1,A2,manual,missed_both,False,0.033983707503760514,0.033820878736465276,0.00016282876729523804,265.02704852824183,303.92601431980904
A2_w1,A2,manual,matched,True,0.02723529616837846,0.03167064803646129,-0.004435351868082828,356.6738265712013,273.3770883054893
A2_w1,A2,manual,matched,True,0.033963357126397184,0.033966261257106854,-2.9041307096702718e-06,403.9228321400159,302.296738265712
A2_w1,A2,manual,matched,True,0.03544865587133494,0.031825712864343526,0.003622943006991411,358.7104216388226,310.035799522673
A2_w1,A2,manual,matched,True,0.03665400741405244,0.032247042603754696,0.004406964810297745,396.9984089101034,333.2529832935561
A2_w1,A2,manual,matched,True,0.036024028961907456,0.03169135573729179,0.0043326732246156685,330.6054097056484,266.0453460620525
A2_w1,A2,manual,matched,True,0.03894360348057316,0.03381652604853962,0.005127077432033535,316.7565632458234,245.27207637231504
A2_w1,A2,manual,matched,True,0.03454644285405251,0.03573703989424658,-0.001190597040194065,284.17104216388225,218.79634049323784
A2_w1,A2,manual,matched,True,0.0419733690433053,0.03372671034793241,0.008246658695372888,304.9443118536197,228.97931583134448
A2_w1,A2,manual,matched,True,0.03647904055369882,0.03253827688203751,0.00394076367166131,273.5807478122514,231.01591089896576
A2_w1,A2,manual,missed_both,False,0.031637677274991526,0.028726461679933653,0.0029112155950578728,313.9053301511535,210.64996022275255
A2_w1,A2,manual,matched,True,0.03908481333344031,0.030906165355724234,0.008178647977716079,361.9689737470167,242.4208432776452
A2_w1,A2,manual,matched,True,0.04114982687783286,0.03452013462502842,0.006629692252804444,358.7104216388226,222.8695306284805
A2_w1,A2,manual,matched,True,0.04086315914787288,0.029990412356975922,0.010872746790896955,400.2569610182976,239.5696101829753
A2_w1,A2,manual,missed_both,False,0.03415673728482612,0.03465023580698273,-0.0004934985221566116,430.80588703261736,222.054892601432
A2_w1,A2,manual,missed_both,False,0.03312491199142241,0.026254096100802145,0.006870815890620264,387.6300715990453,204.54017501988864
A2_w1,A2,manual,matched,True,0.03461883108019625,0.030602872429064336,0.004015958651131912,362.376292760541,189.8766905330151
A2_w1,A2,manual,matched,True,0.029734734109003826,0.0249995236691721,0.004735210439831727,330.1980906921241,167.06682577565633
A2_w1,A2,manual,matched,True,0.03431612953254961,0.03265029804844367,0.0016658314841059424,364.82020684168657,164.21559268098648
A2_w1,A2,manual,matched,True,0.031115927800555224,0.027478559950742616,0.003637367849812608,412.8838504375497,183.7669053301512
A2_w1,A2,manual,matched,True,0.0502311589777832,0.02999839770832862,0.02023276126945458,428.3619729514718,159.32776451869532
A2_w1,A2,manual,missed_both,False,0.03167019566088508,0.026598858818811494,0.005071336842073587,427.14001591089897,101.4884645982498
A2_w1,A2,manual,missed_both,False,0.030189526737967848,0.020266966057926,0.009922560680041846,405.1447891805887,105.15433571996816
A2_w1,A2,manual,matched,True,0.033093095968863326,0.021696344866943145,0.01139675110192018,377.03977724741446,115.74463007159903
A2_w1,A2,manual,missed_both,False,0.021441702731496797,0.01587957480623315,0.005562127925263647,404.7374701670644,89.67621320604614
A2_w1,A2,manual,matched,True,0.03718368860548737,0.018033586337528357,0.01915010226795901,362.376292760541,73.38345266507558
A2_w1,A2,manual,matched,True,0.037087549452900694,0.019325577464167625,0.01776197198873307,337.93715194908515,68.90294351630867
A2_w1,A2,manual,matched,True,0.037415010781700786,0.021531953761347127,0.01588305702035366,372.9665871121719,44.46380270485282
A2_w1,A2,manual,matched,True,0.054137754143017414,0.013790258571179229,0.040347495571838185,378.2617342879873,11.06364359586317
A2_w1,A2,manual,matched,True,0.03766330782729541,0.011901197023872172,0.025762110803423242,353.0079554494829,5.768496420047732
A2_w1,A2,manual,matched,True,0.033793020456366674,0.020186543779012172,0.013606476677354502,311.8687350835322,49.758949880668254
A2_w1,A2,manual,matched,True,0.04836759339815735,0.011307895438122674,0.03705969796003467,249.54892601431985,42.83452665075576
A2_w1,A2,manual,matched,True,0.04521664717536585,0.013905138068220952,0.0313115091071449,223.8878281622912,52.610182975338105
A2_w1,A2,manual,matched,True,0.058731169605955875,0.018171855419515336,0.04055931418644054,234.8854415274463,81.93715194908512
A2_w1,A2,manual,missed_both,True,0.039305809408593156,0.018869144422134373,0.020436664986458783,213.70485282418457,95.37867939538584
A2_w1,A2,manual,matched,True,0.04409921364237329,0.0224747613116162,0.02162445233075709,216.9634049323787,131.22275258552108
A2_w1,A2,manual,missed_both,True,0.040377347489513396,0.020894810616468595,0.0194825368730448,249.9562450278441,129.18615751789977
A2_w1,A2,manual,matched,True,0.0363131412947934,0.02123466152368381,0.015078479771109588,277.65393794749406,109.63484486873509
A2_w1,A2,manual,missed_both,False,0.024897769143056307,0.022660494629354138,0.0022372745137021685,249.9562450278441,89.26889419252188
A2_w1,A2,manual,matched,True,0.04171919514010931,0.019438904251158275,0.022280290888951032,289.87350835322195,86.01034208432776
A2_w1,A2,manual,matched,True,0.02757584109135568,0.018807157665786327,0.008768683425569353,215.33412887828163,174.8058870326173
A2_w1,A2,manual,matched,True,0.042414823593560705,0.02420157080783351,0.018213252785727194,153.82895783611775,196.39379474940336
A2_w1,A2,manual,missed_both,False,0.016913971844084122,0.011766574351509537,0.005147397492574585,186.41447891805888,180.10103420843276
A2_w1,A2,manual,missed_both,False,0.020288318384800146,0.02084112772908464,-0.0005528093442844946,165.6412092283214,168.28878281622912
A2_w1,A2,manual,missed_both,False,0.021950642431180615,0.022785282856901002,-0.0008346404257203871,282.13444709626094,173.17661097852027
A2_w1,A2,manual,missed_both,False,0.028560652447991327,0.025172299198006412,0.003388353249984915,300.05648369132854,178.87907716785998
A2_w1,A2,manual,missed_both,False,0.005019805260847508,0.010127878933167125,-0.005108073672319617,307.7955449482896,119.00318217979316
A2_w1,A2,manual,missed_both,False,0.02211990163111307,0.012961905680096137,0.009157995951016932,317.9785202863962,103.93237867939538
A2_w1,A2,manual,missed_both,False,0.02415627704353125,0.023053623589158443,0.0011026534543728053,333.04932378679393,149.95942720763722
A2_w1,A2,manual,matched,True,0.022347931257559298,0.015158016270011341,0.007189914987547957,405.1447891805887,62.79315831344471
A2_w1,A2,manual,missed_both,False,0.02280762640778811,0.019022498831262162,0.0037851275765259478,400.2569610182976,44.46380270485282
A2_w1,A2,manual,matched,True,0.026171649837637628,0.014680341278351444,0.011491308559286184,422.6595067621321,25.31980906921241
A2_w1,A2,manual,matched,True,0.04232919884810645,0.013234146967244361,0.02909505188086209,179.89737470167066,12.692919649960224
A2_w1,A2,manual,missed_both,False,0.022303016762464784,0.013840881274680535,0.00846213548778425,103.32140015910898,152.81066030230707
A2_w1,A2,manual,matched,True,0.023532794434455537,0.030924203742058867,-0.00739140930760333,109.02386634844868,323.884645982498
A2_w1,A2,manual,matched,True,0.023300664687278237,0.03248889113109236,-0.009188226443814122,210.44630071599045,382.53858392999206
A2_w1,A2,manual,matched,True,0.0288236711701144,0.0365119170151734,-0.007688245845059002,230.81225139220368,348.7311058074781
A2_w1,A2,manual,missed_both,False,0.0012709439025214808,0.009843411984999488,-0.008572468082478007,86.62132060461416,431.0095465393794
A2_w1,A2,manual,missed_both,False,0.0006617585946334376,0.012761368058301768,-0.01209960946366833,49.96260938743039,405.3484486873508
A2_w1,A2,manual,missed_both,False,0.004141948071526429,0.01636352883779563,-0.0122215807662692,43.85282418456643,389.8703261734288
A2_w1,A2,manual,matched,True,0.019504784429688983,0.03485604285382802,-0.015351258424139036,385.593476531424,278.26491646778044
A2_w1,A2,manual,matched,True,0.030244302764688633,0.03496329933374856,-0.004718996569059927,421.84486873508354,336.10421638822595
A2_w1,A2,manual,missed_both,False,0.0297349920384638,0.03974815544925503,-0.01001316341079123,410.8472553699284,431.824184566428
A2_w1,A2,manual,matched,True,0.024985629006466004,0.03474345738788211,-0.009757828381416103,362.7836117740652,404.9411296738266
A2_w1,A2,manual,missed_both,False,0.028032069004593988,0.034818733143295276,-0.006786664138701288,327.34685759745423,396.387430389817
A2_w1,A2,manual,missed_both,False,0.028541711346021306,0.03612916353611534,-0.007587452190094032,269.914876690533,360.5433571996818
A2_w1,A2,manual,missed_both,False,0.026926207209094995,0.039517603002963565,-0.01259139579386857,249.14160700079557,420.01193317422434
A2_w1,A2,random,random,False,0.03672969431668776,0.03410568104122204,0.002624013275465721,412.3118562217298,304.9484710581773
A2_w1,A2,random,random,False,0.03897594144964202,0.03322209094304864,0.005753850506593376,404.02777491176084,318.3293778619027
A2_w1,A2,random,random,False,0.008692110853064074,0.021855657151806852,-0.013163546298742779,215.7131009223962,146.24931143956752
A2_w1,A2,random,random,False,0.016997919519172695,0.025954154490772128,-0.008956234971599433,222.39338039372893,68.92914057497755
A2_w1,A2,random,random,False,0.007070652443770349,0.014230790027133167,-0.007160137583362819,391.97460908221325,78.98291214386825
A2_w1,A2,random,random,False,0.003163990017677714,0.011263020375066187,-0.008099030357388473,429.03732882145766,52.17556273500018
A2_w1,A2,random,random,False,0.0018597496046402506,0.004111782879195684,-0.002252033274555433,9.685858034039683,30.359082774329824
A2_w1,A2,random,random,False,0.01815710336961487,0.023446973422476248,-0.005289870052861377,90.19416749452864,371.2189616560841
A2_w1,A2,random,random,False,0.010673965664677284,0.019181020455551135,-0.00850705479087385,94.67666681865636,299.67949871547756
A2_w1,A2,random,random,False,0.009488710276321827,0.018385958650863128,-0.0088972483745413,27.468991159555404,359.2063641112478
A2_w1,A2,random,random,False,0.0002572281614463958,0.0016635530817437347,-0.001406324920297339,25.606470838824073,187.07842366753417
A2_w1,A2,random,random,False,0.03640520320806541,0.03507278452530105,0.0013324186827643608,226.05968639894633,400.2223879030735
A2_w1,A2,random,random,False,0.01573557782178033,0.015512891738451148,0.00022268608332918008,13.537280222014806,350.07923998461604
A2_w1,A2,random,random,False,0.008519839776980832,0.016152939686734584,-0.007633099909753752,11.67670530331383,368.32494402805025
A2_w1,A2,random,random,False,0.011681935014084767,0.016175381177933677,-0.00449344616384891,337.96330607616767,104.46695418412506
A2_w1,A2,random,random,False,0.008369828881506381,0.018727638175280472,-0.010357809293774091,356.18040208263,41.12969271687238
A2_w1,A2,random,random,False,0.03738524673721507,0.03632770109068006,0.001057545646535013,187.2370678596644,418.25878315686214
A2_w1,A2,random,random,False,0.03937865594597539,0.037915763957625095,0.0014628919883502914,189.75283221022343,437.1875956256089
A2_w1,A2,random,random,False,0.00929144179257655,0.015701610747404362,-0.006410168954827811,22.434123769190204,338.16458780031587
A2_w1,A2,random,random,False,0.0227239054404558,0.017954601397113617,0.0047693040433421825,127.88837252964856,259.6216992996179
A2_w1,A2,random,random,False,0.008714435989198462,0.014871542400601692,-0.00615710641140323,29.795299495493534,353.84141528737007
A2_w1,A2,random,random,False,0.002578740752355422,0.00915916658880201,-0.006580425836446588,19.031392255862315,132.82531070521694
A2_w1,A2,random,random,False,0.032660537824327936,0.032153629242889205,0.0005069085814387309,305.2021776654917,204.39426914996156
A2_w1,A2,random,random,False,0.004553784926674058,0.008619338174459989,-0.004065553247785931,125.89908562986233,22.871386185908037
A2_w1,A2,random,random,False,0.01375468960294067,0.017428411212340976,-0.003673721609400306,337.62333989424906,46.89852349162924
A2_w1,A2,random,random,False,0.03382407515933234,0.03515405266735257,-0.0013299775080202261,232.2151448769427,416.80980026008245
A2_w1,A2,random,random,False,0.03007819035435334,0.02090149120828343,0.00917669914606991,385.6680383996017,7.9326161792562235
A2_w1,A2,random,random,False,0.012002975192163864,0.025178132868153996,-0.013175157675990132,111.88318419455274,283.8395204946456
A2_w1,A2,random,random,False,0.02036591182119651,0.019896794004217986,0.00046911781697852456,261.92382509283755,7.036604933583747
A2_w1,A2,random,random,False,0.03584440409632443,0.032634462375005155,0.003209941721319276,325.68246422615687,366.58090272966524
A2_w1,A2,random,random,False,0.021771745154113224,0.018982174557877433,0.0027895705962357915,52.28168190641484,330.5020746376883
A2_w1,A2,random,random,False,0.02241079827744842,0.015170441524220703,0.007240356753227718,6.549663417056344,324.44676968773376
A2_w1,A2,random,random,False,0.018226538527550427,0.01666149216476958,0.0015650463627808475,221.15590207683326,40.947348822292575
A2_w1,A2,random,random,False,0.023109094225107502,0.012623668417965979,0.010485425807141523,22.947410381372457,290.2519616642134
A2_w1,A2,random,random,False,0.037621050607325894,0.03643840772391152,0.001182642883414374,303.9956059186641,290.47580928237966
A2_w1,A2,random,random,False,0.009527724485764905,0.005807606070867905,0.003720118414897,115.76752504553365,122.47750291554817
A2_w1,A2,random,random,False,0.025372356804209923,0.025730179863485504,-0.00035782305927558114,130.8386253422969,428.9570154936171
A2_w1,A2,random,random,False,0.03589727464389542,0.013402777490753312,0.022494497153142112,19.90707579332406,406.70629595964135
A2_w1,A2,random,random,False,0.04460657152091663,0.031012524671968647,0.01359404684894798,176.69720949745036,107.10812964762466
A2_w1,A2,random,random,False,0.014292230445453764,0.01713135065825996,-0.002839120212806197,265.48659134475406,163.49877404122847
A2_w1,A2,random,random,False,0.03306927042418134,0.03127783752148097,0.0017914329027003684,223.29660975372033,294.6605930385972
A2_w1,A2,random,random,False,0.011180132987329686,0.010297268756813941,0.0008828642305157442,30.232023091466306,1.8996009423481905
A2_w1,A2,random,random,False,0.032932748724569166,0.037977128215649046,-0.00504437949107988,329.1441503348422,324.7727992401744
A2_w1,A2,random,random,False,0.01146756948085962,0.027230080483956465,-0.015762511003096846,125.92824717722033,200.61669235145416
A2_w1,A2,random,random,False,0.030132346389109076,0.027204685600730142,0.0029276607883789336,334.98497650734475,172.045988814143
A2_w1,A2,random,random,False,0.01716119955806611,0.024007657923178875,-0.006846458365112766,265.37292221839334,94.4683759674303
A2_w1,A2,random,random,False,0.034079177799566436,0.03528488187070393,-0.0012057040711374936,212.87906948367788,432.306000102742
A2_w1,A2,random,random,False,0.03491631286018186,0.03237980082944431,0.002536512030737549,368.1677483486762,374.1512167303613
A2_w1,A2,random,random,False,0.023229433671881076,0.03749846357692157,-0.014269029905040493,250.77519808033588,259.5778879319414
A2_w1,A2,random,random,False,0.04467790108254993,0.03159151539095562,0.013086385691594309,247.89469374565826,245.7843574996071
A2_w1,A2,random,random,False,0.0233673935723442,0.017203870746901998,0.006163522825442202,263.34609644124487,173.392798166738
A2_w1,A2,random,random,False,0.021609852410063204,0.019166024937711905,0.0024438274723512995,273.4468793959289,160.6520576399365
A2_w1,A2,random,random,False,0.01568132521022502,0.013535111762087519,0.002146213448137502,353.71971412972226,11.714584777363644
A2_w1,A2,random,random,False,0.016821696517753528,0.02316254697611019,-0.00634085045835666,23.093093632653805,435.4993855183564
A2_w1,A2,random,random,False,0.025834610308535386,0.02322566002999184,0.0026089502785435446,166.0475254438632,190.49767226612022
A2_w1,A2,random,random,False,0.03283823334324629,0.0335191141660077,-0.0006808808227614163,241.8330521558976,370.55242696352957
A2_w1,A2,random,random,False,0.03248869228393093,0.03312368662876347,-0.0006349943448325443,171.45605677722912,298.70659496683254
A2_w1,A2,random,random,False,0.007400338274969758,0.006093368343710601,0.0013069699312591573,73.74515200082614,123.80540412694367
A2_w1,A2,random,random,False,0.020435426426766858,0.013111884933503754,0.007323541493263103,248.93008000760605,168.6783403492299
A2_w1,A2,random,random,False,0.0021734247605209,0.005691312534910771,-0.0035178877743898707,92.1315057400183,53.59168582829745
A2_w1,A2,random,random,False,0.022923670026327468,0.006979516312638949,0.01594415371368852,45.826893031895565,244.05711845993272
A2_w1,A2,random,random,False,0.005449778099905675,0.01782147742345828,-0.012371699323552606,116.56669467049447,247.657942651205
A2_w1,A2,random,random,False,0.026349192743213935,0.021461757444538633,0.004887435298675302,101.51357625393528,335.86415557234693
A2_w1,A2,random,random,False,0.03435723406583839,0.034935497549298374,-0.0005782634834599829,236.0919936312855,426.7584444024708
A2_w1,A2,random,random,False,0.017084684488978843,0.022125684346770286,-0.005040999857791443,275.72512427117147,150.1944655457392
A2_w1,A2,random,random,False,0.007941101256266493,0.006826213379754968,0.001114887876511525,59.773533854989864,218.25728312134896
A2_w1,A2,random,random,False,0.02714504645087755,0.03520068911098369,-0.008055642660106138,401.07710120089615,348.1588282681155
A2_w1,A2,random,random,False,0.010493090935507187,0.008619352792526468,0.001873738142980719,65.20799355144301,410.25464589678825
A2_w1,A2,random,random,False,0.03336220901690498,0.026672742566748012,0.006689466450156969,332.4690518891821,192.37033836927276
A2_w1,A2,random,random,False,0.0242388604619548,0.027119717915074087,-0.002880857453119289,250.76707823919844,74.4318544714964
A2_w1,A2,random,random,False,0.03396641135996944,0.03176664369205168,0.002199767667917761,384.34521375598365,293.80914721824456
A2_w1,A2,random,random,False,0.028746350918909792,0.034994283435588976,-0.006247932516679183,330.6263973342388,335.1118761471575
A2_w1,A2,random,random,False,0.04758167584576743,0.03909008114644279,0.008491594699324645,433.14689063768964,422.4848212328723
A2_w1,A2,random,random,False,0.031522022241571135,0.02076071778692685,0.010761304454644283,333.26568980928516,75.31994150109769
A2_w1,A2,random,random,False,0.02454961001685342,0.017837059902202947,0.006712550114650474,306.60716985762724,29.33077613178688
A2_w1,A2,random,random,False,0.012254333898252052,0.019671291947399173,-0.007416958049147122,98.91868708278726,235.51321085640703
A2_w1,A2,random,random,False,0.001372545586430137,0.006621683034706067,-0.0052491374482759295,110.63811505576534,28.295648697038263
A2_w1,A2,random,random,False,0.028161823872792504,0.029542247148011267,-0.0013804232752187631,147.13844187837663,371.57598197753373
A2_w1,A2,random,random,False,0.03722358527605018,0.03587543035017769,0.001348154925872487,242.17107747118953,340.64647168026073
A2_w1,A2,random,random,False,0.04522073988588931,0.03433156040960866,0.010889179476280653,233.81107966425748,230.0858879600923
A2_w1,A2,random,random,False,0.02501635577289377,0.021650107671315307,0.003366248101578463,331.67490823441864,147.49600214315737
A2_w1,A2,random,random,False,0.036304878669048954,0.03430577837591124,0.001999100293137712,432.64728589408526,227.67508733318118
A2_w1,A2,random,random,False,0.031144065299865454,0.038133387848295154,-0.0069893225484297,175.13189444926388,99.13100588491568
A2_w1,A2,random,random,False,0.031961167825705676,0.03397012915190916,-0.0020089613262034844,398.8335388514521,364.8702352467698
A2_w1,A2,random,random,False,0.032616272282605864,0.03857345589989433,-0.005957183617288468,299.9141666770953,431.3045448273373
A2_w1,A2,random,random,False,0.025388325351867646,0.03682077270735006,-0.011432447355482416,248.3600201699658,254.9706369632986
A2_w1,A2,random,random,False,0.04726161617634432,0.03639921977419698,0.01086239640214734,243.50325743159686,239.62906483131616
A2_w1,A2,random,random,False,0.0417527498438858,0.034506416289327636,0.007246333554558164,429.65716089518304,269.1636215039212
A2_w1,A2,random,random,False,0.010520820409427194,0.013199462970344647,-0.0026786425609174533,141.64144276384715,227.36327040118482
A2_w1,A2,random,random,False,0.01826419374661337,0.021953539636695586,-0.0036893458900822164,103.3990777119132,399.80297364798696
A2_w1,A2,random,random,False,0.02102528760379569,0.028255434997068923,-0.007230147393273233,388.3974366880991,195.00119369232354
A2_w1,A2,random,random,False,0.03335488415258332,0.035519454179020256,-0.0021645700264369336,213.91301024462854,432.6488115828805
A2_w1,A2,random,random,False,0.03605030832576975,0.03664976969900071,-0.0005994613732309625,263.5281925865487,299.4099085281242
A2_w1,A2,random,random,False,0.04131426361097623,0.03605401623738677,0.005260247373589461,432.4734476056999,275.42066970431955
A2_w1,A2,random,random,False,0.0241833063534477,0.03157673600385199,-0.007393429650404289,180.21090305045854,126.96820712587424
A2_w1,A2,random,random,False,0.025675842390103128,0.014400234192567812,0.011275608197535316,320.946359890687,1.2433742975306625
A2_w1,A2,random,random,False,0.02157906905960663,0.035611547250739936,-0.014032478191133305,156.55609136293378,82.86271461218148
A2_w1,A2,random,random,False,0.03349414114958563,0.035619008915068126,-0.0021248677654824993,380.05973756757726,345.4604533188664
A2_w1,A2,random,random,False,0.028558149498446112,0.010774489243290868,0.017783660255155244,112.13499433403791,235.67139659971673
A2_w1,A2,random,random,False,0.03799436776744706,0.03740911894147926,0.0005852488259677976,201.01016418391904,343.0356662720423
A2_w1,A2,random,random,False,0.009262061051294778,0.009219666933562605,4.239411773217239e-05,21.09214685955877,96.21097637992034
A2_w1,A2,random,random,False,0.003436995703608965,0.005286952908310194,-0.0018499572047012288,27.32465065205107,59.75492676862146
A2_w1,A2,random,random,False,0.02592021518942278,0.016520545876254806,0.009399669313167974,236.43302269331946,8.844136197217768
A2_w1,A2,random,random,False,0.027368491350948796,0.035591046459171126,-0.00822255510822233,266.8166973199394,394.4842843484151
A2_w1,A2,random,random,False,0.037170487134271624,0.03664858127808459,0.0005219058561870341,315.3147982483471,295.17801665629446
A2_w1,A2,random,random,False,0.022380344409720514,0.03258486007450639,-0.010204515664785873,416.35879708520963,199.87860572506472
A2_w1,A2,random,random,False,0.03779875249165017,0.03142451785876596,0.00637423463288421,359.0345039602962,304.36470063542737
A2_w1,A2,random,random,False,0.012725548114989601,0.012685229394520612,4.031872046898928e-05,134.1979654053909,139.2772829783009
A2_w1,A2,random,random,False,0.042522768313259185,0.03544749024455834,0.007075278068700848,306.17074276799195,367.0816878506684
A2_w1,A2,random,random,False,0.032365675541450846,0.030842274325214143,0.0015234012162367028,167.28082566864643,377.5271860237441
A2_w1,A2,random,random,False,0.02356689216565416,0.014266685615464555,0.009300206550189604,116.02512004217034,265.72136545725897
A2_w1,A2,random,random,False,0.0237254947235576,0.020855760886589372,0.0028697338369682267,238.69872971650653,95.8666423613398
A2_w1,A2,random,random,False,0.036349955874559726,0.019406124329273952,0.016943831545285774,360.11017528918194,74.01899426477831
A2_w1,A2,random,random,False,0.035291579262508914,0.033199928192921585,0.002091651069587329,169.83348813654433,392.81474485673436
A2_w1,A2,random,random,False,0.030329289284939977,0.03309244039618678,-0.002763151111246802,167.29332068152158,367.2283259451827
A2_w1,A2,random,random,False,0.013698620721996492,0.017925741552830922,-0.00422712083083443,112.64263492683622,417.20732968411914
A2_w1,A2,random,random,False,0.048628325192849944,0.014075591223798083,0.03455273396905186,244.28674677756393,43.18655370356312
A2_w1,A2,random,random,False,0.009797397843847326,0.00870973427581986,0.0010876635680274662,43.10076416426499,259.9565102847011
A2_w1,A2,random,random,False,0.00393660999150662,0.007549283765750197,-0.0036126737742435775,29.34119477242058,21.767775860972783
A2_w1,A2,random,random,False,0.02052960843652329,0.02143297603478027,-0.0009033675982569773,94.2158998537665,188.74015674215937
A2_w1,A2,random,random,False,0.03521036987079089,0.031129863202348836,0.004080506668442053,194.89495843765448,367.2428108922062
A2_w1,A2,random,random,False,0.040404596317661225,0.03320352738617419,0.007201068931487031,273.82312784110474,351.58929214389053
A2_w1,A2,random,random,False,0.024254252896221157,0.02085758799993585,0.003396664896285307,319.9199343025623,164.90470316324132
A2_w1,A2,random,random,False,0.01409430450873071,0.013905896895226874,0.00018840761350383609,16.473298389584592,310.37424980374794
A2_w1,A2,random,random,False,0.028029014090947088,0.03736500562704624,-0.009335991536099153,354.9245132128462,356.17965000734
A2_w1,A2,random,random,False,0.015681080223690174,0.020797179636272492,-0.005116099412582318,253.70983547032557,92.56122577569296
A2_w1,A2,random,random,False,0.03568798962933054,0.02669410952632813,0.008993880103002411,164.87732437098163,245.35874429251763
A2_w1,A2,random,random,False,0.009948692702283326,0.01610793022262396,-0.006159237520340635,182.25476095867626,51.23963452248324
A2_w1,A2,random,random,False,0.023414029846696112,0.025279040735615956,-0.0018650108889198443,110.09294310031764,298.3690793957998
A2_w1,A2,random,random,False,0.03702791854148954,0.03395844770222489,0.0030694708392646486,382.9681473698176,356.2659243696872
A2_w1,A2,random,random,False,0.004602828204819457,0.004683037157553612,-8.02089527341546e-05,42.61485726296456,14.976748143338277
A2_w1,A2,random,random,False,0.003806322896830845,0.011416155317842696,-0.007609832421011851,47.47524217870372,399.1363727681103
A2_w1,A2,random,random,False,0.011367972569505832,0.01814591350701261,-0.006777940937506777,69.90757963930241,345.3689108223193
A2_w1,A2,random,random,False,0.009351310987732791,0.01815774241377569,-0.008806431426042897,60.56388639741612,366.6944507247591
A2_w1,A2,random,random,False,0.04573224424691097,0.030990763799201508,0.014741480447709461,247.54647829354641,244.2851961231092
A2_w1,A2,random,random,False,0.02353223390930147,0.020984830322035086,0.002547403587266385,84.68326381129884,314.2373496812168
A2_w1,A2,random,random,False,0.02380866676216389,0.02419553739788794,-0.00038687063572405075,236.6079610879349,125.68611941433828
A2_w1,A2,random,random,False,0.0001256195775158497,0.0015946697908176563,-0.0014690502133018067,23.44776607692923,172.00373435681172
A2_w1,A2,random,random,False,0.022228281547746264,0.0233997631038577,-0.0011714815561114367,101.59220781482321,356.86224340787516
A2_w1,A2,random,random,False,0.03573741509835237,0.018090640437157267,0.017646774661195103,245.50368028655922,123.40482515900669
A2_w1,A2,random,random,False,0.0025403539165117592,0.006705062243070719,-0.00416470832655896,49.981570717715364,210.29267208925148
A2_w1,A2,random,random,False,0.03993704319644846,0.02083613436039517,0.01910090883605329,252.93132671036724,125.50021519587665
A2_w1,A2,random,random,False,0.03185866520351569,0.03606201292302134,-0.004203347719505646,278.7777919144103,311.5172555093789
A2_w1,A2,random,random,False,0.027320183520527085,0.034539242246259774,-0.00721905872573269,405.8727261521665,277.9054443648431
A2_w1,A2,random,random,False,0.002129998268433279,0.007068830612010077,-0.004938832343576798,122.1370588554208,58.465651885280025
A2_w2,A2,manual,matched,True,0.043629748275097184,0.030288020010042646,0.013341728265054538,110.24582338902148,19.21002386634845
A2_w2,A2,manual,matched,True,0.0396598618987296,0.022472113874256162,0.01718774802447344,64.6260938743039,21.24661893396977
A2_w2,A2,manual,matched,True,0.03433958837732347,0.03772263240626021,-0.0033830440289367436,97.6189339697693,44.87112171837708
A2_w2,A2,manual,matched,True,0.036446672167720365,0.02810472161693445,0.008341950550785914,45.07478122513922,42.83452665075576
A2_w2,A2,manual,matched,True,0.0506443117849223,0.0246183424134017,0.0260259693715206,115.54097056483693,57.905330151153535
A2_w2,A2,manual,matched,True,0.04281811065904539,0.026620283434438154,0.016197827224607234,90.6945107398568,80.30787589498807
A2_w2,A2,manual,matched,True,0.031165366666685724,0.035228544753952755,-0.004063178087267031,19.41368337311058,95.7859984089101
A2_w2,A2,manual,matched,True,0.027544957612186546,0.025542678986354962,0.002002278625831584,57.29435163086714,98.63723150357995
A2_w2,A2,manual,matched,True,0.032771014067284186,0.022226925507481565,0.010544088559802621,42.22354813046937,124.70564836913286
A2_w2,A2,manual,missed_both,False,0.03707427452727017,0.036551836389715354,0.0005224381375548148,18.19172633253779,123.0763723150358
A2_w2,A2,manual,matched,True,0.02971972169789265,0.030302096160493827,-0.0005823744626011762,14.11853619729515,138.14717581543357
A2_w2,A2,manual,missed_both,False,0.027252975918542158,0.02555875771276479,0.0016942182057773682,32.44789180588704,67.27366746221162
A2_w2,A2,manual,matched,True,0.0376581464124739,0.02522938968226774,0.012428756730206159,57.70167064439141,221.24025457438347
A2_w2,A2,manual,missed_both,False,0.038344109182620593,0.03041389893055083,0.007930210252069764,84.99204455051711,235.49642004773267
A2_w2,A2,manual,matched,True,0.036343047128508166,0.025733841316294408,0.010609205812213758,69.92124105011933,198.0230708035004
A2_w2,A2,manual,missed_both,True,0.030439148048502646,0.029301627447515265,0.001137520600987381,84.58472553699283,182.5449482895784
A2_w2,A2,manual,matched,True,0.038579286891077744,0.02864478166312965,0.009934505227948094,95.98965791567224,147.1081941129674
A2_w2,A2,manual,matched,True,0.04905963897741938,0.03895936981478653,0.010100269162632847,137.94351630867143,173.17661097852027
A2_w2,A2,manual,matched,True,0.04143026837352531,0.033203444193113496,0.008226824180411811,161.56801909307876,162.17899761336517
A2_w2,A2,manual,missed_both,False,0.031249928932130997,0.025322440481845142,0.005927488450285855,177.86077963404932,200.05966587112167
A2_w2,A2,manual,matched,True,0.04281236664764806,0.03549303761594666,0.007319329031701398,191.7096260938743,176.84248210023867
A2_w2,A2,manual,matched,True,0.03533196187201649,0.029914053166176496,0.005417908705839993,201.48528241845665,152.81066030230707
A2_w2,A2,manual,matched,True,0.03984038927152576,0.03613817583823691,0.003702213433288845,172.5656324582339,142.62768496420048
A2_w2,A2,manual,matched,True,0.04831431618032745,0.030410931407792337,0.017903384772535114,175.41686555290374,125.52028639618138
A2_w2,A2,manual,matched,True,0.03836924935236257,0.03365022116718971,0.004719028185172863,177.45346062052505,96.19331742243438
A2_w2,A2,manual,matched,True,0.0443137037263225,0.03402291921022404,0.01029078451609846,172.15831344470962,81.93715194908512
A2_w2,A2,manual,matched,True,0.045226591170046924,0.038785497447693204,0.00644109372235372,207.5950676213206,110.4494828957836
A2_w2,A2,manual,matched,True,0.03635843662663866,0.030622530973654388,0.00573590565298427,181.11933174224345,71.75417661097852
A2_w2,A2,manual,matched,True,0.03981145953445752,0.033029377955430005,0.006782081579027516,205.5584725536993,83.15910898965791
A2_w2,A2,manual,matched,True,0.03569078871431202,0.036044987508218766,-0.0003541987939067459,223.48050914876688,79.49323786793954
A2_w2,A2,manual,matched,True,0.03160764686457964,0.02488768328661151,0.006719963577968131,199.04136833731107,46.093078758949886
A2_w2,A2,manual,matched,True,0.037990979238084845,0.0261946368255236,0.011796342412561243,219.0,42.427207637231504
A2_w2,A2,manual,matched,True,0.040822873087422565,0.03367209295549532,0.007150780131927242,253.2147971360382,42.427207637231504
A2_w2,A2,manual,matched,True,0.04379567616392574,0.022573376944432014,0.021222299219493725,254.84407319013525,77.45664280031822
A2_w2,A2,manual,matched,True,0.04471255785467577,0.03274850733735241,0.011964050517323355,291.0954653937948,4.546539379474943
A2_w2,A2,manual,matched,True,0.043404379500519175,0.033115303840163555,0.010289075660355619,311.46141607000794,5.361177406523467
A2_w2,A2,manual,matched,True,0.03573444095598435,0.037074719428748786,-0.001340278472764432,328.9761336515513,15.544152744630068
A2_w2,A2,manual,matched,True,0.047817370879527636,0.04007815927337152,0.007739211606156114,347.71280827366746,32.65155131264916
A2_w2,A2,manual,matched,True,0.05765196513347302,0.04548896887143344,0.01216299626203958,362.7836117740652,52.20286396181385
A2_w2,A2,manual,matched,True,0.047991205062873056,0.03043524039903968,0.017555964663833377,346.08353221957043,85.19570405727923
A2_w2,A2,manual,matched,True,0.0469408217553113,0.042679380843666494,0.0042614409116448065,364.82020684168657,89.26889419252188
A2_w2,A2,manual,matched,True,0.06362056189388157,0.04421604141617778,0.019404520477703795,375.8178202068417,117.3739061256961
A2_w2,A2,manual,matched,True,0.05125708745093026,0.04154621401338382,0.009710873437546438,359.52505966587114,151.58870326173428
A2_w2,A2,manual,matched,True,0.05213069134483381,0.048242644508208074,0.003888046836625733,383.1495624502784,161.7716785998409
A2_w2,A2,manual,matched,True,0.04533825963618663,0.021985483731366072,0.023352775904820558,406.77406523468574,192.3206046141607
A2_w2,A2,manual,matched,True,0.05117823314997196,0.03741201205595739,0.013766221094014569,371.3373110580748,186.618138424821
A2_w2,A2,manual,matched,True,0.03607146015948385,0.032538421560136664,0.0035330385993471852,391.703261734288,207.3914081145585
A2_w2,A2,manual,matched,True,0.04001913020520869,0.03913268858547106,0.000886441619737631,369.3007159904535,200.87430389817024
A2_w2,A2,manual,matched,True,0.03345950869967764,0.03337309115252788,8.641754714976135e-05,359.52505966587114,219.6109785202864
A2_w2,A2,manual,matched,True,0.05030219912537962,0.03432709974514697,0.01597509938023265,392.9252187748608,240.38424821002388
A2_w2,A2,manual,missed_both,False,0.041526290969058716,0.0370376079767384,0.004488682992320317,394.1471758154336,251.38186157517904
A2_w2,A2,manual,matched,True,0.03781656558864921,0.02847015720747001,0.0093464083811792,357.0811455847256,241.1988862370724
A2_w2,A2,manual,matched,True,0.04425420933027269,0.036789583101103286,0.007464626229169401,379.48369132856,263.19411296738264
A2_w2,A2,manual,matched,True,0.04150288473287954,0.03964252223797264,0.0018603624949068975,368.8933969769292,286.00397772474145
A2_w2,A2,manual,missed_both,True,0.036100599915477684,0.026510712695558304,0.00958988721991938,343.6396181384248,262.37947494033415
A2_w2,A2,manual,missed_both,True,0.041476189644988795,0.03269423876095817,0.008781950884030623,337.93715194908515,286.4112967382657
A2_w2,A2,manual,matched,True,0.03893592461817982,0.025082679432317956,0.01385324518586186,336.30787589498806,306.7772474144789
A2_w2,A2,manual,matched,True,0.04475760139498739,0.03914261631152306,0.005614985083464329,374.1885441527446,324.2919649960223
A2_w2,A2,manual,matched,True,0.06801986428959761,0.036403131863968125,0.031616732425629485,398.2203659506762,313.7016706443914
A2_w2,A2,manual,matched,True,0.040355988063925326,0.02561854288381133,0.014737445180113995,400.6642800318218,357.28480509148767
A2_w2,A2,manual,matched,True,0.03529526832137528,0.0313509078081234,0.003944360513251879,359.9323786793954,344.25059665871123
A2_w2,A2,manual,matched,True,0.044573982030746334,0.03448747498379704,0.010086507046949293,353.82259347653144,380.0946698488465
A2_w2,A2,manual,matched,True,0.04420682670635829,0.03552059541613487,0.008686231290223417,379.48369132856,373.57756563245823
A2_w2,A2,manual,matched,True,0.029820947189766016,0.031804472593194376,-0.00198352540342836,398.2203659506762,417.1607000795545
A2_w2,A2,manual,matched,True,0.054414097257148596,0.03466819087165071,0.019745906385497884,361.1543357199682,420.01193317422434
A2_w2,A2,manual,matched,True,0.033934012502368514,0.03414310411411428,-0.00020909161174576668,393.7398568019093,432.6388225934765
A2_w2,A2,manual,missed_both,False,0.03240790556651417,0.036001146771273786,-0.003593241204759616,356.6738265712013,393.1288782816229
A2_w2,A2,manual,matched,True,0.03850543416653798,0.035089253532200264,0.003416180634337719,181.11933174224345,424.4924423229912
A2_w2,A2,manual,matched,True,0.03457464749304865,0.04142608591106849,-0.006851438418019842,165.23389021479713,398.0167064439141
A2_w2,A2,manual,matched,True,0.04089497265074583,0.039718387043533455,0.0011765856072123715,153.42163882259348,419.60461416070007
A2_w2,A2,manual,matched,True,0.03328806616570893,0.03613084751952417,-0.0028427813538152366,125.31662688941924,391.9069212410501
A2_w2,A2,manual,matched,True,0.032863591355414876,0.03242156444281998,0.00044202691259489363,101.28480509148768,389.05568814638025
A2_w2,A2,manual,matched,True,0.03135782318182384,0.03131638076898004,4.1442412843803456e-05,107.80190930787587,373.9848846459825
A2_w2,A2,manual,matched,True,0.03785508473814549,0.025165556602545523,0.01268952813559997,49.96260938743039,389.05568814638025
A2_w2,A2,manual,matched,True,0.04358616637385541,0.030096753966362813,0.013489412407492594,42.22354813046937,368.6897374701671
A2_w2,A2,manual,matched,True,0.03949201243434721,0.034355314343654096,0.005136698090693115,104.5433571996818,337.733492442323
A2_w2,A2,manual,matched,True,0.03242140512548837,0.03213733171255632,0.0002840734129320524,111.46778042959428,352.8042959427208
A2_w2,A2,manual,matched,True,0.03869227314398795,0.02853723787051709,0.010155035273470864,117.17024661893396,312.88703261734287
A2_w2,A2,manual,matched,True,0.035628818337599885,0.03213385717560186,0.003494961161998024,51.18456642800318,312.4797136038186
A2_w2,A2,manual,matched,True,0.03138579765689656,0.03803133804542875,-0.006645540388532191,14.525855210819408,297.0015910898966
A2_w2,A2,manual,matched,True,0.04270555112692764,0.03542075864853674,0.0072847924783909015,16.56245027844073,282.7454256165473
A2_w2,A2,manual,matched,True,0.03717268346736277,0.03390956894632796,0.00326311452103481,62.99681782020684,261.9721559268099
A2_w2,A2,manual,matched,True,0.03206940349657696,0.027806061950978855,0.004263341545598109,38.15035799522673,241.1988862370724
A2_w2,A2,manual,matched,True,0.025960356513503337,0.030284588713009992,-0.004324232199506655,206.3731105807478,434.2680986475736
A2_w2,A2,manual,matched,True,0.06343195088727657,0.020236542546590162,0.043195408340686414,181.933969769292,334.47494033412886
A2_w2,A2,manual,matched,True,0.04641535530229467,0.014412992708045342,0.03200236259424932,208.00238663484487,337.3261734287987
A2_w2,A2,manual,matched,True,0.03891493050069195,0.014460620488802704,0.024454310011889243,152.60700079554493,310.4431185361973
A2_w2,A2,manual,matched,True,0.04796336775574154,0.01677582810940666,0.031187539646334878,187.2291169451074,282.7454256165473
A2_w2,A2,manual,matched,True,0.06690536127693773,0.025660755299145063,0.04124460597779267,165.23389021479713,274.19172633253777
A2_w2,A2,manual,matched,True,0.036696979470259496,0.01378084095856472,0.022916138511694776,145.68257756563247,283.56006364359587
A2_w2,A2,manual,matched,True,0.06320486354369334,0.02560124173151681,0.03760362181217653,156.6801909307876,253.41845664280032
A2_w2,A2,manual,matched,True,0.026314785187573155,0.01593203788298579,0.010382747304587363,185.1925218774861,236.7183770883055
A2_w2,A2,manual,matched,True,0.02933945611344542,0.02378926300980294,0.005550193103642478,233.25616547334928,260.3428798727128
A2_w2,A2,manual,matched,True,0.024014510918531833,0.021249833152449497,0.0027646777660823366,242.6245027844073,290.4844868735084
A2_w2,A2,manual,matched,True,0.03662077084544931,0.0224913015679799,0.01412946927746941,245.06841686555288,363.8019093078759
A2_w2,A2,manual,matched,True,0.03892954721677978,0.008335138220595836,0.03059440899618394,306.1662688941925,428.1583134447096
A2_w2,A2,manual,matched,True,0.04068730991921057,0.015169271302016575,0.02551803861719399,330.6054097056484,416.7533810660302
A2_w2,A2,manual,matched,True,0.043294310255548085,0.019652717192764135,0.02364159306278395,328.56881463802705,398.4240254574384
A2_w2,A2,manual,matched,True,0.04563401425747308,0.02238261220914153,0.023251402048331548,326.93953858393,386.6117740652346
A2_w2,A2,manual,matched,True,0.031000975629958214,0.019397493071571077,0.011603482558387137,307.7955449482896,393.1288782816229
A2_w2,A2,manual,matched,True,0.03677610802156558,0.015600665025768685,0.021175442995796892,316.3492442322991,359.72871917263325
A2_w2,A2,manual,matched,True,0.027979435377032364,0.02129994536308135,0.006679490013951014,298.4272076372315,351.98965791567224
A2_w2,A2,manual,matched,True,0.045093374480616455,0.017499348138251217,0.027594026342365238,280.09785202863964,351.98965791567224
A2_w2,A2,manual,matched,True,0.04061066439393481,0.012253025787036471,0.02835763860689834,270.32219570405726,324.69928400954655
A2_w2,A2,manual,matched,True,0.04965364857015667,0.005765070914251042,0.043888577655905626,279.2832140015911,286.81861575179
A2_w2,A2,manual,matched,True,0.051949348494974124,0.02042767925974326,0.031521669235230865,299.6491646778043,235.49642004773267
A2_w2,A2,manual,matched,True,0.043139154832007635,0.021351887756299252,0.021787267075708383,312.6833731105808,226.5354017501989
A2_w2,A2,manual,matched,True,0.05230149934733631,0.016574414191851607,0.0357270851554847,303.72235481304693,206.9840891010342
A2_w2,A2,manual,matched,True,0.0513533871632035,0.014653298738344834,0.03670008842485867,280.5051710421639,184.1742243436754
A2_w2,A2,manual,matched,True,0.04385303661707182,0.022382388961429963,0.02147064765564186,278.46857597454255,208.206046141607
A2_w2,A2,manual,matched,True,0.04421550165929255,0.009276570425532253,0.034938931233760295,268.69291964996023,210.64996022275255
A2_w2,A2,manual,matched,True,0.04746512281262838,0.014215014234254763,0.03325010857837361,222.25855210819407,184.1742243436754
A2_w2,A2,manual,matched,True,0.035025090037782765,0.007494851073730006,0.02753023896405276,245.06841686555288,137.33253778838505
A2_w2,A2,manual,matched,True,0.05130707425371628,0.01866430851912305,0.032642765734593224,264.6197295147176,160.95704057279235
A2_w2,A2,manual,matched,True,0.03627561959050575,0.012026456248755316,0.024249163341750434,281.72712808273667,134.07398568019093
A2_w2,A2,manual,matched,True,0.03677660679593496,0.008572559334336314,0.028204047461598644,271.5441527446301,105.56165473349245
A2_w2,A2,manual,missed_both,True,0.03424385772588686,0.017076111548177793,0.017167746177709067,295.57597454256165,96.19331742243438
A2_w2,A2,manual,matched,True,0.0461208140007598,0.015825384136930253,0.030295429863829545,311.8687350835322,91.3054892601432
A2_w2,A2,manual,matched,True,0.03196877604726437,0.021420331792118705,0.010548444255145666,327.34685759745423,103.52505966587113
A2_w2,A2,manual,matched,True,0.02859973395080089,0.025083610399099825,0.0035161235517010662,306.5735879077168,108.4128878281623
A2_w2,A2,manual,matched,True,0.04684903160208413,0.024807816352468984,0.022041215249615147,317.5712012728719,124.2983293556086
A2_w2,A2,manual,missed_both,True,0.04848702927851516,0.01989573781145908,0.028591291467056083,326.53221957040574,125.52028639618138
A2_w2,A2,manual,matched,True,0.04443425375565249,0.021784374165835136,0.022649879589817356,304.9443118536197,127.14956245027844
A2_w2,A2,manual,matched,True,0.027301308959666204,0.027548334649150394,-0.0002470256894841899,167.27048528241846,336.5115354017502
A2_w2,A2,manual,matched,True,0.05262439938351244,0.019590191266570915,0.03303420811694152,208.00238663484487,366.2458233890215
A2_w2,A2,manual,matched,True,0.025850156972197103,0.015266896139959267,0.010583260832237837,255.6587112171838,411.0509148766905
A2_w2,A2,manual,matched,True,0.02097971780160583,0.0060817202288831725,0.014897997572722657,281.72712808273667,250.97454256165477
A2_w2,A2,manual,matched,True,0.029153256820366482,0.005955414443154602,0.02319784237721188,298.01988862370723,303.1113762927605
A2_w2,A2,manual,missed_both,False,0.016186336866848908,0.006516019494819002,0.009670317372029905,321.6443914081146,328.36515513126494
A2_w2,A2,manual,missed_both,True,0.029459747270250025,0.009263327948251394,0.02019641932199863,210.85361972951472,233.45982498011136
A2_w2,A2,manual,matched,True,0.01833110414830556,0.008882997359748028,0.009448106788557531,291.91010342084326,158.92044550517105
A2_w2,A2,manual,matched,True,0.034464555953898426,0.02744794169502962,0.007016614258868806,86.62132060461416,291.70644391408115
A2_w2,A2,manual,matched,True,0.03248661417205404,0.028501264732120456,0.003985349439933585,61.77486077963405,330.40175019888625
A2_w2,A2,manual,missed_both,False,0.03529787005951009,0.02913588483276125,0.006161985226748844,283.3564041368337,38.76133651551312
A2_w2,A2,manual,matched,True,0.03380008638984384,0.034464485694999936,-0.0006643993051560979,266.6563245823389,15.544152744630068
A2_w2,A2,random,random,False,0.030163400976147656,0.03703376506249178,-0.006870364086344123,331.88425390918013,29.27667925963195
A2_w2,A2,random,random,False,0.032941451711398236,0.03605800286705512,-0.0031165511556568853,104.03922454098742,32.346804380860576
A2_w2,A2,random,random,False,0.01079932202923068,0.0061058301563376716,0.004693491872893009,278.10750455694694,437.3648120191017
A2_w2,A2,random,random,False,0.02913139551295617,0.029198948271044946,-6.755275808877428e-05,69.93485239773925,75.8272388707883
A2_w2,A2,random,random,False,0.010483552336313227,0.015618389501440118,-0.005134837165126891,198.41188010426143,268.2003732900794
A2_w2,A2,random,random,False,0.02224762228994939,0.02244598320099334,-0.0001983609110439502,265.1578904313798,71.6796242335048
A2_w2,A2,random,random,False,0.024124547139356918,0.022399916043585516,0.001724631095771402,34.69223206805857,23.37015116711501
A2_w2,A2,random,random,False,0.001901160178056545,0.01417760965697314,-0.012276449478916596,205.20977173149387,249.47211677024643
A2_w2,A2,random,random,False,0.024136438439898284,0.028556839162158593,-0.0044204007222603085,61.115488871722526,54.43277624182813
A2_w2,A2,random,random,False,0.016703408473643423,0.025362909098701605,-0.008659500625058183,164.89532402505841,236.95511201956523
A2_w2,A2,random,random,False,0.01403982799943268,0.02339337947425911,-0.00935355147482643,154.19975378690657,296.8624763810919
A2_w2,A2,random,random,False,0.004098477636210175,0.020867247710716543,-0.01676877007450637,8.01758607182064,36.340245798124414
A2_w2,A2,random,random,False,0.020036577781911768,0.02075900443058326,-0.0007224266486714932,85.99777273538513,119.5652205707391
A2_w2,A2,random,random,False,0.005531343505571786,0.010956355199163019,-0.005425011693591233,323.9860344298866,172.03005745269627
A2_w2,A2,random,random,False,0.014699630162170149,0.016471261185748827,-0.0017716310235786781,1.286580264135739,27.073427850102107
A2_w2,A2,random,random,False,0.022121184592405863,0.020060919959182955,0.0020602646332229073,227.57679637349563,254.98234410001183
A2_w2,A2,random,random,False,0.038835968739691626,0.037961789642524515,0.0008741790971671104,360.92398805820216,198.20059804188432
A2_w2,A2,random,random,False,0.02657953972110833,0.030383845978347118,-0.0038043062572387897,53.25098454341119,381.29595736797023
A2_w2,A2,random,random,False,0.025630942028378175,0.019480264014310078,0.006150678014068097,204.13031484456678,25.4532606254908
A2_w2,A2,random,random,False,0.007504066702629439,0.01623741495267908,-0.008733348250049641,228.73790126182388,143.8768084071431
A2_w2,A2,random,random,False,0.006087870463410537,0.01805880342306307,-0.011970932959652531,223.94418448433507,312.5076874068506
A2_w2,A2,random,random,False,0.03569095817338529,0.034722317701102415,0.0009686404722828723,37.04263719388421,284.17568409925696
A2_w2,A2,random,random,False,0.03470336421295865,0.03730025810708376,-0.00259689389412511,7.812167778240446,296.19401496760906
A2_w2,A2,random,random,False,0.03834294709102908,0.03388920206305252,0.004453745027976561,352.1849037823512,141.97420708454274
A2_w2,A2,random,random,False,0.039317898283585125,0.02848474487020227,0.010833153413382854,357.4230119240166,238.28818906314618
A2_w2,A2,random,random,False,0.0379246986024231,0.035862144956233404,0.0020625536461896937,99.44982908235563,329.04197988211627
A2_w2,A2,random,random,False,0.004300970617134485,0.012697180075242592,-0.008396209458108107,253.12917411704734,219.01776769923885
A2_w2,A2,random,random,False,0.015211430351305984,0.005978942385782771,0.009232487965523213,272.4275244290695,283.6351646111671
A2_w2,A2,random,random,False,0.007213295191977036,0.005558441011579279,0.0016548541803977565,144.46886942666933,43.9911888705623
A2_w2,A2,random,random,False,0.007530928296139244,0.015777324244441424,-0.00824639594830218,294.350137562433,390.8361547817057
A2_w2,A2,random,random,False,0.010380791697424143,0.02220506882149984,-0.011824277124075695,394.2859054389942,86.03569949567108
A2_w2,A2,random,random,False,0.015284587399505131,0.021279638890249798,-0.005995051490744667,346.1187947396329,206.60949798244172
A2_w2,A2,random,random,False,0.008306053761578802,0.018141100179891734,-0.009835046418312931,214.86867202434385,198.97993169316797
A2_w2,A2,random,random,False,0.03833685779016484,0.033519846746091736,0.004817011044073102,402.7739304231372,365.2200287814261
A2_w2,A2,random,random,False,0.039685329984695546,0.034640182527642636,0.005045147457052909,274.0456033771167,12.534167847761193
A2_w2,A2,random,random,False,0.03357327256530723,0.026587448699574846,0.006985823865732387,37.062100588101785,229.33294530394764
A2_w2,A2,random,random,False,0.016891012093518128,0.018062320804125516,-0.0011713087106073883,324.02171257360476,361.3905368387763
A2_w2,A2,random,random,False,0.015512099781156245,0.017959570865838603,-0.002447471084682358,149.26631659313318,361.1883847513595
A2_w2,A2,random,random,False,0.03504177213249852,0.032549397835882836,0.002492374296615682,313.39620594191007,32.87093196190467
A2_w2,A2,random,random,False,0.03713225838525472,0.03118257598632963,0.005949682398925089,98.2043508336388,369.7514736565306
A2_w2,A2,random,random,False,0.002283445698451755,0.016770387967188802,-0.014486942268737047,332.1332919792569,329.1408209550559
A2_w2,A2,random,random,False,0.03486775149116064,0.03287423202558134,0.0019935194655793034,156.44165514538847,182.67297347493437
A2_w2,A2,random,random,False,0.03786775336434945,0.037064361685269075,0.0008033916790803758,0.11155851586958432,106.85580727514825
A2_w2,A2,random,random,False,0.01840123591979292,0.024122749859851987,-0.005721513940059066,138.5786029334102,365.4607768246903
A2_w2,A2,random,random,False,0.006003732942186196,0.021620095004961083,-0.015616362062774888,144.25323760519765,237.09190704031298
A2_w2,A2,random,random,False,0.009329528523800758,0.01704885797268292,-0.007719329448882163,118.5134506541623,237.8990367812548
A2_w2,A2,random,random,False,0.015864045491358333,0.02125251232507236,-0.005388466833714026,334.4260119534422,140.96072109676126
A2_w2,A2,random,random,False,0.037777762763164864,0.0379820845842546,-0.00020432182108973823,352.32852117948306,291.60094676646173
A2_w2,A2,random,random,False,0.04805774366987326,0.0207000023690488,0.02735774130082446,312.56423137585256,231.0304128394596
A2_w2,A2,random,random,False,0.005725528927582089,0.01329109236310467,-0.0075655634355225815,425.55778897745176,197.6673892035134
A2_w2,A2,random,random,False,0.03940768533225155,0.02747710266733375,0.0119305826649178,36.68767388389809,118.85253546341508
A2_w2,A2,random,random,False,0.01751297774598924,0.02318968028348994,-0.005676702537500699,30.8031889700881,215.38626090178144
A2_w2,A2,random,random,False,0.03162743035153048,0.03190258738070562,-0.00027515702917513957,357.8223094904551,122.02762382829809
A2_w2,A2,random,random,False,0.038082583747174006,0.03454147174477383,0.0035411120024001763,70.4433649273812,250.56700828518504
A2_w2,A2,random,random,False,0.03371725613393586,0.03720891256996493,-0.0034916564360290697,367.6282817654883,325.9710268689
A2_w2,A2,random,random,False,0.018862134808854094,0.02157169339989542,-0.0027095585910413243,66.87571139747895,1.580101544588883
A2_w2,A2,random,random,False,0.007131887821485394,0.03077900833200787,-0.023647120510522476,287.98415248462834,208.72720159093194
A2_w2,A2,random,random,False,0.048735274896208866,0.037691320940293434,0.011043953955915432,362.55064073185514,411.32362281486184
A2_w2,A2,random,random,False,0.030823793250783157,0.036206591174074286,-0.005382797923291129,410.3111293091982,429.912593919008
A2_w2,A2,random,random,False,0.00399758195594336,0.012473225492698517,-0.008475643536755156,320.974004735746,338.9707192508582
A2_w2,A2,random,random,False,0.03689382789105308,0.036315011166113076,0.0005788167249400067,214.440946608061,81.63744086096199
A2_w2,A2,random,random,False,0.04833518943008995,0.023033167410398583,0.025302022019691367,222.0356980935161,273.9734886117482
A2_w2,A2,random,random,False,0.022134370593797723,0.026715156732317075,-0.004580786138519352,191.57852745496547,56.275785961887216
A2_w2,A2,random,random,False,0.012462407671489185,0.023867158879632748,-0.011404751208143563,293.87766785774704,136.76113185317269
A2_w2,A2,random,random,False,0.0018005781483127542,0.017929446273873814,-0.01612886812556106,197.8570966418446,215.16712119894862
A2_w2,A2,random,random,False,0.043041594380579175,0.03518260703266484,0.007858987347914334,357.5328973704187,138.34983531495763
A2_w2,A2,random,random,False,0.010970809552145923,0.008425580372730902,0.0025452291794150206,299.1673856186728,280.0401876083367
A2_w2,A2,random,random,False,0.01197113934351248,0.012861144442801896,-0.0008900050992894162,294.2943614930714,335.7791368691818
A2_w2,A2,random,random,False,0.007465462486087868,0.0068202961888325035,0.0006451662972553644,284.3901739961539,390.5322999570749
A2_w2,A2,random,random,False,0.01422850967984464,0.014973894991452222,-0.0007453853116075829,292.72714718902245,293.6521883108063
A2_w2,A2,random,random,False,0.03515637742933849,0.02918751556309924,0.005968861866239249,178.19861589094182,344.4525443650646
A2_w2,A2,random,random,False,0.019284159992778663,0.01620197033473656,0.0030821896580421025,229.40589881707578,248.39800084175573
A2_w2,A2,random,random,False,0.01210984923657017,0.013204196448846328,-0.0010943472122761574,210.08068568591113,8.644456152845962
A2_w2,A2,random,random,False,0.005333980755005378,0.01208032263714494,-0.006746341882139562,55.517145644044135,436.1061012309935
A2_w2,A2,random,random,False,0.024640870110592905,0.020251740300439972,0.004389129810152933,284.45237818623167,142.25962271947395
A2_w2,A2,random,random,False,0.021802089437694867,0.01777592641501561,0.004026163022679257,213.24827391925444,260.1076692304915
A2_w2,A2,random,random,False,0.013095278236176391,0.022128771523479862,-0.009033493287303471,22.85055493186928,24.75618846930888
A2_w2,A2,random,random,False,0.011004609214680341,0.006967170969928142,0.004037438244752199,228.0173527333557,202.33828738337908
A2_w2,A2,random,random,False,0.007669513024674734,0.015145958887183342,-0.007476445862508608,252.4206397867824,300.84843749445736
A2_w2,A2,random,random,False,0.007130086028366331,0.01499976060976207,-0.007869674581395739,295.79524985463144,395.61170790862474
A2_w2,A2,random,random,False,0.007418177084484033,0.008412982699067114,-0.0009948056145830811,27.210874770572346,421.64149620211066
A2_w2,A2,random,random,False,0.03478249371713163,0.030900710393140178,0.0038817833239914515,130.18800713056015,339.15263701835426
A2_w2,A2,random,random,False,0.042195931598351784,0.030883428095418403,0.01131250350293338,107.3787461183329,10.011997813850638
A2_w2,A2,random,random,False,0.0062922974858749025,0.0167311394713356,-0.0104388419854607,235.0721034175856,139.31164825426018
A2_w2,A2,random,random,False,0.008380423310137525,0.019790307582004528,-0.011409884271867003,285.6216446177749,117.55162768555311
A2_w2,A2,random,random,False,0.005489280864911736,0.010835465185459909,-0.0053461843205481726,231.58713624961038,198.21904633414067
A2_w2,A2,random,random,False,0.02909466877647435,0.02801484037795001,0.00107982839852434,47.8130424916736,47.88036316676177
A2_w2,A2,random,random,False,0.006425483744518753,0.010590294496242728,-0.004164810751723974,423.5336014618862,214.54416280416623
A2_w2,A2,random,random,False,0.0008185857009676252,0.02346720350629687,-0.022648617805329247,291.44495131471433,174.18704457982983
A2_w2,A2,random,random,False,0.01081645426899347,0.01456227046422412,-0.00374581619523065,246.24830188737278,419.1945190386299
A2_w2,A2,random,random,False,0.003010457722689614,0.015882698596469406,-0.012872240873779792,232.37894415940278,174.89002550962533
A2_w2,A2,random,random,False,0.023299678916868568,0.020448544359945982,0.002851134556922586,337.4174036060095,353.4086931579324
A2_w2,A2,random,random,False,0.03954848870950939,0.03349596001293368,0.006052528696575708,362.05325952342844,332.7217536397255
A2_w2,A2,random,random,False,0.025969057974385486,0.01890039459713298,0.007068663377252506,15.320491709673197,48.32071049598461
A2_w2,A2,random,random,False,0.014537571703583196,0.015898547841660008,-0.001360976138076812,29.966043392521545,159.28796272757472
A2_w2,A2,random,random,False,0.03465288515555022,0.012899295391637967,0.021753589763912253,140.29182988149742,78.32702389345424
A2_w2,A2,random,random,False,0.04419714865948704,0.027765147952389935,0.016432000707097105,426.9607219958399,424.7465615756058
A2_w2,A2,random,random,False,0.0017972370884552689,0.01982168078763854,-0.01802444369918327,229.99020427505982,413.49129302825213
A2_w2,A2,random,random,False,0.035865600325468094,0.01198265146663612,0.023882948858831972,313.016089082949,84.30855959064877
A2_w2,A2,random,random,False,0.001122759687774293,0.01268004851320216,-0.011557288825427867,8.705448088862187,340.5083885700274
A2_w2,A2,random,random,False,0.004061727788905791,0.004753188931624965,-0.0006914611427191741,235.41332985914121,323.3558101296258
A2_w2,A2,random,random,False,0.0326313200212208,0.02358294027273206,0.009048379748488742,118.84488274586391,216.11998367743783
A2_w2,A2,random,random,False,0.005901963890198121,0.014738756790316132,-0.008836792900118011,317.5365226772136,341.30155583055307
A2_w2,A2,random,random,False,0.046007358817577296,0.0344603677297853,0.011546991087791995,107.13266608816971,27.632124486228722
A2_w2,A2,random,random,False,0.020371701235678805,0.014085465353408485,0.00628623588227032,247.1118374435801,261.62616272427704
A2_w2,A2,random,random,False,0.006313996812312376,0.01008239901226891,-0.0037684021999565345,380.7268002180828,11.471922502064551
A2_w2,A2,random,random,False,0.005757415231280291,0.014102745285505003,-0.008345330054224713,325.1591161035768,201.8198946365599
A2_w2,A2,random,random,False,0.017336540985925093,0.01812816144530816,-0.0007916204593830661,173.13577889467805,232.81767270753429
A2_w2,A2,random,random,False,0.014609741487293073,0.029873197640933137,-0.015263456153640064,107.92136577372524,0.3607167626904212
A2_w2,A2,random,random,False,0.009432549409711246,0.011160800095891862,-0.0017282506861806164,326.25378298615493,335.9422562104424
A2_w2,A2,random,random,False,0.03354625550037126,0.03027524871131186,0.003271006789059401,264.999968553676,47.213111547322406
A2_w2,A2,random,random,False,0.01407865940845388,0.016774646961418258,-0.002695987552964378,157.6899660710101,60.193302036386
A2_w2,A2,random,random,False,0.04400364237827778,0.029296136775071292,0.014707505603206487,399.0399955093472,231.25638504969467
A2_w2,A2,random,random,False,0.015842784990473684,0.01802854376665079,-0.0021857587761771047,280.4895061112056,329.412173571548
A2_w2,A2,random,random,False,0.036353578904772255,0.03224044612327217,0.004113132781500085,105.75457121920454,183.975409490505
A2_w2,A2,random,random,False,0.0234599295188451,0.01749728752999105,0.005962641988854048,247.19916415119147,276.2527707384107
A2_w2,A2,random,random,False,0.035579938370077085,0.025848786266908785,0.0097311521031683,331.3488315060684,301.5416090579907
A2_w2,A2,random,random,False,0.009339804130535187,0.01812669942958246,-0.008786895299047272,370.34494830283273,6.158333922146337
A2_w2,A2,random,random,False,0.011010492058246987,0.023686194442380706,-0.012675702384133718,46.095376466676925,12.978111232881265
A2_w2,A2,random,random,False,0.042713916148801,0.03852033637732606,0.004193579771474935,14.660475462547874,287.48122776541186
A2_w2,A2,random,random,False,0.034396983993114714,0.031889560632426414,0.0025074233606883004,361.6842157163468,345.92046309499295
A2_w2,A2,random,random,False,0.010785237798780139,0.02037862056272377,-0.009593382763943632,268.3109311311843,73.10943014532201
A2_w2,A2,random,random,False,0.02930636241811952,0.035754181877963837,-0.006447819459844316,108.54395314198902,177.43591789690055
A2_w2,A2,random,random,False,0.027279380730575783,0.029416206452679644,-0.0021368257221038613,271.37357126364986,167.50849017614843
A2_w2,A2,random,random,False,0.03564614172948177,0.021793526016509294,0.013852615712972478,149.88061576317892,75.25806668165993
A2_w2,A2,random,random,False,0.031219742039939866,0.030785920775668763,0.00043382126427110243,243.8078702824899,26.730390712527498
A2_w2,A2,random,random,False,0.04137114047391485,0.04644062845264773,-0.005069487978732877,354.9433087941057,37.95649315923984
A2_w2,A2,random,random,False,0.005946389259488296,0.014303949031351779,-0.008357559771863483,415.17367410732845,270.10789215847973
A2_w2,A2,random,random,False,0.037864400821319796,0.030322535302759246,0.00754186551856055,340.93409151808333,82.00053935643015
A2_w2,A2,random,random,False,0.025616367098460456,0.02694423631405553,-0.0013278692155950754,362.24151256451825,11.79201647660961
A2_w2,A2,random,random,False,0.013435457461924571,0.021926502094759406,-0.008491044632834835,41.37568057108356,14.430556656591097
A2_w2,A2,random,random,False,0.02227628378960611,0.02693176139033794,-0.0046554776007318305,72.75909990972312,379.3803782819861
A2_w2,A2,random,random,False,0.004740170360593491,0.013620057522335013,-0.008879887161741522,254.72558008423903,206.41239409950086
A2_w2,A2,random,random,False,0.03286693914779335,0.03577577166875369,-0.0029088325209603375,392.8694887467326,434.53651476603176
A2_w2,A2,random,random,False,0.047233930499263194,0.03538951581747489,0.011844414681788304,106.59726849298269,50.46002974953423
A2_w3,A2,manual,matched,True,0.025459743764120277,0.02657993524519867,-0.001120191481078392,9.638027048528244,89.67621320604614
A2_w3,A2,manual,matched,True,0.02353064307518245,0.016310675405915555,0.007219967669266896,41.81622911694511,42.019888623707246
A2_w3,A2,manual,matched,True,0.021708912251992205,0.013074990933978249,0.008633921318013956,59.73826571201273,91.71280827366746
A2_w3,A2,manual,missed_both,False,0.031214335266901146,0.032775731326130694,-0.001561396059229548,7.6014319809069235,141.81304693715194
A2_w3,A2,manual,matched,True,0.03076260698838239,0.03198551037514523,-0.001222903386762838,7.194112967382658,172.36197295147176
A2_w3,A2,manual,missed_both,False,0.024904139557074736,0.030508284756862316,-0.00560414519978758,19.006364359586318,157.69848846459826
A2_w3,A2,manual,missed_both,False,0.023828792042540143,0.019628294739115353,0.00420049730342479,55.66507557677009,162.17899761336517
A2_w3,A2,manual,matched,True,0.022616940932899555,0.03011805530183269,-0.007501114368933134,48.33333333333333,209.02068416865552
A2_w3,A2,manual,matched,True,0.030683751290425124,0.036582216957256074,-0.00589846566683095,10.452665075576768,233.45982498011136
A2_w3,A2,manual,matched,True,0.0254379129953498,0.03312214587237616,-0.007684232877026364,14.933174224343674,257.49164677804293
A2_w3,A2,manual,matched,True,0.031668699424194716,0.039212812434942124,-0.007544113010747408,60.14558472553699,251.7891805887033
A2_w3,A2,manual,missed_both,False,0.036442981157370644,0.03327493483320369,0.003168046324166951,19.006364359586318,196.39379474940336
A2_w3,A2,manual,missed_both,True,0.04318286856190472,0.03747807550656351,0.0057047930553412105,58.9236276849642,266.4526650755768
A2_w3,A2,manual,matched,True,0.036060987145750234,0.0395064033055115,-0.0034454161597612665,28.374701670644384,276.22832140015913
A2_w3,A2,manual,missed_both,False,0.0514086295999464,0.04163101248854422,0.009777617111402181,41.40891010342084,288.447891805887
A2_w3,A2,manual,missed_both,True,0.05840453791426364,0.02916509116355085,0.029239446750712793,58.10898965791567,294.9649960222753
A2_w3,A2,manual,matched,True,0.030888612415651148,0.02668772742909632,0.004200884986554829,6.786793953858393,316.96022275258554
A2_w3,A2,manual,matched,True,0.043804586032020545,0.0371542085804819,0.006650377451538646,7.6014319809069235,364.6165473349244
A2_w3,A2,manual,matched,True,0.03725482967858675,0.036369779280164286,0.000885050398422467,2.3062848050914866,378.87271280827366
A2_w3,A2,manual,matched,True,0.03604048960510671,0.026436877437660843,0.009603612167445867,15.34049323786794,394.75815433572
A2_w3,A2,manual,matched,True,0.02654717219952185,0.025376588939818177,0.0011705832597036746,80.10421638822594,386.6117740652346
A2_w3,A2,manual,matched,True,0.040383184400045485,0.03413383386918704,0.006249350530858448,49.14797136038186,373.9848846459825
A2_w3,A2,manual,missed_both,False,0.016955349227301797,0.012013268377716088,0.004942080849585709,87.84327764518696,345.472553699284
A2_w3,A2,manual,missed_both,False,0.002184761485139957,0.020751864028453346,-0.01856710254331339,67.47732696897374,346.6945107398568
A2_w3,A2,manual,missed_both,False,0.013749940974380238,0.019334144068065655,-0.0055842030936854165,62.18217979315831,333.2529832935561
A2_w3,A2,manual,missed_both,False,0.013498682235549099,0.01989628196414991,-0.006397599728600812,72.36515513126491,308.81384248210026
A2_w3,A2,manual,matched,True,0.049537617879325764,0.03188204240253643,0.017655575476789337,69.92124105011933,406.16308671439936
A2_w3,A2,manual,matched,True,0.024997582286498704,0.03366536054713517,-0.008667778260636465,53.2211614956245,396.387430389817
A2_w3,A2,manual,matched,True,0.04754796270093469,0.032535571899677686,0.015012390801257006,64.6260938743039,426.1217183770883
A2_w3,A2,manual,matched,True,0.03661180869007822,0.037121757331389935,-0.0005099486413117152,44.26014319809069,422.0485282418456
A2_w3,A2,manual,matched,True,0.03377485241857207,0.032444109205971704,0.0013307432126003632,27.152744630071595,417.1607000795545
A2_w3,A2,manual,matched,True,0.046651717420918185,0.027230414474462054,0.01942130294645613,10.04534606205251,429.7875894988067
A2_w3,A2,manual,missed_both,False,0.03277635890007822,0.028845811707177357,0.0039305471929008615,36.92840095465394,412.2728719172633
A2_w3,A2,manual,matched,True,0.040113484086345345,0.013664511632722807,0.026448972453622537,147.3118536197295,375.20684168655526
A2_w3,A2,manual,matched,True,0.028851696952228303,0.01078707541263524,0.01806462153959306,164.4192521877486,402.49721559268096
A2_w3,A2,manual,matched,True,0.02868585646156247,0.014886700059052354,0.013799156402510117,153.82895783611775,334.0676213206046
A2_w3,A2,manual,matched,True,0.02379785525964578,0.011044522631220254,0.012753332628425526,135.49960222752586,182.5449482895784
A2_w3,A2,manual,matched,True,0.024728812377027114,0.010500315381599403,0.014228496995427711,163.60461416070007,274.59904534606204
A2_w3,A2,manual,matched,True,0.018731171449739754,0.01074051750768639,0.007990653942053364,132.648369132856,224.0914876690533
A2_w3,A2,manual,matched,True,0.03502214894959912,0.011366988915327227,0.023655160034271892,121.65075576770089,270.1185361972952
A2_w3,A2,manual,matched,True,0.03257204488841582,0.029994919661704294,0.0025771252267115276,159.53142402545743,26.5417661097852
A2_w3,A2,manual,missed_both,False,0.02868791871318984,0.025363896352183887,0.0033240223610059537,175.82418456642802,37.946698488464605
A2_w3,A2,manual,matched,True,0.024947160107300765,0.02496460233964309,-1.7442232342325392e-05,294.7613365155131,64.82975338106603
A2_w3,A2,manual,matched,True,0.030333436677476656,0.027402167750385058,0.0029312689270915987,266.24900556881465,52.20286396181385
A2_w3,A2,manual,matched,True,0.03704686680622948,0.025436739125316337,0.01161012768091314,285.39299920445507,19.21002386634845
A2_w3,A2,manual,matched,True,0.031131463574594363,0.030595657858528535,0.0005358057160658285,257.2879872712808,28.171042163882262
A2_w3,A2,manual,missed_both,False,0.02617832022497326,0.02125330873772662,0.004925011487246639,226.739061256961,42.83452665075576
A2_w3,A2,manual,missed_both,False,0.029167798893847536,0.028263216835487773,0.0009045820583597625,241.8098647573588,62.38583929992045
A2_w3,A2,manual,matched,True,0.026168046116022803,0.019453125432106977,0.006714920683915826,225.9244232299125,8.619729514717584
A2_w3,A2,manual,matched,True,0.038971819947744145,0.03451021496004859,0.004461604987695558,215.74144789180588,85.19570405727923
A2_w3,A2,manual,matched,True,0.029668977361164736,0.026366744135871395,0.003302233225293341,197.412092283214,104.7470167064439
A2_w3,A2,manual,missed_both,True,0.02220908851694915,0.01754350438521408,0.004665584131735068,177.45346062052505,109.2275258552108
A2_w3,A2,manual,missed_both,True,0.03381082836484811,0.034270867678975185,-0.00046003931412707394,238.95863166268896,79.49323786793954
A2_w3,A2,manual,missed_both,True,0.04064044747309017,0.02437983362729963,0.01626061384579054,297.61256961018296,101.08114558472552
A2_w3,A2,manual,matched,True,0.03488770569426159,0.02639832201477275,0.00848938367948884,313.49801113762925,82.75178997613365
A2_w3,A2,manual,missed_both,False,0.04167580986777403,0.030841413271835642,0.010834396595938385,314.3126491646778,102.30310262529832
A2_w3,A2,manual,matched,True,0.03257474126322772,0.024244832613451024,0.008329908649776698,328.9761336515513,116.55926809864758
A2_w3,A2,manual,matched,True,0.030110769101369946,0.031157924154820094,-0.001047155053450148,251.9928400954654,96.19331742243438
A2_w3,A2,manual,matched,True,0.01604741096246107,0.02675379753124501,-0.010706386568783938,221.4439140811456,130.8154335719968
A2_w3,A2,manual,matched,True,0.027759102085081745,0.03162886901555997,-0.0038697669304782224,191.7096260938743,142.2203659506762
A2_w3,A2,manual,matched,True,0.030879193960919742,0.017447943503656523,0.013431250457263219,187.6364359586317,171.54733492442324
A2_w3,A2,manual,matched,True,0.03278666054430703,0.032317561802367875,0.00046909874193915707,231.62688941925217,168.6961018297534
A2_w3,A2,manual,matched,True,0.03758346688596231,0.02376244330018986,0.013821023585772453,255.6587112171838,142.62768496420048
A2_w3,A2,manual,matched,True,0.019477582312808373,0.019224905498298722,0.000252676814509651,285.39299920445507,131.22275258552108
A2_w3,A2,manual,matched,True,0.03559945206634969,0.032044341829401225,0.003555110236948468,284.9856801909308,162.17899761336517
A2_w3,A2,manual,matched,True,0.03147481317026716,0.02484491556987594,0.0066298976003912186,302.5003977724742,147.1081941129674
A2_w3,A2,manual,missed_both,False,0.039944681257789,0.028166932412669616,0.011777748845119385,317.9785202863962,171.54733492442324
A2_w3,A2,manual,missed_both,True,0.03786238585339071,0.03189569288709144,0.005966692966299272,308.6101829753381,187.02545743834528
A2_w3,A2,manual,matched,True,0.03812734157311707,0.03372191237507059,0.004405429198046477,288.6515513126492,185.80350039777247
A2_w3,A2,manual,missed_both,True,0.04292151538143131,0.03465152305270162,0.008269992328729693,287.4295942720764,204.94749403341288
A2_w3,A2,manual,matched,True,0.03312707448828322,0.03477828299022369,-0.0016512085019404696,246.2903739061257,192.72792362768496
A2_w3,A2,manual,missed_both,True,0.041899698379160535,0.033880169411675244,0.008019528967485291,220.2219570405728,185.80350039777247
A2_w3,A2,manual,missed_both,True,0.03506362745208729,0.030603487236868447,0.004460140215218844,205.15115354017505,201.6889419252188
A2_w3,A2,manual,matched,True,0.03271961474500672,0.025171543328834135,0.0075480714161725825,211.260938743039,235.08910103420845
A2_w3,A2,manual,matched,True,0.022427889747503236,0.03200881321673385,-0.009580923469230614,236.51471758154335,244.8647573587908
A2_w3,A2,manual,matched,True,0.051954346082254695,0.027155447639199675,0.02479889844305502,275.2100238663484,262.37947494033415
A2_w3,A2,manual,missed_both,True,0.05095949219878673,0.03111721948776905,0.019842272711017683,259.7319013524264,270.52585521081943
A2_w3,A2,manual,matched,True,0.04798360080172273,0.024373797657329485,0.023609803144393246,321.2370723945903,277.0429594272076
A2_w3,A2,manual,matched,True,0.019123268953615397,0.025619078870242565,-0.006495809916627168,278.8758949880668,294.9649960222753
A2_w3,A2,manual,matched,True,0.029607798414121745,0.03319991100731093,-0.0035921125931891833,237.7366746221161,289.2625298329356
A2_w3,A2,manual,missed_both,True,0.027743701919915608,0.025998006321878195,0.0017456955980374132,209.22434367541769,289.66984884645984
A2_w3,A2,manual,matched,True,0.03531829186599414,0.030957986303179346,0.004360305562814793,209.63166268894196,268.89657915672234
A2_w3,A2,manual,matched,True,0.03249948812365791,0.03009421974665573,0.0024052683770021815,252.40015910898967,311.25775656324583
A2_w3,A2,manual,missed_both,True,0.029403428253913465,0.03249653529798421,-0.0030931070440707413,273.5807478122514,334.88225934765313
A2_w3,A2,manual,matched,True,0.033073512195859994,0.030442820601847626,0.002630691594012368,257.2879872712808,333.2529832935561
A2_w3,A2,manual,matched,True,0.040899535038595815,0.03083813562506158,0.010061399413534233,264.6197295147176,352.8042959427208
A2_w3,A2,manual,missed_both,False,0.026024427479460672,0.029325362101006593,-0.003300934621545921,245.88305489260145,365.43118536197295
A2_w3,A2,manual,matched,True,0.023535457033684374,0.031280009649963456,-0.007744552616279082,288.2442322991249,367.06046141607
A2_w3,A2,manual,matched,True,0.03391804664271509,0.03177076270988909,0.002147283932825997,258.1026252983294,383.35322195704055
A2_w3,A2,manual,missed_both,False,0.03665717702742133,0.028748139562381793,0.007909037465039535,276.43198090692124,382.1312649164678
A2_w3,A2,manual,matched,True,0.04173810113113565,0.03126537854366102,0.010472722587474628,261.3611774065235,419.1972951471758
A2_w3,A2,manual,matched,True,0.029262481502423648,0.026791246823179248,0.0024712346792443995,311.05409705648367,423.27048528241846
A2_w3,A2,manual,matched,True,0.016629657521494975,0.019307376543573677,-0.002677719022078702,309.8321400159109,393.5361972951472
A2_w3,A2,manual,matched,True,0.01541430448536227,0.027899175124936747,-0.012484870639574477,383.964200477327,366.2458233890215
A2_w3,A2,manual,matched,True,0.03138565075062774,0.026132506618366594,0.005253144132261148,403.51551312649167,382.94590294351633
A2_w3,A2,manual,matched,True,0.025431650462554255,0.022186636460950707,0.003245014001603548,429.9912490055688,377.6507557677009
A2_w3,A2,manual,matched,True,0.02993550849945266,0.023145422518528806,0.006790085980923854,386.40811455847256,314.1089896579157
A2_w3,A2,manual,matched,True,0.03801475865944708,0.02770063558547654,0.010314123073970543,406.77406523468574,287.22593476531426
A2_w3,A2,manual,matched,True,0.012307265640323287,0.02627566540298935,-0.013968399762666063,374.5958631662689,257.8989657915672
A2_w3,A2,manual,matched,True,0.02602373260495393,0.028252568845092668,-0.0022288362401387367,381.5202863961814,238.3476531424025
A2_w3,A2,manual,matched,True,0.045280424078414955,0.035073192750627494,0.010207231327787461,335.9005568814638,213.9085123309467
A2_w3,A2,manual,matched,True,0.030649960784022573,0.020990351017130735,0.009659609766891838,339.97374701670645,253.8257756563246
A2_w3,A2,manual,matched,True,0.03552686294334974,0.027549014052458846,0.007977848890890891,331.0127287191726,233.86714399363564
A2_w3,A2,manual,matched,True,0.02295447923390661,0.02697665056587122,-0.00402217133196461,315.5346062052506,246.4940334128878
A2_w3,A2,manual,matched,True,0.03120831096902307,0.023200463896891805,0.008007847072131265,300.05648369132854,234.2744630071599
A2_w3,A2,manual,matched,True,0.04990273909020693,0.02760933311866224,0.022293405971544687,354.6372315035799,186.21081941129677
A2_w3,A2,manual,missed_both,True,0.03692658706502719,0.03129105130369578,0.005635535761331412,344.04693715194907,163.8082736674622
A2_w3,A2,manual,matched,True,0.041928897527519576,0.028197805360936443,0.013731092166583133,342.01034208432776,143.442322991249
A2_w3,A2,manual,matched,True,0.03287234115611254,0.027143482825695803,0.0057288583304167355,370.5226730310263,151.99602227525855
A2_w3,A2,manual,missed_both,False,0.01628691090035408,0.02095744387593968,-0.0046705329755856,398.2203659506762,138.14717581543357
A2_w3,A2,manual,matched,True,0.02253352492781109,0.019460125256299792,0.003073399671511299,401.0715990453461,108.00556881463802
A2_w3,A2,manual,matched,True,0.03436682525071583,0.02766866661507796,0.006698158635637868,429.9912490055688,120.22513922036596
A2_w3,A2,manual,matched,True,0.02922137803527993,0.020416734133423688,0.008804643901856243,433.2498011137629,82.75178997613365
A2_w3,A2,manual,matched,True,0.0203187884857761,0.018419559212366293,0.0018992292734098075,426.3253778838504,167.4741447891806
A2_w3,A2,manual,missed_both,False,0.029230199411367924,0.022488514386264292,0.006741685025103632,425.51073985680193,191.0986475735879
A2_w3,A2,manual,missed_both,False,0.025157301660549775,0.026074968678434268,-0.000917667017884493,423.47414478918057,207.79872712808276
A2_w3,A2,manual,missed_both,False,0.02796015492390829,0.02592529996424676,0.00203485495966153,408.8106603023071,193.13524264120923
A2_w3,A2,manual,missed_both,False,0.01798927412468464,0.020733643394713314,-0.002744369270028673,408.8106603023071,264.41607000795545
A2_w3,A2,manual,missed_both,True,0.0363961306555583,0.021547730130247182,0.014848400525311119,420.2155926809865,347.5091487669053
A2_w3,A2,manual,matched,True,0.040914998251292446,0.024470275560727076,0.01644472269056537,405.552108194113,328.7724741447892
A2_w3,A2,manual,missed_both,False,0.03453121799474246,0.030131332485659034,0.004399885509083424,377.44709626093874,427.75099443118535
A2_w3,A2,manual,matched,True,0.023805330407319115,0.016728139277624562,0.007077191129694554,187.2291169451074,68.49562450278441
A2_w3,A2,manual,matched,True,0.022205580452975826,0.012477617723707637,0.009727962729268189,120.83611774065236,70.53221957040573
A2_w3,A2,manual,matched,True,0.029972197361679335,0.013580255633049008,0.016391941728630326,76.0310262529833,9.434367541766107
A2_w3,A2,manual,matched,True,0.019458155432291287,0.01204560368904846,0.0074125517432428265,100.06284805091488,178.06443914081146
A2_w3,A2,manual,matched,True,0.04516236655186526,0.01656977180539535,0.028592594746469906,188.85839299920443,415.5314240254575
A2_w3,A2,manual,matched,True,0.038074957789003855,0.01735186938651038,0.020723088402493473,194.56085918854416,397.20206841686553
A2_w3,A2,random,random,False,0.045339995969912575,0.02711621077685969,0.018223785193052885,282.90919600065894,49.69255563192321
A2_w3,A2,random,random,False,0.03566895370614282,0.021873126435511862,0.013795827270630959,138.00943327513468,3.8950502089135406
A2_w3,A2,random,random,False,0.027021411305202487,0.024620168632647915,0.0024012426725545724,208.25569598712207,228.78737606846076
A2_w3,A2,random,random,False,0.007129908924082269,0.015689137910180107,-0.008559228986097837,385.0171830710547,100.89112615031048
A2_w3,A2,random,random,False,0.002169000614231703,0.016897493268503688,-0.014728492654271985,133.72404912613203,360.58264287827825
A2_w3,A2,random,random,False,0.029422425452596615,0.03470961022239421,-0.005287184769797594,260.01465176795153,253.48299398824244
A2_w3,A2,random,random,False,0.020623576163836553,0.0266745582791149,-0.006050982115278346,376.1022633933164,195.17639060277858
A2_w3,A2,random,random,False,0.02624710379864331,0.02154828178851219,0.00469882201013112,421.3622024221574,235.86412444959143
A2_w3,A2,random,random,False,0.009263150414132391,0.015432117419518453,-0.006168967005386062,89.0263144111802,364.064670789963
A2_w3,A2,random,random,False,0.008814402823934135,0.013516156012263993,-0.004701753188329858,28.1404407313669,70.57301921303024
A2_w3,A2,random,random,False,0.033553804186802955,0.013065114299000946,0.02048868988780201,124.02923907273008,272.2455012136777
A2_w3,A2,random,random,False,0.02169655704466869,0.024807125948595847,-0.0031105689039271564,434.8468550004146,381.2897825901274
A2_w3,A2,random,random,False,0.028774034853131326,0.02964883994708472,-0.000874805093953393,248.70374533414397,102.40617973101332
A2_w3,A2,random,random,False,0.048210340543434316,0.03443777658748278,0.013772563955951535,32.83501888608446,294.9907520204922
A2_w3,A2,random,random,False,0.019499301870855888,0.027443200254958097,-0.00794389838410221,246.27114929747754,126.3187027497188
A2_w3,A2,random,random,False,0.02790107565023831,0.03730958306814923,-0.009408507417910921,340.26195208842984,202.517331116794
A2_w3,A2,random,random,False,0.0319282050784083,0.01883911680071678,0.013089088277691521,432.40812829167504,80.4207059733662
A2_w3,A2,random,random,False,0.046063154515961574,0.03889030496962038,0.0071728495463411965,47.32727693191404,267.5394753280093
A2_w3,A2,random,random,False,0.04059985921523494,0.023816915978129616,0.016782943237105327,313.5425889947568,276.4733410854056
A2_w3,A2,random,random,False,0.007135951913590365,0.008796988545701066,-0.0016610366321107017,356.38541514780036,340.47764090424454
A2_w3,A2,random,random,False,0.01606496256813983,0.013117674291797476,0.002947288276342353,235.99844141484533,422.17918753753077
A2_w3,A2,random,random,False,0.025790712965659244,0.03061969752993722,-0.0048289845642779765,28.7757127805102,393.66397119995065
A2_w3,A2,random,random,False,0.015947722777455157,0.027042140874532498,-0.011094418097077341,427.2383149481375,421.35942272254715
A2_w3,A2,random,random,False,0.040037671837070486,0.04294495085504954,-0.0029072790179790545,0.6139518700703914,434.59249197745
A2_w3,A2,random,random,False,0.03251768784084621,0.03129338406089596,0.0012243037799502463,311.8389448602131,162.23401669899337
A2_w3,A2,random,random,False,0.03223140156634898,0.024121683842040848,0.008109717724308133,33.69325850413937,124.94501868087657
A2_w3,A2,random,random,False,0.01881096521988935,0.015934961695025184,0.0028760035248641645,359.23050202868376,386.95634264057696
A2_w3,A2,random,random,False,0.03712983953287459,0.03012668631484696,0.007003153218027629,11.574800430403656,123.2728522178736
A2_w3,A2,random,random,False,0.023153721909057248,0.013345824006891263,0.009807897902165985,159.2325088455353,407.3380104192411
A2_w3,A2,random,random,False,0.009062510422590958,0.011340890415479195,-0.0022783799928882374,366.3872364313131,339.6223336382089
A2_w3,A2,random,random,False,0.028405684918201956,0.0256166986406547,0.0027889862775472563,415.32115681858556,370.40482721246514
A2_w3,A2,random,random,False,0.04153094323083379,0.026163021192573795,0.015367922038259995,171.36792589596504,31.913162465281033
A2_w3,A2,random,random,False,0.02995802750802787,0.030342382012618862,-0.00038435450459099046,37.27241400417968,409.1017826611702
A2_w3,A2,random,random,False,0.005085490057139733,0.007517769765665639,-0.002432279708525906,122.35141253855276,120.42597153909176
A2_w3,A2,random,random,False,0.023964078834079708,0.03553799626907058,-0.011573917434990873,365.6441923927301,210.19359292827832
A2_w3,A2,random,random,False,0.025500712707860973,0.023290141932531705,0.002210570775329268,422.0608442231914,94.09702401370919
A2_w3,A2,random,random,False,0.01081736144420741,0.02431353248425195,-0.01349617104004454,310.4729622034051,134.06549518214678
A2_w3,A2,random,random,False,0.028582705795451337,0.025390133118659626,0.0031925726767917106,382.98136413413636,223.26602174811077
A2_w3,A2,random,random,False,0.009158270920362123,0.01715677636327021,-0.007998505442908088,377.1161063882427,343.7420195341312
A2_w3,A2,random,random,False,0.024063381084788105,0.029300431616385052,-0.005237050531596947,357.33654682840677,143.15005220261455
A2_w3,A2,random,random,False,0.01944051682729189,0.02048765964986825,-0.001047142822576362,176.62504260963058,103.92807195572036
A2_w3,A2,random,random,False,0.006665808410857537,0.006158699301228162,0.0005071091096293745,111.28817782222556,137.14174264154445
A2_w3,A2,random,random,False,0.0021785455771751506,0.007243680480424646,-0.005065134903249495,123.68400805609055,302.4404297608003
A2_w3,A2,random,random,False,0.013395422430662282,0.009920413783497872,0.0034750086471644105,369.166775521006,71.95587342093074
A2_w3,A2,random,random,False,0.025568605667013772,0.027530148132551592,-0.0019615424655378202,5.807607098466821,323.4174689326863
A2_w3,A2,random,random,False,0.03113020734686683,0.0333034578993481,-0.002173250552481267,3.557983767776947,238.48431364414606
A2_w3,A2,random,random,False,0.023601453401066688,0.02140912032007636,0.0021923330809903267,414.6939532589645,238.08762750137
A2_w3,A2,random,random,False,0.014882155724526775,0.012316170006947614,0.002565985717579161,50.808811889435475,54.407503596212074
A2_w3,A2,random,random,False,0.02580476061433401,0.02406120730931681,0.0017435533050172008,301.27971192646226,62.472316110588764
A2_w3,A2,random,random,False,0.028828637524080422,0.03243412692882109,-0.003605489404740668,346.8544903380352,158.69185291513412
A2_w3,A2,random,random,False,0.03987189542602575,0.03550786363487104,0.004364031791154709,42.26814631410194,418.41185830767125
A2_w3,A2,random,random,False,0.0041890407414739575,0.007091093370685087,-0.00290205262921113,375.38678213225427,50.93338994506248
A2_w3,A2,random,random,False,0.018828790234757645,0.032265855172478056,-0.01343706493772041,16.39247667581583,347.4194910250177
A2_w3,A2,random,random,False,0.014789321884006178,0.025493424596456298,-0.01070410271245012,77.5223293342425,272.229575171619
A2_w3,A2,random,random,False,0.03449225081679048,0.032321741731910505,0.002170509084879972,64.74731861084857,382.77564218879104
A2_w3,A2,random,random,False,0.01936758647427004,0.01754674763795091,0.0018208388363191302,52.46567795891192,38.05866468799071
A2_w3,A2,random,random,False,0.033956971175469156,0.02634498112835795,0.007611990047111206,68.50147076379847,365.7933110135546
A2_w3,A2,random,random,False,0.004528292467106121,0.008301287281797708,-0.0037729948146915868,335.54294266421783,334.4608699332585
A2_w3,A2,random,random,False,0.014216286799039244,0.013013319362889054,0.0012029674361501898,23.06733853214796,38.55926611276304
A2_w3,A2,random,random,False,0.0028532897566059816,0.006620464185147434,-0.0037671744285414526,403.7857211044326,23.030308765199823
A2_w3,A2,random,random,False,0.017080659057749997,0.027446268986694205,-0.010365609928944208,332.3061246779423,130.1655439410732
A2_w3,A2,random,random,False,0.024210132141236313,0.03380631323810066,-0.009596181096864349,60.47511588155529,390.86138435278116
A2_w3,A2,random,random,False,0.015046932186490471,0.015916558009565276,-0.0008696258230748051,56.51728350021367,36.79107630883463
A2_w3,A2,random,random,False,0.03826614028047292,0.027479459173377678,0.010786681107095242,226.79403586238578,234.60633634767498
A2_w3,A2,random,random,False,0.00709863981506523,0.008938719455721583,-0.0018400796406563532,383.8545818983065,67.08597195525346
A2_w3,A2,random,random,False,0.02169604436349977,0.014963560852808625,0.006732483510691145,316.6874733530852,50.42875271891127
A2_w3,A2,random,random,False,0.026058851769004753,0.020530455679665185,0.005528396089339568,88.32536508070503,394.2572715848104
A2_w3,A2,random,random,False,0.03002688289295543,0.023896510574093793,0.006130372318861637,426.1282461941747,377.08437818039505
A2_w3,A2,random,random,False,0.02914172617081162,0.03179567427392178,-0.0026539481031101556,12.009148398843942,159.3016554341874
A2_w3,A2,random,random,False,0.0045011519566513,0.005576622218372917,-0.0010754702617216168,418.6459073254559,29.505478350535597
A2_w3,A2,random,random,False,0.013393008112791744,0.01380817432785419,-0.0004151662150624451,213.513295744762,349.46444067416155
A2_w3,A2,random,random,False,0.010710939101893089,0.014315812171744005,-0.0036048730698509165,371.24373053278464,341.1133428592569
A2_w3,A2,random,random,False,0.025835922178114364,0.023140437355898307,0.002695484822216057,39.07885601139838,156.5963698978405
A2_w3,A2,random,random,False,0.02587661543177369,0.028370811981193227,-0.0024941965494195383,330.68301334987694,242.23073898303082
A2_w3,A2,random,random,False,0.02123989262678297,0.016936304843608675,0.004303587783174294,46.46638123554014,16.411239109177746
A2_w3,A2,random,random,False,0.010954065914436635,0.023175355191600997,-0.012221289277164362,196.9614986445748,71.03884867318163
A2_w3,A2,random,random,False,0.015235773581993475,0.017740878114888184,-0.0025051045328947086,171.38798979355212,222.07766875102328
A2_w3,A2,random,random,False,0.03488916889646129,0.026571293802950785,0.008317875093510507,296.5672539715674,106.01429418820076
A2_w3,A2,random,random,False,0.025431659647732436,0.03196167436240192,-0.0065300147146694874,309.94015393066667,165.24184710046575
A2_w3,A2,random,random,False,0.02935315736128821,0.03034582010347988,-0.000992662742191671,19.688899490873943,389.91312994530347
A2_w3,A2,random,random,False,0.011036736123235538,0.01261649165319227,-0.0015797555299567317,70.22449209855093,85.98287117080325
A2_w3,A2,random,random,False,0.01008803419569281,0.011672975474691412,-0.0015849412789986014,47.07369939499327,59.015523623301775
A2_w3,A2,random,random,False,0.02470441996159112,0.023062410527667294,0.0016420094339238273,406.07510454538834,114.47102323341039
A2_w3,A2,random,random,False,0.013470232906224277,0.023646955359859664,-0.010176722453635387,281.6329462423216,109.24893461770267
A2_w3,A2,random,random,False,0.025313793754575768,0.031086674181959983,-0.005772880427384216,269.58099140425446,210.72092598950388
A2_w3,A2,random,random,False,0.00520930033407523,0.01111075336044522,-0.00590145302636999,115.13286053562466,208.1926828367764
A2_w3,A2,random,random,False,0.0261157261809855,0.02689772278596047,-0.0007819966049749695,269.1533013490105,246.6106895428662
A2_w3,A2,random,random,False,0.015491458917657328,0.009363321683699083,0.006128137233958246,53.61543924939005,68.55203394773483
A2_w3,A2,random,random,False,0.007307186605926587,0.008206437004144264,-0.0008992503982176766,158.99690638215296,120.60377496765585
A2_w3,A2,random,random,False,0.0010090270659123882,0.00949908090665638,-0.008490053840743993,167.66196595685187,187.0111119919118
A2_w3,A2,random,random,False,0.034177760552478405,0.029335534398117816,0.004842226154360588,251.7961340111214,206.95651275502996
A2_w3,A2,random,random,False,0.019597341005051998,0.028423446759462373,-0.008826105754410375,433.7053675724451,348.7030392228262
A2_w3,A2,random,random,False,0.00039414302438252444,0.0050878564509804144,-0.00469371342659789,163.32568787585743,172.6577186603426
A2_w3,A2,random,random,False,0.0010324016127204038,0.005170799513375651,-0.004138397900655248,115.38087704669792,238.65401441897936
A2_w3,A2,random,random,False,0.007943532668145733,0.0053997706062212545,0.0025437620619244783,141.64449355537974,104.2478563646125
A2_w3,A2,random,random,False,0.007017558933581157,0.014886815234719176,-0.007869256301138019,175.85260650378314,273.20428372805327
A2_w3,A2,random,random,False,0.01245195171879353,0.014924662761839605,-0.002472711043046076,180.79715940287423,222.42315767254576
A2_w3,A2,random,random,False,0.028994125552695107,0.028593059389184872,0.00040106616351023514,210.06907932603906,297.86790148372427
A2_w3,A2,random,random,False,0.013937123278048944,0.025531865821567735,-0.01159474254351879,175.3739945539876,3.998626895658041
A2_w3,A2,random,random,False,0.030017820688877893,0.02537124593640949,0.004646574752468404,253.88413047916507,138.42423655901615
A2_w3,A2,random,random,False,0.049230566963744816,0.03550478876107272,0.013725778202672095,271.07170424898584,178.07753413361775
A2_w3,A2,random,random,False,0.010366451440477415,0.01147049959615613,-0.0011040481556787145,181.36140872411676,232.74929464157316
A2_w3,A2,random,random,False,0.02909104551133526,0.028689362650586865,0.0004016828607483966,271.3638667519554,156.09656313892782
A2_w3,A2,random,random,False,0.0032077646921519344,0.006391352183346057,-0.003183587491194123,156.32745028190843,125.81227306334912
A2_w3,A2,random,random,False,0.011874621866454022,0.011623222892593031,0.00025139897386099,209.5868459036429,349.11108031524356
A2_w3,A2,random,random,False,0.029276311640289487,0.013458829266200763,0.015817482374088726,76.69595600833686,11.319890796148414
A2_w3,A2,random,random,False,0.021577829705183956,0.03447822979100682,-0.012900400085822866,296.21508582221395,177.2253773001861
A2_w3,A2,random,random,False,0.04227352995409792,0.026944216977447706,0.015329312976650217,273.76452783832167,46.52562325962323
A2_w3,A2,random,random,False,0.01739370224954127,0.033980539175864764,-0.016586836926323494,35.70099243147614,357.1992946188602
A2_w3,A2,random,random,False,0.038564982202967585,0.025888718947149784,0.012676263255817801,392.46031373518207,382.8717081640593
A2_w3,A2,random,random,False,0.030203456715757415,0.032869851454096106,-0.0026663947383386913,264.1033681637274,383.9842116715802
A2_w3,A2,random,random,False,0.0010388844793474221,0.006328730822261244,-0.005289846342913821,96.67629613132037,132.7041202980453
A2_w3,A2,random,random,False,0.010793031079119194,0.015455718590997406,-0.004662687511878212,113.01650645211613,280.91970666094517
A2_w3,A2,random,random,False,0.022326690228037207,0.03207644103355674,-0.009749750805519531,265.46522896022617,166.53305661467482
A2_w3,A2,random,random,False,0.029449583181408688,0.024262080912733342,0.005187502268675346,390.6651276869351,231.9895493523408
A2_w3,A2,random,random,False,0.037816253955138074,0.03098735094972027,0.006828903005417802,296.9614168083084,152.43587533925216
A2_w3,A2,random,random,False,0.0008684745369449969,0.005247245224256137,-0.004378770687311141,114.8494311890774,231.46544956356257
A2_w3,A2,random,random,False,0.02549299890721784,0.022725438237802164,0.0027675606694156744,207.31155961901547,220.4937647971238
A2_w3,A2,random,random,False,0.018998138410434347,0.028423722878898373,-0.009425584468464025,376.62294176457414,392.8841957835813
A2_w3,A2,random,random,False,0.02489852994355803,0.020485816482861918,0.004412713460696112,179.6263487434035,131.89120124077448
A2_w3,A2,random,random,False,0.029551249228412603,0.018170956514419176,0.011380292713993427,206.70544005862646,2.5206546018926765
A2_w3,A2,random,random,False,0.03446392627537503,0.02502148201640034,0.009442444258974687,420.0407612654989,103.50728442830483
A2_w3,A2,random,random,False,0.02638728648249698,0.02588727993448235,0.000500006548014631,258.97353201325944,214.9201081579386
A2_w3,A2,random,random,False,0.02238534043480404,0.022184734764176036,0.00020060567062800405,403.2637334688813,109.10567866692342
A2_w3,A2,random,random,False,0.018135594875168935,0.011071092115877635,0.0070645027592913,100.56660997590893,182.9865960965443
A2_w3,A2,random,random,False,0.014619500889104827,0.012116785850530692,0.0025027150385741343,127.49628380445816,342.6932745664919
A2_w3,A2,random,random,False,0.02670481999752106,0.03576341935572486,-0.009058599358203797,360.81133301702044,202.5450088019411
A2_w4,A2,manual,matched,True,0.06777817664995994,0.008504112609363776,0.05927406404059617,55.66507557677009,71.75417661097852
A2_w4,A2,manual,matched,True,0.04807312492581914,0.03861072416644398,0.009462400759375156,92.32378679395389,42.83452665075576
A2_w4,A2,manual,matched,True,0.02321231496667724,0.03030392499592492,-0.007091610029247679,60.55290373906125,22.875894988066825
A2_w4,A2,manual,matched,True,0.030831914793768102,0.032642966316558164,-0.0018110515227900623,126.1312649164678,57.905330151153535
A2_w4,A2,manual,matched,True,0.028083725851954348,0.032650114417658964,-0.004566388565704616,169.71439936356404,65.64439140811456
A2_w4,A2,manual,matched,True,0.029676783511689606,0.03683121688558822,-0.007154433373898615,177.86077963404932,88.04693715194908
A2_w4,A2,manual,matched,True,0.04050239197069873,0.027188399045986064,0.013313992924712664,199.04136833731107,72.16149562450279
A2_w4,A2,manual,matched,True,0.04263760516985142,0.028601884533533583,0.014035720636317837,107.39459029435164,193.94988066825772
A2_w4,A2,manual,matched,True,0.03293780854150068,0.02895732007578825,0.003980488465712428,82.14081145584726,221.24025457438347
A2_w4,A2,manual,matched,True,0.03846636981812841,0.03473382236579288,0.003732547452335533,80.10421638822594,201.2816229116945
A2_w4,A2,manual,matched,True,0.05677920660916481,0.03177256359494216,0.025006643014222646,59.73826571201273,195.98647573587908
A2_w4,A2,manual,matched,True,0.03849473688097977,0.02363360156681835,0.01486113531416142,115.13365155131264,156.0692124105012
A2_w4,A2,manual,matched,True,0.025660623398729494,0.027023381544878582,-0.001362758146149088,107.80190930787587,129.18615751789977
A2_w4,A2,manual,matched,True,0.04282720135835501,0.01792089474057146,0.024906306617783546,103.32140015910898,114.115354017502
A2_w4,A2,manual,matched,True,0.0363905716775461,0.023680725443255838,0.012709846234290261,90.6945107398568,129.59347653142402
A2_w4,A2,manual,matched,True,0.03269423810984112,0.016552486566082634,0.01614175154375849,95.98965791567224,89.67621320604614
A2_w4,A2,manual,matched,True,0.01999127409750145,0.0184023408146408,0.0015889332828606523,91.50914876690533,70.53221957040573
A2_w4,A2,manual,missed_both,True,0.034196870396336745,0.010751631779419254,0.02344523861691749,55.66507557677009,119.00318217979316
A2_w4,A2,manual,matched,True,0.020181775343453372,0.020720942532672725,-0.0005391671892193521,160.75338106603024,125.52028639618138
A2_w4,A2,manual,matched,True,0.018531749287380387,0.027243709186254864,-0.008711959898874477,176.63882259347653,147.51551312649164
A2_w4,A2,manual,matched,True,0.02719649673536009,0.02199260048387156,0.005203896251488531,137.5361972951472,161.36435958631662
A2_w4,A2,manual,matched,True,0.04095868147060662,0.018367255442511426,0.022591426028095194,169.30708035003977,162.5863166268894
A2_w4,A2,manual,matched,True,0.032236029691172306,0.025683286372187846,0.00655274331898446,176.63882259347653,115.3373110580748
A2_w4,A2,manual,matched,True,0.05707565244809052,0.0453043298227777,0.011771322625312823,238.95863166268896,113.30071599045344
A2_w4,A2,manual,matched,True,0.037621282942071996,0.02920279476722336,0.008418488174848637,273.5807478122514,136.5178997613365
A2_w4,A2,manual,matched,True,0.03481084948559767,0.02942523103344906,0.005385618452148612,302.0930787589499,107.59824980111377
A2_w4,A2,manual,matched,True,0.023446794009692278,0.024549385667786024,-0.0011025916580937462,343.2322991249006,97.00795544948288
A2_w4,A2,manual,matched,True,0.026087062066253025,0.031640662091114206,-0.005553600024861181,367.6714399363564,81.93715194908512
A2_w4,A2,manual,matched,True,0.03907646676044493,0.029023326895766387,0.010053139864678547,350.15672235481304,36.7247414478918
A2_w4,A2,manual,matched,True,0.02562836620870331,0.022096254575432295,0.0035321116332710165,317.5712012728719,39.57597454256165
A2_w4,A2,manual,matched,True,0.04087922962855076,0.020713897690782086,0.020165331937768677,323.2736674622116,64.42243436754177
A2_w4,A2,manual,matched,True,0.0453351840546417,0.029246587789758402,0.0160885962648833,385.593476531424,165.030230708035
A2_w4,A2,manual,matched,True,0.05477886610014653,0.0273679752173546,0.027410890882791934,357.89578361177405,172.76929196499603
A2_w4,A2,manual,matched,True,0.029232301613400197,0.03097269827150483,-0.0017403966581046315,334.27128082736675,130.8154335719968
A2_w4,A2,manual,matched,True,0.02519951453492227,0.021801655859133455,0.003397858675788814,409.6252983293556,181.73031026252983
A2_w4,A2,manual,matched,True,0.030164378289167227,0.02926659927440006,0.000897779014767168,396.5910898965792,196.8011137629276
A2_w4,A2,manual,matched,True,0.0207979069416911,0.022505117704233826,-0.001707210762542724,435.6937151949085,193.13524264120923
A2_w4,A2,manual,matched,True,0.023564745620119818,0.01965715410962589,0.003907591510493927,423.0668257756563,223.68416865552905
A2_w4,A2,manual,missed_both,False,0.015416687590036632,0.020230570509248834,-0.004813882919212201,400.6642800318218,226.5354017501989
A2_w4,A2,manual,matched,True,0.031825396563081025,0.017220050976001797,0.014605345587079228,430.80588703261736,266.0453460620525
A2_w4,A2,manual,matched,True,0.03573837606539853,0.03269092463444596,0.003047451430952572,427.5473349244232,302.7040572792363
A2_w4,A2,manual,matched,True,0.024801816454656532,0.03237972613172148,-0.0075779096770649465,389.2593476531424,284.78202068416863
A2_w4,A2,manual,matched,True,0.02994292541471976,0.02356497541609791,0.006377949998621849,164.82657120127288,202.9108989657916
A2_w4,A2,manual,matched,True,0.03444713883192048,0.03351810632780026,0.000929032504120221,194.56085918854416,208.61336515513128
A2_w4,A2,manual,matched,True,0.032478020639841974,0.024181053624445524,0.00829696701539645,188.85839299920443,230.20127287191724
A2_w4,A2,manual,matched,True,0.03386409644727769,0.0346401781505231,-0.0007760817032454112,239.36595067621323,217.1670644391408
A2_w4,A2,manual,missed_both,True,0.033993967203188556,0.031199216211706134,0.0027947509914824226,255.6587112171838,208.206046141607
A2_w4,A2,manual,matched,True,0.026400755383123482,0.02911397965804352,-0.0027132242749200383,282.9490851233095,209.02068416865552
A2_w4,A2,manual,matched,True,0.02683601927690286,0.032371726878886266,-0.005535707601983405,311.46141607000794,231.83054892601436
A2_w4,A2,manual,matched,True,0.027315894150269887,0.025606122528270422,0.0017097716219994646,350.9713603818616,253.8257756563246
A2_w4,A2,manual,matched,True,0.027561832985104787,0.02639878810266889,0.0011630448824358972,351.37867939538586,278.26491646778044
A2_w4,A2,manual,matched,True,0.049909790423039585,0.02460201366764461,0.025307776755394976,371.74463007159903,286.81861575179
A2_w4,A2,manual,matched,True,0.029405614222936815,0.02911197690896326,0.00029363731397355486,324.08830548926016,265.6380270485282
A2_w4,A2,manual,matched,True,0.03551325552547817,0.036015885405383315,-0.0005026298799051462,276.02466189339697,243.64280031821795
A2_w4,A2,manual,matched,True,0.04405052647908842,0.03132036379401498,0.012730162685073439,267.4709626093874,262.7867939538584
A2_w4,A2,manual,matched,True,0.025916719536069565,0.023212020048745015,0.00270469948732455,132.24105011933173,254.23309466984887
A2_w4,A2,manual,matched,True,0.04295307060863794,0.023874331687872598,0.019078738920765344,149.34844868735084,278.6722354813047
A2_w4,A2,manual,matched,True,0.03485342875964807,0.021499556194748772,0.0133538725648993,175.00954653937947,294.1503579952267
A2_w4,A2,manual,matched,True,0.03562336123825191,0.027878941695604374,0.007744419542647537,203.92919649960223,311.25775656324583
A2_w4,A2,manual,missed_both,False,0.012954613679052557,0.01809109645459792,-0.005136482775545362,210.44630071599045,288.04057279236275
A2_w4,A2,manual,matched,True,0.027858518742015954,0.023854322442523328,0.004004196299492627,237.7366746221161,308.81384248210026
A2_w4,A2,manual,matched,True,0.029229609130518457,0.03576323356658578,-0.0065336244360673194,233.66348448687356,327.1431980906921
A2_w4,A2,manual,matched,True,0.040977406597177427,0.030774625773937792,0.010202780823239634,257.2879872712808,336.10421638822595
A2_w4,A2,manual,matched,True,0.03571225489435671,0.03617607844068317,-0.0004638235463264584,285.80031821797934,345.87987271280826
A2_w4,A2,manual,matched,True,0.04324596724851688,0.036636760418143434,0.006609206830373443,308.6101829753381,358.5067621320605
A2_w4,A2,manual,missed_both,True,0.03334865751921033,0.025841537474512084,0.007507120044698248,309.8321400159109,337.733492442323
A2_w4,A2,manual,matched,True,0.03935938838882438,0.030396896156603025,0.008962492232221352,348.527446300716,354.8408910103421
A2_w4,A2,manual,matched,True,0.04944615978863509,0.030051899489322017,0.019394260299313074,388.44470962609387,348.7311058074781
A2_w4,A2,manual,missed_both,False,0.015550684434471763,0.01793108552750264,-0.002380401093030879,390.4813046937152,377.2434367541766
A2_w4,A2,manual,matched,True,0.018733237660474442,0.015865450992646832,0.00286778666782761,367.26412092283215,398.8313444709626
A2_w4,A2,manual,matched,True,0.03293671423582201,0.018885340028272312,0.014051374207549695,316.7565632458234,388.24105011933176
A2_w4,A2,manual,matched,True,0.015285633182518354,0.019296206881970927,-0.004010573699452572,368.8933969769292,427.75099443118535
A2_w4,A2,manual,matched,True,0.03963910937530188,0.018475120327757406,0.021163989047544473,406.77406523468574,409.4216388225935
A2_w4,A2,manual,missed_both,True,0.03819023371445123,0.02526949803822162,0.01292073567622961,427.5473349244232,393.1288782816229
A2_w4,A2,manual,matched,True,0.014035656446520273,0.005850372587193494,0.008185283859326778,216.9634049323787,385.3898170246619
A2_w4,A2,manual,matched,True,0.025900586981704762,0.010081687533065877,0.015818899448638887,179.89737470167066,376.4287987271281
A2_w4,A2,manual,matched,True,0.037050136016889126,0.019507974817131478,0.01754216119975765,133.46300715990452,365.43118536197295
A2_w4,A2,manual,matched,True,0.062267800232645366,0.0274127387251415,0.034855061507503865,113.09705648369132,369.5043754972156
A2_w4,A2,manual,matched,True,0.04569544521322774,0.019114232328275315,0.026581212884952427,106.17263325377884,387.0190930787589
A2_w4,A2,manual,matched,True,0.02586621534057362,0.014404308304629406,0.011461907035944213,66.25536992840095,393.5361972951472
A2_w4,A2,manual,matched,True,0.03277704026498421,0.008409983056089412,0.024367057208894795,191.7096260938743,413.9021479713604
A2_w4,A2,manual,matched,True,0.04997682871563794,0.017107021408227133,0.032869807307410806,258.50994431185364,412.2728719172633
A2_w4,A2,manual,matched,True,0.02805555303577339,0.007768815168857749,0.020286737866915643,302.9077167859984,420.4192521877486
A2_w4,A2,manual,matched,True,0.025954755005003532,0.010691908400422672,0.01526284660458086,260.9538583929992,378.87271280827366
A2_w4,A2,manual,matched,True,0.017666080292737377,0.008790989925502524,0.008875090367234852,99.24821002386632,340.58472553699283
A2_w4,A2,manual,matched,True,0.03261053041520385,0.012049843638699789,0.02056068677650406,228.3683373110581,416.34606205250594
A2_w4,A2,manual,missed_both,False,0.03281786067979884,0.021355749194070264,0.011462111485728576,219.81463802704852,261.9721559268099
A2_w4,A2,manual,matched,True,0.03259222402162302,0.030266436763255754,0.0023257872583672644,245.06841686555288,261.5648369132856
A2_w4,A2,manual,missed_both,False,0.03865548471230894,0.028465456398639222,0.010190028313669715,231.62688941925217,244.05011933174225
A2_w4,A2,manual,missed_both,False,0.015492369437643002,0.00925442948771303,0.006237939949929973,167.27048528241846,246.0867143993636
A2_w4,A2,manual,missed_both,True,0.01600746434487527,0.014377480947789,0.00162998339708627,120.0214797136038,234.2744630071599
A2_w4,A2,manual,missed_both,True,0.02789568406362974,0.018399586698561385,0.009496097365068356,158.30946698488464,312.4797136038186
A2_w4,A2,manual,missed_both,False,0.027847500221578777,0.013957915503853429,0.013889584717725348,176.63882259347653,324.2919649960223
A2_w4,A2,manual,missed_both,False,0.012373100619481946,0.0083484426866873,0.004024657932794646,23.89419252187749,303.1113762927605
A2_w4,A2,manual,matched,True,0.01460619194487772,0.008099192339545223,0.006506999605332497,4.750198886237072,327.5505171042164
A2_w4,A2,manual,matched,True,0.04787082120138123,0.00757446216607457,0.040296359035306664,240.1805887032617,177.6571201272872
A2_w4,A2,manual,missed_both,False,0.0381599301456557,0.0124031750861052,0.025756755059550496,210.0389817024662,189.0620525059666
A2_w4,A2,manual,matched,True,0.03588902462336211,0.01742794443643487,0.01846108018692724,38.15035799522673,77.04932378679395
A2_w4,A2,manual,missed_both,False,0.021785666389691608,0.020614137670926437,0.0011715287187651705,315.9419252187749,20.43198090692124
A2_w4,A2,manual,missed_both,False,0.02149111966481271,0.02408495146696762,-0.0025938318021549098,399.442322991249,301.48210023866346
A2_w4,A2,manual,matched,True,0.01835443749116711,0.022503736836264582,-0.00414929934509747,372.1519490851233,207.3914081145585
A2_w4,A2,manual,matched,True,0.026122894288449574,0.03245071262865222,-0.006327818340202646,359.9323786793954,156.8838504375497
A2_w4,A2,manual,matched,True,0.039045029174313045,0.028033048949597936,0.011011980224715109,319.6077963404932,146.29355608591885
A2_w4,A2,manual,missed_both,False,0.02278219018282381,0.02707864419607332,-0.004296454013249511,315.9419252187749,160.14240254574383
A2_w4,A2,manual,missed_both,True,0.023305509867645114,0.02989061328097886,-0.006585103413333748,345.67621320604616,144.6642800318218
A2_w4,A2,manual,missed_both,True,0.0385432036591814,0.02496950872397788,0.013573694935203523,293.9466984884646,122.66905330151152
A2_w4,A2,random,random,False,0.012881288725623758,0.019644367821078614,-0.006763079095454856,151.17773202205126,168.65597920343606
A2_w4,A2,random,random,False,0.03308853134619631,0.0255084915585744,0.007580039787621912,183.61643702014055,101.95241759590282
A2_w4,A2,random,random,False,0.023327002976944313,0.028668172395106717,-0.005341169418162404,426.7103776158632,412.1234177912879
A2_w4,A2,random,random,False,0.013284232290334267,0.018560969923564055,-0.005276737633229788,375.7647999146945,51.04818313591113
A2_w4,A2,random,random,False,0.035646205348284145,0.029438960497157836,0.006207244851126309,427.69739526282444,315.01671552549413
A2_w4,A2,random,random,False,0.016771355685454205,0.00946069577777212,0.007310659907682086,106.603593399536,286.47680970210723
A2_w4,A2,random,random,False,0.043376378192368795,0.018116459667720332,0.025259918524648463,423.3165428083651,82.57124277083605
A2_w4,A2,random,random,False,0.005343011092624116,0.019057950461871646,-0.01371493936924753,2.8570287985467293,153.18383342103567
A2_w4,A2,random,random,False,0.003640343773967739,0.017769828707400664,-0.014129484933432924,288.3886969209625,377.8426012307482
A2_w4,A2,random,random,False,0.04137845170066958,0.027157064379016823,0.014221387321652759,401.07967134757394,183.2266530556947
A2_w4,A2,random,random,False,0.012471807646303791,0.026192540002224225,-0.013720732355920433,431.6123850617996,371.63897612233137
A2_w4,A2,random,random,False,0.012955868804514459,0.012487808702367336,0.0004680601021471234,400.51103645045544,139.8813864877433
A2_w4,A2,random,random,False,0.012796932683473074,0.010728648549713221,0.0020682841337598522,379.5527098331754,130.49411968098258
A2_w4,A2,random,random,False,0.009415830236204716,0.013434935117727663,-0.004019104881522947,62.95999087941211,139.41480012156845
A2_w4,A2,random,random,False,0.03934104669366971,0.027681824902428497,0.011659221791241212,349.33020633625887,358.97520085826005
A2_w4,A2,random,random,False,0.011723884278977494,0.012852320999885807,-0.0011284367209083122,191.58326580790356,426.6035762283713
A2_w4,A2,random,random,False,0.028772720245741443,0.022310355314415855,0.006462364931325588,356.93528348242535,19.764851669774043
A2_w4,A2,random,random,False,0.03240292835930548,0.026946378175649103,0.005456550183656376,231.12351928297397,338.8704750055733
A2_w4,A2,random,random,False,0.03754308394339689,0.031811354835327044,0.00573172910806985,332.9651826381813,25.516390537640298
A2_w4,A2,random,random,False,0.03339368321285601,0.03310660894879505,0.00028707426406095887,281.73803665980614,218.35823306203253
A2_w4,A2,random,random,False,0.006027467934525949,0.027680374920058017,-0.02165290698553207,217.15282744918883,123.45119655962158
A2_w4,A2,random,random,False,0.005979399756202764,0.005286996093792626,0.0006924036624101383,58.48946214388182,264.77789127483146
A2_w4,A2,random,random,False,0.013883626950647538,0.01659115453362047,-0.0027075275829729333,379.7951785298183,107.59686630626304
A2_w4,A2,random,random,False,0.017909453675734707,0.013730714755214375,0.004178738920520331,348.0604820066855,425.214150894189
A2_w4,A2,random,random,False,0.0266901073698743,0.02444994006818353,0.0022401673016907674,341.44100386371287,280.23265494872317
A2_w4,A2,random,random,False,0.027270403397492916,0.01968477841324197,0.007585624984250947,120.8976063126291,243.2401428434708
A2_w4,A2,random,random,False,0.03568041496488703,0.029998865984816013,0.005681548980071019,295.2202625207058,205.61473941137123
A2_w4,A2,random,random,False,0.03649565726860728,0.034937738181525756,0.0015579190870815274,239.42122675893756,248.78658760978655
A2_w4,A2,random,random,False,0.0359442366659044,0.030897911655756758,0.0050463250101476405,270.0745010554132,342.7963574757575
A2_w4,A2,random,random,False,0.019244640651529248,0.025051044349075055,-0.0058064036975458075,270.6809798837101,330.2183138767685
A2_w4,A2,random,random,False,0.044089862333020674,0.02647017036673434,0.017619691966286335,233.76771595473633,210.8069851279296
A2_w4,A2,random,random,False,0.020045318204961627,0.023459384946898042,-0.0034140667419364154,346.24764561861366,118.30457136682172
A2_w4,A2,random,random,False,0.01620159779574327,0.028517157720845492,-0.01231555992510222,435.81499065117606,370.5982247686712
A2_w4,A2,random,random,False,0.020824483679478173,0.03005559635445756,-0.009231112674979388,373.8563635285491,185.85820252465638
A2_w4,A2,random,random,False,0.019122503381414566,0.021280230122378164,-0.002157726740963598,249.23850318629044,81.89274656147637
A2_w4,A2,random,random,False,0.020932426228650065,0.019514639002588548,0.001417787226061517,305.3128034388287,270.08649215686853
A2_w4,A2,random,random,False,0.04095601851165779,0.03861906834769555,0.002336950163962237,301.0705081853178,353.5400974969535
A2_w4,A2,random,random,False,0.01996154207491347,0.02570664527669284,-0.005745103201779369,305.61255922991336,115.44485998381971
A2_w4,A2,random,random,False,0.0300339168667124,0.03025254563755403,-0.0002186287708416286,90.35169103719967,53.46184267254028
A2_w4,A2,random,random,False,0.009818798355905997,0.010285201233025622,-0.00046640287711962464,10.764693028084263,130.50579097382996
A2_w4,A2,random,random,False,0.03597891190333117,0.027317222092211154,0.008661689811120015,195.629230716236,227.23927683799045
A2_w4,A2,random,random,False,0.031382053527242944,0.015277777290378543,0.0161042762368644,230.42522009714597,419.8723497889016
A2_w4,A2,random,random,False,0.05517791751517811,0.03390471793026037,0.02127319958491774,231.9464231642767,99.2937843169324
A2_w4,A2,random,random,False,0.008519024199419188,0.013900948263654829,-0.005381924064235641,33.60145878000087,58.3239289836769
A2_w4,A2,random,random,False,0.003130542100049052,0.007340662374774514,-0.004210120274725462,68.40008821794034,331.76988677957627
A2_w4,A2,random,random,False,0.006787215326589579,0.01349593457871965,-0.0067087192521300704,107.58972179656513,274.29704004875344
A2_w4,A2,random,random,False,0.005448843556993096,0.018191087167592768,-0.012742243610599672,45.779355021788064,89.23770785601393
A2_w4,A2,random,random,False,0.03085593629180725,0.02089047860415386,0.00996545768765339,134.7279779667171,75.64142218046557
A2_w4,A2,random,random,False,0.004598597899694927,0.011313574965962601,-0.006714977066267674,116.2725925309273,401.128887482413
A2_w4,A2,random,random,False,0.030440212472860616,0.029526815379604082,0.0009133970932565343,346.34616273713306,140.13311446251916
A2_w4,A2,random,random,False,0.03942867689487426,0.03405073217738763,0.005377944717486628,431.2023869808027,302.64347655278306
A2_w4,A2,random,random,False,0.028053033256490334,0.020251078772135493,0.007801954484354841,356.6429282459699,129.59274981964052
A2_w4,A2,random,random,False,0.00815591569932408,0.007881370263885138,0.00027454543543894115,0.42392672603507453,75.7395534094258
A2_w4,A2,random,random,False,0.017124709776635695,0.019488896552622603,-0.0023641867759869074,127.0560100503113,13.803629474118335
A2_w4,A2,random,random,False,0.027657070123147873,0.02144974513034111,0.006207324992806764,125.37504268249396,70.99397540147817
A2_w4,A2,random,random,False,0.026637654175542994,0.013784258453929835,0.012853395721613158,287.61955994615863,418.9156270509901
A2_w4,A2,random,random,False,0.031763776754857795,0.010089194862621883,0.021674581892235912,160.70685310042506,348.4218129670929
A2_w4,A2,random,random,False,0.005639693117032554,0.024801599286384486,-0.01916190616935193,304.31178210193286,123.10908082865927
A2_w4,A2,random,random,False,0.004187894680120436,0.0042172762319604064,-2.938155183997062e-05,153.03363636320066,418.548431852532
A2_w4,A2,random,random,False,0.023231742941887307,0.011015868908900377,0.01221587403298693,103.22810297001254,346.81647565653003
A2_w4,A2,random,random,False,0.005298357994761355,0.015203296536518458,-0.009904938541757103,162.74469863742388,228.17794067545805
A2_w4,A2,random,random,False,0.004024595405027512,0.021134620444083336,-0.017110025039055822,266.91295148298775,426.3044166376108
A2_w4,A2,random,random,False,0.025614634861039966,0.023560563320596053,0.002054071540443913,262.4956927152048,189.68121824660147
A2_w4,A2,random,random,False,0.02330845258477313,0.009964611387676046,0.013343841197097084,263.25032839772894,380.9798766706186
A2_w4,A2,random,random,False,0.006268645377980853,0.020938572402416113,-0.01466992702443526,76.05295147228624,125.26766978036291
A2_w4,A2,random,random,False,0.017170999215122662,0.012180334257084143,0.004990664958038519,204.46370241862047,126.54382354252287
A2_w4,A2,random,random,False,0.008481786173429725,0.008485340152902948,-3.553979473222904e-06,425.63223776727284,142.50981816725414
A2_w4,A2,random,random,False,0.004410663345331987,0.005869186171869417,-0.00145852282653743,40.537662061328525,415.83967399011334
A2_w4,A2,random,random,False,0.0296948629944628,0.025257266869970988,0.004437596124491811,402.2146463246994,352.5691867158184
A2_w4,A2,random,random,False,0.029856631562076606,0.03112357448617911,-0.001266942924102503,154.45029993230813,50.3835662370901
A2_w4,A2,random,random,False,0.004937608073659401,0.012848470494193676,-0.007910862420534275,391.6981249962697,317.9941160422243
A2_w4,A2,random,random,False,0.017373902300679908,0.023597282636730717,-0.006223380336050809,309.23027206051637,189.0579333354122
A2_w4,A2,random,random,False,0.004803924493322512,0.01254428920863886,-0.007740364715316347,199.43994132032796,339.4234078527098
A2_w4,A2,random,random,False,0.018829802511236917,0.021356417846888947,-0.00252661533565203,205.66100250918308,250.59139760074675
A2_w4,A2,random,random,False,0.025627838431290358,0.028523927927809924,-0.002896089496519566,183.9476278868648,155.86614373953554
A2_w4,A2,random,random,False,0.015721733724762255,0.023815051278626573,-0.008093317553864318,190.57391976459297,291.9514312726182
A2_w4,A2,random,random,False,0.0038673684950153065,0.008027390907976247,-0.004160022412960941,307.5188344613622,299.39296575165866
A2_w4,A2,random,random,False,0.007569451539036919,0.015255170010718999,-0.00768571847168208,70.97414765029302,236.68456048122874
A2_w4,A2,random,random,False,0.01468346042739325,0.01747323674029673,-0.00278977631290348,347.0211373098515,294.37515896921326
A2_w4,A2,random,random,False,0.01454899953122307,0.0153221498805254,-0.0007731503493023286,305.4429202940198,43.62878151839663
A2_w4,A2,random,random,False,0.002624426594324274,0.005168274470593559,-0.0025438478762692856,49.35948628701261,345.82272071784416
A2_w4,A2,random,random,False,0.01803119586154513,0.024908069764439916,-0.006876873902894785,287.76464851159386,25.4750687918281
A2_w4,A2,random,random,False,0.0242816108609313,0.02470558955281026,-0.00042397869187895884,418.37211704571797,184.62794622479657
A2_w4,A2,random,random,False,0.04388434426079689,0.03131907915622402,0.01256526510457287,83.39344968685492,38.992120369735105
A2_w4,A2,random,random,False,0.00700763726418722,0.011440922365022593,-0.0044332851008353725,128.60396261179022,90.06044861688491
A2_w4,A2,random,random,False,0.020405703089723042,0.024037362931492855,-0.0036316598417698125,344.3601770390675,117.88974458545292
A2_w4,A2,random,random,False,0.03390808618315133,0.02486682142289502,0.009041264760256313,217.16637585120515,328.05293863950584
A2_w4,A2,random,random,False,0.032895187601138444,0.028413488256195295,0.004481699344943149,343.12019971849963,347.1166183855781
A2_w4,A2,random,random,False,0.029442892982966377,0.02558606362291684,0.003856829360049538,356.9912163004055,282.93042034295587
A2_w4,A2,random,random,False,0.009321403079402563,0.017481521625023696,-0.008160118545621133,409.2379160820253,327.3489128460613
A2_w4,A2,random,random,False,0.005753651308990577,0.009298653376811064,-0.0035450020678204864,321.67617820781544,425.2802057186346
A2_w4,A2,random,random,False,0.014976648721115548,0.006936635860344696,0.008040012860770853,0.5526321180670134,50.33868105710493
A2_w4,A2,random,random,False,0.027909582662086787,0.025756289742162496,0.0021532929199242906,145.52641270896592,285.8763695273673
A2_w4,A2,random,random,False,0.013063802111356817,0.020091941726474064,-0.007028139615117246,268.90051256066727,283.71516282840116
A2_w4,A2,random,random,False,0.006151192843361798,0.012240636698008397,-0.006089443854646599,12.158097907962707,166.68828612577806
A2_w4,A2,random,random,False,0.005236070286078973,0.015362027756545523,-0.010125957470466549,295.3039691631938,433.9527017750038
A2_w4,A2,random,random,False,0.012954613681690154,0.02810617099561787,-0.015151557313927715,363.85510366747883,266.9571060580789
A2_w4,A2,random,random,False,0.025582006674189285,0.022024002696493072,0.0035580039776962127,298.02372305079683,0.12636300292458347
A2_w4,A2,random,random,False,0.015020268458359973,0.022469794545798838,-0.007449526087438865,186.5216373009771,54.018542349824976
A2_w4,A2,random,random,False,0.024759287572978052,0.005316460025397778,0.019442827547580276,204.5813980374851,8.003694086155988
A2_w4,A2,random,random,False,0.012823618563876007,0.01864243768018096,-0.005818819116304955,256.4323894031692,27.774762051715836
A2_w4,A2,random,random,False,0.004326351991529098,0.011922703917429736,-0.007596351925900638,217.9559855237212,54.30441347019683
A2_w4,A2,random,random,False,0.03842063599901856,0.022273303767077087,0.01614733223194147,159.2549488876485,158.9749688908115
A2_w4,A2,random,random,False,0.00847359729361439,0.010661969936183645,-0.002188372642569254,86.13427012348926,324.2289141731015
A2_w4,A2,random,random,False,0.010278713701257991,0.010085896020927392,0.0001928176803305988,82.92436984103173,309.27053770960435
A2_w4,A2,random,random,False,0.00472132424510821,0.01059203880551636,-0.00587071456040815,170.6624570680288,387.5632200805592
A3_w1,A3,manual,matched,True,0.035124568762370655,0.008659885373376317,0.02646468338899434,62.21320604614161,168.35401750198886
A3_w1,A3,manual,matched,True,0.04038867957997819,0.009935775751896194,0.030452903828081995,60.72871917263325,154.00397772474145
A3_w1,A3,manual,matched,True,0.02451832377683633,0.013869059197954564,0.010649264578881766,18.173428798727123,100.56245027844074
A3_w1,A3,manual,matched,True,0.04132227750990696,0.012773712965265813,0.02854856454464115,100.31503579952266,171.32299124900555
A3_w1,A3,manual,matched,True,0.055315773521230016,0.0118870685954028,0.04342870492582722,174.53937947494032,227.73349244232296
A3_w1,A3,manual,matched,True,0.03762817061493127,0.015654356712683185,0.021973813902248084,158.21002386634845,231.1972951471758
A3_w1,A3,manual,matched,True,0.03475698492278729,0.013755663709778175,0.021001321213009114,114.17024661893396,231.69212410501197
A3_w1,A3,manual,matched,True,0.03431702931655544,0.013574468254146242,0.0207425610624092,77.55290373906125,223.28003182179796
A3_w1,A3,manual,matched,True,0.047774192212366375,0.015203241486805004,0.03257095072556137,85.96499602227524,252.4749403341289
A3_w1,A3,manual,matched,True,0.033107957713472774,0.015647487691145753,0.01746047002232702,101.79952267303102,311.854415274463
A3_w1,A3,manual,matched,True,0.05115844573160396,0.011153057673953158,0.040005388057650804,103.28400954653938,329.6682577565632
A3_w1,A3,manual,matched,True,0.042602424851314845,0.010049780986086648,0.0325526438652282,97.34606205250596,359.3579952267303
A3_w1,A3,manual,missed_both,True,0.03461704195659637,0.012619531331720045,0.02199751062487633,85.96499602227524,366.7804295942721
A3_w1,A3,manual,matched,True,0.022074314728699765,0.009940379000824198,0.012133935727875567,17.18377088305489,369.2545743834526
A3_w1,A3,manual,matched,True,0.04465729602395413,0.009761970664614213,0.03489532535933992,64.68735083532219,445.4582338902148
A3_w1,A3,manual,matched,True,0.03955302410696875,0.018534396714250896,0.021018627392717856,94.37708830548924,461.78758949880665
A3_w1,A3,manual,missed_both,True,0.03264177440468108,0.017960849430537558,0.01468092497414352,96.85123309466984,475.1479713603818
A3_w1,A3,manual,matched,True,0.05097671612457435,0.009786748770387573,0.04118996735418678,109.2219570405728,527.5998408910103
A3_w1,A3,manual,matched,True,0.019283565677837546,0.011219822144563952,0.008063743533273594,231.44470962609387,389.5425616547335
A3_w1,A3,manual,matched,True,0.02571084973945939,0.005786727913265863,0.019924121826193526,280.9276054097056,425.6650755767701
A3_w1,A3,manual,matched,True,0.012040768122261701,0.00873895193994293,0.0033018161823187703,292.30867143993635,350.4510739856802
A3_w1,A3,manual,matched,True,0.0279070261191814,0.010301161919911022,0.017605864199270377,340.30708035003977,284.1439936356404
A3_w1,A3,manual,matched,True,0.03672732906840045,0.0067148893691130656,0.030012439699287383,312.101829753381,158.95226730310262
A3_w1,A3,manual,missed_both,False,0.011619178782868538,0.005833184101898351,0.005785994680970187,274.4948289578361,254.4542561654733
A3_w1,A3,manual,matched,True,0.025079132626734297,0.007938586731843285,0.017140545894891012,167.11694510739855,180.7247414478918
A3_w1,A3,manual,matched,True,0.0419594755764229,0.009328175849994605,0.032631299726428295,210.1670644391408,84.23309466984884
A3_w1,A3,manual,matched,True,0.03545528710945603,0.011853290337567563,0.023601996771888466,244.80509148766905,53.05887032617342
A3_w1,A3,manual,matched,True,0.010848272867172751,0.010000499140922967,0.0008477737262497839,268.5568814638027,68.8933969769292
A3_w1,A3,manual,matched,True,0.02086790143053809,0.009203031321105073,0.011664870109433016,303.689737470167,32.77088305489259
A3_w1,A3,manual,matched,True,0.0228193263285812,0.01291549907089879,0.00990382725768241,107.73747016706444,80.76929196499601
A3_w1,A3,manual,matched,True,0.015486675497062136,0.006407830560325582,0.009078844936736555,53.30628480509148,68.39856801909308
A3_w1,A3,manual,matched,True,0.023600091378157457,0.010088548679591301,0.013511542698566156,25.10103420843277,48.11058074781225
A3_w1,A3,manual,matched,True,0.019764673230501857,0.009406297814968862,0.010358375415532995,429.8711217183771,47.12092283214001
A3_w1,A3,manual,matched,True,0.017233217892376165,0.009119332184085357,0.008113885708290807,498.1575178997613,48.11058074781225
A3_w1,A3,manual,matched,True,0.021746631946930738,0.012965810906666144,0.008780821040264593,480.3436754176611,124.31424025457436
A3_w1,A3,manual,matched,True,0.0414262826728628,0.008304508892049646,0.03312177378081316,482.8178202068417,185.17820206841685
A3_w1,A3,manual,matched,True,0.040581174726849,0.006935817926516262,0.03364535680033274,515.4765314240254,200.0230708035004
A3_w1,A3,manual,matched,True,0.04865139462155649,0.010742273436835028,0.03790912118472146,546.1559268098647,176.76610978520284
A3_w1,A3,manual,matched,True,0.049688898814792375,0.010525555378702277,0.0391633434360901,443.2315035799522,205.46618933969768
A3_w1,A3,manual,matched,True,0.04675027055696416,0.0050572665438042685,0.04169300401315989,417.005568814638,233.6714399363564
A3_w1,A3,manual,missed_both,False,0.020817669324983776,0.014097345139146636,0.0067203241858371406,368.0175019888624,335.60620525059664
A3_w1,A3,manual,matched,True,0.03242878608841207,0.010429046441182444,0.02199973964722963,478.3643595863166,340.0596658711217
A3_w1,A3,manual,matched,True,0.045554630200058344,0.01564195419241588,0.029912676007642462,535.7645186953063,342.0389817024662
A3_w1,A3,manual,matched,True,0.033516585934567036,0.013362615488986034,0.020153970445581003,454.61256961018296,393.5011933174224
A3_w1,A3,manual,matched,True,0.028071491141125626,0.008173818374907656,0.01989767276621797,411.0676213206046,435.5616547334924
A3_w1,A3,manual,matched,True,0.028087556702229316,0.0027275030603538786,0.02536005364187544,346.7398568019093,505.8273667462212
A3_w1,A3,manual,matched,True,0.03978535953745641,0.008814645512191131,0.03097071402526528,304.1845664280032,525.6205250596659
A3_w1,A3,manual,matched,True,0.03236412457523732,0.00613014945939376,0.026233975115843557,394.24343675417657,541.4550517104216
A3_w1,A3,manual,matched,True,0.03882669016186347,0.01568317342936419,0.02314351673249928,499.6420047732696,528.0946698488465
A3_w1,A3,manual,matched,True,0.042965736245348427,0.01016595195147739,0.03279978429387104,336.3484486873508,416.2633253778838
A3_w1,A3,manual,matched,True,0.06315712507958131,0.004812989880479482,0.058344135199101824,314.57597454256165,405.8719172633254
A3_w1,A3,manual,matched,True,0.024917220035547617,0.0061881899453888126,0.018729030090158805,353.6674622116149,402.4081145584725
A3_w1,A3,manual,matched,True,0.016358488466998344,0.010308037130508948,0.0060504513364893955,466.4884645982498,252.96976929196492
A3_w1,A3,manual,matched,True,0.014653465121660662,0.007716504151334414,0.006936960970326248,524.3834526650755,276.72155926809864
A3_w1,A3,manual,matched,True,0.026656277259872876,0.007965941575889701,0.018690335683983175,219.0739856801909,490.4876690533015
A3_w1,A3,manual,missed_both,False,0.015286217421529741,0.009996195647639887,0.005290021773889854,79.53221957040572,524.6308671439936
A3_w1,A3,manual,missed_both,False,0.019901210103054272,0.014449666678754561,0.005451543424299711,206.20843277645184,249.01113762927605
A3_w1,A3,manual,missed_both,False,0.01667229026821375,0.009246187563965376,0.0074261027042483736,149.79793158313444,153.0143198090692
A3_w1,A3,manual,missed_both,True,0.02454284153715634,0.009905889358349065,0.014636952178807274,154.7462211614956,360.8424821002386
A3_w1,A3,manual,missed_both,False,0.00880851725648352,0.007532938049946943,0.0012755792065365775,500.13683373110575,292.5560859188544
A3_w1,A3,random,random,False,0.003713488474061794,0.010739263346589497,-0.007025774872527703,521.4019088102547,20.88666997803998
A3_w1,A3,random,random,False,0.001306980247580504,0.0034845724315165265,-0.0021775921839360226,281.6055154139782,465.24279556399324
A3_w1,A3,random,random,False,0.0015876242296143275,0.006518797706507166,-0.004931173476892838,410.54692749484394,287.5547551747435
A3_w1,A3,random,random,False,0.013493819649308842,0.007136511516244419,0.006357308133064423,5.625276707064879,146.2156610958216
A3_w1,A3,random,random,False,0.0041784366967322,0.0145162258745009,-0.010337789177768699,160.4802467186652,210.0707700507389
A3_w1,A3,random,random,False,0.0024955760251172176,0.003700474757791159,-0.0012048987326739413,456.759394928871,73.11918086021358
A3_w1,A3,random,random,False,0.006748742182119841,0.007000095653990377,-0.00025135347187053587,137.6965912647446,281.9296422403392
A3_w1,A3,random,random,False,0.0167357737283584,0.012213913919088477,0.004521859809269923,223.47042931323213,387.2137379809638
A3_w1,A3,random,random,False,0.002895339907476566,0.007457087985482545,-0.004561748078005979,62.934061663184515,534.5724958235462
A3_w1,A3,random,random,False,0.001966845325422849,0.0037398698027271897,-0.0017730244773043408,290.470149368551,206.02693346530992
A3_w1,A3,random,random,False,0.005048809886164842,0.00364988424346634,0.0013989256426985017,515.865920367607,127.41191083145164
A3_w1,A3,random,random,False,0.000534586234445284,0.006415627748344685,-0.0058810415138994005,269.6625784897275,411.88307935491986
A3_w1,A3,random,random,False,0.002777841657003239,0.004737998956820523,-0.001960157299817284,239.32092796970952,105.00442054673572
A3_w1,A3,random,random,False,0.012400165098066384,0.012797707358020277,-0.0003975422599538925,13.340516899364282,357.81290475240695
A3_w1,A3,random,random,False,0.01687295349744834,0.004628678427317213,0.012244275070131126,402.3539486227743,325.2333971296613
A3_w1,A3,random,random,False,0.0001878338465592511,0.0031591956290260813,-0.00297136178246683,317.84730912609035,4.559978552451597
A3_w1,A3,random,random,False,0.020534485836373254,0.01763888920773717,0.0028955966286360844,96.43775870737241,74.88428077386372
A3_w1,A3,random,random,False,0.0025304206216155566,0.005540602087330652,-0.003010181465715095,47.56573261988225,481.35370376301825
A3_w1,A3,random,random,False,0.002450321745380481,0.006235443534490023,-0.003785121789109542,35.88418701267641,301.02769995828015
A3_w1,A3,random,random,False,0.017959234381802715,0.011028383371265674,0.006930851010537042,212.6129489062586,220.82459807111096
A3_w1,A3,random,random,False,0.013168207531847225,0.010491684722334239,0.0026765228095129868,44.887536323599555,69.94394928558512
A3_w1,A3,random,random,False,0.0069328572043729966,0.005851754860636329,0.0010811023437366672,204.4221117510193,322.0287545076781
A3_w1,A3,random,random,False,0.0011736892265350148,0.0023706927235773454,-0.0011970034970423306,254.73966317811013,307.04045073287983
A3_w1,A3,random,random,False,0.0024028571988674737,0.002992987653727688,-0.0005901304548602145,545.1786090813624,231.5245896087019
A3_w1,A3,random,random,False,0.00188040127953609,0.0044544325187704376,-0.0025740312392343477,537.6414099969015,107.54506739831305
A3_w1,A3,random,random,False,0.0,0.0010132996710165538,-0.0010132996710165538,382.2963334648157,65.94735819540215
A3_w1,A3,random,random,False,0.0026913698378708286,0.0045409235887589,-0.0018495537508880712,352.4099591170775,52.02147458555299
A3_w1,A3,random,random,False,0.034250720266483396,0.018653290426713584,0.015597429839769812,70.81981209194993,444.69668153434446
A3_w1,A3,random,random,False,0.007149837448284954,0.009056445224604092,-0.0019066077763191377,173.27963768593577,166.00906786161994
A3_w1,A3,random,random,False,0.004654103581439615,0.0042950161235024535,0.0003590874579371614,360.3857757689071,238.50022217086905
A3_w1,A3,random,random,False,0.004820937956709894,0.004436531544863034,0.00038440641184686077,31.614903862312666,317.1171611937904
A3_w1,A3,random,random,False,0.013850361087696848,0.008665445628622788,0.00518491545907406,73.4742672922414,523.0705241996591
A3_w1,A3,random,random,False,0.0054254752786183046,0.009048334100275569,-0.0036228588216572644,121.4477063389604,44.62824518007311
A3_w1,A3,random,random,False,0.015208499347582177,0.010110733651668273,0.0050977656959139035,292.81967983223296,541.2233162246467
A3_w1,A3,random,random,False,0.004985409636118086,0.004441847900363231,0.0005435617357548552,361.9713587878117,240.9949966754312
A3_w1,A3,random,random,False,0.0023240385935415493,0.007987864710413945,-0.005663826116872396,99.16929841191141,278.8659725073155
A3_w1,A3,random,random,False,0.009139076881845449,0.010351308709647147,-0.001212231827801698,137.81900697279656,150.3350976756909
A3_w1,A3,random,random,False,0.0011288431727567857,0.0029266117632965167,-0.001797768590539731,380.7452349820931,469.7149821139322
A3_w1,A3,random,random,False,0.000937856249497172,0.006460665832057093,-0.005522809582559921,443.57484634150467,355.738496846517
A3_w1,A3,random,random,False,0.014096636203142197,0.00907371830633959,0.005022917896802606,230.64661606995244,413.6401874244096
A3_w1,A3,random,random,False,0.0009504912404153305,0.007426437287741392,-0.006475946047326061,206.88200458076386,506.99673546705645
A3_w1,A3,random,random,False,0.0028628710664718913,0.0011917970721588228,0.0016710739943130684,359.8357524886521,162.71348776801025
A3_w1,A3,random,random,False,0.004714902150287366,0.003707681782740718,0.0010072203675466477,36.7183887266905,151.61179136210808
A3_w1,A3,random,random,False,0.014473083200808553,0.016775338316418635,-0.002302255115610082,509.32585534963414,524.3955436764204
A3_w1,A3,random,random,False,0.0031111981726239355,0.006798072383762801,-0.003686874211138865,100.35274816423636,498.65538918717635
A3_w1,A3,random,random,False,0.0034812145381413026,0.003446602595851783,3.461194228951978e-05,52.94228311971421,371.87686709660295
A3_w1,A3,random,random,False,0.014242338888857339,0.025982056897445382,-0.011739718008588043,94.84993246206392,251.55601429336897
A3_w1,A3,random,random,False,0.008693352368673387,0.006053830919379435,0.0026395214492939516,163.17751536786733,506.2782913794025
A3_w1,A3,random,random,False,0.0032660162199197084,0.006241269733024998,-0.0029752535131052898,505.92479308447946,323.71443807020995
A3_w1,A3,random,random,False,0.004882830526154626,0.0029760628294524635,0.0019067676967021627,400.60976339317875,262.37771466386675
A3_w1,A3,random,random,False,0.0077369622843342966,0.013613225041187685,-0.005876262756853388,234.33495158233475,64.06913542922564
A3_w1,A3,random,random,False,0.0060573118563443445,0.006606511113183673,-0.0005491992568393287,141.84364466625834,277.0593369511465
A3_w1,A3,random,random,False,0.0007757498327823743,0.0012293040541846152,-0.00045355422140224094,313.6811760619531,237.32390893598588
A3_w1,A3,random,random,False,0.00266567932014689,0.0035378121544098777,-0.0008721328342629875,366.7193893066483,214.41117001395364
A3_w1,A3,random,random,False,0.00039295039287784255,0.00486469405198383,-0.004471743659105987,56.19184332365484,474.06641118464677
A3_w1,A3,random,random,False,0.0022624953925511277,0.011837402174567831,-0.009574906782016702,344.34352853731224,428.5137472247689
A3_w1,A3,random,random,False,0.0019068613388266893,0.004049248116933904,-0.0021423867781072145,342.8501961336496,441.8659547149479
A3_w1,A3,random,random,False,0.020608426139110812,0.0116680817918007,0.008940344347310112,405.220769386689,443.46811247939047
A3_w1,A3,random,random,False,0.021698905618259993,0.013528305938176383,0.00817059968008361,97.81353825079916,181.1605316919229
A3_w1,A3,random,random,False,0.0010504961967194874,0.003470667178225362,-0.002420170981505875,32.36252811653635,270.7571950591527
A3_w2,A3,manual,missed_both,False,0.02115480398973475,0.018821127294528485,0.002333676695206264,21.637231503579947,149.05568814638025
A3_w2,A3,manual,matched,True,0.027671948510308558,0.02725316661352058,0.0004187818967879772,23.61654733492442,62.46062052505965
A3_w2,A3,manual,missed_both,False,0.031169429474855726,0.028073137210709743,0.0030962922641459834,13.225139220365946,44.151949085123306
A3_w2,A3,manual,missed_both,False,0.023554428975914418,0.02965784534585832,-0.006103416369943902,29.05966587112171,22.379474940334127
A3_w2,A3,manual,matched,True,0.03943428885157236,0.026653413111877862,0.012780875739694497,54.29594272076372,46.62609387430389
A3_w2,A3,manual,matched,True,0.028008424197360656,0.02132324053380539,0.006685183663555267,65.18217979315831,93.14001591089897
A3_w2,A3,manual,matched,True,0.03782436553642094,0.025148588536294682,0.01267577700012626,51.821797931583134,71.36754176610978
A3_w2,A3,manual,matched,True,0.03272641207777093,0.027759906149832512,0.00496650592793842,119.11853619729511,122.3349244232299
A3_w2,A3,manual,matched,True,0.03148208978888021,0.022635951605580018,0.008846138183300191,89.92362768496419,70.87271280827366
A3_w2,A3,manual,matched,True,0.028593004575404007,0.029351551712774766,-0.0007585471373707589,86.45982498011136,42.17263325377883
A3_w2,A3,manual,matched,True,0.020171812869251536,0.032427340576446105,-0.012255527707194569,127.53062848050914,19.410501193317423
A3_w2,A3,manual,matched,True,0.02345960399780472,0.02037888180468144,0.003080722193123279,152.76690533015113,23.36913285600636
A3_w2,A3,manual,matched,True,0.034261309337084586,0.028311306377083234,0.005950002960001352,247.7740652346857,187.15751789976133
A3_w2,A3,manual,matched,True,0.02874308045820641,0.02579317364396562,0.0029499068142407915,272.5155131264916,163.9005568814638
A3_w2,A3,manual,matched,True,0.030441341259440747,0.028012986004439074,0.0024283552550016727,300.2259347653142,234.1662688941925
A3_w2,A3,manual,matched,True,0.029403078918923672,0.025142482132200477,0.0042605967867231954,274.4948289578361,239.6093874303898
A3_w2,A3,manual,missed_both,False,0.026358471779733456,0.025230717180688856,0.0011277545990446003,260.1447891805887,278.206046141607
A3_w2,A3,manual,missed_both,False,0.030887140647748702,0.028319947531081587,0.002567193116667116,255.1964996022275,293.0509148766905
A3_w2,A3,manual,matched,True,0.03477473869418004,0.02869280566716695,0.006081933027013091,238.3723150357995,312.3492442322991
A3_w2,A3,manual,missed_both,False,0.03223376721488438,0.03275749708674343,-0.0005237298718590508,256.68098647573584,314.82338902147967
A3_w2,A3,manual,matched,True,0.02952018266987525,0.03491080643451841,-0.0053906237646431585,228.9705648369133,327.6889419252187
A3_w2,A3,manual,matched,True,0.035583775823344016,0.02904011231181257,0.006543663511531447,178.99284009546537,278.7008750994431
A3_w2,A3,manual,matched,True,0.03215855776032452,0.02852079817527536,0.0036377595850491627,158.21002386634845,284.6388225934765
A3_w2,A3,manual,matched,True,0.02858238798493172,0.024694208007044548,0.0038881799778871726,151.2824184566428,299.48369132856004
A3_w2,A3,manual,matched,True,0.03195323514113102,0.03552424516494222,-0.0035710100238112025,218.5791567223548,349.95624502784403
A3_w2,A3,manual,missed_both,False,0.030805046346570775,0.02956590658398436,0.0012391397625864144,203.73428798727127,362.326968973747
A3_w2,A3,manual,matched,True,0.028085377959324413,0.02716785310105736,0.0009175248582670541,116.14956245027844,297.9992044550517
A3_w2,A3,manual,missed_both,False,0.030373621626376284,0.024725149670331244,0.00564847195604504,155.73587907716785,345.0079554494829
A3_w2,A3,manual,matched,True,0.03067747774244535,0.023333942147966573,0.007343535594478777,116.64439140811456,345.0079554494829
A3_w2,A3,manual,matched,True,0.026435220080333766,0.026251529802139014,0.0001836902781947522,199.77565632458231,427.1495624502784
A3_w2,A3,manual,missed_both,False,0.02663451166152547,0.02861072853139761,-0.001976216869872139,163.15831344470962,426.1599045346062
A3_w2,A3,manual,missed_both,False,0.03309117435432365,0.02928491640381795,0.003806257950505699,123.5719968178202,395.975338106603
A3_w2,A3,manual,matched,True,0.027092823611661716,0.027269601222040602,-0.0001767776103788858,90.41845664280032,391.0270485282418
A3_w2,A3,manual,missed_both,False,0.025080131374909137,0.023231823792790866,0.0018483075821182707,123.07716785998409,437.0461416070008
A3_w2,A3,manual,matched,True,0.025519208575400493,0.024944222228221815,0.0005749863471786777,27.080350039777244,393.0063643595863
A3_w2,A3,manual,missed_both,False,0.030302595995316456,0.021991274951099326,0.00831132104421713,83.98568019093078,428.6340493237868
A3_w2,A3,manual,missed_both,False,0.019280132489614285,0.022921642971717008,-0.003641510482102723,124.06682577565633,465.25139220365946
A3_w2,A3,manual,matched,True,0.02769907542549042,0.02288964241338035,0.004809433012110072,42.914876690533006,454.3651551312649
A3_w2,A3,manual,matched,True,0.034762673917454155,0.024797160354781796,0.009965513562672359,97.84089101034206,472.6738265712012
A3_w2,A3,manual,missed_both,False,0.02017377751384689,0.021876494354535574,-0.0017027168406886853,72.60461416070007,475.642800318218
A3_w2,A3,manual,missed_both,False,0.028523484424275474,0.026241519758719495,0.0022819646655559793,125.55131264916466,501.37390612569607
A3_w2,A3,manual,matched,True,0.026160991712706798,0.022857849181624902,0.0033031425310818957,51.326968973747015,509.291169451074
A3_w2,A3,manual,matched,True,0.0365324944193249,0.027149736954653645,0.009382757464671255,51.326968973747015,537.4964200477326
A3_w2,A3,manual,matched,True,0.027841669929880675,0.027526300913119358,0.0003153690167613174,10.750994431185362,533.0429594272076
A3_w2,A3,manual,matched,True,0.02453987033604139,0.025120215936101926,-0.0005803456000605355,256.68098647573584,545.4136833731105
A3_w2,A3,manual,missed_both,False,0.0345741084130495,0.028170278369528044,0.006403830043521453,230.45505171042163,530.0739856801908
A3_w2,A3,manual,matched,True,0.022262649489741673,0.027310407333056046,-0.005047757843314373,260.6396181384248,523.1463802704852
A3_w2,A3,manual,missed_both,True,0.03545937407495016,0.027327158004706954,0.008132216070243205,244.80509148766905,508.3015115354017
A3_w2,A3,manual,matched,True,0.025466098828463107,0.030038392823059545,-0.004572293994596438,282.9069212410501,485.0445505171042
A3_w2,A3,manual,matched,True,0.029216558279912066,0.026892212041375006,0.0023243462385370596,269.0517104216388,499.3945902943516
A3_w2,A3,manual,matched,True,0.036299318598061646,0.026278740450013802,0.010020578148047844,319.5242641209228,496.4256165473349
A3_w2,A3,manual,matched,True,0.023649673252452014,0.020277575037268816,0.003372098215183198,364.0588703261734,529.0843277645187
A3_w2,A3,manual,matched,True,0.020750006038343902,0.02449365961573581,-0.003743653577391908,382.36754176610975,519.6825775656324
A3_w2,A3,manual,matched,True,0.025756006083406228,0.022687291380265005,0.0030687147031412225,373.9554494828957,490.4876690533015
A3_w2,A3,manual,matched,True,0.02091569817055296,0.021885924073270356,-0.0009702259027173955,348.7191726332538,465.7462211614956
A3_w2,A3,manual,matched,True,0.0324990089205867,0.02621269799588441,0.00628631092470229,370.986475735879,457.3341288782816
A3_w2,A3,manual,matched,True,0.03299691319045887,0.022468438169603193,0.010528475020855674,422.4486873508353,463.76690533015113
A3_w2,A3,manual,matched,True,0.02414106678574943,0.023413705055310007,0.0007273617304394235,409.58313444709626,413.7891805887032
A3_w2,A3,manual,matched,True,0.02975143190327397,0.02648016662854928,0.00327126527472469,478.3643595863166,436.55131264916463
A3_w2,A3,manual,missed_both,False,0.026849407110092625,0.02431232119413576,0.002537085915956864,459.066030230708,428.6340493237868
A3_w2,A3,manual,matched,True,0.028429154422602215,0.02004366341056806,0.008385491012034157,475.39538583929993,470.6945107398568
A3_w2,A3,manual,matched,True,0.025968947682051543,0.02110230994644944,0.004866637735602104,533.2903739061256,511.27048528241846
A3_w2,A3,manual,matched,True,0.03480664960757791,0.022310243683670523,0.012496405923907383,511.02307080350033,533.0429594272076
A3_w2,A3,manual,missed_both,False,0.01601378179245554,0.018531334195468995,-0.0025175524030134552,537.7438345266507,433.0875099443118
A3_w2,A3,manual,matched,True,0.02115899389545052,0.026169330587065838,-0.005010336691615318,476.87987271280826,399.93396976929193
A3_w2,A3,manual,missed_both,False,0.022465432723365132,0.02493298154372188,-0.0024675488203567478,502.11614956245023,394.49085123309465
A3_w2,A3,manual,matched,True,0.025115563769112965,0.024899425374573056,0.00021613839453990882,517.4558472553699,387.0684168655529
A3_w2,A3,manual,missed_both,False,0.017490722712613555,0.020402519716840407,-0.002911797004226852,513.0023866348448,336.10103420843274
A3_w2,A3,manual,missed_both,False,0.028011980290651026,0.027837539753066513,0.00017444053758451303,541.7024661893397,333.1320604614161
A3_w2,A3,manual,missed_both,False,0.021869867337323993,0.024492917136479837,-0.0026230497991558445,491.7247414478918,366.7804295942721
A3_w2,A3,manual,missed_both,False,0.026251338406569496,0.02793578724119614,-0.0016844488346266437,327.4415274463007,200.5178997613365
A3_w2,A3,manual,missed_both,False,0.031017999216451018,0.02646309070815678,0.0045549085082942364,374.945107398568,212.39379474940333
A3_w2,A3,manual,matched,True,0.03312501442588836,0.026625732813390646,0.006499281612497715,390.77963404932376,186.1678599840891
A3_w2,A3,manual,missed_both,False,0.029488560867803847,0.024764982885701465,0.004723577982102382,402.6555290373906,165.38504375497214
A3_w2,A3,manual,matched,True,0.02628216668285272,0.026192412418392694,8.975426446002771e-05,418.4900556881464,149.05568814638025
A3_w2,A3,manual,missed_both,False,0.02789870473807738,0.026605389272378918,0.0012933154656984622,450.1591089896579,152.02466189339697
A3_w2,A3,manual,missed_both,False,0.02528601130007413,0.027279559323881812,-0.0019935480238076828,446.20047732696895,128.2728719172633
A3_w2,A3,manual,matched,True,0.026536201761973844,0.023101636223790512,0.0034345655381833318,388.8003182179793,87.69689737470166
A3_w2,A3,manual,matched,True,0.029008444065954726,0.02286606210891701,0.006142381957037715,360.10023866348445,58.0071599045346
A3_w2,A3,manual,matched,True,0.028354588766700706,0.029605970386233353,-0.0012513816195326467,458.07637231503577,94.1296738265712
A3_w2,A3,manual,missed_both,True,0.026264502119115817,0.028276183411178046,-0.00201168129206223,491.22991249005565,92.15035799522671
A3_w2,A3,manual,missed_both,False,0.018200071829002303,0.022600616106574684,-0.004400544277572381,388.3054892601432,44.64677804295943
A3_w2,A3,manual,matched,True,0.028674932225539518,0.025674104504805402,0.003000827720734116,459.066030230708,38.70883054892602
A3_w2,A3,manual,matched,True,0.016801163214096086,0.02014695332028037,-0.003345790106184285,388.3054892601432,9.513922036595062
A3_w2,A3,manual,matched,True,0.024721387430334522,0.027443158535309188,-0.0027217711049746657,465.4988066825776,118.37629276054096
A3_w2,A3,manual,missed_both,False,0.02614206990356502,0.02512515721439332,0.0010169126891716972,174.53937947494032,460.7979315831344
A3_w2,A3,manual,missed_both,False,0.03499729058043781,0.0324284896831197,0.0025688008973181117,184.9307875894988,391.0270485282418
A3_w2,A3,manual,matched,True,0.05509015031621084,0.007527585099889822,0.04756256521632102,500.13683373110575,209.4248210023866
A3_w2,A3,manual,matched,True,0.04424716992777128,0.01230854649348408,0.0319386234342872,501.6213206046141,181.21957040572792
A3_w2,A3,manual,matched,True,0.058844685665787,0.012809553804456275,0.04603513186133073,542.6921241050119,202.49721559268096
A3_w2,A3,manual,matched,True,0.018616976208867538,0.008900798282077953,0.009716177926789586,536.7541766109784,83.73826571201272
A3_w2,A3,manual,matched,True,0.03862571249557595,0.008966382231658396,0.029659330263917552,526.8575974542562,53.55369928400954
A3_w2,A3,manual,matched,True,0.04319280120818387,0.00822456569606696,0.034968235512116905,543.186953062848,16.44152744630071
A3_w2,A3,manual,matched,True,0.024667843841318784,0.009416072978413913,0.01525177086290487,471.9315831344471,324.71996817820207
A3_w2,A3,manual,matched,True,0.030649513887599383,0.0064313744473113894,0.024218139440287993,482.8178202068417,258.4128878281623
A3_w2,A3,manual,missed_both,True,0.02251471754750821,0.017791120975342557,0.004723596572165652,370.986475735879,426.1599045346062
A3_w2,A3,manual,missed_both,False,0.021515353135662735,0.02289348713454911,-0.001378133998886373,80.02704852824183,519.6825775656324
A3_w2,A3,manual,matched,True,0.02730502068610725,0.022113224120341307,0.005191796565765943,106.25298329355608,530.568814638027
A3_w2,A3,manual,missed_both,False,0.02929273116906128,0.026275741719106474,0.0030169894499548072,290.32935560859187,278.7008750994431
A3_w2,A3,manual,matched,True,0.03427719127946739,0.02938893717190793,0.004888254107559463,314.57597454256165,307.4009546539379
A3_w2,A3,manual,missed_both,False,0.02550107483917229,0.023932711078809392,0.0015683637603628973,423.9331742243437,252.4749403341289
A3_w2,A3,manual,missed_both,False,0.03282026584897912,0.028576264873921176,0.004244000975057942,465.4988066825776,66.4192521877486
A3_w2,A3,manual,matched,True,0.036110998763096175,0.029745611501714026,0.006365387261382149,320.01909307875894,214.3731105807478
A3_w2,A3,manual,missed_both,False,0.02227148114320035,0.022820311624200548,-0.0005488304810001982,404.6348448687351,263.8560063643596
A3_w2,A3,random,random,False,0.012212350564294231,0.010074684739649783,0.0021376658246444486,539.6468090832728,84.09774636350969
A3_w2,A3,random,random,False,0.018814094709343865,0.009846322517231164,0.008967772192112701,377.1810515926522,341.08867418692995
A3_w2,A3,random,random,False,0.02240240846484396,0.029534841266046483,-0.007132432801202522,246.78609306162326,536.34274647685
A3_w2,A3,random,random,False,0.015409095416483434,0.019811453334999653,-0.004402357918516219,380.20752011045596,9.270005128383021
A3_w2,A3,random,random,False,0.030713537252792255,0.027433730766864645,0.0032798064859276103,281.69526274929285,205.35076398463607
A3_w2,A3,random,random,False,0.004497804495191717,0.0074801805672058685,-0.0029823760720141517,488.1356142854089,291.1384124802982
A3_w2,A3,random,random,False,0.020997373296452446,0.018288297661194646,0.0027090756352577995,458.2310144928504,450.9739108152763
A3_w2,A3,random,random,False,0.01623243110949941,0.013060368379338334,0.0031720627301610772,138.45094390680194,220.1230224695431
A3_w2,A3,random,random,False,0.024155244061281937,0.02574539647850494,-0.0015901524172230036,101.12859648121383,493.05445674844145
A3_w2,A3,random,random,False,0.027731285745377615,0.028243179769550635,-0.0005118940241730201,37.19861182492912,42.62989478427001
A3_w2,A3,random,random,False,0.02568634756367819,0.02512699840539397,0.0005593491582842197,32.27635111580935,88.87826597479906
A3_w2,A3,random,random,False,0.011315667829972141,0.013218244919663355,-0.0019025770896912136,440.6788891913452,486.0106936018009
A3_w2,A3,random,random,False,0.027646433036294996,0.032239738400239824,-0.004593305363944828,377.03256182936474,255.72510574240914
A3_w2,A3,random,random,False,0.017634212132358894,0.015889315882718795,0.0017448962496400995,130.78364139036472,215.3356479126159
A3_w2,A3,random,random,False,0.00676369704738414,0.006412567822004879,0.00035112922537926076,201.27535867072342,89.03569557286771
A3_w2,A3,random,random,False,0.007564728369008695,0.006017755676922312,0.0015469726920863828,444.8365938223003,305.24089284681213
A3_w2,A3,random,random,False,0.035735325187987436,0.026554655664950542,0.009180669523036894,424.8801656928774,199.12628670533104
A3_w2,A3,random,random,False,0.025742861502657165,0.02848698719451525,-0.0027441256918580847,258.58806425001535,516.5501555854394
A3_w2,A3,random,random,False,0.003240308605840348,0.00585183212970423,-0.0026115235238638825,216.32792789362466,105.10517220637432
A3_w2,A3,random,random,False,0.02239672945011472,0.024588280761514546,-0.002191551311399826,266.9587552514339,521.1314560151427
A3_w2,A3,random,random,False,0.03314821203968435,0.02846158734794118,0.00468662469174317,385.7706817259888,70.1772594405766
A3_w2,A3,random,random,False,0.024266123503396405,0.023449705675724252,0.0008164178276721529,442.8253639119642,34.29200808473243
A3_w2,A3,random,random,False,0.024663892647459815,0.03109552115313683,-0.006431628505677016,294.1424383854656,491.37531535190504
A3_w2,A3,random,random,False,0.004929080719456627,0.0140172902168981,-0.009088209497441473,466.60190309062654,348.39861263701977
A3_w2,A3,random,random,False,0.019423843615728558,0.021003540899501304,-0.0015796972837727463,250.65650639544808,157.40736057130005
A3_w2,A3,random,random,False,0.015539680276005741,0.01748933947388684,-0.001949659197881098,251.97424576292764,238.050776227719
A3_w2,A3,random,random,False,0.017898561168386885,0.016547251043684767,0.001351310124702118,163.38391156973776,26.927879744963725
A3_w2,A3,random,random,False,0.03255846041536734,0.025257271169995585,0.007301189245371757,82.55876514378028,51.470289919967065
A3_w2,A3,random,random,False,0.006571159806405981,0.005236889373819829,0.001334270432586152,204.05646842171913,497.6937386075193
A3_w2,A3,random,random,False,0.006694008612679995,0.013843770609760954,-0.007149761997080959,513.4956255712174,78.38764444194295
A3_w2,A3,random,random,False,0.02328638934463173,0.024903993665721415,-0.0016176043210896843,344.8122221221043,186.29079020163545
A3_w2,A3,random,random,False,0.027575074478769324,0.019498243140722304,0.00807683133804702,395.7396587860572,40.95098445892773
A3_w2,A3,random,random,False,0.006559781815279024,0.007769534363635365,-0.001209752548356341,22.354755156766743,246.1869030632193
A3_w2,A3,random,random,False,0.005638087463038102,0.005436321898132935,0.0002017655649051665,210.8261293614944,109.5036403542995
A3_w2,A3,random,random,False,0.03148868126046972,0.02782967837635238,0.00365900288411734,17.675144093423853,532.2137661961506
A3_w2,A3,random,random,False,0.027180309376832888,0.028089779363002176,-0.0009094699861692881,299.30433836880417,214.7906103010029
A3_w2,A3,random,random,False,0.010176276671010254,0.011988785833820605,-0.0018125091628103506,484.8767031613409,522.2487798624251
A3_w2,A3,random,random,False,0.02127785282076891,0.008895681283478169,0.012382171537290742,531.014077284305,83.51142174590134
A3_w2,A3,random,random,False,0.019340027235904503,0.02247372082765557,-0.003133693591751068,233.61969496713965,404.74152107749927
A3_w2,A3,random,random,False,0.004758135369358539,0.007690702625481244,-0.002932567256122705,435.25471249831975,545.9576353775713
A3_w2,A3,random,random,False,0.025020536117683446,0.022958597944117885,0.0020619381735655605,16.18471734054156,506.7243165021234
A3_w2,A3,random,random,False,0.0261542863975878,0.03327803288308957,-0.0071237464855017744,218.84577102498605,542.2254934518936
A3_w2,A3,random,random,False,0.033955143049957864,0.028778753396304504,0.005176389653653361,275.02529983565483,490.1843005536081
A3_w2,A3,random,random,False,0.02894746643032311,0.02310437900206992,0.00584308742825319,101.41557238468303,296.6732006398508
A3_w2,A3,random,random,False,0.01853449460715548,0.02021413538105054,-0.0016796407738950588,519.5725979625487,436.2709797548581
A3_w2,A3,random,random,False,0.005222260308243092,0.009465615646644922,-0.00424335533840183,485.0508462858069,233.13349178693457
A3_w2,A3,random,random,False,0.00953346685138626,0.009193748753575067,0.00033971809781119244,461.39344824582867,501.8789935736716
A3_w2,A3,random,random,False,0.00860151469855198,0.013839744772251215,-0.005238230073699236,97.62874403962117,203.90003426836032
A3_w2,A3,random,random,False,0.012401517740875641,0.018760717399066876,-0.006359199658191235,105.55222079844229,269.5253445094745
A3_w2,A3,random,random,False,0.02665049139213543,0.03401172415983457,-0.007361232767699139,11.883466319743693,2.8764469238621477
A3_w2,A3,random,random,False,0.013497816625723804,0.010789877411059436,0.0027079392146643674,511.0407782133727,6.446777794218045
A3_w2,A3,random,random,False,0.017063362780443986,0.014962947448094916,0.0021004153323490697,85.23161445523245,317.70248329076617
A3_w2,A3,random,random,False,0.02621281857805533,0.018888817400802678,0.007324001177252654,348.12987034699927,55.30255294049857
A3_w2,A3,random,random,False,0.007526036925301295,0.008744723887040605,-0.0012186869617393107,133.13750796451941,83.07060589561928
A3_w2,A3,random,random,False,0.006149264197227715,0.008785369320642925,-0.00263610512341521,17.39685584448885,291.7104358821543
A3_w2,A3,random,random,False,0.024866406600611127,0.026447920979373808,-0.00158151437876268,473.4760719292179,435.33669591757916
A3_w2,A3,random,random,False,0.023144285689565062,0.024951545150943666,-0.001807259461378604,39.300542697243145,520.6587937717064
A3_w2,A3,random,random,False,0.025530706164934358,0.02684881037376653,-0.0013181042088321708,387.9280175049914,80.01722119989404
A3_w2,A3,random,random,False,0.03460037728670762,0.02650791018548525,0.008092467101222366,388.04676349919424,248.67254214384906
A3_w2,A3,random,random,False,0.02681117269306326,0.020415329411928553,0.0063958432811347075,383.51505572243656,424.0561199515129
A3_w2,A3,random,random,False,0.0027449782366247176,0.008079479996400242,-0.005334501759775525,195.48142348246822,510.7183553148536
A3_w2,A3,random,random,False,0.03192261540802577,0.03213859657201949,-0.00021598116399372536,68.88442644493215,30.95807400943069
A3_w2,A3,random,random,False,0.027412348049056384,0.02578152099685865,0.0016308270521977336,161.7430795685958,345.07667366424846
A3_w2,A3,random,random,False,0.003241008895003882,0.0063732142375178494,-0.0031322053425139676,485.5396894741711,276.7301750326225
A3_w2,A3,random,random,False,0.03274565013513629,0.022293098544574314,0.010452551590561979,389.5905160390761,513.4791517556408
A3_w2,A3,random,random,False,0.00853007976537927,0.010685567823637922,-0.002155488058258652,474.7753797706165,511.25029786224843
A3_w2,A3,random,random,False,0.015352339314723356,0.015956786629300928,-0.0006044473145775716,502.811420598751,74.45514460788827
A3_w2,A3,random,random,False,0.0030462405754839023,0.00893679046499787,-0.005890549889513968,75.53870136810302,173.67747619686457
A3_w2,A3,random,random,False,0.026779596561956366,0.02568556554310535,0.0010940310188510168,29.57348165203577,520.4666114834366
A3_w2,A3,random,random,False,0.0041372193607668315,0.01055674462051072,-0.006419525259743889,540.8760096260114,138.30403267907442
A3_w2,A3,random,random,False,0.01255506629768133,0.008908644750184784,0.003646421547496545,300.1877185627991,31.451299247911276
A3_w2,A3,random,random,False,0.01831703774168521,0.023687226285210243,-0.005370188543525032,227.3153760406709,265.31281241672724
A3_w2,A3,random,random,False,0.01951337928710424,0.019106382195959566,0.00040699709114467436,370.4670066245131,534.0788055023786
A3_w2,A3,random,random,False,0.031213762452595294,0.024218901743930363,0.006994860708664931,103.3166765702056,293.4223933324855
A3_w2,A3,random,random,False,0.02427982312973135,0.027277508088039824,-0.0029976849583084747,108.20595300254767,392.1219962130425
A3_w2,A3,random,random,False,0.032012202757436936,0.030073392161185406,0.00193881059625153,20.803745922121173,538.2460327737875
A3_w2,A3,random,random,False,0.01224350549658196,0.016056019712269495,-0.003812514215687535,346.2329183404936,151.67566372271966
A3_w2,A3,random,random,False,0.011471046865826449,0.010944972122489665,0.0005260747433367841,306.8862810239389,0.4046039464897673
A3_w2,A3,random,random,False,0.016006398017428022,0.013426959573911074,0.0025794384435169487,539.2682554561162,484.1188505649375
A3_w2,A3,random,random,False,0.006866990385363631,0.012241266838182453,-0.005374276452818822,166.84420612308742,234.40741363076023
A3_w2,A3,random,random,False,0.022599048134363003,0.0212065916038623,0.0013924565305007026,332.2207326630505,171.40219106975115
A3_w2,A3,random,random,False,0.014339245055438479,0.014542914948056733,-0.0002036698926182537,72.0194355194813,278.50798597025874
A3_w2,A3,random,random,False,0.007462565236626788,0.005905342734191148,0.0015572225024356396,256.5741568643182,95.3418159446644
A3_w2,A3,random,random,False,0.03255561324722157,0.027082137525148313,0.005473475722073254,38.35174472780944,16.144591336336745
A3_w2,A3,random,random,False,0.030761901366295964,0.030746093897000865,1.5807469295098936e-05,167.41313515471555,367.6661064048491
A3_w2,A3,random,random,False,0.033313624821331406,0.029076556261801605,0.004237068559529801,276.8251488817679,300.8840082511036
A3_w2,A3,random,random,False,0.044813114972566674,0.027673762483598555,0.01713935248896812,125.54019000487718,133.90143760812876
A3_w2,A3,random,random,False,0.018941577431401842,0.02157244150021074,-0.002630864068808896,530.4169889956355,534.8093500841239
A3_w2,A3,random,random,False,0.02409964399266435,0.02642462072582163,-0.002324976733157281,402.6033754327165,204.6972623750672
A3_w2,A3,random,random,False,0.003211695820138752,0.005990405782002928,-0.0027787099618641763,297.8794436491406,105.5637819762605
A3_w2,A3,random,random,False,0.02840868860756594,0.017961680826374796,0.010447007781191144,198.95993640421986,534.2871949086721
A3_w2,A3,random,random,False,0.037020289100316725,0.025562746081283356,0.01145754301903337,304.05337410578375,486.5775975655988
A3_w2,A3,random,random,False,0.027646999584952252,0.026963057259859084,0.0006839423250931675,334.554961060074,492.73058225146406
A3_w2,A3,random,random,False,0.025972285605066762,0.023577078712078144,0.0023952068929886175,467.91476565832545,449.1265392730982
A3_w2,A3,random,random,False,0.01456690122456758,0.01567350172006474,-0.00110660049549716,140.15804103600343,238.34968155516987
A3_w2,A3,random,random,False,0.02950251083354795,0.025902894113074493,0.003599616720473455,124.13471687756798,300.871863254238
A3_w2,A3,random,random,False,0.009041460047674766,0.00633643705397677,0.002705022993697996,444.22782790019744,302.4395889585443
A3_w2,A3,random,random,False,0.026262925235994893,0.029243545076269223,-0.0029806198402743296,347.23979098003633,274.3146706973042
A3_w2,A3,random,random,False,0.019781384395916733,0.016184314230863847,0.0035970701650528854,20.824509349612097,431.29170588809745
A3_w2,A3,random,random,False,0.023923106794358686,0.020475831628318095,0.0034472751660405906,413.2948773485946,43.773513358799434
A3_w2,A3,random,random,False,0.009223508956451682,0.0062604887674191,0.0029630201890325815,212.37818422196858,63.90885601153215
A3_w2,A3,random,random,False,0.005869215571431209,0.008185456148544053,-0.0023162405771128434,279.65213624390015,112.88988516036635
A3_w2,A3,random,random,False,0.021767701523210677,0.006004792260317678,0.015762909262892998,483.59700274013073,263.715263872767
A3_w2,A3,random,random,False,0.01934958970078821,0.02054797398898138,-0.001198384288193171,84.71454120711863,359.5930092953477
A3_w3,A3,manual,matched,True,0.021794105501915306,0.008508768149519555,0.013285337352395751,61.71837708830549,74.8313444709626
A3_w3,A3,manual,matched,True,0.020776644505858297,0.007152278686031451,0.013624365819826845,47.86316626889419,41.1829753381066
A3_w3,A3,manual,matched,True,0.027868647320595373,0.009748994935246095,0.01811965238534928,9.26650755767701,22.87430389817024
A3_w3,A3,manual,matched,True,0.020748097792423887,0.0075855434268303715,0.013162554365593515,100.80986475735878,35.24502784407319
A3_w3,A3,manual,matched,True,0.041282147195366686,0.013658066515240305,0.02762408068012638,128.02545743834526,47.61575178997613
A3_w3,A3,manual,matched,True,0.014707039083449794,0.013918693047709235,0.0007883460357405586,135.94272076372314,84.72792362768496
A3_w3,A3,manual,missed_both,False,0.012987989438532313,0.008326381838075762,0.004661607600456551,11.245823389021474,107.49005568814638
A3_w3,A3,manual,matched,True,0.025685371244025777,0.010855210642342258,0.01483016060168352,108.72712808273668,121.84009546539376
A3_w3,A3,manual,missed_both,False,0.01837690605252932,0.009421066240003693,0.008955839812525627,120.10819411296735,126.29355608591884
A3_w3,A3,manual,missed_both,False,0.012417708772494682,0.011188255941565766,0.0012294528309289166,97.84089101034206,133.2211614956245
A3_w3,A3,manual,matched,True,0.03218168598807823,0.009309735140185765,0.022871950847892467,127.03579952267302,155.9832935560859
A3_w3,A3,manual,matched,True,0.018548754364237904,0.013327562320602662,0.0052211920436352425,114.17024661893396,169.34367541766107
A3_w3,A3,manual,matched,True,0.020693219790344223,0.008134800755640274,0.01255841903470395,44.894192521877486,176.27128082736672
A3_w3,A3,manual,missed_both,False,0.01985150942076919,0.012413631787771266,0.007437877632997924,50.832140015910895,229.71280827366743
A3_w3,A3,manual,missed_both,False,0.015366338603263965,0.013457920012326754,0.0019084185909372109,43.904534606205246,219.32140015910895
A3_w3,A3,manual,missed_both,True,0.023412243411105694,0.012346880271008269,0.011065363140097425,36.48210023866348,246.04216388225933
A3_w3,A3,manual,matched,True,0.026110177636757437,0.016810280243964415,0.009299897392793022,29.05966587112171,270.7836117740652
A3_w3,A3,manual,matched,True,0.01891246722108698,0.01796407936658456,0.0009483878545024221,19.657915672235475,282.16467780429593
A3_w3,A3,manual,matched,True,0.048203440621791625,0.022363265819294157,0.025840174802497468,32.52346857597453,335.1113762927605
A3_w3,A3,manual,matched,True,0.04449897288440232,0.016784189623325646,0.027714783261076674,83.49085123309466,312.3492442322991
A3_w3,A3,manual,missed_both,False,0.03539984902443165,0.013900875397908064,0.021498973626523584,84.97533810660302,299.97852028639613
A3_w3,A3,manual,matched,True,0.03559951263643368,0.013296986512110361,0.022302526124323322,105.75815433571996,267.3198090692124
A3_w3,A3,manual,matched,True,0.0470777825288358,0.012798554283126767,0.03427922824570903,126.5409705648369,261.8766905330151
A3_w3,A3,manual,missed_both,False,0.03561527761406561,0.013680695468767032,0.02193458214529858,125.05648369132854,250.99045346062053
A3_w3,A3,manual,matched,True,0.050118823741162666,0.005729921933651483,0.044388901807511184,145.83929992044548,238.12490055688147
A3_w3,A3,manual,matched,True,0.028300922419414277,0.010857701948912014,0.017443220470502264,148.31344470962608,250.0007955449483
A3_w3,A3,manual,matched,True,0.04330214248598795,0.0121484854174153,0.031153657068572652,156.7255369928401,197.5489260143198
A3_w3,A3,manual,matched,True,0.05732719370736883,0.011247417060298224,0.04607977664707061,147.81861575178996,185.17820206841685
A3_w3,A3,manual,matched,True,0.06090217706412142,0.00949929731735026,0.05140287974677116,180.97215592680985,177.75576770087508
A3_w3,A3,manual,matched,True,0.02885793441840292,0.011721900640486753,0.01713603377791617,182.4566428003182,196.55926809864755
A3_w3,A3,manual,matched,True,0.023989923259963113,0.006417506084553594,0.01757241717540952,236.8878281622912,195.0747812251392
A3_w3,A3,manual,matched,True,0.013495051476808108,0.004333591347326107,0.009161460129482001,220.5584725536993,67.90373906125696
A3_w3,A3,manual,matched,True,0.027908821730970486,0.00519908254730576,0.022709739183664725,245.79474940334129,65.92442322991248
A3_w3,A3,manual,matched,True,0.027835258130590096,0.00835280046666672,0.019482457663923376,259.15513126491646,44.64677804295943
A3_w3,A3,manual,missed_both,False,0.022238789111497726,0.012872367887406273,0.009366421224091454,273.01034208432776,49.10023866348448
A3_w3,A3,manual,matched,True,0.04395440909876565,0.01182156180465669,0.03213284729410896,299.7311058074781,40.19331742243436
A3_w3,A3,manual,matched,True,0.02219453218176578,0.008893611773636302,0.013300920408129477,338.8225934765314,59.49164677804295
A3_w3,A3,manual,matched,True,0.026643615799121525,0.005761366700677574,0.020882249098443953,381.3778838504375,47.12092283214001
A3_w3,A3,manual,matched,True,0.018068380928103638,0.004591716173386353,0.013476664754717285,382.8623707239459,8.02943516308671
A3_w3,A3,manual,matched,True,0.03207046208550039,0.008579287457482912,0.023491174628017482,516.9610182975338,46.13126491646777
A3_w3,A3,manual,matched,True,0.04290576929715072,0.015543193063922893,0.027362576233227826,318.5346062052505,169.34367541766107
A3_w3,A3,manual,matched,True,0.02635049720170514,0.0037778845862583184,0.02257261261544682,287.36038186157515,249.5059665871121
A3_w3,A3,manual,matched,True,0.04579869266714974,0.010503542784824056,0.03529514988232568,189.87907716786,351.9355608591885
A3_w3,A3,manual,matched,True,0.034867122268647334,0.00783824345669405,0.02702887881195328,104.76849642004773,450.9013524264121
A3_w3,A3,manual,missed_both,True,0.024789559978161655,0.0021961912763128716,0.022593368701848783,118.623707239459,379.6459824980111
A3_w3,A3,manual,matched,True,0.02330439735190563,0.008054225731584652,0.015250171620320978,111.69610182975336,348.9665871121718
A3_w3,A3,manual,matched,True,0.03280559143949129,0.01364013132611933,0.019165460113371963,186.91010342084328,529.5791567223548
A3_w3,A3,manual,matched,True,0.031381002222156375,0.01006360359096906,0.021317398631187316,253.21718377088305,425.170246618934
A3_w3,A3,manual,matched,True,0.016983706885308543,0.006525531603022276,0.010458175282286267,205.71360381861567,477.1272871917263
A3_w3,A3,manual,matched,True,0.03666335703273416,0.016118652431690035,0.020544704601044128,251.7326968973747,515.2291169451074
A3_w3,A3,manual,matched,True,0.03392606275307269,0.014645634429835096,0.01928042832323759,255.1964996022275,534.527446300716
A3_w3,A3,manual,matched,True,0.03346661215195342,0.004736636055073448,0.028729976096879974,309.1328560063644,545.4136833731105
A3_w3,A3,manual,matched,True,0.05149922218097697,0.005123999596458274,0.04637522258451869,334.3691328560064,382.6149562450278
A3_w3,A3,manual,matched,True,0.04388356731758308,0.01019571306392081,0.033687854253662275,362.0795544948289,404.387430389817
A3_w3,A3,manual,matched,True,0.034742551309338315,0.012750817068853264,0.02199173424048505,437.2935560859189,384.09944311853616
A3_w3,A3,manual,missed_both,False,0.022367964487000683,0.015313851957612746,0.0070541125293879375,419.9745425616547,382.6149562450278
A3_w3,A3,manual,matched,True,0.0480710995875017,0.011238023912594208,0.03683307567490749,487.7661097852029,427.1495624502784
A3_w3,A3,manual,matched,True,0.03383103026828285,0.01828811116521097,0.015542919103071883,477.8695306284805,412.3046937151949
A3_w3,A3,manual,matched,True,0.04403867695655424,0.006753374593579111,0.03728530236297513,459.066030230708,442.98408910103416
A3_w3,A3,manual,matched,True,0.015739531542495525,0.008600776196620348,0.0071387553458751776,479.8488464598249,380.14081145584726
A3_w3,A3,manual,matched,True,0.04091065327506659,0.01191645477426207,0.02899419850080452,468.9626093874304,357.3786793953858
A3_w3,A3,manual,matched,True,0.037191788602531126,0.013004645960980561,0.024187142641550564,499.1471758154336,350.4510739856802
A3_w3,A3,manual,matched,True,0.020948938775905212,0.0040798179220341785,0.016869120853871034,512.5075576770087,387.0684168655529
A3_w3,A3,manual,matched,True,0.04699769905629595,0.014030179255890698,0.03296751980040526,507.0644391408114,332.14240254574383
A3_w3,A3,manual,matched,True,0.03149569529780293,0.009171411554704502,0.02232428374309843,514.4868735083531,307.4009546539379
A3_w3,A3,manual,matched,True,0.03987002314388182,0.009138686564310008,0.030731336579571812,475.890214797136,315.8130469371519
A3_w3,A3,manual,matched,True,0.04926864661049592,0.007973527268221425,0.04129511934227449,457.08671439936353,305.9164677804296
A3_w3,A3,manual,matched,True,0.026721858048621195,0.0074693804022964005,0.019252477646324796,513.0023866348448,273.2577565632458
A3_w3,A3,manual,matched,True,0.033072772512812765,0.010782846085901614,0.02228992642691115,520.9196499602227,229.71280827366743
A3_w3,A3,manual,matched,True,0.012103007938855626,0.0051151704448852385,0.006987837493970387,357.6260938743039,241.09387430389813
A3_w3,A3,manual,missed_both,False,0.003980602132659495,0.003793346620552648,0.00018725551210684727,369.0071599045346,261.38186157517896
A3_w3,A3,manual,missed_both,False,0.007792562979310535,0.006007807844132477,0.0017847551351780578,252.2275258552108,389.5425616547335
A3_w3,A3,manual,matched,True,0.007160646123508021,0.005822615169298447,0.0013380309542095738,392.2641209228321,310.3699284009546
A3_w3,A3,manual,missed_both,False,0.002149821535128569,0.00043156873190662565,0.0017182528032219436,422.9435163086714,255.4439140811456
A3_w3,A3,manual,matched,True,0.027929301251781447,0.013282276332790333,0.014647024918991114,63.69769291964995,499.3945902943516
A3_w3,A3,manual,missed_both,False,0.027749138730525594,0.011710850017339427,0.016038288713186168,69.63564041368336,487.0238663484487
A3_w3,A3,manual,matched,True,0.02120017346442521,0.010988375083771209,0.010211798380654,88.43914081145584,539.4757358790771
A3_w3,A3,manual,matched,True,0.029791181880304808,0.009671915590930535,0.02011926628937427,156.7255369928401,524.6308671439936
A3_w3,A3,random,random,False,0.00800866715969355,0.004568344209033647,0.0034403229506599032,398.82523226979396,535.4183203531616
A3_w3,A3,random,random,False,0.00041233727135961363,0.0008718259155314064,-0.0004594886441717928,256.9288029993672,315.26408717195926
A3_w3,A3,random,random,False,0.006092157642288486,0.002636905484751528,0.003455252157536958,15.406114300558885,393.3728860996085
A3_w3,A3,random,random,False,0.003328571475322652,0.0050094579425576215,-0.0016808864672349694,535.1654925995362,374.20697018657376
A3_w3,A3,random,random,False,0.009318642836915188,0.012154870521935661,-0.002836227685020473,54.30914412196844,80.5087963463893
A3_w3,A3,random,random,False,0.00022329839474153685,0.001413557502770327,-0.0011902591080287903,216.44163549793026,403.6043972917202
A3_w3,A3,random,random,False,0.0035022652912087052,0.0045960107708333305,-0.0010937454796246253,23.045937436384097,524.8271205560019
A3_w3,A3,random,random,False,0.0022171497326004923,0.009616824182050824,-0.007399674449450331,39.96304403651665,155.32302526210268
A3_w3,A3,random,random,False,0.0020321989474994897,0.008994112092692467,-0.0069619131451929776,273.40360556028344,512.945224062369
A3_w3,A3,random,random,False,0.0022595136131305198,0.011222710689822014,-0.008963197076691494,319.62090459133583,538.585624195768
A3_w3,A3,random,random,False,0.005357932250796815,0.0036601579747762313,0.0016977742760205835,52.35272030110231,109.95977893876527
A3_w3,A3,random,random,False,0.0023567198199976928,0.00040574865969801366,0.001950971160299679,226.61670765919166,350.1630439666006
A3_w3,A3,random,random,False,0.0,0.0021496663570245962,-0.0021496663570245962,383.28771729634525,268.5992739261019
A3_w3,A3,random,random,False,0.00263834352648963,0.010062177976171352,-0.007423834449681722,83.00275535305221,514.8925974566164
A3_w3,A3,random,random,False,0.008152013141194984,0.012435006206948028,-0.004282993065753044,507.0098052917792,31.733157131306417
A3_w3,A3,random,random,False,0.02486923849383292,0.011002250946925625,0.013866987546907296,131.19021471436068,86.24193169749364
A3_w3,A3,random,random,False,0.016190745795218845,0.023826217115848484,-0.007635471320629639,17.080973154364955,325.2096242991978
A3_w3,A3,random,random,False,0.01209066597507137,0.009274606365053189,0.002816059610018181,281.2020222915038,410.231930175286
A3_w3,A3,random,random,False,0.00209070540404735,0.005405569847350217,-0.003314864443302867,352.62533558517254,260.78553206649997
A3_w3,A3,random,random,False,0.01181992132422255,0.005621186610868478,0.006198734713354073,119.72734786979639,324.5024678738341
A3_w3,A3,random,random,False,0.0018929646910597483,0.004737182133852272,-0.0028442174427925236,178.05677528830623,48.59671241210032
A3_w3,A3,random,random,False,0.0007704369935669823,0.007976691596041145,-0.007206254602474162,95.22506664622541,434.75874988865843
A3_w3,A3,random,random,False,0.00915089204281707,0.008348391371197474,0.0008025006716195961,236.55442808740727,205.9243100046255
A3_w3,A3,random,random,False,0.00044963489255169827,0.001565951452564673,-0.0011163165600129746,180.45966269632243,435.6678137943955
A3_w3,A3,random,random,False,0.0053106882468111774,0.0035857920400232746,0.0017248962067879028,257.76655726258474,175.57450609827805
A3_w3,A3,random,random,False,0.002861983432378172,0.005729686280335312,-0.0028677028479571396,366.5887433186397,71.36345305217368
A3_w3,A3,random,random,False,0.0002331610076743452,0.0034094463462411165,-0.0031762853385667715,401.57825156307985,100.52518668162985
A3_w3,A3,random,random,False,0.0007992755041214978,0.0005342779021941744,0.0002649976019273234,248.77242977373717,355.3044418277041
A3_w3,A3,random,random,False,0.008279562005098114,0.008221544702614146,5.801730248396718e-05,511.1366557299901,525.1645068185014
A3_w3,A3,random,random,False,0.04312540521519389,0.011938745805532414,0.031186659409661477,189.50724125634423,516.5603909989292
A3_w3,A3,random,random,False,0.0004558304645052013,0.00017108899099307616,0.00028474147351212516,462.8149887706515,193.62690033596476
A3_w3,A3,random,random,False,0.03593723522190234,0.010869431481727554,0.02506780374017479,482.620410003419,314.5747768458295
A3_w3,A3,random,random,False,0.0012666866510409641,0.004029374014001539,-0.002762687362960575,165.53082231215907,406.44264884745905
A3_w3,A3,random,random,False,0.024335128950686364,0.011497883450070396,0.012837245500615968,130.96625842226481,85.259431487133
A3_w3,A3,random,random,False,4.7977513048815344e-05,0.001910896036744548,-0.0018629185236957327,492.06501763179665,91.74296001348338
A3_w3,A3,random,random,False,0.0002994136448846777,0.0039821057220185965,-0.0036826920771339186,513.4078752863617,6.360504679796737
A3_w3,A3,random,random,False,0.0016360740896993835,0.004561018188048485,-0.002924944098349101,181.65081062316187,42.61814087128152
A3_w3,A3,random,random,False,0.0010503484111541717,0.005373673474714095,-0.004323325063559923,383.5902008950345,347.122498085708
A3_w3,A3,random,random,False,1.4590892509742045e-06,0.0006167922226939826,-0.0006153331334430084,230.44604069280743,379.351841888169
A3_w3,A3,random,random,False,0.0016094179961588528,0.0020833880641777155,-0.00047397006801886267,415.4861469563038,533.8748224156228
A3_w3,A3,random,random,False,0.01761096513177168,0.014750376080099785,0.0028605890516718944,57.443761916547246,483.3864917152223
A3_w3,A3,random,random,False,0.0074068028580005696,0.00247223774917987,0.004934565108820699,413.81426201304185,74.96686617952163
A3_w3,A3,random,random,False,0.0027013715332641964,0.005695597838573239,-0.0029942263053090424,210.8053905329641,227.82925993902614
A3_w3,A3,random,random,False,0.012182446188356738,0.00853327598181431,0.0036491702065424274,277.01454738408734,397.16664150866023
A3_w3,A3,random,random,False,0.0009303147443843056,0.008701199396665643,-0.007770884652281337,517.652123177197,354.67888704303056
A3_w3,A3,random,random,False,0.02488504051630773,0.012199654733869877,0.012685385782437853,115.28258696519147,177.4659664063649
A3_w3,A3,random,random,False,0.006513736269170209,0.0017829387385688178,0.004730797530601391,309.59033294493406,112.69800343988551
A3_w3,A3,random,random,False,0.00040038473246114756,0.003990853270589402,-0.003590468538128255,360.3283048412341,326.9641876392569
A3_w3,A3,random,random,False,0.008782948237741565,0.012346197687001908,-0.0035632494492603434,368.23169153391325,149.7073824192991
A3_w3,A3,random,random,False,0.001507864339765313,0.0048666587755210825,-0.0033587944357557696,4.906572857593494,531.9905932087158
A3_w3,A3,random,random,False,0.019668268059537176,0.01511509577882969,0.004553172280707486,184.63984437099384,168.1020118238991
A3_w3,A3,random,random,False,0.0020668922446267263,0.0033442565883131507,-0.0012773643436864244,461.18785173169647,40.00812456820279
A3_w3,A3,random,random,False,0.02265597412140445,0.010843880759375469,0.011812093362028982,150.5087444463466,84.86616815161332
A3_w3,A3,random,random,False,0.0009127981194978475,0.00023029963773183012,0.0006824984817660174,469.83330871981656,170.11688962424813
A3_w3,A3,random,random,False,0.004086770604799547,0.0020672124391933216,0.0020195581656062256,67.70579363928618,277.7159188710843
A3_w3,A3,random,random,False,0.0017756370747721991,0.003058207584515389,-0.00128257050974319,430.2213474364394,142.28629863893323
A3_w3,A3,random,random,False,0.00191926163268222,0.00281276869296443,-0.00089350706028221,30.975773093415246,396.97997008799206
A3_w3,A3,random,random,False,0.0018135893934299724,0.009641681476204395,-0.007828092082774423,13.269824580131155,41.22078211131581
A3_w3,A3,random,random,False,0.01628989543903108,0.0029122339854163594,0.013377661453614721,118.42790311250636,376.2129364485819
A3_w3,A3,random,random,False,0.003961204369859431,0.0031142159066948143,0.0008469884631646164,291.521954447811,150.31781656587262
A3_w3,A3,random,random,False,0.025714623760735873,0.01802539056103048,0.007689233199705391,504.4871407146682,347.1830065830835
A3_w3,A3,random,random,False,0.0011681744251900042,0.013754121570251378,-0.012585947145061374,144.32144854562787,263.6987889648025
A3_w3,A3,random,random,False,0.0016288851516327708,0.0021594545125951806,-0.0005305693609624098,415.72790677395324,507.90294180473626
A3_w3,A3,random,random,False,0.004382023976882409,0.00549672204262951,-0.0011146980657471012,360.4041830564796,261.297725907785
A3_w3,A3,random,random,False,9.741657937111683e-06,0.0007472458148417912,-0.0007375041569046795,340.8546201804048,301.91589202967145
A3_w3,A3,random,random,False,0.0009731698775897107,0.0018792731899791998,-0.0009061033123894891,25.975531276636605,412.0916271995115
A3_w3,A3,random,random,False,0.002381007361396092,0.008451646353945326,-0.006070638992549234,285.48703797004396,510.6370654983347
A3_w3,A3,random,random,False,0.0,3.5121860469835366e-06,-3.5121860469835366e-06,540.9557996870079,130.3588845006406
A3_w3,A3,random,random,False,0.004141088613894472,0.010793074194017644,-0.006651985580123172,272.2316406656396,33.524633131947745
A3_w3,A3,random,random,False,0.0007521970051916591,0.004267175678305157,-0.0035149786731134974,170.792792415645,478.2638754967702
A3_w3,A3,random,random,False,0.01389204577348641,0.013711898250298844,0.00018014752318756648,100.29557945638882,304.62955556580476
A3_w3,A3,random,random,False,0.006140054355182886,0.002685094557204654,0.0034549597979782326,180.95786159260123,223.96460204879284
A3_w3,A3,random,random,False,0.0032195877140048863,0.004266166233860796,-0.0010465785198559099,448.5617696163221,124.28168394229682
A3_w3,A3,random,random,False,0.0012349803139814534,0.0008647948951202993,0.0003701854188611541,316.603736067055,269.264308591016
A3_w3,A3,random,random,False,0.0004660322922662517,0.0025216561981581116,-0.00205562390589186,248.14796813589643,293.7223827172084
A3_w3,A3,random,random,False,0.003890756707773831,0.004047917148264282,-0.0001571604404904509,435.27200985721254,416.9217035633884
A3_w3,A3,random,random,False,0.006768446226957449,0.006533094093097458,0.0002353521338599911,396.13625621557657,300.8927014440648
A3_w3,A3,random,random,False,0.004629511799379434,0.005606722796998249,-0.0009772109976188149,75.11770601997846,239.1029748565522
A3_w4,A3,manual,matched,True,0.02019567558512295,0.00939051417808723,0.01080516140703572,172.06523468575972,121.34526650755764
A3_w4,A3,manual,matched,True,0.026003579352723294,0.006000988845663342,0.02000259050705995,178.49801113762928,57.51233094669848
A3_w4,A3,manual,matched,True,0.030944333804612666,0.009131713170168407,0.02181262063444426,319.0294351630867,21.389817024661888
A3_w4,A3,manual,missed_both,False,0.006091720365433256,0.005457915102414664,0.0006338052630185916,293.7931583134447,76.81066030230707
A3_w4,A3,manual,matched,True,0.009503961484008594,0.0067508005686105895,0.002753160915398004,363.5640413683373,66.4192521877486
A3_w4,A3,manual,missed_both,False,0.005104304026893558,0.004420746583692647,0.0006835574432009113,458.5712012728719,124.31424025457436
A3_w4,A3,manual,missed_both,False,0.005626276255545408,0.003220940996876798,0.00240533525866861,473.9108989657916,244.06284805091485
A3_w4,A3,manual,matched,True,0.02928304663220023,0.007096449298776002,0.022186597333424228,413.04693715194907,265.3404932378679
A3_w4,A3,manual,matched,True,0.0334612148125947,0.01252597381704627,0.020935240995548433,75.07875894988067,363.3166268894192
A3_w4,A3,manual,matched,True,0.027235687708876716,0.007606566305598554,0.01962912140327816,116.14956245027844,444.46857597454255
A3_w4,A3,manual,matched,True,0.022259819007620092,0.006001169820551416,0.016258649187068677,157.71519490851233,420.2219570405728
A3_w4,A3,manual,matched,True,0.02411786552401184,0.005376458894267954,0.018741406629743884,179.4876690533015,495.9307875894988
A3_w4,A3,manual,missed_both,False,0.00936859741139086,0.005573831059273027,0.003794766352117833,94.87191726332536,493.9514717581543
A3_w4,A3,manual,missed_both,False,0.005377978241729755,0.003789617739945257,0.0015883605017844985,82.00636435958631,465.25139220365946
A3_w4,A3,manual,missed_both,False,0.007050658567404759,0.005040552835864127,0.0020101057315406318,70.13046937151948,456.34447096260936
A3_w4,A3,manual,matched,True,0.013263815014733716,0.003975596714573721,0.009288218300159995,9.26650755767701,295.5250596658711
A3_w4,A3,manual,missed_both,False,0.010226251376670674,0.005994739802804826,0.004231511573865848,175.52903739061256,273.2577565632458
A3_w4,A3,manual,missed_both,False,0.006894444824392206,0.0023664101704506126,0.004528034653941594,205.71360381861567,290.57677008750994
A3_w4,A3,manual,missed_both,False,0.010457236165006684,0.0046467107678144545,0.005810525397192229,185.92044550517105,263.36117740652344
A3_w4,A3,manual,missed_both,True,0.02488958981213985,0.010691711677686075,0.014197878134453773,390.28480509148767,476.1376292760541
A3_w4,A3,manual,missed_both,False,0.005116072694997897,0.007170580515675855,-0.0020545078206779576,359.1105807478122,495.9307875894988
A3_w4,A3,manual,matched,True,0.026942978697386488,0.00664852176419681,0.020294456933189677,318.5346062052505,512.7549721559268
A3_w4,A3,manual,matched,True,0.020180334185660783,0.008754360466060793,0.01142597371959999,352.6778042959427,530.568814638027
A3_w4,A3,manual,matched,True,0.021488374233866056,0.013944241130805978,0.007544133103060078,364.0588703261734,544.9188544152744
A3_w4,A3,manual,matched,True,0.015899921649891458,0.008667497433204819,0.007232424216686639,389.7899761336515,537.0015910898966
A3_w4,A3,manual,matched,True,0.028073685930032195,0.007600224948363307,0.020473460981668887,485.7867939538584,531.0636435958631
A3_w4,A3,manual,missed_both,False,0.010231938425569723,0.0074544170091571695,0.0027775214164125536,314.57597454256165,539.4757358790771
A3_w4,A3,manual,matched,True,0.02162896359282927,0.002041038307616971,0.019587925285212297,145.83929992044548,370.24423229912486
A3_w4,A3,manual,matched,True,0.009369846847982255,0.005149835092548036,0.004220011755434219,528.3420843277645,35.7398568019093
A3_w4,A3,manual,missed_both,False,0.008687299557415788,0.0038064519269227913,0.004880847630492997,277.4638027048528,120.35560859188544
A3_w4,A3,manual,matched,True,0.01584945831754728,0.00811338496863486,0.007736073348912421,173.05489260143196,25.84327764518695
A3_w4,A3,manual,missed_both,False,0.009402081782151211,0.004386413368492658,0.005015668413658554,110.70644391408116,102.04693715194908
A3_w4,A3,manual,missed_both,False,0.009959015843546916,0.0037052050742467646,0.006253810769300152,327.4415274463007,303.9371519490851
A3_w4,A3,manual,missed_both,False,0.005138226873455336,0.002212565505314976,0.0029256613681403597,401.1710421638823,427.1495624502784
A3_w4,A3,manual,matched,True,0.0216536846766765,0.013755850355405492,0.007897834321271007,357.1312649164677,473.1686555290374
A3_w4,A3,manual,missed_both,False,0.007366982109540247,0.00506443749978996,0.002302544609750287,271.5258552108194,438.5306284805091
A3_w4,A3,manual,missed_both,False,0.004133898842264291,0.00010453551756623965,0.004029363324698051,311.60700079554493,363.8114558472553
A3_w4,A3,random,random,False,2.678363723880905e-06,0.0005748619192885797,-0.0005721835555646988,341.8568987740702,258.10862816339795
A3_w4,A3,random,random,False,0.001167656357848904,0.0008838675008463363,0.00028378885700256764,514.659772111097,235.45856245227418
A3_w4,A3,random,random,False,0.0003542283689178791,0.00033700737519063665,1.722099372724245e-05,402.3971468748849,198.58198812690915
A3_w4,A3,random,random,False,0.0003727581946977269,0.0004577228088566821,-8.496461415895517e-05,360.66598577589815,149.67885091996814
A3_w4,A3,random,random,False,0.001523406632476495,0.0014334069100356364,8.999972244085855e-05,152.6048675458043,444.3409315027
A3_w4,A3,random,random,False,0.001675484478857931,0.002612104706946731,-0.0009366202280887998,304.152528391623,461.0907529161439
A3_w4,A3,random,random,False,0.0011590833677751567,0.0007439707880060923,0.0004151125797690644,339.14004348532325,274.2153424786855
A3_w4,A3,random,random,False,0.005287414281395197,0.004545295744594014,0.0007421185368011833,304.4422176742046,132.00996691762776
A3_w4,A3,random,random,False,0.0010043959671781014,0.0010775788158091195,-7.318284863101808e-05,424.16258108521106,503.1644159494129
A3_w4,A3,random,random,False,0.004997109168133698,0.0008873902377345198,0.004109718930399179,183.90018678233088,447.22596182002036
A3_w4,A3,random,random,False,0.010338486808724413,0.006179388178563619,0.004159098630160794,300.3202622619886,506.609337377694
A3_w4,A3,random,random,False,4.60642989015551e-05,0.0017630574652039322,-0.001716993166302377,480.20049455479534,227.2458954039585
A3_w4,A3,random,random,False,0.00015965732592384735,0.002061667678657872,-0.001902010352734025,69.76221661575443,102.43036599112799
A3_w4,A3,random,random,False,0.0,9.108403810419682e-05,-9.108403810419682e-05,520.466128559349,469.2281787347765
A3_w4,A3,random,random,False,0.010517430247584387,0.019590662112372054,-0.009073231864787668,324.5254053490601,2.574564368473085
A3_w4,A3,random,random,False,2.85802961217324e-05,3.944708591664304e-06,2.46355875300681e-05,314.26716044678324,172.09069629905883
A3_w4,A3,random,random,False,0.0005158375470282184,0.004032217315458716,-0.0035163797684304972,203.3752915848817,58.64703694545111
A3_w4,A3,random,random,False,1.2561510299749531e-05,3.455902167473034e-05,-2.1997511374980812e-05,415.5636826770329,295.0586349353912
A3_w4,A3,random,random,False,0.00027753720839740595,0.0022385533285974664,-0.0019610161202000603,61.26055957891932,491.7313623108034
A3_w4,A3,random,random,False,0.0013406981990348064,0.0024762412229839756,-0.0011355430239491692,467.5614337881619,135.94447501309148
A3_w4,A3,random,random,False,0.0014334754429878025,2.9603094524365356e-05,0.0014038723484634372,100.5037259231965,540.1724337137763
A3_w4,A3,random,random,False,0.003907132182013292,0.004334898404628576,-0.0004277662226152834,263.2324944699983,446.39067269155925
A3_w4,A3,random,random,False,7.361191987463536e-06,0.0003917864746764729,-0.0003844252826890094,123.84742825645222,404.28317489736816
A3_w4,A3,random,random,False,0.0,0.0008597827656178106,-0.0008597827656178106,16.607575603630817,218.17123151024728
A3_w4,A3,random,random,False,0.00024609925501893116,0.001755857772923259,-0.0015097585179043279,285.5013536422864,504.6977979107003
A3_w4,A3,random,random,False,0.0027628911523575896,0.001504624833707123,0.0012582663186504665,155.21307829952818,327.23986643601336
A3_w4,A3,random,random,False,0.0002841828380862041,0.0005955336872544211,-0.000311350849168217,59.74434816802069,164.2505321928884
A3_w4,A3,random,random,False,0.014423003027796949,0.007289226604977958,0.007133776422818991,426.23824954600184,547.9792964616589
A3_w4,A3,random,random,False,0.0010162966908229916,0.0009379354219991699,7.83612688238217e-05,250.7620013017918,55.53171586768695
A3_w4,A3,random,random,False,0.0,2.315581975522282e-05,-2.315581975522282e-05,475.2668482689448,153.80025833120973
A3_w4,A3,random,random,False,0.009387914717307176,0.006888861666941717,0.0024990530503654594,186.7658554168265,424.7356937759253
A3_w4,A3,random,random,False,8.295996718024456e-05,9.737520964681755e-05,-1.4415242466572987e-05,112.60519117172355,380.22611998628713
A3_w4,A3,random,random,False,0.0,9.537003797134392e-06,-9.537003797134392e-06,517.0657699724351,376.885683152574
A3_w4,A3,random,random,False,0.0,5.179558710616914e-05,-5.179558710616914e-05,270.9976220020457,197.41551204121237
A3_w4,A3,random,random,False,2.487993409621964e-05,0.003105138225703786,-0.0030802582916075664,362.9325870068919,94.97183669739111
A3_w4,A3,random,random,False,2.9215642281902673e-06,0.0007044999058235378,-0.0007015783415953476,205.55549036691914,468.61185943101873
A3_w4,A3,random,random,False,0.0,9.565480481508205e-05,-9.565480481508205e-05,501.4534934972639,473.1978598297727
A4_w1,A4,manual,matched,True,0.09623876499634562,0.03551134827440887,0.06072741672193675,37.00755767700875,10.55131264916468
A4_w1,A4,manual,matched,True,0.06458914099817555,0.05208809130989782,0.012501049688277727,46.56443914081146,15.213206046141607
A4_w1,A4,manual,matched,True,0.0892928001829681,0.04748874122389343,0.04180405895907467,68.70843277645187,14.51392203659507
A4_w1,A4,manual,matched,True,0.09557480553214202,0.04873365628851532,0.0468411492436267,88.28838504375497,17.077963404932376
A4_w1,A4,manual,matched,True,0.07132846418016,0.04567185573355558,0.025656608446604424,108.10143198090692,30.59745425616548
A4_w1,A4,manual,matched,True,0.08517990356858762,0.05670877360681681,0.028471129961770814,117.89140811455846,58.3357199681782
A4_w1,A4,manual,matched,True,0.07691766426674707,0.02565433427061479,0.05126332999613228,75.70127287191725,47.14717581543357
A4_w1,A4,manual,missed_both,True,0.08250829964488239,0.05416217474877735,0.028346124896105038,46.09824980111377,44.35003977724742
A4_w1,A4,manual,matched,True,0.060048216790109986,0.03490896066218883,0.02513925612792116,22.78878281622912,37.12410501193317
A4_w1,A4,manual,matched,True,0.1145143357927371,0.05089642293437995,0.06361791285835713,40.7370723945903,62.06523468575975
A4_w1,A4,manual,matched,True,0.08420022027536185,0.046889468272972384,0.037310752002389466,8.80310262529833,86.77326968973746
A4_w1,A4,manual,matched,True,0.06445122729207448,0.047762998985529784,0.016688228306544692,28.38305489260144,104.25536992840094
A4_w1,A4,manual,matched,True,0.08302469388799578,0.05516655641263788,0.027858137475357904,14.397374701670644,117.5417661097852
A4_w1,A4,manual,matched,True,0.11022923246614338,0.04411897662051586,0.06611025584562752,19.292362768496417,140.85123309466985
A4_w1,A4,manual,matched,True,0.0854862966315825,0.04042777428978855,0.04505852234179395,38.406125696101824,145.0469371519491
A4_w1,A4,manual,matched,True,0.07835621318844105,0.03175018955105323,0.04660602363738782,64.51272871917263,144.5807478122514
A4_w1,A4,manual,matched,True,0.05564395930540956,0.03951597371674761,0.01612798558866195,73.83651551312649,159.26571201272873
A4_w1,A4,manual,matched,True,0.09553567634568462,0.04448209917750679,0.05105357716817783,56.8206046141607,94.9315831344471
A4_w1,A4,manual,matched,True,0.10293462404153635,0.03705363527546011,0.06588098876607623,75.00198886237072,102.62370723945904
A4_w1,A4,manual,matched,True,0.09298057012754854,0.0314703918129422,0.06151017831460634,83.16030230708034,80.24661893396977
A4_w1,A4,manual,matched,True,0.0661907824772081,0.0413504742085526,0.0248403082686555,124.65115354017502,81.17899761336515
A4_w1,A4,manual,matched,True,0.0873348188763375,0.042697698858183836,0.04463712001815366,144.69729514717582,97.72871917263323
A4_w1,A4,manual,matched,True,0.053349013415856475,0.03579857798237991,0.017550435433476563,175.93198090692124,58.10262529832936
A4_w1,A4,manual,matched,True,0.06212999207098292,0.03877143145959789,0.023358560611385033,185.25576770087508,36.42482100238664
A4_w1,A4,manual,matched,True,0.07254973636737766,0.03166432377230157,0.04088541259507609,176.16507557677008,24.77008750994431
A4_w1,A4,manual,matched,True,0.06990391698015493,0.04362329120388159,0.02628062577627334,199.47454256165472,26.401750198886237
A4_w1,A4,manual,matched,True,0.09169305704877413,0.03863594992740623,0.0530571071213679,215.55807478122517,90.9689737470167
A4_w1,A4,manual,matched,True,0.06263084132833441,0.030956473682752884,0.03167436764558153,194.11336515513125,84.442322991249
A4_w1,A4,manual,missed_both,False,0.05463429781699527,0.03567096922101429,0.01896332859598098,180.826968973747,78.8480509148767
A4_w1,A4,manual,matched,True,0.09369333758644081,0.029713118893146723,0.0639802186932941,175.93198090692124,103.32299124900555
A4_w1,A4,manual,matched,True,0.06763511832147959,0.04890259355732789,0.018732524764151694,150.0584725536993,68.3587907716786
A4_w1,A4,manual,matched,True,0.070019226275884,0.051508771170878855,0.018510455105005146,151.2239459029435,46.68098647573588
A4_w1,A4,manual,matched,True,0.07496090661008581,0.04076031840057435,0.03420058820951146,210.19689737470168,101.4582338902148
A4_w1,A4,manual,matched,True,0.0572123940495042,0.04559634185211804,0.011616052197386158,211.12927605409703,117.77486077963404
A4_w1,A4,manual,matched,True,0.10645329790031514,0.05048693799039703,0.05596635990991811,178.7291169451074,123.13603818615752
A4_w1,A4,manual,missed_both,False,0.10649331791572748,0.06290174571298333,0.04359157220274415,185.48886237072395,132.69291964996023
A4_w1,A4,manual,missed_both,True,0.09734573300835801,0.06213331437103299,0.03521241863732502,197.14359586316627,134.557677008751
A4_w1,A4,manual,matched,True,0.09973037042644915,0.06139725465610699,0.03833311577034216,192.94789180588705,143.88146380270484
A4_w1,A4,manual,matched,True,0.10099749685064979,0.058757653344876544,0.04223984350577325,214.3926014319809,150.6412092283214
A4_w1,A4,manual,matched,True,0.06995554295521393,0.06813843980092227,0.0018171031542916632,204.60262529832931,164.39379474940333
A4_w1,A4,manual,missed_both,True,0.06534691838301938,0.059782919461104644,0.0055639989219147395,213.4602227525855,171.85282418456643
A4_w1,A4,manual,missed_both,False,0.09286825585918092,0.05057444277035806,0.04229381308882286,206.4673826571201,178.84566428003183
A4_w1,A4,manual,matched,True,0.0972545817419801,0.034436612408140194,0.0628179693338399,174.99960222752586,182.57517899761336
A4_w1,A4,manual,matched,True,0.10066677308911516,0.037638835403347684,0.06302793768576748,174.06722354813047,205.6515513126492
A4_w1,A4,manual,matched,True,0.10319341166646366,0.05507795653691332,0.048115455129550344,118.82378679395384,214.2760540970565
A4_w1,A4,manual,matched,True,0.06300661595552647,0.04836524231151564,0.014641373644010823,85.72434367541766,186.0715990453461
A4_w1,A4,manual,missed_both,True,0.07677426941422219,0.045399028074249566,0.031375241339972625,101.57478122513922,188.16945107398567
A4_w1,A4,manual,missed_both,False,0.049145894548121,0.03757066489513543,0.011575229652985575,90.3862370723946,169.52187748607795
A4_w1,A4,manual,matched,True,0.07791265303852117,0.03672971977825582,0.04118293326026535,110.89856801909306,156.00238663484487
A4_w1,A4,manual,matched,True,0.06046946939721095,0.04861090778675964,0.011858561610451311,93.4164677804296,149.47573587907718
A4_w1,A4,manual,missed_both,True,0.07507862000177362,0.04117222949789204,0.033906390503881584,88.9876690533015,134.0914876690533
A4_w1,A4,manual,matched,True,0.0925931981727174,0.04515671678062642,0.04743648139209098,100.17621320604611,118.24105011933172
A4_w1,A4,manual,missed_both,True,0.06341655459675795,0.05787366946243262,0.005542885134325326,117.42521877486078,119.87271280827366
A4_w1,A4,manual,missed_both,True,0.051061559573706415,0.04432038003974815,0.006741179533958266,125.81662688941924,109.15035799522671
A4_w1,A4,manual,matched,True,0.08869452167217132,0.042318356283990964,0.04637616538818035,128.6137629276054,138.75338106603022
A4_w1,A4,manual,missed_both,False,0.08872310093122791,0.056972535084562854,0.03175056584666506,123.25258552108193,132.22673031026252
A4_w1,A4,manual,matched,True,0.07111181871383461,0.04044303398028221,0.030668784733552397,49.12848050914876,176.51471758154335
A4_w1,A4,manual,matched,True,0.0968124598891938,0.037601633662153654,0.05921082622704015,28.149960222752583,183.04136833731104
A4_w1,A4,manual,matched,True,0.09041141892113816,0.035105636139118455,0.055305782782019704,8.336913285600637,173.7175815433572
A4_w1,A4,manual,matched,True,0.07259494494901558,0.04529718466217868,0.027297760286836906,47.03062848050915,195.16229116945107
A4_w1,A4,manual,matched,True,0.09474407823040754,0.04252204858779656,0.052222029642610975,66.14439140811456,197.9594272076372
A4_w1,A4,manual,matched,True,0.06324297460639618,0.04887823590245224,0.01436473870394394,79.66388225934764,212.8774860779634
A4_w1,A4,manual,matched,True,0.0871153343946919,0.035336877825590744,0.05177845656910116,10.434765314240252,214.2760540970565
A4_w1,A4,manual,matched,True,0.06415462345726,0.03535589436742004,0.028798729089839964,28.616149562450275,212.64439140811456
A4_w1,A4,manual,matched,True,0.05256176321672124,0.04416498673043236,0.008396776486288886,50.99323786793954,111.71439936356404
A4_w1,A4,manual,missed_both,True,0.05275695464086944,0.042721264253438695,0.010035690387430747,47.49681782020684,129.19649960222753
A4_w1,A4,manual,missed_both,False,0.057366710574238686,0.04777874509430169,0.009587965479936997,44.93277645186953,136.42243436754177
A4_w1,A4,random,random,False,0.08017562914063227,0.04633900906908342,0.03383662007154885,89.26641410792004,23.71982779014292
A4_w1,A4,random,random,False,0.06943410381853743,0.04006120119692582,0.02937290262161161,181.07612556668354,31.637847047381452
A4_w1,A4,random,random,False,0.08540390844877603,0.05329359901077932,0.03211030943799671,39.12237398149694,3.076498362110736
A4_w1,A4,random,random,False,0.05010616974234271,0.0322889693132948,0.017817200429047907,135.6299390764371,3.048395776251076
A4_w1,A4,random,random,False,0.06348158892293214,0.054513744131013196,0.008967844791918943,145.0310335572911,53.75302349042206
A4_w1,A4,random,random,False,0.03656106064413791,0.036890475929808875,-0.0003294152856709656,133.67512828887368,0.3678371440045921
A4_w1,A4,random,random,False,0.04172584465148733,0.048147453322456395,-0.006421608670969067,24.437814809946566,166.36657272821628
A4_w1,A4,random,random,False,0.0921312709725812,0.03588744232902854,0.05624382864355266,38.187740290673034,11.44174661051161
A4_w1,A4,random,random,False,0.04498338053917734,0.04331125332767175,0.0016721272115055863,21.523764077695045,185.61732965435925
A4_w1,A4,random,random,False,0.012760076257525019,0.04186230122635644,-0.02910222496883142,65.68458638330455,123.24103008188344
A4_w1,A4,random,random,False,0.058072331981206524,0.056568902482715726,0.0015034294984907978,127.39138205428539,204.48282690883
A4_w1,A4,random,random,False,0.036472569051329375,0.054908839774841824,-0.01843627072351245,54.11652358719213,18.477012186928818
A4_w1,A4,random,random,False,0.05070595443613932,0.051672005707026805,-0.0009660512708874885,47.565598507241056,143.73132164867852
A4_w1,A4,random,random,False,0.0395517458440811,0.05359087214780568,-0.01403912630372458,91.4605006230194,107.82247726892518
A4_w1,A4,random,random,False,0.0652885360451535,0.03669566661781384,0.028592869427339664,161.3383939372736,142.06233870100857
A4_w1,A4,random,random,False,0.04743052450211066,0.03890694123439895,0.008523583267711708,179.68449419623863,80.50460804344941
A4_w1,A4,random,random,False,0.07891018471774644,0.060273804666998936,0.018636380050747504,198.86541575711973,209.59301057203047
A4_w1,A4,random,random,False,0.03806315189030865,0.0501148088757711,-0.012051656985462449,52.22872662849783,77.55008562297081
A4_w1,A4,random,random,False,0.03110266647285399,0.05712579064459992,-0.026023124171745928,87.80932792735534,117.711208702348
A4_w1,A4,random,random,False,0.0452286612740238,0.04235755277163358,0.002871108502390217,45.388485799239895,115.46504613970319
A4_w1,A4,random,random,False,0.07660452638283942,0.03695752468265454,0.039647001700184877,172.28342404252547,28.06700698729805
A4_w1,A4,random,random,False,0.07721325681266332,0.03371260515693709,0.04350065165572623,87.019941621335,84.45631897135341
A4_w1,A4,random,random,False,0.03593076220341435,0.037798731547085664,-0.0018679693436713107,145.20253934574967,196.42566624197644
A4_w1,A4,random,random,False,0.0339363996674393,0.04600771391733662,-0.012071314249897325,16.650762075891503,187.7826251175259
A4_w1,A4,random,random,False,0.060578879149570344,0.05808290414975861,0.0024959749998117314,48.288282434262484,9.086916441784208
A4_w1,A4,random,random,False,0.046262621651221005,0.04476585477200917,0.0014967668792118319,1.3746042879674785,167.13346852189025
A4_w1,A4,random,random,False,0.020699867505731634,0.05704168695884905,-0.036341819453117416,190.95259177196672,109.98294856181234
A4_w1,A4,random,random,False,0.029815365099177784,0.055078168352394104,-0.02526280325321632,65.85479027929105,106.67790267293961
A4_w1,A4,random,random,False,0.07185641657510006,0.05801807982843787,0.01383833674666219,55.23036671065484,58.73670886187019
A4_w1,A4,random,random,False,0.03291989298399935,0.043842401197950194,-0.01092250821395084,36.45559965308171,214.52787998722212
A4_w1,A4,random,random,False,0.09003452060220898,0.03277666799925964,0.05725785260294934,171.33439649485157,179.47370569229795
A4_w1,A4,random,random,False,0.023432286187184164,0.03274972811859182,-0.009317441931407659,172.32989484100423,5.20918486432401
A4_w1,A4,random,random,False,0.07520361116627756,0.04184236544198054,0.03336124572429702,176.48835355392885,32.606967132957294
A4_w1,A4,random,random,False,0.051642248031621464,0.042463827249651545,0.009178420781969919,99.4656937347342,59.10234775950854
A4_w1,A4,random,random,False,0.07844097402799836,0.036677295109570365,0.041763678918428,7.621509571061943,212.13882854300556
A4_w1,A4,random,random,False,0.057204805295195796,0.04562484654225697,0.011579958752938824,80.91466863789628,214.7519239991463
A4_w1,A4,random,random,False,0.048170840786112966,0.04855933263462422,-0.00038849184851125207,99.76822505452965,152.61533922049694
A4_w1,A4,random,random,False,0.08623810165691459,0.04011927656714998,0.04611882508976461,29.32965592256631,8.187553861668137
A4_w1,A4,random,random,False,0.05200589815582377,0.05402401446490544,-0.0020181163090816703,135.6909320568526,217.25083573743044
A4_w1,A4,random,random,False,0.02829060235909848,0.05239646458450671,-0.02410586222540823,168.01712010890242,93.63022109607103
A4_w1,A4,random,random,False,0.05044553979036486,0.03598659490397767,0.014458944886387194,86.67342071247359,171.52413295752302
A4_w1,A4,random,random,False,0.08688521320093198,0.06420450503860718,0.0226807081623248,195.97764906674752,149.61431687789613
A4_w1,A4,random,random,False,0.0777422146542947,0.046454937795854905,0.0312872768584398,94.10979986882369,21.499896293570966
A4_w1,A4,random,random,False,0.021656316029875767,0.05665204586990489,-0.03499572984002912,135.15051913765126,74.7694873709787
A4_w1,A4,random,random,False,0.05704016749009148,0.04404999730075517,0.012990170189336306,20.60493129792291,165.80326424100753
A4_w1,A4,random,random,False,0.02314464499190556,0.036795268592672334,-0.013650623600766774,187.2649223179752,59.296165469377534
A4_w1,A4,random,random,False,0.06523948970558684,0.03579552200001546,0.029443967705571374,165.02480470882196,153.77877486588866
A4_w1,A4,random,random,False,0.02969334334541327,0.044741105227244844,-0.015047761881831573,19.74208090184681,66.97596060954888
A4_w1,A4,random,random,False,0.07539004751642933,0.04487159557889097,0.03051845193753836,98.86322461582816,194.13063225900046
A4_w1,A4,random,random,False,0.04849282038990087,0.050225119008615794,-0.0017322986187149267,97.23176720392445,12.699073164820662
A4_w1,A4,random,random,False,0.035078694008066104,0.04399809028532933,-0.00891939627726323,36.03169203773032,215.36503551258977
A4_w1,A4,random,random,False,0.03508332191389587,0.041879316993057254,-0.006795995079161385,70.65251047817681,66.25021912271866
A4_w1,A4,random,random,False,0.040182657572265155,0.056409068124860344,-0.01622641055259519,58.33473581143899,206.8767578696658
A4_w1,A4,random,random,False,0.01572088629421064,0.04540358884755617,-0.029682702553345534,198.4091704325221,8.528143561872838
A4_w1,A4,random,random,False,0.01260541684483464,0.044905272883648484,-0.03229985603881384,11.082642496103675,195.00166946985456
A4_w1,A4,random,random,False,0.0971002468708732,0.04281427589629473,0.05428597097457846,101.8565790511573,116.13769038610157
A4_w1,A4,random,random,False,0.03763526371936398,0.06537592172306712,-0.027740658003703143,173.08959591084366,136.4603320129841
A4_w1,A4,random,random,False,0.0895296868995877,0.056083624230219835,0.03344606266936786,113.83485743769064,59.98263063661034
A4_w1,A4,random,random,False,0.030042107563946242,0.04767155348822927,-0.017629445924283026,130.13470818439063,157.06151238940976
A4_w1,A4,random,random,False,0.07726458771440328,0.06105679818654817,0.016207789527855114,9.788073145833083,135.11024555279187
A4_w1,A4,random,random,False,0.030204316626228328,0.05934408964899877,-0.02913977302277044,5.92657352037383,148.393708011819
A4_w1,A4,random,random,False,0.048565739400680236,0.05769711756999587,-0.009131378169315633,44.66065422297849,71.91239091872833
A4_w1,A4,random,random,False,0.05994812670286658,0.05633978938267174,0.003608337320194839,214.06428075739754,23.98672378737583
A4_w1,A4,random,random,False,0.08321233881446959,0.05486437450520645,0.02834796430926314,51.76535805181934,61.63396533276583
A4_w1,A4,random,random,False,0.0551633049174499,0.05913650902201877,-0.003973204104568875,169.993514408283,121.83209282551967
A4_w1,A4,random,random,False,0.0670365702887797,0.0700115667539412,-0.0029749964651615,212.16642464275816,157.45278166645858
A4_w1,A4,random,random,False,0.02373417459095585,0.05212076487185317,-0.028386590280897323,0.20730213499581918,155.95548867680452
A4_w2,A4,manual,matched,True,0.08249425658235053,0.05006043045612169,0.03243382612622884,9.269291964996022,11.949880668257755
A4_w2,A4,manual,matched,True,0.09168471738325891,0.06225587017047144,0.02942884721278747,21.623309466984885,16.378679395385838
A4_w2,A4,manual,matched,True,0.09563395902548288,0.06767992676392617,0.02795403226155671,35.84208432776451,22.206046141607
A4_w2,A4,manual,matched,True,0.10410695108457595,0.046563385010745875,0.05754356607383007,52.62490055688146,15.6793953858393
A4_w2,A4,manual,missed_both,True,0.06106830471792125,0.07361863478854937,-0.01255033007062812,37.47374701670644,7.287987271280826
A4_w2,A4,manual,matched,True,0.10189398578451023,0.056583989955380234,0.04530999582912999,43.53420843277645,36.65791567223548
A4_w2,A4,manual,matched,True,0.07564278843270547,0.055674855090545504,0.019967933342159967,6.472155926809862,36.19172633253778
A4_w2,A4,manual,matched,True,0.0989493264568571,0.06463834429621447,0.03431098216064263,12.066428003182182,58.10262529832936
A4_w2,A4,manual,matched,True,0.10795848638748955,0.06992312099687338,0.038035365390616166,30.480906921241044,52.2752585521082
A4_w2,A4,manual,matched,True,0.10575416085387501,0.06628623530545638,0.03946792554841863,34.443516308671434,69.52426412092284
A4_w2,A4,manual,matched,True,0.08860069113316325,0.053952663799074645,0.03464802733408861,13.698090692124104,76.51710421638822
A4_w2,A4,manual,matched,True,0.09296173606988964,0.05401031429065552,0.03895142177923412,51.69252187748607,60.89976133651551
A4_w2,A4,manual,matched,True,0.10006787962608897,0.06305576041422638,0.03701211921186259,55.42203659506762,82.34447096260938
A4_w2,A4,manual,matched,True,0.10206091610760155,0.051533691244259744,0.05052722486334181,71.27247414478917,73.71996817820207
A4_w2,A4,manual,matched,True,0.07193714458639357,0.056376985781099245,0.015560158805294322,85.25815433571996,58.80190930787589
A4_w2,A4,manual,matched,True,0.09607342323955831,0.046399327856242456,0.04967409538331585,87.35600636435959,80.71280827366746
A4_w2,A4,manual,matched,True,0.10727725836901782,0.044369980823236795,0.06290727754578102,72.9041368337311,103.78918058870326
A4_w2,A4,manual,matched,True,0.08587136523406197,0.04013187184480018,0.04573949338926179,95.04813046937151,103.08989657915672
A4_w2,A4,manual,matched,True,0.05804232233491172,0.04733553901408464,0.010706783320827078,107.4021479713604,87.23945902943517
A4_w2,A4,manual,matched,True,0.07862849737941943,0.05244217878284069,0.026186318596578745,120.92163882259348,70.92283214001591
A4_w2,A4,manual,matched,True,0.09932240561057952,0.05146354137348158,0.04785886423709794,106.0035799522673,63.69689737470166
A4_w2,A4,manual,matched,True,0.08474876428851423,0.055261864777948366,0.029486899510565864,74.30270485282418,45.748607796340494
A4_w2,A4,manual,missed_both,True,0.04638007094705714,0.051386175847443365,-0.005006104900386221,95.28122513922035,42.48528241845664
A4_w2,A4,manual,missed_both,True,0.04567358707352316,0.05490418266645007,-0.00923059559292691,104.6050119331742,33.62768496420047
A4_w2,A4,manual,matched,True,0.06345121782137479,0.06282552118522673,0.0006256966361480598,86.4236276849642,29.43198090692124
A4_w2,A4,manual,missed_both,False,0.06960442925480363,0.06399799212495097,0.005606437129852662,80.82935560859188,19.175815433572
A4_w2,A4,manual,matched,True,0.09901885525969108,0.05716870607553376,0.04185014918415732,68.00914876690533,29.89817024661893
A4_w2,A4,manual,matched,True,0.09234344764688712,0.057298508514990264,0.03504493913189686,73.60342084327765,5.656324582338904
A4_w2,A4,manual,matched,True,0.08875110636209146,0.06783273743066962,0.02091836893142185,91.31861575178996,3.325377883850436
A4_w2,A4,manual,matched,True,0.09115707840392241,0.04979042711934245,0.04136665128457996,95.74741447891805,18.243436754176606
A4_w2,A4,manual,matched,True,0.08031974377053816,0.043193111736192676,0.037126632034345484,113.92879872712808,6.588703261734288
A4_w2,A4,manual,matched,True,0.0630884838811228,0.0369131857287978,0.026175298152325,123.95186953062849,22.67223548130469
A4_w2,A4,manual,matched,True,0.07710065586817814,0.03960252401081003,0.03749813185736812,145.86276849642005,22.905330151153542
A4_w2,A4,manual,matched,True,0.10569133035097905,0.04042993792628035,0.0652613924246987,169.87151949085123,22.206046141607
A4_w2,A4,manual,matched,True,0.08539837196524229,0.04066946655976912,0.04472890540547317,192.48170246618932,19.175815433572
A4_w2,A4,manual,matched,True,0.0995615236038225,0.04225745380122837,0.057304069802594136,207.6328560063644,10.55131264916468
A4_w2,A4,manual,matched,True,0.09754282622342403,0.04732335199732993,0.0502194742260941,210.66308671439936,34.093874303898176
A4_w2,A4,manual,matched,True,0.10126041912555049,0.049122158990392246,0.052138260135158244,187.5867143993636,42.48528241845664
A4_w2,A4,manual,matched,True,0.09038713879946057,0.05092105785611191,0.039466080943348664,161.7132060461416,38.52267303102626
A4_w2,A4,manual,matched,True,0.11102664277311726,0.04079099222659027,0.07023565054652699,139.5692124105012,41.55290373906125
A4_w2,A4,manual,matched,True,0.1017129550627366,0.04888705053539943,0.052825904527337174,140.96778042959426,66.02784407319014
A4_w2,A4,manual,matched,True,0.10360765579825593,0.04493242283582,0.05867523296243592,116.4928400954654,49.01193317422434
A4_w2,A4,manual,matched,True,0.09398968560868645,0.055073996365204,0.03891568924348245,161.2470167064439,66.49403341288783
A4_w2,A4,manual,missed_both,True,0.07546072753754025,0.07039153506416172,0.005069192473378531,180.826968973747,65.79474940334129
A4_w2,A4,manual,matched,True,0.09187788885378284,0.060846682585953556,0.031031206267829285,197.3766905330151,63.69689737470166
A4_w2,A4,manual,matched,True,0.11022608975261676,0.05478178288462367,0.05544430686799309,194.3464598249801,78.8480509148767
A4_w2,A4,manual,matched,True,0.08546076310937922,0.06507671493434192,0.020384048175037306,176.6312649164678,82.57756563245823
A4_w2,A4,manual,matched,True,0.09845516963033274,0.056792614216839905,0.041662555413492834,157.7505966587112,88.87112171837708
A4_w2,A4,manual,matched,True,0.0801471180090201,0.059796910326885534,0.02035020768213456,138.1706443914081,87.9387430389817
A4_w2,A4,manual,matched,True,0.10201322189093377,0.05178075385871832,0.050232468032215455,121.38782816229116,101.69132856006364
A4_w2,A4,manual,missed_both,False,0.10420010146584806,0.06106072860772012,0.04313937285812794,125.81662688941924,111.24821002386632
A4_w2,A4,manual,matched,True,0.08671985697069283,0.06322640155483288,0.023493455415859954,145.39657915672234,104.0222752585521
A4_w2,A4,manual,matched,True,0.08538518377781101,0.07054944690559911,0.014835736872211902,165.90891010342085,102.62370723945904
A4_w2,A4,manual,matched,True,0.09543139473786914,0.06487094411686468,0.03056045062100446,159.84844868735084,118.4741447891806
A4_w2,A4,manual,matched,True,0.09494863469160392,0.05634072814188036,0.038607906549723556,179.1953062848051,104.4884645982498
A4_w2,A4,manual,matched,True,0.10012041262731253,0.06054788365043794,0.039572528976874584,181.2931583134447,121.03818615751788
A4_w2,A4,manual,matched,True,0.10044297665682593,0.05761198101342261,0.04283099564340332,200.40692124105013,114.74463007159903
A4_w2,A4,manual,matched,True,0.08978206372856969,0.05859826229634435,0.031183801432225336,207.16666666666663,96.3301511535402
A4_w2,A4,manual,matched,True,0.08522912902778847,0.04643738819261034,0.038791740835178126,181.99244232299125,143.88146380270484
A4_w2,A4,manual,missed_both,True,0.058154904757272405,0.0583753312893816,-0.00022042653210919277,193.18098647573584,131.0612569610183
A4_w2,A4,manual,matched,True,0.09202069495089309,0.05590190539748639,0.036118789553406694,189.45147175815436,165.3261734287987
A4_w2,A4,manual,matched,True,0.0842964285297808,0.04155001040968648,0.04274641812009432,206.4673826571201,171.6197295147176
A4_w2,A4,manual,matched,True,0.04514183245509645,0.02794952439792092,0.017192308057175535,213.9264120922832,150.6412092283214
A4_w2,A4,manual,matched,True,0.09210519159064698,0.049029300170102215,0.043075891420544764,208.33214001591088,197.26014319809067
A4_w2,A4,manual,matched,True,0.08938878576342714,0.044004998817763534,0.045383786945663605,198.07597454256165,205.41845664280032
A4_w2,A4,manual,missed_both,False,0.08907621737490179,0.05269357256481402,0.036382644810087766,214.8587907716786,202.1551312649165
A4_w2,A4,manual,matched,True,0.08916454693713856,0.054847626814936344,0.034316920122202214,190.15075576770087,184.90612569610184
A4_w2,A4,manual,matched,True,0.08520889715005034,0.03224671379633831,0.05296218335371203,170.57080350039777,197.26014319809067
A4_w2,A4,manual,matched,True,0.08544201188051444,0.04950404192721681,0.03593796995329763,156.81821797931582,184.2068416865553
A4_w2,A4,manual,matched,True,0.08477409807365437,0.05729703357894446,0.027477064494709907,172.90175019888622,171.85282418456643
A4_w2,A4,manual,matched,True,0.08169272462250575,0.045257655068158646,0.0364350695543471,159.1491646778043,159.49880668257757
A4_w2,A4,manual,matched,True,0.10647442853653177,0.05653956228220796,0.04993486625432381,164.51034208432776,139.21957040572792
A4_w2,A4,manual,matched,True,0.0876689384559104,0.05407036923590235,0.03359856922000804,146.09586316626888,135.02386634844868
A4_w2,A4,manual,matched,True,0.08423616587128531,0.06273147376465181,0.0215046921066335,136.77207637231504,124.0684168655529
A4_w2,A4,manual,missed_both,True,0.07358974045429666,0.05999487074604625,0.013594869708250405,123.25258552108193,121.27128082736677
A4_w2,A4,manual,missed_both,True,0.050280378990860776,0.0639570930707539,-0.01367671407989312,110.66547334924422,115.44391408114558
A4_w2,A4,manual,matched,True,0.09656583991299778,0.03794975972102901,0.05861608019196877,91.08552108194112,125.00079554494828
A4_w2,A4,manual,missed_both,True,0.05010992182193279,0.0710271897034697,-0.020917267881536916,125.11734287987272,135.72315035799522
A4_w2,A4,manual,matched,True,0.09385821344067083,0.04912379279358992,0.04473442064708091,108.56762132060462,135.25696101829752
A4_w2,A4,manual,matched,True,0.10425260713898563,0.06087857362893096,0.043374033510054665,116.25974542561656,149.00954653937947
A4_w2,A4,manual,matched,True,0.10417195319147354,0.05076897749775786,0.05340297569371568,133.27565632458234,155.07000795544948
A4_w2,A4,manual,matched,True,0.09596597528537174,0.06470785420407729,0.03125812108129444,140.26849642004774,171.38663484486872
A4_w2,A4,manual,matched,True,0.11253291628949187,0.0672727384870502,0.04526017780244167,120.68854415274464,175.11614956245026
A4_w2,A4,manual,matched,True,0.10781132869870703,0.06152909198908769,0.04628223670961935,135.6066030230708,191.6658711217184
A4_w2,A4,manual,matched,True,0.0909657650514839,0.05373231839339435,0.03723344665808955,147.26133651551314,205.6515513126492
A4_w2,A4,manual,matched,True,0.07397941468192519,0.05798129687500199,0.0159981178069232,158.44988066825775,215.67462211614955
A4_w2,A4,manual,matched,True,0.08234899262459927,0.05056284874327282,0.03178614388132645,128.38066825775655,216.14081145584728
A4_w2,A4,manual,matched,True,0.10014264298030884,0.05518579740912061,0.04495684557118823,120.92163882259348,199.59108989657915
A4_w2,A4,manual,matched,True,0.09412164440912447,0.06299583587198926,0.031125808537135216,106.93595863166269,216.14081145584728
A4_w2,A4,manual,matched,True,0.09667319287769333,0.049466527306201484,0.04720666557149184,96.9128878281623,206.3508353221957
A4_w2,A4,manual,matched,True,0.07987129395866996,0.05359398945274446,0.026277304505925497,77.56603023070804,212.4112967382657
A4_w2,A4,manual,matched,True,0.09961119803351469,0.04976690174433182,0.04984429628918287,68.00914876690533,193.53062848050917
A4_w2,A4,manual,matched,True,0.09704121766258579,0.05804262851679379,0.038998589145792004,84.55887032617342,187.47016706443912
A4_w2,A4,manual,missed_both,True,0.06953930391658104,0.058958778126167885,0.010580525790413159,87.35600636435959,175.11614956245026
A4_w2,A4,manual,matched,True,0.10060919093351674,0.056673183280858415,0.04393600765265832,102.5071599045346,160.43118536197295
A4_w2,A4,manual,matched,True,0.0985169066075911,0.06077511018358576,0.037741796424005346,106.46976929196498,182.57517899761336
A4_w2,A4,manual,matched,True,0.08697919974499398,0.039482218701610394,0.04749698104338358,86.19053301511535,154.60381861575178
A4_w2,A4,manual,matched,True,0.09269491618049233,0.03934179484880456,0.05335312133168777,68.94152744630071,138.28719172633254
A4_w2,A4,manual,matched,True,0.09705488369031001,0.0535646813465232,0.04349020234378681,58.45226730310263,121.5043754972156
A4_w2,A4,manual,matched,True,0.10027528460101733,0.06669483664831592,0.0335804479527014,52.158711217183765,101.69132856006364
A4_w2,A4,manual,matched,True,0.09861150282648252,0.061612669014079094,0.03699883381240343,39.10540970564837,88.40493237867939
A4_w2,A4,manual,matched,True,0.09726252363708733,0.04367779948572866,0.05358472415135867,21.157120127287197,97.72871917263323
A4_w2,A4,manual,matched,True,0.10251076531674469,0.0515357102443469,0.05097505507239779,4.141209228321401,107.9848846459825
A4_w2,A4,manual,matched,True,0.10338324778465952,0.04259674765557677,0.060786500129082745,19.05926809864757,124.0684168655529
A4_w2,A4,manual,matched,True,0.09677768356896525,0.05008560940792618,0.04669207416103907,37.2406523468576,111.71439936356404
A4_w2,A4,manual,matched,True,0.10674186505658721,0.04940721793176937,0.05733464712481784,30.480906921241044,142.71599045346062
A4_w2,A4,manual,matched,True,0.05661858484269296,0.0424923483084063,0.014126236534286657,7.1714399363564,151.10739856801908
A4_w2,A4,manual,missed_both,True,0.07952449014097272,0.05099182888127302,0.0285326612596997,6.239061256961016,167.6571201272872
A4_w2,A4,manual,matched,True,0.09352694687039122,0.05520897507701795,0.03831797179337327,16.495226730310264,172.3190135242641
A4_w2,A4,manual,matched,True,0.08273635838256997,0.04528588284370843,0.03745047553886154,29.54852824184566,164.39379474940333
A4_w2,A4,manual,matched,True,0.0952647360593007,0.04876259488558325,0.046502141173717454,49.12848050914876,141.5505171042164
A4_w2,A4,manual,matched,True,0.07905087156068931,0.02995012451880818,0.04910074704188113,55.65513126491646,166.2585521081941
A4_w2,A4,manual,matched,True,0.10081275807895697,0.042851976998049504,0.057960781080907464,47.963007159904535,185.6054097056484
A4_w2,A4,manual,matched,True,0.09839867922367551,0.04014795834872497,0.05825072087495054,24.653540175019884,190.96658711217185
A4_w2,A4,manual,matched,True,0.08166673136753062,0.06018346713568811,0.021483264231842512,4.374303898170247,191.8989657915672
A4_w2,A4,manual,matched,True,0.11307914844002617,0.052916507705610294,0.06016264073441588,10.434765314240252,205.41845664280032
A4_w2,A4,manual,matched,True,0.08827121792722936,0.07823429818909461,0.010036919738134753,3.9081145584725543,217.30628480509148
A4_w2,A4,manual,matched,True,0.09582329178508901,0.03730833427480106,0.05851495751028795,46.331344470962605,207.05011933174225
A4_w2,A4,random,random,False,0.07229651838980664,0.034844590685256666,0.03745192770454997,117.78165272710794,6.330501628845887
A4_w2,A4,random,random,False,0.06895838056747786,0.061458186869847865,0.007500193697629991,207.42803025005804,16.559514276445313
A4_w2,A4,random,random,False,0.054280136296097174,0.06612210788712815,-0.011841971591030974,209.5985260372555,63.07498680534528
A4_w2,A4,random,random,False,0.047406752741012796,0.06478008406871037,-0.017373331327697576,207.4761349064861,181.93361279463602
A4_w2,A4,random,random,False,0.0545929192713053,0.05176998893980394,0.0028229303315013624,21.343605783841706,143.6846246409874
A4_w2,A4,random,random,False,0.0463608625471255,0.05975538654871336,-0.01339452400158786,26.78944405545759,124.95878903106168
A4_w2,A4,random,random,False,0.038233048882161454,0.06839803387597138,-0.030164984993809922,198.4886330364052,31.236695820310885
A4_w2,A4,random,random,False,0.05967628309046701,0.05298523456013432,0.0066910485303326925,201.01895299298238,9.993909999296807
A4_w2,A4,random,random,False,0.032112258606434366,0.0612287413624378,-0.029116482756003433,138.26575134936056,53.24187841430382
A4_w2,A4,random,random,False,0.048661134378402617,0.06725351583940364,-0.018592381461001027,138.82427324699876,207.15075447528903
A4_w2,A4,random,random,False,0.07084358007563056,0.058341626273037,0.012501953802593557,122.38547581671493,63.07395221840896
A4_w2,A4,random,random,False,0.05240134531070889,0.066730454484518,-0.014329109173809113,129.6012220632218,197.78182837807054
A4_w2,A4,random,random,False,0.0713008346283599,0.06401966329290741,0.007281171335452488,176.59757944742708,138.57699828828788
A4_w2,A4,random,random,False,0.04346560615389031,0.0568362551330898,-0.013370648979199491,4.246105658673772,2.6706790394139523
A4_w2,A4,random,random,False,0.05300782687219705,0.06271793226025986,-0.009710105388062808,107.59649452139001,114.55441424087195
A4_w2,A4,random,random,False,0.08972328435044415,0.05980805069153853,0.029915233658905617,135.08737613175123,161.9175314591177
A4_w2,A4,random,random,False,0.054058425460770734,0.07071760332536531,-0.016659177864594574,42.57004959857287,16.765821033510576
A4_w2,A4,random,random,False,0.04846159818376571,0.07031736287639168,-0.021855764692625963,200.17048110342157,91.35561051928508
A4_w2,A4,random,random,False,0.027538465576272098,0.051440546306033876,-0.023902080729761778,191.53017512961912,149.1954038406139
A4_w2,A4,random,random,False,0.01633229576120988,0.05404341638187957,-0.03771112062066968,168.15939600569274,214.97988216020926
A4_w2,A4,random,random,False,0.040502325981141896,0.06153738792751895,-0.021035061946377054,27.59757430795833,125.18823553856116
A4_w2,A4,random,random,False,0.07491568685024977,0.07126186761776845,0.0036538192324813146,38.5754956338841,45.56217586149799
A4_w2,A4,random,random,False,0.035245615698731046,0.05934898129333463,-0.024103365594603583,6.074290015258967,99.29397896578251
A4_w2,A4,random,random,False,0.054281570577490855,0.07906687221488481,-0.02478530163739396,117.43570942417128,163.64487434867314
A4_w2,A4,random,random,False,0.08393883677710154,0.05385197074761247,0.030086866029489068,30.209088230229575,16.29584169953172
A4_w2,A4,random,random,False,0.0607754458698182,0.05772648121671005,0.003048964653108152,139.61371607986786,58.90655847870837
A4_w2,A4,random,random,False,0.04594118216810636,0.06075258968524701,-0.014811407517140648,80.54952406057092,75.61669816543278
A4_w2,A4,random,random,False,0.034595908189162396,0.05255867411792145,-0.017962765928759054,0.014769130931266639,82.16781774164951
A4_w2,A4,random,random,False,0.05333624412947268,0.061547578281846343,-0.008211334152373663,151.3451276276682,60.3434365329323
A4_w2,A4,random,random,False,0.09092302254374822,0.05052383179411984,0.04039919074962838,163.70920890746712,63.852790765008955
A4_w2,A4,random,random,False,0.09005182018199759,0.06764077722724067,0.02241104295475692,130.3349688837871,188.09041693777948
A4_w2,A4,random,random,False,0.08842171246678178,0.049725807437161776,0.038695905029620004,33.60962113125891,112.68156618075575
A4_w2,A4,random,random,False,0.03720820898334405,0.05157019295402031,-0.014361983970676256,115.08895879112464,35.563119106659265
A4_w2,A4,random,random,False,0.05302497443710469,0.061622565587643806,-0.008597591150539118,93.61693692923647,166.16252568943554
A4_w2,A4,random,random,False,0.055420744287409965,0.057758896088309954,-0.002338151800899989,114.97339448005309,103.8020512841693
A4_w2,A4,random,random,False,0.02675692740647787,0.0674914669658529,-0.04073453955937503,134.85068761451757,52.694922860243985
A4_w2,A4,random,random,False,0.03730252744602838,0.0645483348406352,-0.027245807394606816,28.332815506511285,129.09235328415735
A4_w2,A4,random,random,False,0.031498909153913464,0.0506728849124135,-0.019173975758500036,2.058797990751306,138.62673285639548
A4_w2,A4,random,random,False,0.02903317979386941,0.054974307647860376,-0.025941127853990966,80.89092085566688,165.91930511410408
A4_w2,A4,random,random,False,0.09738583949136773,0.06670267445767804,0.03068316503368969,27.968054858512524,49.64332806369892
A4_w2,A4,random,random,False,0.051631788842686925,0.07378323666058656,-0.022151447817899635,8.301997501496398,183.47250491773474
A4_w2,A4,random,random,False,0.048453532549768495,0.06309897794291897,-0.01464544539315047,29.25697279633387,96.43980541160717
A4_w2,A4,random,random,False,0.013586686530320554,0.054578953606519466,-0.040992267076198914,75.03019702897336,163.5060180407121
A4_w2,A4,random,random,False,0.042181485620749214,0.06985372275365516,-0.027672237132905946,72.76103404347036,89.36974178107023
A4_w2,A4,random,random,False,0.08040483956030484,0.06137705562827329,0.01902778393203155,20.49279594017551,76.32941280508452
A4_w2,A4,random,random,False,0.0838317684630549,0.04764364770322865,0.03618812075982625,13.84020615677659,119.97203145703975
A4_w2,A4,random,random,False,0.06817724612439136,0.04969564493632327,0.018481601188068082,102.37467903623457,128.2013689328468
A4_w2,A4,random,random,False,0.09826833650713714,0.06514454780700198,0.03312378870013516,12.385529969271493,58.005694694308865
A4_w2,A4,random,random,False,0.057832207645366396,0.047809438051119466,0.01002276959424693,95.11843528159211,96.42158549106506
A4_w2,A4,random,random,False,0.07254480287242251,0.06741091209731936,0.00513389077510315,59.90750265683223,29.14409711263416
A4_w2,A4,random,random,False,0.08204182199451956,0.034970027134485236,0.04707179486003433,114.24388809397453,3.298944424329223
A4_w2,A4,random,random,False,0.07259198692947236,0.049669345082459425,0.022922641847012933,64.67734025775508,138.42828114674708
A4_w2,A4,random,random,False,0.06209260616124112,0.047933497039811764,0.014159109121429356,50.52293945980681,178.8181817912408
A4_w2,A4,random,random,False,0.04013807726945777,0.06106386441527241,-0.02092578714581464,24.978201926217853,213.5747320203458
A4_w2,A4,random,random,False,0.049526771250160986,0.060531657673675215,-0.011004886423514229,171.992784892993,62.80760850216486
A4_w2,A4,random,random,False,0.03656214356783577,0.05687411782004489,-0.020311974252209118,87.6188293769421,37.26178975766124
A4_w2,A4,random,random,False,0.03451004349362415,0.0730124198410872,-0.03850237634746304,135.09739255197553,202.5412254757417
A4_w2,A4,random,random,False,0.03642500599064276,0.05855137989851785,-0.022126373907875092,97.39091755127129,47.158537597249214
A4_w2,A4,random,random,False,0.035836757591119116,0.06839149782074283,-0.032554740229623715,61.21792223015049,63.80782264202328
A4_w2,A4,random,random,False,0.056395713193028094,0.0657352110372696,-0.009339497844241512,184.01038260586705,84.05432251193797
A4_w2,A4,random,random,False,0.08419018127443682,0.053944751147446915,0.03024543012698991,76.0569219872296,65.8236648422671
A4_w2,A4,random,random,False,0.0530929102002747,0.07158733591494469,-0.01849442571466999,40.799782784080776,15.01650317625681
A4_w2,A4,random,random,False,0.06349889319640288,0.05353705450868071,0.009961838687722172,26.476263750037692,135.72116765634775
A4_w2,A4,random,random,False,0.02416294970840676,0.03618755714851531,-0.012024607440108553,141.73734807857795,7.112579351777481
A4_w2,A4,random,random,False,0.06510045429094478,0.05088584039225193,0.014214613898692857,22.494106534006285,168.09618170870564
A4_w2,A4,random,random,False,0.06505235629947889,0.045600602639006574,0.019451753660472318,95.1675275662472,82.07732024179978
A4_w2,A4,random,random,False,0.02914624172512712,0.05336477684317627,-0.024218535118049146,115.18049133517776,92.10530660709826
A4_w2,A4,random,random,False,0.053456400654173064,0.04627973162563763,0.0071766690285354345,50.696147391903196,167.39997774617044
A4_w2,A4,random,random,False,0.042893294493087104,0.0678514827422735,-0.024958188249186393,148.4505230762339,50.49426591669445
A4_w2,A4,random,random,False,0.063196136363177,0.05924456032573265,0.0039515760374443515,86.49995287044094,60.01982302800325
A4_w2,A4,random,random,False,0.014628556303778628,0.05410313066347569,-0.03947457435969706,74.87062406031373,167.00171590454843
A4_w2,A4,random,random,False,0.041828255779172076,0.058710687427711336,-0.01688243164853926,90.59856877279223,58.263391375444186
A4_w2,A4,random,random,False,0.0938842806778573,0.041802399136675376,0.05208188154118192,166.8725052556615,21.55868719418387
A4_w2,A4,random,random,False,0.05812971512337437,0.07707627344540068,-0.018946558322026304,27.637613793170576,61.57467182393619
A4_w2,A4,random,random,False,0.05842068467326963,0.05562329668562087,0.00279738798764876,167.61243640454745,34.50320327769083
A4_w2,A4,random,random,False,0.0355951260503246,0.04789930429847022,-0.012304178248145614,197.597044356448,135.3971911981642
A4_w2,A4,random,random,False,0.056758563306690386,0.06273730343642586,-0.005978740129735476,11.83322831207435,40.69613113926666
A4_w2,A4,random,random,False,0.05046732996051397,0.07367555056668716,-0.02320822060617319,53.36634471390082,109.90186856329747
A4_w2,A4,random,random,False,0.08297793907860292,0.03841246686454461,0.04456547221405831,88.19877300582085,154.63808609716577
A4_w2,A4,random,random,False,0.056032079532379334,0.06374384214733186,-0.00771176261495253,11.099990144249462,41.11242901167292
A4_w2,A4,random,random,False,0.05808263463320634,0.0701083297278462,-0.012025695094639854,175.2069280469247,110.11427824287172
A4_w2,A4,random,random,False,0.0654496719568369,0.0541974768026894,0.0112521951541475,218.3691421125592,64.09802362646116
A4_w2,A4,random,random,False,0.053616491351728746,0.0704230454327236,-0.01680655408099485,43.455929426523596,16.30393223967337
A4_w2,A4,random,random,False,0.06869138767004564,0.061684687554494064,0.007006700115551573,100.78253677600019,203.14960496847988
A4_w2,A4,random,random,False,0.07942733047647407,0.06401693100286872,0.015410399473605355,111.31702920916288,188.79948273238372
A4_w2,A4,random,random,False,0.07220887985157642,0.06340076436793304,0.00880811548364338,5.019760082444511,64.88245031451747
A4_w2,A4,random,random,False,0.08930399602417355,0.0398668873188246,0.049437108705348946,91.79104490874427,128.4571782584083
A4_w2,A4,random,random,False,0.031159637433743306,0.057285666296718614,-0.02612602886297531,155.67986885109434,19.36412701296631
A4_w2,A4,random,random,False,0.09174183312269735,0.05828075566011062,0.033461077462586725,197.67931671655228,78.41213394494333
A4_w2,A4,random,random,False,0.0511017973817925,0.06270545010711473,-0.011603652725322232,161.01117696242656,169.11463941701822
A4_w2,A4,random,random,False,0.08729907843523592,0.0648791028241371,0.02241997561109882,22.051124085384608,34.485412182039425
A4_w2,A4,random,random,False,0.06202391726395976,0.0666013589661885,-0.004577441702228742,186.86738140042846,72.14708010486156
A4_w2,A4,random,random,False,0.06921183383879616,0.05206344645706901,0.01714838738172715,116.94565622697566,72.39567627747581
A4_w2,A4,random,random,False,0.041573026471169304,0.05842689242968768,-0.01685386595851838,124.28456833465965,76.00346841241524
A4_w2,A4,random,random,False,0.09482635452203823,0.03605237546152417,0.05877397906051406,45.28533197058746,207.66101896820098
A4_w2,A4,random,random,False,0.06721674092985364,0.054540584369721874,0.012676156560131761,161.80695628283996,44.07351342458979
A4_w2,A4,random,random,False,0.0820510923044443,0.044007560258256,0.038043532046188294,30.720810195820494,163.51206942101385
A4_w2,A4,random,random,False,0.031770006445906135,0.07314712900396908,-0.041377122558062945,134.47453812809394,209.73605862273254
A4_w2,A4,random,random,False,0.05413396464119322,0.07437761085313567,-0.020243646211942447,7.265210657312423,45.69711679443196
A4_w2,A4,random,random,False,0.039912360073560554,0.04776517101571951,-0.007852810942158957,162.94468297485102,15.062580480122973
A4_w2,A4,random,random,False,0.03968877106618062,0.0715409529564169,-0.031852181890236274,16.2694638427971,25.440879225325887
A4_w2,A4,random,random,False,0.05027095924243,0.07014259641624034,-0.01987163717381034,182.6810949378085,73.3918019247144
A4_w2,A4,random,random,False,0.013058370754947002,0.05274807284671392,-0.03968970209176692,169.809355095099,214.2998829278986
A4_w2,A4,random,random,False,0.047259806227887224,0.07588269265795783,-0.028622886430070604,189.72135534198466,110.70294470112147
A4_w2,A4,random,random,False,0.042340859124943744,0.05722017656263641,-0.014879317437692663,84.46778420904941,164.70259123214063
A4_w2,A4,random,random,False,0.08954016179532515,0.054394255083086984,0.03514590671223816,189.25205439595686,184.37836840320924
A4_w2,A4,random,random,False,0.033724968489157486,0.06255328363639755,-0.02882831514724006,142.0518238581335,146.35171480591822
A4_w2,A4,random,random,False,0.022669561460037204,0.06233740572830044,-0.03966784426826324,85.38322143980635,97.89678249975867
A4_w2,A4,random,random,False,0.10647617866010832,0.04610206677047984,0.06037411188962848,55.86194760206255,17.00055599378045
A4_w2,A4,random,random,False,0.03214525007107786,0.06092189070023521,-0.02877664062915735,109.1495092187216,103.93539830357281
A4_w2,A4,random,random,False,0.05520657406778904,0.0635679998944518,-0.008361425826662765,108.11072276269624,7.176169158386405
A4_w2,A4,random,random,False,0.09155400113640551,0.048973921340074986,0.04258007979633052,25.81775773640186,142.5934514744988
A4_w2,A4,random,random,False,0.06369521629304335,0.06495932634456186,-0.0012641100515185105,156.40805647447982,133.33466083907132
A4_w2,A4,random,random,False,0.07575711600431857,0.06141244794462743,0.014344668059691146,23.90134163447663,11.976473782162023
A4_w2,A4,random,random,False,0.04807280353202063,0.05903682624815786,-0.01096402271613723,152.71333385239504,40.58527189511352
A4_w2,A4,random,random,False,0.05233628500880371,0.05191401982210218,0.00042226518670153423,90.21299691866335,50.12006729015327
A4_w2,A4,random,random,False,0.07039710543755932,0.059138732835780285,0.011258372601779039,112.68338851740243,179.76930378518549
A4_w2,A4,random,random,False,0.01758339568426487,0.06562177095354353,-0.04803837526927866,3.8657008076193375,95.67410402521601
A4_w3,A4,manual,matched,True,0.11103016412384788,0.063740000242108,0.04729016388173987,3.6750198886237087,16.611774065234684
A4_w3,A4,manual,missed_both,True,0.10090672609954142,0.07306390736567676,0.027842818733864655,12.066428003182182,18.709626093874306
A4_w3,A4,manual,matched,True,0.11312495139483184,0.0582453530321015,0.054879598362730334,24.653540175019884,29.89817024661893
A4_w3,A4,manual,matched,True,0.09973505617046952,0.055015306731668615,0.0447197494388009,21.85640413683373,5.190135242641212
A4_w3,A4,manual,matched,True,0.09759484289700811,0.060197587612729773,0.037397255284278334,49.12848050914876,5.423229912490058
A4_w3,A4,manual,matched,True,0.10561693470038531,0.05870164140865996,0.046915293291725356,49.59466984884647,22.206046141607
A4_w3,A4,manual,matched,True,0.09529809650703269,0.06382133900021437,0.03147675750681832,36.541368337311056,42.2521877486078
A4_w3,A4,manual,matched,True,0.08196080835179836,0.05966425846950774,0.02229654988229062,12.998806682577566,41.31980906921241
A4_w3,A4,manual,matched,True,0.11197011024101076,0.05122830156747847,0.060741808673532294,3.2088305489260165,64.16308671439936
A4_w3,A4,manual,matched,True,0.11625087553313371,0.044503621737295516,0.07174725379583818,20.924025457438347,63.46380270485282
A4_w3,A4,manual,matched,True,0.12552471679556945,0.061095957498213734,0.06442875929735573,63.8134447096261,60.43357199681782
A4_w3,A4,manual,matched,True,0.09619918424124785,0.06600392637361284,0.03019525786763501,68.70843277645187,42.48528241845664
A4_w3,A4,manual,matched,True,0.09721226727499732,0.06146304781994602,0.0357492194550513,78.96459824980111,23.371519490851234
A4_w3,A4,manual,matched,True,0.11025453231485759,0.06693706464747302,0.04331746766738456,89.9200477326969,38.289578361177405
A4_w3,A4,manual,matched,True,0.09590414903760777,0.05200640296493852,0.043897746072669254,102.74025457438344,24.536992840095465
A4_w3,A4,manual,missed_both,False,0.08364101787015918,0.0566724835347314,0.026968534335427778,95.98050914876691,19.875099443118536
A4_w3,A4,manual,matched,True,0.08894971202652739,0.04238360967533942,0.04656610235118797,121.62092283214002,7.05489260143198
A4_w3,A4,manual,matched,True,0.08166214269941023,0.039417427765861726,0.042244714933548505,99.0107398568019,2.1599045346062056
A4_w3,A4,manual,matched,True,0.0977860752343321,0.05637356990398906,0.04141250533034303,138.40373906125697,3.791567223548128
A4_w3,A4,manual,matched,True,0.08995714320747651,0.04439333176158962,0.04556381144588689,152.38941925218774,17.311058074781222
A4_w3,A4,manual,matched,True,0.10390382814040351,0.05458288081965845,0.04932094732074506,171.03699284009545,3.09228321400159
A4_w3,A4,manual,matched,True,0.09544146395466349,0.05537413492286979,0.0400673290317937,177.56364359586317,22.439140811455843
A4_w3,A4,manual,matched,True,0.09852155362017143,0.0592136045917471,0.03930794902842433,188.75218774860775,8.22036595067621
A4_w3,A4,manual,matched,True,0.10242455801252875,0.03400577262519999,0.06841878538732876,214.15950676213205,7.287987271280826
A4_w3,A4,manual,matched,True,0.11536413041579224,0.04841934948722333,0.06694478092856891,198.07597454256165,29.43198090692124
A4_w3,A4,manual,matched,True,0.11113971363356175,0.052321002150446085,0.05881871148311566,187.5867143993636,43.18456642800318
A4_w3,A4,manual,matched,True,0.09844775766408716,0.05660658320568417,0.041841174458402984,213.22712808273667,49.01193317422434
A4_w3,A4,manual,matched,True,0.10014194099921292,0.0625896675567657,0.037552273442447215,210.66308671439936,62.06523468575975
A4_w3,A4,manual,matched,True,0.10438397140337675,0.05696772235702899,0.047416249046347766,213.9264120922832,83.27684964200478
A4_w3,A4,manual,matched,True,0.12373785726992179,0.04291926372153325,0.08081859354838854,188.5190930787589,75.58472553699283
A4_w3,A4,manual,matched,True,0.10364003635412437,0.06095384359256924,0.042686192761555136,142.5994431185362,58.3357199681782
A4_w3,A4,manual,matched,True,0.09644792366147029,0.05228688755265567,0.04416103610881462,120.68854415274464,39.45505171042164
A4_w3,A4,manual,matched,True,0.09214377497427932,0.05743088853058884,0.03471288644369048,134.90731901352427,37.59029435163086
A4_w3,A4,manual,matched,True,0.10383971308328828,0.07122815865518334,0.03261155442810494,100.64240254574383,59.967382657120126
A4_w3,A4,manual,matched,True,0.09284703855797471,0.061210422759948216,0.0316366157980265,99.4769291964996,70.22354813046937
A4_w3,A4,manual,matched,True,0.1126160011575037,0.0828044721525275,0.029811529004976203,79.66388225934764,58.3357199681782
A4_w3,A4,manual,matched,True,0.11804571445913699,0.05960462148154679,0.058441092977590196,84.55887032617342,72.55449482895783
A4_w3,A4,manual,matched,True,0.06301897694767924,0.03219021669188247,0.030828760255796776,107.86833731105808,90.9689737470167
A4_w3,A4,manual,missed_both,False,0.041931328373299076,0.031489343119307366,0.01044198525399171,100.87549721559267,101.69132856006364
A4_w3,A4,manual,matched,True,0.06249386399810672,0.027387338042023143,0.03510652595608357,115.79355608591884,104.25536992840094
A4_w3,A4,manual,matched,True,0.09096062046129146,0.03908838707435562,0.051872233386935834,127.91447891805888,80.9459029435163
A4_w3,A4,manual,matched,True,0.10899687917772972,0.05232325101551949,0.056673628162210235,151.2239459029435,78.61495624502784
A4_w3,A4,manual,matched,True,0.1147885881921377,0.03589315704644415,0.07889543114569356,169.6384248210024,93.533015115354
A4_w3,A4,manual,matched,True,0.09522297066262116,0.04940096642509675,0.04582200423752441,165.67581543357198,68.82498011137629
A4_w3,A4,manual,matched,True,0.11338489904465521,0.05299033769560261,0.0603945613490526,198.3090692124105,107.5186953062848
A4_w3,A4,manual,matched,True,0.09270467068814321,0.07161255867876366,0.02109211200937955,212.52784407319007,115.21081941129674
A4_w3,A4,manual,matched,True,0.12118155850357581,0.03283513921442614,0.08834641928914967,140.50159108989658,109.84964200477329
A4_w3,A4,manual,matched,True,0.100404158219548,0.0653795297580667,0.0350246284614813,161.94630071599045,116.37629276054096
A4_w3,A4,manual,matched,True,0.10313323025577596,0.07088152665668214,0.03225170359909382,175.93198090692124,123.6022275258552
A4_w3,A4,manual,matched,True,0.1068880842746338,0.07405853607011761,0.03282954820451618,190.3838504375497,128.26412092283215
A4_w3,A4,manual,missed_both,True,0.0907579572521496,0.07139249849561563,0.019365458756533963,207.3997613365155,131.76054097056485
A4_w3,A4,manual,matched,True,0.0921315721590664,0.07206917662434989,0.020062395534716504,207.3997613365155,142.71599045346062
A4_w3,A4,manual,matched,True,0.10146020346642254,0.06179799049703001,0.03966221296939253,201.57239459029435,159.03261734287986
A4_w3,A4,manual,matched,True,0.0859097012086175,0.06359266138843775,0.022317039820179754,192.01551312649164,166.02545743834526
A4_w3,A4,manual,matched,True,0.09113553470948225,0.05066227768137662,0.040473257028105634,183.15791567223548,165.55926809864758
A4_w3,A4,manual,missed_both,False,0.07103067751972479,0.057354753181236555,0.013675924338488236,172.90175019888622,164.39379474940333
A4_w3,A4,manual,matched,True,0.08726472208791763,0.07565719145173329,0.011607530636184346,177.796738265712,145.7462211614956
A4_w3,A4,manual,matched,True,0.12048172376608451,0.05635137215099726,0.06413035161508726,158.91607000795543,159.49880668257757
A4_w3,A4,manual,matched,True,0.10163223631677655,0.07870263954175795,0.0229295967750186,159.61535401750197,143.648369132856
A4_w3,A4,manual,matched,True,0.10024079823581816,0.06559863908263976,0.034642159153178406,143.53182179793157,140.1519490851233
A4_w3,A4,manual,matched,True,0.10186848918074794,0.045481837799625606,0.05638665138112233,124.88424821002386,133.39220365950675
A4_w3,A4,manual,matched,True,0.12265344409821051,0.05913666680688377,0.06351677729132674,116.95902943516307,151.10739856801908
A4_w3,A4,manual,matched,True,0.11673485720569786,0.05550628781582022,0.06122856938987764,123.25258552108193,168.8225934765314
A4_w3,A4,manual,matched,True,0.10628583098746959,0.048777415072740984,0.057508415914728606,133.27565632458234,188.16945107398567
A4_w3,A4,manual,matched,True,0.0929592492963987,0.04680252142402734,0.046156727872371364,154.48727128082737,185.6054097056484
A4_w3,A4,manual,matched,True,0.07393473995032829,0.03813785315780053,0.03579688679252776,174.99960222752586,185.37231503579952
A4_w3,A4,manual,matched,True,0.1089217135562001,0.03894101268893284,0.06998070086726726,150.29156722354813,206.81702466189336
A4_w3,A4,manual,matched,True,0.09906851713166752,0.05428943998173799,0.04477907714992953,198.7752585521082,187.23707239459029
A4_w3,A4,manual,matched,True,0.08547828291713783,0.04383462405568039,0.04164365886145743,192.94789180588705,202.62132060461417
A4_w3,A4,manual,matched,True,0.10007404773056888,0.044525740894674766,0.055548306835894116,216.49045346062053,202.3882259347653
A4_w3,A4,manual,matched,True,0.09067627922991361,0.02338208911279217,0.06729419011712144,173.83412887828163,216.60700079554493
A4_w3,A4,manual,matched,True,0.08332279926131915,0.043344094787665655,0.039978704473653495,119.75616547334924,214.975338106603
A4_w3,A4,manual,matched,True,0.08544058986105998,0.04299463956630935,0.04244595029475064,97.14598249801114,197.26014319809067
A4_w3,A4,manual,matched,True,0.08903630714302266,0.03204424826705543,0.05699205887596723,76.63365155131265,208.68178202068412
A4_w3,A4,manual,missed_both,False,0.07827754465650825,0.04679492126431217,0.03148262339219608,104.83810660302308,202.3882259347653
A4_w3,A4,manual,matched,True,0.09688612081756703,0.05720309338600248,0.03968302743156455,87.58910103420843,176.98090692124106
A4_w3,A4,manual,matched,True,0.10273590401908489,0.06792807978719448,0.03480782423189041,94.58194112967382,163.46141607000794
A4_w3,A4,manual,matched,True,0.11500107304386328,0.06741019946443455,0.04759087357942873,82.46101829753381,151.34049323786795
A4_w3,A4,manual,matched,True,0.09968418633333308,0.04454359186333661,0.055140594469996466,93.88265712012728,133.62529832935562
A4_w3,A4,manual,matched,True,0.09804057661994199,0.057920788686447,0.040119787933494994,81.76173428798727,119.40652346857598
A4_w3,A4,manual,matched,True,0.1116938792982036,0.06856956835729651,0.04312431094090709,68.24224343675418,117.77486077963404
A4_w3,A4,manual,matched,True,0.11824522062454745,0.06570382068336385,0.052541399941183606,65.21201272871917,137.587907716786
A4_w3,A4,manual,matched,True,0.12154665539805166,0.05113744084257749,0.07040921455547416,55.42203659506762,99.59347653142402
A4_w3,A4,manual,matched,True,0.08451530862417962,0.07325078621881784,0.011264522405361785,49.12848050914876,128.9634049323787
A4_w3,A4,manual,matched,True,0.09504593532183951,0.0738510066916643,0.021194928630175205,41.66945107398568,113.34606205250596
A4_w3,A4,manual,matched,True,0.10800986146198795,0.04737842274853753,0.06063143871345042,32.11256961018297,87.9387430389817
A4_w3,A4,manual,matched,True,0.0801563256661275,0.060754166295289735,0.019402159370837765,35.60898965791567,128.26412092283215
A4_w3,A4,manual,matched,True,0.10217589850540464,0.05982540988420222,0.042350488621202415,17.660700079554495,97.4956245027844
A4_w3,A4,manual,matched,True,0.09408951025875385,0.06763486484338582,0.02645464541536803,13.231901352426412,124.76770087509944
A4_w3,A4,manual,missed_both,True,0.07272297293887728,0.0622129372611844,0.010510035677692875,17.660700079554495,141.5505171042164
A4_w3,A4,manual,matched,True,0.10020637412188663,0.07824714123660184,0.021959232885284785,1.5771678599840868,130.12887828162292
A4_w3,A4,manual,matched,True,0.11340176933294217,0.06121627865417517,0.052185490678767,4.607398568019093,153.6714399363564
A4_w3,A4,manual,matched,True,0.07343688254524305,0.057586016016192926,0.01585086652905013,23.254972155926808,161.3635640413683
A4_w3,A4,manual,matched,True,0.11544515426019535,0.03978043444819387,0.07566471981200149,45.63206046141608,149.2426412092283
A4_w3,A4,manual,matched,True,0.10809386865674438,0.06048459830186696,0.047609270354877414,45.86515513126491,171.15354017501988
A4_w3,A4,manual,matched,True,0.105111593842668,0.05749013126403004,0.04762146257863795,66.14439140811456,184.2068416865553
A4_w3,A4,manual,matched,True,0.09437730208854779,0.05789204275213604,0.03648525933641175,51.22633253778838,200.2903739061257
A4_w3,A4,manual,matched,True,0.09343619402096957,0.07145015575896471,0.02198603826200486,39.33850437549721,208.4486873508353
A4_w3,A4,manual,matched,True,0.08940618876415535,0.07525125543984364,0.014154933324311711,28.616149562450275,212.4112967382657
A4_w3,A4,manual,matched,True,0.12400536320872825,0.06681613330410457,0.057189229904623676,9.502386634844868,207.2832140015911
A4_w3,A4,manual,matched,True,0.10851190390748067,0.07028998371364616,0.03822192019383451,19.05926809864757,188.63564041368335
A4_w3,A4,manual,matched,True,0.09517541380765414,0.07746157594301202,0.017713837864642118,34.210421638822595,193.763723150358
A4_w3,A4,manual,missed_both,True,0.07814502345418399,0.07836052094908179,-0.00021549749489779835,32.345664280031826,178.37947494033412
A4_w3,A4,manual,matched,True,0.09109147455426067,0.07094880691211501,0.02014266764214566,10.434765314240252,175.11614956245026
A4_w3,A4,manual,matched,True,0.09203741960989256,0.04720529164481744,0.04483212796507512,161.94630071599045,43.41766109785203
A4_w3,A4,manual,missed_both,True,0.08703279624956758,0.06164554554292777,0.025387250706639816,43.3011137629276,56.004773269689736
A4_w3,A4,manual,matched,True,0.10805432275188512,0.06033003506611444,0.04772428768577068,123.01949085123309,58.3357199681782
A4_w3,A4,manual,matched,True,0.11907011041766888,0.05984046390341051,0.05922964651425837,69.64081145584726,162.29594272076372
A4_w3,A4,random,random,False,0.050591510750273266,0.0363401648833163,0.014251345866956963,104.07714449174225,87.74246406301371
A4_w3,A4,random,random,False,0.04427081225817377,0.08202167340109211,-0.03775086114291834,170.54632712970215,155.01726799128988
A4_w3,A4,random,random,False,0.09000529626389799,0.055829920111899654,0.03417537615199833,83.976123558761,118.255739329034
A4_w3,A4,random,random,False,0.052682834821324936,0.07097866375781844,-0.018295828936493508,136.19129585864877,174.64199271044126
A4_w3,A4,random,random,False,0.045029359988959565,0.07442055587939264,-0.029391195890433076,192.04626345000017,54.36127861578894
A4_w3,A4,random,random,False,0.08752157181977255,0.07641757497508353,0.011103996844689018,195.44069028743348,154.12846351370746
A4_w3,A4,random,random,False,0.09731028055765412,0.05752652187676837,0.039783758680885746,154.040494813321,75.26422564338087
A4_w3,A4,random,random,False,0.03816743455265569,0.06417625519657333,-0.026008820643917636,159.32591486841622,23.748166023474013
A4_w3,A4,random,random,False,0.0756918494727559,0.05637233247654272,0.019319516996213176,18.42897104615823,69.8733137891654
A4_w3,A4,random,random,False,0.06141760232086605,0.08238732708758609,-0.020969724766720037,20.371971781720596,212.35639427879002
A4_w3,A4,random,random,False,0.10066632761396885,0.06993234683628043,0.03073398077768842,19.680863024693625,187.0262895266983
A4_w3,A4,random,random,False,0.02856158525629915,0.05807820366700467,-0.02951661841070552,124.29988267479862,27.036444116095943
A4_w3,A4,random,random,False,0.07696385134356448,0.06510559275847586,0.011858258585088627,60.35633642499948,190.8861947345801
A4_w3,A4,random,random,False,0.089654917099219,0.05948704989633545,0.030167867202883544,195.86680999113253,101.91699667682089
A4_w3,A4,random,random,False,0.06242104102800477,0.05713486715586271,0.005286173872142058,152.52502515850034,214.8729021718027
A4_w3,A4,random,random,False,0.07815642743201871,0.06766674600243337,0.01048968142958534,99.74082402531617,167.11695535487019
A4_w3,A4,random,random,False,0.06266857738814764,0.06988780672000819,-0.007219229331860547,107.10780267507837,145.41752178520534
A4_w3,A4,random,random,False,0.0729591485439161,0.06421978841259394,0.00873936013132215,43.631854819395386,21.81350890117337
A4_w3,A4,random,random,False,0.0761512661802948,0.051926125645480624,0.024225140534814178,153.16361450595136,23.49230894390947
A4_w3,A4,random,random,False,0.043274740427217656,0.07120233864758656,-0.0279275982203689,36.614723050609726,0.9344536365637226
A4_w3,A4,random,random,False,0.08610122381560877,0.058230375013697995,0.02787084880191077,54.70464664673388,13.471493095430377
A4_w3,A4,random,random,False,0.02963014875738577,0.06376318420292053,-0.034133035445534754,54.26886333467834,211.08626955345375
A4_w3,A4,random,random,False,0.06464181874118377,0.05967789316398614,0.004963925577197631,140.4592683114433,187.5205363865415
A4_w3,A4,random,random,False,0.056587127017147916,0.05366014847777399,0.002926978539373924,121.13639668485125,193.12701354227366
A4_w3,A4,random,random,False,0.09319204659161456,0.045196594353705134,0.04799545223790943,131.46211711497435,191.42145298817866
A4_w3,A4,random,random,False,0.10283984774512744,0.06442840146921011,0.03841144627591733,92.11309688026815,157.6864038312467
A4_w3,A4,random,random,False,0.06236789671982214,0.07688139207948087,-0.014513495359658735,8.902587841341273,168.81123555280345
A4_w3,A4,random,random,False,0.0958164686047636,0.07948453020586925,0.016331938398894352,35.74985448470946,191.3325587818507
A4_w3,A4,random,random,False,0.03346576797502595,0.06960795223807892,-0.03614218426305297,20.502135967456002,74.82241069307915
A4_w3,A4,random,random,False,0.08071990937903363,0.07523534360465099,0.005484565774382638,16.47897844048981,16.13471782507343
A4_w3,A4,random,random,False,0.10643473982463553,0.086190526664929,0.020244213159706523,84.39423216978773,56.276607959474084
A4_w3,A4,random,random,False,0.09509928482368578,0.06681570447809303,0.02828358034559275,161.98342645628156,118.9248040657945
A4_w3,A4,random,random,False,0.04186445410048758,0.04964494563993815,-0.007780491539450568,71.93852803025554,213.51553852351287
A4_w3,A4,random,random,False,0.01805300138299944,0.06039672120196782,-0.04234371981896838,146.13252663767452,97.57579216062106
A4_w3,A4,random,random,False,0.043787056156453376,0.05637849435277769,-0.012591438196324314,143.65834656936357,215.52466737835007
A4_w3,A4,random,random,False,0.05800625785435389,0.060216601676647934,-0.002210343822294042,149.33238669693876,31.017923812143362
A4_w3,A4,random,random,False,0.013128733464992267,0.05362466747483812,-0.04049593400984586,97.83100250157851,121.18251640068915
A4_w3,A4,random,random,False,0.05425783372317808,0.07711336473979469,-0.02285553101661661,199.35191627552553,46.951230538124726
A4_w3,A4,random,random,False,0.10374303545774963,0.052216547222133966,0.05152648823561566,39.0723630872481,49.98272858721487
A4_w3,A4,random,random,False,0.08543225891702556,0.058066470122777256,0.027365788794248308,16.232901145218865,60.24042723423539
A4_w3,A4,random,random,False,0.04576216146445683,0.0757179280036688,-0.029955766539211975,53.12621914039199,141.0852836811149
A4_w3,A4,random,random,False,0.06946308320946909,0.069127203416162,0.00033587979330708395,114.50652787503812,61.490452120905466
A4_w3,A4,random,random,False,0.062032152929330814,0.08927416961967884,-0.027242016690348023,166.35386890074338,131.01269800815587
A4_w3,A4,random,random,False,0.06082928915343412,0.07536582268383088,-0.014536533530396759,112.74932419097232,55.46240966288108
A4_w3,A4,random,random,False,0.07819100180333478,0.06485408100648597,0.013336920796848811,53.07029596983461,194.2326833584786
A4_w3,A4,random,random,False,0.07677978506206679,0.05571172591208168,0.021068059149985108,130.94726633122377,6.3982732591049984
A4_w3,A4,random,random,False,0.09862607696038973,0.06697180398696025,0.03165427297342949,202.6646875535744,82.47466447710889
A4_w3,A4,random,random,False,0.07674314828409388,0.06454835630969735,0.012194791974396532,97.06219402737653,169.38967271711735
A4_w3,A4,random,random,False,0.0433536705303599,0.07623679178005764,-0.03288312124969774,202.92774530470828,94.23197808455532
A4_w3,A4,random,random,False,0.09189608757327448,0.052107168593572256,0.03978891897970223,130.46829401709044,35.34676628090771
A4_w3,A4,random,random,False,0.025976041197605892,0.05190606137567399,-0.025930020178068097,53.6584569944819,86.38891759994445
A4_w3,A4,random,random,False,0.03279231262569968,0.0657781196269743,-0.032985807001274625,103.43643562720494,9.083431387796894
A4_w3,A4,random,random,False,0.04174274133825209,0.0854764750093765,-0.0437337336711244,125.81835000696087,151.5828793444093
A4_w3,A4,random,random,False,0.02617158805106215,0.061260257037008006,-0.035088668985945856,28.14914589414579,156.15647345528188
A4_w3,A4,random,random,False,0.10829513582378092,0.058714216823531305,0.049580919000249614,25.256465827956806,31.666160210361927
A4_w3,A4,random,random,False,0.08646950804314481,0.06237267837656351,0.024096829666581297,3.5230237637273984,205.15702895179723
A4_w3,A4,random,random,False,0.10500874027196182,0.06560793577063935,0.03940080450132247,68.57826038444406,166.6804549706393
A4_w3,A4,random,random,False,0.08607406296528938,0.06593986768975774,0.020134195275531647,151.78395521043225,115.27485095091555
A4_w3,A4,random,random,False,0.03902647562852304,0.06298089165723426,-0.023954416028711227,135.61028362735624,197.90960094868564
A4_w3,A4,random,random,False,0.09092560834542542,0.04759571143062377,0.043329896914801644,25.053196891021415,66.40720880544133
A4_w3,A4,random,random,False,0.11927187599675797,0.06504901963375588,0.05422285636300209,83.45443134110093,151.55129221841872
A4_w3,A4,random,random,False,0.08992370272551295,0.0662839922476394,0.023639710477873555,12.309542856006916,126.33415322971182
A4_w3,A4,random,random,False,0.05639571353915851,0.06124208272037411,-0.004846369181215601,15.68422106341344,163.3437685537954
A4_w3,A4,random,random,False,0.11188171093299619,0.06082195315526058,0.05105975777773561,2.427683882834786,152.85842803231037
A4_w3,A4,random,random,False,0.10853204249030361,0.06431959545960758,0.04421244703069603,16.306159890517876,99.58690832343667
A4_w3,A4,random,random,False,0.0718555053366301,0.04246761283990644,0.02938789249672366,117.85298923265682,130.82350213829721
A4_w3,A4,random,random,False,0.085477851485161,0.07017255839026544,0.015305293094895561,206.29559079150027,157.03884968965744
A4_w3,A4,random,random,False,0.09473550920269735,0.07397733273722419,0.020758176465473163,102.74304223146,55.40190616382862
A4_w3,A4,random,random,False,0.0726047008772749,0.05741360808739167,0.015191092789883232,180.3907137403606,73.59979867417391
A4_w3,A4,random,random,False,0.09164989542633162,0.051686790922249884,0.039963104504081734,26.35062343115579,0.21463581225829786
A4_w3,A4,random,random,False,0.024815572481621764,0.060514775320992545,-0.03569920283937078,24.79126783072239,147.76122762545867
A4_w3,A4,random,random,False,0.06084267348879944,0.08108628917773154,-0.020243615688932105,20.152291027231296,217.57314358909824
A4_w3,A4,random,random,False,0.06149321058472601,0.07176865382366165,-0.010275443238935644,48.880963905550836,140.21542628861604
A4_w3,A4,random,random,False,0.049454376035600614,0.05936634039129246,-0.009911964355691846,142.7267752620765,30.57562245808628
A4_w3,A4,random,random,False,0.06722393716664135,0.07973138306326863,-0.012507445896627278,78.75803451101754,160.52784201042635
A4_w3,A4,random,random,False,0.05151723209933643,0.06064664330992679,-0.009129411210590362,50.097806211518446,211.74060169259334
A4_w3,A4,random,random,False,0.08406178387292416,0.07995679424969894,0.004104989623225225,205.96856723770296,128.84187886328812
A4_w3,A4,random,random,False,0.08332332910435288,0.06625150457957861,0.017071824524774265,208.73710056158225,166.23593883674465
A4_w3,A4,random,random,False,0.041360222709183714,0.04457965660187501,-0.0032194338926912966,89.3398888755786,113.21411992251808
A4_w3,A4,random,random,False,0.11042919387755518,0.06722391139824146,0.04320528247931371,64.68212286685907,140.74079634490334
A4_w3,A4,random,random,False,0.04355167938923611,0.06409222476195714,-0.020540545372721028,26.72010832604478,78.01558011781836
A4_w3,A4,random,random,False,0.050224077344953925,0.07228629015172465,-0.022062212806770724,177.8407411997109,104.81782252152581
A4_w3,A4,random,random,False,0.046347367302884294,0.05743220818606893,-0.011084840883184635,164.4469183453318,194.44097141522755
A4_w3,A4,random,random,False,0.0694044530097928,0.0820270141354084,-0.012622561125615606,151.76489238174366,151.39943511307138
A4_w3,A4,random,random,False,0.046126007050395844,0.07592874414132393,-0.029802737090928087,102.36594901010234,37.32966172032083
A4_w3,A4,random,random,False,0.059660652173346145,0.07643958605419165,-0.01677893388084551,54.31108186812096,55.753754912449644
A4_w3,A4,random,random,False,0.04413176242990732,0.07402116830521456,-0.029889405875307237,38.57157233500764,9.758251169031343
A4_w3,A4,random,random,False,0.07943191738161694,0.07721892281500486,0.0022129945666120726,157.39862041817196,138.613200569919
A4_w3,A4,random,random,False,0.08971658951326127,0.07596338631363969,0.013753203199621575,13.333361846836663,188.85679964849837
A4_w3,A4,random,random,False,0.06605179973687418,0.04527827390121959,0.020773525835654588,70.46101313393801,206.54379289619183
A4_w3,A4,random,random,False,0.10444965774784191,0.07022113343916593,0.034228524308675984,165.87458502822636,143.446856924536
A4_w3,A4,random,random,False,0.051500862878564375,0.08177133757187557,-0.0302704746933112,24.618794466110625,108.14126723060167
A4_w3,A4,random,random,False,0.06008648072560387,0.07297939823600738,-0.012892917510403508,6.3363904207278825,59.15578563604504
A4_w3,A4,random,random,False,0.038489716946256955,0.06829878823736289,-0.029809071291105937,75.51831883602362,194.71860308647294
A4_w3,A4,random,random,False,0.1036147162744461,0.05509775411818024,0.04851696215626586,50.76115058448614,1.7494051830970485
A4_w3,A4,random,random,False,0.07307659814150597,0.0636357242973445,0.009440873844161465,15.786183947987135,40.5702870622332
A4_w3,A4,random,random,False,0.05389477920315432,0.05446328140328067,-0.0005685022001263515,19.871927491141754,150.72687569087984
A4_w3,A4,random,random,False,0.021846503046539286,0.07451927860077166,-0.05267277555423237,95.27462205119492,209.88012958440535
A4_w3,A4,random,random,False,0.06872017500117829,0.04745816220660153,0.021262012794576755,189.7075611558753,204.17514807402966
A4_w3,A4,random,random,False,0.03906049859882303,0.06319751137427565,-0.024137012775452618,153.81588675676898,170.71167500216802
A4_w3,A4,random,random,False,0.028448352851860714,0.06671280593847485,-0.038264453086614136,159.70507626934088,26.69030172663275
A4_w3,A4,random,random,False,0.060986108611326355,0.06050763484248252,0.0004784737688438359,148.92342366947437,33.13892062403577
A4_w3,A4,random,random,False,0.08379952224154723,0.0696608585622074,0.01413866367933983,57.46209162711257,180.6245639513377
A4_w3,A4,random,random,False,0.018363217432452283,0.07101825905697233,-0.052655041624520046,61.22184443911026,207.54544382312284
A4_w3,A4,random,random,False,0.08115184053648135,0.07826468094226702,0.0028871595942143308,157.79455666086122,151.84434572585423
A4_w3,A4,random,random,False,0.030316985636594927,0.06423315091467732,-0.033916165278082396,115.92593278561219,181.46504949255063
A4_w3,A4,random,random,False,0.09108015694353243,0.0655885340403986,0.025491622903133823,40.0211428576116,214.3103358348863
A4_w3,A4,random,random,False,0.05487615546250653,0.07470857166638893,-0.019832416203882403,150.8749891742208,48.11034472141213
A4_w4,A4,manual,matched,True,0.09261218117262034,0.05473562648814625,0.03787655468447409,30.480906921241044,13.115354017501986
A4_w4,A4,manual,matched,True,0.08170383733325028,0.06673188256662788,0.0149719547666224,8.336913285600637,32.695306284805085
A4_w4,A4,manual,missed_both,False,0.08584321031135386,0.05834418756629811,0.02749902274505575,7.637629276054099,21.97295147175815
A4_w4,A4,manual,matched,True,0.10870590552520176,0.06434655216813778,0.04435935335706398,29.082338902147967,35.958631662688944
A4_w4,A4,manual,matched,True,0.11545083632608864,0.057163949056298784,0.05828688726978986,52.39180588703262,36.65791567223548
A4_w4,A4,manual,matched,True,0.09506518492674863,0.05454285247280604,0.04052233245394259,50.293953858393,19.175815433572
A4_w4,A4,manual,matched,True,0.10498800394651485,0.06584371215010192,0.03914429179641293,79.66388225934764,20.34128878281623
A4_w4,A4,manual,matched,True,0.09785115877881292,0.067857133767327,0.02999402501148593,98.77764518695308,28.73269689737469
A4_w4,A4,manual,matched,True,0.12542938329116884,0.056341581503736,0.06908780178743285,79.8969769291965,43.65075576770087
A4_w4,A4,manual,matched,True,0.11027347522351358,0.06121150476789865,0.04906197045561493,97.37907716785998,52.74144789180589
A4_w4,A4,manual,matched,True,0.1223966811378787,0.05753866061865238,0.06485802051922632,120.22235481304692,41.08671439936356
A4_w4,A4,manual,matched,True,0.11064757931217543,0.0717880589042754,0.03885952040790003,115.79355608591884,19.408910103420844
A4_w4,A4,manual,matched,True,0.09613670176636456,0.08163051290593999,0.014506188860424568,128.14757358790771,4.25775656324582
A4_w4,A4,manual,matched,True,0.10201867929027479,0.08298642986419284,0.01903224942608195,106.93595863166269,3.09228321400159
A4_w4,A4,manual,matched,True,0.09302707570772656,0.064863968950207,0.028163106757519554,148.19371519490852,6.588703261734288
A4_w4,A4,manual,matched,True,0.09164786884370944,0.06083569102541632,0.030812177818293124,167.3074781225139,4.490851233094666
A4_w4,A4,manual,matched,True,0.1047980215759889,0.06487861578704686,0.03991940578894204,190.15075576770087,6.122513922036596
A4_w4,A4,manual,matched,True,0.10886441843580462,0.06654372926762689,0.04232068916817773,201.3392999204455,17.777247414478914
A4_w4,A4,manual,matched,True,0.10270348865735744,0.059621577212598205,0.04308191144475924,174.76650755767702,21.739856801909305
A4_w4,A4,manual,matched,True,0.10772181946880098,0.06685251623738327,0.040869303231417714,152.6225139220366,28.033412887828163
A4_w4,A4,manual,matched,True,0.10127835710832989,0.07806948122827301,0.02320887588005688,165.67581543357198,40.38743038981703
A4_w4,A4,manual,matched,True,0.10533065669775468,0.06570694084687621,0.03962371585087847,143.76491646778044,44.35003977724742
A4_w4,A4,manual,matched,True,0.10714382763503022,0.06590581635111253,0.041238011283917686,188.5190930787589,56.004773269689736
A4_w4,A4,manual,matched,True,0.09373713904744667,0.05515590659503902,0.038581232452407646,202.03858392999203,40.154335719968174
A4_w4,A4,manual,matched,True,0.09870603971706317,0.05852341017675574,0.04018262954030743,173.83412887828163,64.16308671439936
A4_w4,A4,manual,matched,True,0.12219590971937191,0.06340036510161139,0.05879554461776053,207.6328560063644,66.49403341288783
A4_w4,A4,manual,matched,True,0.10450447550002612,0.06697591593033227,0.03752855956969385,191.08313444709623,76.75019888623707
A4_w4,A4,manual,matched,True,0.11919597790497981,0.07473097435714988,0.04446500354782992,202.9709626093874,83.27684964200478
A4_w4,A4,manual,matched,True,0.09225289354924449,0.05745360181938375,0.03479929172986074,191.7824184566428,99.36038186157518
A4_w4,A4,manual,matched,True,0.08833059053652255,0.05608579469329753,0.03224479584322502,209.49761336515516,118.4741447891806
A4_w4,A4,manual,matched,True,0.1035703501691884,0.04698901869839481,0.0565813314707936,216.0242641209228,135.72315035799522
A4_w4,A4,manual,matched,True,0.11879333553975441,0.052448494422009655,0.06634484111774475,193.6471758154336,136.18933969769293
A4_w4,A4,manual,matched,True,0.08959651681812297,0.034167441137882504,0.05542907568024047,157.7505966587112,87.23945902943517
A4_w4,A4,manual,matched,True,0.08671696632259676,0.04840541674483214,0.03831154957776462,148.6599045346062,69.29116945107398
A4_w4,A4,manual,matched,True,0.08825085257299017,0.05028331912872059,0.037967533444269584,114.39498806682576,69.99045346062053
A4_w4,A4,manual,matched,True,0.09209294589845667,0.057147926550452845,0.03494501934800382,124.18496420047732,81.412092283214
A4_w4,A4,manual,matched,True,0.1053949399488155,0.05703728309351032,0.04835765685530519,75.70127287191725,88.17183770883055
A4_w4,A4,manual,matched,True,0.11060498716781825,0.0537198362056398,0.05688515096217845,70.10700079554495,67.8926014319809
A4_w4,A4,manual,missed_both,True,0.08975207942872232,0.07921074503595758,0.010541334392764737,43.76730310262529,61.599045346062056
A4_w4,A4,manual,matched,True,0.12052290212366078,0.07047163481645047,0.05005126730721031,30.480906921241044,56.47096260938743
A4_w4,A4,manual,matched,True,0.11377982014404893,0.0709397255630674,0.042840094580981536,13.93118536197295,50.64359586316627
A4_w4,A4,manual,matched,True,0.0999396580822582,0.06655192131699247,0.03338773676526573,6.472155926809862,62.99761336515513
A4_w4,A4,manual,matched,True,0.08552679654086341,0.06529505122578118,0.020231745315082234,1.1109785202863949,81.64518695306285
A4_w4,A4,manual,matched,True,0.0816656033217602,0.05423710520337431,0.027428498118385894,16.029037390612565,87.23945902943517
A4_w4,A4,manual,matched,True,0.10698244995564493,0.05779350561716676,0.049188944338478174,36.30827366746222,77.4494828957836
A4_w4,A4,manual,matched,True,0.10365145964576437,0.058977195803368854,0.04467426384239552,34.443516308671434,92.83373110580747
A4_w4,A4,manual,matched,True,0.077666397985301,0.0566538925109864,0.021012505474314602,9.036197295147176,102.15751789976132
A4_w4,A4,manual,matched,True,0.1025538559671771,0.06267058188038725,0.03988327408678985,24.42044550517104,111.94749403341288
A4_w4,A4,manual,matched,True,0.10551181557672386,0.07298248946462176,0.0325293261121021,38.63922036595068,126.86555290373906
A4_w4,A4,manual,matched,True,0.09391052236021102,0.07324509763359242,0.0206654247266186,20.6909307875895,127.0986475735879
A4_w4,A4,manual,matched,True,0.11428180310125932,0.06256382097543081,0.05171798212582851,30.714001591089897,144.11455847255368
A4_w4,A4,manual,matched,True,0.10823247958064475,0.05143257668823041,0.056799902892414336,25.58591885441528,161.3635640413683
A4_w4,A4,manual,missed_both,True,0.07822758687619384,0.04512710655802745,0.03310048031816639,22.78878281622912,190.03420843277644
A4_w4,A4,manual,matched,True,0.0855226121808156,0.050163038930153975,0.03535957325066162,37.00755767700875,210.7796340493238
A4_w4,A4,manual,matched,True,0.08254847176123811,0.043439257302929864,0.03910921445830825,49.59466984884647,203.3206046141607
A4_w4,A4,manual,matched,True,0.09538564239607854,0.04785919839835155,0.047526443997726986,77.09984089101034,198.8918058870326
A4_w4,A4,manual,matched,True,0.10877877578510652,0.04979796116564112,0.058980814619465395,61.24940334128878,187.47016706443912
A4_w4,A4,manual,matched,True,0.08318252757400142,0.0494424375092119,0.03374009006478952,46.09824980111377,175.8154335719968
A4_w4,A4,manual,missed_both,True,0.07947672721140632,0.05282471526147779,0.026652011949928528,53.09108989657915,159.26571201272873
A4_w4,A4,manual,matched,True,0.07862417138904582,0.05162534507792148,0.026998826311124338,54.72275258552108,142.2498011137629
A4_w4,A4,manual,matched,True,0.0967257470263802,0.05263092039087474,0.044094826635505464,76.86674622116149,158.56642800318218
A4_w4,A4,manual,missed_both,True,0.07886647467832167,0.07034357722567756,0.008522897452644104,81.29554494828957,176.04852824184567
A4_w4,A4,manual,matched,True,0.10543655176564284,0.056614649918036136,0.04882190184760671,97.84526650755768,186.3046937151949
A4_w4,A4,manual,matched,True,0.11647705265889188,0.05695312735673007,0.059523925302161815,99.94311853619728,165.55926809864758
A4_w4,A4,manual,matched,True,0.07214920764323744,0.05414020582301202,0.01800900182022542,119.75616547334924,185.8385043754972
A4_w4,A4,manual,missed_both,True,0.07814060829402741,0.04083534976493883,0.037305258529088586,109.26690533015116,209.61416070007957
A4_w4,A4,manual,matched,True,0.11510858736685715,0.049231142702044,0.06587744466481316,133.04256165473348,196.793953858393
A4_w4,A4,manual,matched,True,0.08244746206217188,0.056048600671787865,0.026398861390384012,133.04256165473348,182.57517899761336
A4_w4,A4,manual,matched,True,0.0923511300939014,0.042596800152035014,0.04975432994186639,160.54773269689738,200.75656324582337
A4_w4,A4,manual,missed_both,False,0.07963594989457118,0.04853715950006741,0.03109879039450377,169.40533015115355,200.75656324582337
A4_w4,A4,manual,matched,True,0.07853936371696772,0.037560299262091076,0.040979064454876646,178.96221161495623,214.975338106603
A4_w4,A4,manual,matched,True,0.05166198279369255,0.04284622745897446,0.008815755334718088,178.02983293556085,184.43993635640413
A4_w4,A4,manual,missed_both,True,0.07000478632870147,0.04534434811507494,0.024660438213626526,197.60978520286395,187.93635640413683
A4_w4,A4,manual,matched,True,0.07246082637264606,0.04698766981236818,0.025473156560277876,215.09188544152744,183.04136833731104
A4_w4,A4,manual,matched,True,0.07433083188952365,0.030551386184852175,0.043779445704671474,206.70047732696895,203.3206046141607
A4_w4,A4,manual,matched,True,0.10388219093918091,0.05951951457118981,0.0443626763679911,201.10620525059664,163.2283214001591
A4_w4,A4,manual,matched,True,0.09559480976259965,0.07162306111607811,0.023971748646521546,187.35361972951472,152.50596658711217
A4_w4,A4,manual,matched,True,0.08642888495921411,0.060254192014850515,0.026174692944363594,184.7895783611774,168.1233094669849
A4_w4,A4,manual,matched,True,0.08412093170240091,0.04694511548335282,0.03717581621904809,163.81105807478122,157.1678599840891
A4_w4,A4,manual,matched,True,0.09788918493307577,0.06912287708016761,0.028766307852908166,152.38941925218774,140.618138424821
A4_w4,A4,manual,matched,True,0.10866512092804448,0.0575978894615206,0.05106723146652388,169.17223548130468,139.45266507557676
A4_w4,A4,manual,matched,True,0.11039973954653387,0.06084016947051398,0.04955957007601989,133.9749403341289,143.88146380270484
A4_w4,A4,manual,missed_both,True,0.09380693190334631,0.06770065113665985,0.02610628076668646,134.44112967382657,131.29435163086714
A4_w4,A4,manual,missed_both,False,0.09117482628085435,0.06545859122272597,0.02571623505812838,139.1030230708035,149.2426412092283
A4_w4,A4,manual,matched,True,0.09649206660262408,0.05066697619134424,0.045825090411279835,156.58512330946698,118.94033412887828
A4_w4,A4,manual,matched,True,0.1045695331744104,0.051887803239324175,0.05268172993508622,146.79514717581543,103.55608591885442
A4_w4,A4,manual,missed_both,False,0.09604944130665714,0.05707261197139585,0.038976829335261295,140.96778042959426,102.39061256961016
A4_w4,A4,manual,matched,True,0.10472018987370992,0.06837906576405618,0.03634112410965373,124.41805887032618,99.36038186157518
A4_w4,A4,manual,matched,True,0.11939682385685454,0.0705430555973991,0.04885376825945545,108.10143198090692,99.82657120127286
A4_w4,A4,manual,matched,True,0.10672389267585983,0.08201685205198814,0.02470704062387169,91.55171042163884,100.75894988066828
A4_w4,A4,manual,matched,True,0.10038993918885304,0.07360700263450232,0.026782936554350725,75.00198886237072,104.95465393794748
A4_w4,A4,manual,missed_both,False,0.0865257846838459,0.06349870078174089,0.02302708390210502,67.07677008750994,106.35322195704056
A4_w4,A4,manual,matched,True,0.09274358297365755,0.06620304954936801,0.02654053342428954,66.14439140811456,115.44391408114558
A4_w4,A4,manual,matched,True,0.10932773323358422,0.0729190676609951,0.03640866557258912,82.46101829753381,119.87271280827366
A4_w4,A4,manual,matched,True,0.10275104384242034,0.05567255510099726,0.047078488741423084,75.70127287191725,136.88862370723945
A4_w4,A4,manual,matched,True,0.09986366477526121,0.05585381798966418,0.04400984678559703,103.9057279236277,133.39220365950675
A4_w4,A4,manual,matched,True,0.11266851870841806,0.06258174918126966,0.0500867695271484,122.0871121718377,118.94033412887828
A4_w4,A4,manual,matched,True,0.13207563071358955,0.04360043364451673,0.08847519706907281,0.8778838504375486,152.97215592680985
A4_w4,A4,manual,matched,True,0.08819955083165099,0.04914182767662379,0.039057723155027195,133.74184566428002,166.49164677804296
A4_w4,A4,manual,matched,True,0.10271356076767038,0.06395657697163008,0.0387569837960403,111.13166268894192,153.43834526650755
A4_w4,A4,manual,missed_both,True,0.06775985090451961,0.05435873734369768,0.01340111356082193,134.20803500397773,213.11058074781224
A4_w4,A4,manual,missed_both,True,0.06705607629571116,0.06318372485451493,0.0038723514411962284,99.24383452665074,84.90851233094669
A4_w4,A4,manual,matched,True,0.07811043694651926,0.07544108841902042,0.0026693485274988382,170.8038981702466,54.373110580747806
A4_w4,A4,manual,matched,True,0.1056661856422138,0.05863677716727999,0.047029408474933816,44.69968178202068,110.31583134447096
A4_w4,A4,manual,matched,True,0.09125286742189917,0.06900965408131465,0.022243213340584517,57.28679395385839,69.05807478122513
A4_w4,A4,manual,missed_both,True,0.09884163854113846,0.07982958682327947,0.019012051717858997,92.25099443118536,14.047732696897375
A4_w4,A4,manual,matched,True,0.10471752893800196,0.056890515680070856,0.0478270132579311,5.539777247414477,1.460620525059667
A4_w4,A4,manual,matched,True,0.12011081485247904,0.0735380594761469,0.04657275537633214,88.28838504375497,2.1599045346062056
A4_w4,A4,manual,missed_both,True,0.06974543295799554,0.05676448147515955,0.012980951482835991,67.54295942720763,2.6260938743038977
A4_w4,A4,manual,matched,True,0.09029869704597632,0.08635568393234527,0.003943013113631044,210.4299920445505,4.024661893396974
A4_w4,A4,manual,matched,True,0.09350191789558374,0.06464365802899674,0.028858259866586994,218.5883054892601,22.905330151153542
A4_w4,A4,random,random,False,0.08061801120033116,0.06331705442273951,0.01730095677759165,199.1339364838487,34.73919602707942
A4_w4,A4,random,random,False,0.08146676749060297,0.057996056550051245,0.023470710940551726,205.09317414972102,42.35875400849859
A4_w4,A4,random,random,False,0.05276878224979091,0.07767889141605973,-0.024910109166268818,29.989387678171344,65.07302719373524
A4_w4,A4,random,random,False,0.11098573288982287,0.06468607008218628,0.04629966280763659,120.24996743582764,115.98412110688119
A4_w4,A4,random,random,False,0.09907746887857599,0.05855103111092114,0.040526437767654855,157.90196092219378,143.97266867721802
A4_w4,A4,random,random,False,0.11072347605037987,0.059003722729765826,0.05171975332061404,56.29766961840639,34.16475780145522
A4_w4,A4,random,random,False,0.03195813127727991,0.07697561573672006,-0.04501748445944015,212.00721837575287,47.88529604804748
A4_w4,A4,random,random,False,0.061434008799430215,0.05570351527268084,0.0057304935267493765,72.41641585671383,191.29375651257683
A4_w4,A4,random,random,False,0.0694718752337544,0.061677471778408134,0.007794403455346259,138.7835096866548,57.83759548277539
A4_w4,A4,random,random,False,0.05605158231199869,0.053013279778548326,0.003038302533450367,137.91913269118518,211.21107663725311
A4_w4,A4,random,random,False,0.06653358840335032,0.06816952605420362,-0.0016359376508533058,180.90903526349032,16.263975852636065
A4_w4,A4,random,random,False,0.08426407623739467,0.07604644344675962,0.008217632790635046,40.59486650714063,53.93468246822848
A4_w4,A4,random,random,False,0.0702083118696647,0.07008264562669668,0.0001256662429680172,141.40205688755805,5.2348187239977095
A4_w4,A4,random,random,False,0.02916799994484091,0.07767705528270927,-0.048509055337868354,65.0932342738248,24.459807329578116
A4_w4,A4,random,random,False,0.06047553402022266,0.08470597722196116,-0.024230443201738498,43.58271087232303,38.4256088945342
A4_w4,A4,random,random,False,0.06293300516070277,0.05311192414699821,0.00982108101370456,68.79435849548845,197.42134799157387
A4_w4,A4,random,random,False,0.06602097998124515,0.07756731194479206,-0.011546331963546916,32.827968278388184,116.8799773601672
A4_w4,A4,random,random,False,0.03136866797652059,0.06525053194473017,-0.03388186396820958,88.27603890672401,202.9203637393643
A4_w4,A4,random,random,False,0.05130669518556766,0.06309268021813587,-0.01178598503256821,5.511601630461364,95.97400126463131
A4_w4,A4,random,random,False,0.10225405519974037,0.06672729075215342,0.035526764447586956,60.39918151097525,35.33879514462562
A4_w4,A4,random,random,False,0.05110098743849684,0.09089114294097415,-0.03979015550247732,196.0997850260158,68.89760837870264
A4_w4,A4,random,random,False,0.10469849237744049,0.05797761357435746,0.046720878803083024,96.32069580364441,184.80169406247873
A4_w4,A4,random,random,False,0.04963072959822884,0.05457583306816356,-0.004945103469934722,135.53802614809803,176.84264978485965
A4_w4,A4,random,random,False,0.07885932310682808,0.06802410678507881,0.010835216321749275,189.1661375865984,155.87328248672492
A4_w4,A4,random,random,False,0.07144868067426417,0.07648873595933049,-0.005040055285066319,118.0941827094925,152.48232168994372
A4_w4,A4,random,random,False,0.07199507919789602,0.0700627919202334,0.0019322872776626199,156.5328197325841,20.06498265761769
A4_w4,A4,random,random,False,0.07769892215379197,0.0646610551104574,0.013037867043334567,116.0151895907625,51.03844124554504
A4_w4,A4,random,random,False,0.05494767530300421,0.07269145189888986,-0.017743776595885642,6.050416424641506,171.56432688229592
A4_w4,A4,random,random,False,0.03489990955046304,0.05767040710977273,-0.02277049755930969,153.9258209361991,96.92782915666984
A4_w4,A4,random,random,False,0.0550077227596173,0.07496363570849188,-0.019955912948874575,154.002074368197,59.357987788256956
A4_w4,A4,random,random,False,0.07652797924044002,0.06967458281242253,0.006853396428017494,3.4466912696484204,57.571008597678315
A4_w4,A4,random,random,False,0.09968581228039912,0.05104601484203921,0.04863979743835991,65.33155190985173,184.17021372641258
A4_w4,A4,random,random,False,0.07504155475780923,0.06726494061301856,0.007776614144790667,213.90162044845388,107.05532239293251
A4_w4,A4,random,random,False,0.07229537672994037,0.07918491941133891,-0.006889542681398547,148.17356513036603,41.08564271897119
A4_w4,A4,random,random,False,0.07450806202815177,0.07379083435417237,0.0007172276739794009,114.7935228950287,112.89793575638727
A4_w4,A4,random,random,False,0.04205509983484119,0.07293198615737159,-0.030876886322530404,43.246231000372966,138.85533895024238
A4_w4,A4,random,random,False,0.04626001119670659,0.059716302578562815,-0.013456291381856222,87.45944041171664,194.83788328739993
A4_w4,A4,random,random,False,0.056731638770246694,0.07101769958454036,-0.01428606081429367,29.0450754847013,97.50382183827388
A4_w4,A4,random,random,False,0.04195666334869704,0.07474718386096116,-0.03279052051226412,88.50969181965105,147.58422326952916
A4_w4,A4,random,random,False,0.08782786399501145,0.07068920810603835,0.017138655888973106,117.04908851945697,113.46082233631128
A4_w4,A4,random,random,False,0.052730231599431576,0.0729743484059731,-0.02024411680654152,28.183851744193685,73.67513339983792
A4_w4,A4,random,random,False,0.0898040167972472,0.07397633999367757,0.015827676803569626,79.3064879944077,118.64233571380227
A4_w4,A4,random,random,False,0.03844255476878547,0.06524465852363176,-0.02680210375484629,144.52224132383438,195.78033779688948
A4_w4,A4,random,random,False,0.09826937744540175,0.07417491564296973,0.02409446180243202,40.13305079517692,56.56181067300863
A4_w4,A4,random,random,False,0.0735732852748274,0.06735850763620588,0.0062147776386215214,21.28801471127619,5.9857176437692745
A4_w4,A4,random,random,False,0.08018669698951339,0.06275330766774746,0.017433389321765927,184.26107535692907,163.54476851600586
A4_w4,A4,random,random,False,0.03005128481077268,0.0644415662944261,-0.03439028148365342,172.76878216388127,82.78798572404266
A4_w4,A4,random,random,False,0.06237960541514261,0.07979879352937792,-0.01741918811423531,21.49119634513439,37.64900656824728
A4_w4,A4,random,random,False,0.06473119648675721,0.054463316522376376,0.010267879964380833,82.309644125623,197.34324214957473
A4_w4,A4,random,random,False,0.09805865344521437,0.06404314799951609,0.034015505445698285,14.324987101422922,58.09534633863275
A4_w4,A4,random,random,False,0.09975812056645277,0.06749668591499446,0.03226143465145831,99.34311985524153,172.95793685125452
A4_w4,A4,random,random,False,0.04552751737176559,0.07147263271373515,-0.02594511534196956,36.75628860608021,156.13819021931428
A4_w4,A4,random,random,False,0.013425664203810608,0.04853317347238516,-0.03510750926857455,187.04438277189442,205.56103151984402
A4_w4,A4,random,random,False,0.041093267752578315,0.061586463315557394,-0.02049319556297908,142.9876810731756,203.8768009239151
A4_w4,A4,random,random,False,0.04841054516491912,0.08346643907770498,-0.035055893912785865,19.66562691498902,38.536276843913036
A4_w4,A4,random,random,False,0.07242300918355415,0.07025490568794834,0.002168103495605811,45.561599389608645,26.966388454372094
A4_w4,A4,random,random,False,0.038348047458194895,0.06247979416625223,-0.024131746708057338,153.29066069851916,154.64669235192284
A4_w4,A4,random,random,False,0.05691812837227309,0.07350590458494806,-0.016587776212674966,10.156772997090558,9.58019185030029
A4_w4,A4,random,random,False,0.05684466642115037,0.08626844015169043,-0.02942377373054006,28.272242506368656,129.85017563253552
A4_w4,A4,random,random,False,0.04432102626314132,0.06830093873491372,-0.023979912471772398,68.81162898063418,166.34152496293393
A4_w4,A4,random,random,False,0.06728438746481223,0.07350543075803302,-0.00622104329322079,140.032486808692,6.268742405285587
A4_w4,A4,random,random,False,0.058233248455169695,0.07218479122092743,-0.013951542765757732,179.6419355101666,11.069599024955895
A4_w4,A4,random,random,False,0.06488170847621963,0.06410051038576119,0.0007811980904584431,20.849693293094347,175.62104705662355
A4_w4,A4,random,random,False,0.02737895077134213,0.06859617381656005,-0.041217223045217924,121.21624024262479,57.63177852172023
A4_w4,A4,random,random,False,0.036287220529834005,0.06369411995043806,-0.02740689942060405,135.96647663194804,62.84254279826474
A4_w4,A4,random,random,False,0.06765276895573887,0.06249903281219033,0.005153736143548533,99.55461025628136,84.57478469932545
A4_w4,A4,random,random,False,0.052725895253488066,0.06952159234909712,-0.016795697095609054,40.97818473732485,18.965970170413193
A4_w4,A4,random,random,False,0.07635971806792355,0.052971355222732254,0.023388362845191295,134.1595174248052,158.70245748126723
A4_w4,A4,random,random,False,0.07765671473900507,0.07585559196041221,0.001801122778592859,149.4510712663375,30.71336650000279
A4_w4,A4,random,random,False,0.10532240982212189,0.05408267987669924,0.05123972994542265,186.10698435156144,131.62597568349918
A4_w4,A4,random,random,False,0.09390468392126407,0.0527347049252228,0.041169978996041266,119.7172679128622,78.49753709431918
A4_w4,A4,random,random,False,0.056041817192409416,0.06259248304346368,-0.006550665851054266,19.3049697666765,81.2489714810521
A4_w4,A4,random,random,False,0.06413334650795365,0.07840701750323396,-0.014273670995280319,174.02328024727822,53.1088601830563
A4_w4,A4,random,random,False,0.052265529421555164,0.07289638332953301,-0.020630853907977843,38.00880710371022,103.87986926475386
A4_w4,A4,random,random,False,0.026068276747750547,0.06516836764370884,-0.0391000908959583,120.27424830076136,60.69531017413148
A4_w4,A4,random,random,False,0.038341155540705774,0.0751121081377931,-0.03677095259708732,86.112385942365,159.38826569584455
A4_w4,A4,random,random,False,0.042605454666821994,0.06436586360626789,-0.021760408939445898,103.9477757786509,68.58553743175064
A4_w4,A4,random,random,False,0.04799655933630279,0.08900687298964473,-0.041010313653341936,195.27892957846828,66.82979151716509
A4_w4,A4,random,random,False,0.08832881665670554,0.07521906254786334,0.0131097541088422,54.0934980923184,70.08103274652964
A4_w4,A4,random,random,False,0.057999659423496046,0.07777614765893026,-0.019776488235434216,177.8317533182079,143.2416137944053
A4_w4,A4,random,random,False,0.08012341656881794,0.07357638318882155,0.006547033379996389,127.37693256893279,16.19116059044412
A4_w4,A4,random,random,False,0.06401182567618577,0.07681279480841278,-0.012800969132227016,86.2695622355469,168.49963206097752
A4_w4,A4,random,random,False,0.07807517310244531,0.06683856552697542,0.01123660757546989,45.47390377286864,22.99612695958253
A4_w4,A4,random,random,False,0.09429126798364756,0.06153183550892669,0.03275943247472087,75.03182854957672,23.796207667412013
A4_w4,A4,random,random,False,0.08028473933538825,0.05244224969676661,0.02784248963862164,53.39368486026327,12.422125305786068
A4_w4,A4,random,random,False,0.09730384771702479,0.07536401608182046,0.021939831635204327,42.08657969898836,57.394404015321875
A4_w4,A4,random,random,False,0.045392664921533085,0.06999922638200085,-0.02460656146046776,69.837085156898,168.38877568427688
A4_w4,A4,random,random,False,0.045796838628703165,0.04381540629052854,0.0019814323381746254,179.71021010990842,184.9615180934203
A4_w4,A4,random,random,False,0.06001702717297013,0.07071213229076907,-0.01069510511779894,13.040099399373842,21.451244696463192
A4_w4,A4,random,random,False,0.07385084570733193,0.07384787961558442,2.966091747505506e-06,150.38044968162336,55.181072906429
A4_w4,A4,random,random,False,0.053499482355819715,0.0849108724827086,-0.03141139012688888,120.51951027813958,135.83345426465422
A4_w4,A4,random,random,False,0.05694566280379123,0.04957774512855704,0.00736791767523419,47.7993708988404,167.47352116560154
A4_w4,A4,random,random,False,0.026357508832578928,0.08313099982326946,-0.05677349099069054,18.491017278971242,67.68368808193101
A4_w4,A4,random,random,False,0.033816034214215945,0.06656320307169154,-0.0327471688574756,137.23028083600767,84.2800457053396
A4_w4,A4,random,random,False,0.10056831983851809,0.06770130689772023,0.03286701294079786,73.00013667492709,106.62852044239294
A4_w4,A4,random,random,False,0.09224993841891589,0.06384914207799088,0.028400796340925016,199.10076377219363,167.293194016561
A4_w4,A4,random,random,False,0.0705173017706949,0.05771644311778906,0.012800858652905839,77.29699610396928,141.97234460634544
A4_w4,A4,random,random,False,0.04633033049592285,0.05005458006119317,-0.0037242495652703225,21.952258493135766,210.535139502501
A4_w4,A4,random,random,False,0.055157921931513795,0.07947121449935085,-0.024313292567837055,75.45154085121263,33.5293883887486
A4_w4,A4,random,random,False,0.047446147224323165,0.07250523238013672,-0.02505908515581355,96.6554566274822,125.48338272534394
A4_w4,A4,random,random,False,0.050499602384926116,0.057123599227971965,-0.0066239968430458485,155.39621541259768,155.4106547429405
A4_w4,A4,random,random,False,0.07504602347116339,0.06811321616270972,0.0069328073084536646,104.21219162127883,143.55692893055948
A4_w4,A4,random,random,False,0.05774125834015504,0.0601272637688634,-0.002386005428708357,17.25380090268338,108.03432628054698
A4_w4,A4,random,random,False,0.064057316263693,0.0791307128463792,-0.015073396582686194,93.64946262292726,115.378258346446
A4_w4,A4,random,random,False,0.0658525714857547,0.06284910364313241,0.003003467842622287,43.27611354159334,102.74887530260311
A4_w4,A4,random,random,False,0.08000801471724871,0.0735005400746977,0.006507474642551012,205.60309322496207,13.06237376933882
A4_w4,A4,random,random,False,0.051570874195623916,0.06513991262002504,-0.013569038424401124,67.1944150091836,150.95633483017318
A4_w4,A4,random,random,False,0.07518522062310981,0.06100973999487093,0.014175480628238882,46.09405168266714,129.59162784317368
A4_w4,A4,random,random,False,0.055006965750312234,0.09641674674722576,-0.04140978099691353,218.72434729462947,80.63398933393655
A4_w4,A4,random,random,False,0.050083441311338024,0.06537124228716264,-0.015287800975824613,5.951377851508443,130.5309206862276
A4_w4,A4,random,random,False,0.07361971967408563,0.05346735686307524,0.020152362811010398,37.92128479553526,213.46178132158272
A5_w1,A5,manual,matched,True,0.005418568622734926,0.003614757525908686,0.0018038110968262395,193.7565632458234,41.498806682577566
A5_w1,A5,manual,missed_both,False,0.0016454710254057276,0.00022979413916858257,0.001415676886237145,150.7016706443914,102.55847255369927
A5_w1,A5,manual,matched,True,0.005691097719438842,0.004654091840014255,0.0010370058794245867,114.69212410501194,179.2744630071599
A5_w1,A5,manual,matched,True,0.007960914248359957,0.0022859389646917873,0.005674975283668169,120.17183770883057,227.02625298329357
A5_w1,A5,manual,matched,True,0.0018553994345021202,0.0037305643287965794,-0.0018751648942944591,308.8305489260144,74.37708830548927
A5_w1,A5,manual,matched,True,0.0012209208067313307,0.009064424413811951,-0.00784350360708062,269.6897374701671,13.317422434367543
A5_w1,A5,manual,missed_both,False,0.0016906057746867208,0.0017451845665447205,-5.457879185799975e-05,425.4701670644392,18.79713603818616
A5_w1,A5,manual,matched,True,0.004976967145092584,0.0027233845813304024,0.002253582563762182,393.3747016706444,106.47255369928402
A5_w1,A5,manual,matched,True,0.0011259776860256796,0.0006174258619830708,0.0005085518240426089,469.3078758949881,111.1694510739857
A5_w1,A5,manual,matched,True,0.004440878807346328,0.0023461178583680394,0.002094760948978289,519.4081145584726,104.12410501193318
A5_w1,A5,manual,missed_both,False,0.0019277394080603203,0.000948313044738222,0.0009794263633220984,708.0668257756564,17.231503579952268
A5_w1,A5,manual,matched,True,0.009047324649118388,0.00292851819588655,0.006118806453231838,889.6801909307876,82.98806682577566
A5_w1,A5,manual,missed_both,False,0.00023326716025445343,0.00030287508104199465,-6.960792078754123e-05,877.1551312649166,133.8711217183771
A5_w1,A5,manual,matched,True,0.0030624320894480587,0.003944087350309653,-0.0008816552608615939,866.9785202863962,20.362768496420053
A5_w1,A5,manual,matched,True,0.0027634861541814214,0.004118686419882188,-0.0013552002657007665,906.1193317422436,306.873508353222
A5_w1,A5,manual,missed_both,False,0.004128914394644759,0.0035680134443458454,0.0005609009502989134,743.2935560859189,199.62768496420048
A5_w1,A5,manual,matched,True,0.019640369377999636,0.008466556064312007,0.01117381331368763,743.2935560859189,171.44630071599047
A5_w1,A5,manual,matched,True,0.007287778514440821,0.0018267380830170859,0.005461040431423735,688.4964200477327,158.9212410501193
A5_w1,A5,manual,matched,True,0.013184017458731902,0.0056940571315269445,0.007489960327204958,649.3556085918855,174.57756563245826
A5_w1,A5,manual,matched,True,0.01723160598240941,0.0020792757552926026,0.015152330227116808,769.126491646778,115.08353221957044
A5_w1,A5,manual,missed_both,False,0.007121987167750979,0.0007017520066165372,0.0064202351611344416,740.9451073985681,97.07875894988068
A5_w1,A5,manual,matched,True,0.01794049504693525,0.0007195839428818999,0.01722091110405335,616.4773269689738,76.7255369928401
A5_w1,A5,manual,matched,True,0.007864777928716671,0.006870201225101895,0.0009945767036147763,502.1861575178998,223.11217183770884
A5_w1,A5,manual,matched,True,0.006156838729558804,0.0062885512420071095,-0.00013171251244830512,466.9594272076373,153.44152744630074
A5_w1,A5,manual,matched,True,0.006140926404014468,0.0018214656584788263,0.004319460745535642,409.81384248210026,176.92601431980907
A5_w1,A5,manual,matched,True,0.008259604391551373,0.00567964732301049,0.002579957068540883,431.7326968973748,280.25775656324583
A5_w1,A5,manual,matched,True,0.007832764503655507,0.0065137662520423235,0.0013189982516131835,716.6778042959428,250.51073985680196
A5_w1,A5,manual,matched,True,0.009338179685778531,0.004476423485862328,0.0048617561999162034,673.6229116945108,277.12649164677805
A5_w1,A5,manual,matched,True,0.00452157642002498,0.00045600919725727063,0.00406556722276771,640.7446300715991,263.81861575179
A5_w1,A5,manual,matched,True,0.004200164975489129,0.0023352987576919053,0.0018648662177972236,578.1193317422435,266.9498806682578
A5_w1,A5,manual,matched,True,0.012655758575170022,0.003729196010040468,0.008926562565129553,539.7613365155132,245.0310262529833
A5_w1,A5,manual,matched,True,0.0026282917098758123,0.004237108450821785,-0.0016088167409459729,510.0143198090692,196.49642004773276
A5_w1,A5,manual,matched,True,0.0024091924119880545,0.00106561037476044,0.0013435820372276145,807.4844868735084,246.59665871121723
A5_w1,A5,manual,matched,True,0.006208465532938054,0.000835007735267292,0.005373457797670762,839.5799522673032,361.6706443914081
A5_w1,A5,manual,matched,True,0.008553763686224852,0.004423524371965563,0.004130239314259289,783.2171837708831,412.5536992840096
A5_w1,A5,manual,matched,True,0.006469922886480386,0.0031517990061752502,0.0033181238803051357,755.81861575179,368.7159904534606
A5_w1,A5,manual,matched,True,0.01381131844255083,0.0057493725104739634,0.008061945932076868,726.0715990453461,461.08830548926016
A5_w1,A5,manual,matched,True,0.005141669067594163,0.00698595119383817,-0.0018442821262440075,717.4606205250598,497.0978520286397
A5_w1,A5,manual,matched,True,0.006215704121541097,0.008381396029724104,-0.002165691908183007,768.3436754176612,483.00715990453466
A5_w1,A5,manual,matched,True,0.0047489477311455485,0.002671268358680426,0.0020776793724651224,827.837708830549,461.08830548926016
A5_w1,A5,manual,matched,True,0.0036173848515495825,0.000794163446569167,0.0028232214049804154,852.8878281622913,498.6634844868736
A5_w1,A5,manual,missed_both,False,0.0021614569922243435,0.0006011329356558975,0.001560324056568446,863.8472553699285,440.7350835322196
A5_w1,A5,manual,missed_both,False,0.0023789253568153265,0.00034760348710992,0.0020313218697054066,864.6300715990454,553.4606205250597
A5_w1,A5,manual,matched,True,0.003895895038095034,0.0031421209780113707,0.0007537740600836633,658.7494033412888,506.491646778043
A5_w1,A5,manual,matched,True,0.004955750605141587,0.007537902322999021,-0.0025821517178574336,574.2052505966587,362.4534606205251
A5_w1,A5,manual,matched,True,0.003504935067153999,0.0023868040080135635,0.0011181310591404357,553.0692124105012,308.43914081145584
A5_w1,A5,manual,matched,True,0.0014438316856110343,0.0022554550654003695,-0.0008116233797893352,533.4988066825777,465.0023866348449
A5_w1,A5,manual,matched,True,0.007834034486950768,0.005168530830722763,0.0026655036562280047,500.62052505966585,411.77088305489264
A5_w1,A5,manual,matched,True,0.017105096385987593,0.004593323619025711,0.012511772766961882,447.3890214797136,354.62529832935564
A5_w1,A5,manual,matched,True,0.004723077121602221,0.0028023108558100428,0.0019207662657921786,442.692124105012,401.5942720763724
A5_w1,A5,manual,missed_both,False,0.007078407720518536,0.0032114996652173973,0.003866908055301139,401.2028639618139,445.4319809069213
A5_w1,A5,manual,matched,True,0.003640006304248478,0.002078393476715129,0.0015616128275333487,378.50119331742246,313.1360381861575
A5_w1,A5,manual,missed_both,False,0.0009250016591455391,0.000291296311126372,0.0006337053480191671,314.310262529833,254.42482100238664
A5_w1,A5,manual,matched,True,0.0030811094475069545,0.0028495624235757426,0.00023154702393121196,263.4272076372315,287.3031026252984
A5_w1,A5,manual,missed_both,False,0.004773333252744486,0.003178485824754414,0.0015948474279900721,204.71599045346065,288.8687350835322
A5_w1,A5,manual,missed_both,False,0.0038393661234667697,0.001908472023100039,0.0019308941003667306,153.05011933174225,417.2505966587112
A5_w1,A5,manual,matched,True,0.006265634303265762,0.0025025934576758473,0.003763040845589915,95.12171837708831,400.8114558472554
A5_w1,A5,manual,matched,True,0.0024407189241049355,0.00391615844106085,-0.001475439516955914,34.06205250596659,432.1241050119332
A5_w1,A5,manual,matched,True,0.005242471959581569,0.003291402308707857,0.0019510696508737119,73.20286396181385,519.0167064439141
A5_w1,A5,manual,missed_both,False,0.00133388723900352,0.0007399255059200006,0.0005939617330835195,71.63723150357995,569.1169451073986
A5_w1,A5,manual,matched,True,0.005643063457815604,0.0070469759926500815,-0.0014039125348344773,152.2673031026253,553.4606205250597
A5_w1,A5,manual,matched,True,0.00530213495632004,0.0025749698836388594,0.0027271650726811802,259.5131264916468,486.9212410501194
A5_w1,A5,manual,matched,True,0.0051376426545090515,0.0025378026175860544,0.002599840036922997,267.34128878281626,440.7350835322196
A5_w1,A5,manual,matched,True,0.0031748545397689196,0.0005731946793897757,0.002601659860379144,354.2338902147972,461.87112171837714
A5_w1,A5,manual,matched,True,0.015170301445838908,0.004283038744373773,0.010887262701465134,407.4653937947495,540.9355608591886
A5_w1,A5,manual,matched,True,0.011093510728545487,0.004195836327669472,0.006897674400876015,438.7780429594272,547.1980906921242
A5_w1,A5,manual,matched,True,0.014391614348277177,0.0053831464978194845,0.009008467850457693,505.3174224343676,584.7732696897375
A5_w1,A5,manual,matched,True,0.0015634761107192958,0.0011753037796892784,0.0003881723310300174,580.4677804295943,560.5059665871122
A5_w1,A5,manual,matched,True,0.003911590869119593,0.0016550100927019734,0.0022565807764176192,605.5178997613366,596.5155131264917
A5_w1,A5,manual,matched,True,0.004198504758328801,0.0024118688552991793,0.001786635903029622,763.6467780429595,646.6157517899762
A5_w1,A5,manual,matched,True,0.005331354617139351,0.0049325970463947166,0.0003987575707446343,740.1622911694511,685.7565632458235
A5_w1,A5,manual,matched,True,0.004778630186452693,0.00218193585561249,0.0025966943308402034,801.2219570405729,688.8878281622913
A5_w1,A5,manual,missed_both,False,0.004659243432002736,0.005581338046201273,-0.0009220946141985367,844.2768496420048,729.5942720763724
A5_w1,A5,manual,matched,True,0.0039024724611289867,0.0016437362640599588,0.0022587361970690277,904.5536992840096,816.4868735083533
A5_w1,A5,manual,missed_both,False,0.0078021621272628865,0.0035435805037044976,0.004258581623558389,756.601431980907,815.7040572792363
A5_w1,A5,manual,matched,True,0.014466227599316135,0.0021995274352580954,0.01226670016405804,542.8926014319809,774.2147971360382
A5_w1,A5,manual,matched,True,0.01737263232788563,0.004054671730278294,0.013317960597607337,575.7708830548927,734.291169451074
A5_w1,A5,manual,matched,True,0.006829432675422483,0.004675577537797918,0.002153855137624565,628.219570405728,709.2410501193318
A5_w1,A5,manual,matched,True,0.005421707120210687,0.0031083975243475894,0.002313309595863098,602.3866348448688,663.837708830549
A5_w1,A5,manual,matched,True,0.0035870915981030213,0.006023857647141425,-0.002436766049038404,505.3174224343676,721.766109785203
A5_w1,A5,manual,missed_both,True,0.02221692359438056,0.003188594239103118,0.019028329355277443,468.5250596658712,697.4988066825777
A5_w1,A5,manual,matched,True,0.004014597939873941,0.002352420153921176,0.0016621777859527646,455.2171837708831,725.6801909307876
A5_w1,A5,manual,matched,True,0.003139528340780723,0.003859336765134847,-0.0007198084243541241,402.76849642004777,654.4439140811456
A5_w1,A5,manual,missed_both,False,0.008960445052227256,0.0007430727691279694,0.008217372283099288,399.63723150358,756.2100238663485
A5_w1,A5,manual,matched,True,0.005318112301117684,0.0032193214657268805,0.002098790835390803,311.1789976133652,720.983293556086
A5_w1,A5,manual,matched,True,0.005472204126093072,0.004888860530364997,0.0005833435957280754,348.75417661097856,692.019093078759
A5_w1,A5,manual,matched,True,0.011455207907721228,0.004298745544728354,0.007156462362992874,303.35083532219573,651.3126491646779
A5_w1,A5,manual,matched,True,0.002560730138844274,0.000978134572481115,0.001582595566363159,250.11933174224345,644.2673031026253
A5_w1,A5,manual,matched,True,0.005470728713460168,0.00536157463984534,0.00010915407361482797,163.22673031026255,735.8568019093079
A5_w1,A5,manual,matched,True,0.002667637190375122,0.005473458913246318,-0.0028058217228711956,109.21241050119332,657.5751789976134
A5_w1,A5,manual,matched,True,0.00603707914044081,0.008496669711965723,-0.0024595905715249127,10.57756563245824,665.4033412887828
A5_w1,A5,manual,matched,True,0.010718700005035102,0.006553890823716551,0.004164809181318551,45.80429594272077,796.1336515513127
A5_w1,A5,manual,matched,True,0.004400730959319619,0.005872972710597429,-0.00147224175127781,20.75417661097853,874.4152744630072
A5_w1,A5,manual,matched,True,0.0040729994010641184,0.001107543543162425,0.0029654558579016933,79.46539379474942,831.3603818615752
A5_w1,A5,manual,matched,True,0.01601099690148882,0.00325094757206342,0.012760049329425401,191.40811455847256,881.4606205250598
A5_w1,A5,manual,matched,True,0.010249964573983106,0.0037153068642104535,0.006534657709772653,294.7398568019093,861.1073985680191
A5_w1,A5,manual,missed_both,False,0.0001911303666123008,4.442911401445298e-05,0.0001467012525978478,538.9785202863962,860.3245823389022
A5_w1,A5,manual,missed_both,False,0.000832158455377686,0.0009358882316685767,-0.00010372977629089072,93.55608591885442,845.4510739856803
A5_w1,A5,manual,missed_both,False,0.0006768032388740541,8.707209431875377e-05,0.0005897311445553004,228.98329355608595,702.1957040572793
A5_w1,A5,manual,missed_both,False,0.0018180942110156938,5.962419702758227e-05,0.0017584700139881115,156.18138424821004,688.1050119331743
A5_w1,A5,manual,missed_both,False,0.0033070926846945833,0.00255682787654683,0.0007502648081477532,185.14558472553705,301.39379474940336
A5_w1,A5,manual,missed_both,False,0.0010172102607254358,0.0009929570930081529,2.4253167717282892e-05,162.4439140811456,324.87828162291174
A5_w1,A5,manual,missed_both,False,0.0021273606495252136,0.0029163393720169017,-0.0007889787224916881,470.090692124105,284.9546539379475
A5_w1,A5,manual,matched,True,0.0012474474622907116,0.0003993958473586228,0.0008480516149320888,544.4582338902148,637.2219570405729
A5_w1,A5,random,random,False,0.007805937175444261,0.005196314530175938,0.002609622645268323,423.08306896869027,551.6462972518715
A5_w1,A5,random,random,False,0.006591935286253022,0.004245272259795908,0.002346663026457114,456.1195909218677,172.74736365542142
A5_w1,A5,random,random,False,0.0,0.0,0.0,316.5348682067162,395.11147948308775
A5_w1,A5,random,random,False,0.0,2.2683207191537313e-05,-2.2683207191537313e-05,155.3371517254045,800.1876275440669
A5_w1,A5,random,random,False,0.0,0.0,0.0,268.73686173143557,71.83510812850328
A5_w1,A5,random,random,False,0.0,0.0010306257820573341,-0.0010306257820573341,62.26537561721793,754.6504390246533
A5_w1,A5,random,random,False,0.0025590774102919045,0.002014054534054991,0.0005450228762369134,403.86658841136557,464.5019088812419
A5_w1,A5,random,random,False,0.0025692557781138163,0.0008042798224489568,0.0017649759556648595,702.1513119126857,12.184401567826402
A5_w1,A5,random,random,False,0.0,1.50490881618582e-05,-1.50490881618582e-05,372.93569986979514,765.7095334038604
A5_w1,A5,random,random,False,0.0,1.1690622437418798e-05,-1.1690622437418798e-05,461.43853221730603,436.0154884600089
A5_w1,A5,random,random,False,0.0,0.00014101006730431585,-0.00014101006730431585,50.693503277984135,833.337773631827
A5_w1,A5,random,random,False,0.00034579682734991204,7.877282805357103e-05,0.000267023999296341,297.03655865685613,492.6029766187123
A5_w1,A5,random,random,False,0.0,1.1518154275109091e-05,-1.1518154275109091e-05,704.587632998232,899.3444327020505
A5_w1,A5,random,random,False,0.00800963579837771,0.006282884843750176,0.0017267509546275341,467.211750752251,160.23907610811102
A5_w1,A5,random,random,False,0.0,0.0,0.0,134.86833976796936,268.66089590925884
A5_w1,A5,random,random,False,0.0,0.00023325619698286504,-0.00023325619698286504,780.5696081044852,444.2064998069533
A5_w1,A5,random,random,False,0.0005146333591021876,0.003757047570685203,-0.0032424142115830153,760.0495032257645,554.3061230363476
A5_w1,A5,random,random,False,0.0,0.0002868659618314994,-0.0002868659618314994,373.50444797881426,718.7173515204073
A5_w1,A5,random,random,False,0.0,0.0021366324667517283,-0.0021366324667517283,506.1015321067644,609.3434950525015
A5_w1,A5,random,random,False,5.183951404906626e-05,1.2198083622291265e-07,5.171753321284335e-05,908.2875574121074,165.34589493915365
A5_w1,A5,random,random,False,0.00040778783341039067,8.298192104548513e-05,0.0003248059123649055,163.19561584257954,463.15805821421515
A5_w1,A5,random,random,False,7.022290857714953e-05,0.00024476271019961395,-0.0001745398016224644,115.24170636931427,308.6360422322533
A5_w1,A5,random,random,False,0.0,0.0,0.0,51.28419819030126,103.55100181706277
A5_w1,A5,random,random,False,7.268027033033161e-06,1.2657797823953439e-05,-5.389770790920277e-06,650.410225383047,854.8452268411711
A5_w1,A5,random,random,False,0.0,0.001012057571957874,-0.001012057571957874,180.3502105661753,12.41619174113096
A5_w1,A5,random,random,False,0.010830582431532048,0.002921334308261378,0.00790924812327067,103.01891983571505,441.7730356936928
A5_w1,A5,random,random,False,0.0,0.000487803731872691,-0.000487803731872691,670.4121731243617,54.31324221230114
A5_w1,A5,random,random,False,0.0,0.00014351839000907438,-0.00014351839000907438,495.91379284854185,545.7755733717877
A5_w1,A5,random,random,False,0.006869688823759772,0.003908075003209565,0.002961613820550207,482.7201702174419,724.9928527283846
A5_w1,A5,random,random,False,0.001730775319335389,0.0037428518754489388,-0.00201207655611355,788.2052157095768,468.5555420434512
A5_w1,A5,random,random,False,0.0,0.0012384559911056353,-0.0012384559911056353,794.8382675593135,255.4964917289128
A5_w1,A5,random,random,False,0.0,0.0005377311811325711,-0.0005377311811325711,37.213192645804334,238.60930978559017
A5_w1,A5,random,random,False,0.0,5.815302626327407e-06,-5.815302626327407e-06,520.0696335585831,890.1590385718282
A5_w1,A5,random,random,False,0.009740289256314955,0.007105420189730268,0.0026348690665846863,681.2230118296798,269.16665099084605
A5_w1,A5,random,random,False,0.0010200789667440826,0.0017364209852409652,-0.0007163420184968826,529.3909187745904,82.7449610873987
A5_w1,A5,random,random,False,0.0,0.00032185179318323145,-0.00032185179318323145,809.8051561128733,364.3815084046918
A5_w1,A5,random,random,False,0.0,0.0011410153343419784,-0.0011410153343419784,859.0440815261427,809.4815598323083
A5_w1,A5,random,random,False,0.0,0.00027681977284486914,-0.00027681977284486914,133.31847542514654,28.469352657745635
A5_w1,A5,random,random,False,0.0,0.00027509750509139994,-0.00027509750509139994,851.7573737345344,247.50532896113242
A5_w1,A5,random,random,False,0.0,1.2302943820963287e-06,-1.2302943820963287e-06,328.51219901407427,401.8385630447772
A5_w1,A5,random,random,False,0.0021511046511154424,0.0003864390811119811,0.0017646655700034614,713.7681938843738,858.8112011586425
A5_w1,A5,random,random,False,5.250600715643153e-05,0.0013478113527334527,-0.001295305345577021,169.04199257516603,407.3750884839715
A5_w1,A5,random,random,False,0.0,2.0120451041810757e-05,-2.0120451041810757e-05,114.41619640539876,837.9346310888342
A5_w1,A5,random,random,False,0.0,8.31627658733065e-05,-8.31627658733065e-05,217.06905768526357,896.5635957906239
A5_w1,A5,random,random,False,0.00014061967988989103,5.7339964364615115e-05,8.327971552527591e-05,737.7135040998232,34.2224675237415
A5_w1,A5,random,random,False,0.0,0.0006343437041972265,-0.0006343437041972265,218.26509211757758,309.32658693668526
A5_w1,A5,random,random,False,0.0,0.00012668841656890572,-0.00012668841656890572,396.1633823532512,687.5506778004759
A5_w1,A5,random,random,False,0.0,0.0,0.0,189.47625741677868,202.99597528727904
A5_w1,A5,random,random,False,0.0,0.0,0.0,63.97953008033986,105.85907825392428
A5_w1,A5,random,random,False,0.0,0.0005453185709022754,-0.0005453185709022754,682.2960549911093,311.4148010333634
A5_w1,A5,random,random,False,0.0020810760301546013,0.00015613653925442721,0.001924939490900174,337.37419297064116,232.85266568438192
A5_w1,A5,random,random,False,0.0,0.0,0.0,69.06804597025399,690.0318439523344
A5_w1,A5,random,random,False,0.0005637473399648072,0.0005871248860366872,-2.337754607187998e-05,169.73788742395584,332.2335677563698
A5_w1,A5,random,random,False,0.00013255868089752991,0.0009627287241911629,-0.000830170043293633,480.68210790856506,432.9048204920618
A5_w1,A5,random,random,False,0.0,5.033651403919562e-05,-5.033651403919562e-05,808.1876709197958,527.0471058170757
A5_w1,A5,random,random,False,8.608553861406097e-05,0.0013195957633324524,-0.0012335102247183914,101.5380234378028,682.777077315139
A5_w1,A5,random,random,False,0.0,0.0,0.0,642.8460126712447,757.0197813694947
A5_w1,A5,random,random,False,0.006863289440041867,0.003824839319132066,0.0030384501209098015,724.0311436406266,516.2825694638473
A5_w1,A5,random,random,False,0.0,0.0,0.0,368.46189760585696,17.741192154281023
A5_w1,A5,random,random,False,0.00424630155553597,0.0029960827017157556,0.0012502188538202142,660.9980609963823,159.93413864939131
A5_w1,A5,random,random,False,0.0,4.880923360986092e-06,-4.880923360986092e-06,40.27794933678046,840.6451569952351
A5_w1,A5,random,random,False,0.013367086606965103,0.0022593823119182567,0.011107704295046848,844.9483281428178,477.7259163310476
A5_w1,A5,random,random,False,3.939578734495412e-06,0.0006030420177487844,-0.0005991024390142889,271.5813601355745,510.00174858106755
A5_w1,A5,random,random,False,0.0,4.326642107474178e-06,-4.326642107474178e-06,650.4648581689704,753.2233798310109
A5_w1,A5,random,random,False,0.0017302957964154728,0.0021766439543175124,-0.0004463481579020396,302.48288159536565,63.990351966314066
A5_w1,A5,random,random,False,0.0,4.8364392504927757e-05,-4.8364392504927757e-05,58.55357868566785,194.42752111436403
A5_w1,A5,random,random,False,0.0004543907326982102,0.0018025774286671134,-0.001348186695968903,455.6952557965368,376.0789400073539
A5_w1,A5,random,random,False,0.0,3.4852837767195735e-06,-3.4852837767195735e-06,276.6671458172881,351.1857534476891
A5_w1,A5,random,random,False,0.0,0.0010447697922442453,-0.0010447697922442453,751.3065774106632,336.80067890272664
A5_w1,A5,random,random,False,0.0,0.00014592116153944133,-0.00014592116153944133,231.0597091896563,617.4076522923085
A5_w1,A5,random,random,False,7.914429330521734e-07,0.0013904795023706041,-0.001389688059437552,686.5382301849268,174.34423286906565
A5_w1,A5,random,random,False,0.0,3.1219436561956026e-05,-3.1219436561956026e-05,191.79566166980493,259.54925028204684
A5_w1,A5,random,random,False,0.0,0.001338053541911075,-0.001338053541911075,371.2803279377497,458.55171986490086
A5_w1,A5,random,random,False,0.0015718208628922585,0.0007056149660741239,0.0008662058968181346,589.2592088575624,595.3456927768768
A5_w1,A5,random,random,False,0.0033285927700008257,0.0036909586034609017,-0.00036236583346007604,426.01911730275117,526.9574641353792
A5_w1,A5,random,random,False,0.002137181885992086,0.0029311546900517194,-0.0007939728040596335,894.8605165190914,802.8951200529815
A5_w1,A5,random,random,False,0.0,4.611105513099014e-06,-4.611105513099014e-06,52.776236641765976,745.3140137077273
A5_w1,A5,random,random,False,0.0,5.69464678240039e-05,-5.69464678240039e-05,720.3912190838785,881.1694355055552
A5_w1,A5,random,random,False,6.549822589246263e-05,0.0,6.549822589246263e-05,721.9029797548545,897.504899840176
A5_w1,A5,random,random,False,0.0,0.00012417307590555725,-0.00012417307590555725,26.188266919657465,311.81539046411046
A5_w1,A5,random,random,False,0.0012428449236515163,0.002798955751295354,-0.0015561108276438379,660.1788442941096,493.60024672889955
A5_w1,A5,random,random,False,3.849801232877688e-05,0.0006173176193273664,-0.0005788196069985896,655.1533510556394,244.0154528680881
A5_w1,A5,random,random,False,0.0,0.0002861082135091378,-0.0002861082135091378,354.3173183445068,438.12689246985065
A5_w1,A5,random,random,False,0.0019352502514679867,0.0005706713391714728,0.001364578912296514,451.77769023218474,104.08031240777031
A5_w1,A5,random,random,False,0.0,0.0,0.0,44.02711424510857,4.578214659424212
A5_w1,A5,random,random,False,0.0007533875145069574,2.8981881632909575e-06,0.0007504893263436665,816.4961758096889,555.4521115209718
A5_w1,A5,random,random,False,0.0016598205380639166,0.0010737425554366525,0.000586077982627264,83.23837792520408,487.4642484933926
A5_w1,A5,random,random,False,0.003518346618158549,0.00237446083650495,0.001143885781653599,296.1436164350272,712.6372401846332
A5_w1,A5,random,random,False,0.0,0.0009031612044828342,-0.0009031612044828342,618.1132177858831,524.2480053161019
A5_w1,A5,random,random,False,0.0,0.0015324296383507812,-0.0015324296383507812,551.5530041852926,458.6705233784573
A5_w1,A5,random,random,False,0.0,0.0002701028146650784,-0.0002701028146650784,139.98778835457148,690.143967512944
A5_w1,A5,random,random,False,0.008211786594097997,0.0027137294547928343,0.005498057139305163,611.4799933777854,76.03776235357509
A5_w1,A5,random,random,False,0.0,0.00018139803481492198,-0.00018139803481492198,165.43253896243993,107.70855582553338
A5_w1,A5,random,random,False,0.004286918685094521,0.0016701155801921517,0.002616803104902369,827.1004080871087,455.25684094534756
A5_w1,A5,random,random,False,0.001492242997730135,0.001615348005727083,-0.00012310500799694803,626.0859445569184,217.19587096006998
A5_w1,A5,random,random,False,0.0,5.807929210412545e-05,-5.807929210412545e-05,154.40537847872542,473.88229724499604
A5_w1,A5,random,random,False,0.0,4.020406156374479e-05,-4.020406156374479e-05,890.8635932143378,167.39790908078567
A5_w1,A5,random,random,False,0.0,0.0002354669539144926,-0.0002354669539144926,238.4248735639726,38.00926839758545
A5_w1,A5,random,random,False,0.0,1.4696163347713449e-06,-1.4696163347713449e-06,689.76700173915,837.8258410842424
A5_w1,A5,random,random,False,0.0,2.838213739303807e-06,-2.838213739303807e-06,543.9596292533032,906.6948159879505
A5_w1,A5,random,random,False,6.677184753730072e-05,6.968723335110085e-05,-2.915385813800133e-06,344.5372006954718,541.3417726562251
A5_w1,A5,random,random,False,0.002830991277397611,6.116522417840932e-05,0.0027698260532192016,4.174437051681153,780.4963921225701
A5_w1,A5,random,random,False,0.0,1.2749373162774206e-05,-1.2749373162774206e-05,806.7487207605801,629.6649350825686
A5_w1,A5,random,random,False,0.0,0.0,0.0,558.3759397633615,500.4626464725764
A5_w2,A5,manual,matched,True,0.0052230559766315975,0.002879512534716551,0.0023435434419150467,16.057279236276855,328.0095465393795
A5_w2,A5,manual,matched,True,0.001768232798035597,0.0033557927179837894,-0.0015875599199481924,45.021479713603824,62.63484486873509
A5_w2,A5,manual,matched,True,0.0020223191604815836,0.0036636376923718118,-0.0016413185318902282,191.40811455847256,46.97852028639619
A5_w2,A5,manual,matched,True,0.0033677474091518785,0.0029406098562988073,0.0004271375528530712,222.7207637231504,119.78042959427208
A5_w2,A5,manual,matched,True,0.002500480592445733,0.001681837571958817,0.000818643020486916,238.37708830548928,172.22911694510742
A5_w2,A5,manual,matched,True,0.002837679056832502,0.0027165505105787263,0.00012112854625377558,301.78520286396184,81.42243436754177
A5_w2,A5,manual,matched,True,0.002768510584303623,0.0019506197640519719,0.000817890820251651,389.4606205250597,100.9928400954654
A5_w2,A5,manual,missed_both,False,0.00011755720966156846,0.00016796965422224522,-5.0412444560676755e-05,363.6276849642005,179.2744630071599
A5_w2,A5,manual,matched,True,0.0010169185350085797,0.0016748607090268143,-0.0006579421740182346,476.3532219570407,151.87589498806685
A5_w2,A5,manual,matched,True,0.0036062664156432636,0.0015054250206164893,0.0021008413950267743,463.0453460620525,251.29355608591885
A5_w2,A5,manual,matched,True,0.007518546184339,0.002046768114632246,0.005471778069706754,468.5250596658712,322.5298329355609
A5_w2,A5,manual,matched,True,0.004733689874243722,0.0018359271131664103,0.0028977627610773113,581.2505966587113,188.6682577565633
A5_w2,A5,manual,matched,True,0.0005872294105239,0.00041038836017318254,0.00017684105035071747,573.4224343675418,130.73985680190933
A5_w2,A5,manual,matched,True,0.0019380166857288304,0.0016369043188523436,0.00030111236687648674,577.3365155131265,60.28639618138425
A5_w2,A5,manual,missed_both,False,0.002178195761106542,7.940295611545724e-05,0.0020987928049910846,608.6491646778044,210.58711217183773
A5_w2,A5,manual,matched,True,0.002796533150525839,0.0016839894588696297,0.0011125436916562094,643.0930787589499,324.87828162291174
A5_w2,A5,manual,matched,True,0.008406772359299033,0.0011251389468149417,0.007281633412484091,609.4319809069212,396.8973747016707
A5_w2,A5,manual,matched,True,0.0030881431779279647,0.000621321778197483,0.0024668213997304815,686.1479713603819,500.2291169451074
A5_w2,A5,manual,matched,True,0.0033731436320219607,0.00231584403606169,0.0010572995959602705,766.7780429594272,519.0167064439141
A5_w2,A5,manual,matched,True,0.004201970364174078,0.00012116253700005958,0.004080807827174019,827.837708830549,531.5417661097853
A5_w2,A5,manual,matched,True,0.0021780512210955475,0.00044671343737631995,0.0017313377837192276,879.5035799522674,565.9856801909308
A5_w2,A5,manual,matched,True,0.0045909291722530795,0.0013376522738142457,0.003253276898438834,866.9785202863962,310.7875894988067
A5_w2,A5,manual,matched,True,0.007661423864745758,0.0008679063296115465,0.006793517535134212,863.8472553699285,207.45584725536995
A5_w2,A5,manual,matched,True,0.0024423507619658912,0.001719418015273267,0.0007229327466926243,827.054892601432,162.05250596658712
A5_w2,A5,manual,matched,True,0.0068353930330988045,0.0020599729268320818,0.004775420106266723,776.9546539379476,133.8711217183771
A5_w2,A5,manual,matched,True,0.007457169514358647,0.0015501218190011909,0.005907047695357456,745.6420047732697,181.62291169451075
A5_w2,A5,manual,matched,True,0.0044487926727324704,0.0017403319239836339,0.0027084607487488366,718.2434367541766,235.63723150358
A5_w2,A5,manual,matched,True,0.00014523843295925843,0.0013818351182677737,-0.0012365966853085152,857.5847255369929,649.747016706444
A5_w2,A5,manual,matched,True,0.002627025606452049,0.0024078776467711164,0.00021914795968093264,888.1145584725538,771.8663484486874
A5_w2,A5,manual,matched,True,0.009698917376782825,0.004091161500635368,0.005607755876147457,906.1193317422436,890.8544152744631
A5_w2,A5,manual,missed_both,False,0.0017733598665859935,0.000658781164150158,0.0011145787024358354,602.3866348448688,864.2386634844869
A5_w2,A5,manual,matched,True,0.005070834445583759,0.003018858096939692,0.002051976348644067,568.7255369928401,904.945107398568
A5_w2,A5,manual,matched,True,0.0033714586039121797,0.0024526655391176543,0.0009187930647945254,560.1145584725538,744.4677804295943
A5_w2,A5,manual,matched,True,0.0015817255976546135,0.0025450356023502116,-0.0009633100046955981,514.7112171837709,753.8615751789977
A5_w2,A5,manual,matched,True,0.003894181821308538,0.002970474042956318,0.0009237077783522201,602.3866348448688,659.1408114558473
A5_w2,A5,manual,matched,True,0.003245669894274253,0.0008350035074761714,0.0024106663867980815,594.5584725536993,604.3436754176612
A5_w2,A5,manual,matched,True,0.004080432806820268,0.002478732739072333,0.001601700067747935,676.7541766109786,662.272076372315
A5_w2,A5,manual,matched,True,0.0026064999837229624,0.0008816305394006022,0.0017248694443223601,367.5417661097852,432.1241050119332
A5_w2,A5,manual,matched,True,0.0029161060586242737,0.00010062946347729463,0.002815476595146979,227.41766109785203,354.62529832935564
A5_w2,A5,manual,matched,True,0.0005671882237781131,0.002609972822271737,-0.002042784598493624,202.3675417661098,461.08830548926016
A5_w2,A5,manual,matched,True,0.002260686428729528,0.0024083114117439456,-0.00014762498301441754,145.22195704057282,484.5727923627685
A5_w2,A5,manual,matched,True,0.0031780344118312836,0.0014553388617441116,0.001722695550087172,122.5202863961814,376.5441527446301
A5_w2,A5,manual,missed_both,False,0.0001996610798528599,0.001043235153266842,-0.0008435740734139821,22.31980906921241,413.3365155131265
A5_w2,A5,manual,matched,True,0.003802722590606283,0.0015133936087520256,0.002289328981854258,156.18138424821004,632.5250596658711
A5_w2,A5,manual,matched,True,0.002447881108763097,0.0007518377774209851,0.0016960433313421117,195.3221957040573,696.7159904534607
A5_w2,A5,manual,matched,True,0.010281191396127683,0.004089321008214083,0.0061918703879136,269.6897374701671,829.0119331742244
A5_w2,A5,manual,matched,True,0.00329155773623157,0.0036061313791997994,-0.0003145736429682293,335.4463007159905,867.3699284009547
A5_w2,A5,manual,matched,True,0.004541751574458417,0.0034363587618857325,0.0011053928125726842,419.2076372315036,865.0214797136039
A5_w2,A5,manual,missed_both,False,0.005096242667417258,0.001912072559546551,0.0031841701078707068,431.7326968973748,892.420047732697
A5_w2,A5,manual,matched,True,0.0021704989913374642,0.003344018939744316,-0.0011735199484068518,724.5059665871122,408.6396181384249
A5_w2,A5,random,random,False,0.0,0.0,0.0,264.97050035663204,377.630274216501
A5_w2,A5,random,random,False,0.0,0.0,0.0,576.9023450572105,547.1479009877411
A5_w2,A5,random,random,False,0.0,1.5924844770482996e-05,-1.5924844770482996e-05,132.0089381541717,619.8739165094709
A5_w2,A5,random,random,False,0.0,8.24476353555503e-06,-8.24476353555503e-06,198.18796329319503,300.37012478939795
A5_w2,A5,random,random,False,0.0,0.0,0.0,123.71108968728853,324.31336218524376
A5_w2,A5,random,random,False,0.0,0.00031672616785354923,-0.00031672616785354923,853.7193806221777,264.44084708302586
A5_w2,A5,random,random,False,0.003913754024631171,0.0017967446266120418,0.0021170093980191294,215.36972432651945,451.11947497727994
A5_w2,A5,random,random,False,0.0,0.0,0.0,656.0032602279657,144.73911757578148
A5_w2,A5,random,random,False,0.0,0.0,0.0,679.6073259765135,191.73984407393434
A5_w2,A5,random,random,False,0.0031425089128064385,0.0038717940686346358,-0.0007292851558281972,463.28282384959385,315.216732526493
A5_w2,A5,random,random,False,0.0,0.00031667549684243334,-0.00031667549684243334,490.899750349455,302.6941680687243
A5_w2,A5,random,random,False,0.0,0.0,0.0,701.5052445018165,0.8992885360981993
A5_w2,A5,random,random,False,0.0,0.0,0.0,334.78404502180695,318.4427202217843
A5_w2,A5,random,random,False,0.0,0.0,0.0,715.5402892706327,762.8561195709648
A5_w2,A5,random,random,False,0.0,0.0,0.0,80.05262165828105,866.5092158300353
A5_w2,A5,random,random,False,0.0,0.0,0.0,479.06800141111995,654.4447311811826
A5_w2,A5,random,random,False,0.0,0.0,0.0,815.6746292355991,798.6171798528699
A5_w2,A5,random,random,False,0.0,0.0,0.0,632.8964150166347,6.948566860283707
A5_w2,A5,random,random,False,0.0,0.0,0.0,348.2851055151624,311.43741422523163
A5_w2,A5,random,random,False,0.0,1.5908703453527163e-05,-1.5908703453527163e-05,387.326750568733,170.48978789399916
A5_w2,A5,random,random,False,0.0,0.0,0.0,121.97399148930987,294.6139953473198
A5_w2,A5,random,random,False,0.0,0.0,0.0,808.4632896933805,667.0159004468908
A5_w2,A5,random,random,False,0.0,0.0,0.0,298.39807572797764,699.3319543695334
A5_w2,A5,random,random,False,0.0,0.0,0.0,153.16056116435192,324.5224780762118
A5_w2,A5,random,random,False,0.0,7.508897206596013e-06,-7.508897206596013e-06,791.6657773415642,200.40820386685326
A5_w2,A5,random,random,False,0.0,2.2009187792529355e-06,-2.2009187792529355e-06,400.35500797731515,448.92190375507806
A5_w2,A5,random,random,False,0.0,2.9197202271511225e-06,-2.9197202271511225e-06,84.81675214250275,589.306825912704
A5_w2,A5,random,random,False,0.0,9.228056975084747e-06,-9.228056975084747e-06,705.4386054773706,463.98903317518835
A5_w2,A5,random,random,False,0.0,0.0012038853845726448,-0.0012038853845726448,717.0129967140349,375.8332037702794
A5_w2,A5,random,random,False,0.0,0.0,0.0,896.8494219800207,105.09174869015861
A5_w2,A5,random,random,False,0.0,7.23153904708682e-07,-7.23153904708682e-07,315.9997268844707,1.0642303824103343
A5_w2,A5,random,random,False,0.0,7.906139088976773e-05,-7.906139088976773e-05,870.8001739101234,540.4103758243267
A5_w2,A5,random,random,False,0.0,3.615678030585961e-05,-3.615678030585961e-05,432.7517715274078,768.1019816323346
A5_w2,A5,random,random,False,0.0,0.0,0.0,70.5950824401826,267.5028389955305
A5_w2,A5,random,random,False,0.0027028043674871285,0.0011628321899549232,0.0015399721775322052,5.200209959527154,841.3915804173798
A5_w2,A5,random,random,False,0.0009068941491980596,0.0007989335735654995,0.00010796057563256011,693.2809569017592,648.5876679688479
A5_w2,A5,random,random,False,0.0,0.0,0.0,523.2322609095828,420.77298085365186
A5_w2,A5,random,random,False,0.0,0.0,0.0,470.6159428564789,779.2972807335733
A5_w2,A5,random,random,False,0.0,0.0,0.0,511.8832191026604,218.59902845390812
A5_w2,A5,random,random,False,0.0,0.0,0.0,70.52568492529728,634.3189312714622
A5_w2,A5,random,random,False,3.389696902133397e-07,4.5017253815908984e-05,-4.467828412569564e-05,807.3170713299605,608.10066423184
A5_w2,A5,random,random,False,0.0,0.0,0.0,758.7764313901963,27.603792311613606
A5_w2,A5,random,random,False,0.0,0.0,0.0,403.4918657847993,32.6426463486209
A5_w2,A5,random,random,False,0.0,0.0,0.0,451.7413114119527,774.5808824233394
A5_w2,A5,random,random,False,0.0,0.0,0.0,908.1635181948925,4.308871897120117
A5_w2,A5,random,random,False,8.86101417824514e-06,0.0017195903060505202,-0.001710729291872275,254.03506312344877,845.13614719965
A5_w2,A5,random,random,False,0.0005189467193941998,0.0019588044732583745,-0.0014398577538641748,357.69061099864405,855.3850508571986
A5_w2,A5,random,random,False,0.0,9.745291326741676e-05,-9.745291326741676e-05,650.6853670895127,251.46559313260207
A5_w2,A5,random,random,False,0.0,0.0,0.0,81.15599535116414,229.3318900181553
A5_w2,A5,random,random,False,0.0,0.0,0.0,33.61000119194402,631.8868757457767
A5_w3,A5,manual,matched,True,0.0015790846881629055,0.002099396980253045,-0.0005203122920901394,17.62291169451074,61.85202863961814
A5_w3,A5,manual,matched,True,0.0019351987739736612,0.001997748171446962,-6.254939747330065e-05,52.066825775656326,182.4057279236277
A5_w3,A5,manual,matched,True,0.0029461346268411675,0.00014310503551866468,0.002803029591322503,112.3436754176611,61.85202863961814
A5_w3,A5,manual,matched,True,0.0020415087066505667,0.002148100519376073,-0.00010659181272550632,123.30310262529837,171.44630071599047
A5_w3,A5,manual,missed_both,False,0.0002641751295517068,5.4891361908416084e-05,0.0002092837676432907,171.054892601432,137.00238663484487
A5_w3,A5,manual,matched,True,5.7169624537739186e-05,0.000761114349558354,-0.0007039447250206148,205.4988066825776,120.56324582338902
A5_w3,A5,manual,missed_both,False,2.0747810986973285e-05,5.3693527666608476e-05,-3.294571667963519e-05,329.96658711217185,140.13365155131265
A5_w3,A5,manual,missed_both,False,0.0012488170879531156,0.00010063020130097776,0.0011481868866521378,282.99761336515513,141.69928400954657
A5_w3,A5,manual,matched,True,0.002008855786236709,0.0008542103966890131,0.001154645389547696,299.436754176611,27.408114558472555
A5_w3,A5,manual,matched,True,0.00026201730446144013,0.00010256344657335178,0.00015945385788808836,293.9570405727924,100.9928400954654
A5_w3,A5,manual,matched,True,0.0038775458120746406,0.0013214158275523227,0.0025561299845223177,383.98090692124106,96.29594272076372
A5_w3,A5,manual,matched,True,0.0014817946585820238,0.000622147536845124,0.0008596471217368998,430.16706443914086,242.68257756563247
A5_w3,A5,manual,matched,True,0.00041347510846123024,0.0003622747846389698,5.1200323822260454e-05,531.1503579952267,278.69212410501194
A5_w3,A5,manual,matched,True,0.00018285035589662494,0.0010034274575855086,-0.0008205771016888837,582.0334128878281,207.45584725536995
A5_w3,A5,manual,missed_both,False,0.0001068665582971649,0.0002518236045884529,-0.000144957046291288,517.0596658711218,176.92601431980907
A5_w3,A5,manual,matched,True,0.000879209188327658,0.0021237131970984545,-0.0012445040087707966,599.255369928401,108.03818615751791
A5_w3,A5,manual,missed_both,False,0.0006177603938302803,1.603859088863419e-05,0.0006017218029416462,592.2100238663485,151.0930787589499
A5_w3,A5,manual,missed_both,False,0.001655121089889613,0.0001830709267191218,0.0014720501631704911,804.3532219570407,247.37947494033412
A5_w3,A5,manual,matched,True,0.0010608206511152068,0.0003529896634458473,0.0007078309876693595,719.0262529832936,335.83770883054893
A5_w3,A5,manual,missed_both,False,0.0004690055656426088,1.005370996809481e-05,0.00045895185567451397,736.2482100238664,385.93794749403344
A5_w3,A5,manual,missed_both,False,5.643735587577008e-05,8.203545455202464e-05,-2.559809867625456e-05,798.8735083532221,508.8400954653938
A5_w3,A5,manual,missed_both,False,0.00014710102611553775,0.0001371995738220292,9.90145229350854e-06,834.1002386634846,551.8949880668258
A5_w3,A5,manual,matched,True,0.0020629734906941195,0.0012348930714963546,0.000828080419197765,742.5107398568019,563.63723150358
A5_w3,A5,manual,missed_both,False,0.0022806508953813996,0.00029856355891793175,0.0019820873364634678,609.4319809069212,460.3054892601433
A5_w3,A5,manual,matched,True,0.0025799550553888477,0.00031585705086809463,0.002264098004520753,638.3961813842483,602.7780429594272
A5_w3,A5,manual,matched,True,0.0012614343509340143,0.00040047861386575663,0.0008609557370682577,621.1742243436755,650.5298329355609
A5_w3,A5,manual,matched,True,0.0005493043306076788,0.0003052876528518914,0.00024401667775578742,744.0763723150359,649.747016706444
A5_w3,A5,manual,matched,True,0.00018264347791077334,0.00020871936058488975,-2.6075882674116412e-05,751.9045346062053,620.0
A5_w3,A5,manual,missed_both,False,0.001628560852284162,0.0008759277340791999,0.000752633118204962,831.7517899761338,642.7016706443915
A5_w3,A5,manual,matched,True,0.0006506388515164228,0.00026239690474699794,0.0003882419467694249,726.854415274463,774.2147971360382
A5_w3,A5,manual,matched,True,3.331341020059338e-05,0.0003167512337646252,-0.00028343782356403185,724.5059665871122,826.6634844868736
A5_w3,A5,manual,matched,True,0.006143105166967252,0.0002718787133117402,0.005871226453655512,655.618138424821,831.3603818615752
A5_w3,A5,manual,matched,True,0.00037188034138654755,0.0008751675709293199,-0.0005032872295427724,589.8615751789977,756.2100238663485
A5_w3,A5,manual,matched,True,0.006206253367599058,0.0007960471445170271,0.005410206223082031,565.5942720763724,825.0978520286396
A5_w3,A5,manual,matched,True,0.0010362113171304092,0.0011621856822901326,-0.00012597436515972347,488.0954653937948,744.4677804295943
A5_w3,A5,manual,matched,True,0.0005706317648087023,0.00018603841796551072,0.00038459334684319156,398.854415274463,872.0668257756564
A5_w3,A5,manual,matched,True,0.007379551795487878,0.0013376114881322749,0.006041940307355603,370.673031026253,875.1980906921242
A5_w3,A5,manual,missed_both,False,0.00031059487134499315,6.127254888549564e-05,0.00024932232245949754,375.3699284009547,718.6348448687352
A5_w3,A5,manual,missed_both,False,0.0006362147466661636,0.0001330097152140625,0.0005032050314521012,326.83532219570407,820.400954653938
A5_w3,A5,manual,missed_both,False,0.0,8.728397634972377e-06,-8.728397634972377e-06,451.3031026252984,574.5966587112172
A5_w3,A5,manual,missed_both,False,0.0,6.931477042573389e-05,-6.931477042573389e-05,238.37708830548928,756.2100238663485
A5_w3,A5,manual,missed_both,False,0.0014547947688665324,1.135479410184506e-05,0.0014434399747646873,161.66109785202866,558.1575178997614
A5_w3,A5,manual,missed_both,False,4.925644710763643e-05,0.00014077188338272576,-9.151543627508933e-05,268.1241050119332,483.7899761336516
A5_w3,A5,manual,missed_both,False,3.5016185620786536e-06,1.0362253184787262e-06,2.4653932435999275e-06,366.7589498806683,533.8902147971361
A5_w3,A5,manual,matched,True,0.004849463737436742,0.002650239661451976,0.002199224075984766,115.47494033412887,802.3961813842483
A5_w3,A5,manual,matched,True,0.0005250226364730614,0.0006192937308476667,-9.427109437460529e-05,102.94988066825778,548.763723150358
A5_w3,A5,manual,matched,True,0.0007484542991416163,0.0005805819909150584,0.0001678723082265579,121.73747016706446,453.2601431980907
A5_w3,A5,manual,matched,True,0.0027136666496076606,0.0024804998642337967,0.00023316678537386396,88.85918854415276,397.6801909307876
A5_w3,A5,manual,matched,True,0.0021312190913163115,0.0006156747839992654,0.0015155443073170461,12.92601431980907,479.8758949880669
A5_w3,A5,manual,matched,True,0.001411440753038079,0.0004396596193843857,0.0009717811336536934,46.58711217183772,300.61097852028644
A5_w3,A5,manual,matched,True,0.002895062113984027,0.0005036566850137221,0.0023914054289703047,101.38424821002388,317.0501193317423
A5_w3,A5,manual,matched,True,0.0021007477441579454,0.0003928278623849131,0.0017079198817730322,153.05011933174225,310.00477326968974
A5_w3,A5,manual,missed_both,False,5.050949773874004e-06,0.0002542439873021119,-0.0002491930375282379,192.97374701670643,323.31264916467785
A5_w3,A5,manual,missed_both,False,0.0,0.0,0.0,279.86634844868735,324.87828162291174
A5_w3,A5,manual,matched,True,0.0027150045741003125,0.0050422982972700425,-0.00232729372316973,114.69212410501194,237.20286396181388
A5_w3,A5,manual,matched,True,0.0,0.0009494141168538325,-0.0009494141168538325,396.5059665871122,416.4677804295943
A5_w3,A5,manual,missed_both,False,0.0,9.493233485886994e-06,-9.493233485886994e-06,516.2768496420048,821.9665871121719
A5_w3,A5,manual,missed_both,False,0.00046344166999746255,8.039284879510178e-05,0.00038304882120236076,500.62052505966585,899.4653937947495
A5_w3,A5,random,random,False,0.0,0.0,0.0,570.1658085121727,374.68862091321506
A5_w3,A5,random,random,False,0.0,0.0,0.0,65.62224258738584,781.2199257186184
A5_w3,A5,random,random,False,0.00042911721874330994,0.0015003569539957513,-0.0010712397352524413,552.2957966847293,519.9286270687492
A5_w3,A5,random,random,False,0.0,0.0006244963169347356,-0.0006244963169347356,811.8394954735433,474.5730056452859
A5_w3,A5,random,random,False,0.0,0.0,0.0,42.74560194716468,586.4987329310696
A5_w3,A5,random,random,False,0.00010713037184902122,0.00014315832306971752,-3.60279512206963e-05,657.301855143866,588.056974737359
A5_w3,A5,random,random,False,0.00014375006728856914,4.202322604361528e-06,0.00013954774468420762,485.6084946204398,544.660262132362
A5_w3,A5,random,random,False,0.0,0.0,0.0,353.4039238423044,785.9473511932296
A5_w3,A5,random,random,False,0.0,0.0,0.0,265.41166462699783,753.1278769422019
A5_w3,A5,random,random,False,0.0,0.0,0.0,8.449160628826439,817.9054455361751
A5_w3,A5,random,random,False,0.0,0.0,0.0,694.2839526794304,515.5797496498707
A5_w3,A5,random,random,False,0.0,0.0,0.0,724.2541316329422,871.1780716554094
A5_w3,A5,random,random,False,0.0,0.0,0.0,525.6830301790009,62.182624718619195
A5_w3,A5,random,random,False,0.0,0.0,0.0,305.05456133171236,535.3563356035546
A5_w3,A5,random,random,False,0.00029724790226203505,0.000157747550181807,0.00013950035208022804,363.4142115284562,718.0679145963393
A5_w3,A5,random,random,False,0.0,0.00038781475547349425,-0.00038781475547349425,892.804545516023,905.4097460646183
A5_w3,A5,random,random,False,0.0,0.0,0.0,312.12893594550127,575.7485244749547
A5_w3,A5,random,random,False,0.002255710844243612,0.0013377697362362407,0.0009179411080073711,569.5211903968377,813.0447798332241
A5_w3,A5,random,random,False,0.0,0.0,0.0,217.12363283384582,827.4953749039595
A5_w3,A5,random,random,False,0.0,0.00017449078871237727,-0.00017449078871237727,576.1145073638622,642.5454119048785
A5_w3,A5,random,random,False,0.002312830499866621,0.0016515307403344346,0.0006612997595321862,34.85720882568768,59.60821113109139
A5_w3,A5,random,random,False,0.0,0.0,0.0,795.7883710687024,307.156341587015
A5_w3,A5,random,random,False,0.0,2.0560060857770333e-07,-2.0560060857770333e-07,861.6394541030996,84.93541420202646
A5_w3,A5,random,random,False,0.0,0.0,0.0,820.4095383845216,874.2037670706673
A5_w3,A5,random,random,False,0.0,0.0,0.0,545.80552229819,63.013465648639716
A5_w3,A5,random,random,False,0.0004450176923256071,0.0001631032014879607,0.0002819144908376464,735.1959560975985,620.6982916499957
A5_w3,A5,random,random,False,0.0,1.631503911417226e-06,-1.631503911417226e-06,77.39554201676802,127.06687583123907
A5_w3,A5,random,random,False,0.0,0.0,0.0,168.26143380010058,20.988132108089065
A5_w3,A5,random,random,False,0.0,0.0,0.0,660.7608017574814,535.3410256527942
A5_w3,A5,random,random,False,0.0,6.550621436049556e-06,-6.550621436049556e-06,388.76677497026355,34.582188202304266
A5_w3,A5,random,random,False,0.0,6.139984757031151e-05,-6.139984757031151e-05,559.4985386784219,740.8107327164818
A5_w3,A5,random,random,False,0.0007482153321669576,0.0006039580828191593,0.00014425724934779823,114.3093255169074,435.9818335499528
A5_w3,A5,random,random,False,0.0,6.836550374515862e-05,-6.836550374515862e-05,457.4313328295051,773.9181661702315
A5_w3,A5,random,random,False,0.0,0.0,0.0,458.2294651946435,678.4782217074243
A5_w3,A5,random,random,False,0.0,0.0,0.0,649.3400589062034,277.6383419985435
A5_w3,A5,random,random,False,0.0,0.0,0.0,628.3666177900371,54.333129130927254
A5_w3,A5,random,random,False,0.002317629898728478,0.0007220682951807904,0.0015955616035476874,123.67087463401407,302.4128158845757
A5_w3,A5,random,random,False,0.0,0.0,0.0,355.61307735478334,654.613011911083
A5_w3,A5,random,random,False,0.0,0.0,0.0,360.1952668631607,288.84834888428657
A5_w3,A5,random,random,False,0.0,0.0,0.0,282.3116351925149,650.8265777425107
A5_w3,A5,random,random,False,0.0,0.0,0.0,361.71452318504373,295.2268114680994
A5_w3,A5,random,random,False,0.0,0.0,0.0,308.4174386070345,550.8615066318881
A5_w3,A5,random,random,False,0.0,0.0,0.0,854.5305865679958,231.9940221737135
A5_w3,A5,random,random,False,0.00035949660421758233,0.00032993369347973867,2.956291073784366e-05,314.2798928869488,825.8742987284909
A5_w3,A5,random,random,False,0.0,0.00019614838244976637,-0.00019614838244976637,753.067211993461,233.8546334289836
A5_w3,A5,random,random,False,5.769866440415306e-07,0.00014033604232816394,-0.00013975905568412242,406.979558179443,245.74547156526583
A5_w3,A5,random,random,False,0.0,0.0,0.0,161.11431323066074,805.6932522137854
A5_w3,A5,random,random,False,0.0,0.0,0.0,754.7884502294143,212.97237486902281
A5_w3,A5,random,random,False,0.0,0.0,0.0,596.072385699932,373.59399638863493
A5_w3,A5,random,random,False,0.0,0.0,0.0,617.4284500584987,675.6794270914668
A5_w3,A5,random,random,False,0.0,5.3298459083059643e-05,-5.3298459083059643e-05,594.1711331031355,621.6510692578179
A5_w3,A5,random,random,False,0.0006697917717917877,0.000496325926594536,0.00017346584519725174,37.19365557341421,70.51819772792362
A5_w3,A5,random,random,False,0.001652145446956127,9.986661194739236e-05,0.0015522788350087347,205.58762477568376,336.1938530351896
A5_w3,A5,random,random,False,0.0,0.0,0.0,675.0105642698901,879.7091733876928
A5_w3,A5,random,random,False,1.5869962559848823e-05,0.00018112742897591098,-0.00016525746641606217,855.3369591887557,645.4844603887589
A5_w3,A5,random,random,False,0.0,0.00018343127444526123,-0.00018343127444526123,52.32770854546893,541.2458090113064
A5_w3,A5,random,random,False,0.0,9.102292260342612e-05,-9.102292260342612e-05,340.3597694967406,113.5436316806135
A5_w3,A5,random,random,False,0.0014737953019755136,0.0037543331314272834,-0.00228053782945177,84.98939276472224,393.6652812314618
A5_w4,A5,manual,matched,True,0.012157036572844546,0.0034791853752059606,0.008677851197638585,63.809069212410506,516.6682577565633
A5_w4,A5,manual,matched,True,0.0059987842025972255,0.004753493989785468,0.0012452902128117574,65.3747016706444,47.761336515513136
A5_w4,A5,manual,matched,True,0.009304373635114086,0.0036468038533116255,0.005657569781802461,85.72792362768497,161.26968973747017
A5_w4,A5,manual,matched,True,0.007407666600178762,0.0012531705486509626,0.006154496051527799,45.80429594272077,183.9713603818616
A5_w4,A5,manual,matched,True,0.003772809474861663,0.0038813443142853964,-0.00010853483942373362,112.3436754176611,18.79713603818616
A5_w4,A5,manual,matched,True,0.003783025750551253,0.0011844103442743522,0.0025986154062769004,326.05250596658715,44.63007159904535
A5_w4,A5,manual,matched,True,0.003933385964664393,0.005874675175377464,-0.0019412892107130708,559.3317422434368,36.01909307875896
A5_w4,A5,manual,matched,True,0.0017858810717325104,0.0014357465912455208,0.0003501344804869896,503.7517899761336,64.98329355608593
A5_w4,A5,manual,matched,True,0.005084989316561282,0.004716197193589319,0.00036879212297196307,537.4128878281623,90.81622911694512
A5_w4,A5,manual,matched,True,0.0017916888250586109,0.0038840648240090333,-0.0020923759989504224,612.563245823389,75.15990453460621
A5_w4,A5,manual,matched,True,0.004360256541171725,0.0007139503450395735,0.003646306196132152,675.1885441527447,112.7350835322196
A5_w4,A5,manual,matched,True,0.008560763731032362,0.001917914128686467,0.006642849602345895,770.692124105012,97.07875894988068
A5_w4,A5,manual,matched,True,0.003651565323171534,0.002324388390693194,0.00132717693247834,877.1551312649166,72.81145584725537
A5_w4,A5,manual,matched,True,0.0037272836062994877,0.004721286975734636,-0.0009940033694351485,859.9331742243437,4.706443914081149
A5_w4,A5,manual,matched,True,0.008957715647023962,0.00672782021540345,0.002229895431620512,857.5847255369929,219.1980906921241
A5_w4,A5,manual,matched,True,0.006443447986491155,0.004551868174959145,0.00189157981153201,783.2171837708831,266.9498806682578
A5_w4,A5,manual,matched,True,0.0023739586788776436,0.004198007657103753,-0.001824048978226109,746.4248210023867,316.2673031026253
A5_w4,A5,manual,matched,True,0.00923762956926621,0.0067528048712650465,0.002484824698001163,717.4606205250598,382.80668257756565
A5_w4,A5,manual,matched,True,0.0053914165856312896,0.0014027380355355005,0.003988678550095789,642.3102625298329,308.43914081145584
A5_w4,A5,manual,missed_both,False,0.0019687177687378954,0.0004809932508200055,0.00148772451791789,643.0930787589499,213.71837708830552
A5_w4,A5,manual,matched,True,0.008595432145905114,0.0038672037827968482,0.004728228363108267,502.1861575178998,158.9212410501193
A5_w4,A5,manual,matched,True,0.005855981692747379,0.0032021187914010605,0.0026538629013463187,409.81384248210026,158.9212410501193
A5_w4,A5,manual,matched,True,0.008428269961121195,0.005643643768185583,0.002784626192935612,277.51789976133654,183.9713603818616
A5_w4,A5,manual,matched,True,0.012282864749504822,0.006905840974956481,0.005377023774548341,301.00238663484487,202.75894988066827
A5_w4,A5,manual,matched,True,0.004534404114031708,0.0038956721960762396,0.0006387319179554686,319.7899761336516,255.99045346062053
A5_w4,A5,manual,matched,True,0.0026077618395813932,0.004474136395876502,-0.0018663745562951086,288.4773269689738,297.47971360381865
A5_w4,A5,manual,missed_both,False,0.003038348997315397,0.0014337824071892357,0.0016045665901261615,426.2529832935561,275.56085918854416
A5_w4,A5,manual,matched,True,0.0024955055118208304,0.004178884917140074,-0.0016833794053192435,463.0453460620525,360.10501193317424
A5_w4,A5,manual,matched,True,0.006701649513832178,0.0016585034293995456,0.005043146084432632,182.79713603818615,277.12649164677805
A5_w4,A5,manual,matched,True,0.00507914781584872,0.0038572269711320264,0.0012219208447166938,197.67064439140813,359.3221957040573
A5_w4,A5,manual,matched,True,0.004673136650387647,0.005345837419879953,-0.0006727007694923058,97.47016706443917,367.1503579952268
A5_w4,A5,manual,matched,True,0.003977176897499259,0.00300368719626086,0.0009734897012383986,176.5346062052506,521.3651551312649
A5_w4,A5,manual,matched,True,0.003526849598568031,0.0033377107167112626,0.00018913888185676832,244.63961813842485,432.1241050119332
A5_w4,A5,manual,matched,True,0.018529286107277998,0.004232710142742925,0.014296575964535072,313.527446300716,428.2100238663485
A5_w4,A5,manual,matched,True,0.019070709726408057,0.00627605523761592,0.012794654488792138,348.75417661097856,458.73985680190935
A5_w4,A5,manual,matched,True,0.015356779130399208,0.0059674402308259435,0.009389338899573264,370.673031026253,451.6945107398568
A5_w4,A5,manual,missed_both,False,0.00046669997701877404,0.0003597639966369693,0.00010693598038180477,495.9236276849642,482.2243436754177
A5_w4,A5,manual,matched,True,0.003082676103824864,0.003039137442117438,4.3538661707425916e-05,643.8758949880669,490.83532219570407
A5_w4,A5,manual,matched,True,0.008904470629737449,0.004568890305688973,0.004335580324048476,629.7852028639619,385.93794749403344
A5_w4,A5,manual,matched,True,0.003146333827330315,0.001414499206144583,0.0017318346211857318,679.1026252983294,349.145584725537
A5_w4,A5,manual,matched,True,0.00412515126057786,0.0027188821584016717,0.0014062691021761884,644.6587112171838,547.9809069212411
A5_w4,A5,manual,matched,True,0.018554857226299497,0.0035910951302255095,0.014963762096073988,566.3770883054893,555.0262529832936
A5_w4,A5,manual,matched,True,0.0035070133331492432,0.006713478056722004,-0.0032064647235727608,576.5536992840096,630.9594272076373
A5_w4,A5,manual,matched,True,0.003219082528499358,0.002783417586199405,0.000435664942299953,560.8973747016706,688.8878281622913
A5_w4,A5,manual,matched,True,0.0046264806488646205,0.003997766758339864,0.0006287138905247567,643.0930787589499,728.0286396181385
A5_w4,A5,manual,matched,True,0.004585419569282285,0.00522741314993465,-0.0006419935806523652,586.7303102625299,800.0477326968975
A5_w4,A5,manual,missed_both,False,0.004915120128741981,0.0002575179815997411,0.00465760214714224,627.436754176611,789.8711217183771
A5_w4,A5,manual,matched,True,0.0030334969412146306,0.0024163696202098915,0.0006171273210047391,683.0167064439141,839.9713603818616
A5_w4,A5,manual,matched,True,0.00311855765840303,0.0006822187308515245,0.002436338927551506,635.2649164677805,892.420047732697
A5_w4,A5,manual,matched,True,0.0032052945263007435,0.005065331625868845,-0.0018600370995681013,773.8233890214798,887.7231503579953
A5_w4,A5,manual,matched,True,0.005358554444176298,0.006873412792044237,-0.0015148583478679393,811.3985680190931,727.2458233890216
A5_w4,A5,manual,matched,True,0.005700453968108593,0.0031631138198533614,0.0025373401482552314,814.5298329355609,662.272076372315
A5_w4,A5,manual,matched,True,0.012765333480316018,0.0016208785773799757,0.011144454902936042,684.582338902148,701.4128878281623
A5_w4,A5,manual,missed_both,False,0.000228634469421825,0.00020270550615015067,2.5928963271674326e-05,742.5107398568019,619.2171837708831
A5_w4,A5,manual,matched,True,0.003801909644073362,0.004775879269555411,-0.0009739696254820493,754.2529832935561,517.4510739856802
A5_w4,A5,manual,matched,True,0.011007491867367969,0.002985089524656135,0.008022402342711833,454.43436754176616,735.073985680191
A5_w4,A5,manual,matched,True,0.0032185620349258134,0.004809173998076211,-0.0015906119631503976,437.9952267303103,815.7040572792363
A5_w4,A5,manual,matched,True,0.005622859148729857,0.0009438331601895709,0.004679025988540286,422.3389021479714,867.3699284009547
A5_w4,A5,manual,matched,True,0.004073836067806685,0.0008057142302271887,0.003268121837579496,405.1169451073986,897.8997613365156
A5_w4,A5,manual,matched,True,0.003940366234312574,0.0023567833427939554,0.001583582891518619,282.99761336515513,879.8949880668258
A5_w4,A5,manual,matched,True,0.00549893284337608,0.0026379493738193185,0.002860983469556761,304.13365155131265,821.183770883055
A5_w4,A5,manual,matched,True,0.002970378478439441,0.0018777087277007814,0.0010926697507386595,344.0572792362769,818.8353221957041
A5_w4,A5,manual,matched,True,0.004553764098647657,0.0046797429124252055,-0.0001259788137775485,317.4415274463008,737.4224343675418
A5_w4,A5,manual,matched,True,0.010101001764695439,0.0068562266914155,0.0032447750732799386,272.03818615751794,736.6396181384249
A5_w4,A5,manual,matched,True,0.0063135252441617355,0.0038842281426009814,0.002429297101560754,340.9260143198091,681.0596658711218
A5_w4,A5,manual,matched,True,0.0026130991720663146,0.0031040978686329586,-0.0004909986965666441,276.7350835322196,674.7971360381862
A5_w4,A5,manual,matched,True,0.005501287925531509,0.0025987589422681078,0.002902528983263401,328.400954653938,631.7422434367542
A5_w4,A5,manual,matched,True,0.005799246602483359,0.004038208187072508,0.001761038415410851,405.8997613365156,623.9140811455848
A5_w4,A5,manual,matched,True,0.006340767523019438,0.006835659892268256,-0.0004948923692488175,434.0811455847256,591.81861575179
A5_w4,A5,manual,matched,True,0.00618255965195873,0.0026712476341093213,0.0035113120178494085,206.2816229116945,645.8329355608593
A5_w4,A5,manual,matched,True,0.006968543879794,0.005714717335496455,0.001253826544297545,142.09069212410503,660.7064439140812
A5_w4,A5,manual,matched,True,0.0038058031435958283,0.0031359269399457807,0.0006698762036500476,106.86396181384248,659.1408114558473
A5_w4,A5,manual,missed_both,False,0.0016642745016513707,0.00022653542163047545,0.0014377390800208952,141.3078758949881,763.255369928401
A5_w4,A5,manual,missed_both,False,0.00011736838305135625,0.00014199379555746496,-2.4625412506108714e-05,192.97374701670643,791.4367541766111
A5_w4,A5,manual,missed_both,False,0.0027550105220813417,0.00020797247249160358,0.0025470380495897383,69.28878281622913,893.2028639618139
A5_w4,A5,manual,matched,True,0.0032538758581528117,0.00020196401380877935,0.0030519118443440322,148.35322195704055,908.076372315036
A5_w4,A5,manual,matched,True,0.004240063901782487,0.005372854869610102,-0.0011327909678276148,21.536992840095472,873.6324582338902
A5_w4,A5,manual,matched,True,0.007255515705662855,0.0037261137142242176,0.0035294019914386375,16.8400954653938,804.7446300715991
A5_w4,A5,manual,matched,True,0.008086543564611155,0.00304502567635319,0.005041517888257964,15.274463007159907,765.6038186157518
A5_w4,A5,manual,matched,True,0.010652176741689825,0.0034244562920511343,0.007227720449638691,14.491646778042965,727.2458233890216
A5_w4,A5,manual,matched,True,0.007574036454371295,0.00539563160207175,0.0021784048522995453,22.31980906921241,702.9785202863962
A5_w4,A5,manual,matched,True,0.00985960852173174,0.0017931159669297158,0.008066492554802024,108.42959427207636,594.1670644391409
A5_w4,A5,manual,matched,True,0.0051610582713543665,0.004558497451893757,0.0006025608194606099,112.3436754176611,552.6778042959428
A5_w4,A5,manual,matched,True,0.0011134490823842096,0.00024373622214287995,0.0008697128602413296,729.2028639618139,139.3508353221957
A5_w4,A5,random,random,False,0.0,0.0,0.0,143.03588286848688,151.17041833872403
A5_w4,A5,random,random,False,0.0,4.937670559941268e-05,-4.937670559941268e-05,227.81289371658087,168.5995817062145
A5_w4,A5,random,random,False,0.0051046379395330395,0.0021408575628202187,0.0029637803767128207,139.4453958319619,632.3119532709
A5_w4,A5,random,random,False,0.0,2.8016704653858156e-05,-2.8016704653858156e-05,253.64323513974233,114.05144733399536
A5_w4,A5,random,random,False,0.004341405286524442,0.001811076137969017,0.0025303291485554245,430.8310807807353,872.5364064473124
A5_w4,A5,random,random,False,1.3909951099219569e-05,5.75432552839285e-06,8.15562557082672e-06,119.28217680758195,234.67987906154892
A5_w4,A5,random,random,False,0.0,0.00022512005854962672,-0.00022512005854962672,174.79440090626395,485.2894840289485
A5_w4,A5,random,random,False,0.0,0.00024835007773380485,-0.00024835007773380485,366.279455484795,732.6062641166174
A5_w4,A5,random,random,False,6.842077841713043e-06,0.00036280144767550783,-0.00035595936983379476,640.4926274967783,228.37778433817186
A5_w4,A5,random,random,False,0.007519668527070021,0.0048980249091086295,0.002621643617961391,425.79385843864054,589.4245830379966
A5_w4,A5,random,random,False,0.0,5.0560583577502215e-06,-5.0560583577502215e-06,210.60189804826783,555.4293680629801
A5_w4,A5,random,random,False,0.0,3.688368217800892e-05,-3.688368217800892e-05,832.4447009539741,441.9216115480753
A5_w4,A5,random,random,False,0.0,0.002054671013808091,-0.002054671013808091,121.90966865005016,809.70576932367
A5_w4,A5,random,random,False,0.0,0.0,0.0,464.43666038114355,444.7759666323222
A5_w4,A5,random,random,False,0.0,0.0005486448523959668,-0.0005486448523959668,167.32767704562286,96.57330140146091
A5_w4,A5,random,random,False,0.0,1.2307955914756846e-05,-1.2307955914756846e-05,513.7259210034259,651.3913058317341
A5_w4,A5,random,random,False,0.005541277258512915,0.0026876149228265375,0.0028536623356863774,761.1109002857288,484.05252872883347
A5_w4,A5,random,random,False,0.008236854345416595,0.002389879057189236,0.0058469752882273586,554.7851646609449,96.38572777386744
A5_w4,A5,random,random,False,0.0,0.0013169828926753128,-0.0013169828926753128,222.60653633345456,513.2765751358928
A5_w4,A5,random,random,False,0.0,0.00024840312007993836,-0.00024840312007993836,161.89149837123094,484.4339005429634
A5_w4,A5,random,random,False,0.009850097953502683,0.0029994175217851107,0.006850680431717573,590.7768818781839,276.36070342275235
A5_w4,A5,random,random,False,0.008117954874566053,0.0012471610821113365,0.0068707937924547165,242.1352840695339,547.6927254279797
A5_w4,A5,random,random,False,0.0,0.0,0.0,157.7519893564772,207.63069489767287
A5_w4,A5,random,random,False,0.0,0.0017186836486708082,-0.0017186836486708082,64.56129249575079,21.369485569891967
A5_w4,A5,random,random,False,0.0,0.0,0.0,513.1877583830925,861.1623139708042
A5_w4,A5,random,random,False,0.0038827492618922453,0.002984092915697917,0.0008986563461943283,546.7074742461632,558.355471700329
A5_w4,A5,random,random,False,0.0,7.3652270959689235e-06,-7.3652270959689235e-06,282.30375133502315,122.68750784286844
A5_w4,A5,random,random,False,0.0026033293259612902,0.0007422519014644999,0.0018610774244967902,633.6082619722429,890.2814586754419
A5_w4,A5,random,random,False,0.0,0.0007793953467773598,-0.0007793953467773598,620.5685207631802,773.5410900318434
A5_w4,A5,random,random,False,0.00010672897164348012,0.006045004485635816,-0.0059382755139923355,620.0350464563614,94.65974220050562
A5_w4,A5,random,random,False,0.0,0.00018477801975452443,-0.00018477801975452443,830.5213336791082,196.77751520600776
A5_w4,A5,random,random,False,0.0001342275075344079,0.00025228665794474453,-0.00011805915041033664,589.3978727511136,225.26258608818455
A5_w4,A5,random,random,False,2.5687893044871236e-07,3.158390469023825e-06,-2.9015115385751127e-06,796.6385713432436,51.67443727700442
A5_w4,A5,random,random,False,0.002212066972630813,0.0018081302530678633,0.00040393671956294973,59.64410015799733,24.74060033349781
A5_w4,A5,random,random,False,0.0055681370156196435,0.002106977679818,0.0034611593358016435,878.2303622795486,2.566403323110766
A5_w4,A5,random,random,False,0.0,0.0012169208739237862,-0.0012169208739237862,203.0066642373191,35.15811729655807
A5_w4,A5,random,random,False,0.0,2.599731188514028e-05,-2.599731188514028e-05,369.6836431527518,631.4689678695873
A5_w4,A5,random,random,False,2.4599029109155373e-05,7.557197415408301e-05,-5.097294504492764e-05,330.5048206048154,546.1840773978714
A5_w4,A5,random,random,False,0.010303736614658726,0.003975099392123982,0.006328637222534744,80.71579454285734,174.60512283049445
A5_w4,A5,random,random,False,0.0,0.00020123724118412107,-0.00020123724118412107,741.6555365715171,361.59525407241637
A5_w4,A5,random,random,False,0.0,1.2743641918379093e-05,-1.2743641918379093e-05,809.5665163108646,792.1000095958331
A5_w4,A5,random,random,False,0.0,2.4833601064590957e-07,-2.4833601064590957e-07,821.9744040723543,78.94713883115787
A5_w4,A5,random,random,False,0.0,5.913411282016055e-05,-5.913411282016055e-05,828.5144909642636,187.15121427461008
A5_w4,A5,random,random,False,0.00029036126389371444,0.0022239403591323673,-0.0019335790952386528,608.0601920424184,275.5674922842267
A5_w4,A5,random,random,False,0.0,0.0,0.0,53.947502131502304,279.1838080621691
A5_w4,A5,random,random,False,0.0,4.714364494932041e-05,-4.714364494932041e-05,157.23934389993676,845.5119604334589
A5_w4,A5,random,random,False,0.0026876722054093856,0.0024896504790195874,0.00019802172638979819,547.5003982173339,112.73237890064819
A5_w4,A5,random,random,False,0.0,2.884093596432199e-05,-2.884093596432199e-05,360.17972545181794,72.3617442044362
A5_w4,A5,random,random,False,5.566632744999561e-05,3.177430068627073e-05,2.3892026763724884e-05,602.3573753478964,866.3661501846333
A5_w4,A5,random,random,False,0.0,0.00018466183317957175,-0.00018466183317957175,440.6305793794949,175.0697838411217
A5_w4,A5,random,random,False,0.0008378383851929124,0.00048135950761738866,0.0003564788775755238,631.5265142344431,900.2291241313574
A5_w4,A5,random,random,False,0.0,0.00032486356599282053,-0.00032486356599282053,616.5295524360037,333.8417147311766
A5_w4,A5,random,random,False,0.0,3.972971429581692e-05,-3.972971429581692e-05,72.4849140673863,642.659135031916
A5_w4,A5,random,random,False,0.0,0.0008944507262030673,-0.0008944507262030673,287.15886689313754,226.0717419166465
A5_w4,A5,random,random,False,0.0,2.936180290048596e-06,-2.936180290048596e-06,204.02447134965095,195.16106490513687
A5_w4,A5,random,random,False,0.0,0.0,0.0,213.66933437829897,872.7977482330475
A5_w4,A5,random,random,False,0.0,0.0007181425276330728,-0.0007181425276330728,409.2972093099962,800.853169232454
A5_w4,A5,random,random,False,1.150829664856919e-05,0.0010642552204062135,-0.0010527469237576444,911.2852896295901,299.8806049940666
A5_w4,A5,random,random,False,0.0,8.650010710238648e-07,-8.650010710238648e-07,61.22153756797496,297.88640650634096
A5_w4,A5,random,random,False,0.005094228578021821,0.0046893989690530175,0.0004048296089688031,336.48807292846305,682.9634807446264
A5_w4,A5,random,random,False,0.0,0.00026741653925678997,-0.00026741653925678997,435.1538755531122,166.14418036301512
A5_w4,A5,random,random,False,0.0,0.0,0.0,550.9450780943338,870.8907583029403
A5_w4,A5,random,random,False,0.0,0.0,0.0,780.2101946349217,557.0445682225898
A5_w4,A5,random,random,False,0.0,0.0,0.0,16.321118560763004,71.257023599422
A5_w4,A5,random,random,False,0.0011119223168240455,0.001628085317834231,-0.0005161630010101855,195.84769021982112,672.0393805671118
A5_w4,A5,random,random,False,0.0,0.00011437722545515293,-0.00011437722545515293,266.5120609710767,105.38647476027968
A5_w4,A5,random,random,False,0.0,0.0003866303624922111,-0.0003866303624922111,434.883987272399,150.22885420122068
A5_w4,A5,random,random,False,0.0,2.0625023182607337e-05,-2.0625023182607337e-05,742.309891410967,655.1113053612307
A5_w4,A5,random,random,False,0.002022579783924175,0.003890899079279544,-0.0018683192953553689,80.66304657422903,367.1122359144616
A5_w4,A5,random,random,False,0.0,0.0001449119264997741,-0.0001449119264997741,448.8641746498102,701.51732115933
A5_w4,A5,random,random,False,0.0,0.0,0.0,398.8854869169665,68.00879045615075
A5_w4,A5,random,random,False,0.0,0.0,0.0,280.652483533919,69.32001405439478
A5_w4,A5,random,random,False,1.235101784624847e-05,0.0007026512755555879,-0.0006903002577093395,757.6088798684403,343.74953701816145
A5_w4,A5,random,random,False,0.00030899556685932435,0.000771989330636198,-0.0004629937637768737,793.2606007808853,85.4550655862748
A5_w4,A5,random,random,False,0.0,0.0,0.0,783.2273773721569,338.46850743088396
A5_w4,A5,random,random,False,0.0098690002310439,0.002041509435330897,0.007827490795713004,815.5283125982733,673.9307656360121
A5_w4,A5,random,random,False,0.0,6.290756045655324e-05,-6.290756045655324e-05,87.72108578853725,864.4625665340899
A5_w4,A5,random,random,False,0.0,1.636486628908685e-06,-1.636486628908685e-06,745.0438315580268,710.1930805177485
A5_w4,A5,random,random,False,0.0,1.850600680628698e-06,-1.850600680628698e-06,73.90652239588655,124.95628295843147
A5_w4,A5,random,random,False,0.0,0.0,0.0,507.1599904127982,226.50633921647054
A5_w4,A5,random,random,False,0.0,0.00013396652922140857,-0.00013396652922140857,160.9430486241033,792.9968085588043
A5_w4,A5,random,random,False,0.0035984996698276406,0.003050719166336388,0.0005477805034912525,66.40962123938536,502.9417171921646
A5_w4,A5,random,random,False,0.0,0.0,0.0,445.5925406625563,91.67813581269574
A5_w4,A5,random,random,False,0.0,0.0,0.0,504.38387022177704,847.3698147224576
A6_w1,A6,manual,matched,True,0.023217347968741957,0.004274727948332668,0.01894262002040929,51.33532219570405,182.85680190930788
A6_w1,A6,manual,missed_both,False,0.006868281828448614,0.0012409681820826125,0.005627313646366002,59.18735083532219,211.909307875895
A6_w1,A6,manual,missed_both,True,0.01568631365462529,0.007148789961195953,0.008537523693429337,48.979713603818624,64.29116945107398
A6_w1,A6,manual,matched,True,0.027783347138388752,0.006228244445289591,0.02155510269309916,110.22553699284008,63.50596658711217
A6_w1,A6,manual,matched,True,0.01966020285926447,0.00559958169551426,0.01406062116375021,195.8126491646778,135.74463007159906
A6_w1,A6,manual,missed_both,False,0.008077836839183783,0.006055857920029644,0.002021978919154139,124.35918854415274,175.00477326968974
A6_w1,A6,manual,matched,True,0.03288014928457423,0.0030126032522471884,0.029867546032327042,73.32100238663485,328.11933174224345
A6_w1,A6,manual,matched,True,0.012680268542637419,0.009184439214248668,0.003495829328388751,151.05608591885442,442.7589498806682
A6_w1,A6,manual,matched,True,0.020073903920949786,0.004981178345370716,0.01509272557557907,142.41885441527447,467.8854415274463
A6_w1,A6,manual,matched,True,0.030763350755969185,0.00303252381659889,0.027730826939370293,107.86992840095463,686.1718377088306
A6_w1,A6,manual,matched,True,0.022879275724848925,0.0007313796097491223,0.0221478961150998,157.33770883054893,712.8687350835322
A6_w1,A6,manual,matched,True,0.018846315269503613,0.001667314520283763,0.01717900074921985,185.60501193317424,806.3078758949881
A6_w1,A6,manual,missed_both,True,0.011222813582820028,0.0038140976890093147,0.0074087158938107136,158.90811455847256,774.8997613365156
A6_w1,A6,manual,matched,True,0.013603405871842646,0.0034347222312163827,0.010168683640626263,96.09188544152744,893.4653937947494
A6_w1,A6,manual,missed_both,True,0.020058631643294904,0.0013049613985468586,0.018753670244748045,291.6073985680191,719.9355608591885
A6_w1,A6,manual,missed_both,False,0.007775828314513094,0.0010901463384062992,0.006685681976106795,218.5835322195704,766.2625298329356
A6_w1,A6,manual,missed_both,True,0.017627391383183144,0.002087946859052588,0.015539444524130556,323.80071599045345,728.5727923627685
A6_w1,A6,manual,matched,True,0.009379941387048644,0.0024119473690731546,0.006967994017975489,356.77923627684964,648.4821002386635
A6_w1,A6,manual,matched,True,0.027178857987563847,0.0059953577189204785,0.02118350026864337,425.8770883054893,610.7923627684964
A6_w1,A6,manual,matched,True,0.017788948252877752,0.005611094730964552,0.012177853521913199,445.5071599045346,588.8066825775657
A6_w1,A6,manual,matched,True,0.02022752340112245,0.006502695096568281,0.013724828304554168,502.8269689737471,485.945107398568
A6_w1,A6,manual,matched,True,0.029646834103902155,0.006390514105458203,0.02325631999844395,494.1897374701671,407.4248210023866
A6_w1,A6,manual,matched,True,0.029929302939626794,0.008317901035718037,0.021611401903908756,551.5095465393795,109.8329355608592
A6_w1,A6,manual,matched,True,0.021712988481366616,0.005612693944679729,0.016100294536686887,688.1348448687351,65.86157517899761
A6_w1,A6,manual,matched,True,0.02849035558510484,0.0043919809429734296,0.024098374642131413,602.5477326968974,249.59904534606204
A6_w1,A6,manual,missed_both,False,0.01335531570915208,0.0026303975811407298,0.010724918128011351,498.9009546539379,277.86634844868735
A6_w1,A6,manual,matched,True,0.020379932679116943,0.012669195168490884,0.007710737510626059,704.6241050119332,295.14081145584726
A6_w1,A6,manual,matched,True,0.02219181319556497,0.007474446286612764,0.014717366908952208,676.3568019093079,294.35560859188547
A6_w1,A6,manual,matched,True,0.024409410190012085,0.007405273558879276,0.01700413663113281,663.7935560859189,347.7494033412888
A6_w1,A6,manual,matched,True,0.01617248561778887,0.01380216481405736,0.002370320803731509,747.0250596658711,384.65393794749406
A6_w1,A6,manual,matched,True,0.021115810009267717,0.006743725915301395,0.014372084093966321,799.6336515513127,262.16229116945107
A6_w1,A6,manual,matched,True,0.020204394501660294,0.004391306826178048,0.015813087675482247,841.2494033412888,518.9236276849642
A6_w1,A6,manual,matched,True,0.02267996810325021,0.0020409939813430507,0.02063897412190716,789.426014319809,513.4272076372315
A6_w1,A6,manual,matched,True,0.01906631341791366,0.00685350944048461,0.012212803977429049,596.2661097852028,543.2649164677804
A6_w1,A6,manual,matched,True,0.01756371243247725,0.0039015272696208475,0.013662185162856402,670.0751789976134,467.8854415274463
A6_w1,A6,manual,matched,True,0.029363720512577806,0.0030483405753471654,0.02631537993723064,490.263723150358,660.2601431980906
A6_w1,A6,manual,matched,True,0.028151024879309226,0.00620327707225996,0.021947747807049264,483.9821002386635,739.565632458234
A6_w1,A6,manual,matched,True,0.02995329564447764,0.006336458488076389,0.02361683715640125,609.6145584725537,813.3747016706444
A6_w1,A6,manual,matched,True,0.01578124578728425,0.0014688383368901756,0.014312407450394075,814.5525059665871,732.4988066825775
A6_w1,A6,manual,matched,True,0.008154348610967173,0.0072818702331888885,0.0008724783777782847,839.6789976133651,705.0167064439141
A6_w1,A6,manual,matched,True,0.0247549479634523,0.01013313236049717,0.01462181560295513,870.3019093078759,765.4773269689738
A6_w1,A6,manual,matched,True,0.03205541255492131,0.004884957945113486,0.027170454609807822,893.0727923627685,804.7374701670644
A6_w1,A6,manual,matched,True,0.02886747905827914,0.007529267509396819,0.02133821154888232,789.426014319809,660.2601431980906
A6_w1,A6,manual,matched,True,0.008813808126008038,0.004902733788684259,0.00391107433732378,674.0011933174225,682.2458233890214
A6_w1,A6,manual,matched,True,0.020990062713943675,0.005286661678119032,0.015703401035824644,695.9868735083533,725.4319809069212
A6_w1,A6,manual,missed_both,True,0.005896643663113019,0.0012694632294761037,0.004627180433636916,348.9272076372315,98.054892601432
A6_w1,A6,manual,missed_both,False,0.0,0.0018433439035306345,-0.0018433439035306345,367.77207637231504,65.86157517899761
A6_w1,A6,manual,matched,True,0.015349624397018114,0.007064609606205639,0.008285014790812475,368.5572792362768,390.1503579952267
A6_w1,A6,manual,matched,True,0.02820176806569219,0.0043922159325699255,0.023809552133122264,413.31384248210026,470.24105011933176
A6_w1,A6,manual,matched,True,0.021776088864100852,0.004161247165044339,0.017614841699056513,471.4188544152745,394.8615751789976
A6_w1,A6,manual,matched,True,0.016553194882092417,0.003253175813430811,0.013300019068661606,747.0250596658711,768.618138424821
A6_w1,A6,random,random,False,3.047753259657916e-06,0.0009161133620279748,-0.0009130656087683169,632.7825239667109,681.3482351464784
A6_w1,A6,random,random,False,0.0004944230392453537,0.0009503860930001883,-0.00045596305375483455,802.6729562223887,439.95275671939106
A6_w1,A6,random,random,False,0.0001915474392264353,0.0012281360459198414,-0.0010365886066934062,258.5612126633008,568.2480113638503
A6_w1,A6,random,random,False,0.005706195021520261,0.005351057183840222,0.0003551378376800392,583.8021167299082,825.7841926332933
A6_w1,A6,random,random,False,0.00011241083969099713,0.00045492233560067536,-0.0003425114959096782,151.02212477371452,295.220915115941
A6_w1,A6,random,random,False,0.004850913459051635,0.0028787192044005053,0.00197219425465113,610.2549209213033,504.86331500046344
A6_w1,A6,random,random,False,3.0270021171291228e-05,0.0010749672149684164,-0.001044697193797125,110.26590169636815,811.6137768774032
A6_w1,A6,random,random,False,0.003192501851494356,0.0033594919364109428,-0.0001669900849165869,523.9530745302153,893.0625096318373
A6_w1,A6,random,random,False,0.0007923982920344204,0.0012302880517985654,-0.00043788975976414494,313.3143428582604,416.0650555671973
A6_w1,A6,random,random,False,0.005220746115753235,0.0049422975015889934,0.00027844861416424175,187.64249442823711,432.8297892319613
A6_w1,A6,random,random,False,3.760429936726177e-05,0.001044088711044006,-0.0010064844116767443,898.7170045970905,559.5665407538618
A6_w1,A6,random,random,False,0.0002953616751627499,0.010299954491014614,-0.010004592815851865,533.3423596600218,113.65158783373846
A6_w1,A6,random,random,False,4.8959472988548335e-06,0.0006567886294531981,-0.0006518926821543433,102.98578874769731,369.8498240431754
A6_w1,A6,random,random,False,0.00014254566229190835,0.001958305195936694,-0.0018157595336447856,259.4786594316265,602.3021812510377
A6_w1,A6,random,random,False,3.599800585811461e-06,0.0007865086977020062,-0.0007829088971161947,526.9696774610604,123.1869448497486
A6_w1,A6,random,random,False,1.4315445405837561e-05,0.001881948892007605,-0.0018676334466017673,114.01112290714602,756.4586157489914
A6_w1,A6,random,random,False,0.0007848740650303004,0.0024013768473443056,-0.0016165027823140052,813.032278808331,287.2180987395731
A6_w1,A6,random,random,False,0.0012991381127032623,0.0041027133696326925,-0.00280357525692943,1.3698246339954496,95.56969161801663
A6_w1,A6,random,random,False,6.582236607868221e-05,0.0003005878026492687,-0.0002347654365705865,242.96266076838776,706.5114389189783
A6_w1,A6,random,random,False,0.006157409210547817,0.0019418012732872057,0.004215607937260611,319.4317077782883,304.9424634755182
A6_w1,A6,random,random,False,0.00020902289346931335,0.0002500584798455172,-4.103558637620386e-05,494.1310335641174,815.9430861330843
A6_w1,A6,random,random,False,0.0011176133139136444,0.0006520461730188826,0.00046556714089476174,657.2780865668418,848.6739117984024
A6_w1,A6,random,random,False,0.006670964232960385,0.009257114922097052,-0.0025861506891366667,714.949127694755,271.8672437673823
A6_w1,A6,random,random,False,0.0022233373409255813,0.002552596423753993,-0.0003292590828284118,748.0180865113265,298.0152060250807
A6_w1,A6,random,random,False,9.327315204698084e-05,0.0011375355752876264,-0.0010442624232406457,637.246345544907,60.32321026798002
A6_w1,A6,random,random,False,0.006661082366675812,0.004519971735415329,0.002141110631260483,160.12490601193184,1.6154832339012197
A6_w1,A6,random,random,False,0.003571383949447763,0.0031871536109974712,0.0003842303384502918,80.97649847885899,156.6647532864776
A6_w1,A6,random,random,False,0.0013515290957630138,0.0035422756052145535,-0.0021907465094515395,365.5484976763484,289.6809174941082
A6_w1,A6,random,random,False,0.0022359884896305357,0.0044484296843917345,-0.002212441194761199,162.18073867923968,151.2693301719895
A6_w1,A6,random,random,False,0.0031342441804395552,0.004066711901350701,-0.0009324677209111461,790.7149192043686,152.36119919810037
A6_w1,A6,random,random,False,8.586691307873138e-05,0.0006193217459535647,-0.0005334548328748333,862.5320214106541,443.3092216843481
A6_w1,A6,random,random,False,0.00038867735530813283,0.0004913815232536706,-0.00010270416794553775,805.8850052922373,325.700593785809
A6_w1,A6,random,random,False,0.00012408070099553887,0.00047387267399413667,-0.00034979197299859783,826.7167624747827,908.3858389370627
A6_w1,A6,random,random,False,2.1441652429073007e-05,0.0012545965997278843,-0.0012331549472988112,277.1357476616297,403.1667237661927
A6_w1,A6,random,random,False,0.0006369208006254684,0.002907082440799784,-0.0022701616401743156,647.6656202693277,370.34508037397836
A6_w1,A6,random,random,False,0.00010507642700869397,0.00033425910604556794,-0.00022918267903687396,346.9219865369834,334.7095009183191
A6_w1,A6,random,random,False,0.00010554723582931716,0.0004600034348790582,-0.00035445619904974105,877.9237307465712,591.7654355995058
A6_w1,A6,random,random,False,0.00021703089132640876,0.0001518304985719506,6.520039275445815e-05,209.30517130314547,62.478042942086105
A6_w1,A6,random,random,False,0.0007918850674186354,0.0003927025497729719,0.0003991825176456635,910.8348124066396,508.26211083918827
A6_w1,A6,random,random,False,2.3981476782154864e-05,0.005530658441043107,-0.005506676964260953,488.09509910967057,505.13047947863834
A6_w1,A6,random,random,False,0.00042428297729470485,0.000561513302411296,-0.00013723032511659116,86.65919843700597,828.6008270549942
A6_w1,A6,random,random,False,0.008450882599086317,0.0049619907088968036,0.0034888918901895133,630.6086163822189,759.0385027329071
A6_w1,A6,random,random,False,0.005444529665377056,0.005979747024903491,-0.0005352173595264357,185.39012181663625,412.10896724448753
A6_w1,A6,random,random,False,2.804299740513643e-05,0.00031562054563797725,-0.0002875775482328408,530.6893472595922,376.17663570626587
A6_w1,A6,random,random,False,9.79224376652207e-05,0.0016225884261748872,-0.0015246659885096664,6.157800712241413,519.2520291562037
A6_w1,A6,random,random,False,0.00013848525494037105,0.00026620068062108225,-0.0001277154256807112,774.7622264679035,281.0375390429704
A6_w1,A6,random,random,False,0.00019951587018880065,0.0012550218518130134,-0.0010555059816242127,754.3825789694642,499.81790579882687
A6_w1,A6,random,random,False,0.002548927323709491,0.0034404164493991598,-0.0008914891256896688,772.447594539931,713.1481513741217
A6_w1,A6,random,random,False,0.0006591990137386898,0.0032837815035910494,-0.0026245824898523595,628.183242176853,239.96526209589948
A6_w1,A6,random,random,False,3.625981455972302e-05,0.003861578378163251,-0.0038253185636035283,57.75049818778804,310.65886941229667
A6_w1,A6,random,random,False,0.0002810275711432393,0.004651277752255841,-0.0043702501811126015,497.152067342632,728.3252191715591
A6_w2,A6,manual,matched,True,0.027726379906284068,0.009238468004383176,0.01848791190190089,286.1109785202864,308.4892601431981
A6_w2,A6,manual,matched,True,0.04908488587332948,0.003946569354714416,0.045138316518615065,244.49522673031024,289.6443914081146
A6_w2,A6,manual,missed_both,True,0.027555554689977866,0.0019525410488664867,0.02560301364111138,143.20405727923628,257.4510739856802
A6_w2,A6,manual,missed_both,True,0.04296013369045376,0.005890068941675353,0.03707006474877841,68.60978520286396,293.5704057279236
A6_w2,A6,manual,matched,True,0.015193857494168453,0.009018290319571227,0.006175567174597225,52.90572792362768,146.73747016706443
A6_w2,A6,manual,matched,True,0.0325572980080935,0.0015732157689011942,0.030984082239192308,111.79594272076372,39.16467780429595
A6_w2,A6,manual,matched,True,0.05310125951055561,0.001693689140437232,0.05140757037011838,61.542959427207634,14.823389021479713
A6_w2,A6,manual,missed_both,True,0.014140804265187063,0.0032810853769625692,0.010859718888224495,177.7529832935561,77.63961813842482
A6_w2,A6,manual,matched,True,0.028682707563838852,0.00454474027071123,0.024137967293127623,142.41885441527447,149.8782816229117
A6_w2,A6,manual,matched,True,0.03755168466465208,0.0044682502123878556,0.03308343445226422,255.4880668257757,119.25536992840097
A6_w2,A6,manual,matched,True,0.030120431998480978,0.0059644835665278425,0.024155948431953136,295.5334128878281,153.80429594272076
A6_w2,A6,manual,matched,True,0.018721391458179092,0.004175394043732039,0.014545997414447055,287.68138424821,114.54415274463008
A6_w2,A6,manual,matched,True,0.01929231628862727,0.0031895710848598028,0.01610274520376747,341.8603818615752,62.72076372315036
A6_w2,A6,manual,matched,True,0.016185131160833907,0.003453660678976032,0.012731470481857875,432.1587112171838,21.89021479713604
A6_w2,A6,manual,matched,True,0.02752164625826023,0.0053704238124504065,0.022151222445809825,495.76014319809065,41.52028639618139
A6_w2,A6,manual,matched,True,0.029626007891647203,0.012336798513540477,0.017289209378106726,516.1754176610979,72.14319809069212
A6_w2,A6,manual,matched,True,0.05598532827415275,0.030774904718217855,0.025210423555934895,549.9391408114559,95.69928400954656
A6_w2,A6,manual,matched,True,0.031617183343551646,0.003623758449567841,0.027993424893983803,888.3615751789977,259.0214797136038
A6_w2,A6,manual,matched,True,0.031075787139837684,0.006697223382021337,0.024378563757816347,896.2136038186158,346.17899761336514
A6_w2,A6,manual,matched,True,0.014833756474291498,0.0012613745601199606,0.013572381914171538,886.791169451074,398.00238663484487
A6_w2,A6,manual,matched,True,0.036100039631132674,0.009871068073847643,0.02622897155728503,832.6121718377088,417.6324582338903
A6_w2,A6,manual,matched,True,0.017396819832906148,0.009776762838541323,0.007620056994364825,771.3663484486874,406.6396181384249
A6_w2,A6,manual,matched,True,0.03624169841726079,0.0026910960070957828,0.03355060241016501,750.1658711217184,313.9856801909308
A6_w2,A6,manual,missed_both,True,0.013644699623583795,0.002774510878218065,0.01087018874536573,717.1873508353221,279.436754176611
A6_w2,A6,manual,matched,True,0.04172868925826822,0.0025851813238741443,0.03914350793439408,646.5190930787589,404.2840095465394
A6_w2,A6,manual,matched,True,0.028106486498212187,0.006511107154519252,0.021595379343692933,699.9128878281623,464.74463007159903
A6_w2,A6,manual,matched,True,0.05871189852408165,0.0017793411019773695,0.056932557422104284,594.6957040572793,478.8782816229117
A6_w2,A6,manual,matched,True,0.031158179875360903,0.001622193115267829,0.029535986760093075,576.6360381861575,540.909307875895
A6_w2,A6,manual,matched,True,0.021883949598351212,0.002158547146296741,0.01972540245205447,432.1587112171838,548.7613365155131
A6_w2,A6,manual,matched,True,0.03037980492310356,0.0018875796680087968,0.02849222525509476,383.4761336515513,582.5250596658711
A6_w2,A6,manual,matched,True,0.014354517067238651,0.0033640694654991847,0.010990447601739466,330.082338902148,546.4057279236276
A6_w2,A6,manual,matched,True,0.016240041685812678,0.0034168994911026275,0.01282314219471005,483.1968973747017,640.6300715990453
A6_w2,A6,manual,matched,True,0.04136288996472878,0.012617207772777922,0.02874568219195086,440.7959427207637,838.5011933174225
A6_w2,A6,manual,missed_both,True,0.008291441372594549,0.004259238493660505,0.004032202878934044,476.9152744630072,735.6396181384248
A6_w2,A6,manual,matched,True,0.03283012167038331,0.00740437934005177,0.025425742330331538,184.81980906921245,736.4248210023867
A6_w2,A6,manual,matched,True,0.01671293379515866,0.007228215301563078,0.009484718493595582,214.65751789976133,600.5847255369929
A6_w2,A6,manual,matched,True,0.017929649549136086,0.01093137092592588,0.006998278623210206,83.52863961813843,575.4582338902148
A6_w2,A6,manual,missed_both,True,0.015064705702824824,0.0027670151858222016,0.012297690517002621,47.409307875895,444.3293556085919
A6_w2,A6,manual,missed_both,False,0.007548064419717,0.0026386266964979962,0.004909437723219004,45.83890214797137,366.5942720763723
A6_w2,A6,manual,matched,True,0.04994550913221333,0.002288270989942777,0.047657238142270554,16.001193317422434,164.79713603818615
A6_w2,A6,manual,matched,True,0.015591082952885558,0.006582703143919913,0.009008379808965645,714.046539379475,696.3794749403341
A6_w2,A6,manual,missed_both,False,0.002996778570933926,0.0023986661288158987,0.0005981124421180271,755.6622911694511,664.9713603818616
A6_w2,A6,manual,matched,True,0.024577801513324695,0.003793892804001882,0.020783908709322813,747.8102625298329,814.945107398568
A6_w2,A6,manual,matched,True,0.028117744654979245,0.0026490885068574757,0.025468656148121768,782.3591885441527,908.384248210024
A6_w2,A6,manual,matched,True,0.05446778730905435,0.004090845227904179,0.05037694208115017,884.4355608591885,825.1527446300717
A6_w2,A6,manual,matched,True,0.034469836227923954,0.007544200727839487,0.026925635500084467,904.065632458234,621.0
A6_w2,A6,manual,missed_both,True,0.031965113793941624,0.0023136870196756422,0.029651426774265983,879.7243436754177,542.4797136038186
A6_w2,A6,manual,matched,True,0.022873040543334913,0.005414064169807889,0.017458976373527023,907.991646778043,493.7971360381862
A6_w2,A6,manual,matched,True,0.017035352174459804,0.0018213688856260279,0.015213983288833777,632.3854415274463,853.420047732697
A6_w2,A6,manual,matched,True,0.021437380646275123,0.00238949118623189,0.01904788946004323,665.3639618138425,880.9021479713604
A6_w2,A6,manual,missed_both,True,0.030893366071491648,0.0010167264806934925,0.029876639590798157,275.9033412887828,879.3317422434368
A6_w2,A6,manual,missed_both,False,0.010834298341083803,0.0012979552029936264,0.009536343138090176,189.5310262529833,887.1837708830549
A6_w2,A6,manual,missed_both,True,0.028411876745270362,0.0011608744017816666,0.027251002343488696,154.9821002386635,798.4558472553699
A6_w2,A6,manual,missed_both,True,0.014246605672288564,0.0015989451167759718,0.012647660555512592,98.44749403341288,858.1312649164678
A6_w2,A6,manual,matched,True,0.015311847804532264,0.007912677538710736,0.007399170265821528,41.9128878281623,881.6873508353223
A6_w2,A6,manual,matched,True,0.01603142086971788,0.0017243251103362324,0.014307095759381647,370.12768496420045,688.527446300716
A6_w2,A6,manual,missed_both,True,0.019181010579894242,0.005042031622317616,0.014138978957576626,834.1825775656324,139.6706443914081
A6_w2,A6,manual,missed_both,False,0.001862051916867255,0.0019031306777726944,-4.10787609054393e-05,871.0871121718377,160.87112171837708
A6_w2,A6,manual,missed_both,True,0.017115631085720076,0.0023861596822331876,0.014729471403486889,623.7482100238664,332.8305489260144
A6_w2,A6,manual,matched,True,0.024915558122552167,0.005284898529179097,0.01963065959337307,466.7076372315036,457.67780429594274
A6_w2,A6,random,random,False,0.000312192549698713,0.0007480965893946216,-0.0004359040396959086,767.2581298175492,492.3876384697648
A6_w2,A6,random,random,False,0.0021135681659947138,0.001691944037614139,0.00042162412838057483,182.0131226040071,231.73234654797696
A6_w2,A6,random,random,False,9.12605771786729e-05,0.0008218793435296097,-0.0007306187663509367,40.75366595505362,480.870881718439
A6_w2,A6,random,random,False,0.003835907136236403,0.004747704022239083,-0.00091179688600268,821.0916237593444,78.69277375777455
A6_w2,A6,random,random,False,0.005658240416429196,0.005137287582508316,0.0005209528339208801,583.1589095735166,128.70723503849658
A6_w2,A6,random,random,False,0.0007369483450849334,0.0007566338286002541,-1.9685483515320744e-05,0.7097596363792594,908.7707331478507
A6_w2,A6,random,random,False,0.0030032176426248477,0.0027996729386832483,0.0002035447039415994,647.4418393116184,668.8240156568763
A6_w2,A6,random,random,False,0.0004426853546770664,0.00043956037282695195,3.1249818501144695e-06,724.0951040888262,396.8583731505161
A6_w2,A6,random,random,False,0.003180655737858201,0.0018767768079777814,0.0013038789298804195,156.0444026057359,430.0644062662811
A6_w2,A6,random,random,False,0.0013234426102447284,0.0007076033385003633,0.0006158392717443652,4.837914842903728,104.3262270388722
A6_w2,A6,random,random,False,0.006514537709488358,0.005151548498348769,0.0013629892111395887,310.5071912703005,910.3401860808273
A6_w2,A6,random,random,False,4.25392037275808e-05,0.000525095199159714,-0.00048255599543213317,312.3261040240558,680.9580239013503
A6_w2,A6,random,random,False,0.001480306556215383,0.0010197073759830536,0.0004605991802323294,367.0322662373536,33.80825382820783
A6_w2,A6,random,random,False,0.0002886644403493556,0.0004814318068493141,-0.00019276736649995847,760.9099014391135,498.24792342125477
A6_w2,A6,random,random,False,0.00032377686646520743,0.0005703639328974831,-0.00024658706643227563,838.3440666897302,481.1677874710754
A6_w2,A6,random,random,False,0.0070792483394490294,0.0058312112310586126,0.0012480371083904169,328.503622592642,906.4044821110726
A6_w2,A6,random,random,False,5.393253528022231e-05,0.001073866790856611,-0.0010199342555763887,21.584467769868034,255.2568496443448
A6_w2,A6,random,random,False,0.007465405896049071,0.007054608621339628,0.00041079727470944363,511.7093754517953,871.3894722035893
A6_w2,A6,random,random,False,5.1445871373053756e-05,0.00010018588538072046,-4.87400140076667e-05,399.43609978900537,531.5527479358111
A6_w2,A6,random,random,False,0.0008980788010973108,0.0009377888169431572,-3.971001584584632e-05,777.7028162955453,809.5403492109652
A6_w2,A6,random,random,False,0.0058343539209337785,0.012878820953582622,-0.007044467032648843,681.6041139480359,210.16384367321817
A6_w2,A6,random,random,False,0.0013514014124892434,0.0018109350233897514,-0.00045953361090050795,451.3588137797377,54.25952036644427
A6_w2,A6,random,random,False,0.0009323040165527332,0.0006181987438522404,0.0003141052727004928,853.7499038854415,266.3814940866079
A6_w2,A6,random,random,False,0.001076078364873623,0.002622387132364486,-0.001546308767490863,891.3952051585773,891.5083138908527
A6_w2,A6,random,random,False,0.00045422907730090337,0.001978983391999404,-0.0015247543146985007,704.0694180310718,773.3567515025054
A6_w2,A6,random,random,False,0.0004261674309918816,0.001259615983961451,-0.0008334485529695693,7.1625915720826585,335.11502538683095
A6_w2,A6,random,random,False,0.0007468453813931701,0.0013029773202177185,-0.0005561319388245484,443.67836040321384,710.8096684015107
A6_w2,A6,random,random,False,1.5188042491534823e-05,0.0005580967509059768,-0.0005429087084144421,122.38975784172192,256.9563994147537
A6_w2,A6,random,random,False,0.0007722365585036178,0.005438494237418391,-0.004666257678914773,133.01684377253807,164.31784836098004
A6_w2,A6,random,random,False,0.00734475414056029,0.006355377624696181,0.0009893765158641094,184.29359660344028,597.0746526784236
A6_w2,A6,random,random,False,0.00014746629139202866,0.0005510667439609094,-0.00040360045256888075,490.43642943229355,565.2236216802652
A6_w2,A6,random,random,False,0.0059842689859362416,0.005034380103092423,0.0009498888828438183,87.35172998719877,674.8214449198076
A6_w2,A6,random,random,False,0.002297405052358129,0.0017842091178540637,0.0005131959345040652,328.9982418416475,139.49446697255226
A6_w2,A6,random,random,False,0.0002177399699037636,0.001533882100709012,-0.0013161421308052483,20.334451958315928,373.7860381696722
A6_w2,A6,random,random,False,0.0010373335963435619,0.002315626774684627,-0.0012782931783410652,657.1183697668699,320.2225010462347
A6_w2,A6,random,random,False,0.00642375275165578,0.006454785510680028,-3.103275902424825e-05,434.0282653690138,869.230539064476
A6_w2,A6,random,random,False,0.00010176578053420224,0.0005207596601690098,-0.0004189938796348076,186.20551514250425,295.0628378681275
A6_w2,A6,random,random,False,0.005636802476829308,0.006335537486927773,-0.0006987350100984653,706.5600174133064,5.791395670928324
A6_w2,A6,random,random,False,0.0002463973588400884,0.0007762854033133226,-0.0005298880444732342,476.3263163240039,565.4589577897124
A6_w2,A6,random,random,False,0.009806545384306625,0.013042242251689993,-0.003235696867383368,911.3299145544908,478.70902775401595
A6_w2,A6,random,random,False,0.006628102976488214,0.0066309720324597655,-2.8690559715511404e-06,573.3534468995844,818.157843488198
A6_w2,A6,random,random,False,0.001997490674046479,0.004847849781591327,-0.002850359107544848,701.5443620276611,264.206247203013
A6_w2,A6,random,random,False,0.05460768457161011,0.027568254822631904,0.027039429748978206,912.7835469676749,723.2180429529208
A6_w2,A6,random,random,False,0.0008872274348636387,0.005583300020166233,-0.004696072585302594,753.7904115800629,825.2540459031912
A6_w2,A6,random,random,False,0.0008786645157353045,0.00046769916797580625,0.0004109653477594983,301.97248746145414,70.91618222974333
A6_w2,A6,random,random,False,0.0011176021266659105,0.0028790702451369538,-0.0017614681184710433,730.0310183817744,581.4895946698128
A6_w2,A6,random,random,False,0.00026198114417782647,0.00044771197313232174,-0.00018573082895449527,44.778338348414465,295.0307827655501
A6_w2,A6,random,random,False,0.0005057730021012967,0.0005781667575719446,-7.239375547064787e-05,378.64641788521016,785.4279015090842
A6_w2,A6,random,random,False,0.00396849265570313,0.004712991218173203,-0.0007444985624700728,147.5366487287983,105.57300261755178
A6_w2,A6,random,random,False,0.004612503245177848,0.00470422209548772,-9.171885030987217e-05,407.2758499691928,344.4998445256994
A6_w2,A6,random,random,False,0.00047321543304806055,0.006052825515604149,-0.005579610082556088,94.11540125215971,37.789163516644116
A6_w2,A6,random,random,False,0.0006370506859556272,0.00037838108501754683,0.00025866960093808033,48.71937275196736,300.1732682874482
A6_w2,A6,random,random,False,0.00043702047608726226,0.0006295099092207047,-0.00019248943313344242,350.2849403671047,636.9210676103111
A6_w2,A6,random,random,False,0.000713270199086914,0.0005983934826462332,0.00011487671644068074,848.9541793071895,848.7273260787342
A6_w2,A6,random,random,False,0.0007149526776325518,0.0019643408071060744,-0.0012493881294735228,711.6345900138286,602.9909049811464
A6_w2,A6,random,random,False,0.00011775270936258939,0.0021961214100126108,-0.0020783687006500212,723.6758842761244,443.4650080306599
A6_w2,A6,random,random,False,0.005361757184434922,0.005067661703355398,0.0002940954810795246,112.65642849965387,710.5043287459251
A6_w2,A6,random,random,False,0.00018770181351752572,0.003973542340291038,-0.003785840526773512,725.6331079979802,119.61893819730362
A6_w2,A6,random,random,False,0.0002765617543933453,0.006032686471062915,-0.00575612471666957,35.74058177989538,904.2349923633117
A6_w2,A6,random,random,False,0.0002742172207478585,0.0014972831389496951,-0.0012230659182018366,764.9909638796188,653.8840089967782
A6_w3,A6,manual,missed_both,True,0.011726287942000474,0.0015072606588811591,0.010219027283119315,74.10620525059666,450.6109785202864
A6_w3,A6,manual,missed_both,False,0.013413669781031213,0.0021551783113665525,0.01125849146966466,89.02505966587113,356.38663484486875
A6_w3,A6,manual,matched,True,0.03165298441608737,0.001062268448424985,0.030590715967662382,3.4379474940334163,325.763723150358
A6_w3,A6,manual,matched,True,0.041405926551675444,0.002256763565838331,0.039149162985837115,96.87708830548924,277.86634844868735
A6_w3,A6,manual,missed_both,True,0.023666650196847626,0.0012413465859195838,0.02242530361092804,56.046539379474936,226.0429594272076
A6_w3,A6,manual,matched,True,0.018658831776410388,0.0011072592066585494,0.017551572569751837,140.84844868735084,226.82816229116943
A6_w3,A6,manual,missed_both,True,0.020179137848578207,0.0019641233358460653,0.018215014512732143,144.7744630071599,193.06443914081143
A6_w3,A6,manual,matched,True,0.029054850666041604,0.009702531524620066,0.019352319141421537,153.41169451073986,280.2219570405728
A6_w3,A6,manual,matched,True,0.024151111322705737,0.007249289886109691,0.016901821436596045,70.9653937947494,500.0787589498807
A6_w3,A6,manual,matched,True,0.028704384211126744,0.00311987304880959,0.025584511162317154,67.82458233890215,786.6778042959427
A6_w3,A6,manual,matched,True,0.023847556073171766,0.005826552201690885,0.01802100387148088,95.30668257756562,781.9665871121719
A6_w3,A6,manual,matched,True,0.034579354700743914,0.007983301571814483,0.02659605312892943,34.06085918854416,823.582338902148
A6_w3,A6,manual,matched,True,0.027353895895168446,0.005388816173640362,0.021965079721528086,59.18735083532219,868.3389021479713
A6_w3,A6,manual,matched,True,0.04516136932436596,0.005570410431203654,0.039590958893162304,78.03221957040573,887.1837708830549
A6_w3,A6,manual,missed_both,False,0.014721520730020641,0.0006153341466530295,0.014106186583367611,168.33054892601433,639.0596658711218
A6_w3,A6,manual,missed_both,False,0.001195500038752477,0.0009858769708734527,0.00020962306787902438,133.7816229116945,727.7875894988067
A6_w3,A6,manual,matched,True,0.008009962444699849,0.004853012547946829,0.00315694989675302,361.4904534606205,750.5584725536993
A6_w3,A6,manual,matched,True,0.028573834994247514,0.009584360852551476,0.018989474141696036,440.01073985680193,789.8186157517899
A6_w3,A6,manual,matched,True,0.031167499378141245,0.005014010556122731,0.026153488822018515,410.173031026253,816.5155131264917
A6_w3,A6,manual,matched,True,0.016391745793841322,0.006708863649622208,0.009682882144219113,411.7434367541766,850.2792362768497
A6_w3,A6,manual,matched,True,0.025862022946489836,0.006705707561927746,0.01915631538456209,457.2852028639618,851.0644391408115
A6_w3,A6,manual,matched,True,0.01727592058635798,0.004993170854556324,0.012282749731801657,494.97494033412886,761.5513126491647
A6_w3,A6,manual,matched,True,0.035495117660771756,0.008755467972799327,0.02673964968797243,483.1968973747017,661.8305489260143
A6_w3,A6,manual,matched,True,0.033044612375124696,0.002258896554201325,0.030785715820923373,290.0369928400955,586.4510739856802
A6_w3,A6,manual,matched,True,0.031368456918131914,0.004285435624998355,0.027083021293133558,270.4069212410501,501.64916467780427
A6_w3,A6,manual,matched,True,0.04345938277767545,0.005627344839066039,0.03783203793860941,345.00119331742246,534.6276849642005
A6_w3,A6,manual,matched,True,0.017436491465059243,0.0013952138180404058,0.016041277647018837,412.5286396181384,356.38663484486875
A6_w3,A6,manual,matched,True,0.02571805537497397,0.0032901766791231424,0.022427878695850827,524.8126491646779,307.7040572792363
A6_w3,A6,manual,matched,True,0.03387620329636238,0.0013008881227558034,0.032575315173606574,528.7386634844869,248.81384248210023
A6_w3,A6,manual,matched,True,0.0331635682801713,0.003823828269712298,0.029339740010459,481.6264916467781,139.6706443914081
A6_w3,A6,manual,missed_both,True,0.014870193893543401,0.0015216544563262683,0.013348539437217134,533.4498806682577,152.23389021479713
A6_w3,A6,manual,matched,True,0.03296910852346606,0.00991691147312641,0.02305219705033965,562.5023866348449,83.92124105011933
A6_w3,A6,manual,matched,True,0.033153881639996476,0.0029251144083461923,0.030228767231650282,632.3854415274463,22.675417661097853
A6_w3,A6,manual,matched,True,0.029913863527608463,0.0006486090107386224,0.02926525451686984,703.8389021479713,72.92840095465394
A6_w3,A6,manual,matched,True,0.02877900215551089,0.0010743884670613446,0.027704613688449547,713.2613365155131,126.3221957040573
A6_w3,A6,manual,matched,True,0.021742773920611615,0.006472801349858305,0.015269972570753309,712.4761336515513,184.4272076372315
A6_w3,A6,manual,matched,True,0.02465856991698766,0.0030576149499146246,0.02160095496707304,628.4594272076372,259.0214797136038
A6_w3,A6,manual,matched,True,0.03704589814042051,0.002897178307235363,0.03414871983318515,593.1252983293556,338.326968973747
A6_w3,A6,manual,matched,True,0.023726690774439018,0.002724378713755399,0.02100231206068362,636.3114558472554,369.7350835322196
A6_w3,A6,manual,matched,True,0.03221905197843329,0.0024767087775366126,0.02974234320089668,674.7863961813842,449.8257756563246
A6_w3,A6,manual,matched,True,0.012578994599623135,0.0010406055600027581,0.011538389039620378,635.5262529832936,486.7303102625299
A6_w3,A6,manual,matched,True,0.027028206217442157,0.004946644894650371,0.022081561322791786,711.6909307875895,365.8090692124105
A6_w3,A6,manual,missed_both,True,0.008107823760949508,0.0038640376330011154,0.004243786127948393,777.6479713603819,354.0310262529833
A6_w3,A6,manual,matched,True,0.04204267245357524,0.004696395466673652,0.03734627698690159,818.4785202863962,305.34844868735087
A6_w3,A6,manual,matched,True,0.039214089786706506,0.010387374895747346,0.02882671489095916,834.9677804295943,273.9403341288783
A6_w3,A6,manual,matched,True,0.034281143351659694,0.0031458706414932186,0.031135272710166476,893.0727923627685,223.6873508353222
A6_w3,A6,manual,matched,True,0.05517346560094269,0.004095627466082894,0.0510778381348598,807.4856801909308,94.91408114558472
A6_w3,A6,manual,matched,True,0.02371995612265777,0.003529842891155354,0.020190113231502417,878.9391408114559,38.37947494033413
A6_w3,A6,manual,matched,True,0.02373318028553223,0.002442441141645289,0.02129073914388694,860.8794749403341,425.4844868735084
A6_w3,A6,manual,missed_both,True,0.015307306886898676,0.005593886675143235,0.00971342021175544,791.7816229116945,515.782816229117
A6_w3,A6,manual,matched,True,0.007854613852734628,0.007248243579446674,0.0006063702732879532,722.6837708830549,521.2792362768497
A6_w3,A6,manual,matched,True,0.016909734039937608,0.003868697749686883,0.013041036290250725,601.7625298329356,607.6515513126492
A6_w3,A6,manual,missed_both,True,0.012296032589062556,0.003779075523324414,0.008516957065738143,689.7052505966587,620.2147971360382
A6_w3,A6,manual,matched,True,0.027570468631631383,0.008233839368092894,0.01933662926353849,739.1730310262529,658.6897374701671
A6_w3,A6,manual,matched,True,0.024245183973604725,0.004672548566723831,0.019572635406880895,752.5214797136039,758.4105011933175
A6_w3,A6,manual,matched,True,0.04351436739871302,0.006968451068347576,0.03654591633036544,883.6503579952267,767.0477326968974
A6_w3,A6,manual,matched,True,0.03382131229222019,0.000842438431206616,0.03297887386101358,807.4856801909308,845.5680190930788
A6_w3,A6,manual,matched,True,0.037268967160029025,0.007147086299914099,0.030121880860114927,753.3066825775657,867.5536992840096
A6_w3,A6,manual,matched,True,0.04561426437784946,0.004276871301613582,0.04133739307623588,828.6861575178998,904.4582338902148
A6_w3,A6,manual,matched,True,0.03254774191697342,0.019384113067383656,0.013163628849589763,501.2565632458234,516.5680190930788
A6_w3,A6,manual,matched,True,0.017237958662056865,0.006045973856728046,0.01119198480532882,547.5835322195704,440.4033412887828
A6_w3,A6,manual,matched,True,0.05729800733529648,0.018896056072519842,0.03840195126277664,396.0393794749404,453.7517899761336
A6_w3,A6,random,random,False,0.002122336559242257,0.004622079723156006,-0.002499743163913749,270.7675563072863,160.6712926174429
A6_w3,A6,random,random,False,0.012629300378077616,0.016279619511149913,-0.003650319133072297,231.70009523984686,145.2816574373523
A6_w3,A6,random,random,False,0.000338513336215781,0.0003869143349209408,-4.840099870515979e-05,610.8024962266711,643.7353505936633
A6_w3,A6,random,random,False,0.02992010716909369,0.026574912444701025,0.003345194724392663,275.7406198578381,106.87257035188469
A6_w3,A6,random,random,False,0.0006121797959070775,0.005497529968607273,-0.004885350172700195,700.3959195172874,521.3353727153958
A6_w3,A6,random,random,False,0.0006782944850619554,0.0002795889271129874,0.000398705557948968,425.8767584704906,224.83088596439617
A6_w3,A6,random,random,False,0.0015040620021339914,0.0006298633153451516,0.0008741986867888397,212.8173600104899,578.309554468391
A6_w3,A6,random,random,False,0.0002696168315715181,0.002038736544860078,-0.0017691197132885597,533.7162514185463,173.1063392047149
A6_w3,A6,random,random,False,0.006608659145967797,0.004271758800555517,0.0023369003454122798,95.35663805353516,677.4461150534372
A6_w3,A6,random,random,False,0.0003852175111978572,0.0028870171746715376,-0.0025017996634736804,383.60892557356686,228.9569667999426
A6_w3,A6,random,random,False,0.00681592969370523,0.007069820783667696,-0.0002538910899624663,47.745823000499435,49.470079551798264
A6_w3,A6,random,random,False,0.005071312725090248,0.004630776063619674,0.0004405366614705737,720.6165339357817,557.149981374459
A6_w3,A6,random,random,False,0.006356033707117109,0.006104956998667689,0.00025107670844942004,432.3144123063591,100.62861478593454
A6_w3,A6,random,random,False,0.00037640817384528344,0.00017492312950151087,0.00020148504434377258,640.61743307207,422.78069080108247
A6_w3,A6,random,random,False,0.00011582212297871073,0.00038632262551534447,-0.00027050050253663374,744.47575464574,98.3306903123324
A6_w3,A6,random,random,False,0.00114106687491206,0.0012995921794023294,-0.00015852530449026944,96.49007826597429,193.32255514973622
A6_w3,A6,random,random,False,0.0021977656194410024,0.0017030915333818097,0.0004946740860591926,713.5143730834153,309.1993281857495
A6_w3,A6,random,random,False,0.020499947538314276,0.0035880590647776826,0.016911888473536592,594.3335394028858,598.1240885888781
A6_w3,A6,random,random,False,0.0052643221931175654,0.004364402544885244,0.000899919648232321,437.91485320685933,642.894968103001
A6_w3,A6,random,random,False,0.0,0.0002768131350360229,-0.0002768131350360229,601.1159631084516,26.21294468619588
A6_w3,A6,random,random,False,0.006450192789651391,0.027789184018234356,-0.021338991228582967,424.82738999681476,425.78772255985916
A6_w3,A6,random,random,False,0.0003714290375213487,0.0010732701235254105,-0.0007018410860040618,858.0027425721141,308.6691088177391
A6_w3,A6,random,random,False,0.0013235300950760775,0.0009418258925147907,0.0003817042025612868,360.10233558585196,498.1408279204551
A6_w3,A6,random,random,False,1.1520551227331057e-05,0.0029570377581979806,-0.0029455172069706493,688.9777434440051,600.1310163599552
A6_w3,A6,random,random,False,0.008705535579825101,0.005240411082217992,0.003465124497607109,4.996631541276022,316.6121495221867
A6_w3,A6,random,random,False,1.692007368787719e-05,0.0030207749980121156,-0.0030038549243242385,39.57644941768799,221.18631183727192
A6_w3,A6,random,random,False,0.02400602105415837,0.010407358519406105,0.013598662534752266,736.6141285165187,656.9663636348785
A6_w3,A6,random,random,False,0.006275256449882459,0.004380705319977603,0.0018945511299048564,407.5881611169905,43.33316655014458
A6_w3,A6,random,random,False,0.002832436294413579,0.005368111915633502,-0.0025356756212199234,709.7889361388301,539.9848436455599
A6_w3,A6,random,random,False,0.005135792190533899,0.004666242766151297,0.00046954942438260164,201.27776728904243,834.7657304367024
A6_w3,A6,random,random,False,0.00027262666837628535,0.0009408849200528019,-0.0006682582516765166,543.0527185506844,405.770415808492
A6_w3,A6,random,random,False,0.00040012760786691984,0.0007994562556865052,-0.00039932864781958537,70.71837255588139,401.7644619937065
A6_w3,A6,random,random,False,1.486478461643214e-06,0.00031574930033907364,-0.0003142628218774304,620.9247986294746,770.5286855314129
A6_w3,A6,random,random,False,2.825704010833365e-05,4.042950322302942e-05,-1.2172463114695767e-05,420.4719276758697,196.22270947223564
A6_w3,A6,random,random,False,8.057044012855904e-05,0.0010436263765681252,-0.0009630559364395662,497.29790342802204,300.4811268024333
A6_w3,A6,random,random,False,0.0021121474748951575,0.000906232802034083,0.0012059146728610744,88.41512574769877,388.40373462118345
A6_w3,A6,random,random,False,0.006901908571438535,0.006277116856734951,0.000624791714703584,588.9695960710651,594.1210444654632
A6_w3,A6,random,random,False,0.00038055991118734654,0.000621196336681362,-0.00024063642549401547,612.3823354578964,473.7134649767148
A6_w3,A6,random,random,False,0.006552163832523451,0.004713528208091788,0.0018386356244316625,687.6206264615192,827.6867220150762
A6_w3,A6,random,random,False,0.011343597799043462,0.009342375886825943,0.0020012219122175195,818.733787855247,316.4583356977956
A6_w3,A6,random,random,False,0.002993926550531221,0.0034241214176708424,-0.00043019486713962145,317.53677562850953,766.2988496935654
A6_w3,A6,random,random,False,1.4338716728147891e-05,0.00016770323639356946,-0.00015336451966542158,579.373452397146,433.52077143979244
A6_w3,A6,random,random,False,3.1252396860474406e-05,5.456383651465644e-05,-2.3311439654182033e-05,464.0954754852711,725.8159437347808
A6_w3,A6,random,random,False,0.00034386891536294814,0.005429267837024409,-0.00508539892166146,380.4074529848968,467.80982288098625
A6_w3,A6,random,random,False,0.0003045494985104815,0.0006305871104688879,-0.00032603761195840636,566.1021509114823,525.7702235877902
A6_w3,A6,random,random,False,0.00017584517631631942,0.001129352192197358,-0.0009535070158810386,773.6963514375699,706.6176518193099
A6_w3,A6,random,random,False,0.00042184891686772454,0.004139789574388595,-0.003717940657520871,310.03667118242606,828.1436292010497
A6_w3,A6,random,random,False,0.010762913594872546,0.003933437128350893,0.006829476466521653,324.0067748901945,814.0193743436013
A6_w3,A6,random,random,False,0.0010307537553026337,0.006685723288736756,-0.0056549695334341225,75.31435530887371,860.3618765928904
A6_w3,A6,random,random,False,0.0007171662515382807,0.0009168821838024751,-0.00019971593226419438,282.65012780522824,789.6306123267227
A6_w3,A6,random,random,False,0.01038325517577204,0.004541006572716433,0.005842248603055608,377.65129477212975,861.2357997121205
A6_w3,A6,random,random,False,0.014217131618149668,0.004772311160303849,0.00944482045784582,266.33263959273665,487.4415589697361
A6_w3,A6,random,random,False,0.0071317609315300935,0.004852517902514681,0.0022792430290154127,76.33001167949439,280.28046784631033
A6_w3,A6,random,random,False,0.00029019700277239143,0.00065548270645941,-0.0003652857036870186,664.84338426588,587.501761105071
A6_w3,A6,random,random,False,2.0546381107129046e-05,6.411384785375894e-05,-4.356746674662989e-05,586.1063251131054,798.3216795020328
A6_w3,A6,random,random,False,0.00020746056408413042,0.00043985713114371957,-0.00023239656705958915,29.705396768685183,209.37648214399871
A6_w3,A6,random,random,False,0.008360649426043977,0.007809423620102045,0.0005512258059419328,230.51463671071883,357.00961569821925
A6_w3,A6,random,random,False,0.0004847522866938018,0.000269847444289374,0.00021490484240442782,781.3631062581318,271.408866871745
A6_w3,A6,random,random,False,0.00036515147101835656,0.0008248750465542789,-0.0004597235755359223,253.64177671235328,534.3750028459685
A6_w3,A6,random,random,False,0.009439660464935114,0.0071841059346763715,0.002255554530258742,228.33534865665928,685.9671434731368
A6_w3,A6,random,random,False,0.006420387168951268,0.0052393264485612314,0.001181060720390037,330.18363299748717,786.3727537748862
A6_w3,A6,random,random,False,0.0006322315611762423,0.0006953946566882498,-6.316309551200746e-05,308.40839693181687,361.1522381042753
A6_w4,A6,manual,matched,True,0.015815619665447023,0.0025347769741206113,0.013280842691326412,19.927207637231504,393.291169451074
A6_w4,A6,manual,matched,True,0.02860968955833702,0.007882386197059773,0.020727303361277247,18.35680190930788,50.15751789976133
A6_w4,A6,manual,matched,True,0.022451286425256085,0.010904898081324887,0.011546388343931197,250.7768496420048,39.16467780429595
A6_w4,A6,manual,matched,True,0.02379245094094101,0.00887031712278109,0.014922133818159919,245.2804295942721,159.30071599045343
A6_w4,A6,manual,matched,True,0.020011667310487338,0.003477290306475473,0.016534377004011863,230.3615751789976,237.03579952267305
A6_w4,A6,manual,matched,True,0.012798340027575699,0.0009338934912131393,0.01186444653636256,259.4140811455847,285.7183770883055
A6_w4,A6,manual,matched,True,0.009051198914128556,0.003194316266222903,0.005856882647905653,323.01551312649167,270.0143198090692
A6_w4,A6,manual,matched,True,0.008691058746801006,0.004278102998087554,0.004412955748713452,302.6002386634845,391.7207637231504
A6_w4,A6,manual,missed_both,True,0.017153440720197304,0.0018461698770450364,0.015307270843152268,328.51193317422434,423.9140811455848
A6_w4,A6,manual,matched,True,0.027856228732998308,0.014350211108704167,0.013506017624294141,169.90095465393796,369.7350835322196
A6_w4,A6,manual,matched,True,0.02540461482283521,0.010601801998524726,0.014802812824310483,266.48090692124106,530.7016706443915
A6_w4,A6,manual,matched,True,0.03303328599612569,0.005367358256002915,0.027665927740122775,116.5071599045346,547.1909307875895
A6_w4,A6,manual,matched,True,0.03142416669752665,0.013087346176075916,0.018336820521450733,52.120525059665866,605.2959427207637
A6_w4,A6,manual,matched,True,0.01879277761814448,0.0030992128960708383,0.01569356472207364,16.001193317422434,583.3102625298329
A6_w4,A6,manual,matched,True,0.021426304412883745,0.01213379894448632,0.009292505468397425,48.979713603818624,691.6682577565632
A6_w4,A6,manual,matched,True,0.028880298477844818,0.012593320798625286,0.016286977679219532,165.9749403341289,705.0167064439141
A6_w4,A6,manual,matched,True,0.01597629388989656,0.009657963754770137,0.006318330135126421,181.6789976133652,812.5894988066826
A6_w4,A6,manual,matched,True,0.04740073747181159,0.006180406938717238,0.04122033053309435,109.44033412887828,899.7470167064439
A6_w4,A6,manual,matched,True,0.02076323053550818,0.005635359204164885,0.015127871331343294,127.5,884.0429594272076
A6_w4,A6,manual,matched,True,0.029758786411254734,0.010826282813317429,0.018932503597937307,250.7768496420048,760.7661097852028
A6_w4,A6,manual,missed_both,True,0.01301739656920962,0.004161094201148804,0.008856302368060814,262.554892601432,659.4749403341289
A6_w4,A6,manual,matched,True,0.011625688507764853,0.00200330541176144,0.009622383096003414,323.01551312649167,612.36276849642
A6_w4,A6,manual,matched,True,0.05165357990807489,0.002798545136351285,0.04885503477172361,370.12768496420045,853.420047732697
A6_w4,A6,manual,matched,True,0.02046554751745789,0.003292202702267286,0.017173344815190603,386.6169451073986,871.4797136038186
A6_w4,A6,manual,missed_both,False,0.007812360710112635,0.005270441852283482,0.002541918857829153,425.8770883054893,691.6682577565632
A6_w4,A6,manual,missed_both,False,0.014477209833315262,0.004906449781792754,0.009570760051522508,414.8842482100239,679.1050119331742
A6_w4,A6,manual,missed_both,False,0.00788156740037687,0.0015866837623940645,0.006294883637982805,391.3281622911695,597.4439140811456
A6_w4,A6,manual,matched,True,0.019600043577149867,0.004123823355404453,0.015476220221745414,340.2899761336516,550.3317422434368
A6_w4,A6,manual,missed_both,False,0.013372651107571932,0.0032689283528613954,0.010103722754710536,440.01073985680193,536.983293556086
A6_w4,A6,manual,matched,True,0.009786696369632203,0.0020867121527470573,0.007699984216885145,446.2923627684965,503.219570405728
A6_w4,A6,manual,matched,True,0.01563179882899899,0.0026579440980067075,0.012973854730992282,510.67899761336514,540.1241050119332
A6_w4,A6,manual,matched,True,0.0233888662850433,0.005827262080361045,0.017561604204682255,543.6575178997614,626.4964200477327
A6_w4,A6,manual,matched,True,0.02060726686447462,0.006619431377814341,0.013987835486660279,571.1396181384248,668.8973747016706
A6_w4,A6,manual,missed_both,False,0.005492169321886428,0.0007700324408454158,0.004722136881041012,616.6813842482101,717.5799522673032
A6_w4,A6,manual,matched,True,0.022660350160261043,0.003796212733483543,0.0188641374267775,669.2899761336515,756.054892601432
A6_w4,A6,manual,matched,True,0.0174589873767724,0.00332238648549664,0.01413660089127576,652.8007159904535,673.6085918854416
A6_w4,A6,manual,matched,True,0.015737691552541816,0.015023139228326942,0.0007145523242148739,776.0775656324582,736.4248210023867
A6_w4,A6,manual,matched,True,0.024097164683829872,0.009734346735752825,0.014362817948077047,841.2494033412888,703.4463007159904
A6_w4,A6,manual,matched,True,0.020594760185907158,0.008956656934840233,0.011638103251066925,901.7100238663484,693.2386634844869
A6_w4,A6,manual,matched,True,0.022366464857665806,0.002792858167963594,0.019573606689702212,750.9510739856802,654.763723150358
A6_w4,A6,manual,matched,True,0.03048813003001723,0.0019243488564365356,0.028563781173580695,783.9295942720764,579.3842482100239
A6_w4,A6,manual,matched,True,0.04271274235837113,0.0033574617604778785,0.03935528059789325,791.7816229116945,544.8353221957041
A6_w4,A6,manual,matched,True,0.027104364487726237,0.002609860890486299,0.02449450359723994,767.4403341288782,527.5608591885442
A6_w4,A6,manual,matched,True,0.00794107647003506,0.0022500822129462687,0.005690994257088791,725.0393794749403,558.9689737470167
A6_w4,A6,manual,matched,True,0.029195123984151028,0.0036188407225224892,0.02557628326162854,656.7267303102625,553.472553699284
A6_w4,A6,manual,matched,True,0.02978036938694994,0.007599213836823165,0.02218115555012677,593.9105011933175,573.8878281622912
A6_w4,A6,manual,matched,True,0.015148981569098168,0.0015607493912905943,0.013588232177807575,688.920047732697,515.782816229117
A6_w4,A6,manual,matched,True,0.021791556140888974,0.006948137866550306,0.014843418274338667,593.1252983293556,588.8066825775657
A6_w4,A6,manual,matched,True,0.015508610260725074,0.0029654646214073324,0.012543145639317741,736.0322195704057,438.8329355608592
A6_w4,A6,manual,matched,True,0.017286620388818598,0.004702762628667413,0.012583857760151185,704.6241050119332,372.8758949880668
A6_w4,A6,manual,matched,True,0.02382931570309758,0.004179410264055617,0.019649905439041965,879.7243436754177,443.5441527446301
A6_w4,A6,manual,missed_both,False,0.005400215722544518,0.002737124842345929,0.002663090880198589,889.9319809069212,473.381861575179
A6_w4,A6,manual,matched,True,0.016225949927709284,0.004878954760782534,0.01134699516692675,755.6622911694511,259.0214797136038
A6_w4,A6,manual,matched,True,0.02649949991709319,0.003540584471823534,0.022958915445269654,851.4570405727924,196.99045346062053
A6_w4,A6,manual,matched,True,0.023443547143700567,0.0033989656188732537,0.020044581524827312,685.7792362768497,92.55847255369927
A6_w4,A6,manual,matched,True,0.023050579008413393,0.00853931354666377,0.014511265461749624,551.5095465393795,152.23389021479713
A6_w4,A6,manual,matched,True,0.02105168512709675,0.004668141527873747,0.016383543599223005,462.7816229116945,131.03341288782818
A6_w4,A6,manual,matched,True,0.03702014099583989,0.002002525663162338,0.035017615332677554,516.9606205250597,56.43914081145584
A6_w4,A6,manual,matched,True,0.004800739248186793,0.003184626056467651,0.001616113191719142,542.0871121718377,222.9021479713604
A6_w4,A6,manual,missed_both,False,0.01134473780555385,0.003668700550403271,0.007676037255150579,535.8054892601432,197.77565632458237
A6_w4,A6,manual,matched,True,0.019475720698776636,0.004253797920413184,0.015221922778363452,559.3615751789977,299.85202863961814
A6_w4,A6,manual,matched,True,0.021103966542975645,0.007798339785313306,0.01330562675766234,580.5620525059666,357.9570405727924
A6_w4,A6,manual,matched,True,0.03138497862005122,0.007658029536384916,0.023726949083666304,545.227923627685,372.090692124105
A6_w4,A6,manual,matched,True,0.017574079194420188,0.00704745720976397,0.010526621984656218,500.4713603818616,346.964200477327
A6_w4,A6,manual,matched,True,0.012539182383068628,0.004922858606866041,0.007616323776202587,462.7816229116945,380.72792362768496
A6_w4,A6,manual,missed_both,True,0.007514322961908455,0.00489048622109271,0.0026238367408157447,424.30668257756565,300.63723150358
A6_w4,A6,manual,matched,True,0.030184087609027865,0.010337667504404093,0.01984642010462377,99.2326968973747,351.67541766109787
A6_w4,A6,manual,missed_both,False,0.012876842112974535,0.0055154126564417325,0.007361429456532803,410.9582338902148,36.809069212410506
A6_w4,A6,manual,matched,True,0.025179857953074664,0.003928160344858425,0.02125169760821624,271.9773269689737,14.823389021479713
A6_w4,A6,random,random,False,4.5211815982134154e-05,0.004361978470264799,-0.004316766654282665,279.6797243158273,543.3077126826358
A6_w4,A6,random,random,False,0.002315641531835201,0.010917030836696092,-0.008601389304860891,910.8009758792559,341.60762076785227
A6_w4,A6,random,random,False,0.00037848533380022923,0.0009278628776574641,-0.0005493775438572348,862.854015718353,551.5798720584844
A6_w4,A6,random,random,False,0.0033565391589945267,0.007506116079965103,-0.004149576920970576,148.04873560271133,557.862195516357
A6_w4,A6,random,random,False,0.0013192199032740458,0.0013764922290875913,-5.727232581354555e-05,254.78895632745883,136.2852977731436
A6_w4,A6,random,random,False,0.00017762203030783166,0.0004694666589885389,-0.00029184462868070724,37.43570854712244,459.3150215601829
A6_w4,A6,random,random,False,0.0026315064257187845,0.0024638754319208337,0.00016763099379795083,22.39902430837177,373.4786997435072
A6_w4,A6,random,random,False,0.006246472100615114,0.003735554201767408,0.0025109178988477056,48.001215805389904,181.7922601891829
A6_w4,A6,random,random,False,8.37708016479693e-05,0.001033682342891452,-0.0009499115412434827,558.4641652668269,53.57959443437207
A6_w4,A6,random,random,False,0.005397244862980746,0.011103009029395951,-0.005705764166415206,230.55808307412056,743.7098026466577
A6_w4,A6,random,random,False,5.5454639215609556e-05,0.00016160098473571408,-0.00010614634552010452,300.9382175115572,902.0227988753004
A6_w4,A6,random,random,False,0.00037828614777134993,0.0005528200879331798,-0.0001745339401618299,339.8423594616178,741.2992626231575
A6_w4,A6,random,random,False,0.0010798532238360812,0.0046668724382468284,-0.0035870192144107473,406.75303733149696,665.6083869307739
A6_w4,A6,random,random,False,0.0,0.00026846209230192686,-0.00026846209230192686,251.12364542722244,827.865215166014
A6_w4,A6,random,random,False,0.001150874236361849,0.002023316167859216,-0.0008724419314973669,307.3360734330667,831.7540758319635
A6_w4,A6,random,random,False,0.0013938459332790707,0.0010997787877079957,0.000294067145571075,570.4843636943916,243.19956637837555
A6_w4,A6,random,random,False,6.451875848324323e-05,0.0004970160811573744,-0.0004324973226741312,761.5227197615634,177.39518457960165
A6_w4,A6,random,random,False,0.037560226123767644,0.02705407025598591,0.010506155867781735,859.0945494198403,281.26696025848
A6_w4,A6,random,random,False,0.00014067972899446345,0.0008873638067839575,-0.0007466840777894941,567.6125871780957,266.279339275035
A6_w4,A6,random,random,False,0.012072245179519587,0.00449273395226109,0.007579511227258497,660.1531224430462,566.9506393337713
A6_w4,A6,random,random,False,0.0017793907433497618,0.0030958876608587647,-0.001316496917509003,65.79489595369823,355.2069063687523
A6_w4,A6,random,random,False,0.016892438816123123,0.019556638484212876,-0.0026641996680897527,121.12248743774744,273.1352486284547
A6_w4,A6,random,random,False,3.1836569185441006e-05,0.0005194609866204013,-0.0004876244174349603,182.35538502671588,77.08783079203285
A6_w4,A6,random,random,False,0.00011294877217647232,0.0006178192561592736,-0.0005048704839828012,509.8192687627125,497.8577005020302
A6_w4,A6,random,random,False,0.0007001477352049566,0.0010931500038283502,-0.00039300226862339354,243.8228634920279,790.8928030088372
A6_w4,A6,random,random,False,0.0005055282621286612,0.0014849502419482749,-0.0009794219798196137,128.60622237868412,383.46167397077727
A6_w4,A6,random,random,False,0.0006412397204270574,0.0022644965243419366,-0.0016232568039148791,444.0207029862527,284.54664271744656
A6_w4,A6,random,random,False,0.0008882460538761914,0.0011886126516398757,-0.0003003665977636843,76.52657638601113,817.0865594537739
A6_w4,A6,random,random,False,9.283331978503722e-05,0.0009061089523542268,-0.0008132756325691895,159.55628629195155,176.50254445049666
A6_w4,A6,random,random,False,0.0003332013187475903,0.0007574599677467849,-0.00042425864899919456,735.7933873651692,133.10570012283648
A6_w4,A6,random,random,False,0.0001352632745535178,0.00040568266216873557,-0.00027041938761521774,361.9333972094572,20.12697116915492
A6_w4,A6,random,random,False,0.0024958245984702714,0.002332580997540894,0.00016324360092937742,152.03849416837792,121.16776294226179
A6_w4,A6,random,random,False,0.001499991605974278,0.0026181214885300196,-0.0011181298825557416,311.26346339946025,256.26123065124733
A6_w4,A6,random,random,False,0.0004969087716426848,0.0005664403735732743,-6.953160193058953e-05,273.6705077566092,792.4325731396607
A6_w4,A6,random,random,False,0.010278396404391689,0.012907832196011083,-0.0026294357916193944,203.5807044994567,492.94097790228403
A6_w4,A6,random,random,False,0.0013933693969500303,0.005285940057234016,-0.003892570660283986,356.7101814638902,545.0748238482348
A6_w4,A6,random,random,False,0.00022833493742597196,0.002901940342653241,-0.0026736054052272687,360.95167305930016,558.9778186463058
A6_w4,A6,random,random,False,0.00030642289584144756,0.0005133484455460509,-0.0002069255497046033,343.7410043746668,456.25130163960284
A6_w4,A6,random,random,False,0.0007166027081865359,0.0008818990821250776,-0.0001652963739385417,680.474359326062,690.9398025450281
A6_w4,A6,random,random,False,2.6082908348017133e-05,0.0003535843994445065,-0.0003275014910964894,807.9147987772919,102.63787658398931
A6_w4,A6,random,random,False,0.0008172884518962885,0.00042971213245080863,0.0003875763194454799,83.08107401017195,669.1357684074087
A6_w4,A6,random,random,False,0.000884619587559016,0.0019491754695211694,-0.0010645558819621535,211.21142147436754,555.4971884642956
A6_w4,A6,random,random,False,0.00011803463383152301,0.0005309018602607733,-0.00041286722642925027,456.8379838771117,641.8765463123449
A6_w4,A6,random,random,False,0.0007447642071358288,0.0008697316018008049,-0.00012496739466497618,544.8471891106624,514.8983765138171
A6_w4,A6,random,random,False,2.4176277352087413e-05,0.00014057508943448387,-0.00011639881208239645,233.24013205192557,679.3453452600061
A6_w4,A6,random,random,False,0.0006724338803617452,0.00595298140163745,-0.005280547521275705,564.2899537588302,381.35072656687623
A6_w4,A6,random,random,False,0.0003228349668976398,0.0008052962098273206,-0.0004824612429296808,568.8138001616509,131.76963513080779
A6_w4,A6,random,random,False,0.0008718588434946132,0.00042026752908758315,0.0004515913144070301,496.0629027776355,283.46479045045663
A6_w4,A6,random,random,False,0.00010647804531012464,0.0004141469652877004,-0.00030766891997757576,757.6483968230312,354.79886521698626
A6_w4,A6,random,random,False,0.0004936882563583207,0.00018075450668495353,0.00031293374967336716,267.98144117547093,844.7891373739915
A6_w4,A6,random,random,False,0.0010556919459575884,0.0011610562981081113,-0.00010536435215052287,19.63672284258983,531.7898577091044
A6_w4,A6,random,random,False,0.0010601391335336122,0.00034237622828858387,0.0007177629052450283,277.6489373707725,806.1452862717409
A6_w4,A6,random,random,False,0.00011443680145442358,0.001394980160022373,-0.0012805433585679495,428.87585507088977,26.078791328379396
A6_w4,A6,random,random,False,0.0011007366086482674,0.0007150819069688003,0.00038565470167946706,315.19953287986925,670.7374824743766
A6_w4,A6,random,random,False,0.0033195955769048475,0.000939723060860895,0.0023798725160439523,575.115621669447,604.0253432320001
A6_w4,A6,random,random,False,0.0008474535183072806,0.00041993588363283733,0.0004275176346744433,39.188403063038365,429.01120185629816
A6_w4,A6,random,random,False,0.0008677697433457117,0.00197980960500055,-0.0011120398616548382,201.35235325652263,117.08759889265002
A6_w4,A6,random,random,False,0.0004199759242422401,0.003250519188087826,-0.002830543263845586,551.3619795974217,470.4394889779837
A6_w4,A6,random,random,False,0.0003351741470400846,0.000550716958003486,-0.00021554281096340146,176.31753268795086,866.5573777551365
A6_w4,A6,random,random,False,0.010503717827290943,0.008743742044754019,0.0017599757825369246,656.3795865120359,810.5093159203082
A6_w4,A6,random,random,False,0.004650967443348232,0.005174954462517519,-0.0005239870191692869,346.18146725118015,707.2392407762778
A6_w4,A6,random,random,False,0.0003609828749266335,0.0012768683223629335,-0.0009158854474363,600.6836691389166,608.4414180376617
A6_w4,A6,random,random,False,0.003413039083732788,0.0012758382758349723,0.002137200807897816,122.45005548949383,794.0632615376303
A6_w4,A6,random,random,False,0.0001284949195306217,0.00026129114355532824,-0.00013279622402470655,554.4009583825464,745.1106347433623
A6_w4,A6,random,random,False,0.00029105858180851805,0.0012770280944124966,-0.0009859695126039785,404.42145888165203,533.7744750454466
A6_w4,A6,random,random,False,0.00021227393480055136,0.00039554321876965153,-0.00018326928396910017,426.90618683561377,119.03708701323708
A6_w4,A6,random,random,False,9.800955551679694e-05,0.00037159810671095794,-0.000273588551194161,482.8162514562238,199.13445901095255
A6_w4,A6,random,random,False,0.00037142865845126783,0.0002846131112461327,8.681554720513511e-05,746.3745706065644,565.2675552275648
A6_w4,A6,random,random,False,0.004504618236342505,0.010432518106560762,-0.005927899870218257,618.2957187202536,829.0582759369582
