win_id,archetype,kind,cls,matched_any3,od_in,od_ring,od_contrast,x,y
A1_w1,A1,manual,matched,True,0.059844436146891604,0.013615624290040497,0.046228811856851106,8.224765868886578,334.39125910509887
A1_w1,A1,manual,matched,True,0.03898894418273201,0.015897426796590113,0.023091517386141895,15.990634755463065,353.1207075962539
A1_w1,A1,manual,matched,True,0.05412157947233824,0.022603627570209627,0.03151795190212861,28.324661810613943,327.5390218522373
A1_w1,A1,manual,matched,True,0.06258736538419339,0.02670138270244204,0.03588598268175135,43.39958376690947,324.3413111342352
A1_w1,A1,manual,matched,True,0.0307632693637008,0.01834045140196649,0.012422817961734313,45.68366285119667,351.29344432882414
A1_w1,A1,manual,matched,True,0.04497805098271014,0.03191615514971926,0.013061895832990882,56.64724245577524,325.25494276795007
A1_w1,A1,manual,matched,True,0.04415561425074283,0.027735832877171282,0.01641978137357155,70.80853277835588,315.6618106139438
A1_w1,A1,manual,matched,True,0.04826804998411973,0.02792051452313213,0.020347535460987602,81.31529656607701,319.7731529656608
A1_w1,A1,manual,matched,True,0.04334639842879136,0.02605618008397555,0.017290218344815807,95.01977107180022,321.1436004162331
A1_w1,A1,manual,matched,True,0.06207287617718648,0.026428603551113865,0.035644272626072615,124.2559833506764,310.1800208116545
A1_w1,A1,manual,matched,True,0.04052872940327885,0.032706946649016265,0.007821782754262582,137.50364203954214,311.55046826222684
A1_w1,A1,manual,matched,True,0.05759194496009966,0.02900624498481992,0.028585699975279738,149.83766909469304,302.8709677419355
A1_w1,A1,manual,matched,True,0.04382839599816226,0.037577694773246975,0.006250701224915285,164.91259105098857,301.9573361082206
A1_w1,A1,manual,matched,True,0.05744510860320192,0.007625936348557888,0.04981917225464403,150.75130072840793,358.1456815816858
A1_w1,A1,manual,matched,True,0.052874662899693635,0.015329122855476936,0.0375455400442167,178.16024973985432,349.4661810613944
A1_w1,A1,manual,matched,True,0.062386431705334464,0.028134677117673257,0.03425175458766121,194.14880332986476,343.9843912591051
A1_w1,A1,manual,matched,True,0.0389189811148063,0.038055717953641086,0.0008632631611652161,206.4828303850156,343.0707596253902
A1_w1,A1,manual,matched,True,0.05456975433081101,0.04485767689845805,0.009712077432352959,205.56919875130075,355.4047866805411
A1_w1,A1,manual,missed_both,False,0.052216470361040275,0.03218432919220292,0.020032141168837357,225.21227887617067,343.0707596253902
A1_w1,A1,manual,matched,True,0.03970195381705171,0.020851655052980124,0.018850298764071585,250.33714880332985,352.207075962539
A1_w1,A1,manual,matched,True,0.04442633844770331,0.02114455034100479,0.02328178810669852,276.375650364204,328.9094693028096
A1_w1,A1,manual,matched,True,0.04884913281991734,0.016642662655894914,0.03220647016402242,275.4620187304891,313.83454734651406
A1_w1,A1,manual,matched,True,0.07408082266876856,0.024498860850621904,0.049581961818146655,306.0686784599376,311.55046826222684
A1_w1,A1,manual,matched,True,0.04129973893956307,0.0285743468286415,0.012725392110921569,312.0072840790843,328.45265348595217
A1_w1,A1,manual,matched,True,0.04107511889765085,0.013650263061599312,0.02742485583605154,291.9073881373569,341.24349635796045
A1_w1,A1,manual,missed_both,False,0.0334280941088327,0.015060202679662963,0.018367891429169735,305.1550468262227,341.24349635796045
A1_w1,A1,manual,matched,True,0.023850969967916982,0.014492975125593189,0.009357994842323794,332.5639958376691,333.9344432882414
A1_w1,A1,manual,matched,True,0.05176402039331151,0.035764926738347025,0.015999093654964484,349.009365244537,313.3777315296566
A1_w1,A1,manual,matched,True,0.04381340731296237,0.033568108210381725,0.010245299102580645,326.6253902185224,302.41415192507804
A1_w1,A1,manual,matched,True,0.0550847473400365,0.024681653837926455,0.030403093502110047,361.3433922996878,218.36004162330903
A1_w1,A1,manual,matched,True,0.07076659835941347,0.03588444680006953,0.03488215155934394,359.5161290322581,249.8803329864724
A1_w1,A1,manual,matched,True,0.05724608047829156,0.03608452533971785,0.021161555138573707,177.70343392299688,300.13007284079083
A1_w1,A1,manual,matched,True,0.05793194332951951,0.02985126567009733,0.02808067765942218,191.4079084287201,300.13007284079083
A1_w1,A1,manual,matched,True,0.05985543692296537,0.03689077102904075,0.022964665893924617,221.1009365244537,300.13007284079083
A1_w1,A1,manual,matched,True,0.053481874204621964,0.039255452420218946,0.014226421784403018,238.9167533818939,291.4505723204995
A1_w1,A1,manual,matched,True,0.03260784120203737,0.02266543656831544,0.009942404633721931,243.02809573361083,311.55046826222684
A1_w1,A1,manual,matched,True,0.044740317944897676,0.029364012280596322,0.015376305664301353,255.8189386056192,290.99375650364203
A1_w1,A1,manual,matched,True,0.05624405581256777,0.03494236842615223,0.021301687386415538,256.2757544224766,254.90530697190428
A1_w1,A1,manual,matched,True,0.04946630474742084,0.03326256552677746,0.01620373922064338,254.44849115504684,206.4828303850156
A1_w1,A1,manual,matched,True,0.06132333963809862,0.04362510883853428,0.01769823079956434,252.1644120707596,191.4079084287201
A1_w1,A1,manual,matched,True,0.057801737580461164,0.04836164078314744,0.009440096797313724,246.22580645161293,175.87617065556714
A1_w1,A1,manual,missed_both,False,0.027613044830017523,0.03874432350140764,-0.011131278671390119,264.955254942768,177.70343392299688
A1_w1,A1,manual,missed_both,False,0.024683377265506342,0.02523165667796828,-0.0005482794124619383,275.00520291363165,194.60561914672215
A1_w1,A1,manual,matched,True,0.05312048124386512,0.0409742685387205,0.01214621270514462,230.69406867845996,163.0853277835588
A1_w1,A1,manual,matched,True,0.05523032700670343,0.041483766352117826,0.013746560654585606,233.89177939646203,186.38293444328824
A1_w1,A1,manual,missed_both,False,0.04340972519034383,0.02401338484193081,0.01939634034841302,238.45993756503643,148.92403746097816
A1_w1,A1,manual,matched,True,0.06514784151644393,0.03618318776443383,0.0289646537520101,208.31009365244535,168.56711758584808
A1_w1,A1,manual,matched,True,0.06616174086540011,0.03123464803052048,0.03492709283487963,206.0260145681582,154.40582726326744
A1_w1,A1,manual,matched,True,0.04624279362964862,0.027613280597243058,0.018629513032405565,176.789802289282,163.0853277835588
A1_w1,A1,manual,matched,True,0.03610076454236084,0.034769229933447075,0.001331534608913762,160.8012486992716,163.0853277835588
A1_w1,A1,manual,matched,True,0.052062675360098835,0.028435101331302295,0.02362757402879654,153.0353798126951,186.38293444328824
A1_w1,A1,manual,matched,True,0.05410118039515346,0.03572136680243928,0.018379813592714178,136.13319458896984,178.16024973985432
A1_w1,A1,manual,matched,True,0.05940387126612535,0.0297795804484521,0.02962429081767325,128.8241415192508,179.0738813735692
A1_w1,A1,manual,matched,True,0.044260237740889656,0.023776332731097714,0.02048390500979194,119.687825182102,159.43080124869928
A1_w1,A1,manual,matched,True,0.05312364181432771,0.02702755375545045,0.026096088058877257,105.9833506763788,174.5057232049948
A1_w1,A1,manual,matched,True,0.062025744214350996,0.027615939725599115,0.03440980448875188,90.90842872008324,186.83975026014568
A1_w1,A1,manual,matched,True,0.042932004967645626,0.02952050505310113,0.013411499914544496,76.74713839750261,177.70343392299688
A1_w1,A1,manual,matched,True,0.035681053100238364,0.02335303970789088,0.012328013392347483,60.30176899063476,184.09885535900105
A1_w1,A1,manual,matched,True,0.052125161482241264,0.02280390571034527,0.029321255771895992,55.276795005202914,173.13527575442248
A1_w1,A1,manual,matched,True,0.050332906573618205,0.026285521938636494,0.02404738463498171,20.558792924037466,185.9261186264308
A1_w1,A1,manual,matched,True,0.054268455813566284,0.029577252911148662,0.024691202902417622,5.0270551508845,189.1238293444329
A1_w1,A1,manual,matched,True,0.04045650953849543,0.014718131146251878,0.025738378392243553,24.213319458896983,165.82622268470345
A1_w1,A1,manual,matched,True,0.04503969260876367,0.019329603505513264,0.025710089103250407,29.69510926118626,140.70135275754424
A1_w1,A1,manual,matched,True,0.07039806233943337,0.018629268241905632,0.051768794097527736,44.31321540062436,136.59001040582726
A1_w1,A1,manual,matched,True,0.0389655366843835,0.01398233015006868,0.024983206534314822,102.32882414151923,148.01040582726327
A1_w1,A1,manual,matched,True,0.04126798858686261,0.01612914664199745,0.025138841944865164,162.1716961498439,143.44224765868887
A1_w1,A1,manual,matched,True,0.03478715654224897,0.021160246452035927,0.013626910090213041,286.8824141519251,162.62851196670135
A1_w1,A1,manual,matched,True,0.038584747860201225,0.015152039288768515,0.02343270857143271,299.216441207076,193.6919875130073
A1_w1,A1,manual,matched,True,0.036736645003869445,0.025606778370366203,0.011129866633503242,311.0936524453694,174.96253902185225
A1_w1,A1,manual,matched,True,0.04592195664203033,0.03284575801779757,0.01307619862423276,318.4027055150885,163.0853277835588
A1_w1,A1,manual,matched,True,0.03581444678785225,0.03146043258456915,0.004354014203283102,328.45265348595217,150.29448491155048
A1_w1,A1,manual,matched,True,0.05004006557366773,0.031773493018873965,0.018266572554793768,312.0072840790843,148.92403746097816
A1_w1,A1,manual,matched,True,0.03321085207332423,0.02035031450513663,0.012860537568187596,300.13007284079083,132.93548387096774
A1_w1,A1,manual,matched,True,0.042731888727816275,0.026989012241097912,0.015742876486718363,321.6004162330905,131.56503642039542
A1_w1,A1,manual,matched,True,0.044975244221518614,0.021148408807851564,0.02382683541366705,275.4620187304891,133.84911550468263
A1_w1,A1,manual,missed_both,False,0.04005407275278578,0.02465496897709626,0.01539910377568952,331.1935483870968,121.05827263267432
A1_w1,A1,manual,missed_both,False,0.03329234333690039,0.026719070384420673,0.006573272952479718,339.8730489073881,144.35587929240376
A1_w1,A1,manual,missed_both,False,0.044935019607873265,0.019337819164841334,0.02559720044303193,347.63891779396465,122.42872008324662
A1_w1,A1,manual,matched,True,0.01872699769475793,0.014095091033780352,0.004631906660977578,349.9229968782518,169.9375650364204
A1_w1,A1,manual,missed_both,False,0.026362730223488708,0.016539296507172743,0.009823433716315964,354.0343392299688,156.2330905306972
A1_w1,A1,manual,missed_both,False,0.019760683617697738,0.0161466564259733,0.0036140271917244372,342.6139438085328,199.17377731529655
A1_w1,A1,manual,matched,True,0.042754150411483505,0.025943271427321186,0.01681087898416232,343.0707596253902,222.92819979188343
A1_w1,A1,manual,matched,True,0.02672470346216826,0.02094777896675529,0.00577692449541297,321.1436004162331,225.21227887617067
A1_w1,A1,manual,matched,True,0.022649541191855433,0.013803138954200427,0.008846402237655007,301.0437044745057,217.9032258064516
A1_w1,A1,manual,missed_both,False,0.016579050673518416,0.02025187742726861,-0.0036728267537501948,306.52549427679503,246.22580645161293
A1_w1,A1,manual,matched,True,0.0390386657524098,0.028384540480124645,0.010654125272285157,324.3413111342352,252.1644120707596
A1_w1,A1,manual,matched,True,0.03736994274485644,0.035799399609333926,0.0015705431355225105,341.7003121748179,240.7440166493236
A1_w1,A1,manual,missed_both,False,0.05042211320950707,0.03924479751363499,0.011177315695872082,342.6139438085328,258.5598335067638
A1_w1,A1,manual,matched,True,0.02174181615150057,0.027413313910779554,-0.0056714977592789845,305.1550468262227,291.4505723204995
A1_w1,A1,manual,matched,True,0.06297376498105937,0.02910304988675814,0.03387071509430123,253.53485952133195,233.89177939646203
A1_w1,A1,manual,matched,True,0.04177557524013372,0.017897021303836462,0.02387855393629726,265.86888657648285,120.14464099895945
A1_w1,A1,manual,matched,True,0.0313906266080928,0.02537904240237723,0.006011584205715573,246.22580645161293,108.72424557752342
A1_w1,A1,manual,matched,True,0.058330393283933246,0.02032981785766052,0.03800057542627273,217.44640998959417,111.92195629552548
A1_w1,A1,manual,matched,True,0.03393000496162656,0.027032249053855987,0.006897755907770576,210.13735691987517,100.95837669094696
A1_w1,A1,manual,matched,True,0.03649704073241213,0.016004762974182046,0.020492277758230086,251.70759625390215,96.84703433922996
A1_w1,A1,manual,matched,True,0.04930995366855022,0.012144763015786757,0.03716519065276346,280.4869927159209,88.62434963579605
A1_w1,A1,manual,matched,True,0.04416750779262697,0.014852494327391913,0.02931501346523506,305.61186264308014,92.27887617065556
A1_w1,A1,manual,matched,True,0.03905078241459558,0.01510720910396735,0.023943573310628227,316.11862643080127,105.0697190426639
A1_w1,A1,manual,matched,True,0.023013828707514325,0.02452865969649141,-0.001514830988977086,194.14880332986476,75.37669094693028
A1_w1,A1,manual,matched,True,0.03982583270329917,0.028241213240113253,0.011584619463185914,177.70343392299688,94.10613943808534
A1_w1,A1,manual,matched,True,0.03842820587724731,0.022184506412108975,0.016243699465138334,159.43080124869928,108.72424557752342
A1_w1,A1,manual,matched,True,0.034672202167380345,0.014862211581924262,0.019809990585456082,142.528616024974,126.54006243496356
A1_w1,A1,manual,matched,True,0.042408965211878064,0.03163623190197677,0.010772733309901292,132.02185223725286,102.78563995837668
A1_w1,A1,manual,matched,True,0.043819641712558824,0.022945550929083996,0.020874090783474828,161.71488033298647,83.59937565036421
A1_w1,A1,manual,matched,True,0.02847778418605927,0.041186624202697024,-0.012708840016637753,116.49011446409988,89.99479708636837
A1_w1,A1,manual,matched,True,0.039883977662223284,0.024303890245525053,0.015580087416698231,94.56295525494278,128.8241415192508
A1_w1,A1,manual,matched,True,0.0325827921369588,0.043674158853331105,-0.011091366716372307,99.13111342351718,113.29240374609782
A1_w1,A1,manual,matched,True,0.058909760200015794,0.0371353837423119,0.021774376457703894,81.77211238293445,113.29240374609782
A1_w1,A1,manual,matched,True,0.04198141546597134,0.039408942831865724,0.0025724726341056145,94.10613943808534,98.67429760665974
A1_w1,A1,manual,missed_both,False,0.040650056797866756,0.03656216145816139,0.004087895339705369,105.0697190426639,89.0811654526535
A1_w1,A1,manual,matched,True,0.04640637063133963,0.04203478126834512,0.0043715893629945116,56.1904266389178,112.83558792924038
A1_w1,A1,manual,matched,True,0.027550424565446683,0.04181266923174354,-0.014262244666296855,74.46305931321541,94.56295525494278
A1_w1,A1,manual,matched,True,0.05384883494744804,0.028898810824861485,0.024950024122586557,34.263267429760674,108.72424557752342
A1_w1,A1,manual,matched,True,0.03999417284399708,0.027577043073613194,0.012417129770383888,37.460978147762745,94.56295525494278
A1_w1,A1,manual,matched,True,0.07416865826130094,0.015136111758004818,0.05903254650329612,11.422476586888656,105.52653485952136
A1_w1,A1,manual,matched,True,0.054709216515511035,0.016038333103412083,0.038670883412098955,0.4588969823100939,79.94484911550468
A1_w1,A1,manual,matched,True,0.03964132411988793,0.01796520025830538,0.02167612386158255,25.12695109261186,60.30176899063476
A1_w1,A1,manual,missed_both,False,0.03171995054764185,0.026808452204581824,0.0049114983430600286,16.90426638917794,78.57440166493237
A1_w1,A1,manual,matched,True,0.045311432994319396,0.030531008890884306,0.01478042410343509,15.077003121748184,26.954214360041625
A1_w1,A1,manual,matched,True,0.029449511225335602,0.02779021497661112,0.001659296248724483,16.4474505723205,46.59729448491156
A1_w1,A1,manual,matched,True,0.04361949478288435,0.03772088388337074,0.005898610899513608,22.386056191467222,17.81789802289282
A1_w1,A1,manual,matched,True,0.07156770095244654,0.024034947563048893,0.04753275338939764,38.83142559833507,14.1633714880333
A1_w1,A1,manual,matched,True,0.04103022934013062,0.03603404419470848,0.00499618514542214,55.73361082206036,26.954214360041625
A1_w1,A1,manual,missed_both,False,0.020587358324042803,0.029809173795844354,-0.00922181547180155,60.30176899063476,40.65868886576483
A1_w1,A1,manual,matched,True,0.02449969795440579,0.02923953091250382,-0.004739832958098027,46.14047866805412,67.15400624349637
A1_w1,A1,manual,matched,True,0.03519581973005411,0.03247605381448127,0.0027197659155728388,73.54942767950052,58.474505723205
A1_w1,A1,manual,matched,True,0.05666078871259973,0.02599756131197154,0.03066322740062819,121.97190426638916,36.547346514047874
A1_w1,A1,manual,matched,True,0.048862491762220774,0.028869446048554067,0.019993045713666707,77.66077003121748,30.151925078043703
A1_w1,A1,manual,matched,True,0.041348524631398244,0.03940533446813238,0.0019431901632658635,73.54942767950052,16.4474505723205
A1_w1,A1,manual,matched,True,0.06452220846071366,0.025591361955806653,0.03893084650490701,85.88345473465141,14.620187304890742
A1_w1,A1,manual,matched,True,0.08645862214119565,0.030251933768247325,0.05620668837294833,124.2559833506764,17.361082206035384
A1_w1,A1,manual,matched,True,0.04823468612521636,0.03612222748048782,0.012112458644728534,141.15816857440169,18.731529656607705
A1_w1,A1,manual,matched,True,0.06322672234357692,0.022500441016695096,0.040726281326881816,154.40582726326744,16.90426638917794
A1_w1,A1,manual,matched,True,0.06640031205498287,0.03916332412988506,0.027236987925097808,171.76482830385015,7.767950052029136
A1_w1,A1,manual,matched,True,0.038030443648844794,0.021962903255381125,0.01606754039346367,176.33298647242458,26.497398543184183
A1_w1,A1,manual,matched,True,0.0558380600887855,0.023141199014611667,0.032696861074173834,191.4079084287201,21.015608740894905
A1_w1,A1,manual,matched,True,0.041155059453224015,0.030598298193260137,0.010556761259963878,199.17377731529655,14.620187304890742
A1_w1,A1,manual,missed_both,False,0.023424970334788596,0.01876703129158565,0.0046579390432029445,214.2486992715921,26.497398543184183
A1_w1,A1,manual,matched,True,0.05647413493058915,0.009104976752677959,0.047369158177911194,233.89177939646203,22.386056191467222
A1_w1,A1,manual,missed_both,False,0.005866528046082056,0.005268346143914042,0.0005981819021680136,211.9646201873049,58.474505723205
A1_w1,A1,manual,matched,True,0.03041330863114987,0.0061515618455232944,0.024261746785626575,288.7096774193549,25.12695109261186
A1_w1,A1,manual,matched,True,0.016982278209209552,0.01585659731615209,0.0011256808930574617,283.684703433923,8.224765868886578
A1_w1,A1,manual,matched,True,0.046542513119626365,0.015578437765648875,0.03096407535397749,307.4391259105099,59.84495317377731
A1_w1,A1,manual,matched,True,0.03680227974283557,0.033608395916186314,0.0031938838266492575,337.58896982310097,52.07908428720084
A1_w1,A1,manual,matched,True,0.06709868242851298,0.040405819177955896,0.026692863250557086,343.0707596253902,21.015608740894905
A1_w1,A1,manual,matched,True,0.047781140402842835,0.03729059588742468,0.010490544515418157,353.5775234131113,75.37669094693028
A1_w1,A1,manual,missed_both,False,0.04007581291396496,0.025368706711031027,0.014707106202933935,313.3777315296566,14.1633714880333
A1_w1,A1,manual,matched,True,0.04261959888174192,0.040204075463582824,0.0024155234181590934,329.82310093652444,5.483870967741936
A1_w1,A1,manual,matched,True,0.017321239963272325,0.005473091736610712,0.011848148226661612,199.630593132154,52.992715920915714
A1_w1,A1,manual,matched,True,0.03378725270527096,0.018452148235659795,0.015335104469611168,128.36732570239334,58.93132154006244
A1_w1,A1,manual,missed_both,False,0.02820432978341959,0.02867386968406263,-0.00046953990064304077,135.6763787721124,74.00624349635797
A1_w1,A1,random,random,False,0.002039188260477998,0.005572384946427126,-0.0035331966859491275,262.4356104466655,21.789324969922152
A1_w1,A1,random,random,False,0.04053355102714487,0.04103612219189326,-0.0005025711647483888,242.708888619968,285.62365958169084
A1_w1,A1,random,random,False,0.017720350393255525,0.03029158271410483,-0.012571232320849304,350.9636790434212,209.67888404727782
A1_w1,A1,random,random,False,0.03855636586031782,0.028187109586428585,0.010369256273889235,61.13649584696032,91.48593104450342
A1_w1,A1,random,random,False,0.03822995818847646,0.024616480182239355,0.013613478006237103,329.828939505233,125.42600699189802
A1_w1,A1,random,random,False,0.055933364824889385,0.036797043551575384,0.019136321273314,145.2087602904856,173.47607246115297
A1_w1,A1,random,random,False,0.016053912965650213,0.020076629125271278,-0.0040227161596210655,178.03093463382416,73.19027805085004
A1_w1,A1,random,random,False,0.020518833523038512,0.016313021312649348,0.004205812210389164,184.7338887537246,112.13845975835768
A1_w1,A1,random,random,False,0.04549789652118248,0.025164773609652205,0.020333122911530277,130.3186007856996,308.6059453088107
A1_w1,A1,random,random,False,0.009696110633494556,0.01162029700321274,-0.0019241863697181845,78.62011696918997,205.19550854553793
A1_w1,A1,random,random,False,0.031207103551156627,0.035394230353197005,-0.004187126802040378,168.49517996354115,154.36031831730037
A1_w1,A1,random,random,False,0.015783939425760386,0.02012628895028374,-0.004342349524523354,31.01744726285325,361.6440993554642
A1_w1,A1,random,random,False,0.061348830038842075,0.02376610353539303,0.03758272650344904,124.37812390670663,37.25040377402045
A1_w1,A1,random,random,False,0.017338983263013624,0.030894131943411746,-0.013555148680398123,33.35313666179685,338.8299409974302
A1_w1,A1,random,random,False,0.037933069421500126,0.026531355941751284,0.011401713479748842,289.78320998554597,156.29873215123297
A1_w1,A1,random,random,False,0.046392546730671676,0.04426261822213958,0.0021299285085320946,196.538398922979,163.77968801344312
A1_w1,A1,random,random,False,0.002651707871013081,0.005923926680446226,-0.0032722188094331446,214.36860574641693,248.71150501449185
A1_w1,A1,random,random,False,0.03328126051971968,0.027430789824452465,0.005850470695267212,271.3331284309699,189.92534158344995
A1_w1,A1,random,random,False,0.01499516883721005,0.015513671095236164,-0.0005185022580261149,103.25910110689217,334.57818253951524
A1_w1,A1,random,random,False,0.018174492179106726,0.023564268788420557,-0.005389776609313831,155.1093004007225,74.50456845758706
A1_w1,A1,random,random,False,0.01724250397834462,0.017488102536056392,-0.00024559855771177225,303.5663028332147,84.15920873965088
A1_w1,A1,random,random,False,0.039015904318585766,0.022321991092957207,0.01669391322562856,115.86425128253609,132.60355582977968
A1_w1,A1,random,random,False,0.03984659850066773,0.027366288397725407,0.012480310102942326,363.140916101671,212.77376285414562
A1_w1,A1,random,random,False,0.021555556032205606,0.019670591105844636,0.00188496492636097,310.9300034590788,240.72072299396166
A1_w1,A1,random,random,False,0.03710688688550943,0.027589030759713227,0.009517856125796201,12.683542040902143,60.279006469060526
A1_w1,A1,random,random,False,0.041388494787723884,0.019748097293409567,0.021640397494314317,289.6725269648988,132.77168532072517
A1_w1,A1,random,random,False,0.025216905146402357,0.025809608670889248,-0.0005927035244868914,290.66822285179774,181.88187748231462
A1_w1,A1,random,random,False,0.00957020681421887,0.02530933177652051,-0.015739124962301638,89.81268575801649,52.74222294604355
A1_w1,A1,random,random,False,0.02198146930097429,0.030878959914682327,-0.008897490613708037,326.36097171687055,241.75637554172667
A1_w1,A1,random,random,False,0.009696909233305453,0.0069193183832178505,0.0027775908500876027,90.39764609482975,226.2477491300207
A1_w1,A1,random,random,False,0.05005641237082458,0.025964044204328,0.02409236816649658,222.51227733667602,110.47673947044024
A1_w1,A1,random,random,False,0.02153300687826541,0.014310964330377736,0.007222042547887672,310.80140352281325,89.88158809600264
A1_w1,A1,random,random,False,0.0001136579164180263,0.030064765651011863,-0.029951107734593835,176.46488124486575,360.41006700362834
A1_w1,A1,random,random,False,0.006620406893757906,0.005678386472680429,0.0009420204210774767,124.33032781229731,270.7236261028694
A1_w1,A1,random,random,False,0.005997480771069875,0.02147785595769736,-0.015480375186627485,26.724805719514258,199.35150398913615
A1_w1,A1,random,random,False,0.01973742238398398,0.024740115910876683,-0.005002693526892702,349.87531318098405,328.94790202941317
A1_w1,A1,random,random,False,0.01632602847619998,0.018482060641121692,-0.0021560321649217104,194.55380445518648,65.61765098747117
A1_w1,A1,random,random,False,0.04732153066834711,0.03667023433234814,0.01065129633599897,226.13581932352457,158.46729091998418
A1_w1,A1,random,random,False,7.307353978824224e-05,0.010784085734739287,-0.010711012194951046,347.1725529740823,106.1426606188639
A1_w1,A1,random,random,False,0.04343925849370586,0.03024690108467275,0.013192357409033111,81.99128308113316,326.4513961710011
A1_w1,A1,random,random,False,0.03397662426927565,0.03205175074652745,0.0019248735227481995,12.492083952245487,7.30152078394981
A1_w1,A1,random,random,False,0.03841865748386878,0.03610292899696007,0.002315728486908711,236.0670831217164,200.5034866007117
A1_w1,A1,random,random,False,0.008695669212581116,0.0059405082394513135,0.002755160973129802,39.666563222191535,224.1338492722793
A1_w1,A1,random,random,False,0.025994211033837047,0.025310640148422985,0.0006835708854140629,330.3862319320569,326.08815302015705
A1_w1,A1,random,random,False,0.0037224000986227287,0.0011785347059498077,0.0025438653926729213,332.7019104300476,362.48875363187426
A1_w1,A1,random,random,False,0.009288606934663733,0.02595303409070814,-0.016664427156044406,51.439714738554116,308.19676199384685
A1_w1,A1,random,random,False,0.0242839498758685,0.036769276742881975,-0.012485326867013476,302.78814465376286,325.6447819887714
A1_w1,A1,random,random,False,0.009457572519745177,0.021756040083882794,-0.012298467564137617,120.45043860749779,135.49382826261984
A1_w1,A1,random,random,False,0.024595600997361477,0.029156559666533927,-0.0045609586691724505,25.922992165994028,78.26703778531648
A1_w1,A1,random,random,False,0.027926771536298706,0.03200688876705935,-0.004080117230760644,58.83733619281234,355.5561108880967
A1_w1,A1,random,random,False,0.002707653335480322,0.010156409166365326,-0.0074487558308850045,254.49591322699595,3.300023338478194
A1_w1,A1,random,random,False,0.0072604831966845505,0.019256797143539388,-0.011996313946854837,176.1412468457462,273.57486260987326
A1_w1,A1,random,random,False,0.02200688567619758,0.023379082679131632,-0.001372197002934051,22.848723238620025,44.71063139919877
A1_w1,A1,random,random,False,0.011698155715403207,0.025777760228890736,-0.01407960451348753,109.33886867423632,65.45941489489091
A1_w1,A1,random,random,False,0.04403135574127136,0.027501246600982913,0.016530109140288445,66.13977127475275,68.41480517149763
A1_w1,A1,random,random,False,0.01678343163979093,0.023763063014240526,-0.006979631374449596,43.00659145577358,162.4390114293332
A1_w1,A1,random,random,False,0.05631578488259127,0.02724752189150358,0.029068262991087692,122.86823524802836,313.25398193602126
A1_w1,A1,random,random,False,0.022108365870313156,0.031154292841659652,-0.009045926971346496,147.15162554070517,160.43222775033436
A1_w1,A1,random,random,False,0.02908858747259886,0.03898535978049132,-0.009896772307892463,107.8392052995987,85.78921318870879
A1_w1,A1,random,random,False,0.054899295645249625,0.03110905371770454,0.023790241927545086,328.4661041843881,35.902049711176225
A1_w1,A1,random,random,False,0.02320131625726173,0.01631705813022692,0.0068842581270348105,24.479882258109185,143.86469734871935
A1_w1,A1,random,random,False,0.03551812621959702,0.0437478730353715,-0.008229746815774479,23.523542583510572,2.0608432951508213
A1_w1,A1,random,random,False,0.004058426708359328,0.012153780959044035,-0.008095354250684706,324.0969674006201,96.78709543582859
A1_w1,A1,random,random,False,0.03981838919302476,0.03210540613047698,0.007712983062547779,292.4903907703051,321.1271787641141
A1_w1,A1,random,random,False,0.006207377296383252,0.004853758844691864,0.0013536184516913883,4.895502353792275,293.6719482734536
A1_w1,A1,random,random,False,0.0011658646593213895,0.013653660396347043,-0.012487795737025654,341.14794326119704,175.07533832571758
A1_w1,A1,random,random,False,0.028823321321512604,0.02650638011064916,0.002316941210863444,322.16377747772725,168.30469233997803
A1_w1,A1,random,random,False,0.045166881330216395,0.022174603633634885,0.02299227769658151,169.47187149483602,279.46949551705234
A1_w1,A1,random,random,False,0.05599455197641528,0.04661364099464876,0.009380910981766521,68.82408359437987,107.79669149430484
A1_w1,A1,random,random,False,0.022915868020680866,0.02342923851191961,-0.0005133704912387432,223.76022294695852,318.2885997729682
A1_w1,A1,random,random,False,0.031162548851042096,0.029841898595134374,0.0013206502559077217,317.77899841616954,132.56246409223948
A1_w1,A1,random,random,False,0.0,0.0010953863089449743,-0.0010953863089449743,230.50787411515384,71.2205009953536
A1_w1,A1,random,random,False,0.014041463757057443,0.010653858143605092,0.0033876056134523515,95.36181400656766,210.40804304716366
A1_w1,A1,random,random,False,0.015929824107725754,0.024706753793338986,-0.008776929685613232,263.1289978897059,156.00779549781598
A1_w1,A1,random,random,False,0.0,0.0032152398690105926,-0.0032152398690105926,226.58582709525717,71.57485819949171
A1_w1,A1,random,random,False,0.016145701276433052,0.04153495104816919,-0.02538924977173614,49.82916762068307,16.572128948876156
A1_w1,A1,random,random,False,0.008465734101934281,0.023078496783177794,-0.014612762681243513,71.80976244457261,195.63891193570856
A1_w1,A1,random,random,False,0.01584339913542797,0.017851759408958227,-0.002008360273530258,58.35957548819834,195.1365104356805
A1_w1,A1,random,random,False,0.05754966533832848,0.033515957063188766,0.024033708275139717,128.27742891759618,171.6722344121473
A1_w1,A1,random,random,False,0.0046462026356066406,0.005073644244682788,-0.0004274416090761478,82.9892248720322,276.356827196384
A1_w1,A1,random,random,False,0.05087538013939686,0.014346570643723603,0.036528809495673255,145.59432308025478,355.87510855225594
A1_w1,A1,random,random,False,0.03149688669917435,0.014055566550870592,0.01744132014830376,278.8718469904745,82.12200304516881
A1_w1,A1,random,random,False,0.004815261929319772,0.00962274893049998,-0.004807487001180208,78.64041449128163,154.47283749720728
A1_w1,A1,random,random,False,0.011737760795654556,0.033354395366982995,-0.02161663457132844,303.4447943254031,334.00412886776434
A1_w1,A1,random,random,False,0.05008574008200147,0.03548095972875677,0.014604780353244702,21.950309321798652,9.325269597902963
A1_w1,A1,random,random,False,0.03629738094567806,0.01657995471778171,0.01971742622789635,292.7223693624023,132.33345932787742
A1_w1,A1,random,random,False,0.0009098313547521009,0.03595115807734485,-0.03504132672259275,1.5311791998808864,94.02069961863197
A1_w1,A1,random,random,False,2.125486587293832e-06,0.0015661820176450319,-0.001564056531057738,227.38444963861227,65.56608116327007
A1_w1,A1,random,random,False,0.04646779633701301,0.028865584152029618,0.017602212184983396,305.21613137735045,323.04737444218705
A1_w1,A1,random,random,False,0.011076492969331489,0.008785829838778573,0.0022906631305529158,186.31767591480116,234.9313403003406
A1_w1,A1,random,random,False,0.008633859012910434,0.01298618862672786,-0.004352329613817426,177.49577211542675,322.6141245670326
A1_w1,A1,random,random,False,0.03269237025125955,0.042442453605012725,-0.009750083353753172,244.03648547117388,275.98878454216236
A1_w1,A1,random,random,False,0.006093028880094867,0.02151484503734961,-0.015421816157254744,299.49638670009637,37.203026022243876
A1_w1,A1,random,random,False,0.0025406766143294852,0.016751973649042958,-0.014211297034713473,288.2260866089212,223.30842858761585
A1_w1,A1,random,random,False,0.025639923562623398,0.01738167798244858,0.008258245580174819,307.92534618275914,339.88275839247757
A1_w1,A1,random,random,False,0.02627428162099009,0.02377271751032209,0.0025015641106680003,283.1697296114324,142.71127120803578
A1_w1,A1,random,random,False,0.011004858259082836,0.005882887812532909,0.005121970446549927,176.66354072819937,204.65749684464396
A1_w1,A1,random,random,False,0.009310645881847142,0.014340028760564146,-0.005029382878717004,278.2376393068685,226.33826475919494
A1_w1,A1,random,random,False,0.005916200058776838,0.005637812845330455,0.00027838721344638356,67.64339749070675,239.89235337098467
A1_w1,A1,random,random,False,0.008448278211398225,0.02156532984554525,-0.013117051634147024,264.18897509627885,315.0150645046439
A1_w1,A1,random,random,False,0.004557370509063437,0.006140911930765339,-0.0015835414217019016,21.497623451465586,228.21671988425496
A1_w1,A1,random,random,False,0.00939646539865985,0.030706067397620013,-0.021309601998960162,174.52949046371953,81.75588274750145
A1_w1,A1,random,random,False,0.0476332645867243,0.04631970356382931,0.0013135610228949893,233.43975341876188,166.50705840694997
A1_w1,A1,random,random,False,0.01582662917589164,0.02384818891053771,-0.00802155973464607,199.90415024509835,318.95073785852264
A1_w1,A1,random,random,False,0.008938032767730312,0.022477525225464052,-0.01353949245773374,272.6523511261968,123.3895630529188
A1_w1,A1,random,random,False,0.04693946918759543,0.039575225281912485,0.007364243905682945,78.7087291328856,23.532224533499527
A1_w1,A1,random,random,False,0.01097336774756019,0.01828489402790746,-0.00731152628034727,173.31401850007308,274.4400556109653
A1_w1,A1,random,random,False,0.0031388113659898487,0.02128180227614827,-0.018142990910158422,168.88534585065682,189.8975847727172
A1_w1,A1,random,random,False,0.027214610136413585,0.02850091194593843,-0.001286301809524843,107.40098197712894,20.60983969518759
A1_w1,A1,random,random,False,0.010393693951837715,0.0466872886156685,-0.03629359466383079,75.76703067421377,3.4341570857525543
A1_w1,A1,random,random,False,0.038245542156951945,0.016434191923425216,0.02181135023352673,287.4137912270681,262.5733924452151
A1_w1,A1,random,random,False,0.01389965283125161,0.02437095145611823,-0.010471298624866619,291.0480182899772,91.78500269578937
A1_w1,A1,random,random,False,0.05448582278001411,0.031280419351071696,0.023205403428942416,205.21771867064936,176.28047508213712
A1_w1,A1,random,random,False,0.0006510495878599315,0.018022654160048918,-0.017371604572188986,140.21983675739042,137.2692641643888
A1_w1,A1,random,random,False,0.04303227341911337,0.024933834269901964,0.018098439149211408,91.24239576367718,314.92375334965084
A1_w1,A1,random,random,False,0.006369089630914993,0.007248468039069936,-0.0008793784081549431,16.206881609807166,222.9353626182722
A1_w1,A1,random,random,False,0.008455294293668682,0.02452812832155906,-0.01607283402789038,134.9476024394303,152.5520424925162
A1_w1,A1,random,random,False,0.003500518143512799,0.006030595725231073,-0.0025300775817182737,120.55276049467874,263.8983449487195
A1_w1,A1,random,random,False,0.05019643020478164,0.027443535499928767,0.022752894704852877,121.84301116178975,78.85274137075459
A1_w1,A1,random,random,False,0.00032493633909617655,0.014113099309000959,-0.013788162969904783,174.74655851151323,67.16398422053857
A1_w1,A1,random,random,False,0.0028850549150930536,0.020504799531037274,-0.01761974461594422,351.59605389036875,176.62099528126646
A1_w1,A1,random,random,False,0.041745794190838736,0.048209701590835874,-0.0064639073999971375,331.08007597207137,17.35800788334519
A1_w1,A1,random,random,False,0.003414070611502375,0.007707001533632085,-0.00429293092212971,202.70664620414033,236.12937359306684
A1_w1,A1,random,random,False,0.011545902006665904,0.02130353522959481,-0.009757633222928906,255.78928963830498,312.66155558273624
A1_w1,A1,random,random,False,0.006644133030360461,0.007418999758510445,-0.0007748667281499847,48.33279004140338,221.53337288195067
A1_w1,A1,random,random,False,0.005136196320380657,0.008371662966838117,-0.00323546664645746,84.10401535621378,234.65472816361398
A1_w1,A1,random,random,False,0.00977943223570952,0.02539043588351649,-0.015611003647806968,46.38370884937734,155.53797916173832
A1_w1,A1,random,random,False,0.039497350256070686,0.022751123689183923,0.016746226566886763,276.80393461779533,326.5381931239125
A1_w1,A1,random,random,False,0.06076649900460514,0.03911705897156884,0.021649440033036295,174.15115832529622,8.176288665730315
A1_w1,A1,random,random,False,0.012141101152206863,0.028718979149067108,-0.016577877996860245,50.87265827638295,80.36387912075305
A1_w1,A1,random,random,False,0.012450581243417169,0.03432399005722497,-0.021873408813807803,80.18464051384277,80.40467416024117
A1_w1,A1,random,random,False,0.029450990753052617,0.02171859984586975,0.007732390907182866,334.3920776018624,218.23677649332961
A1_w1,A1,random,random,False,0.001902475596897613,0.011729865987828476,-0.009827390390930862,269.368409543784,71.2567973060684
A1_w1,A1,random,random,False,0.06201732866729001,0.03382149368215186,0.028195834985138155,227.2028139780835,351.91428151427897
A1_w1,A1,random,random,False,0.06626461558528121,0.025571134684369667,0.040693480900911544,309.5179315750693,315.3375660069007
A1_w1,A1,random,random,False,0.0061129259708744615,0.007315694143228703,-0.0012027681723542419,164.29185733687322,228.2821035099729
A1_w1,A1,random,random,False,0.02221712188664682,0.02200922616836593,0.0002078957182808927,81.4324366735833,306.57039899840106
A1_w1,A1,random,random,False,0.0234646453335467,0.023791240277493953,-0.0003265949439472532,170.2357240414392,352.8953797913323
A1_w1,A1,random,random,False,0.03737951460757957,0.019848939811272975,0.017530574796306597,125.57052428947935,55.64390316357771
A1_w1,A1,random,random,False,0.002039139924244026,0.039224728588443315,-0.03718558866419929,6.0326073146284145,91.52758019402404
A1_w1,A1,random,random,False,0.027083855762659897,0.006387793571067152,0.020696062191592746,178.3146776420209,242.41814223707252
A1_w1,A1,random,random,False,0.003732544222491107,0.005369883075704257,-0.0016373388532131498,26.732430626101895,285.034598920841
A1_w1,A1,random,random,False,0.018403734534051315,0.026247181013314504,-0.007843446479263189,155.3474918404424,153.00731238460364
A1_w1,A1,random,random,False,0.04400385964823459,0.027909302209268395,0.016094557438966196,314.4352504939854,167.31226578838263
A1_w1,A1,random,random,False,0.052234227631634406,0.034883838715197395,0.01735038891643701,309.5406586126848,157.31102590278257
A1_w1,A1,random,random,False,0.018875033379262524,0.04172055702447,-0.022845523645207477,114.72756121102553,85.3645956669689
A1_w1,A1,random,random,False,0.005085057744950915,0.007909383945621658,-0.0028243262006707433,94.70300039612701,232.39430982874916
A1_w1,A1,random,random,False,0.00022198387094028783,0.0007261975925337666,-0.0005042137215934788,166.9280490647737,53.57676382418345
A1_w1,A1,random,random,False,0.013339793219575104,0.02534724548357427,-0.012007452263999165,152.87908670973832,27.679467200837077
A1_w1,A1,random,random,False,0.03272661275029164,0.02753676188172976,0.005189850868561885,20.795873201509412,79.47474497374458
A1_w1,A1,random,random,False,0.01233171324186822,0.018073473555304285,-0.0057417603134360656,248.00738199602588,332.5906031256266
A1_w4,A1,manual,matched,True,0.05402297901745742,0.022269514043054613,0.03175346497440281,90.90842872008324,9.138397502601457
A1_w4,A1,manual,missed_both,False,0.03612166475230314,0.025032854731668497,0.011088810020634644,104.15608740894902,19.645161290322584
A1_w4,A1,manual,matched,True,0.03316615348678041,0.02331735733493857,0.009848796151841841,104.15608740894902,32.4360041623309
A1_w4,A1,manual,matched,True,0.07307099954543035,0.03913925086837096,0.03393174867705939,79.48803329864725,45.68366285119667
A1_w4,A1,manual,matched,True,0.05693826008700939,0.029056652590444987,0.027881607496564403,82.68574401664932,65.3267429760666
A1_w4,A1,manual,missed_both,False,0.027548466613894616,0.024496650902940426,0.0030518157109541907,96.39021852237252,92.735691987513
A1_w4,A1,manual,matched,True,0.058521640841391685,0.04231197681510421,0.016209664026287478,80.85848074921957,101.8720083246618
A1_w4,A1,manual,matched,True,0.06208021227772118,0.04994161055945404,0.012138601718267139,75.83350676378772,111.00832466181063
A1_w4,A1,manual,matched,True,0.06760997102497111,0.03939460623583849,0.02821536478913262,95.01977107180022,116.49011446409988
A1_w4,A1,manual,matched,True,0.05756294628893873,0.03771865550228732,0.01984429078665141,79.48803329864725,141.15816857440169
A1_w4,A1,manual,matched,True,0.027122709062818884,0.014403583374696138,0.012719125688122746,122.88553590010406,105.9833506763788
A1_w4,A1,manual,matched,True,0.055984116580272504,0.02020166246056363,0.03578245411970887,137.50364203954214,65.3267429760666
A1_w4,A1,manual,missed_both,False,0.06145475273136114,0.014393422015680536,0.047061330715680603,149.83766909469304,55.276795005202914
A1_w4,A1,manual,matched,True,0.04401060305661955,0.005606447022843551,0.038404156033776,161.25806451612905,16.4474505723205
A1_w4,A1,manual,matched,True,0.021274449984560996,0.0033330858055083787,0.017941364179052618,185.01248699271596,19.645161290322584
A1_w4,A1,manual,matched,True,0.02693286647132552,0.012626836777838702,0.014306029693486818,150.29448491155048,3.1997918834547363
A1_w4,A1,manual,matched,True,0.037885611174767624,0.0033083565015873365,0.034577254673180284,213.3350676378772,6.854318418314257
A1_w4,A1,manual,matched,True,0.023596047287113044,0.0017912971807877486,0.021804750106325294,256.73257023933405,33.34963579604579
A1_w4,A1,manual,matched,True,0.023119939264453684,0.0006958923022663765,0.02242404696218731,260.843912591051,5.0270551508845
A1_w4,A1,manual,matched,True,0.015154085973645497,0.0012474609279295925,0.013906625045715904,307.4391259105099,37.460978147762745
A1_w4,A1,manual,matched,True,0.024321453583463094,0.004226644931552796,0.0200948086519103,312.46409989594173,16.4474505723205
A1_w4,A1,manual,matched,True,0.006901528773490891,9.965051722404327e-05,0.006801878256266848,343.52757544224767,41.11550468262227
A1_w4,A1,manual,matched,True,0.01540477703057045,0.0010036841741712685,0.014401092856399181,348.0957336108221,73.54942767950052
A1_w4,A1,manual,matched,True,0.03799759586701868,0.00039714793128872364,0.03760044793572996,359.5161290322581,7.767950052029136
A1_w4,A1,manual,matched,True,0.053505835605619015,0.033695168203509165,0.01981066740210985,111.92195629552548,138.41727367325703
A1_w4,A1,manual,matched,True,0.053789887295440354,0.03472328932901621,0.019066597966424147,130.19458896982312,125.62643080124872
A1_w4,A1,manual,matched,True,0.052340536708188834,0.03816241778577614,0.014178118922412691,120.14464099895945,145.26951092611864
A1_w4,A1,manual,missed_both,False,0.03247225087581853,0.031144115683160414,0.0013281351926581163,106.89698231009363,153.94901144641
A1_w4,A1,manual,missed_both,False,0.03080137281738067,0.028797323930020862,0.0020040488873598085,103.69927159209158,174.04890738813737
A1_w4,A1,manual,matched,True,0.03942609758143478,0.023837910749162625,0.015588186832272158,117.40374609781476,192.7783558792924
A1_w4,A1,manual,missed_both,False,0.028777683990971692,0.023596412768231927,0.005181271222739765,89.0811654526535,168.56711758584808
A1_w4,A1,manual,matched,True,0.040255141942613475,0.019792810789777297,0.020462331152836178,93.19250780437044,186.38293444328824
A1_w4,A1,manual,matched,True,0.036755862982170956,0.04074730971000705,-0.003991446727836093,63.0426638917794,211.9646201873049
A1_w4,A1,manual,matched,True,0.05997062744019708,0.027446226209168985,0.032524401231028094,50.25182101977107,168.56711758584808
A1_w4,A1,manual,matched,True,0.04080811650244457,0.03038242839356401,0.01042568810888056,32.892819979188346,206.0260145681582
A1_w4,A1,manual,missed_both,False,0.053186138443909035,0.029973560715722658,0.023212577728186377,68.52445369406868,154.86264308012488
A1_w4,A1,manual,missed_both,False,0.056696164882570434,0.036210314515956486,0.020485850366613947,65.3267429760666,179.0738813735692
A1_w4,A1,manual,matched,True,0.05618398333822602,0.02295129479154292,0.033232688546683105,147.09677419354838,87.71071800208117
A1_w4,A1,manual,matched,True,0.050467354775266,0.014271067661232156,0.036196287114033845,179.53069719042665,70.80853277835588
A1_w4,A1,manual,missed_both,False,0.03766263114344911,0.020750980895337383,0.016911650248111726,201.00104058272635,75.37669094693028
A1_w4,A1,manual,matched,True,0.04419366086124441,0.02293656011491474,0.021257100746329673,221.1009365244537,87.71071800208117
A1_w4,A1,manual,missed_both,False,0.020055361059956135,0.01971434348927272,0.0003410175706834162,201.45785639958376,96.84703433922996
A1_w4,A1,manual,missed_both,False,0.03121430915108095,0.02060014491113537,0.01061416423994558,222.92819979188343,110.09469302809576
A1_w4,A1,manual,missed_both,False,0.03831062864946265,0.02314185095189765,0.015168777697565,232.97814776274717,89.99479708636837
A1_w4,A1,manual,matched,True,0.0399591389706585,0.018172367174862303,0.0217867717957962,256.73257023933405,104.15608740894902
A1_w4,A1,manual,matched,True,0.02918515822943082,0.0175478530804883,0.011637305148942522,284.14151925078045,127.9105098855359
A1_w4,A1,manual,missed_both,False,0.03988905319873654,0.025662219308006846,0.014226833890729696,297.8459937565037,151.20811654526537
A1_w4,A1,manual,matched,True,0.05171673599838706,0.020513686298440206,0.031203049699946854,298.75962539021856,190.95109261186263
A1_w4,A1,manual,matched,True,0.03985461845803791,0.022902555266366774,0.016952063191671134,288.7096774193549,209.6805411030177
A1_w4,A1,manual,matched,True,0.048592326835229585,0.04035736549405555,0.008234961341174032,253.0780437044745,249.8803329864724
A1_w4,A1,manual,matched,True,0.044629462771149354,0.03680550012084968,0.007823962650299672,252.62122788761707,226.1259105098856
A1_w4,A1,manual,matched,True,0.057514564381441445,0.03948178629117555,0.018032778090265898,144.8126951092612,204.1987513007284
A1_w4,A1,manual,matched,True,0.03378196635708174,0.018546490749383034,0.015235475607698709,178.16024973985432,192.32154006243496
A1_w4,A1,manual,matched,True,0.05447240673693035,0.023123329576341407,0.03134907716058895,228.4099895941728,201.45785639958376
A1_w4,A1,manual,matched,True,0.04909334563147596,0.027263749283154136,0.021829596348321822,240.7440166493236,208.7669094693028
A1_w4,A1,manual,missed_both,False,0.03678564665217152,0.027414793448856868,0.009370853203314655,139.3309053069719,170.39438085327785
A1_w4,A1,manual,matched,True,0.0411515813961349,0.02275771680628815,0.01839386458984675,146.63995837669094,231.15088449531737
A1_w4,A1,manual,matched,True,0.046569414579299556,0.04128498658325591,0.005284427996043645,135.6763787721124,266.3257023933403
A1_w4,A1,manual,matched,True,0.05789880664744152,0.03721601436449858,0.02068279228294294,121.51508844953172,276.375650364204
A1_w4,A1,manual,matched,True,0.04941673485804338,0.033665693569801376,0.015751041288242007,96.84703433922996,281.4006243496358
A1_w4,A1,manual,matched,True,0.027659261500782493,0.03503424881689735,-0.0073749873161148595,100.95837669094696,249.8803329864724
A1_w4,A1,manual,matched,True,0.0550337023083197,0.039303674171918615,0.015730028136401085,84.05619146722165,242.57127991675335
A1_w4,A1,manual,missed_both,False,0.026648616764764408,0.029956109693797278,-0.00330749292903287,97.76066597294484,228.8668054110302
A1_w4,A1,manual,matched,True,0.03386468336880882,0.03410626576147971,-0.000241582392670886,84.05619146722165,211.05098855359003
A1_w4,A1,manual,missed_both,False,0.053185846089277324,0.03451108971634465,0.01867475637293267,45.68366285119667,210.5941727367326
A1_w4,A1,manual,matched,True,0.057150518803981094,0.03759034128706642,0.019560177516914676,49.79500520291363,227.49635796045789
A1_w4,A1,manual,matched,True,0.053885394833736985,0.041296830447159684,0.012588564386577301,37.00416233090532,237.08949011446413
A1_w4,A1,manual,matched,True,0.04918433630451917,0.03639923143969442,0.012785104864824752,26.497398543184183,239.83038501560875
A1_w4,A1,manual,matched,True,0.04195378670547343,0.034171609582964786,0.007782177122508643,10.052029136316342,248.5098855359001
A1_w4,A1,manual,matched,True,0.05103225809300094,0.041534146169869106,0.009498111923131831,19.18834547346514,255.8189386056192
A1_w4,A1,manual,matched,True,0.04944538768845425,0.024354984368092608,0.025090403320361644,8.681581685744021,274.0915712799168
A1_w4,A1,manual,matched,True,0.04989626367217611,0.03056766420731349,0.01932859946486262,32.892819979188346,271.80749219562955
A1_w4,A1,manual,matched,True,0.04742882659072013,0.04183012541519608,0.005598701175524051,36.09053069719043,254.90530697190428
A1_w4,A1,manual,matched,True,0.05151160232583241,0.040699676935843074,0.01081192538998934,47.96774193548387,241.6576482830385
A1_w4,A1,manual,matched,True,0.033756363480567014,0.04118089058591548,-0.007424527105348466,57.56087408949011,268.15296566077006
A1_w4,A1,manual,matched,True,0.04413590879436722,0.027416264007005114,0.016719644787362105,48.88137356919876,287.33922996878255
A1_w4,A1,manual,matched,True,0.05695244989055301,0.03365942517072445,0.02329302471982856,58.93132154006244,290.99375650364203
A1_w4,A1,manual,matched,True,0.05056235086790901,0.03741572844335674,0.013146622424552265,72.17898022892821,280.03017689906346
A1_w4,A1,manual,missed_both,False,0.04932091474648129,0.040040822495049165,0.009280092251432122,70.35171696149844,264.4984391259105
A1_w4,A1,manual,matched,True,0.04198967346321273,0.039732839391856435,0.002256834071356295,64.86992715920915,250.33714880332985
A1_w4,A1,manual,matched,True,0.04413059396390306,0.02653243099856918,0.017598162965333876,84.5130072840791,293.27783558792925
A1_w4,A1,manual,matched,True,0.05725217424291289,0.02241138122278012,0.034840793020132765,9.138397502601457,327.08220603537984
A1_w4,A1,manual,matched,True,0.04480980493712511,0.0370832173542693,0.007726587582855805,4.5702393340270575,342.6139438085328
A1_w4,A1,manual,matched,True,0.03742385573962633,0.04034357639960483,-0.002919720659978496,5.940686784599379,351.29344432882414
A1_w4,A1,manual,matched,True,0.04772188128283455,0.042364151999110373,0.005357729283724175,9.5952133194589,361.3433922996878
A1_w4,A1,manual,matched,True,0.022367137293171368,0.031956655696631704,-0.009589518403460336,30.608740894901143,356.77523413111345
A1_w4,A1,manual,matched,True,0.045380166450193146,0.03373376655772247,0.011646399892470675,16.4474505723205,348.0957336108221
A1_w4,A1,manual,matched,True,0.0415848043477429,0.019577945763173336,0.022006858584569564,29.238293444328832,332.5639958376691
A1_w4,A1,manual,matched,True,0.04146555840523171,0.020306889678554183,0.021158668726677526,46.14047866805412,342.15712799167534
A1_w4,A1,manual,matched,True,0.030046597599774863,0.02641900048592571,0.003627597113849152,44.77003121748179,363.1706555671176
A1_w4,A1,manual,matched,True,0.028224724608779773,0.021138245269523043,0.00708647933925673,56.64724245577524,354.9479708636837
A1_w4,A1,manual,matched,True,0.05077490913972409,0.027547277510080043,0.02322763162964405,55.276795005202914,364.5411030176899
A1_w4,A1,manual,matched,True,0.04924719829462036,0.023021330917105415,0.026225867377514946,257.1893860561915,329.82310093652444
A1_w4,A1,manual,missed_both,False,0.02023792618046693,0.02636370997742435,-0.006125783796957419,228.4099895941728,321.6004162330905
A1_w4,A1,manual,matched,True,0.03269164110339744,0.019146568409800748,0.013545072693596689,215.61914672216443,310.1800208116545
A1_w4,A1,manual,matched,True,0.06725639560160317,0.030596046097524403,0.03666034950407876,252.1644120707596,352.207075962539
A1_w4,A1,manual,matched,True,0.05337861070505868,0.03524585235444248,0.018132758350616195,252.62122788761707,361.3433922996878
A1_w4,A1,manual,matched,True,0.06424596766282677,0.0327484343031885,0.031497533359638265,318.4027055150885,354.9479708636837
A1_w4,A1,manual,matched,True,0.048038943657140315,0.024997975093723836,0.02304096856341648,273.6347554630593,347.1821019771072
A1_w4,A1,manual,matched,True,0.058280439853926745,0.03560477916470146,0.022675660689225288,320.2299687825182,336.6753381893861
A1_w4,A1,manual,matched,True,0.05481386500869708,0.032840980737368575,0.021972884271328506,307.89594172736736,308.3527575442248
A1_w4,A1,manual,missed_both,False,0.04748141056362279,0.0352060211182806,0.012275389445342191,309.2663891779397,290.5369406867846
A1_w4,A1,manual,matched,True,0.03913339271410547,0.04238877708217475,-0.0032553843680692765,321.6004162330905,282.3142559833507
A1_w4,A1,manual,matched,True,0.05852416360383008,0.03929755065243211,0.01922661295139797,329.82310093652444,271.80749219562955
A1_w4,A1,manual,matched,True,0.038588837452742136,0.043129349244550495,-0.004540511791808359,334.39125910509887,250.33714880332985
A1_w4,A1,manual,matched,True,0.05307411451769898,0.027328350663615778,0.0257457638540832,349.4661810613944,222.01456815816857
A1_w4,A1,manual,matched,True,0.03830473024848985,0.007286059234784098,0.03101867101370575,273.6347554630593,278.6597294484912
A1_w4,A1,manual,matched,True,0.05753182075817425,0.019956005089083538,0.03757581566909071,295.56191467221646,258.1030176899064
A1_w4,A1,manual,matched,True,0.04660658404249098,0.02257295200071233,0.024033632041778653,303.32778355879293,240.7440166493236
A1_w4,A1,manual,matched,True,0.055776158786143434,0.020797029574802176,0.03497912921134126,328.45265348595217,193.23517169614985
A1_w4,A1,manual,matched,True,0.057390403031966984,0.01674529559948473,0.04064510743248226,344.89802289282,203.74193548387095
A1_w4,A1,manual,matched,True,0.036218172038446926,0.020287006068473685,0.01593116596997324,332.5639958376691,174.5057232049948
A1_w4,A1,manual,missed_both,False,0.03572641975564019,0.0148999715964817,0.02082644815915849,323.4276795005203,156.2330905306972
A1_w4,A1,manual,matched,True,0.03898819939426373,0.01584128555116174,0.023146913843101986,309.7232049947971,140.70135275754424
A1_w4,A1,manual,matched,True,0.04127986873236668,0.015758379022391463,0.025521489709975215,321.6004162330905,146.18314255983353
A1_w4,A1,manual,missed_both,False,0.02119531879691166,0.013660908890687292,0.007534409906224367,127.45369406867846,74.46305931321541
A1_w4,A1,random,random,False,0.048244712166335975,0.035484523424487935,0.01276018874184804,37.09072791529161,265.06941601819085
A1_w4,A1,random,random,False,0.028752724665950788,0.04089187187764627,-0.012139147211695483,63.87948363765008,222.73012285984157
A1_w4,A1,random,random,False,0.006589009985419277,0.015402356270110459,-0.008813346284691182,102.30221857246143,77.73858602819368
A1_w4,A1,random,random,False,0.00327743034687937,0.027706010045391968,-0.024428579698512597,158.06786174833718,149.49039124210228
A1_w4,A1,random,random,False,0.02845957857572884,0.027919280173416418,0.000540298402312421,52.71422106402095,296.84547803272113
A1_w4,A1,random,random,False,0.007454477537171506,0.012743885239365507,-0.005289407702194,346.5668982243862,333.8071467770196
A1_w4,A1,random,random,False,0.0007326989302143856,0.022728790954017163,-0.021996092023802778,285.5031614033997,234.32370807648715
A1_w4,A1,random,random,False,0.0,0.0014493171091737036,-0.0014493171091737036,279.23211530555227,31.076766549381016
A1_w4,A1,random,random,False,0.00852457221016419,0.001918136844633527,0.006606435365530662,353.59419024902394,69.3594617770132
A1_w4,A1,random,random,False,0.00240778331776337,0.006895974861160538,-0.004488191543397168,83.32798532774312,315.6917790271683
A1_w4,A1,random,random,False,0.026083223758178026,0.02039030109707081,0.005692922661107217,17.29401298995234,322.04570093636096
A1_w4,A1,random,random,False,0.033455095958082604,0.032274491315983964,0.00118060464209864,241.13989394877842,274.4988702125839
A1_w4,A1,random,random,False,0.050457551755515244,0.02977495578453558,0.020682595970979663,138.01271701028818,187.98522235731556
A1_w4,A1,random,random,False,0.03984785306162733,0.036239556132890295,0.0036082969287370356,145.3365648634915,219.482003919832
A1_w4,A1,random,random,False,0.0023936438703449276,0.0016198523634820994,0.0007737915068628282,290.01971461659065,89.47006642570766
A1_w4,A1,random,random,False,0.02617169415906048,0.023332926563259505,0.0028387675958009735,115.05787212713828,201.10083885380027
A1_w4,A1,random,random,False,0.01866012386767669,0.0003636577324310756,0.018296466135245618,353.4080092415769,9.55899559548618
A1_w4,A1,random,random,False,0.007686334639890695,0.015924749583084447,-0.008238414943193752,39.414751871157364,304.2202418037573
A1_w4,A1,random,random,False,0.0,0.009158025760898447,-0.009158025760898447,364.43866226689266,195.45706322776786
A1_w4,A1,random,random,False,0.03795593685731835,0.029334788608227157,0.008621148249091194,243.8938071169443,211.5683646250202
A1_w4,A1,random,random,False,0.00941646136119068,0.016186645431513595,-0.006770184070322914,283.50652121412196,327.44929944967345
A1_w4,A1,random,random,False,0.044793033228675574,0.03402056869474227,0.010772464533933303,320.14879993812747,254.80742917939193
A1_w4,A1,random,random,False,0.019477229406653758,0.02622422418422041,-0.006746994777566653,296.5295010021987,281.2977883558651
A1_w4,A1,random,random,False,0.029573448676164793,0.01054946525010561,0.019023983426059182,204.95154908020814,3.7900171026032172
A1_w4,A1,random,random,False,0.009577999291111906,0.023476145368016302,-0.013898146076904396,288.33553339244867,270.5382935666842
A1_w4,A1,random,random,False,0.027885962449594598,0.02771750279311408,0.00016845965648051853,109.90053974453326,157.63138559262154
A1_w4,A1,random,random,False,0.04388492077804947,0.036935818922838495,0.006949101855210978,116.48281718710476,138.67152230401982
A1_w4,A1,random,random,False,2.8417535506795678e-05,0.00023086251265204915,-0.00020244497714525347,364.4087516815645,108.45933034070099
A1_w4,A1,random,random,False,0.022292822478592406,0.008785979580838967,0.013506842897753439,186.4191440874951,307.44068685695885
A1_w4,A1,random,random,False,0.021026456967679616,0.01790018098527636,0.0031262759824032572,35.94824838086844,110.03038324625987
A1_w4,A1,random,random,False,0.0004983722318883649,0.024030910153926055,-0.02353253792203769,310.9942703717665,198.18665360277637
A1_w4,A1,random,random,False,0.005671010715095483,0.00990951150044771,-0.004238500785352228,167.5525187751785,256.8280870453223
A1_w4,A1,random,random,False,0.016882193343172203,0.009243502219843786,0.0076386911233284165,177.13043941111619,136.7053400863658
A1_w4,A1,random,random,False,0.0238222215396104,0.039599727138512834,-0.015777505598902435,303.9891735266109,354.3155905168329
A1_w4,A1,random,random,False,0.003464733039712153,0.007451051772426838,-0.003986318732714685,38.24230730151814,12.204713251644876
A1_w4,A1,random,random,False,0.05982369014570593,0.016025331698990477,0.04379835844671545,339.98303403862315,200.5707284583069
A1_w4,A1,random,random,False,0.0018234906232344728,0.006508423770998599,-0.004684933147764126,117.54914196472988,312.5403412141677
A1_w4,A1,random,random,False,0.05288618504273679,0.0235695361034722,0.029316648939264587,140.24052505338133,63.73243040072918
A1_w4,A1,random,random,False,0.0069502534078833755,0.00663501249874973,0.0003152409091336456,201.11015052662796,354.49196458619497
A1_w4,A1,random,random,False,0.0036565672423374907,0.007688074956032593,-0.004031507713695102,181.74058338259758,294.76933173640333
A1_w4,A1,random,random,False,0.035154132844696935,0.023720695978590854,0.011433436866106081,298.98043157740017,260.0233969730698
A1_w4,A1,random,random,False,0.002615391460078215,0.006987302208739223,-0.004371910748661008,184.88555860280732,283.50212354387355
A1_w4,A1,random,random,False,0.00441081981360049,0.009270990455166554,-0.004860170641566064,181.5357322764276,123.39958746644024
A1_w4,A1,random,random,False,0.019763781891542282,0.023134195750682852,-0.0033704138591405704,240.23940058739728,88.12615278920062
A1_w4,A1,random,random,False,0.028527948509287648,0.019518711200394046,0.009009237308893601,151.7297760048075,158.31886778152705
A1_w4,A1,random,random,False,0.007906035478730509,0.027486890706365584,-0.019580855227635075,278.1835800178169,168.42148872495298
A1_w4,A1,random,random,False,0.04223626189202564,0.04283791453901698,-0.0006016526469913436,63.546920505001026,116.1771223808448
A1_w4,A1,random,random,False,0.0015432353112534683,0.0028985560358382647,-0.0013553207245847964,321.44177758868375,43.334003566649564
A1_w4,A1,random,random,False,0.03842006228637521,0.014927012832431492,0.02349304945394372,130.69698856380634,64.95444484650305
A1_w4,A1,random,random,False,0.007375731735074761,0.006158867591805344,0.0012168641432694178,200.0864994979347,255.30273647545178
A1_w4,A1,random,random,False,0.01278657077427607,0.008416413272965101,0.004370157501310968,179.83757826764827,112.62540655879185
A1_w4,A1,random,random,False,0.043380759126793594,0.04360895190498868,-0.00022819277819508682,45.35967756614561,250.72052447411582
A1_w4,A1,random,random,False,0.00015255989416884327,0.0012515248649939935,-0.0010989649708251503,278.9337864487896,38.17558931563683
A1_w4,A1,random,random,False,0.04492778305638906,0.03466775354170928,0.010260029514679782,46.785173747271116,220.38083523207573
A1_w4,A1,random,random,False,0.008711582182311984,0.017630429796112655,-0.00891884761380067,30.677816969750197,293.86112594931
A1_w4,A1,random,random,False,0.025241666107117783,0.025477423405310905,-0.0002357572981931226,88.52759132061526,293.0136087214811
A1_w4,A1,random,random,False,0.005057263001352745,0.01645416692087656,-0.011396903919523813,20.44855427917584,49.47726487772649
A1_w4,A1,random,random,False,0.05143509290497885,0.037479830018594194,0.013955262886384656,29.465418633697503,261.0263568721542
A1_w4,A1,random,random,False,0.017142699594052555,0.010694614756334056,0.0064480848377184985,218.60569906018227,339.61785858985263
A1_w4,A1,random,random,False,0.00968805529864695,0.0391793325135785,-0.029491277214931555,260.6211996767027,338.78796760603825
A1_w4,A1,random,random,False,0.018794045957129232,0.026140682371688182,-0.00734663641455895,175.25057698577362,205.87234396602597
A1_w4,A1,random,random,False,0.018344495043962298,0.02335248361856375,-0.005007988574601451,43.26326848882311,120.93544094713283
A1_w4,A1,random,random,False,0.014059944195514668,0.019626270272628036,-0.005566326077113368,269.7829492541108,249.4652903431048
A1_w4,A1,random,random,False,0.018774695957933372,0.028059398099282436,-0.009284702141349063,104.2581242190708,11.084713785820657
A1_w4,A1,random,random,False,0.034952303160944734,0.01988030216342895,0.015072000997515784,137.50638448326748,59.55547854421286
A1_w4,A1,random,random,False,0.03219185967198063,0.027031974507144927,0.0051598851648357,248.08870375989184,276.66985560632463
A1_w4,A1,random,random,False,0.001976944708868522,0.029692111010829574,-0.027715166301961053,30.002869572924684,81.82239709366526
A1_w4,A1,random,random,False,0.05197370997564793,0.028873708782548493,0.023100001193099438,255.27514038361252,356.7237727620954
A1_w4,A1,random,random,False,0.0032429988257802016,0.004509262619719908,-0.0012662637939397066,210.67630020203765,27.958488971252557
A1_w4,A1,random,random,False,0.006377296425988519,0.01377315052539053,-0.00739585409940201,113.01612757939203,21.68680761846957
A1_w4,A1,random,random,False,0.0020871920680055876,0.003473310648245325,-0.0013861185802397373,280.9780725177041,89.2668418490766
A1_w4,A1,random,random,False,0.024926480402073955,0.02659583992784033,-0.0016693595257663736,260.6930139415661,212.63428056464053
A1_w4,A1,random,random,False,0.0015608947440713837,0.009071175994880604,-0.00751028125080922,207.25916246193515,59.195966768852166
A1_w4,A1,random,random,False,0.045967626174764076,0.0393248980720003,0.006642728102763777,137.0640840144501,199.44803600439934
A1_w4,A1,random,random,False,0.0033151163864426196,0.03562550840123114,-0.03231039201478852,36.257113954855996,184.2361856827792
A1_w4,A1,random,random,False,0.011988601206530274,0.00888528189178202,0.0031033193147482537,175.97872043878854,148.32670489293687
A1_w4,A1,random,random,False,0.0414874215078888,0.03423180792796773,0.007255613579921064,77.41136440288642,214.21746719626046
A1_w4,A1,random,random,False,0.0,0.0008251816343902861,-0.0008251816343902861,359.96964224668324,52.07973969036152
A1_w4,A1,random,random,False,0.01847233239514002,0.027212470585026804,-0.008740138189886785,107.57517029925812,200.99285083123502
A1_w4,A1,random,random,False,0.054076771839946185,0.022401645328503837,0.031675126511442345,138.6025985589935,67.94936917469286
A1_w4,A1,random,random,False,0.04451456571835336,0.04492603448341715,-0.00041146876506378827,103.678922315871,266.51560111118357
A1_w4,A1,random,random,False,0.0,0.00039237612858430233,-0.00039237612858430233,357.44825676090187,93.84752955856708
A1_w4,A1,random,random,False,0.007254900511756502,0.016512290667974074,-0.009257390156217573,122.88179669424272,301.90497121566756
A1_w4,A1,random,random,False,0.02226146049264842,0.03395046795422668,-0.011689007461578263,112.08838764657949,285.61246478911573
A1_w4,A1,random,random,False,0.013519415828227401,0.027360230782906874,-0.013840814954679473,268.84057750351235,233.0494884635227
A1_w4,A1,random,random,False,0.03626893408207081,0.0357257461018036,0.0005431879802672082,146.75790502942334,220.9148493150051
A1_w4,A1,random,random,False,0.03659545091844755,0.02205690800645057,0.01453854291199698,57.85561464629505,351.3672322402027
A1_w4,A1,random,random,False,5.66608789520075e-05,0.0008712993329314215,-0.0008146384539794141,342.12924494719914,110.20223513392682
A1_w4,A1,random,random,False,0.000995701401344128,0.0008114321322491782,0.0001842692690949497,340.8362930174844,114.41520870085365
A1_w4,A1,random,random,False,0.022353819172846696,0.02759404053995329,-0.005240221367106595,101.23062753872698,236.39818364024327
A1_w4,A1,random,random,False,0.049458961568036475,0.038538448330059524,0.01092051323797695,55.26103171456141,226.1501258219021
A1_w4,A1,random,random,False,0.024989514981141565,0.017349867155173317,0.007639647825968248,180.4569809939575,192.2014733230671
A1_w4,A1,random,random,False,0.0024734160531500672,0.002185908569784386,0.00028750748336568103,285.30679912153386,88.15224581655777
A1_w4,A1,random,random,False,0.03896021558905874,0.011677952722832938,0.0272822628662258,255.62503840081928,183.84179758684456
A1_w4,A1,random,random,False,0.016699183697048762,0.01432234593851331,0.002376837758535451,246.3757424873585,81.86749425491885
A1_w4,A1,random,random,False,0.014299785089637617,0.0038665602186680153,0.010433224870969602,155.541246874738,23.030722579792926
A1_w4,A1,random,random,False,0.009060997583420011,0.023471833240250806,-0.014410835656830795,97.97825628180982,171.8000683118113
A1_w4,A1,random,random,False,0.04026025890603016,0.030178957489239364,0.010081301416790797,137.60513250254138,121.79981698948441
A1_w4,A1,random,random,False,0.0022967872336269604,0.017374729118007165,-0.015077941884380205,15.99491765510456,175.952654196399
A1_w4,A1,random,random,False,0.006741592641398683,0.006066645263704182,0.0006749473776945011,138.7303511040104,333.1923430023286
A1_w4,A1,random,random,False,0.005123080635856755,0.0047775265872354936,0.0003455540486212612,207.75105119049337,151.79379565986392
A1_w4,A1,random,random,False,0.030844814962665123,0.04290329949143561,-0.01205848452877049,50.886588532433464,280.1464559388976
A1_w4,A1,random,random,False,0.00624127930697689,0.009660158378839828,-0.003418879071862938,112.18597869794161,307.1335039711889
A1_w4,A1,random,random,False,0.046913123486000914,0.045288636637460605,0.0016244868485403088,82.21496204192682,255.93528559585826
A1_w4,A1,random,random,False,0.028674410538096697,0.03568773651589255,-0.007013325977795852,32.96813628210097,225.6600811536507
A1_w4,A1,random,random,False,0.00427068204401855,0.018927036454642193,-0.014656354410623643,350.8321496050145,362.06099857513544
A1_w4,A1,random,random,False,0.045450940944601115,0.03152113860550245,0.013929802339098664,39.92153656667889,355.4555249938884
A1_w4,A1,random,random,False,0.047101304538983084,0.02959830026990115,0.017503004269081933,351.6494502432977,218.89351307330028
A1_w4,A1,random,random,False,0.026808183889806343,0.01442390377272807,0.012384280117078272,60.21313995765505,5.319140887445735
A1_w4,A1,random,random,False,0.009413706159760884,0.007123274901568648,0.0022904312581922366,187.90204827395246,113.52097755263405
A1_w4,A1,random,random,False,0.004777053535534233,0.013348695970675888,-0.008571642435141654,244.86719681824863,167.2197851742365
A1_w4,A1,random,random,False,0.0015098291147460218,0.013786187390853032,-0.01227635827610701,164.6143631258251,49.75987848576623
A1_w4,A1,random,random,False,0.0556115650520058,0.025520302496896307,0.03009126255510949,147.6104642925272,104.62404667207007
A1_w4,A1,random,random,False,0.0,0.0008945741252753365,-0.0008945741252753365,344.4913460813504,102.11513884585572
A1_w4,A1,random,random,False,0.02960567521502402,0.021461959861138476,0.008143715353885545,94.72665030181234,187.60605145488466
A1_w4,A1,random,random,False,0.02392622425739272,0.023911866952650174,1.4357304742546734e-05,281.1723635770722,341.87030376179933
A2_w2,A2,manual,matched,True,0.027259186681711466,0.018694192631687003,0.008564994050024463,15.212278876170656,13.61394380853278
A2_w2,A2,manual,matched,True,0.03402064278246985,0.02877629733628356,0.00524434544618629,53.5723204994797,28.53173777315297
A2_w2,A2,manual,matched,True,0.027628942284268484,0.028488458652862092,-0.0008595163685936082,43.44953173777316,49.310093652445374
A2_w2,A2,manual,missed_both,False,0.017820732990366087,0.02617776123065874,-0.008357028240292653,81.27679500520291,8.818938605619145
A2_w2,A2,manual,matched,True,0.03747703870668014,0.02209823871099317,0.015378799995686972,120.16961498439125,24.269510926118627
A2_w2,A2,manual,matched,True,0.040019112327335064,0.03247157077955622,0.007547541547778841,87.67013527575442,37.05619146722164
A2_w2,A2,manual,matched,True,0.04775971873914924,0.03465551241973697,0.013104206319412275,102.58792924037462,60.49843912591051
A2_w2,A2,manual,matched,True,0.04050422273188498,0.02397180411803586,0.01653241861384912,93.53069719042664,81.27679500520291
A2_w2,A2,manual,matched,True,0.026169879773367696,0.024250812711906194,0.0019190670614615025,63.69510926118626,102.0551508844953
A2_w2,A2,manual,matched,True,0.028378181446781503,0.03764383189920044,-0.009265650452418936,23.736732570239333,103.12070759625392
A2_w2,A2,manual,matched,True,0.03128307359614492,0.022081647830242496,0.009201425765902424,40.78563995837669,127.09573361082208
A2_w2,A2,manual,missed_both,False,0.03853887430897178,0.035596754232691805,0.002942120076279975,20.54006243496358,121.76795005202914
A2_w2,A2,manual,matched,True,0.029793809419466806,0.030157439305417085,-0.00036362988595027915,15.212278876170656,138.2840790842872
A2_w2,A2,manual,missed_both,False,0.026753185097612993,0.030944837046078973,-0.0041916519484659805,45.04786680541103,76.48178980228928
A2_w2,A2,manual,missed_both,False,0.02426401751008517,0.027214650978129043,-0.002950633468043872,18.40894901144641,62.096774193548384
A2_w2,A2,manual,matched,True,0.032590389850013585,0.017489956786830973,0.015100433063182612,218.73361082206037,429.71383975026015
A2_w2,A2,manual,matched,True,0.03289564183777745,0.031064299111555158,0.0018313427262222903,193.16024973985432,416.92715920915714
A2_w2,A2,manual,matched,True,0.04145575027602418,0.036960767022644676,0.004494983253379506,172.38189386056192,409.4682622268471
A2_w2,A2,manual,matched,True,0.039048001599402214,0.038734550572057866,0.0003134510273443483,136.15296566077004,403.6077003121748
A2_w2,A2,manual,matched,True,0.03129938765340831,0.03669796278138949,-0.005398575127981177,122.30072840790842,394.0176899063475
A2_w2,A2,manual,matched,True,0.03664079609975503,0.03041231625422846,0.0062284798455265675,99.39125910509888,392.4193548387097
A2_w2,A2,manual,matched,True,0.03120339409005041,0.019383732578757477,0.011819661511292934,47.7117585848075,396.14880332986473
A2_w2,A2,manual,missed_both,False,0.021427652418044302,0.02863814523179655,-0.0072104928137522485,74.3506763787721,383.3621227887617
A2_w2,A2,manual,matched,True,0.04023100979307175,0.02673543508939582,0.013495574703675933,37.05619146722164,366.8459937565036
A2_w2,A2,manual,matched,True,0.03544063128868171,0.028163911991723842,0.007276719296957869,124.4318418314256,356.7232049947971
A2_w2,A2,manual,matched,True,0.032432667896670125,0.03046294831939486,0.001969719577275264,87.67013527575442,307.17481789802287
A2_w2,A2,manual,matched,True,0.028381021674788152,0.032583618334858996,-0.004202596660070845,73.28511966701353,322.0926118626431
A2_w2,A2,manual,matched,True,0.0353724117488992,0.03213516974405934,0.003237242004839859,50.90842872008325,312.5026014568158
A2_w2,A2,manual,matched,True,0.039584594879797666,0.03146081271862986,0.008123782161167804,13.61394380853278,269.8803329864724
A2_w2,A2,manual,missed_both,False,0.03363211355507239,0.028528521370675592,0.005103592184396797,80.74401664932363,286.9292403746098
A2_w2,A2,manual,matched,True,0.037360591428540195,0.03388819821202377,0.003472393216516427,62.629552549427686,260.82310093652444
A2_w2,A2,manual,matched,True,0.03641310041010083,0.03110700815987164,0.005306092250229193,69.55567117585848,229.38917793964615
A2_w2,A2,manual,matched,True,0.03217929747434949,0.03249364724726757,-0.00031434977291807525,88.20291363163372,209.6763787721124
A2_w2,A2,manual,missed_both,True,0.03015779819866023,0.03076143668871843,-0.000603638490058199,90.86680541103016,182.5046826222685
A2_w2,A2,manual,matched,True,0.038659675365953265,0.029470222966496533,0.009189452399456732,96.19458896982307,144.67741935483872
A2_w2,A2,manual,matched,True,0.04207517002277799,0.03318343737230527,0.008891732650472717,162.79188345473466,162.79188345473466
A2_w2,A2,manual,matched,True,0.04297252924767668,0.03500638620411728,0.007966143043559401,192.62747138397503,176.64412070759624
A2_w2,A2,manual,matched,True,0.04547082621971353,0.03981602538679952,0.00565480083291401,134.55463059313217,169.71800208116545
A2_w2,A2,manual,missed_both,False,0.03066148076419793,0.022197958464512627,0.008463522299685302,180.9063475546306,206.47970863683665
A2_w2,A2,manual,matched,True,0.025070997365122135,0.03455230208150043,-0.009481304716378296,193.6930280957336,135.08740894901143
A2_w2,A2,manual,matched,True,0.03774685213271766,0.03614026844772833,0.0016065836849893309,178.77523413111342,92.99791883454732
A2_w2,A2,manual,matched,True,0.03318284750047941,0.02989361718896045,0.0032892303115189606,185.7013527575442,69.55567117585848
A2_w2,A2,manual,matched,True,0.04118154680448561,0.03470364787867158,0.006477898925814032,211.27471383975023,88.20291363163372
A2_w2,A2,manual,matched,True,0.0468040876207055,0.03734072477735631,0.009463362843349192,211.27471383975023,112.17793964620188
A2_w2,A2,manual,matched,True,0.0394639628438584,0.035623505664635034,0.003840457179223364,233.11862643080127,85.53902185223725
A2_w2,A2,manual,matched,True,0.03106944553954879,0.025145745465558374,0.005923700073990415,199.0208116545265,44.51508844953173
A2_w2,A2,manual,matched,True,0.035788602792115015,0.025427220936928275,0.01036138185518674,215.5369406867846,37.58896982310094
A2_w2,A2,manual,matched,True,0.04445934854386328,0.03354493790681107,0.010914410637052209,257.0936524453694,47.7117585848075
A2_w2,A2,manual,matched,True,0.04297301557727932,0.020176152364748987,0.02279686321253033,259.75754422476587,74.88345473465141
A2_w2,A2,manual,missed_both,False,0.0419339267373749,0.034207654529246866,0.007726272208128035,280.53590010405827,22.138397502601457
A2_w2,A2,manual,matched,True,0.046291845051193214,0.03243026421527416,0.013861580835919055,288.52757544224767,2.958376690946928
A2_w2,A2,manual,matched,True,0.037848260087171404,0.031181841855123557,0.0066664182320478466,305.0437044745057,39.7200832466181
A2_w2,A2,manual,matched,True,0.030880903035552708,0.033387945411866855,-0.0025070423763141475,318.8959417273673,33.859521331945885
A2_w2,A2,manual,matched,True,0.020614003720646288,0.03888056072582359,-0.018266557005177302,303.97814776274714,15.212278876170656
A2_w2,A2,manual,matched,True,0.0450818565804349,0.03342967303691496,0.01165218354351994,348.7315296566077,4.556711758584811
A2_w2,A2,manual,matched,True,0.04307126127630521,0.03984851028335917,0.0032227509929460343,342.3381893860562,35.45785639958376
A2_w2,A2,manual,matched,True,0.05906433057956423,0.043078613761220304,0.015985716818343924,365.780437044745,55.70343392299688
A2_w2,A2,manual,matched,True,0.04573099445441243,0.02818888213243658,0.017542112321975847,345.53485952133195,88.73569198751301
A2_w2,A2,manual,matched,True,0.046518572042006705,0.04212671384096838,0.004391858201038323,358.8543184183143,86.60457856399584
A2_w2,A2,manual,matched,True,0.057179286678671504,0.04225997478078837,0.014919311897883133,370.0426638917794,117.5057232049948
A2_w2,A2,manual,matched,True,0.05440116263563297,0.04412700888059686,0.010274153755036111,368.9771071800208,144.67741935483872
A2_w2,A2,manual,matched,True,0.057302243726608665,0.04662464560695322,0.010677598119655442,384.9604578563996,160.66077003121748
A2_w2,A2,manual,matched,True,0.039405124247248347,0.03963464235794279,-0.00022951811069444467,368.4443288241415,201.1519250780437
A2_w2,A2,manual,matched,True,0.037350339899333465,0.025914223837166454,0.01143611606216701,407.8699271592092,200.08636836628511
A2_w2,A2,manual,matched,True,0.035238314648627964,0.030070365219194952,0.0051679494294330115,397.2143600416233,216.0697190426639
A2_w2,A2,manual,matched,True,0.03735980932681856,0.03700127585721415,0.00035853346960441207,365.2476586888658,221.9302809573361
A2_w2,A2,manual,matched,True,0.059678954072995914,0.02802486028323815,0.03165409378975777,398.8126951092612,237.3808532778356
A2_w2,A2,manual,missed_both,False,0.04382950771957263,0.03238320735116047,0.011446300368412154,397.2143600416233,255.4953173777315
A2_w2,A2,manual,matched,True,0.0422882726245634,0.035368120365695414,0.006920152258867988,377.5015608740895,261.888657648283
A2_w2,A2,manual,matched,True,0.03590530887722066,0.0309978656540564,0.004907443223164262,357.2559833506764,245.90530697190428
A2_w2,A2,manual,missed_both,True,0.03432858474286352,0.030802593915125593,0.00352599082773793,348.1987513007284,266.6836628511967
A2_w2,A2,manual,missed_both,True,0.04371518831321381,0.026245104440438278,0.017470083872775533,332.2154006243496,275.20811654526534
A2_w2,A2,manual,missed_both,False,0.05351944329356694,0.03927765437988622,0.01424178891368072,390.2882414151925,280.53590010405827
A2_w2,A2,manual,matched,True,0.04210496344664162,0.03248328525588346,0.00962167819075816,335.4120707596254,296.51925078043706
A2_w2,A2,manual,matched,True,0.03636273474074574,0.036555175238000774,-0.00019244049725503087,373.7721123829344,333.2809573361082
A2_w2,A2,manual,matched,True,0.04909906951743004,0.04786399862106211,0.001235070896367929,388.68990634755465,310.37148803329865
A2_w2,A2,manual,matched,True,0.03098591159175841,0.035657542186817534,-0.004671630595059123,392.95213319458895,357.2559833506764
A2_w2,A2,manual,matched,True,0.0344329153341867,0.030435458798520183,0.003997456535666518,350.8626430801249,352.4609781477628
A2_w2,A2,manual,matched,True,0.04435623851591072,0.03628025332366453,0.008075985192246192,380.16545265348594,374.837669094693
A2_w2,A2,manual,matched,True,0.05171121027581257,0.033691288342690334,0.018019921933122234,357.78876170655565,414.2632674297607
A2_w2,A2,manual,matched,True,0.045086834384674,0.030779469994974645,0.014307364389699356,348.1987513007284,370.0426638917794
A2_w2,A2,manual,matched,True,0.03177451099825775,0.031683345659182655,9.116533907509855e-05,396.681581685744,411.5993756503642
A2_w2,A2,manual,matched,True,0.03273090743643935,0.03359625296275444,-0.0008653455263150853,392.95213319458895,431.3121748178981
A2_w2,A2,manual,matched,True,0.028342824304061386,0.015625267494284598,0.012717556809776789,159.0624349635796,316.7648283038501
A2_w2,A2,manual,matched,True,0.0353073990467863,0.024286307758007913,0.011021091288778387,152.6690946930281,291.19146722164413
A2_w2,A2,manual,matched,True,0.06514081658373283,0.016948639747798627,0.0481921768359342,157.46409989594173,245.90530697190428
A2_w2,A2,manual,matched,True,0.06164233274248748,0.02642033805087867,0.03522199469160881,163.85744016649323,269.34755463059315
A2_w2,A2,manual,matched,True,0.023244340622620634,0.01918658977329417,0.004057750849326466,181.9719042663892,255.4953173777315
A2_w2,A2,manual,matched,True,0.02226920182645813,0.01615278832445604,0.00611641350200209,187.2996878251821,226.19250780437045
A2_w2,A2,manual,missed_both,True,0.01407719915293124,0.005786925284288369,0.00829027386864287,215.0041623309053,226.72528616024977
A2_w2,A2,manual,matched,True,0.04053088622163122,0.02068495679405694,0.019845929427574283,188.89802289282,276.80645161290323
A2_w2,A2,manual,matched,True,0.06461031461700956,0.022519339175413985,0.04209097544159557,185.7013527575442,332.74817898022894
A2_w2,A2,manual,matched,True,0.04449986260169977,0.015300893352357089,0.029198969249342677,208.6108220603538,336.477627471384
A2_w2,A2,manual,missed_both,True,0.03214302593921596,0.020774374126901893,0.011368651812314067,170.25078043704474,297.0520291363163
A2_w2,A2,manual,missed_both,False,0.0295846762390881,0.016888883555158708,0.012695792683929393,192.09469302809572,307.7075962539022
A2_w2,A2,manual,missed_both,True,0.03556594915615693,0.018634768514456532,0.016931180641700395,213.40582726326744,318.8959417273673
A2_w2,A2,manual,matched,True,0.05494828465297003,0.023318814752169084,0.03162946990080095,224.0613943808533,280.00312174817896
A2_w2,A2,manual,matched,True,0.023485059381787254,0.02524078346909314,-0.001755724087305885,239.5119667013528,290.1259105098856
A2_w2,A2,manual,matched,True,0.022833621850329913,0.02156611486307896,0.0012675069872509527,227.79084287200837,257.6264308012487
A2_w2,A2,manual,matched,True,0.04314704444033916,0.014577807707098553,0.028569236733240612,266.6836628511967,215.0041623309053
A2_w2,A2,manual,matched,True,0.05028049417549473,0.013256599477472389,0.03702389469802234,222.4630593132154,183.03746097814772
A2_w2,A2,manual,matched,True,0.040099285537484264,0.007343081051012332,0.03275620448647193,247.50364203954217,138.8168574401665
A2_w2,A2,manual,matched,True,0.04152376274879853,0.008172888237011709,0.033350874511786824,268.2819979188345,103.6534859521332
A2_w2,A2,manual,matched,True,0.027009712979449988,0.013583642972537094,0.013426070006912894,275.20811654526534,134.02185223725286
A2_w2,A2,manual,matched,True,0.017341888461081652,0.013242547159414836,0.004099341301666816,291.19146722164413,161.72632674297606
A2_w2,A2,manual,matched,True,0.05242990374111348,0.02120084665114018,0.031229057089973304,306.1092611862643,200.6191467221644
A2_w2,A2,manual,matched,True,0.03549729676365877,0.020616533875243086,0.014880762888415687,282.13423517169616,176.64412070759624
A2_w2,A2,manual,matched,True,0.048103218577873,0.019089685281101075,0.029013533296771928,260.2903225806452,158.5296566077003
A2_w2,A2,manual,missed_both,True,0.030896261839316066,0.01856607512117871,0.012330186718137355,295.98647242455775,92.46514047866803
A2_w2,A2,manual,matched,True,0.035916741200378695,0.01466064890985339,0.021256092290525302,315.6992715920916,88.73569198751301
A2_w2,A2,manual,matched,True,0.022045962567941495,0.017830904003127982,0.004215058564813513,298.6503642039542,111.6451612903226
A2_w2,A2,manual,missed_both,False,0.021343927922868128,0.027406371342506244,-0.006062443419638117,314.1009365244537,103.6534859521332
A2_w2,A2,manual,matched,True,0.04334088952444409,0.020600510425497903,0.02274037909894619,326.8876170655567,128.16129032258064
A2_w2,A2,manual,matched,True,0.03779173126590438,0.016282234152034704,0.021509497113869673,304.51092611862646,131.3579604578564
A2_w2,A2,manual,matched,True,0.012534760522358817,0.020207927391511664,-0.007673166869152847,323.15816857440166,228.3236212278876
A2_w2,A2,manual,matched,True,0.05482483732448195,0.020168266651999982,0.03465657067248197,298.6503642039542,234.7169614984391
A2_w2,A2,manual,matched,True,0.05094065136345996,0.006384287817887354,0.0445563635455726,279.4703433922997,287.4620187304891
A2_w2,A2,manual,matched,True,0.03964975377061648,0.010890546476104242,0.028759207294512243,271.4786680541103,314.1009365244537
A2_w2,A2,manual,matched,True,0.03926270211768075,0.022551529883526572,0.01671117223415418,248.56919875130075,359.91987513007285
A2_w2,A2,manual,matched,True,0.03879496297950593,0.01935507257311093,0.019439890406395,281.60145681581685,354.5920915712799
A2_w2,A2,manual,matched,True,0.026693379244803344,0.019120600884939706,0.007572778359863638,300.2486992715921,347.6659729448491
A2_w2,A2,manual,matched,True,0.03598397463135573,0.022208224279095468,0.013775750352260259,313.5681581685744,364.1821019771072
A2_w2,A2,manual,missed_both,False,0.023051793330110447,0.0202067999777129,0.0028449933523975457,296.51925078043706,374.30489073881375
A2_w2,A2,manual,matched,True,0.02355399954194475,0.02727654734732935,-0.0037225478053846024,334.8792924037461,403.6077003121748
A2_w2,A2,manual,matched,True,0.014723782605300518,0.016692465091670758,-0.0019686824863702403,334.8792924037461,422.7877211238293
A2_w2,A2,manual,matched,True,0.03146979194279848,0.009507170897263238,0.021962621045535244,305.57648283038503,423.32049947970864
A2_w2,A2,manual,matched,True,0.04273624788063633,0.013117080946600551,0.02961916693403578,240.57752341311132,401.47658688865766
A2_w2,A2,manual,missed_both,False,0.02918500260461783,0.019191517571579844,0.009993485033037985,210.74193548387095,380.69823100936526
A2_w2,A2,manual,matched,True,0.03419708299931079,0.023011990804671187,0.011185092194639604,195.8241415192508,372.7065556711759
A2_w2,A2,manual,matched,True,0.025818952500743605,0.005543772647103148,0.020275179853640458,278.4047866805411,245.37252861602497
A2_w2,A2,manual,matched,True,0.026048988837110282,0.007142254462564807,0.018906734374545476,298.1175858480749,298.6503642039542
A2_w2,A2,manual,missed_both,False,0.00954747653301359,0.007933329132021653,0.0016141474009919374,311.96982310093654,323.690946930281
A2_w2,A2,manual,matched,True,0.042835535721250366,0.03732088250088238,0.005514653220367989,23.20395421436004,299.1831425598335
A2_w2,A2,random,random,False,0.040357869707841706,0.03333033277541524,0.007027536932426463,178.34008908635838,106.41607044151192
A2_w2,A2,random,random,False,0.03230079022401069,0.03061543283835246,0.0016853573856582295,114.1249043622652,357.337999200667
A2_w2,A2,random,random,False,0.036043135266779144,0.03695211572713861,-0.0009089804603594626,366.5749969535352,211.12543188562375
A2_w2,A2,random,random,False,0.007285049590553007,0.01172640893886247,-0.004441359348309463,254.51141386132164,291.1048759593869
A2_w2,A2,random,random,False,0.026799209846706123,0.029438927019468437,-0.0026397171727623146,91.45473894333371,167.47279534113045
A2_w2,A2,random,random,False,0.03122873469462603,0.029408417502134316,0.0018203171924917154,10.977383649489397,143.3741174184186
A2_w2,A2,random,random,False,0.028972041106813697,0.030482761720323548,-0.0015107206135098507,104.14177403913922,302.817320393811
A2_w2,A2,random,random,False,0.008132566336921238,0.008257555206570455,-0.0001249888696492167,10.999644519633215,432.1857123980975
A2_w2,A2,random,random,False,0.021912744350936403,0.02756783035691153,-0.005655086005975127,55.87770351050711,61.50246730652865
A2_w2,A2,random,random,False,0.03567730863750516,0.023602175606748838,0.01207513303075632,295.9661977288838,203.95455082992356
A2_w2,A2,random,random,False,0.010314345253241007,0.01742307191975712,-0.007108726666516112,84.99162381075072,416.22092997964296
A2_w2,A2,random,random,False,0.02732810659254744,0.03239850229172564,-0.0050703956991782,80.59279343834137,225.69857294754843
A2_w2,A2,random,random,False,0.01384899507179741,0.012470698323938172,0.0013782967478592374,295.9231569210639,163.51114211535466
A2_w2,A2,random,random,False,0.05352990715979523,0.04940078512610313,0.004129122033692097,364.5579347493984,158.11616632978374
A2_w2,A2,random,random,False,0.04338687620218383,0.023880753674142455,0.019506122528041375,118.69675016316299,309.9176953798331
A2_w2,A2,random,random,False,0.003606807587412083,0.022522402045207758,-0.018915594457795674,181.680939422975,314.8360578411481
A2_w2,A2,random,random,False,0.045594225468212325,0.03851690903833895,0.007077316429873373,207.92278094945584,111.2081319776416
A2_w2,A2,random,random,False,0.005124702208876523,0.024205334518173457,-0.019080632309296935,140.6969592116266,312.0308205929298
A2_w2,A2,random,random,False,0.0240264412958581,0.029536442622012733,-0.0055100013261546316,153.8553928254814,191.77857117030413
A2_w2,A2,random,random,False,0.012694053404628753,0.01698121117178966,-0.004287157767160906,221.22044733483762,158.78083830678955
A2_w2,A2,random,random,False,0.005923013268034091,0.012518667858656001,-0.00659565459062191,107.61806520858639,112.54355851006383
A2_w2,A2,random,random,False,0.035843035743192725,0.03378195085701252,0.0020610848861802034,341.98116983421994,270.2809182235958
A2_w2,A2,random,random,False,0.015495083194617454,0.02490839515965214,-0.009413311965034685,157.6046440431087,334.37956141686493
A2_w2,A2,random,random,False,0.015550763741050161,0.015114572681950454,0.00043619105909970673,297.91696733963994,425.13245365627984
A2_w2,A2,random,random,False,0.029601629502670448,0.015648071365286852,0.013953558137383595,309.393012674823,184.51172404332974
A2_w2,A2,random,random,False,0.009152167824000454,0.017570431180207208,-0.008418263356206754,116.63243054180697,239.37458190121743
A2_w2,A2,random,random,False,0.029064090691936915,0.028739756439547938,0.0003243342523889768,397.27206195452703,138.11886021956036
A2_w2,A2,random,random,False,0.040636973234809304,0.03461959306978381,0.006017380165025496,349.0946908418,19.435575745473443
A2_w2,A2,random,random,False,0.03622302520568199,0.02422834979644559,0.011994675409236401,87.50445588596094,400.0423044480677
A2_w2,A2,random,random,False,0.031995057309190326,0.026387851341465967,0.0056072059677243595,28.240148675228944,68.66261396451011
A2_w2,A2,random,random,False,0.032791891903349,0.029212176096736063,0.0035797158066129403,235.06352657199074,267.6283961456847
A2_w2,A2,random,random,False,0.009871536457649656,0.017746770463044848,-0.007875234005395191,245.52427550071326,386.58459693547195
A2_w2,A2,random,random,False,0.020372692684492665,0.02309712345317087,-0.0027244307686782043,326.9663159855589,135.4391399905516
A2_w2,A2,random,random,False,0.018794109373359985,0.024428574814574264,-0.005634465441214279,104.30981276805575,290.3259030304068
A2_w2,A2,random,random,False,0.0029457162237212357,0.00907261593370656,-0.006126899709985324,127.78588464743231,88.15495825558767
A2_w2,A2,random,random,False,0.028496774574065943,0.01679191477896681,0.011704859795099134,121.9848643256084,299.9579007289946
A2_w2,A2,random,random,False,0.020086775369164752,0.023817491754264376,-0.0037307163850996243,5.1449890584931826,229.5379246081644
A2_w2,A2,random,random,False,0.023926188098165047,0.02647142030518653,-0.0025452322070214847,151.68814966536863,96.1286080332296
A2_w2,A2,random,random,False,0.003378386162169514,0.003277241646820591,0.00010114451534892288,161.98701931391693,18.562615151176157
A2_w2,A2,random,random,False,0.030796686625828715,0.028362363914704623,0.002434322711124093,347.0961239397086,170.33041417937423
A2_w2,A2,random,random,False,0.04195852180636217,0.029051460506991037,0.012907061299371133,399.3963455442264,282.6768973248448
A2_w2,A2,random,random,False,0.01425634537198463,0.017767745833339545,-0.003511400461354914,96.59966558487618,112.63487217510838
A2_w2,A2,random,random,False,0.01272627465795638,0.012095255359047905,0.0006310192989084744,154.81145387627683,218.04754718059633
A2_w2,A2,random,random,False,0.0023163234962256087,0.00994280945625483,-0.007626485960029221,296.7938113808361,327.3859639148465
A2_w2,A2,random,random,False,0.018401521513532776,0.009245254428497936,0.00915626708503484,144.7012241799567,215.36472500229323
A2_w2,A2,random,random,False,0.0441405903473637,0.024265796086801638,0.019874794260562063,238.0787556951827,5.88628173925145
A2_w2,A2,random,random,False,0.007206375676080585,0.011073830513753727,-0.003867454837673142,40.40827744304066,157.95392334887634
A2_w2,A2,random,random,False,0.03470930443060206,0.033262438121879116,0.001446866308722941,115.82616980051158,154.64706434966317
A2_w2,A2,random,random,False,0.0076417930209585145,0.012149276369912768,-0.004507483348954253,244.12970426587518,247.35158471036237
A2_w2,A2,random,random,False,0.0027369186986755754,0.012746759893396874,-0.010009841194721298,278.8202584950193,85.1349781429534
A2_w2,A2,random,random,False,0.018424119547037845,0.027033112282548545,-0.0086089927355107,25.9724057628448,246.207461661205
A2_w2,A2,random,random,False,0.003306564391601897,0.018018543801633966,-0.014711979410032069,226.58168823055553,393.85945016115613
A2_w2,A2,random,random,False,0.0393098334973715,0.038795038454707644,0.000514795042663857,364.61920558218253,290.1431344140764
A2_w2,A2,random,random,False,0.013473487940462743,0.008794506724806191,0.004678981215656552,324.67384150313205,332.44117951363864
A2_w2,A2,random,random,False,0.035407035614643555,0.027305789400404085,0.00810124621423947,113.46418718474466,145.17335915118565
A2_w2,A2,random,random,False,0.013387985184042364,0.013734211819654386,-0.0003462266356120212,234.66111036308865,347.4316696294647
A2_w2,A2,random,random,False,0.020984162684063022,0.03023797482921868,-0.009253812145155658,73.7192383056079,296.55988442382
A2_w2,A2,random,random,False,0.012541668155458284,0.02437604876547725,-0.011834380610018964,342.13594225822516,328.0800742490813
A2_w2,A2,random,random,False,0.0067996868055837925,0.02169951774052949,-0.014899830934945697,385.2229379483538,42.41456593278001
A2_w2,A2,random,random,False,0.008749801675955043,0.012299640153157137,-0.0035498384772020934,256.7943834829619,215.97023515196832
A2_w2,A2,random,random,False,0.03924627074171023,0.026274784173471902,0.012971486568238325,354.518998103967,191.98966216910677
A2_w2,A2,random,random,False,0.004148617835200523,0.01234414631633609,-0.008195528481135566,222.64240727515156,242.32665228653738
A2_w2,A2,random,random,False,0.042583446844473884,0.037872045097139165,0.004711401747334719,132.61141165031077,166.31923064927614
A2_w2,A2,random,random,False,0.036762037669319694,0.03878350881013363,-0.002021471140813934,402.936813286399,386.56765555384106
A2_w2,A2,random,random,False,0.030247420103103124,0.03506207510663345,-0.004814655003530326,364.1526670608106,265.10190010786823
A2_w2,A2,random,random,False,0.02040264076460605,0.021222159910301318,-0.0008195191456952695,192.2206676338635,206.45108574954935
A2_w2,A2,random,random,False,0.029786410111770478,0.031221428798682935,-0.0014350186869124572,270.2300520068304,46.014621326806896
A2_w2,A2,random,random,False,0.003190453399686254,0.01409590758467631,-0.010905454184990056,289.9318932830775,330.26517441629477
A2_w2,A2,random,random,False,0.013816946201945712,0.018196244998247037,-0.0043792987963013254,171.33042297326094,231.44900981571814
A2_w2,A2,random,random,False,0.03100164802685991,0.03296313042161257,-0.0019614823947526616,274.1971878195118,34.64094168478503
A2_w2,A2,random,random,False,0.042113717222385896,0.03649746279454769,0.0056162544278382034,363.4820454819483,308.00582505068826
A2_w2,A2,random,random,False,0.041028032225715265,0.034155850622232656,0.006872181603482609,359.1031246179024,231.53473235089731
A2_w2,A2,random,random,False,0.026798546499249964,0.031694364854395314,-0.00489581835514535,328.55840600686304,52.61912797878158
A2_w2,A2,random,random,False,0.026679183441061682,0.027812893264487798,-0.0011337098234261156,84.90016136269323,169.06586377383533
A2_w2,A2,random,random,False,0.013717613883070407,0.027808963357654544,-0.014091349474584137,431.4230708422486,395.2663383517308
A2_w2,A2,random,random,False,0.0254158625472857,0.021271106470060818,0.004144756077224882,19.487681818598464,7.589042106084576
A2_w2,A2,random,random,False,0.04649282242690288,0.026684318140211334,0.019808504286691543,345.3882118646213,370.6234116927475
A2_w2,A2,random,random,False,0.019707849742216184,0.02544469771598717,-0.005736847973770987,310.5282881541744,210.42513802730574
A2_w2,A2,random,random,False,0.013482904049564313,0.004662749359215764,0.00882015469034855,297.752210535137,269.44623026203567
A2_w2,A2,random,random,False,0.038821325319195896,0.03892545477791265,-0.0001041294587167535,347.650347440026,290.4641499357574
A2_w2,A2,random,random,False,0.010295397867098094,0.014637446230693383,-0.004342048363595289,250.11441538949956,301.4498608616885
A2_w2,A2,random,random,False,0.02983522495532194,0.033974941546441144,-0.004139716591119204,8.527102714186586,306.21832740845616
A2_w2,A2,random,random,False,0.04905942404840337,0.04070385071244505,0.008355573335958322,384.48069757374407,277.7622239376704
A2_w2,A2,random,random,False,0.012346114302526983,0.014841769254610275,-0.0024956549520832923,138.00827027959247,96.9075654458183
A2_w2,A2,random,random,False,0.02099234809824269,0.036374034128920436,-0.015381686030677747,253.43734885254193,1.738769116358744
A2_w2,A2,random,random,False,0.016173041892332946,0.02679144771290405,-0.010618405820571105,139.07776654859276,197.6471250715712
A2_w2,A2,random,random,False,0.029220739272953346,0.027905502627830613,0.0013152366451227339,348.0854422833841,103.16854413385673
A2_w2,A2,random,random,False,0.005306123600981174,0.007375495404362077,-0.002069371803380903,20.731642552172424,424.2901113286209
A2_w2,A2,random,random,False,0.033928758045109905,0.027345668470691142,0.006583089574418763,45.28659128750755,27.03706396748176
A2_w2,A2,random,random,False,0.04747988988138329,0.031022786109495125,0.016457103771888165,398.18419268535047,254.0868561695627
A2_w2,A2,random,random,False,0.037218996580026455,0.03577545865255212,0.0014435379274743351,382.0988971498967,392.3307625632068
A2_w2,A2,random,random,False,0.029259059375874363,0.03227704717238825,-0.0030179877965138893,193.1420772206689,141.53083472346802
A2_w2,A2,random,random,False,0.006289233563207389,0.01370838104222576,-0.007419147479018371,3.9102567291643937,332.3749690916821
A2_w2,A2,random,random,False,0.02876040038409361,0.0351836913665405,-0.006423290982446893,384.8486955652037,419.8689791559061
A2_w2,A2,random,random,False,0.03950677607280376,0.038184257435941844,0.001322518636861919,343.84850978230725,76.53488786262513
A2_w2,A2,random,random,False,0.019825729883348204,0.03376629993333101,-0.013940570049982805,323.9728812880637,53.81501978169885
A2_w2,A2,random,random,False,0.029868362220156704,0.01899055003981664,0.010877812180340063,233.8146992251308,357.58596260312805
A2_w2,A2,random,random,False,0.014505963353796711,0.017021402400637594,-0.002515439046840883,309.84464879145605,68.06386245473061
A2_w2,A2,random,random,False,0.04030273440843565,0.023011613263205805,0.01729112114522985,220.04679640104723,276.28198201866076
A2_w2,A2,random,random,False,0.01231749939197982,0.028699384177777797,-0.016381884785797978,86.14445033655328,10.651023273855243
A2_w2,A2,random,random,False,0.022799284903723384,0.025316731815592818,-0.0025174469118694337,80.59066188531688,168.11864198709975
A2_w2,A2,random,random,False,0.03861367733606617,0.025352908885536058,0.013260768450530109,339.25727840466334,306.4507264471946
A2_w2,A2,random,random,False,0.05586604994636398,0.026109331480141683,0.0297567184662223,170.6874161189304,273.91317784262174
A2_w2,A2,random,random,False,0.04857887456913382,0.04788824922603985,0.0006906253430939702,368.2558589527009,163.81564879459498
A2_w2,A2,random,random,False,0.025191364287212564,0.026926289489215497,-0.0017349252020029335,48.28984274245611,355.2979409576047
A2_w2,A2,random,random,False,0.020422533771886218,0.02806391405947735,-0.007641380287591131,125.31531315744829,432.0162768959187
A2_w2,A2,random,random,False,0.013785716090860389,0.02551275015443974,-0.011727034063579351,165.9883896450781,236.2900726103971
A2_w2,A2,random,random,False,0.013520827346968784,0.03346641357268584,-0.01994558622571705,291.6885285133142,202.52709684246517
A2_w2,A2,random,random,False,0.032070546239907446,0.030627889032071535,0.0014426572078359116,392.87194435186404,404.1843075420692
A2_w2,A2,random,random,False,0.031113468306121668,0.03406464070696577,-0.002951172400844103,185.89421245897648,433.43303510015653
A2_w2,A2,random,random,False,0.021076577834261777,0.02535136434982436,-0.004274786515562585,347.6209662396439,245.02339487049193
A2_w2,A2,random,random,False,0.03575700152097028,0.03555403072386069,0.00020297079710959037,189.73559916053884,100.63754565224342
A2_w2,A2,random,random,False,0.012028126255213092,0.015539296388272651,-0.003511170133059559,101.76389748963372,94.08944372652567
A2_w2,A2,random,random,False,0.028446387725340094,0.04085505982892965,-0.01240867210358956,386.31870341483943,255.87039062442648
A2_w2,A2,random,random,False,0.016162493141983515,0.01533583314254069,0.0008266599994428258,292.83215921214384,164.0748954105245
A2_w2,A2,random,random,False,0.030525628476731573,0.03157202220191824,-0.0010463937251866638,72.52963096449916,324.36561201364697
A2_w2,A2,random,random,False,0.028175841804246596,0.028800254667140042,-0.0006244128628934455,262.34746057341476,63.746876891182545
A2_w2,A2,random,random,False,0.021322883444244413,0.025791174872111335,-0.004468291427866922,259.42051327223936,353.55367586278106
A2_w2,A2,random,random,False,0.004360978380568779,0.016683443307369955,-0.012322464926801176,245.72378535846417,160.10269676228748
A2_w2,A2,random,random,False,5.771009127752744e-05,0.008159923125252945,-0.008102213033975417,265.00086975926314,385.8413432885627
A2_w2,A2,random,random,False,0.006573724813284908,0.015027703553687629,-0.008453978740402721,418.82979476014,242.61741298069887
A2_w2,A2,random,random,False,0.04578256621949307,0.030166832407765166,0.015615733811727907,112.00710160938496,53.07254130353504
A2_w2,A2,random,random,False,0.035453830143330325,0.03442097645516815,0.0010328536881621733,35.764621043527136,304.1597778744079
A2_w2,A2,random,random,False,0.04180470964651733,0.035332595846272435,0.006472113800244893,15.26078552378017,303.00133801922374
A2_w2,A2,random,random,False,0.0013261170751167422,0.01316312131247166,-0.011837004237354917,293.64200458638624,67.72664012188163
A2_w2,A2,random,random,False,0.04576138130561269,0.03034138415723121,0.015419997148381482,396.36100278733744,196.78275488018937
A2_w2,A2,random,random,False,0.021347943576458858,0.024239932682953772,-0.0028919891064949146,269.0635315952926,199.19452653948755
A2_w2,A2,random,random,False,0.005901962941442112,0.014871019095915277,-0.008969056154473165,384.485554003843,28.816731124475012
A2_w2,A2,random,random,False,0.018597744059106504,0.007899504089321682,0.010698239969784822,299.278808227814,312.4396116189147
A2_w2,A2,random,random,False,0.0239282093170106,0.0275895006789738,-0.0036612913619631995,144.71272279010054,148.88147622983442
A2_w2,A2,random,random,False,0.00561629926899205,0.01894856397611025,-0.0133322647071182,180.30527753182008,47.51097006599273
A2_w2,A2,random,random,False,0.006114551553198522,0.011059172789268486,-0.0049446212360699645,211.70842900027176,1.2056509554127266
A2_w2,A2,random,random,False,0.0023072599874233513,0.017585301407201548,-0.015278041419778197,126.35722401484767,71.70148202091424
A2_w4,A2,manual,matched,True,0.029227669685614605,0.015969699431365447,0.013257970254249157,66.89177939646201,395.6160249739854
A2_w4,A2,manual,matched,True,0.03597503656199937,0.031407515145128205,0.0045675214168711675,114.30905306971906,379.6326742976067
A2_w4,A2,manual,matched,True,0.058182577514243196,0.026790065941738345,0.03139251157250485,115.37460978147764,371.6409989594173
A2_w4,A2,manual,matched,True,0.03299414892682131,0.01780785101403354,0.015186297912787767,138.8168574401665,363.6493236212279
A2_w4,A2,manual,matched,True,0.04636973710705642,0.011922544856749337,0.03444719225030708,151.07075962539022,348.7315296566077
A2_w4,A2,manual,matched,True,0.02463531415831625,0.011624916886466495,0.013010397271849756,100.98959417273672,347.13319458896984
A2_w4,A2,manual,matched,True,0.022909389199216285,0.00931146711223584,0.013597922086980444,180.3735691987513,374.30489073881375
A2_w4,A2,manual,matched,True,0.02597153032627666,0.008315174272691512,0.017656356053585148,210.74193548387095,377.5015608740895
A2_w4,A2,manual,matched,True,0.033577449418565865,0.00828587069660472,0.025291578721961146,188.36524453694068,411.0665972944849
A2_w4,A2,manual,matched,True,0.04692222395125604,0.015407953717140748,0.031514270234115294,275.20811654526534,412.1321540062435
A2_w4,A2,manual,missed_both,True,0.009486845663213088,0.021642480774032632,-0.012155635110819544,266.15088449531737,392.95213319458895
A2_w4,A2,manual,missed_both,False,0.02370683879872105,0.016398627424748253,0.007308211373972796,329.5515088449532,395.08324661810616
A2_w4,A2,manual,matched,True,0.025026003801306845,0.01643546031870849,0.008590543482598356,364.1821019771072,394.0176899063475
A2_w4,A2,manual,matched,True,0.026481377103100903,0.00804237905476248,0.01843899804833842,299.1831425598335,416.3943808532778
A2_w4,A2,manual,matched,True,0.020030791770295552,0.018723939689449718,0.0013068520808458342,372.7065556711759,424.9188345473465
A2_w4,A2,manual,matched,True,0.039891749181560035,0.022627364174057755,0.01726438500750228,403.0749219562955,401.47658688865766
A2_w4,A2,manual,missed_both,False,0.02292009432641691,0.015521064237658314,0.007399030088758595,398.2799167533819,378.56711758584805
A2_w4,A2,manual,matched,True,0.017856635595169743,0.029384253221333298,-0.011527617626163555,423.32049947970864,409.4682622268471
A2_w4,A2,manual,missed_both,True,0.04089175869012956,0.025151969064824392,0.015739789625305166,427.0499479708637,393.4849115504682
A2_w4,A2,manual,matched,True,0.03687883551120328,0.0281327701457806,0.008746065365422679,358.32154006243496,350.3298647242456
A2_w4,A2,manual,matched,True,0.05225660477882783,0.02873645815880621,0.023520146620021616,381.2310093652445,346.6004162330905
A2_w4,A2,manual,matched,True,0.023033358330274655,0.02735261804651698,-0.004319259716242325,429.1810613943808,341.2726326742976
A2_w4,A2,manual,matched,True,0.041517788942345646,0.03833181996491051,0.003185968977435137,302.37981269510925,355.1248699271592
A2_w4,A2,manual,matched,True,0.03903675462452446,0.028466186702188485,0.010570567922335974,261.35587929240376,335.94484911550467
A2_w4,A2,manual,matched,True,0.02920845690044108,0.03589723513915531,-0.006688778238714232,234.18418314255985,327.95317377731527
A2_w4,A2,manual,matched,True,0.03138327479598263,0.02412570928101754,0.0072575655149650885,242.7086368366285,310.904266389178
A2_w4,A2,manual,missed_both,True,0.04075937630197388,0.034712193869539075,0.006047182432434808,280.53590010405827,346.0676378772112
A2_w4,A2,manual,matched,True,0.033295382132605515,0.027794623742921205,0.0055007583896843106,211.27471383975023,318.8959417273673
A2_w4,A2,manual,matched,True,0.03379081930573171,0.02151957274717337,0.012271246558558341,171.31633714880334,291.19146722164413
A2_w4,A2,manual,matched,True,0.027766878416827366,0.023322551961033746,0.00444432645579362,135.62018730489075,256.0280957336108
A2_w4,A2,manual,matched,True,0.035582555344764816,0.02046831644352786,0.015114238901236955,92.99791883454732,228.3236212278876
A2_w4,A2,manual,matched,True,0.03768518471372518,0.03174685391765191,0.005938330796073268,87.67013527575442,188.89802289282
A2_w4,A2,manual,matched,True,0.058858072499024715,0.035436749251387484,0.02342132324763723,63.16233090530697,188.89802289282
A2_w4,A2,manual,matched,True,0.05076895110696521,0.024100754051536454,0.026668197055428753,143.61186264308012,272.5442247658689
A2_w4,A2,manual,missed_both,False,0.02832206690236778,0.025787094782837035,0.0025349721195307463,225.12695109261188,261.35587929240376
A2_w4,A2,manual,matched,True,0.030738161225674025,0.025981883057096082,0.0047562781685779425,194.75858480749216,233.65140478668053
A2_w4,A2,manual,matched,True,0.03561746598524431,0.03239780563077266,0.0032196603544716526,195.2913631633715,205.94693028095733
A2_w4,A2,manual,matched,True,0.03206159352903277,0.021061132631701646,0.011000460897331123,162.79188345473466,199.55359001040583
A2_w4,A2,manual,matched,True,0.048276111963126644,0.03593188904788468,0.012344222915241967,258.6919875130073,248.03642039542143
A2_w4,A2,manual,matched,True,0.016823072127406895,0.03917840052166632,-0.022355328394259428,245.90530697190428,220.86472424557752
A2_w4,A2,manual,matched,True,0.04037648306808534,0.037979917375466285,0.0023965656926190557,268.81477627471384,239.5119667013528
A2_w4,A2,manual,matched,True,0.029638856222683606,0.02736144734644666,0.0022774088762369457,308.2403746097815,255.4953173777315
A2_w4,A2,manual,matched,True,0.03526789116595185,0.028118843603167985,0.007149047562783867,331.14984391259105,262.95421436004165
A2_w4,A2,manual,matched,True,0.030099215520192058,0.02689114552279114,0.0032080699974009197,349.7970863683663,278.4047866805411
A2_w4,A2,manual,matched,True,0.032398516071374533,0.030195566862291735,0.002202949209082799,385.4932362122789,291.7242455775234
A2_w4,A2,manual,missed_both,False,0.023587991825922288,0.024771841363842962,-0.001183849537920674,404.6732570239334,308.7731529656608
A2_w4,A2,manual,missed_both,False,0.032000719677152505,0.02183158620371069,0.010169133473441814,396.681581685744,278.9375650364204
A2_w4,A2,manual,matched,True,0.03698641365496067,0.03275361503372242,0.004232798621238251,430.24661810613946,299.7159209157128
A2_w4,A2,manual,matched,True,0.025620524690040884,0.024168578780954127,0.0014519459090867569,352.4609781477628,256.0280957336108
A2_w4,A2,manual,missed_both,True,0.038114348646359195,0.02366190734266943,0.014452441303689764,341.8054110301769,233.11862643080127
A2_w4,A2,manual,matched,True,0.024423380863711402,0.030286751345936815,-0.005863370482225412,308.7731529656608,232.585848074922
A2_w4,A2,manual,matched,True,0.018733954052671208,0.033513576604513616,-0.014779622551842408,291.19146722164413,212.34027055150884
A2_w4,A2,manual,matched,True,0.03869096051469558,0.03133732937124515,0.0073536311434504315,265.6181061394381,201.1519250780437
A2_w4,A2,manual,missed_both,True,0.02057026519869768,0.02103035311481555,-0.00046008791611787045,403.6077003121748,227.79084287200837
A2_w4,A2,manual,matched,True,0.014076636982150814,0.02506504913118437,-0.010988412149033558,427.0499479708637,219.26638917793963
A2_w4,A2,manual,matched,True,0.02652643292785763,0.022592921369324347,0.003933511558533283,428.1155046826223,191.02913631633717
A2_w4,A2,manual,matched,True,0.036434559723869366,0.028360643820873218,0.008073915902996148,405.738813735692,189.96357960457857
A2_w4,A2,manual,matched,True,0.032364498905098564,0.023344214874085608,0.009020284031012956,395.08324661810616,204.34859521331947
A2_w4,A2,manual,matched,True,0.041131160995281295,0.02747040245407536,0.013660758541205936,380.16545265348594,159.0624349635796
A2_w4,A2,manual,matched,True,0.037540695604508546,0.031930498916264226,0.0056101966882443205,350.3298647242456,163.85744016649323
A2_w4,A2,manual,matched,True,0.037529889876752605,0.024783414468940626,0.012746475407811979,322.0926118626431,142.54630593132154
A2_w4,A2,manual,missed_both,False,0.02508369047710204,0.02451499155879682,0.0005686989183052195,303.4453694068678,161.72632674297606
A2_w4,A2,manual,matched,True,0.03594195060404627,0.028592312095996376,0.007349638508049896,266.6836628511967,130.8251821019771
A2_w4,A2,manual,matched,True,0.025367311541355925,0.023884788115473825,0.0014825234258821,309.3059313215401,105.78459937565036
A2_w4,A2,manual,matched,True,0.024695370469946968,0.021941285484113133,0.002754084985833835,342.3381893860562,101.52237252861602
A2_w4,A2,manual,matched,True,0.03884063769510052,0.029144401829063964,0.00969623586603656,375.9032258064516,81.27679500520291
A2_w4,A2,manual,matched,True,0.03374027811610157,0.02428726278598493,0.009453015330116641,327.95317377731527,65.82622268470344
A2_w4,A2,manual,matched,True,0.02283812401328405,0.02354012255121525,-0.0007019985379312019,358.8543184183143,40.25286160249741
A2_w4,A2,manual,matched,True,0.029277644465018952,0.0180864657238747,0.011191178741144253,313.0353798126951,35.99063475546306
A2_w4,A2,manual,missed_both,False,0.019915922125490315,0.019056609021567215,0.0008593131039230997,312.5026014568158,20.54006243496358
A2_w4,A2,manual,matched,True,0.03832496782859026,0.023350720598763836,0.014974247229826425,330.0842872008325,5.622268470343393
A2_w4,A2,manual,matched,True,0.045016135533492485,0.013003323965978482,0.032012811567514,373.2393340270552,7.220603537981269
A2_w4,A2,manual,matched,True,0.04349891436021867,0.021399933350620615,0.02209898100959805,429.1810613943808,73.28511966701353
A2_w4,A2,manual,matched,True,0.030676179860447007,0.023345407089841765,0.007330772770605242,113.24349635796044,159.0624349635796
A2_w4,A2,manual,missed_both,False,0.00461769610953269,0.02592549801018119,-0.0213078019006485,96.7273673257024,155.86576482830384
A2_w4,A2,manual,matched,True,0.049154397254815865,0.017206869877036922,0.03194752737777894,86.07180020811654,135.08740894901143
A2_w4,A2,manual,missed_both,True,0.03488139590620933,0.0094683430964103,0.025413052809799032,57.30176899063476,121.23517169614983
A2_w4,A2,manual,missed_both,True,0.033086402186573174,0.011048864413337887,0.022037537773235288,20.54006243496358,98.85848074921957
A2_w4,A2,manual,matched,True,0.03419441994671396,0.019481515424170995,0.014712904522542966,39.7200832466181,74.3506763787721
A2_w4,A2,manual,matched,True,0.0244785156835852,0.015552183239939657,0.008926332443645544,65.82622268470344,69.02289281997919
A2_w4,A2,manual,matched,True,0.03567559418528845,0.02350535107207205,0.012170243113216399,25.33506763787721,8.818938605619145
A2_w4,A2,manual,matched,True,0.01970058562040621,0.02743485783598068,-0.007734272215574472,66.89177939646201,25.867845993756504
A2_w4,A2,manual,missed_both,False,0.020870685765656892,0.03469468875055664,-0.013824002984899747,96.7273673257024,16.810613943808534
A2_w4,A2,manual,matched,True,0.04850164563554834,0.0447732564540344,0.0037283891815139414,99.92403746097816,42.38397502601457
A2_w4,A2,manual,matched,True,0.04126033392797999,0.03267743169607928,0.00858290223190071,138.8168574401665,59.96566077003122
A2_w4,A2,manual,matched,True,0.03454209693965737,0.03302579767865097,0.0015162992610063958,156.93132154006244,66.89177939646201
A2_w4,A2,manual,matched,True,0.03346277585869814,0.030840076281843917,0.0026226995768542233,173.4474505723205,91.39958376690949
A2_w4,A2,manual,matched,True,0.0328468032095554,0.022318045244898044,0.010528757964657357,202.7502601456816,67.42455775234131
A2_w4,A2,manual,matched,True,0.006990736916606597,0.030196533467074183,-0.023205796550467585,173.4474505723205,108.44849115504684
A2_w4,A2,manual,matched,True,0.020783437923057795,0.027510640354830296,-0.006727202431772501,163.32466181061395,130.8251821019771
A2_w4,A2,manual,matched,True,0.0254241237855148,0.015242873086770716,0.010181250698744083,137.7513007284079,167.58688865764827
A2_w4,A2,manual,missed_both,False,0.028866996589862342,0.026754311810915064,0.0021126847789472783,146.80853277835587,152.6690946930281
A2_w4,A2,manual,matched,True,0.04558956307950227,0.02065031908727618,0.024939243992226093,163.32466181061395,160.1279916753382
A2_w4,A2,manual,missed_both,False,0.02540690238710307,0.02138705736774744,0.004019845019355629,181.4391259105099,166.5213319458897
A2_w4,A2,manual,matched,True,0.03741878394661142,0.02779365873653848,0.00962512521007294,180.9063475546306,141.48074921956297
A2_w4,A2,manual,missed_both,True,0.022095843683863817,0.01635162014780578,0.005744223536058038,195.8241415192508,169.18522372528616
A2_w4,A2,manual,matched,True,0.052145835714069916,0.012084819200165004,0.04006101651390491,237.91363163371489,181.9719042663892
A2_w4,A2,manual,missed_both,False,0.03679035275599389,0.012258276672607794,0.024532076083386097,210.2091571279917,187.8324661810614
A2_w4,A2,manual,matched,True,0.04460007715335309,0.02361767842543702,0.02098239872791607,287.99479708636835,173.98022892819978
A2_w4,A2,random,random,False,0.03122222693660155,0.0284182071320701,0.0028040198045314497,351.9234259457688,155.6427208911824
A2_w4,A2,random,random,False,0.0026421783282749704,0.018794364892865276,-0.016152186564590304,218.60300476192666,175.202100713636
A2_w4,A2,random,random,False,0.02045833197482487,0.019024126463567867,0.001434205511257003,404.30225055293323,269.268456028415
A2_w4,A2,random,random,False,0.018103294064396515,0.019821274243128986,-0.0017179801787324707,213.3247003919487,7.653060363309639
A2_w4,A2,random,random,False,0.0061510175253472405,0.00837953331984945,-0.00222851579450221,31.16165143454681,139.60865511123276
A2_w4,A2,random,random,False,0.001994473200810111,0.011916505002334286,-0.009922031801524175,64.19405602298353,103.35503854556255
A2_w4,A2,random,random,False,0.02512075959638759,0.012907160810055314,0.012213598786332278,187.3015215206169,420.78134657710274
A2_w4,A2,random,random,False,0.011836771576797881,0.009862229743839584,0.0019745418329582976,105.83745447042013,281.0836219231171
A2_w4,A2,random,random,False,0.031180775786924415,0.02960426094411349,0.0015765148428109263,243.6852980665638,197.64470133180822
A2_w4,A2,random,random,False,0.007587533150234395,0.01302310421833704,-0.005435571068102645,220.8928005345533,374.61977572211856
A2_w4,A2,random,random,False,0.01823818825631263,0.024870467890607297,-0.006632279634294667,44.77664786677861,68.49876192218518
A2_w4,A2,random,random,False,0.011646339078674309,0.015985820069792947,-0.004339480991118638,252.24818810605515,290.71086395710154
A2_w4,A2,random,random,False,0.006040494293610151,0.021249582731438604,-0.015209088437828453,299.0737045903328,85.92018803279349
A2_w4,A2,random,random,False,0.03473304566363011,0.022401318547386057,0.012331727116244057,112.5485451730587,157.15077695325036
A2_w4,A2,random,random,False,0.011695903396585666,0.010719106555467935,0.0009767968411177313,177.23508948613366,330.82113323392286
A2_w4,A2,random,random,False,0.0023863916689625376,0.005304930092333114,-0.002918538423370576,141.98807481472664,413.0888340192137
A2_w4,A2,random,random,False,0.019200880190335567,0.0185628652560115,0.0006380149343240653,366.2185244554853,408.0719601400418
A2_w4,A2,random,random,False,0.011342086822257024,0.02226565809242937,-0.010923571270172346,245.71923119620794,74.8925663113565
A2_w4,A2,random,random,False,0.011900456709430832,0.018940444271974777,-0.007039987562543945,77.60174258562844,55.51469044758958
A2_w4,A2,random,random,False,0.02662116141012066,0.032775085607222275,-0.006153924197101614,326.4897693507282,36.494278509535846
A2_w4,A2,random,random,False,0.03739711670261733,0.02577907390920437,0.011618042793412962,119.45670369063534,153.52585400603527
A2_w4,A2,random,random,False,0.00405569047307163,0.017923834723045408,-0.013868144249973777,65.03791720561317,53.45472139748766
A2_w4,A2,random,random,False,0.008134641871452781,0.013732646101400249,-0.0055980042299474675,59.22385931706493,409.3984846024377
A2_w4,A2,random,random,False,0.032744419101159404,0.034377002582275815,-0.0016325834811164106,183.2500892928113,77.5251101200064
A2_w4,A2,random,random,False,0.008685785636664237,0.02338422758582577,-0.014698441949161534,405.59924711331104,368.46790005538986
A2_w4,A2,random,random,False,0.009310835234206857,0.02855481656503489,-0.019243981330828032,349.9297152271543,55.79473554882557
A2_w4,A2,random,random,False,0.009257194655852886,0.010989654495981582,-0.0017324598401286962,265.554025513267,303.9566329937212
A2_w4,A2,random,random,False,0.014745494739446512,0.013050239009113573,0.0016952557303329396,370.37106984988196,241.5500385132255
A2_w4,A2,random,random,False,0.026401692396354322,0.015289550004569006,0.011112142391785316,81.5828819078455,401.07393654764087
A2_w4,A2,random,random,False,0.0528608741050991,0.03168609379525754,0.02117478030984156,229.01464612327942,96.99494055919604
A2_w4,A2,random,random,False,0.020892491205031644,0.026828582505486795,-0.005936091300455151,193.37986605111254,295.7859107874219
A2_w4,A2,random,random,False,0.006037523507441234,0.020757315610629323,-0.014719792103188089,270.23035937895503,160.88982723048625
A2_w4,A2,random,random,False,0.017604363470507648,0.019269607890801618,-0.0016652444202939695,106.84304512892868,229.62606215750117
A2_w4,A2,random,random,False,0.005346969458812929,0.00850127259213885,-0.003154303133325922,293.257813490189,297.66803685108965
A2_w4,A2,random,random,False,0.009136739929401545,0.009670237545953206,-0.0005334976165516613,315.96697355059075,294.2137119769418
A2_w4,A2,random,random,False,0.017555383118233254,0.03401440672516661,-0.016459023606933357,91.49433187037732,14.638127185106175
A2_w4,A2,random,random,False,0.016354083166036502,0.02312922573773072,-0.006775142571694218,186.9849602973489,105.89483632360025
A2_w4,A2,random,random,False,0.017419783643056453,0.022682997775138408,-0.005263214132081955,419.92577813966,385.79141282039376
A2_w4,A2,random,random,False,0.007596062160149167,0.02107350230221687,-0.013477440142067703,88.96277145027304,171.56866884209012
A2_w4,A2,random,random,False,0.007500765780950673,0.01858046744595405,-0.01107970166500338,207.1123111186244,419.9835855646876
A2_w4,A2,random,random,False,0.03670560625276904,0.04024095230698716,-0.0035353460542181248,273.60186222624685,8.43582137392517
A2_w4,A2,random,random,False,0.00678005985751472,0.006114359673414752,0.0006657001840999687,55.2757223062677,308.228243868296
A2_w4,A2,random,random,False,0.003336856297012572,0.011570996596280839,-0.008234140299268267,200.8143808127905,342.37817335863565
A2_w4,A2,random,random,False,0.021772716808042963,0.011618115922637045,0.010154600885405918,400.1864748408217,2.96317247909068
A2_w4,A2,random,random,False,0.024966683578259853,0.022143787813298035,0.0028228957649618185,414.47362003893227,178.4434165249786
A2_w4,A2,random,random,False,0.019681243411546003,0.02440235789335628,-0.004721114481810278,131.47868963338647,376.76914083814705
A2_w4,A2,random,random,False,0.03721649701388647,0.018915655876015586,0.018300841137870883,95.726555196019,93.79863009451195
A2_w4,A2,random,random,False,0.010128022697298041,0.012017606517702513,-0.001889583820404472,145.1232269415954,215.91649287338657
A2_w4,A2,random,random,False,0.021212005079409003,0.009246512686419578,0.011965492392989425,133.07310212699616,116.86995640816943
A2_w4,A2,random,random,False,0.04476991196637368,0.0222054343101354,0.02256447765623828,267.4400317761333,25.645088909313028
A2_w4,A2,random,random,False,0.012848215370623218,0.012527964528062529,0.000320250842560689,24.94707692274739,191.35190499524677
A2_w4,A2,random,random,False,0.009971316426350619,0.029055400956572656,-0.019084084530222038,177.48175484826757,109.73689459355762
A2_w4,A2,random,random,False,0.028397675041248162,0.00880791638513175,0.01958975865611641,432.4346450163069,26.082346884879524
A2_w4,A2,random,random,False,0.03737988986433809,0.02637019540207342,0.011009694462264668,334.2856664811412,366.95679135178125
A2_w4,A2,random,random,False,0.007800362875765844,0.0159999818699898,-0.008199618994223955,383.36708693686,47.93828812212635
A2_w4,A2,random,random,False,0.025460466209487654,0.02789495493242615,-0.002434488722938496,164.56361907390533,302.58643720415574
A2_w4,A2,random,random,False,0.01884914174350453,0.026048112478506195,-0.007198970735001666,344.1894642242039,180.83761602931511
A2_w4,A2,random,random,False,0.002908310079984943,0.006622880085757603,-0.0037145700057726596,68.0966796494356,333.89043735008005
A2_w4,A2,random,random,False,0.004674702665055522,0.01097785032330112,-0.006303147658245597,189.836825301876,1.6457447145971407
A2_w4,A2,random,random,False,0.012053796631861376,0.02376838320916781,-0.011714586577306433,402.6252177466256,211.92040594212662
A2_w4,A2,random,random,False,0.006815887665078206,0.015429938520442959,-0.008614050855364753,36.61847752938634,176.31217877104973
A2_w4,A2,random,random,False,0.021237674408435287,0.019709900440199882,0.0015277739682354047,102.42063725822909,231.93270891707522
A2_w4,A2,random,random,False,0.004999501761742462,0.009520036200094329,-0.0045205344383518675,426.6711402275155,10.177055517219776
A2_w4,A2,random,random,False,0.016661438325888765,0.016669733834683252,-8.295508794487622e-06,337.2295295872834,189.6458960172385
A2_w4,A2,random,random,False,0.01702080778367359,0.0216703474986947,-0.0046495397150211094,171.7158005924819,316.9894300887976
A2_w4,A2,random,random,False,0.02940814784761235,0.025253425436287953,0.004154722411324398,69.06103629432083,11.984450998690672
A2_w4,A2,random,random,False,0.016887908181483294,0.02011014364428005,-0.003222235462796756,204.41248592505934,330.13410471194663
A2_w4,A2,random,random,False,0.004035305364622055,0.005107746221697935,-0.00107244085707588,32.3919901952917,426.53520853677054
A2_w4,A2,random,random,False,0.03258666192598798,0.0318147583212118,0.0007719036047761779,97.96087219940328,196.54427009237656
A2_w4,A2,random,random,False,0.0022264950630532265,0.011895659358480503,-0.009669164295427277,120.87272630595162,346.89903269107214
A2_w4,A2,random,random,False,0.027719184724248426,0.0287012045721073,-0.000982019847858874,180.48119984481343,309.41405352754873
A2_w4,A2,random,random,False,0.015011586488235328,0.024573163330594835,-0.009561576842359507,171.31582482932393,314.708574991958
A2_w4,A2,random,random,False,0.005650134629690003,0.008777053148589774,-0.0031269185188997715,21.929133865262372,53.42669736444044
A2_w4,A2,random,random,False,0.006586732040089395,0.00445340568413532,0.002133326355954075,63.63778300679256,264.8312597490582
A2_w4,A2,random,random,False,0.0046997834599910495,0.015334526246960557,-0.010634742786969508,252.62842661865412,169.08579982107224
A2_w4,A2,random,random,False,0.025183797984388266,0.019651137317030564,0.005532660667357702,99.69579874994817,231.93538094010034
A2_w4,A2,random,random,False,0.055788605898321554,0.03341397248344429,0.022374633414877262,60.2100150016426,198.93466052895081
A2_w4,A2,random,random,False,0.001297023313357574,0.003590848563358587,-0.002293825250001013,43.81200370244426,331.4014394890555
A2_w4,A2,random,random,False,0.00662440398780112,0.005203830192085943,0.0014205737957151765,155.12761250065628,398.86244642909816
A2_w4,A2,random,random,False,0.038243113280881376,0.02885245523123193,0.009390658049649447,138.99704749192983,44.12858189129361
A2_w4,A2,random,random,False,0.04137036483719479,0.03661231297411415,0.004758051863080641,315.91680500881773,357.26597378042015
A2_w4,A2,random,random,False,0.007399955449736103,0.013495789568340136,-0.006095834118604033,129.62754334782738,233.4588614248075
A2_w4,A2,random,random,False,0.053067303317868623,0.040061477472844276,0.013005825845024348,110.91807228399391,43.56515979481139
A2_w4,A2,random,random,False,0.0206505239780763,0.01744878364944745,0.0032017403286288514,126.45273488862347,74.87710063453629
A2_w4,A2,random,random,False,0.011842351126983832,0.01656962092622162,-0.004727269799237788,253.8095997631113,288.98985451632825
A2_w4,A2,random,random,False,0.009733553592776554,0.01969897597702262,-0.009965422384246065,83.49109866757952,118.24636184738029
A2_w4,A2,random,random,False,0.026141495867549814,0.013368079399709834,0.01277341646783998,395.67457330544255,230.8026188193706
A2_w4,A2,random,random,False,0.018854045057884492,0.01578237052949975,0.003071674528384742,344.91951026923084,406.3469357507532
A2_w4,A2,random,random,False,0.027526828238394214,0.027242199056575014,0.0002846291818192001,342.1878338790236,68.82089725993681
A2_w4,A2,random,random,False,0.0027923965117173993,0.0034039846441455417,-0.0006115881324281424,129.25411860823618,437.71764624203144
A2_w4,A2,random,random,False,0.00843973869954009,0.013152858869806097,-0.004713120170266007,229.92397132187463,59.80626399137779
A2_w4,A2,random,random,False,0.0036689643765701065,0.007161427126206356,-0.0034924627496362493,54.44508734756477,424.72813758084
A2_w4,A2,random,random,False,0.03030429558869395,0.03132991056846581,-0.001025614979771862,389.9879681607884,188.15641265929082
A2_w4,A2,random,random,False,0.006934871497003778,0.00932070473146208,-0.0023858332344583013,71.60307623957611,434.12095959581904
A2_w4,A2,random,random,False,0.018289364468277572,0.01635340312809216,0.001935961340185411,386.1359849326275,252.84750348307855
A2_w4,A2,random,random,False,0.006361942464785175,0.011341390175380413,-0.004979447710595238,193.7359159926053,362.8197764583591
A2_w4,A2,random,random,False,0.026663934725047567,0.0210772422665059,0.005586692458541667,411.4402097639723,174.91442200435026
A2_w4,A2,random,random,False,0.026165236603464186,0.011825546864464343,0.014339689738999843,107.9109867162578,307.84024518863276
A2_w4,A2,random,random,False,0.03160499055384895,0.031523614405067964,8.137614878098859e-05,390.56530479035325,280.09546409506333
A3_w1,A3,manual,matched,True,0.023209007656631347,0.009991160528672941,0.013217847127958406,25.13527575442248,47.14151925078043
A3_w1,A3,manual,matched,True,0.030323941049593753,0.010899755444673326,0.019424185604920426,13.484911550468262,89.21227887617066
A3_w1,A3,manual,matched,True,0.012318885214137846,0.011057020044138078,0.0012618651699997686,14.132154006243496,131.28303850156087
A3_w1,A3,manual,matched,True,0.011628599990274656,0.007919397259390183,0.0037092027308844727,51.02497398543184,80.79812695109261
A3_w1,A3,manual,missed_both,False,0.009866571553666352,0.010935345838721622,-0.0010687742850552708,82.09261186264308,23.84079084287201
A3_w1,A3,manual,matched,True,0.02319495141710927,0.016210832266698397,0.006984119150410872,101.50988553590012,65.26430801248699
A3_w1,A3,manual,matched,True,0.028625761472095147,0.012990826185214492,0.015634935286880654,69.1477627471384,165.58688865764827
A3_w1,A3,manual,matched,True,0.03933305728868924,0.014297085597014331,0.025035971691674905,100.86264308012488,173.3537981269511
A3_w1,A3,manual,missed_both,False,0.020122129546381356,0.02801826048531558,-0.007896130938934223,91.15400624349635,233.5473465140479
A3_w1,A3,manual,matched,True,0.045170801725313986,0.016961160080066977,0.02820964164524701,87.27055150884496,252.31737773152963
A3_w1,A3,manual,matched,True,0.021632625500129166,0.012774797291645622,0.008857828208483545,120.92715920915714,238.72528616024977
A3_w1,A3,manual,matched,True,0.04877044051584885,0.01624872441642295,0.0325217160994259,103.4516129032258,320.27783558792925
A3_w1,A3,manual,matched,True,0.04019393012466965,0.009538119451670334,0.030655810672999318,95.03746097814778,357.1706555671176
A3_w1,A3,manual,matched,True,0.04054560894155463,0.01174698168586148,0.028798627255693147,58.14464099895942,449.0790842872008
A3_w1,A3,manual,matched,True,0.03844578368999072,0.014663943679090677,0.023781840010900043,92.44849115504684,473.6742976066597
A3_w1,A3,manual,matched,True,0.035901473174197396,0.012414676737720814,0.02348679643647658,111.86576482830384,531.2788761706556
A3_w1,A3,manual,matched,True,0.017235059360485104,0.008077395477168094,0.00915766388331701,217.36628511966703,484.03017689906346
A3_w1,A3,manual,matched,True,0.013859636895599976,0.006179281449157096,0.00768035544644288,276.2653485952133,427.07284079084286
A3_w1,A3,manual,matched,True,0.030947611443294415,0.009133929276001417,0.021813682167293,306.6857440166493,529.3371488033299
A3_w1,A3,manual,matched,True,0.026591640182745502,0.0026404152822510777,0.023951224900494426,348.75650364203955,502.80020811654526
A3_w1,A3,manual,matched,True,0.0393177497565226,0.005487045558301522,0.03383070419822108,398.59417273673256,541.6347554630593
A3_w1,A3,manual,matched,True,0.025567111126216936,0.014851053059697418,0.010716058066519518,447.7845993756504,394.06347554630594
A3_w1,A3,manual,matched,True,0.031011654180498015,0.007622155289969342,0.023389498890528673,410.2445369406868,434.1925078043705
A3_w1,A3,manual,matched,True,0.026209211084197916,0.013443497523538444,0.012765713560659472,482.73569198751306,342.9313215400624
A3_w1,A3,manual,matched,True,0.049437417559767924,0.01602616164183799,0.033411255917929934,535.1623309053069,335.1644120707596
A3_w1,A3,manual,matched,True,0.021766566024500344,0.016985446941349906,0.004781119083150438,506.6836628511967,526.1009365244537
A3_w1,A3,manual,matched,True,0.014758139521445104,0.008082042513907487,0.006676097007537617,515.7450572320499,282.73777315296564
A3_w1,A3,manual,matched,True,0.015993727379139053,0.009758772312682977,0.006234955066456075,460.72944849115504,258.1425598335068
A3_w1,A3,manual,matched,True,0.04936524025085086,0.007220900560804062,0.0421443396900468,539.0457856399584,178.53173777315297
A3_w1,A3,manual,matched,True,0.042345166609899135,0.007548701966465385,0.03479646464343375,515.0978147762747,201.8324661810614
A3_w1,A3,manual,matched,True,0.03827478952636834,0.007809615187860818,0.030465174338507525,480.79396462018735,187.59313215400624
A3_w1,A3,manual,matched,True,0.04135183935344755,0.01586314499692262,0.02548869435652493,435.4869927159209,210.89386056191464
A3_w1,A3,manual,matched,True,0.04791830784907247,0.005048319534032752,0.04286998831503972,416.0697190426639,236.78355879292403
A3_w1,A3,manual,missed_both,False,0.01773957454498583,0.017348841303137207,0.00039073324184862174,355.2289281997919,339.69510926118625
A3_w1,A3,manual,matched,True,0.0098793121004418,0.008034527116564825,0.001844784983876975,355.2289281997919,408.9500520291363
A3_w1,A3,manual,matched,True,0.02945481295788028,0.02049962062342198,0.008955192334458299,329.33922996878255,418.0114464099896
A3_w1,A3,manual,matched,True,0.06928152314249492,0.010464070044913933,0.058817453097580984,318.33610822060353,408.9500520291363
A3_w1,A3,manual,matched,True,0.015276328346212256,0.009350143671891758,0.005926184674320498,298.91883454734653,345.5202913631634
A3_w1,A3,manual,matched,True,0.023202818510937896,0.010098710833218389,0.013104107677719508,338.4006243496358,281.4432882414152
A3_w1,A3,manual,matched,True,0.011395544769256983,0.010330339051464753,0.0010652057177922298,466.5546305931322,305.39125910509887
A3_w1,A3,manual,matched,True,0.017232135496530993,0.010530409378474898,0.006701726118056094,487.9136316337149,131.93028095733612
A3_w1,A3,manual,matched,True,0.017395811112789702,0.010175384746661941,0.00722042636612776,505.3891779396462,52.31945889698231
A3_w1,A3,manual,matched,True,0.017163806758435905,0.010621030193126782,0.006542776565309123,434.8397502601457,45.84703433922997
A3_w1,A3,manual,matched,True,0.01731762350236809,0.012665492436720398,0.004652131065647691,293.74089490114466,30.960457856399582
A3_w1,A3,manual,matched,True,0.037852024683600854,0.01005736157534589,0.027794663108254965,248.43392299687827,51.67221644120707
A3_w1,A3,manual,missed_both,False,0.008197381050998591,0.007334301032808254,0.0008630800181903368,275.6181061394381,79.50364203954214
A3_w1,A3,manual,matched,True,0.031362605104588714,0.008036108901870677,0.02332649620271804,316.3943808532778,162.3506763787721
A3_w1,A3,manual,matched,True,0.039860118736794535,0.010648412672522653,0.029211706064271883,204.42143600416236,80.15088449531738
A3_w1,A3,manual,matched,True,0.023026909067459887,0.010843109744619564,0.012183799322840323,172.05931321540064,102.15712799167534
A3_w1,A3,manual,matched,True,0.030490917839987513,0.008375983524172176,0.022114934315815335,162.3506763787721,172.70655567117586
A3_w1,A3,manual,matched,True,0.03458812929638184,0.01842397749631876,0.016164151800063076,169.4703433922997,233.5473465140479
A3_w1,A3,manual,matched,True,0.021790590846712653,0.01051267034483046,0.011277920501882194,21.899063475546303,366.8792924037461
A3_w1,A3,manual,matched,True,0.018097235312802357,0.011917845528636324,0.006179389784166033,225.78043704474504,387.5910509885536
A3_w1,A3,random,random,False,0.008810526400827629,0.008463796808277049,0.00034672959255058027,142.1702536506206,102.96330607616768
A3_w1,A3,random,random,False,0.0014986797495391373,0.002636994650993218,-0.0011383149014540805,280.76656537984286,523.18040208263
A3_w1,A3,random,random,False,0.005375568116906913,0.0029860645292062987,0.002389503587700614,158.172969047205,547.2370678596644
A3_w1,A3,random,random,False,0.007352951592766805,0.009157874397313593,-0.0018049228045467882,520.5370445382008,422.7528322102234
A3_w1,A3,random,random,False,0.003969152618984007,0.0029121540834016425,0.0010569985355823649,225.84780257569264,324.4341237691902
A3_w1,A3,random,random,False,0.02101738386406718,0.011537843762373556,0.009479540101693624,404.5263331233937,441.88837252964856
A3_w1,A3,random,random,False,0.004724038161297075,0.014470028690473877,-0.009745990529176803,113.52051873187007,165.79529949549354
A3_w1,A3,random,random,False,0.012854882890894108,0.006566540567651218,0.0062883423232428905,57.83312759204463,256.03139225586233
A3_w1,A3,random,random,False,0.003593877893992743,0.007572727744240669,-0.0039788498502479255,484.5812056078542,27.202177665491725
A3_w1,A3,random,random,False,0.011357041275464197,0.010982520125949352,0.00037452114951484414,282.61639608222686,58.899085629862334
A3_w1,A3,random,random,False,0.015661543275242055,0.008706462188332478,0.006955081086909577,75.91149616253539,521.623339894249
A3_w1,A3,random,random,False,0.0030726230298109966,0.0030741677978349353,-1.5447680239387418e-06,470.98741170704534,9.215144876942695
A3_w1,A3,random,random,False,0.0023459070520618413,0.004187183664068101,-0.00184127661200626,214.63010756990033,354.6680383996017
A3_w1,A3,random,random,False,0.017940587967903432,0.008962239516256219,0.008978348451647213,276.00395132282017,9.883184194552747
A3_w1,A3,random,random,False,0.000613656989318531,0.0018351473724740465,-0.0012214903831555156,465.7896540218936,458.92382509283755
A3_w1,A3,random,random,False,0.006764632275532357,0.0038052549419167804,0.0029593773336155766,15.78415486648146,413.68246422615687
A3_w1,A3,random,random,False,0.015495374157961504,0.011335441510200111,0.004159932647761393,212.1348439411305,405.28168190641486
A3_w1,A3,random,random,False,0.0017917666956887804,0.0029191002405221417,-0.0011273335448333613,371.9009324247063,50.549663417056344
A3_w1,A3,random,random,False,0.009774530048781874,0.009166538707113283,0.0006079913416685914,491.45650908995304,362.1559020768333
A3_w1,A3,random,random,False,0.007849760361099445,0.0022455239631688478,0.005604236397930597,382.31805287015067,363.94741038137244
A3_w1,A3,random,random,False,0.0013401993610870884,0.005061180809958253,-0.003720981448871164,530.8616023137791,152.99560591866415
A3_w1,A3,random,random,False,0.004250339545551967,0.007529668710091418,-0.0032793291645394507,472.21813643248885,535.7675250455336
A3_w1,A3,random,random,False,0.005882750705368129,0.003872712827513972,0.0020100378778541575,10.895858571438778,508.8386253422969
A3_w1,A3,random,random,False,0.004810401440965439,0.0028398727145901824,0.001970528726375257,206.95264097229548,134.90707579332405
A3_w1,A3,random,random,False,0.0031133883026395206,0.0033329738422034285,-0.00021958553956390788,380.59155307642635,204.69720949745036
A3_w1,A3,random,random,False,0.0031318576867324513,0.003201326498883809,-6.94688121513575e-05,259.4297165379506,368.48659134475406
A3_w1,A3,random,random,False,0.004251348979085595,0.00516562013255875,-0.0009142711534731547,185.80279409020181,1.2966097537203463
A3_w1,A3,random,random,False,0.0030066044460085087,0.0021475529947217074,0.0008590514512868013,171.7078466432579,406.2320230914663
A3_w1,A3,random,random,False,9.719772117821509e-05,0.0014920429580223913,-0.0013948452368441762,320.2113686711096,250.14415033484218
A3_w1,A3,random,random,False,0.03780119080818416,0.015438431349691214,0.02236275945849294,83.11738850701606,216.92824717722033
A3_w1,A3,random,random,False,0.004975736534236644,0.00340590144127717,0.0015698350929594742,199.8147796794495,118.98497650734474
A3_w1,A3,random,random,False,0.00365092241937438,0.00757712320287382,-0.00392620078349944,54.91120736208563,541.3729222183933
A3_w1,A3,random,random,False,0.00025271091232225107,0.00461439342756316,-0.0043616825152409085,537.8359306288855,468.8790694836779
A3_w1,A3,random,random,False,0.005954746786881561,0.013204128183283348,-0.0072493813964017864,417.7173345921464,324.1677483486762
A3_w1,A3,random,random,False,0.008128488434898122,0.012088093247880335,-0.003959604812982213,130.39281897975286,307.7751980803359
A3_w1,A3,random,random,False,0.020072426935515232,0.013477196787954051,0.006595230147561181,110.28210038710695,217.89469374565826
A3_w1,A3,random,random,False,0.006079890055491333,0.012193500956594498,-0.0061136109011031645,528.2867067087161,200.34609644124484
A3_w1,A3,random,random,False,0.0003592592878497941,0.003942600271703412,-0.0035833409838536175,422.6345327991786,14.446879395928866
A3_w1,A3,random,random,False,0.0006907749223903119,0.004896491963434558,-0.0042057170410442464,172.06257435868798,544.7197141297223
A3_w1,A3,random,random,False,0.022587985126809568,0.020613047306325835,0.0019749378204837326,105.31185622172976,238.0930936326538
A3_w1,A3,random,random,False,0.0016999998148880479,0.002653769292894459,-0.0009537694780064111,336.02777491176084,463.0475254438632
A3_w1,A3,random,random,False,0.002762789563084477,0.004446912909270847,-0.00168412334618637,180.7131009223962,373.83305215589763
A3_w1,A3,random,random,False,0.024499302964475236,0.011284580945722667,0.013214722018752569,54.39338039372893,154.45605677722912
A3_w1,A3,random,random,False,0.001950429991593902,0.0073780915535432605,-0.005427661561949359,493.97460908221325,210.74515200082615
A3_w1,A3,random,random,False,0.0018837384950376773,0.0042541670472575,-0.0023704285522198223,315.03732882145766,66.93008000760604
A3_w1,A3,random,random,False,0.002829328767100558,0.0036496414843098504,-0.0008203127172092925,223.68585803403968,305.13150574001827
A3_w1,A3,random,random,False,0.009501038964758944,0.008626586816742757,0.0008744521480161874,199.19416749452864,309.82689303189557
A3_w1,A3,random,random,False,0.012866106157161272,0.007651586766424245,0.005214519390737027,231.67666681865637,419.5666946704945
A3_w1,A3,random,random,False,0.0023400157084875845,0.0014923921885359505,0.0008476235199516341,362.4689911595554,533.5135762539353
A3_w1,A3,random,random,False,0.0015366235582739704,0.0010990401571922854,0.0004375834010816851,250.60647083882407,188.0919936312855
A3_w1,A3,random,random,False,0.0069649016399158745,0.006231625178016171,0.0007332764618997031,503.0596863989463,272.72512427117147
A3_w1,A3,random,random,False,0.0014628409383703122,0.0036120892466436293,-0.002149248308273317,298.53728022201483,436.77353385498986
A3_w1,A3,random,random,False,0.008986044775036103,0.009518075290371873,-0.0005320305153357699,85.67670530331382,513.0771012008961
A3_w3,A3,manual,matched,True,0.025866915250154755,0.010534914873021503,0.015332000377133252,6.365244536940686,29.01873048907389
A3_w3,A3,manual,missed_both,True,0.008615554835621504,0.00705189045465706,0.0015636643809644434,32.90218522372528,7.659729448491156
A3_w3,A3,manual,matched,True,0.01729792846967389,0.00650142156740848,0.01079650690226541,46.494276795005206,42.6108220603538
A3_w3,A3,manual,matched,True,0.03209100639959693,0.022057289329802436,0.010033717069794494,95.03746097814778,52.96670135275754
A3_w3,A3,manual,matched,True,0.019267634963232697,0.008878116204631057,0.01038951875860164,98.27367325702394,25.782518210197708
A3_w3,A3,manual,matched,True,0.03944142921935624,0.012173395716135241,0.027268033503221,129.34131113423518,51.67221644120707
A3_w3,A3,manual,matched,True,0.031116251186862447,0.011850226160329613,0.019266025026532834,132.57752341311135,89.85952133194588
A3_w3,A3,manual,matched,True,0.011343819188309873,0.010127487188732123,0.0012163319995777497,61.380853277835584,79.50364203954214
A3_w3,A3,manual,missed_both,False,0.008580953182089962,0.008124866701072713,0.00045608648101724825,13.484911550468262,102.15712799167534
A3_w3,A3,manual,missed_both,False,0.013824491561030314,0.011491368896449314,0.0023331226645809996,16.0738813735692,135.81373569198752
A3_w3,A3,manual,matched,True,0.016563961929475204,0.009633494411454746,0.006930467518020457,47.78876170655568,181.76795005202916
A3_w3,A3,manual,missed_both,False,0.010382975804085587,0.007111890012909011,0.0032710857911765765,15.426638917793966,196.6545265348595
A3_w3,A3,manual,missed_both,False,0.019381339862206522,0.012260690433433944,0.007120649428772578,51.67221644120707,232.90010405827263
A3_w3,A3,manual,missed_both,True,0.023753008257734787,0.015283244830408655,0.008469763427326133,41.96357960457857,254.9063475546306
A3_w3,A3,manual,matched,True,0.021795544820661483,0.013686513660827989,0.008109031159833495,40.02185223725286,283.3850156087409
A3_w3,A3,manual,matched,True,0.014674568657195781,0.01717891101971369,-0.0025043423625179095,13.484911550468262,284.03225806451616
A3_w3,A3,manual,matched,True,0.021877604103137858,0.012088676476528898,0.00978892762660896,3.12903225806452,310.56919875130075
A3_w3,A3,manual,matched,True,0.05474540257517753,0.02428267566432693,0.0304627269108506,33.549427679500525,326.1030176899063
A3_w3,A3,manual,matched,True,0.03242946101661255,0.017506993687740613,0.014922467328871938,89.21227887617066,312.51092611862646
A3_w3,A3,manual,matched,True,0.023354774633351023,0.008992720191408546,0.014362054441942477,94.39021852237252,267.85119667013527
A3_w3,A3,manual,matched,True,0.04259780773978247,0.01323298290908396,0.029364824830698515,129.34131113423518,262.6732570239334
A3_w3,A3,manual,matched,True,0.038854274818088834,0.00760715339118901,0.031247121426899824,150.7003121748179,243.9032258064516
A3_w3,A3,manual,matched,True,0.04535880764567326,0.012053023366964722,0.03330578427870853,156.525494276795,194.06555671175855
A3_w3,A3,manual,matched,True,0.060938832769965395,0.008470570841380014,0.05246826192858538,181.7679500520291,176.59001040582723
A3_w3,A3,manual,matched,True,0.01954984422094961,0.0075131704732366595,0.01203667374771295,185.00416233090527,203.12695109261185
A3_w3,A3,manual,matched,True,0.011268341920361299,0.007941756280012318,0.0033265856403489804,210.89386056191464,188.88761706555667
A3_w3,A3,manual,matched,True,0.020729945940980158,0.00841525322881075,0.012314692712169409,222.54422476586888,71.73673257023931
A3_w3,A3,manual,matched,True,0.02206450388667308,0.006445346526111496,0.015619157360561586,240.66701352757545,69.14776274713839
A3_w3,A3,manual,matched,True,0.029467571935588122,0.008048931013791179,0.021418640921796944,258.1425598335067,45.19979188345472
A3_w3,A3,manual,missed_both,False,0.011933930472211852,0.0046793815764226716,0.00725454889578918,215.4245577523413,21.8990634755463
A3_w3,A3,manual,matched,True,0.025355366851506116,0.0051348844526892925,0.020220482398816825,241.96149843912588,12.83766909469302
A3_w3,A3,manual,matched,True,0.04877153156264625,0.00846195728233565,0.040309574280310595,298.2715920915712,34.19667013527574
A3_w3,A3,manual,matched,True,0.013263356170280313,0.009516373299062943,0.00374698287121737,324.8085327783558,71.08949011446408
A3_w3,A3,manual,matched,True,0.016660375613829465,0.009402971619459,0.007257403994370465,342.9313215400624,49.08324661810613
A3_w3,A3,manual,matched,True,0.026164644905733874,0.008147658450307382,0.018016986455426494,381.7658688865764,51.02497398543183
A3_w3,A3,manual,matched,True,0.01798002384295092,0.00497240550183538,0.013007618341115539,380.471383975026,13.484911550468254
A3_w3,A3,manual,matched,True,0.010087099129542618,0.007424137044339092,0.002662962085203526,412.8335067637877,10.248699271592088
A3_w3,A3,manual,matched,True,0.006346621956469757,0.013057194419823021,-0.006710572463353264,504.09469302809566,55.555671175858464
A3_w3,A3,manual,matched,True,0.01917628741316345,0.011052124123948865,0.008124163289214587,526.1009365244536,40.02185223725285
A3_w3,A3,manual,matched,True,0.024933528023171527,0.013226403849368637,0.01170712417380289,366.2320499479708,141.6389177939646
A3_w3,A3,manual,matched,True,0.04320271730852313,0.015349313530201341,0.02785340377832179,320.2778355879292,169.47034339229967
A3_w3,A3,manual,missed_both,False,0.0073198675835839085,0.006216791694736924,0.001103075888846984,289.210197710718,260.0842872008324
A3_w3,A3,manual,missed_both,False,0.004903502960892395,0.0037045146540056893,0.0011989883068867055,303.4495317377731,215.4245577523413
A3_w3,A3,manual,missed_both,False,0.0009621075451765039,0.004830589172443888,-0.003868481627267384,262.6732570239334,249.0811654526535
A3_w3,A3,manual,missed_both,False,0.004658621599192497,0.004472453976454233,0.00018616762273826384,372.0572320499479,258.1425598335067
A3_w3,A3,manual,matched,True,0.0139017265338844,0.0054222291170323055,0.008479497416852094,359.11238293444325,241.96149843912588
A3_w3,A3,manual,matched,True,0.008359447119790168,0.00464747210308063,0.0037119750167095384,403.1248699271591,294.38813735691986
A3_w3,A3,manual,matched,True,0.04487729314126624,0.011954499336708014,0.032922793804558224,190.8293444328824,354.58168574401657
A3_w3,A3,manual,matched,True,0.008145344901338593,0.0039754953084983734,0.004169849592840219,166.88137356919873,298.9188345473465
A3_w3,A3,manual,matched,True,0.01511340918123524,0.008022295787757327,0.007091113393477913,125.45785639958372,340.9895941727367
A3_w3,A3,manual,matched,True,0.007305727766591282,0.005773131109017708,0.0015325966575735744,155.23100936524452,339.047866805411
A3_w3,A3,manual,missed_both,True,0.015960783426788236,0.004497523175825836,0.0114632602509624,122.22164412070757,385.0020811654526
A3_w3,A3,manual,missed_both,False,0.007797101759447621,0.008221658189543212,-0.0004245564300955915,137.7554630593132,427.72008324661806
A3_w3,A3,manual,matched,True,0.023498155576171176,0.011516158670500947,0.01198199690567023,72.38397502601455,487.9136316337148
A3_w3,A3,manual,matched,True,0.017238352198626967,0.007195584337938802,0.010042767860688166,205.7159209157128,480.7939646201872
A3_w3,A3,manual,matched,True,0.03599775307982647,0.013337752046156589,0.022660001033669885,190.18210197710715,520.2757544224766
A3_w3,A3,manual,matched,True,0.027666172749156823,0.012134119023086887,0.015532053726069936,151.99479708636835,527.3954214360041
A3_w3,A3,manual,matched,True,0.023644302522216595,0.012326520959067467,0.011317781563149129,273.0291363163371,414.7752341311133
A3_w3,A3,manual,missed_both,False,0.009375905731163894,0.006777064464312787,0.0025988412668511065,251.6701352757544,392.12174817898017
A3_w3,A3,manual,matched,True,0.03392415145003501,0.015403392377105696,0.018520759072929313,244.5504682622268,517.0395421436003
A3_w3,A3,manual,matched,True,0.012934163551490335,0.0055998879051921855,0.007334275646298149,276.26534859521325,499.563995837669
A3_w3,A3,manual,missed_both,True,0.022010753788593972,0.006667103806966584,0.015343649981627388,311.2164412070759,502.8002081165452
A3_w3,A3,manual,matched,True,0.037013898259982164,0.010762228723132377,0.026251669536849785,364.9375650364203,407.00832466181055
A3_w3,A3,manual,matched,True,0.0412188189133507,0.01006857099371901,0.03115024791963169,328.044745057232,385.0020811654526
A3_w3,A3,manual,matched,True,0.03625052617568081,0.007764875282394691,0.028485650893286116,462.02393340270544,441.9594172736732
A3_w3,A3,manual,matched,True,0.05252047572320836,0.01539393753998374,0.03712653818322462,490.5026014568158,431.6035379812694
A3_w3,A3,manual,matched,True,0.018614957656520537,0.013470589603673925,0.005144368052846612,532.5733610822059,485.32466181061386
A3_w3,A3,manual,matched,True,0.011046694518810643,0.010813069350941224,0.0002336251678694192,520.9229968782518,498.9167533818938
A3_w3,A3,manual,matched,True,0.013601090972995361,0.005452190345339031,0.00814890062765633,493.7388137356919,463.9656607700312
A3_w3,A3,manual,matched,True,0.02279163547640022,0.0044375775676141465,0.018354057908786074,511.2143600416232,387.5910509885536
A3_w3,A3,manual,matched,True,0.017759181583972206,0.009611163013558067,0.00814801857041414,478.8522372528615,374.6462018730488
A3_w3,A3,manual,matched,True,0.03577540712056389,0.011435575146571774,0.024339831973992115,470.4380853277835,351.99271592091566
A3_w3,A3,manual,matched,True,0.04182880487708038,0.008921242133865638,0.03290756274321474,474.9687825182101,317.041623309053
A3_w3,A3,manual,matched,True,0.035841386117290756,0.008087630001695842,0.027753756115594913,449.0790842872008,306.03850156087407
A3_w3,A3,manual,matched,True,0.018492461362644496,0.011753581526190262,0.006738879836454234,511.8616024973985,278.8543184183142
A3_w3,A3,manual,matched,True,0.02780675905926811,0.011816310064657708,0.015990448994610405,515.7450572320498,229.6638917793964
A3_w3,A3,manual,matched,True,0.0516577636561492,0.012086637320248124,0.039571126335901076,505.3891779396462,328.69198751300723
A3_w3,A3,manual,matched,True,0.03231235375644065,0.00754434620315579,0.024768007553284857,517.6867845993755,303.4495317377731
A3_w3,A3,manual,matched,True,0.025816769509094922,0.008106133282417764,0.017710636226677158,502.8002081165452,359.75962539021845
A3_w3,A3,manual,matched,True,0.042870465558203806,0.007351495402937411,0.035518970155266394,542.2819979188345,353.2872008324661
A3_w3,A3,manual,missed_both,True,0.027430453019214457,0.008848458965475594,0.018581994053738865,536.4568158168573,326.7502601456815
A3_w3,A3,manual,matched,True,0.028789639753967994,0.005545309656764453,0.02324433009720354,539.0457856399582,539.6930280957336
A3_w3,A3,manual,matched,True,0.03449021487309784,0.015825536695232952,0.01866467817786489,432.89802289282,383.7075962539022
A3_w3,A3,manual,matched,True,0.025898548257547796,0.010269916821774142,0.015628631435773654,101.50988553590012,444.5483870967742
A3_w3,A3,manual,matched,True,0.03508278892005973,0.0031299052957953675,0.031952883624264364,307.3329864724246,543.576482830385
A3_w3,A3,random,random,False,0.013517621921451006,0.010403680438603992,0.0031139414828470144,95.02512004217034,124.39279816673802
A3_w3,A3,random,random,False,2.1707674522257247e-05,9.622838716968578e-05,-7.452071264742853e-05,537.6987297165065,113.65205763993649
A3_w3,A3,random,random,False,3.966161810106835e-05,5.1481833864740384e-05,-1.182021576367203e-05,531.1101752891819,89.71458477736364
A3_w3,A3,random,random,False,0.006195627111814577,0.012404953231735167,-0.00620932611992059,22.833488136544325,257.4993855183564
A3_w3,A3,random,random,False,0.006092334419502543,0.008982107561428873,-0.00288977314192633,93.29332068152156,455.4976722661202
A3_w3,A3,random,random,False,0.002074331304653221,0.0005394793416597626,0.0015348519629934585,196.64263492683622,420.55242696352957
A3_w3,A3,random,random,False,0.0006359914797341697,0.005217938496393759,-0.004581947016659589,220.28674677756393,43.706594966832526
A3_w3,A3,random,random,False,0.010884396679274575,0.00868015429811398,0.0022042423811605948,97.10076416426499,189.80540412694367
A3_w3,A3,random,random,False,0.007300373534478645,0.0021646769594446027,0.0051356965750340424,413.3411947724206,469.67834034922987
A3_w3,A3,random,random,False,0.00953294134297727,0.005777175976594742,0.003755765366382527,145.2158998537665,343.59168582829744
A3_w3,A3,random,random,False,0.010152528519107735,0.008406176719006947,0.0017463518001007879,95.89495843765447,529.0571184599328
A3_w3,A3,random,random,False,0.002171072507662695,0.001365735732853399,0.000805336774809296,271.82312784110474,80.657942651205
A3_w3,A3,random,random,False,0.005471514456534082,0.0015070905448000163,0.003964423911734065,306.9199343025623,416.86415557234693
A3_w3,A3,random,random,False,0.0018061871345094404,0.0075744657829079735,-0.005768278648398533,327.4732983895846,145.75844440247076
A3_w3,A3,random,random,False,0.02415172820959767,0.017979697981716784,0.006172030227880886,7.924513212846186,343.1944655457392
A3_w3,A3,random,random,False,0.0010914362085705563,0.005819646954575193,-0.004728210746004637,399.7098354703256,332.25728312134896
A3_w3,A3,random,random,False,0.011322142861766167,0.011665307148253593,-0.00034316428648742577,126.87732437098163,454.1588282681155
A3_w3,A3,random,random,False,0.0014552489584230843,0.010262969680920836,-0.00880772072249775,241.25476095867626,503.25464589678825
A3_w3,A3,random,random,False,0.002855277151366498,0.0032596758431416416,-0.0004043986917751435,199.09294310031765,327.37033836927276
A3_w3,A3,random,random,False,0.0005922601713283312,0.004588056865049346,-0.003995796693721014,376.9681473698176,349.43185447149637
A3_w3,A3,random,random,False,0.004126639552727132,0.009008942456928008,-0.004882302904200876,214.61485726296456,13.80914721824458
A3_w3,A3,random,random,False,0.009427022327248798,0.0074541296249555754,0.0019728927022932222,474.4752421787037,75.1118761471575
A3_w3,A3,random,random,False,0.010618687528222396,0.005025108282191576,0.00559357924603082,46.907579639302405,461.4848212328723
A3_w3,A3,random,random,False,0.0008929418373249468,0.003037159479022934,-0.002144217641697987,411.5638863974161,93.31994150109769
A3_w3,A3,random,random,False,0.00044295368400004844,0.011536951556581368,-0.01109399787258132,107.54647829354641,239.33077613178688
A3_w3,A3,random,random,False,0.0003203772458577344,0.003270227312235192,-0.0029498500663774573,258.68326381129884,444.513210856407
A3_w3,A3,random,random,False,0.0009159594878730418,0.0048142125929327585,-0.0038982531050597165,391.60796108793494,344.29564869703825
A3_w3,A3,random,random,False,0.009707770014742082,0.012240147113732959,-0.002532377098990877,465.4477660769292,369.57598197753373
A3_w3,A3,random,random,False,0.011514319183355118,0.004442194602744406,0.007072124580610712,269.5922078148232,141.64647168026073
A3_w3,A3,random,random,False,0.005523433939759518,0.00301011933863024,0.002513314601129278,390.5036802865592,354.0858879600923
A3_w3,A3,random,random,False,0.013260130250449306,0.007968676685028,0.005291453565421305,288.9815707177154,61.49600214315738
A3_w3,A3,random,random,False,0.006954869572984769,0.010046616717038579,-0.0030917471440538103,152.93132671036724,72.67508733318117
A3_w3,A3,random,random,False,0.002430841118193053,0.0016083797662385993,0.0008224613519544537,421.7777919144103,510.1310058849157
A3_w3,A3,random,random,False,0.006543631514455857,0.0037405278762389807,0.002803103638216876,427.8727261521665,456.8702352467698
A3_w3,A3,random,random,False,0.01535171818209477,0.008967629708288535,0.006384088473806235,27.1370588554208,119.30454482733728
A3_w3,A3,random,random,False,0.01180990871913269,0.008775913867886875,0.003033994851245815,527.9484710581772,500.9706369632986
A3_w3,A3,random,random,False,0.01749524547563503,0.014971188932607286,0.0025240565430277445,54.329377861902714,495.62906483131616
A3_w3,A3,random,random,False,0.039145383687961804,0.01298221996410432,0.026163163723857484,159.24931143956752,197.16362150392118
A3_w3,A3,random,random,False,0.00023902807176999182,0.008947304753906949,-0.008708276682136957,151.92914057497754,97.36327040118482
A3_w3,A3,random,random,False,0.0036739889110941762,0.0021795508276342386,0.0014944380834599376,430.98291214386825,275.80297364798696
A3_w3,A3,random,random,False,0.005007703168746976,0.004424102735325165,0.0005836004334218107,354.1755627350002,11.001193692323529
A3_w3,A3,random,random,False,0.0033190010622116714,0.00518256046241995,-0.0018635594002082783,68.35908277432982,360.6488115828805
A3_w3,A3,random,random,False,0.01111572659386209,0.004024380521739995,0.007091346072122096,386.2189616560841,536.4099085281242
A3_w3,A3,random,random,False,0.002086238170989245,0.0019272910807208844,0.0001589470902683607,279.67949871547756,351.42066970431955
A3_w3,A3,random,random,False,7.637103244479226e-05,0.001958799193830502,-0.00188242816138571,474.2063641112478,125.96820712587424
A3_w3,A3,random,random,False,0.009285583366815026,0.0045660293583124414,0.004719554008502585,380.07842366753414,218.24337429753066
A3_w3,A3,random,random,False,0.0012077125173932748,0.0020274853644151884,-0.0008197728470219136,344.2223879030735,337.8627146121815
A3_w3,A3,random,random,False,3.97016566783824e-05,0.0011451808474393077,-0.0011054791907609254,435.07923998461604,217.46045331886643
A3_w3,A3,random,random,False,0.004982364413976226,0.006377970575299823,-0.0013956061613235966,398.32494402805025,324.67139659971673
A3_w3,A3,random,random,False,0.0017357615266011673,0.013133599371976517,-0.011397837845375349,180.46695418412506,500.0356662720423
A3_w3,A3,random,random,False,0.002763204044113854,0.004397150105077094,-0.0016339460609632395,276.1296927168724,118.21097637992034
A3_w3,A3,random,random,False,0.0005135113857869856,0.002060536656089028,-0.0015470252703020425,246.25878315686214,289.75492676862143
A3_w3,A3,random,random,False,0.004959780673435501,0.009913340825208918,-0.004953560151773417,60.187595625608886,466.8441361972178
A3_w3,A3,random,random,False,0.00572943496551737,0.00516841095160316,0.0005610240139142103,246.16458780031584,259.4842843484151
A3_w3,A3,random,random,False,0.00348222414247657,0.0020937785503342336,0.0013884455921423363,356.6216992996179,189.17801665629446
A3_w3,A3,random,random,False,0.0009581161745685263,0.0027565350223307137,-0.0017984188477621875,315.84141528737007,115.87860572506472
A3_w3,A3,random,random,False,0.004413162647171596,0.004805895692847307,-0.00039273304567571075,135.82531070521694,409.36470063542737
A3_w3,A3,random,random,False,0.004633247129539098,0.004434767947177041,0.00019847918236205742,331.39426914996153,518.2772829783008
A3_w3,A3,random,random,False,0.016372103585267056,0.01431664479370124,0.002055458791565816,0.8713861859080382,213.08168785066837
A3_w3,A3,random,random,False,0.011425205655923892,0.006574314274865953,0.004850891381057939,404.89852349162925,304.5271860237441
A3_w3,A3,random,random,False,0.00892245979621258,0.012796481263324822,-0.003874021467112243,314.80980026008245,47.72136545725897
A3_w3,A3,random,random,False,0.0009392949330515739,0.0029803335748700603,-0.0020410386418184866,403.93261617925623,32.86664236133979
A3_w3,A3,random,random,False,0.0014762241103357145,0.0012155905014219655,0.000260633608913749,157.83952049464563,459.0189942647783
A3_w3,A3,random,random,False,0.00019202913109502703,9.164674454501715e-05,0.00010038238655000989,535.0366049335837,73.81474485673436
A3_w3,A3,random,random,False,0.0001984522447839649,0.0012669372060032918,-0.001068484961219327,290.58090272966524,286.2283259451827
A3_w3,A3,random,random,False,0.0023203816774037458,0.003658232363549369,-0.0013378506861456232,312.5020746376883,5.207329684119148
A3_w3,A3,random,random,False,0.0017441241275867243,0.006755410755742624,-0.005011286628155899,135.44676968773376,128.18655370356313
A3_w3,A3,random,random,False,0.021114425817603876,0.012097260442629855,0.009017165374974021,272.94734882229255,50.956510284701096
A3_w3,A3,random,random,False,0.0016918235324941207,0.007678063450748556,-0.005986239918254435,33.25196166421339,101.76777586097279
A3_w3,A3,random,random,False,0.0007572765132739573,0.0007491539117650154,8.122601508941886e-06,497.47580928237966,177.74015674215937
A3_w3,A3,random,random,False,0.0017436360430017985,0.005906327354535004,-0.004162691311533205,343.47750291554814,127.24281089220618
A3_w3,A3,random,random,False,0.002271115279851704,0.012895520861297671,-0.010624405581445968,162.95701549361712,237.5892921438905
A3_w3,A3,random,random,False,0.007505958009443468,0.006781562644643845,0.0007243953647996229,40.70629595964136,477.9047031632413
A3_w3,A3,random,random,False,0.0028985554612616163,0.001133652501669692,0.0017649029595919242,301.10812964762465,447.37424980374794
A3_w3,A3,random,random,False,0.0014707492194259144,0.0012451829501866768,0.00022556626923923764,442.49877404122844,267.17965000734
A3_w3,A3,random,random,False,0.002937378315955108,0.0033549308352078173,-0.00041755251925270926,279.6605930385972,172.56122577569295
A3_w3,A3,random,random,False,0.005009200633218885,0.0028217371035101635,0.002187463529708722,440.8996009423482,479.35874429251766
A3_w3,A3,random,random,False,0.0022901518486997644,0.004696355705004801,-0.002406203856305037,340.7727992401744,196.23963452248324
A3_w3,A3,random,random,False,0.0022656334513363025,0.010754296284604163,-0.00848866283326786,504.61669235145416,29.369079395799794
A3_w3,A3,random,random,False,0.0009049570690293484,0.0015574069657462424,-0.000652449896716894,497.045988814143,18.26592436968718
A3_w3,A3,random,random,False,0.018681846431562836,0.008917440494487056,0.00976440593707578,310.4683759674303,489.9767481433383
A3_w3,A3,random,random,False,0.0020520919594629386,0.002258914195078275,-0.00020682223561533644,265.306000102742,108.13637276811029
A3_w3,A3,random,random,False,2.7479848378929914e-06,0.00040397507718409825,-0.00040122709234620527,313.1512167303613,303.3689108223193
A3_w3,A3,random,random,False,0.0038980110986746434,0.003160367337134364,0.0007376437615402793,310.5778879319414,93.69445072475912
A3_w3,A3,random,random,False,0.0017398670274789585,0.00572518294399913,-0.003985315916520172,90.78435749960711,391.2851961231092
A4_w2,A4,manual,matched,True,0.0759450502030953,0.05505325605165462,0.020891794151440685,9.64828303850156,9.64828303850156
A4_w2,A4,manual,matched,True,0.08961484334344266,0.06191706991611731,0.02769777342732535,21.539021852237248,15.441207075962538
A4_w2,A4,manual,matched,True,0.08835273452394478,0.06831041081401076,0.020042323709934015,37.69823100936525,22.75858480749219
A4_w2,A4,manual,missed_both,True,0.0748668773554543,0.067562054491951,0.007304822863503299,34.64932362122788,5.379812695109258
A4_w2,A4,manual,matched,True,0.10565069575722502,0.04629789261050807,0.059352803146716954,54.4672216441207,17.270551508844953
A4_w2,A4,manual,matched,True,0.10652254497720338,0.0536881655730862,0.052834379404117185,77.63891779396461,3.5504682622268438
A4_w2,A4,manual,matched,True,0.10150078408359674,0.05601675063392164,0.045484033449675096,94.10301768990637,13.002081165452651
A4_w2,A4,manual,matched,True,0.08211716714278547,0.04263734446586714,0.03947982267691833,113.61602497398542,5.684703433922998
A4_w2,A4,manual,matched,True,0.1025466628780742,0.05777429774090734,0.044772365137166856,66.66285119667013,30.990634755463063
A4_w2,A4,manual,matched,True,0.08817017262809816,0.05453163851935398,0.033638534108744185,71.84599375650363,46.23517169614984
A4_w2,A4,manual,matched,True,0.07113241673492561,0.058796685951297875,0.012335730783627735,82.51716961498438,21.539021852237248
A4_w2,A4,manual,matched,True,0.09462086276170069,0.05740311515541893,0.037217747606281756,48.369406867846,39.52757544224765
A4_w2,A4,manual,matched,True,0.08251347076552489,0.05225660320222304,0.030256867563301842,4.465140478668054,35.86888657648282
A4_w2,A4,manual,matched,True,0.09209064308615404,0.0637423863643119,0.028348256721842144,21.23413111342352,38.30801248699271
A4_w2,A4,manual,matched,True,0.10509010757387852,0.07041003926716255,0.034680068306715967,30.990634755463063,53.55254942767949
A4_w2,A4,manual,matched,True,0.08882919494712498,0.0672555817106396,0.02157361323648538,12.697190426638912,54.4672216441207
A4_w2,A4,manual,matched,True,0.08973850821894862,0.05589625198898186,0.033842256229966755,15.441207075962538,74.894901144641
A4_w2,A4,manual,matched,True,0.10379687745738163,0.0667032994887204,0.03709357796866122,35.25910509885536,67.57752341311134
A4_w2,A4,manual,matched,True,0.09310408208287231,0.054111467065097035,0.038992615017775276,51.11342351716961,60.26014568158168
A4_w2,A4,manual,matched,True,0.09732340603613204,0.06494638320541712,0.03237702283071492,54.77211238293444,80.9927159209157
A4_w2,A4,manual,matched,True,0.09620219494239017,0.060832085501803135,0.035370109440587036,37.69823100936525,88.00520291363162
A4_w2,A4,manual,matched,True,0.09762565485069714,0.04334808976011493,0.054277565090582215,20.624349635796044,97.76170655567115
A4_w2,A4,manual,matched,True,0.10326622472644378,0.05108286360414961,0.05218336112229417,3.855359001040583,108.1279916753382
A4_w2,A4,manual,matched,True,0.09983532445639531,0.044118144758409375,0.05571717969798594,19.709677419354836,125.20187304890736
A4_w2,A4,manual,matched,True,0.09509032956104925,0.04947040758275573,0.04561992197829352,27.027055150884493,145.0197710718002
A4_w2,A4,manual,matched,True,0.061345778725574084,0.05218482160466135,0.009160957120912736,11.477627471383975,150.81269510926117
A4_w2,A4,manual,matched,True,0.09674221302181903,0.05491804274045303,0.041824170281365994,14.526534859521329,172.15504682622267
A4_w2,A4,manual,matched,True,0.08154862536940972,0.047679802483511446,0.03386882288589828,28.8563995837669,163.31321540062433
A4_w2,A4,manual,matched,True,0.09740848144480217,0.039505851184353964,0.05790263026044821,26.11238293444328,191.9729448491155
A4_w2,A4,manual,matched,True,0.11076695345594335,0.048269537609574864,0.06249741584636849,6.904266389177934,204.7783558792924
A4_w2,A4,manual,matched,True,0.08013667740687906,0.06898843755441798,0.011148239852461078,5.379812695109258,187.7044745057232
A4_w2,A4,manual,matched,True,0.0712142907168719,0.04796964191300588,0.023244648803866015,48.97918834547346,201.1196670135276
A4_w2,A4,manual,matched,True,0.07649950125588866,0.049461240382765274,0.02703826087312338,51.11342351716961,188.00936524453687
A4_w2,A4,manual,matched,True,0.08311014958799502,0.07908768416862583,0.004022465419369195,3.5504682622268438,216.0593132154006
A4_w2,A4,manual,matched,True,0.06108514638314057,0.04774901237798128,0.01333613400515929,34.039542143600414,216.6690946930281
A4_w2,A4,manual,matched,True,0.08268115276034055,0.029473488408553756,0.053207664351786796,58.43080124869927,167.88657648283038
A4_w2,A4,manual,matched,True,0.08741609163194722,0.0503416046744112,0.03707448695753602,63.0041623309053,191.9729448491155
A4_w2,A4,manual,matched,True,0.0953350080599762,0.052509019694576185,0.04282598836540002,84.65140478668053,185.8751300728408
A4_w2,A4,manual,matched,True,0.09989379792703255,0.049892469002493604,0.05000132892453895,95.93236212278876,205.9979188345473
A4_w2,A4,manual,matched,True,0.10339149798339671,0.05505436137958035,0.04833713660381636,120.3236212278876,200.2049947970864
A4_w2,A4,manual,matched,True,0.09372011776288929,0.0624395276584233,0.03128059010446599,105.99375650364205,186.1800208116545
A4_w2,A4,manual,matched,True,0.1019482277155457,0.05053161705431823,0.05141661066122746,133.738813735692,154.77627471383974
A4_w2,A4,manual,matched,True,0.10126910949062479,0.05977060161957968,0.04149850787104511,116.96982310093652,148.98335067637876
A4_w2,A4,manual,matched,True,0.07808476735823007,0.05092902802906146,0.027155739329168607,107.82310093652444,129.16545265348594
A4_w2,A4,manual,matched,True,0.0914747799938495,0.04324031659615711,0.048234463397692384,92.27367325702392,123.98231009365244
A4_w2,A4,manual,matched,True,0.09323059512345576,0.05042822574247566,0.0428023693809801,36.4786680541103,116.0551508844953
A4_w2,A4,manual,matched,True,0.09196784548264202,0.0668749632187111,0.025092882263930916,55.68678459937564,100.50572320499478
A4_w2,A4,manual,matched,True,0.09679319428522838,0.0353809142226121,0.06141228006261628,70.62643080124869,139.53173777315297
A4_w2,A4,manual,matched,True,0.1019077134455186,0.050838441972517946,0.05106927147300066,71.5411030176899,73.06555671175857
A4_w2,A4,manual,matched,True,0.10246753689549559,0.04670465936732599,0.0557628775281696,72.76066597294485,101.42039542143598
A4_w2,A4,manual,matched,True,0.07985763445244852,0.04469705089755372,0.0351605835548948,92.57856399583768,80.0780437044745
A4_w2,A4,manual,matched,True,0.09678689563514047,0.04974811323601539,0.047038782399125074,102.03017689906346,63.0041623309053
A4_w2,A4,manual,matched,True,0.06524476014403106,0.03855715062951288,0.026687609514518186,124.89698231009363,25.19771071800208
A4_w2,A4,manual,matched,True,0.09266025693280981,0.04625230301382169,0.046407953918988123,119.71383975026016,47.75962539021852
A4_w2,A4,manual,matched,True,0.07769490111867698,0.054112396411736256,0.023582504706940725,119.4089490114464,65.44328824141519
A4_w2,A4,manual,matched,True,0.09036523782807501,0.053038446855666936,0.037326790972408076,144.4099895941727,63.61394380853277
A4_w2,A4,manual,matched,True,0.056957018372779784,0.035083763111470594,0.02187325526130919,147.76378772112383,18.18522372528616
A4_w2,A4,manual,matched,True,0.09137904200481313,0.04605547137548802,0.045323570629325106,141.05619146722162,37.39334027055151
A4_w2,A4,manual,matched,True,0.09880175750048269,0.05413551778511051,0.044666239715372175,159.3496357960458,37.39334027055151
A4_w2,A4,manual,matched,True,0.07336302949001183,0.0394473031701298,0.03391572631988203,167.2767950052029,16.965660770031214
A4_w2,A4,manual,matched,True,0.07027686450050576,0.04472951766785779,0.025547346832647963,186.1800208116545,20.319458896982304
A4_w2,A4,manual,matched,True,0.09506320202695973,0.05269377486799193,0.0423694271589678,189.5338189386056,40.7471383975026
A4_w2,A4,manual,matched,True,0.09721507468033305,0.044872677744376886,0.052342396935956166,205.38813735691983,9.34339229968782
A4_w2,A4,manual,matched,True,0.09488651028122073,0.0464718844422287,0.04841462583899203,211.7908428720083,34.039542143600414
A4_w2,A4,manual,matched,True,0.08588733814818943,0.06092381438386594,0.024963523764323488,199.59521331945888,61.78459937565036
A4_w2,A4,manual,matched,True,0.10455370718892514,0.05568518793411496,0.04886851925481017,192.8876170655567,81.29760665972944
A4_w2,A4,manual,matched,True,0.08330086154692525,0.06317136189688166,0.020129499650043584,175.8137356919875,77.33402705515088
A4_w2,A4,manual,matched,True,0.08600755138805694,0.04971419949708403,0.03629335189097291,159.95941727367324,59.34547346514047
A4_w2,A4,manual,matched,True,0.101867906246725,0.058105727347244535,0.04376217889948046,157.52029136316335,87.39542143600416
A4_w2,A4,manual,matched,True,0.10007794912808614,0.05652067174176124,0.0435572773863249,183.13111342351715,99.28616024973984
A4_w2,A4,manual,matched,True,0.08511858801200461,0.06336836313482674,0.02175022487717787,185.2653485952133,119.4089490114464
A4_w2,A4,manual,matched,True,0.11022265421786899,0.05580994452034714,0.05441270969752185,165.14255983350677,137.3975026014568
A4_w2,A4,manual,matched,True,0.09548737719358315,0.06539574999054187,0.030091627203041274,158.7398543184183,119.4089490114464
A4_w2,A4,manual,matched,True,0.09971019234717443,0.06311056362504237,0.03659962872213206,142.88553590010406,107.82310093652444
A4_w2,A4,manual,matched,True,0.103206380330275,0.05217553709601077,0.05103084323426423,121.54318418314256,100.50572320499478
A4_w2,A4,manual,matched,True,0.080293437424034,0.04337647910399315,0.03691695832004085,94.10301768990637,100.81061394380852
A4_w2,A4,manual,matched,True,0.09344008025944693,0.057789809424083655,0.035650270835363276,128.25078043704474,119.71383975026016
A4_w2,A4,manual,matched,True,0.09043907549273666,0.0522045641501087,0.038234511342627966,144.4099895941727,133.738813735692
A4_w2,A4,manual,matched,True,0.0829329471496342,0.04773271361572182,0.035200233533912384,161.1789802289282,158.7398543184183
A4_w2,A4,manual,matched,True,0.09699869085667229,0.06595841354492547,0.031040277311746814,139.22684703433922,171.24037460978147
A4_w2,A4,manual,matched,True,0.08355771315523389,0.042437271134129526,0.04112044202110436,86.48074921956295,157.21540062434963
A4_w2,A4,manual,matched,True,0.09509334567525553,0.049954370039244266,0.04513897563601126,46.54006243496357,139.8366285119667
A4_w2,A4,manual,matched,True,0.10177420950893716,0.05662431269888822,0.04514989681004894,55.38189386056192,122.15296566077004
A4_w2,A4,manual,matched,True,0.08800504444576654,0.06153966007002385,0.02646538437574269,104.46930280957336,162.0936524453694
A4_w2,A4,manual,matched,True,0.08456542037658099,0.07390379864557292,0.01066162173100807,124.5920915712799,177.33818938605617
A4_w2,A4,manual,matched,True,0.10212951677427423,0.06291192046067233,0.0392175963136019,136.78772112382933,190.14360041623308
A4_w2,A4,manual,matched,True,0.07988566256276558,0.05039649326426983,0.02948916929849575,149.89802289281997,206.9125910509885
A4_w2,A4,manual,matched,True,0.08340113613528571,0.05704472915820865,0.026356406977077064,157.21540062434963,216.6690946930281
A4_w2,A4,manual,matched,True,0.0909182547426322,0.06238705434906314,0.02853120039356906,105.99375650364205,215.44953173777316
A4_w2,A4,manual,matched,True,0.0853872591521713,0.0508038307961696,0.0345834283560017,74.894901144641,209.65660770031212
A4_w2,A4,manual,matched,True,0.08775752028061932,0.04825539192968293,0.039502128350936395,155.99583766909467,180.99687825182104
A4_w2,A4,manual,matched,True,0.06152478967670252,0.0332865289780241,0.028238260698678415,173.67950052029136,198.0707596253902
A4_w2,A4,manual,matched,True,0.07920361536375677,0.05854996120512713,0.020653654158629638,177.03329864724245,168.49635796045786
A4_w2,A4,manual,matched,True,0.09929356128803947,0.051144553194761126,0.04814900809327834,179.1675338189386,147.15400624349635
A4_w2,A4,manual,matched,True,0.09600264862205965,0.0571250358143375,0.03887761280772215,188.6191467221644,166.66701352757542
A4_w2,A4,manual,matched,True,0.08733901613934267,0.05683832101607245,0.030500695123270215,190.4484911550468,183.4360041623309
A4_w2,A4,manual,matched,True,0.07383809025217816,0.04395224589085042,0.02988584436132774,206.6077003121748,167.88657648283038
A4_w2,A4,manual,matched,True,0.09025219042256684,0.045698609888082053,0.044553580534484785,198.68054110301767,203.55879292403745
A4_w2,A4,manual,matched,True,0.08266504557359328,0.058913541402364517,0.02375150417122876,209.65660770031212,193.49739854318415
A4_w2,A4,manual,matched,True,0.06716274139688203,0.05963086527525554,0.0075318761216264865,216.9739854318418,179.47242455775233
A4_w2,A4,manual,matched,True,0.09921365959319876,0.060003183620107176,0.03921047597309159,199.59521331945888,114.83558792924038
A4_w2,A4,manual,missed_both,True,0.06310087088475083,0.06272811708092836,0.00037275380382247036,215.1446409989594,56.601456815816846
A4_w2,A4,manual,matched,True,0.08475324190097806,0.06263304269874545,0.022120199202232613,215.1446409989594,79.16337148803329
A4_w2,A4,manual,matched,True,0.09657355817273439,0.05547484083419521,0.041098717338539176,214.83975026014568,93.49323621227887
A4_w2,A4,random,random,False,0.07796459704816237,0.0537378458159294,0.024226751232232974,109.09955077256093,61.79524985463146
A4_w2,A4,random,random,False,0.09465176251882146,0.0651971545629704,0.02945460795585106,160.38484310905432,118.21087477057235
A4_w2,A4,random,random,False,0.04782801914822436,0.06955997511102137,-0.021731955962797006,214.3845223416472,51.188007130560166
A4_w2,A4,random,random,False,0.04551730540715859,0.06411352511582143,-0.018596219708662834,142.75066796964953,160.3787461183329
A4_w2,A4,random,random,False,0.03093579729951487,0.06020557913999693,-0.029269781840482064,56.348687439714915,150.0721034175856
A4_w2,A4,random,random,False,0.05471926027255674,0.06883427373832321,-0.01411501346576647,166.96892114732583,82.6216446177749
A4_w2,A4,random,random,False,0.011782683164135775,0.040862523236599994,-0.029079840072464218,179.18141670733263,0.5871362496103774
A4_w2,A4,random,random,False,0.07839404032769684,0.06438255470637579,0.014011485621321054,82.72918711620552,3.8130424916736025
A4_w2,A4,random,random,False,0.048482912657188695,0.052040301024444104,-0.0035573883672554082,182.77127267454804,188.53360146188615
A4_w2,A4,random,random,False,0.03217446468453775,0.059377377296211564,-0.02720291261167381,97.5870419209956,116.44495131471434
A4_w2,A4,random,random,False,0.053134252037087396,0.06845402382270874,-0.015319771785621342,143.44830520288667,88.24830188737276
A4_w2,A4,random,random,False,0.05950572923948215,0.057216026793268926,0.0022897024462132237,85.00058358151462,172.37894415940278
A4_w2,A4,random,random,False,0.04287671280947536,0.08033126587952029,-0.03745455307004493,20.100730204432598,64.4174036060095
A4_w2,A4,random,random,False,0.04044483029623161,0.06604156963719617,-0.025596739340964555,61.5187365408354,55.05325952342845
A4_w2,A4,random,random,False,0.08274172260917308,0.05025546629654484,0.032486256312628234,119.40481344814023,109.32049170967319
A4_w2,A4,random,random,False,0.027064418927498186,0.06117651639074126,-0.03411209746324308,83.67901266217729,100.96604339252154
A4_w2,A4,random,random,False,0.0705180189348981,0.06467794015171253,0.0058400787831855705,61.02522398438641,113.29182988149743
A4_w2,A4,random,random,False,0.05039325641693767,0.059215175874197584,-0.008821919457259915,79.78083703728515,76.96072199583992
A4_w2,A4,random,random,False,0.06483404002779689,0.05511618163801057,0.009717858389786317,64.39084301659769,198.99020427505982
A4_w2,A4,random,random,False,0.052219818134891266,0.056751081014682944,-0.004531262879791678,12.160785223210343,131.016089082949
A4_w2,A4,random,random,False,0.07464084167606694,0.06601589459949864,0.008624947076568301,214.07975961036416,101.70544808886218
A4_w2,A4,random,random,False,0.026614684558644425,0.05233371903222675,-0.025719034473582324,181.17716212072608,14.413329859141207
A4_w2,A4,random,random,False,0.00878999052163526,0.036574644475418916,-0.027784653953783656,177.0293808991613,218.8448827458639
A4_w2,A4,random,random,False,0.07611576760267406,0.07075423339609627,0.005361534206577798,25.459683191697028,35.53652267721363
A4_w2,A4,random,random,False,0.032833967035142096,0.057682384882211224,-0.024848417847069128,2.106339765478064,132.1326660881697
A4_w2,A4,random,random,False,0.0365432236842802,0.04901011492795346,-0.012466891243673256,96.88425390918012,33.111837443580086
A4_w2,A4,random,random,False,0.025582083809025852,0.04667735662975673,-0.021095272820730877,125.03922454098742,10.726800218082824
A4_w2,A4,random,random,False,0.038066367269380647,0.06096714884932437,-0.02290078157994372,104.10750455694694,122.15911610357682
A4_w2,A4,random,random,False,0.06713315598447185,0.06213535592909802,0.004997800055373834,27.934852397739242,25.13577889467805
A4_w2,A4,random,random,False,0.06971223038106712,0.06866619039953906,0.0010460399815280658,186.41188010426143,115.92136577372524
A4_w2,A4,random,random,False,0.051372264973475884,0.028120710836627295,0.02325155413684859,216.15789043137983,145.2537829861549
A4_w2,A4,random,random,False,0.018648643106471696,0.04782649774936111,-0.029177854642889415,128.6922320680586,16.999968553676002
A4_w2,A4,random,random,False,0.06753644122071957,0.05786508830231952,0.009671352918400052,115.20977173149387,56.689966071010105
A4_w2,A4,random,random,False,0.059717151554158944,0.061571899947407756,-0.0018547483932488118,65.11548887172252,83.03999550934721
A4_w2,A4,random,random,False,0.046751947675956446,0.0691247799044774,-0.022372832228520947,84.8953240250584,12.489506111205639
A4_w2,A4,random,random,False,0.052498704066054225,0.06245212049821087,-0.009953416432156643,6.199753786906562,125.75457121920454
A4_w2,A4,random,random,False,0.03704404531644294,0.07499965232740591,-0.03795560701096297,147.01758607182063,96.19916415119145
A4_w2,A4,random,random,False,0.07695858459033884,0.05354350194942748,0.023415082640911362,61.997772735385134,189.34883150606842
A4_w2,A4,random,random,False,0.022664634995376166,0.05008555646489352,-0.027420921469517356,153.98603442988662,11.34494830283271
A4_w2,A4,random,random,False,0.06066040572048144,0.05786460146949134,0.0027958042509900957,126.28658026413574,68.09537646667692
A4_w2,A4,random,random,False,0.04621270031522777,0.0645479918593454,-0.01833529154411763,24.576796373495622,154.66047546254788
A4_w2,A4,random,random,False,0.06646258669254114,0.055600635709345876,0.010861950983195263,182.92398805820216,139.68421571634678
A4_w2,A4,random,random,False,0.0950321332486963,0.053966091380809454,0.04106604186788685,177.2509845434112,145.31093113118433
A4_w2,A4,random,random,False,0.08537457334619875,0.059390644658171114,0.02598392868802763,159.13031484456678,67.54395314198902
A4_w2,A4,random,random,False,0.07464409661909563,0.06027005122747534,0.014374045391620287,20.737901261823886,117.37357126364986
A4_w2,A4,random,random,False,0.055947801482829525,0.07795427028692122,-0.02200646880409169,123.94418448433508,162.88061576317892
A4_w2,A4,random,random,False,0.08775975873503924,0.05883784713734721,0.028921911597692036,67.04263719388422,107.80787028248989
A4_w2,A4,random,random,False,0.02674047512638617,0.06579324113000967,-0.03905276600362351,134.81216777824045,139.9433087941057
A4_w2,A4,random,random,False,0.04966992223791155,0.0624179679478778,-0.012748045709966252,5.184903782351226,20.173674107328452
A4_w2,A4,random,random,False,0.0595128796767633,0.06072520723729356,-0.0012123275605302603,59.423011924016556,194.93409151808333
A4_w2,A4,random,random,False,0.04748610862146107,0.06190701701831669,-0.014420908396855621,173.44982908235562,40.241512564518224
A4_w2,A4,random,random,False,0.07267441396446196,0.06998060189421233,0.0026938120702496293,170.12917411704734,100.37568057108356
A4_w2,A4,random,random,False,0.020676536130165783,0.06077144656535327,-0.04009491043518749,109.42752442906949,96.75909990972312
A4_w2,A4,random,random,False,0.059028345427728,0.05549644310349186,0.0035319023242361414,76.46886942666934,181.72558008423903
A4_w2,A4,random,random,False,0.015387349406674697,0.05282796616086455,-0.03744061675418985,174.350137562433,5.869488746732608
A4_w2,A4,random,random,False,0.08563360206508216,0.04980577006555314,0.035827831999529026,33.28590543899415,112.59726849298269
A4_w2,A4,random,random,False,0.03492215148690781,0.058731290216121716,-0.023809138729213905,39.118794739632875,179.27667925963195
A4_w2,A4,random,random,False,0.06555770160592289,0.05344554115485846,0.012112160451064433,212.86867202434385,178.3468043808606
A4_w2,A4,random,random,False,0.07557042672363465,0.0590891665430046,0.01648126018063005,17.773930423137177,15.364812019101675
A4_w2,A4,random,random,False,0.03193951036689986,0.06970896932027874,-0.03776945895337888,14.045603377116702,183.8272388707883
A4_w2,A4,random,random,False,0.08150275693584326,0.056674118353488324,0.024828638582354935,184.0621005881018,162.2003732900794
A4_w2,A4,random,random,False,0.07935679998441898,0.06368662560963267,0.015670174374786308,44.02171257360473,88.6796242335048
A4_w2,A4,random,random,False,0.057904004278379266,0.07254991551357562,-0.014645911235196353,7.266316593133182,50.37015116711501
A4_w2,A4,random,random,False,0.04805254299185162,0.06973746913794836,-0.02168492614609674,7.396205941910066,181.47211677024643
A4_w2,A4,random,random,False,0.04573927137013416,0.06178871760139144,-0.01604944623125728,73.2043508336388,116.43277624182814
A4_w2,A4,random,random,False,0.07477929170380641,0.061532732117258106,0.013246559586548308,66.13329197925692,116.95511201956523
A4_w2,A4,random,random,False,0.06183290013553311,0.06501863103293666,-0.003185730897403552,46.441655145388474,67.86247638109191
A4_w2,A4,random,random,False,0.060538178047042576,0.06381065537493671,-0.0032724773278941383,157.11155851586958,143.3402457981244
A4_w2,A4,random,random,False,0.054849098277596375,0.062003679694595006,-0.00715458141699863,109.57860293341018,113.5652205707391
A4_w2,A4,random,random,False,0.07954396835316227,0.062251062845007504,0.017292905508154766,51.25323760519767,96.03005745269627
A4_w2,A4,random,random,False,0.05603356475905292,0.06580576574349456,-0.009772200984441641,213.51345065416228,55.07342785010211
A4_w2,A4,random,random,False,0.05477192965855821,0.07257495108558838,-0.01780302142703017,218.42601195344218,104.98234410001184
A4_w2,A4,random,random,False,0.044057690050245644,0.06560063174728017,-0.02154294169703453,71.32852117948306,58.20059804188433
A4_w2,A4,random,random,False,0.09824020964014933,0.06248707421309256,0.03575313542705677,179.56423137585256,122.29595736797023
A4_w2,A4,random,random,False,0.07845421164738663,0.051359594574557854,0.027094617072828772,188.55778897745174,160.4532606254908
A4_w2,A4,random,random,False,0.07354871642035529,0.02821591720055388,0.04533279921980141,116.68767388389809,0.8768084071430922
A4_w2,A4,random,random,False,0.08087477727183029,0.06588270391467886,0.014992073357151428,160.80318897008812,101.50768740685062
A4_w2,A4,random,random,False,0.07456045502089007,0.05067551363217361,0.023884941388716455,71.82230949045513,205.17568409925698
A4_w2,A4,random,random,False,0.01066950154481199,0.05128255848333383,-0.04061305693852184,172.4433649273812,214.1940149676091
A4_w2,A4,random,random,False,0.036156773549592444,0.057119816116773366,-0.02096304256718092,83.62828176548828,167.97420708454274
A4_w2,A4,random,random,False,0.059619723655766864,0.07333547489440183,-0.013715751238634964,36.875711397478945,38.28818906314619
A4_w2,A4,random,random,False,0.044793394864009614,0.06488351924929449,-0.020090124385284874,119.98415248462837,134.04197988211627
A4_w2,A4,random,random,False,0.04692782551614708,0.07622288979202776,-0.029295064275880682,49.55064073185512,26.017767699238853
A4_w2,A4,random,random,False,0.08792737653410557,0.06634935279461224,0.02157802373949333,38.31112930919816,65.63516461116713
A4_w2,A4,random,random,False,0.05555247798079003,0.06387838138022556,-0.008325903399435529,43.97400473574599,105.9911888705623
A4_w2,A4,random,random,False,0.0661935496205651,0.06031251746797461,0.00588103215259049,53.44094660806101,66.83615478170573
A4_w2,A4,random,random,False,0.07894887416107987,0.05350210035431405,0.025446773806765827,31.035698093516082,138.03569949567108
A4_w2,A4,random,random,False,0.08549117992959857,0.05862461267767759,0.026866567251920978,182.57852745496547,165.60949798244172
A4_w2,A4,random,random,False,0.04447462786285482,0.06504103156848248,-0.020566403705627664,56.87766785774705,194.97993169316797
A4_w2,A4,random,random,False,0.042496594346293236,0.06211068763159251,-0.019614093285299276,142.8570966418446,144.2200287814261
A4_w2,A4,random,random,False,0.07021012727667014,0.03903432555102625,0.031175801725643895,60.53289737041872,170.53416784776118
A4_w2,A4,random,random,False,0.025787555564202043,0.067256062844842,-0.04146850728063995,218.16738561867285,121.33294530394762
A4_w2,A4,random,random,False,0.038486097803651836,0.05987779141861119,-0.02139169361495935,194.2943614930714,3.3905368387763044
A4_w2,A4,random,random,False,0.09186548409296448,0.07914667052835272,0.012718813564611756,4.390173996153906,218.1883847513595
A4_w2,A4,random,random,False,0.10126778689898036,0.06621544068244338,0.03505234621653698,31.727147189022435,68.87093196190467
A4_w2,A4,random,random,False,0.04384147646255539,0.06411057279081427,-0.02026909632825888,4.198615890941833,128.75147365653064
A4_w2,A4,random,random,False,0.09119744269051551,0.04295817225944994,0.04823927043106557,4.405898817075783,11.140820955055913
A4_w2,A4,random,random,False,0.08676024426133602,0.05739784848989784,0.029362395771438184,126.08068568591115,98.67297347493437
A4_w2,A4,random,random,False,0.0545721489319132,0.05346227113491841,0.0011098777969947918,23.517145644044138,148.85580727514827
A4_w2,A4,random,random,False,0.06010075128130947,0.05221560025570248,0.007885151025606989,193.45237818623167,196.46077682469027
A4_w2,A4,random,random,False,0.027882389281646606,0.058155876810052215,-0.03027348752840561,32.248273919254444,210.09190704031298
A4_w2,A4,random,random,False,0.055233796444216395,0.06616276961231478,-0.010928973168098384,145.85055493186928,167.8990367812548
A4_w2,A4,random,random,False,0.024882796586542053,0.03963141262009425,-0.014748616033552198,149.0173527333557,4.960721096761253
A4_w2,A4,random,random,False,0.04044495993730934,0.06022670177780171,-0.019781741840492376,130.4206397867824,66.60094676646175
A4_w4,A4,manual,matched,True,0.09557821804950005,0.062363328429949204,0.033214889619550846,6.2944849115504695,5.074921956295526
A4_w4,A4,manual,matched,True,0.08171188428639008,0.059240893254971075,0.022470991031419002,9.34339229968782,23.06347554630593
A4_w4,A4,manual,matched,True,0.09095718391220106,0.05286804521519348,0.038089138697007585,30.380853277835584,11.172736732570236
A4_w4,A4,manual,matched,True,0.11027900092872066,0.06399676789271401,0.04628223303600665,27.941727367325697,34.95421436004162
A4_w4,A4,manual,matched,True,0.09208800758093921,0.054850604298807566,0.03723740328213165,47.75962539021852,17.880332986472425
A4_w4,A4,manual,matched,True,0.10324620684148349,0.061655260919781435,0.04159094592170205,77.63891779396461,21.23413111342352
A4_w4,A4,manual,matched,True,0.10615890300879141,0.07753920633872542,0.02861969667006599,88.91987513007284,7.818938605619145
A4_w4,A4,manual,matched,True,0.0904434481727799,0.08669444662344716,0.003749001549332734,107.21331945889696,5.684703433922998
A4_w4,A4,manual,matched,True,0.09642903331558728,0.07871810662109936,0.017710926694487913,127.33610822060352,2.940686784599372
A4_w4,A4,manual,matched,True,0.10338716337520627,0.07224864435881934,0.031138519016386937,117.27471383975026,21.539021852237248
A4_w4,A4,manual,matched,True,0.10206054730950001,0.07048995291947628,0.03157059439002373,135.87304890738812,20.929240374609776
A4_w4,A4,manual,matched,True,0.09481005104207259,0.0660146482935487,0.028795402748523893,148.37356919875128,7.514047866805406
A4_w4,A4,manual,matched,True,0.07826741681849457,0.06397260474949769,0.014294812068996882,162.0936524453694,6.2944849115504695
A4_w4,A4,manual,matched,True,0.10634331419108964,0.06409602222549736,0.04224729196559228,189.5338189386056,5.684703433922998
A4_w4,A4,manual,matched,True,0.10232298771563916,0.061139205225245664,0.0411837824903935,202.3392299687825,22.75858480749219
A4_w4,A4,manual,matched,True,0.07642336519489404,0.09252292710416503,-0.01609956190927099,211.18106139438083,7.2091571279916735
A4_w4,A4,manual,matched,True,0.08035930262849343,0.05863038898593818,0.021728913642555255,197.46097814776277,41.6618106139438
A4_w4,A4,manual,matched,True,0.09296991599680425,0.05987016832491203,0.03309974767189222,178.86264308012483,20.929240374609776
A4_w4,A4,manual,matched,True,0.10735612326061121,0.06831966767331772,0.03903645558729349,159.04474505723203,29.16129032258064
A4_w4,A4,manual,matched,True,0.09845447588005389,0.054612000683023354,0.043842475197030537,141.05619146722162,52.63787721123829
A4_w4,A4,manual,matched,True,0.11990796973915749,0.05907836354984399,0.0608296061893135,122.15296566077004,41.35691987513008
A4_w4,A4,manual,matched,True,0.09498014594634076,0.06892598895375313,0.026054156992587632,99.59105098855358,29.46618106139438
A4_w4,A4,manual,matched,True,0.09879605075335036,0.06717956228689695,0.031616488466453416,85.26118626430801,46.54006243496357
A4_w4,A4,manual,matched,True,0.10346319777238143,0.05404331494896038,0.04941988282342105,97.45681581685744,56.601456815816846
A4_w4,A4,manual,matched,True,0.09959492503578966,0.05390078352749557,0.045694141508294095,71.84599375650363,66.66285119667013
A4_w4,A4,manual,matched,True,0.11396117775349952,0.07254225504990075,0.04141892270359877,15.74609781477627,50.1987513007284
A4_w4,A4,manual,matched,True,0.0946067577312575,0.06643756343379921,0.02816919429745829,10.867845993756504,61.78459937565036
A4_w4,A4,manual,matched,True,0.11881067050541153,0.07050122549736006,0.04830944500805147,28.551508844953176,55.07700312174818
A4_w4,A4,manual,missed_both,True,0.09090783236378011,0.07896398419805557,0.011943848165724538,44.40582726326743,61.47970863683662
A4_w4,A4,manual,matched,True,0.09209396605616407,0.06649624553722817,0.0255977205189359,41.35691987513008,77.02913631633714
A4_w4,A4,manual,matched,True,0.09951329756393594,0.057226062021773015,0.042287235542162925,38.00312174817897,90.13943808532778
A4_w4,A4,manual,matched,True,0.08289166358921386,0.04821521536779414,0.03467644822141972,9.953173777315293,84.3465140478668
A4_w4,A4,manual,matched,True,0.07714328423133679,0.05732887477868988,0.01981440945264691,10.258064516129032,102.33506763787722
A4_w4,A4,manual,matched,True,0.10127819334337633,0.06763555003468558,0.03364264330869075,27.331945889698236,114.2258064516129
A4_w4,A4,manual,matched,True,0.08469974971260162,0.06201152438241935,0.02268822533018227,16.66077003121748,135.5681581685744
A4_w4,A4,manual,matched,True,0.12734386516554239,0.06202872444129622,0.06531514072424616,26.722164412070757,142.88553590010406
A4_w4,A4,manual,matched,True,0.10106478533709895,0.060428909932743656,0.040635875404355294,6.599375650364202,152.64203954214358
A4_w4,A4,manual,matched,True,0.09942205634357239,0.05128873670836977,0.04813331963520262,27.63683662851196,164.22788761706553
A4_w4,A4,manual,matched,True,0.10515698313591952,0.0728491338181392,0.032307849317780316,38.91779396462019,127.64099895941726
A4_w4,A4,manual,matched,True,0.07072228220075712,0.05537680564772624,0.015345476553030875,42.88137356919874,173.67950052029136
A4_w4,A4,manual,matched,True,0.08806169078019101,0.04852061600203241,0.039541074778158596,35.5639958376691,210.57127991675335
A4_w4,A4,manual,matched,True,0.07435777332794757,0.04449539115026126,0.029862382177686317,50.80853277835587,206.30280957336103
A4_w4,A4,manual,matched,True,0.10777343339700972,0.04968362541578498,0.05808980798122474,60.26014568158168,185.57023933402704
A4_w4,A4,manual,matched,True,0.07509747868280792,0.05186471456205207,0.023232764120755846,80.9927159209157,198.68054110301767
A4_w4,A4,manual,matched,True,0.10240345102002191,0.06157733107358956,0.04082611994643235,99.28616024973984,184.04578563995835
A4_w4,A4,manual,missed_both,True,0.09538242591208643,0.04555531695950712,0.04982710895257931,104.16441207075962,208.74193548387092
A4_w4,A4,manual,matched,True,0.0988253325088776,0.046045673684815644,0.05277965882406195,134.34859521331944,192.2778355879292
A4_w4,A4,manual,matched,True,0.09011882053979872,0.04095257260499196,0.04916624793480676,160.87408949011444,198.9854318418314
A4_w4,A4,manual,matched,True,0.05800152830048481,0.0390476725654389,0.018953855735045905,184.3506763787721,213.92507804370447
A4_w4,A4,manual,missed_both,True,0.06566723846555732,0.052798617180945855,0.012868621284611463,135.5681581685744,213.315296566077
A4_w4,A4,manual,matched,True,0.06520491154115142,0.052847786943888295,0.012357124597263125,157.8251821019771,155.0811654526535
A4_w4,A4,manual,matched,True,0.05378085277450419,0.047553293532952075,0.006227559241552112,179.47242455775233,180.0822060353798
A4_w4,A4,manual,matched,True,0.08781052448249874,0.07130319076958337,0.016507333712915365,190.4484911550468,153.25182101977106
A4_w4,A4,manual,matched,True,0.08663694194886164,0.06067724262049565,0.02595969932836599,187.7044745057232,169.7159209157128
A4_w4,A4,manual,matched,True,0.10366104386783379,0.058517834683367985,0.0451432091844658,202.94901144641,162.39854318418313
A4_w4,A4,manual,matched,True,0.08689018480222319,0.056370201404645486,0.0305199833975777,209.65660770031212,181.91155046826225
A4_w4,A4,manual,missed_both,True,0.07163010465041808,0.05308798508324812,0.01854211956716996,194.41207075962535,182.5213319458897
A4_w4,A4,manual,matched,True,0.10814557195636759,0.05029166986797265,0.05785390208839494,216.9739854318418,133.43392299687824
A4_w4,A4,manual,matched,True,0.08364122917974483,0.06243862214856617,0.021202607031178655,217.88865764828304,159.04474505723203
A4_w4,A4,manual,matched,True,0.09720452192154627,0.05762997498164703,0.039574546939899244,169.7159209157128,135.26326742976065
A4_w4,A4,manual,matched,True,0.10235341487256086,0.0636398622517907,0.038713552620770156,155.0811654526535,140.7513007284079
A4_w4,A4,manual,matched,True,0.10713932762388183,0.0624095011136891,0.04472982651019273,135.5681581685744,145.9344432882414
A4_w4,A4,manual,matched,True,0.09237540225255438,0.049867791204789846,0.04250761104776453,130.99479708636835,164.837669094693
A4_w4,A4,manual,matched,True,0.10009082304633725,0.06470048640650333,0.035390336639833916,112.09157127991674,152.94693028095733
A4_w4,A4,manual,matched,True,0.11480634348569967,0.058296236210789575,0.05651010727491009,100.50572320499478,166.97190426638917
A4_w4,A4,manual,matched,True,0.09194385746469734,0.055557884775758695,0.036385972688938645,77.94380853277835,158.7398543184183
A4_w4,A4,manual,matched,True,0.07535775287042686,0.052653348186961026,0.02270440468346583,54.16233090530697,139.22684703433922
A4_w4,A4,manual,missed_both,True,0.07853381445828816,0.054707096501694655,0.02382671795659351,54.77211238293444,159.6545265348595
A4_w4,A4,manual,matched,True,0.10172904077873234,0.05639077506662529,0.04533826571210704,73.37044745057231,134.04370447450572
A4_w4,A4,manual,matched,True,0.10740493556015702,0.05660701171657699,0.050797923843580034,45.93028095733611,111.48178980228928
A4_w4,A4,manual,matched,True,0.09844150719916729,0.06476200306869834,0.033679504130468954,66.96774193548387,113.61602497398542
A4_w4,A4,manual,matched,True,0.10028186341498375,0.07219826324557763,0.028083600169406128,88.6149843912591,118.79916753381892
A4_w4,A4,manual,matched,True,0.08434992860607037,0.0625645493613795,0.02178537924469086,107.82310093652444,133.1290322580645
A4_w4,A4,manual,matched,True,0.10769313176661938,0.06255906050677432,0.04513407125984506,117.27471383975026,118.79916753381892
A4_w4,A4,manual,matched,True,0.10162095026820178,0.05792101406737168,0.043699936200830104,73.37044745057231,89.83454734651404
A4_w4,A4,manual,matched,True,0.10589701242451903,0.08243411345347385,0.023462898971045185,90.13943808532778,100.50572320499478
A4_w4,A4,manual,matched,True,0.10249984616591822,0.06840518026216333,0.03409466590375489,72.76066597294485,103.24973985431842
A4_w4,A4,manual,matched,True,0.10939628762508014,0.06151541902221569,0.047880868602864446,103.55463059313216,97.15192507804367
A4_w4,A4,manual,matched,True,0.07442868693419903,0.05912465619028722,0.01530403074391181,110.8720083246618,68.79708636836628
A4_w4,A4,manual,matched,True,0.08651694158411878,0.0568203413139366,0.02969660027018218,126.72632674297606,82.21227887617064
A4_w4,A4,manual,matched,True,0.11426458617546566,0.05868087418016776,0.0555837119952979,128.86056191467222,98.37148803329865
A4_w4,A4,manual,matched,True,0.07908407996393858,0.05402210561404214,0.025061974349896446,149.89802289281997,100.81061394380852
A4_w4,A4,manual,matched,True,0.09832289483725064,0.05352861273721302,0.044794282100037615,155.38605619146722,121.54318418314256
A4_w4,A4,manual,matched,True,0.09035035217810478,0.06118877352809745,0.029161578650007326,197.46097814776277,134.6534859521332
A4_w4,A4,manual,matched,True,0.09519602041550622,0.0523498168303568,0.04284620358514942,209.0468262226847,116.66493236212278
A4_w4,A4,manual,matched,True,0.09174181255536144,0.05825167550627642,0.033490137049085024,192.2778355879292,99.59105098855358
A4_w4,A4,manual,matched,True,0.0936431171056951,0.031260347658657484,0.06238276944703762,161.1789802289282,84.3465140478668
A4_w4,A4,manual,matched,True,0.08997037485703445,0.06391615458114765,0.026054220275886802,174.89906347554628,67.2726326742976
A4_w4,A4,manual,matched,True,0.06198007048600773,0.07958004456898993,-0.017599974082982195,171.85015608740895,51.41831425598335
A4_w4,A4,manual,matched,True,0.08447641641008201,0.05587875356966164,0.028597662840420368,151.11758584807492,66.96774193548387
A4_w4,A4,manual,matched,True,0.10764828459851697,0.06695095489185299,0.04069732970666398,188.31425598335068,57.516129032258064
A4_w4,A4,manual,matched,True,0.12111903158866563,0.06053558311965296,0.060583448469012674,207.522372528616,65.13839750260145
A4_w4,A4,manual,matched,True,0.10151944888914904,0.06731990678369482,0.03419954210545423,192.2778355879292,77.33402705515088
A4_w4,A4,manual,matched,True,0.10857652389555753,0.07375596590924356,0.03482055798631396,205.08324661810613,83.43184183142559
A4_w4,A4,manual,matched,True,0.09913268884253827,0.06877069618312401,0.030361992659414264,216.6690946930281,91.054110301769
A4_w4,A4,manual,matched,True,0.1131711633089856,0.05810722151765605,0.055063941791329556,55.99167533818938,34.64932362122788
A4_w4,A4,manual,matched,True,0.07267295593280296,0.036799116427795556,0.0358738395050074,206.30280957336103,201.1196670135276
A4_w4,A4,random,random,False,0.08072906953821227,0.0720199335688739,0.008709135969338366,171.7465615756058,55.5033638860397
A4_w4,A4,random,random,False,0.033987945128743084,0.04169852354437658,-0.0077105784156334956,172.4912930282521,187.30002086141542
A4_w4,A4,random,random,False,0.08438334072352076,0.0676915211233284,0.016691819600192365,144.30855959064877,6.237349988661157
A4_w4,A4,random,random,False,0.036823375343073,0.04477436277619441,-0.007950987433121413,173.50838857002742,173.25096145283663
A4_w4,A4,random,random,False,0.07058617176415992,0.07046443712435206,0.00012173463980785781,34.35581012962579,146.7814888733942
A4_w4,A4,random,random,False,0.07151968077137812,0.07906181706042364,-0.0075421362890455285,110.11998367743783,10.384351649662262
A4_w4,A4,random,random,False,0.06009392404575022,0.03947274153395039,0.020621182511799833,154.30155583055307,186.9091960006589
A4_w4,A4,random,random,False,0.08915426366338157,0.054511217103840146,0.034643046559541424,125.63212448622872,191.00943327513468
A4_w4,A4,random,random,False,0.0708219815753628,0.05892690551535282,0.011895076060009988,129.62616272427707,84.25569598712207
A4_w4,A4,random,random,False,0.08750744976205693,0.07232928509623264,0.015178164665824292,131.47192250206456,28.017183071054706
A4_w4,A4,random,random,False,0.06366846987560147,0.06903359640064095,-0.005365126525039482,10.819894636559907,6.724049126132036
A4_w4,A4,random,random,False,0.09888273088149067,0.059089506182473314,0.03979322469901736,74.81767270753427,94.01465176795155
A4_w4,A4,random,random,False,0.09841161954486737,0.07077676346721624,0.02763485607765112,38.36071676269042,124.10226339331638
A4_w4,A4,random,random,False,0.09745011767268176,0.0820051700294666,0.015444947643215162,86.9422562104424,101.36220242215738
A4_w4,A4,random,random,False,0.03359133176500697,0.059500324753710594,-0.025908992988703625,143.2131115473224,212.02631441118018
A4_w4,A4,random,random,False,0.037820903902797215,0.0545030955376819,-0.016682191634884685,145.193302036386,80.14044073136691
A4_w4,A4,random,random,False,0.052815449828226495,0.06418656130662576,-0.011371111478399261,9.256385049694668,127.02923907273008
A4_w4,A4,random,random,False,0.10389384222192953,0.05587585911685838,0.04801798310507115,162.412173571548,142.84685500041465
A4_w4,A4,random,random,False,0.07543831648495168,0.05873193326335469,0.01670638322159699,56.97540949050499,159.70374533414397
A4_w4,A4,random,random,False,0.09092686396878921,0.0709653483534968,0.019961515615292413,120.25277073841067,15.835018886084464
A4_w4,A4,random,random,False,0.07678084101236639,0.08386066804677639,-0.0070798270344099995,191.5416090579907,70.27114929747752
A4_w4,A4,random,random,False,0.06846214876273447,0.050492890912469945,0.017969257850264528,53.15833392214633,146.26195208842984
A4_w4,A4,random,random,False,0.012443934234740855,0.04830960754719846,-0.0358656733124576,187.97811123288128,199.40812829167504
A4_w4,A4,random,random,False,0.07056459022877459,0.08453016676013582,-0.013965576531361226,82.48122776541184,7.327276931914041
A4_w4,A4,random,random,False,0.05527093200995081,0.05706900996452642,-0.0017980779545756082,128.92046309499298,212.54258899475678
A4_w4,A4,random,random,False,0.06527180645977282,0.04325853907112513,0.022013267388647687,111.10943014532201,211.38541514780036
A4_w4,A4,random,random,False,0.10985707557354286,0.05894512445065843,0.050911951122884436,131.43591789690055,139.99844141484533
A4_w4,A4,random,random,False,0.10164070491974604,0.052322748569505,0.04931795635024104,146.50849017614843,106.7757127805102
A4_w4,A4,random,random,False,0.054453778353279074,0.057480116316333596,-0.003026337963054522,42.258066681659926,213.23831494813749
A4_w4,A4,random,random,False,0.06643157299281147,0.06379794582760574,0.0026336271652057236,71.7303907125275,0.6139518700703914
A4_w4,A4,random,random,False,0.04831365899591829,0.0675571331172559,-0.019243474121337617,86.95649315923984,60.83894486021309
A4_w4,A4,random,random,False,0.05898186599191256,0.08095288363061726,-0.021971017638704696,44.10789215847971,70.69325850413938
A4_w4,A4,random,random,False,0.017796257042731356,0.04718891071078193,-0.02939265366805057,150.00053935643015,166.23050202868376
A4_w4,A4,random,random,False,0.05423695715441334,0.053086207796353056,0.0011507493580602823,137.7920164766096,208.57480043040366
A4_w4,A4,random,random,False,0.0517997826488112,0.07987075179848956,-0.028070969149678354,131.4305566565911,36.232508845535314
A4_w4,A4,random,random,False,0.07304405679265236,0.05139559706867089,0.021648459723981467,135.38037828198614,159.38723643131308
A4_w4,A4,random,random,False,0.05041075104631607,0.054813818427972824,-0.004403067381656751,134.41239409950086,76.32115681858556
A4_w4,A4,random,random,False,0.041433882675387904,0.039585781511278444,0.00184810116410946,173.53651476603176,111.36792589596504
A4_w4,A4,random,random,False,0.04378286983327993,0.07335939614065523,-0.029576526307375298,175.46002974953421,8.272414004179682
A4_w4,A4,random,random,False,0.05102341342870504,0.07565692890264931,-0.024633515473944274,74.0075690190106,53.351412538552765
A4_w4,A4,random,random,False,0.04807260534444814,0.04942360990951168,-0.0013510045650635405,138.23031906353347,170.64419239273008
A4_w4,A4,random,random,False,0.04723699026572393,0.06653298051435204,-0.01929599024862811,102.57898235712727,65.06084422319141
A4_w4,A4,random,random,False,0.0838159469672778,0.06682591039116935,0.016990036576108453,125.53872632967474,116.47296220340507
A4_w4,A4,random,random,False,0.05156905120280641,0.07580463714198057,-0.024235585939174166,113.15996670323227,163.98136413413638
A4_w4,A4,random,random,False,0.06234324397410412,0.07273244911237522,-0.010389205138271101,181.87212808048858,142.1161063882427
A4_w4,A4,random,random,False,0.0637241863084272,0.04823027859285924,0.01549390771556796,53.67140463582104,206.33654682840674
A4_w4,A4,random,random,False,0.03275097341735762,0.07365675780090673,-0.04090578438354911,23.462961030725612,99.6250426096306
A4_w4,A4,random,random,False,0.08132725054908473,0.06988749451419284,0.01143975603489189,128.60983429993152,26.28817782222556
A4_w4,A4,random,random,False,0.10903458799254123,0.05314264896077301,0.05589193903176822,35.778112732021086,87.68400805609055
A4_w4,A4,random,random,False,0.08552431620700005,0.069564731641342,0.015959584565658047,62.897408488896836,39.166775521005974
A4_w4,A4,random,random,False,0.12600209987656827,0.06232603838479422,0.06367606149177404,29.990871294160236,141.80760709846683
A4_w4,A4,random,random,False,0.04649342609570773,0.06754563982389118,-0.02105221372818345,210.28327706720947,39.557983767776946
A4_w4,A4,random,random,False,0.07919674528854771,0.06025440889210771,0.018942336396440003,51.280884389738354,23.69395325896449
A4_w4,A4,random,random,False,0.04928241368496692,0.06490776867171553,-0.015625354986748614,42.77588459754597,96.80881188943547
A4_w4,A4,random,random,False,0.10663243172701922,0.06473215534523191,0.04190027638178731,187.07166835801837,56.279711926462284
A4_w4,A4,random,random,False,0.051555931283465466,0.07521639851618851,-0.023660467232723047,113.27460931938467,163.8544903380352
A4_w4,A4,random,random,False,0.08222024682110761,0.07083363221163,0.01138661460947761,126.21681283216024,23.268146314101944
A4_w4,A4,random,random,False,0.0283930712365005,0.07019949174676862,-0.04180642051026812,81.51112439513848,64.38678213225424
A4_w4,A4,random,random,False,0.09155770053349324,0.04909925433254195,0.042458446200951294,132.3283467427327,165.39247667581583
A4_w4,A4,random,random,False,0.060248982049651685,0.07101995224102732,-0.010770970191375635,107.3133642597208,57.52232933424249
A4_w4,A4,random,random,False,0.035539626450532526,0.07171694204128433,-0.0361773155907518,18.164027360195792,74.74731861084857
A4_w4,A4,random,random,False,0.037532270846676416,0.07183416662803262,-0.0343018957813562,89.54339843796042,86.46567795891191
A4_w4,A4,random,random,False,0.046725956982426854,0.04068860757931011,0.006037349403116746,176.12355285686104,185.50147076379847
A4_w4,A4,random,random,False,0.05083849752782158,0.0884653548981079,-0.03762685737028632,63.36253782993721,54.54294266421783
A4_w4,A4,random,random,False,0.07200921365489067,0.06471756847614696,0.007291645178743714,211.1161125514085,133.06733853214797
A4_w4,A4,random,random,False,0.07103489944762231,0.06749612617855764,0.0035387732690646684,130.62140752300442,125.7857211044326
A4_w4,A4,random,random,False,0.0749000035574794,0.06325119987773013,0.01164880367974927,106.08703193228517,140.30612467794234
A4_w4,A4,random,random,False,0.02715655639950561,0.040281231014615365,-0.013124674615109754,203.76430808679055,216.4751158815553
A4_w4,A4,random,random,False,0.07704710253410595,0.0830681295970459,-0.006021027062939957,93.05461494580071,33.51728350021367
A4_w4,A4,random,random,False,0.07553507775730968,0.07760022371181205,-0.0020651459545023704,114.89072730352602,24.794035862385797
A4_w4,A4,random,random,False,0.06665567848826769,0.07651338114893938,-0.009857702660671694,137.5354287813144,2.854581898306508
A4_w4,A4,random,random,False,0.0865055428226423,0.04158195508058839,0.04492358774205392,162.11580489602756,197.68747335308518
A4_w4,A4,random,random,False,0.0906989456758241,0.07483110881605619,0.015867836859767906,54.86295154385734,68.32536508070503
A4_w4,A4,random,random,False,0.07514366763498191,0.05653503419023032,0.01860863344475159,26.068391177422154,4.128246194174728
A4_w4,A4,random,random,False,0.024112593063040196,0.05221972741698446,-0.028107134353944265,176.78047371325036,120.00914839884395
A4_w4,A4,random,random,False,0.06394869626327195,0.06782385009983162,-0.003875153836559675,218.55423252059992,96.64590732545588
A4_w4,A4,random,random,False,0.03158709733968094,0.07651795460919507,-0.04493085726951413,212.16312295851222,47.51329574476199
A4_w4,A4,random,random,False,0.049715634671107865,0.059890801640483125,-0.01017516696937526,2.243556942210473,185.24373053278464
A4_w4,A4,random,random,False,0.023467881394539543,0.04626524796165861,-0.022797366567119066,175.8882312130598,192.0788560113984
A4_w4,A4,random,random,False,0.09475380701615155,0.06121724462601263,0.03353656239013892,218.13495300551747,129.68301334987694
A4_w4,A4,random,random,False,0.0766594827059458,0.07203913963633092,0.004620343069614882,37.250325690317524,119.46638123554014
A4_w4,A4,random,random,False,0.07445657776783245,0.061347908105396816,0.01310866966243563,141.4754873242883,57.96149864457478
A4_w4,A4,random,random,False,0.047727519999206644,0.06666874541500348,-0.018941225415796833,210.15553238209407,40.387989793552116
A4_w4,A4,random,random,False,0.09802704254166213,0.06758430556922934,0.030442736972432785,195.42781421944377,79.56725397156742
A4_w4,A4,random,random,False,0.0518586112889591,0.07377930376811409,-0.021920692479154992,131.7967792780771,42.940153930666675
A4_w4,A4,random,random,False,0.033283130622596094,0.050921379247610025,-0.01763824862501393,172.54398011145963,97.68889949087395
A4_w4,A4,random,random,False,0.040789137425163574,0.04399431917833379,-0.003205181753170215,200.62420492112594,194.2244920985509
A4_w4,A4,random,random,False,0.032434898889994214,0.055142276766576355,-0.02270737787658214,151.6791769937863,91.07369939499327
A4_w4,A4,random,random,False,0.04786862526059356,0.08150253407724116,-0.0336339088166476,110.31639152020396,89.07510454538834
A4_w4,A4,random,random,False,0.07738177856799101,0.05891584361534931,0.018465934952641705,80.53062794995677,85.63294624232164
A4_w4,A4,random,random,False,0.053403903930672625,0.07690048735100125,-0.02349658342032862,14.286203288556445,158.58099140425446
A4_w4,A4,random,random,False,0.08766464756336104,0.05588834779525355,0.03177629976810749,129.02551114181938,161.13286053562464
A4_w4,A4,random,random,False,0.07568279173936031,0.0775483577490486,-0.001865566009688291,51.10644658478109,70.15330134901052
A4_w4,A4,random,random,False,0.054131128248896036,0.04865231670639401,0.0054788115425020295,152.8741946115194,87.61543924939005
A4_w4,A4,random,random,False,0.0719454629240697,0.07204515508222345,-9.969215815375243e-05,13.301874954923012,63.996906382152964
A4_w4,A4,random,random,False,0.06245757011605058,0.06855228655663982,-0.006094716440589239,185.38038050817323,86.66196595685187
A4_w4,A4,random,random,False,0.04614410016690183,0.057049091252482205,-0.010904991085580372,135.3485785540029,71.7961340111214
A5_w2,A5,manual,matched,True,0.00251545197645394,0.003384265868676218,-0.0008688138922222782,42.84287200832466,74.58480749219562
A5_w2,A5,manual,matched,True,0.002200063866805054,0.003739832502049006,-0.001539768635243952,190.28928199791883,46.93860561914671
A5_w2,A5,manual,matched,True,0.034375797970965606,0.0005917524166266179,0.03378404555433899,127.8293444328824,34.651404786680544
A5_w2,A5,manual,matched,True,0.0010217806649044608,0.0029767169790273725,-0.0019549363141229117,233.29448491155048,126.80541103017688
A5_w2,A5,manual,matched,True,0.002830316872714461,0.002817561418138423,1.275545457603798e-05,301.89802289281994,80.72840790842871
A5_w2,A5,manual,matched,True,0.0030402742750686024,0.0014140752391546248,0.0016261990359139776,239.43808532778357,170.83454734651403
A5_w2,A5,manual,matched,True,0.005977922225688779,0.0010591684840398536,0.004918753741648926,410.4349635796045,104.27887617065556
A5_w2,A5,manual,matched,True,0.0008861736021342081,0.0016927639816975036,-0.0008065903795632954,475.9667013527575,151.37981269510925
A5_w2,A5,manual,matched,True,0.0011056758574127796,0.0019659938758729914,-0.0008603180184602118,580.40790842872,47.96253902185224
A5_w2,A5,manual,matched,True,0.0020368311677422435,0.0016742882998077194,0.00036254286793452415,586.5515088449531,196.43288241415192
A5_w2,A5,manual,matched,True,0.010180809229879666,0.0014317924761969268,0.00874901675368274,712.4953173777315,240.46201873048904
A5_w2,A5,manual,matched,True,0.0063061238415215125,0.001913417284709577,0.004392706556811936,775.9791883454734,132.94901144640997
A5_w2,A5,manual,matched,True,0.004660292952865237,0.005319235854798872,-0.0006589429019336346,752.4287200832466,183.12174817898023
A5_w2,A5,manual,matched,True,0.0020702816522234773,0.0017533867443198313,0.000316894907903646,833.3194588969823,162.64308012486993
A5_w2,A5,manual,matched,True,0.00702193822869501,0.0009162528529229943,0.0061056853757720155,864.0374609781477,206.67221644120707
A5_w2,A5,manual,matched,True,0.0010410391635104856,0.0025983050813743434,-0.0015572659178638578,870.1810613943808,304.9698231009365
A5_w2,A5,manual,matched,True,0.0039876702863191815,0.0021820198102323047,0.0018056504760868767,720.6867845993756,411.4588969823101
A5_w2,A5,manual,matched,True,0.0015362834018918816,0.0009227302711800353,0.0006135531307118463,659.2507804370447,330.5681581685744
A5_w2,A5,manual,matched,True,0.0016957627152946967,0.0027326368288227796,-0.001036874113528083,464.7034339229969,270.156087408949
A5_w2,A5,manual,matched,True,0.003701590833762639,0.0021740461985992146,0.0015275446351634245,473.9188345473465,328.5202913631633
A5_w2,A5,manual,matched,True,0.003463138115070888,0.0012140527559200713,0.0022490853591508164,116.56607700312172,380.7408949011446
A5_w2,A5,manual,matched,True,0.005937275619527696,0.00313250257314013,0.002804773046387566,14.172736732570236,329.5442247658689
A5_w2,A5,manual,matched,True,0.0016368617971465804,0.0028292091228080763,-0.0011923473256614959,147.2840790842872,490.30176899063474
A5_w2,A5,manual,matched,True,0.0019940197800451718,0.003087478147382918,-0.0010934583673377464,206.67221644120707,452.4162330905307
A5_w2,A5,manual,matched,True,0.0019862834108139286,0.0006941066128686538,0.0012921767979452749,364.3579604578564,436.0332986472424
A5_w2,A5,manual,matched,True,0.003008022888908221,0.0007807741349684772,0.002227248753939744,684.8491155046826,499.5171696149844
A5_w2,A5,manual,matched,True,0.0022779410191478625,0.0023358461331201906,-5.7905113972328125e-05,628.5327783558793,394.0520291363163
A5_w2,A5,manual,matched,True,0.00042588512450852445,0.00012523485225350122,0.00030065027225502323,217.9354838709677,354.1186264308012
A5_w2,A5,manual,matched,True,0.0020121978624631333,0.0015504072955825753,0.000461790566880558,759.5962539021851,521.0197710718002
A5_w2,A5,manual,matched,True,0.0025551212868542127,0.00024410177562783286,0.00231101951122638,831.2715920915713,538.426638917794
A5_w2,A5,manual,matched,True,0.0019468992184094017,0.0007453681783750909,0.0012015310400343108,888.61186264308,573.2403746097815
A5_w2,A5,manual,matched,True,0.0005431401730761459,0.0012720225145630491,-0.0007288823414869032,868.1331945889698,640.8199791883454
A5_w2,A5,manual,matched,True,0.0037416425527966005,0.001943976247435714,0.0017976663053608864,672.5619146722164,668.4661810613943
A5_w2,A5,manual,matched,True,0.002229565982731571,0.0018851767803130524,0.00034438920241851843,607.0301768990635,670.5140478668054
A5_w2,A5,manual,matched,True,0.00042092640327963355,0.0005280070933172348,-0.00010708069003760129,594.7429760665973,612.149843912591
A5_w2,A5,manual,matched,True,0.0015409748761133484,0.0028126147932614988,-0.0012716399171481504,515.9001040582726,761.6441207075962
A5_w2,A5,manual,matched,True,0.0015747452536509438,0.001763815053847007,-0.00018906980019606332,565.0489073881373,761.6441207075962
A5_w2,A5,manual,matched,True,0.0015089745667439874,0.00213363313993292,-0.0006246585731889327,421.6982310093652,847.6545265348594
A5_w2,A5,manual,missed_both,False,0.000643015670706039,0.002879447608026286,-0.0022364319373202467,432.9614984391259,896.8033298647242
A5_w2,A5,manual,matched,True,0.0021978241247264186,0.002083258545888868,0.00011456557883755044,353.0946930280957,863.0135275754423
A5_w2,A5,manual,matched,True,0.0020865475824617345,0.0018114327604999135,0.000275114821961821,287.5629552549428,825.1279916753382
A5_w2,A5,manual,matched,True,0.003372256432482359,0.0032495506316545654,0.0001227058008277937,168.786680541103,635.7003121748179
A5_w2,A5,manual,matched,True,0.0008110384932256147,0.0011454679942631061,-0.00033442950103749146,23.38813735691987,880.420395421436
A5_w2,A5,manual,matched,True,0.0013230821892703116,0.0035365524063318233,-0.0022134702170615115,571.1925078043704,892.7075962539021
A5_w2,A5,manual,matched,True,0.0041531292089060584,0.0021105222017980475,0.002042607007108011,897.8272632674297,768.8116545265348
A5_w2,A5,manual,matched,True,0.0015295161648515548,0.0030281225657292857,-0.001498606400877731,891.6836628511966,887.5879292403746
A5_w2,A5,manual,matched,True,0.012207253418927666,0.008875638262926356,0.0033316151560013104,344.9032258064516,105.30280957336107
A5_w2,A5,manual,matched,True,0.018966032600977862,0.011946127749634826,0.007019904851343036,386.8844953173777,310.08949011446407
A5_w2,A5,manual,missed_both,False,0.011054763951452802,0.008712716650635756,0.0023420473008170465,832.2955254942767,421.6982310093652
A5_w2,A5,manual,matched,True,0.013800478943283918,0.00475693254244829,0.009043546400835628,435.0093652445369,688.9448491155047
A5_w2,A5,manual,matched,True,0.012753414152245651,0.0024815189959769535,0.010271895156268697,207.69614984391256,534.3309053069719
A5_w2,A5,manual,matched,True,0.029347126464853632,0.0069755845256339365,0.022371541939219697,34.651404786680544,541.4984391259105
A5_w2,A5,manual,missed_both,False,0.0031110172203707705,0.00030609499120119786,0.0028049222291695727,238.41415192507804,620.3413111342352
A5_w2,A5,manual,matched,True,0.011070021931886234,0.00047520602822024726,0.010594815903665986,26.45993756503642,205.64828303850155
A5_w2,A5,random,random,False,1.8357110887465255e-06,7.546582440999818e-06,-5.710871352253293e-06,600.6229417645742,280.484313644146
A5_w2,A5,random,random,False,3.591881155601572e-06,1.5588321873371e-07,3.435997936867862e-06,802.6263487434035,639.08762750137
A5_w2,A5,random,random,False,7.785965154398413e-07,0.0005404114824048969,-0.0005396328858894571,519.7054400586264,464.40750359621205
A5_w2,A5,random,random,False,0.0,0.0,0.0,696.0407612654989,294.4723161105888
A5_w2,A5,random,random,False,0.0,0.0,0.0,789.9735320132594,331.6918529151341
A5_w2,A5,random,random,False,0.00028129927018600686,0.0002179253245032663,6.337394568274056e-05,632.2637334688812,346.41185830767125
A5_w2,A5,random,random,False,0.0,6.37842231245668e-07,-6.37842231245668e-07,662.5666099759089,764.9333899450625
A5_w2,A5,random,random,False,0.0,1.785126238178742e-06,-1.785126238178742e-06,801.4962838044581,584.4194910250177
A5_w2,A5,random,random,False,0.0,5.723664522005357e-06,-5.723664522005357e-06,247.81133301702044,95.229575171619
A5_w2,A5,random,random,False,2.5181270790268354e-05,0.0,2.5181270790268354e-05,193.6925556319232,777.775642188791
A5_w2,A5,random,random,False,0.0,0.0,0.0,465.8950502089135,39.05866468799071
A5_w2,A5,random,random,False,0.0,0.0,0.0,648.7873760684607,725.7933110135546
A5_w2,A5,random,random,False,0.0,0.0,0.0,338.89112615031047,151.46086993325852
A5_w2,A5,random,random,False,0.0,2.923296603424027e-06,-2.923296603424027e-06,378.58264287827825,62.55926611276304
A5_w2,A5,random,random,False,0.0,0.0,0.0,776.4829939882425,233.03030876519983
A5_w2,A5,random,random,False,0.0,9.809111675530201e-05,-9.809111675530201e-05,433.17639060277855,340.1655439410732
A5_w2,A5,random,random,False,0.00206098352211932,0.001700379987831385,0.0003606035342879352,612.8641244495915,373.86138435278116
A5_w2,A5,random,random,False,0.0,0.0,0.0,633.064670789963,805.7910763088346
A5_w2,A5,random,random,False,0.0,1.3180299731083665e-06,-1.3180299731083665e-06,329.57301921303025,344.606336347675
A5_w2,A5,random,random,False,0.0009894382959449847,0.0,0.0009894382959449847,717.2455012136777,64.08597195525346
A5_w2,A5,random,random,False,0.0,0.0018392240127076,-0.0018392240127076,22.289782590127388,518.4287527189113
A5_w2,A5,random,random,False,0.0,0.0,0.0,758.4061797310134,328.2572715848104
A5_w2,A5,random,random,False,0.0,0.0,0.0,368.9907520204922,680.084378180395
A5_w2,A5,random,random,False,0.0,7.323192750336325e-06,-7.323192750336325e-06,168.3187027497188,331.3016554341874
A5_w2,A5,random,random,False,0.0,0.0,0.0,248.517331116794,786.5054783505356
A5_w2,A5,random,random,False,0.0,0.0016523521852306422,-0.0016523521852306422,412.4207059733662,296.46444067416155
A5_w2,A5,random,random,False,0.0,0.0,0.0,732.5394753280093,855.1133428592568
A5_w2,A5,random,random,False,0.0,0.0,0.0,722.4733410854055,532.5963698978405
A5_w2,A5,random,random,False,0.0,0.0,0.0,283.47764090424454,236.23073898303082
A5_w2,A5,random,random,False,0.0,0.0,0.0,342.17918753753077,631.4112391091777
A5_w2,A5,random,random,False,0.005693939357604669,0.0011200198132505564,0.004573919544354113,711.6639711999507,218.03884867318163
A5_w2,A5,random,random,False,0.0,0.0,0.0,306.35942272254715,194.07766875102328
A5_w2,A5,random,random,False,0.0,0.0,0.0,127.59249197744997,430.0142941882008
A5_w2,A5,random,random,False,0.0,8.658017958641874e-07,-8.658017958641874e-07,319.23401669899334,693.2418471004657
A5_w2,A5,random,random,False,0.0,0.0,0.0,746.9450186808766,851.9131299453035
A5_w2,A5,random,random,False,7.835946160773619e-05,0.0003030655783520522,-0.000224706116744316,844.956342640577,635.9828711708033
A5_w2,A5,random,random,False,0.0005679725736426015,0.002520275965447198,-0.0019523033918045964,203.2728522178736,460.01552362330176
A5_w2,A5,random,random,False,0.0,0.0,0.0,425.3380104192411,418.4710232334104
A5_w2,A5,random,random,False,0.0,0.0,0.0,785.6223336382089,595.2489346177026
A5_w2,A5,random,random,False,6.481820858037591e-05,0.0030534819905139584,-0.0029886637819335825,361.40482721246514,93.72092598950387
A5_w2,A5,random,random,False,0.0,0.0001802567149366816,-0.0001802567149366816,140.91316246528103,393.19268283677644
A5_w2,A5,random,random,False,0.0,0.0006038153615674438,-0.0006038153615674438,558.1017826611702,613.6106895428662
A5_w2,A5,random,random,False,0.0,1.1886725307374987e-06,-1.1886725307374987e-06,581.4259715390917,10.552033947734834
A5_w2,A5,random,random,False,0.0,8.371134747547264e-06,-8.371134747547264e-06,833.1935929282783,14.60377496765585
A5_w2,A5,random,random,False,0.0,9.32322987220311e-06,-9.32322987220311e-06,526.0970240137092,292.01111199191183
A5_w2,A5,random,random,False,0.006758190855288641,0.007470370332427351,-0.0007121794771387099,828.0654951821467,422.95651275502996
A5_w2,A5,random,random,False,0.0,2.9145047339400447e-06,-2.9145047339400447e-06,354.2660217481108,45.703039222826206
A5_w2,A5,random,random,False,0.0,0.0,0.0,475.7420195341312,603.6577186603425
A5_w2,A5,random,random,False,0.0,0.0,0.0,725.1500522026146,462.6540144189794
A5_w2,A5,random,random,False,0.0,8.08276720307482e-06,-8.08276720307482e-06,126.92807195572036,877.2478563646125
A5_w2,A5,random,random,False,0.0,0.0,0.0,760.1417426415445,261.20428372805327
A5_w2,A5,random,random,False,0.0,1.880001918998765e-06,-1.880001918998765e-06,312.4404297608003,774.4231576725458
A5_w2,A5,random,random,False,0.0016318590339015149,0.0014031854036969365,0.0002286736302045784,124.95587342093074,387.86790148372427
A5_w2,A5,random,random,False,0.0013430426734262258,0.0009151350238027898,0.00042790764962343604,474.4174689326863,281.99862689565805
A5_w4,A5,manual,matched,True,0.002498210013433554,0.003699839219238831,-0.001201629205805277,127.8293444328824,18.26847034339229
A5_w4,A5,manual,matched,True,0.005061646674612509,0.004085996089097051,0.000975650585515458,66.3933402705515,50.010405827263256
A5_w4,A5,manual,matched,True,0.01061734627083346,0.003386735588726516,0.007230610682106944,89.94380853277835,164.69094693028094
A5_w4,A5,manual,matched,True,0.0021537785063948925,0.002989476994479301,-0.0008356984880844086,55.13007284079083,197.4568158168574
A5_w4,A5,manual,matched,True,0.00040435242581647845,0.0022374121337325643,-0.001833059707916086,217.9354838709677,143.18834547346512
A5_w4,A5,manual,matched,True,0.00201162159861779,0.0014668732811345577,0.0005447483174832325,321.35275754422474,41.81893860561914
A5_w4,A5,manual,matched,True,0.006038940368851167,0.004671633204814088,0.001367307164037079,273.2278876170656,181.0738813735692
A5_w4,A5,manual,matched,True,0.01581646420915681,0.004119751327829532,0.011696712881327277,307.0176899063475,207.69614984391256
A5_w4,A5,manual,matched,True,0.0037071043162797968,0.003019708917353147,0.0006873953989266499,505.6607700312175,165.71488033298647
A5_w4,A5,manual,matched,True,0.008422304792986338,0.0034970301320364273,0.0049252746609499114,405.315296566077,153.42767950052027
A5_w4,A5,manual,matched,True,0.002282828057063749,0.0012280365909974392,0.0010547914660663097,503.61290322580646,67.41727367325701
A5_w4,A5,manual,matched,True,0.005530656837321205,0.0036975583792046214,0.0018330984581165833,541.4984391259105,98.13527575442248
A5_w4,A5,manual,matched,True,0.007950761382782725,0.003952346276535912,0.0039984151062468125,566.0728407908429,37.723204994797086
A5_w4,A5,manual,matched,True,0.0015932090019702206,0.0038877017167817524,-0.0022944927148115316,617.2695109261186,76.63267429760666
A5_w4,A5,manual,matched,True,0.01061942815186074,0.0007257230696690438,0.009893705082191695,670.5140478668054,115.54214360041624
A5_w4,A5,manual,matched,True,0.004247681638843228,0.0017799641922478428,0.002467717446595385,777.003121748179,91.99167533818938
A5_w4,A5,manual,matched,True,0.0035058604705181886,0.0027746781721180395,0.0007311822984001491,866.0853277835588,16.22060353798127
A5_w4,A5,manual,matched,True,0.00426378144093334,0.0020530696842147437,0.002210711756718596,881.4443288241415,77.65660770031216
A5_w4,A5,manual,matched,True,0.001082740755747247,0.0006089056608088512,0.0004738350949383957,801.5775234131113,19.29240374609781
A5_w4,A5,manual,matched,True,0.00998898718987175,0.0033778148087125963,0.006611172381159153,781.098855359001,269.13215400624347
A5_w4,A5,manual,matched,True,0.004169746368917082,0.004282014038888992,-0.00011226766997190964,738.0936524453693,317.2570239334027
A5_w4,A5,manual,matched,True,0.011472124181399838,0.0043370896992435,0.0071350344821563385,867.1092611862642,222.03121748178975
A5_w4,A5,manual,matched,True,0.01058150421671887,0.006599505693986731,0.003981998522732139,716.5910509885535,383.81269510926114
A5_w4,A5,manual,matched,True,0.0026384290123118476,0.005727005707213695,-0.0030885766949018474,618.2934443288241,387.9084287200832
A5_w4,A5,manual,matched,True,0.006906469177671304,0.0035315847149234845,0.0033748844627478195,468.7991675338189,366.4058272632674
A5_w4,A5,manual,matched,True,0.02011777374749952,0.005117547895097049,0.01500022585240247,345.9271592091571,455.4880332986472
A5_w4,A5,manual,matched,True,0.002203111575514867,0.006945040643601074,-0.0047419290680862074,317.2570239334027,436.0332986472424
A5_w4,A5,manual,matched,True,0.011731032103424539,0.003816108353611226,0.007914923749813313,241.4859521331946,423.74609781477625
A5_w4,A5,manual,matched,True,0.006384990484111544,0.0029342379872572422,0.003450752496854302,196.43288241415192,363.3340270551509
A5_w4,A5,manual,matched,True,0.004342819764428394,0.002357263441766838,0.001985556322661556,178.00208116545264,278.3475546305931
A5_w4,A5,manual,matched,True,0.0028665609868616174,0.004887553472849216,-0.0020209924859875984,284.4911550468262,297.8022892819979
A5_w4,A5,manual,matched,True,0.003802934944334193,0.00419156918314209,-0.0003886342388078972,323.4006243496358,253.7731529656608
A5_w4,A5,manual,missed_both,False,0.000706743515585205,0.0016254369458353504,-0.0009186934302501455,440.1290322580645,281.41935483870964
A5_w4,A5,manual,matched,True,0.002504991720607337,0.004686251590557749,-0.002181259869950412,105.30280957336107,372.5494276795005
A5_w4,A5,manual,matched,True,0.0022844574697022725,0.00225587034558047,2.8587124121802303e-05,9.05306971904266,476.990634755463
A5_w4,A5,manual,matched,True,0.010228694205838574,0.0034661336097954842,0.006762560596043089,64.34547346514047,519.9958376690946
A5_w4,A5,manual,matched,True,0.003980665662113766,0.004364949156879346,-0.0003842834947655801,104.27887617065556,560.9531737773152
A5_w4,A5,manual,matched,True,0.001536510350655921,0.0025486728447920446,-0.0010121624941361236,116.56607700312172,592.6951092611862
A5_w4,A5,manual,matched,True,0.005656336601492213,0.003550587510798547,0.002105749090693666,172.88241415192508,525.1155046826223
A5_w4,A5,manual,matched,True,0.009054935197341922,0.0012564121511030352,0.007798523046238888,248.6534859521332,545.5941727367325
A5_w4,A5,manual,matched,True,0.008478123136139857,0.00266603706936304,0.005812086066776817,147.2840790842872,653.1071800208116
A5_w4,A5,manual,matched,True,0.0037985687967094974,0.00341628005717048,0.0003822887395390174,104.27887617065556,661.2986472424558
A5_w4,A5,manual,matched,True,0.00814579665227752,0.005471661839139313,0.0026741348131382077,22.364203954214357,703.2799167533818
A5_w4,A5,manual,matched,True,0.003564861290287414,0.002616280613156964,0.0009485806771304499,9.05306971904266,737.0697190426639
A5_w4,A5,manual,matched,True,0.014055205768772533,0.0038909736441725363,0.010164232124599996,17.24453694068678,768.8116545265348
A5_w4,A5,manual,matched,True,0.009771987943760546,0.003258820661910289,0.006513167281850257,17.24453694068678,811.8168574401665
A5_w4,A5,manual,matched,True,0.00798773258664519,0.004097918478158789,0.0038898141084864005,14.172736732570236,880.420395421436
A5_w4,A5,manual,matched,True,0.007029532428720775,0.0029564388059862188,0.0040730936227345565,279.37148803329865,881.4443288241415
A5_w4,A5,manual,matched,True,0.0040120066749517675,0.0025723481489145447,0.0014396585260372228,295.75442247658685,828.1997918834547
A5_w4,A5,manual,matched,True,0.0012625196613178964,0.00133396190419305,-7.144224287515349e-05,358.2143600416233,820.0083246618105
A5_w4,A5,manual,matched,True,0.0032501679554938663,0.0026630217785604663,0.0005871461769334,324.4245577523413,753.452653485952
A5_w4,A5,manual,matched,True,0.0077719843166046895,0.005407153665529682,0.0023648306510750073,265.03642039542143,729.9021852237253
A5_w4,A5,manual,matched,True,0.002118665703610313,0.0025875010985999102,-0.00046883539498959736,258.89281997918835,664.3704474505723
A5_w4,A5,manual,matched,True,0.00590177631586846,0.0018581447276120836,0.0040436315882563766,352.0707596253902,680.7533818938605
A5_w4,A5,manual,matched,True,0.008389113325646257,0.002788132463731412,0.005600980861914845,326.47242455775233,627.5088449531737
A5_w4,A5,manual,matched,True,0.008368260521674366,0.0030780415170059815,0.005290219004668384,272.20395421436,672.5619146722164
A5_w4,A5,manual,missed_both,False,0.008000097913782443,0.001887968197757109,0.0061121297160253345,265.03642039542143,667.4422476586889
A5_w4,A5,manual,matched,True,0.00301423605065627,0.0017605388099074008,0.0012536972407488692,218.95941727367324,654.1311134235171
A5_w4,A5,manual,matched,True,0.005690439972188171,0.003953207202198417,0.0017372327699897543,406.3392299687825,624.4370447450572
A5_w4,A5,manual,matched,True,0.014423427759556056,0.0063553289651958325,0.008068098794360223,426.8178980228928,597.8147762747138
A5_w4,A5,manual,matched,True,0.007751798995403684,0.004153952600993848,0.0035978463944098356,457.5359001040583,738.0936524453693
A5_w4,A5,manual,matched,True,0.001075204798398975,0.0008706588348003397,0.00020454596359863522,414.5306971904266,680.7533818938605
A5_w4,A5,manual,matched,True,0.008715717967141922,0.0029386957528665446,0.005777022214275377,443.20083246618105,805.6732570239334
A5_w4,A5,manual,matched,True,0.005385209468467091,0.0009340675218914107,0.00445114194657568,421.6982310093652,866.0853277835588
A5_w4,A5,manual,matched,True,0.0045992058900360035,0.006909139924920189,-0.0023099340348841854,588.5993756503642,807.7211238293444
A5_w4,A5,manual,matched,True,0.011293935918154939,0.002414446247029917,0.008879489671125021,549.6899063475546,684.8491155046826
A5_w4,A5,manual,matched,True,0.006022628761432766,0.003226062658127788,0.002796566103304978,518.9719042663892,717.6149843912591
A5_w4,A5,manual,matched,True,0.04708276634406847,0.00760314950631566,0.039479616837752814,489.2778355879292,726.8303850156087
A5_w4,A5,manual,matched,True,0.0057393025017028485,0.0033952080073063225,0.002344094494396526,637.7481789802289,729.9021852237253
A5_w4,A5,manual,missed_both,False,0.006366216404498574,0.0005270987994521757,0.005839117605046398,629.5567117585848,793.3860561914672
A5_w4,A5,manual,matched,True,0.011989985163192501,0.002117807401612898,0.009872177761579603,686.8969823100936,700.2081165452653
A5_w4,A5,manual,matched,True,0.001546519219132095,0.002374558111805817,-0.000828038892673722,679.729448491155,845.6066597294484
A5_w4,A5,manual,matched,True,0.0028578678947808207,0.0006577016724541112,0.0022001662223267095,636.7242455775233,895.7793964620187
A5_w4,A5,manual,matched,True,0.007313343298061656,0.0024708419751029984,0.004842501322958657,766.7637877211238,886.563995837669
A5_w4,A5,manual,matched,True,0.005369352169737308,0.003269730073789694,0.002099622095947614,818.984391259105,719.6628511966701
A5_w4,A5,manual,matched,True,0.007848090890012975,0.005465609241680855,0.0023824816483321203,808.7450572320499,665.3943808532778
A5_w4,A5,manual,matched,True,0.0025836096151998565,0.0042179761901190715,-0.001634366574919215,766.7637877211238,494.3975026014568
A5_w4,A5,manual,missed_both,False,0.0,0.00017093330816556076,-0.00017093330816556076,744.2372528616024,611.1259105098856
A5_w4,A5,manual,missed_both,False,0.0015523552361020848,0.00041139183231461165,0.0011409634037874731,645.939646201873,210.76795005202916
A5_w4,A5,manual,matched,True,0.011038878023340347,0.0010048488811883324,0.010034029142152016,643.891779396462,315.20915712799166
A5_w4,A5,manual,matched,True,0.040163858650793166,0.00014957219547877599,0.04001428645531439,181.0738813735692,161.6191467221644
A5_w4,A5,manual,matched,True,0.03113325636788266,0.0033630599272128927,0.02777019644066977,309.0655567117586,530.2351716961498
A5_w4,A5,manual,matched,True,0.0022970076851745167,0.004785027353867219,-0.0024880196686927025,237.3902185223725,829.2237252861602
A5_w4,A5,manual,matched,True,0.0346945692789323,0.0002883962172448425,0.03440617306168746,732.9739854318418,679.729448491155
A5_w4,A5,manual,matched,True,0.047846779044095435,0.00016570362892447514,0.047681075415170956,621.3652445369406,826.1519250780436
A5_w4,A5,manual,matched,True,0.006947116427131521,0.0033223941416822113,0.0036247222854493095,876.3246618106139,395.0759625390218
A5_w4,A5,manual,matched,True,0.021900143775770833,0.0016908182748267353,0.0202093255009441,878.372528616025,854.8220603537981
A5_w4,A5,manual,matched,True,0.018285310487483705,0.004868321161831773,0.013416989325651933,879.3964620187304,739.1175858480749
A5_w4,A5,manual,matched,True,0.022809471651325117,0.005526766928870901,0.017282704722454217,904.9947970863684,746.2851196670135
A5_w4,A5,manual,missed_both,False,0.0015679124636103108,0.0004804264827965031,0.0010874859808138078,895.7793964620187,783.146722164412
A5_w4,A5,manual,matched,True,0.01148333327546208,0.003029119967442808,0.008454213308019272,573.2403746097815,826.1519250780436
A5_w4,A5,manual,matched,True,0.014745733620054394,0.0028875150255310363,0.011858218594523358,586.5515088449531,301.89802289281994
A5_w4,A5,manual,matched,True,0.028218715097448294,0.002052956033380976,0.026165759064067318,550.7138397502601,507.7086368366285
A5_w4,A5,manual,matched,True,0.007348756289057568,0.0036949189716035578,0.0036538373174540106,515.9001040582726,563.0010405827263
A5_w4,A5,random,random,False,0.0,5.123285106463052e-06,-5.123285106463052e-06,602.5192814574802,676.7446986374239
A5_w4,A5,random,random,False,0.0,0.0,0.0,824.2272360769468,386.91295148298775
A5_w4,A5,random,random,False,0.008969181022011653,0.0023895855177392686,0.006579595504272384,260.75606676869387,193.49569271520483
A5_w4,A5,random,random,False,0.007142007852430975,0.004145650467033808,0.002996357385397167,648.2034358572275,70.25032839772892
A5_w4,A5,random,random,False,0.00010302981059044116,2.065551893468343e-05,8.237429165575773e-05,677.9161305549023,569.0529514722863
A5_w4,A5,random,random,False,0.003671282956969396,0.0025163675631373183,0.001154915393832078,325.6917456971299,683.4637024186205
A5_w4,A5,random,random,False,0.029732974423784145,0.010794888818384763,0.018938085605399384,872.1712363069636,632.6322377672728
A5_w4,A5,random,random,False,0.0,0.00040225656712135685,-0.00040225656712135685,59.16047244007474,88.53766206132853
A5_w4,A5,random,random,False,0.0,0.000287344922066322,-0.000287344922066322,633.7953566703843,461.2146463246994
A5_w4,A5,random,random,False,0.0,7.104732861434334e-05,-7.104732861434334e-05,723.9551356961676,740.4502999323081
A5_w4,A5,random,random,False,0.0,0.0,0.0,765.5213956657775,182.6981249962697
A5_w4,A5,random,random,False,0.0,0.0,0.0,278.43287514615196,101.23027206051634
A5_w4,A5,random,random,False,0.0,0.000497431643987705,-0.000497431643987705,859.2857885192775,682.439941320328
A5_w4,A5,random,random,False,8.581148161467195e-06,0.0001661788420216556,-0.0001575976938601884,675.3264194490129,291.6610025091831
A5_w4,A5,random,random,False,0.00718536128508075,0.0049303000334540905,0.0022550612516266597,750.8057509320666,510.9476278868648
A5_w4,A5,random,random,False,0.0,0.0,0.0,496.72578650575946,205.57391976459297
A5_w4,A5,random,random,False,0.0,1.2945296098742138e-06,-1.2945296098742138e-06,907.7750108268655,89.5188344613622
A5_w4,A5,random,random,False,0.0005322549763279218,0.0011538658431309251,-0.0006216108668030033,335.354837677109,479.97414765029305
A5_w4,A5,random,random,False,0.0,0.00021929948713633025,-0.00021929948713633025,281.6842514115072,249.02113730985147
A5_w4,A5,random,random,False,0.0,0.0,0.0,690.6730463371005,181.4429202940198
A5_w4,A5,random,random,False,0.00021024222085215625,0.0006310611270617414,-0.0004208189062095851,439.7879292685771,265.3594862870126
A5_w4,A5,random,random,False,0.0,0.0004985629096762073,-0.0004985629096762073,910.4222708721782,794.7646485115938
A5_w4,A5,random,random,False,0.010055181564697233,0.003922768830372921,0.006132412734324313,22.20614881000649,710.372117045718
A5_w4,A5,random,random,False,0.0,0.00034195774937013283,-0.00034195774937013283,548.7499909117513,897.393449686855
A5_w4,A5,random,random,False,0.00011660654886221081,0.006919585134303202,-0.006802978585440991,530.6456941735917,505.6039626117902
A5_w4,A5,random,random,False,0.003892582618297755,0.004979357180147882,-0.0010867745618501272,143.97199764306393,642.3601770390675
A5_w4,A5,random,random,False,2.455199153465462e-05,0.0003610619936428378,-0.0003365100021081832,608.6514413587549,613.1663758512052
A5_w4,A5,random,random,False,0.0005828468187872497,0.0011355206524638454,-0.0005526738336765957,704.3790616690292,838.1201997184996
A5_w4,A5,random,random,False,2.5310325356641768e-05,6.235959454808371e-06,1.9074365901833396e-05,612.6091986629158,861.9912163004055
A5_w4,A5,random,random,False,0.0,1.4277652499598583e-05,-1.4277652499598583e-05,134.1242604621224,486.2379160820253
A5_w4,A5,random,random,False,5.721281887403258e-07,9.739351697852544e-05,-9.682138878978512e-05,479.06297973939667,74.67617820781545
A5_w4,A5,random,random,False,1.2647275864834275e-05,0.00043561496203301545,-0.0004229676861681812,427.3615620471827,902.552632118067
A5_w4,A5,random,random,False,0.0,2.6514479553888906e-05,-2.6514479553888906e-05,509.70590866537304,201.52641270896592
A5_w4,A5,random,random,False,0.0,0.0003646995989939431,-0.0003646995989939431,472.038233321366,397.90051256066727
A5_w4,A5,random,random,False,0.010052869085055798,0.00040897276883111234,0.009643896316224686,60.177732022051266,400.1580979079627
A5_w4,A5,random,random,False,0.0,0.0005215615209003528,-0.0005215615209003528,446.61643702014055,424.3039691631938
A5_w4,A5,random,random,False,0.0,0.00039894665826647904,-0.00039894665826647904,208.7103776158632,513.8551036674788
A5_w4,A5,random,random,False,0.0,0.0016879808678662764,-0.0016879808678662764,285.7647999146945,450.02372305079683
A5_w4,A5,random,random,False,0.0006222561674400784,0.002586623754593896,-0.0019643675871538176,313.69739526282444,677.5216373009771
A5_w4,A5,random,random,False,0.006484662100264614,0.0013260795391433994,0.005158582561121215,352.603593399536,806.5813980374851
A5_w4,A5,random,random,False,0.0,0.00016307012478616946,-0.00016307012478616946,220.31654280836514,256.4323894031692
A5_w4,A5,random,random,False,0.0,0.00010703018362203938,-0.00010703018362203938,707.8570287985467,812.9559855237212
A5_w4,A5,random,random,False,0.0,0.0006914961473228592,-0.0006914961473228592,494.3886969209625,584.2549488876485
A5_w4,A5,random,random,False,0.0002342422691594667,0.0013105957549096026,-0.0010763534857501358,763.0796713475739,474.1342701234893
A5_w4,A5,random,random,False,0.0,0.0,0.0,387.6123850617996,309.9243698410317
A5_w4,A5,random,random,False,0.0,0.0,0.0,586.5110364504554,462.6624570680288
A5_w4,A5,random,random,False,0.0,0.000317181794273031,-0.000317181794273031,716.5527098331754,117.65597920343605
A5_w4,A5,random,random,False,0.0,0.0,0.0,126.95999087941212,839.9524175959028
A5_w4,A5,random,random,False,0.0,0.00022464708486614603,-0.00022464708486614603,693.3302063362588,292.1234177912879
A5_w4,A5,random,random,False,0.0010676293598159534,0.0038311282794395714,-0.0027634989196236182,345.58326580790356,96.04818313591113
A5_w4,A5,random,random,False,1.3319050053700631e-05,0.0005857536791487814,-0.0005724346290950809,315.93528348242535,17.01671552549414
A5_w4,A5,random,random,False,0.0,4.962454703618611e-05,-4.962454703618611e-05,707.1235192829739,899.4768097021072
A5_w4,A5,random,random,False,0.00013006817756528892,2.8043502260978648e-06,0.00012726382733919104,802.9651826381813,210.57124277083605
A5_w4,A5,random,random,False,0.0,3.8585909670865575e-05,-3.8585909670865575e-05,242.73803665980614,632.1838334210357
A5_w4,A5,random,random,False,0.0,0.0003243075073702369,-0.0003243075073702369,633.1528274491889,336.8426012307482
A5_w4,A5,random,random,False,0.0,0.0013914077040225166,-0.0013914077040225166,43.48946214388182,497.2266530556947
A5_w4,A5,random,random,False,0.0,0.0,0.0,157.7951785298183,211.6389761223314
A5_w4,A5,random,random,False,0.0,0.0,0.0,810.0604820066854,859.8813864877433
A5_w4,A5,random,random,False,0.0,0.0,0.0,889.4410038637129,107.49411968098258
A5_w4,A5,random,random,False,0.0,0.0003115874730550704,-0.0003115874730550704,840.8976063126291,657.4148001215684
A5_w4,A5,random,random,False,0.003944982985211743,0.00039100830519881043,0.003553974680012932,13.220262520705788,596.9752008582601
A5_w4,A5,random,random,False,0.0,2.2036414944518003e-05,-2.2036414944518003e-05,686.4212267589376,172.60357622837134
A5_w4,A5,random,random,False,0.0,2.1153838497517095e-05,-2.1153838497517095e-05,533.0745010554132,318.76485166977403
A5_w4,A5,random,random,False,0.0,4.9021566948922803e-05,-4.9021566948922803e-05,326.6809798837101,786.8704750055733
A5_w4,A5,random,random,False,0.0005297694204644012,0.0038697609767462766,-0.0033399915562818752,867.7677159547363,382.5163905376403
A5_w4,A5,random,random,False,0.0,0.0008130273746886329,-0.0008130273746886329,498.24764561861366,774.3582330620325
A5_w4,A5,random,random,False,0.00389003923066493,0.0016342484729409685,0.0022557907577239614,300.81499065117606,291.45119655962156
A5_w4,A5,random,random,False,7.311726769132359e-06,0.00039802416185601077,-0.0003907124350868784,447.8563635285491,272.77789127483146
A5_w4,A5,random,random,False,0.0007378144669603158,0.0005696914835807576,0.00016812298337955827,657.2385031862905,289.59686630626305
A5_w4,A5,random,random,False,4.76339608159801e-05,0.00010937121381755541,-6.17372530015753e-05,79.31280343882875,747.214150894189
A5_w4,A5,random,random,False,1.5104677661444952e-05,4.3452221412533323e-07,1.4670155447319618e-05,843.0705081853177,887.2326549487232
A5_w4,A5,random,random,False,0.0,0.0,0.0,233.61255922991336,41.240142843470814
A5_w4,A5,random,random,False,0.0019049071246897498,0.00291023065637086,-0.0010053235316811104,805.3516910371997,704.6147394113713
A5_w4,A5,random,random,False,0.0,0.0016372182009236728,-0.0016372182009236728,577.7646930280843,53.786587609786565
A5_w4,A5,random,random,False,0.0,0.0005579806605609367,-0.0005579806605609367,231.629230716236,455.7963574757575
A5_w4,A5,random,random,False,0.0,0.0,0.0,131.42522009714597,257.2183138767685
A5_w4,A5,random,random,False,2.10169645820781e-06,0.002441723188485562,-0.002439621492027354,889.9464231642767,549.8069851279296
A5_w4,A5,random,random,False,0.0,0.0,0.0,546.6014587800008,224.30457136682173
A5_w4,A5,random,random,False,0.0,0.0,0.0,536.4000882179404,886.5982247686712
A5_w4,A5,random,random,False,0.0,0.0008202749747522719,-0.0008202749747522719,580.5897217965652,584.8582025246563
A5_w4,A5,random,random,False,0.0,0.0001773503350895203,-0.0001773503350895203,499.77935502178804,506.8927465614764
A5_w4,A5,random,random,False,0.0020287508525353997,0.002952654945844055,-0.0009239040933086552,232.7279779667171,428.08649215686853
A5_w4,A5,random,random,False,0.0,0.0,0.0,475.2725925309273,517.5400974969535
A5_w4,A5,random,random,False,0.0,4.132227388229462e-05,-4.132227388229462e-05,360.34616273713306,713.4448599838197
A5_w4,A5,random,random,False,0.0,0.0,0.0,374.2023869808027,688.4618426725402
A5_w4,A5,random,random,False,0.002603831522544063,0.0039151940951693,-0.0013113625726252367,339.6429282459699,438.50579097382996
A5_w4,A5,random,random,False,0.006716823923832993,0.004105822417735498,0.0026110015060974946,315.42392672603506,247.23927683799045
A5_w4,A5,random,random,False,0.0,8.518746903258055e-06,-8.518746903258055e-06,440.05601005031133,772.8723497889016
A5_w4,A5,random,random,False,0.0,1.876076872285347e-05,-1.876076872285347e-05,894.3750426824939,386.29378431693243
A5_w4,A5,random,random,False,0.0,0.0,0.0,769.6195599461586,169.3239289836769
A5_w4,A5,random,random,False,0.0034532945250887763,0.002457246500678725,0.000996048024410051,586.7068531004251,563.7698867795763
A5_w4,A5,random,random,False,0.0,0.0004528281677811524,-0.0004528281677811524,406.31178210193286,736.2970400487535
A5_w4,A5,random,random,False,0.0,2.376374977508589e-05,-2.376374977508589e-05,824.0336363632007,240.23770785601394
A5_w4,A5,random,random,False,0.0,0.00010639940531704124,-0.00010639940531704124,717.2281029700125,110.64142218046557
A6_w3,A6,manual,matched,True,0.037426904293787255,0.008381780175901004,0.02904512411788625,159.1675338189386,5.1092611862643125
A6_w3,A6,manual,matched,True,0.033854379556094466,0.0024954579470643596,0.03135892160903011,97.54422476586888,276.25182101977106
A6_w3,A6,manual,matched,True,0.012876424585037986,0.010626565766387817,0.002249858818650169,151.97814776274714,290.630593132154
A6_w3,A6,manual,matched,True,0.014533937204720532,0.001616793546781602,0.01291714365793893,8.190426638917792,322.4693028095734
A6_w3,A6,manual,matched,True,0.024517194768523966,0.006768402343889777,0.01774879242463419,60.57023933402705,507.33922996878255
A6_w3,A6,manual,missed_both,True,0.018172057900469062,0.0015380309192717981,0.016634026981197265,74.94901144641,448.7970863683663
A6_w3,A6,manual,matched,True,0.01927310932627025,0.006200557338462528,0.013072551987807723,97.54422476586888,783.6170655567117
A6_w3,A6,manual,matched,True,0.033832605870288884,0.00886681969530639,0.024965786174982494,27.70447450572321,819.5639958376692
A6_w3,A6,manual,matched,True,0.02183000149248576,0.006059808797494316,0.01577019269499144,53.380853277835584,860.6462018730489
A6_w3,A6,manual,matched,True,0.040963640616177334,0.005844619688630262,0.035119020927547075,82.13839750260146,886.3225806451613
A6_w3,A6,manual,matched,True,0.03172644164379572,0.0033293204215251605,0.02839712122227056,68.78668054110302,781.5629552549428
A6_w3,A6,manual,matched,True,0.024456610173996245,0.013074712153765449,0.011381898020230796,18.460978147762745,887.3496357960458
A6_w3,A6,manual,matched,True,0.027285045134840445,0.002659393152661308,0.02462565198217914,284.46826222684706,583.3413111342352
A6_w3,A6,manual,missed_both,True,0.01028935533406737,0.005922197338814569,0.0043671579952528,355.3350676378772,534.0426638917794
A6_w3,A6,manual,matched,True,0.02066259711743646,0.0022235516365508748,0.018439045480885586,408.741935483871,351.22684703433924
A6_w3,A6,manual,missed_both,False,0.0028723348366508643,0.00041105420336231597,0.0024612806332885485,438.52653485952135,184.84391259105095
A6_w3,A6,manual,matched,True,0.027601312182429776,0.005980728763400327,0.02162058341902945,478.5816857440167,135.54526534859522
A6_w3,A6,manual,matched,True,0.027307815638049755,0.01056099609165502,0.016746819546394735,566.9084287200833,88.30072840790844
A6_w3,A6,manual,matched,True,0.028667981172581194,0.004029935791680587,0.024638045380900607,637.7752341311134,21.54214360041623
A6_w3,A6,manual,missed_both,False,0.0008806767282031618,0.004295623181800002,-0.0034149464535968405,720.9667013527576,137.5993756503642
A6_w3,A6,manual,matched,True,0.030407418929848194,0.0006576206011943653,0.029749798328653827,703.5067637877212,72.894901144641
A6_w3,A6,manual,matched,True,0.022214527257895095,0.007764040615832816,0.01445048664206228,708.6420395421436,185.8709677419355
A6_w3,A6,manual,matched,True,0.010781637100376258,0.005945813816634953,0.004835823283741305,626.477627471384,272.1436004162331
A6_w3,A6,manual,matched,True,0.025788744684225942,0.0010933208525478978,0.024695423831678043,528.907388137357,246.46722164412077
A6_w3,A6,manual,matched,True,0.019298385843897366,0.00475901605981575,0.014539369784081616,529.9344432882415,316.3069719042664
A6_w3,A6,manual,matched,True,0.012224571285807062,0.005964383303676749,0.006260187982130313,593.6118626430801,329.6586888657648
A6_w3,A6,manual,missed_both,False,0.003005776967585047,0.006872765413266323,-0.003866988445681276,643.9375650364204,381.0114464099896
A6_w3,A6,manual,matched,True,0.02597891782643253,0.003258201848585699,0.02272071597784683,676.8033298647242,448.7970863683663
A6_w3,A6,manual,missed_both,False,0.0032623543385951765,0.0029343381523214466,0.00032801618627372993,641.8834547346514,477.5546305931322
A6_w3,A6,manual,matched,True,0.02507653672359145,0.0049500270552830525,0.0201265096683084,542.2591050988553,439.55359001040586
A6_w3,A6,manual,matched,True,0.013119144908526555,0.004430942250172952,0.008688202658353603,603.8824141519251,609.0176899063475
A6_w3,A6,manual,matched,True,0.031155896430527696,0.006410732446875842,0.024745163983651855,488.8522372528616,664.4786680541104
A6_w3,A6,manual,matched,True,0.02048141480655041,0.00898312220178534,0.01149829260476507,413.8772112382935,624.423517169615
A6_w3,A6,manual,missed_both,True,0.01817625990358265,0.00820725935340947,0.00996900055017318,321.44224765868887,686.0468262226847
A6_w3,A6,manual,matched,True,0.026314656095017916,0.004975142925967969,0.021339513169049945,354.3080124869927,749.7242455775234
A6_w3,A6,manual,matched,True,0.01810009563621042,0.0027602818107991763,0.015339813825411245,372.7950052029136,849.3485952133195
A6_w3,A6,manual,matched,True,0.0303122006593276,0.00325619212879125,0.02705600853053635,399.4984391259105,848.321540062435
A6_w3,A6,manual,matched,True,0.040524158980940694,0.0041523550137907055,0.036371803967149986,410.79604578564,813.4016649323621
A6_w3,A6,manual,matched,True,0.03203047767240862,0.0044139594820093685,0.027616518190399248,460.0946930280957,852.4297606659729
A6_w3,A6,manual,matched,True,0.040239257105338516,0.00741070848128657,0.03282854862405195,434.4183142559834,788.7523413111343
A6_w3,A6,manual,matched,True,0.02882771614657796,0.004750424097486493,0.024077292049091467,501.1768990634755,767.1841831425598
A6_w3,A6,manual,missed_both,True,0.021731328755259925,0.0018850242787165326,0.019846304476543394,460.0946930280957,810.3204994797087
A6_w3,A6,manual,matched,True,0.024392723650660017,0.0032158805209173648,0.02117684312974265,713.7773152965661,522.7450572320499
A6_w3,A6,manual,matched,True,0.03215784325629189,0.007005421838620027,0.025152421417671864,741.5078043704475,659.3433922996878
A6_w3,A6,manual,missed_both,True,0.007721600315083549,0.00859903813918974,-0.0008774378241061904,787.7252861602498,521.7180020811654
A6_w3,A6,manual,matched,True,0.03794180072479211,0.011731759204549646,0.026210041520242467,841.1321540062435,267.0083246618106
A6_w3,A6,manual,matched,True,0.01722375969557015,0.004677587350393031,0.012546172345177117,879.1331945889699,41.05619146722165
A6_w3,A6,manual,matched,True,0.034726572398537936,0.003119603960203105,0.03160696843833483,893.5119667013528,222.8449531737773
A6_w3,A6,manual,matched,True,0.015453264841251736,0.0033807777635190767,0.01207248707773266,789.7793964620188,354.3080124869927
A6_w3,A6,manual,matched,True,0.028961683956563653,0.005464328657875075,0.02349735529868858,824.6992715920916,305.0093652445369
A6_w3,A6,manual,matched,True,0.018785218256568745,0.006447380901448694,0.01233783735512005,854.483870967742,433.39125910509887
A6_w3,A6,manual,matched,True,0.017404775279655227,0.006757029857991493,0.010647745421663734,747.6701352757544,749.7242455775234
A6_w3,A6,manual,matched,True,0.04522155120810122,0.00531897015499343,0.039902581053107795,830.8616024973985,903.7825182101976
A6_w3,A6,manual,matched,True,0.03971509577650779,0.005564794646670021,0.034150301129837767,749.7242455775234,865.7814776274714
A6_w3,A6,manual,matched,True,0.06538515921954649,0.004297454154188267,0.061087705065358225,888.3766909469304,765.1300728407908
A6_w3,A6,manual,matched,True,0.028969711796631714,0.0008356413427914163,0.0281340704538403,808.2663891779397,848.321540062435
A6_w3,A6,manual,missed_both,True,0.01883967504501445,0.0026682910661558596,0.016171383978858592,150.95109261186263,193.06035379812693
A6_w3,A6,manual,missed_both,False,0.004518526022106116,0.002966441568689404,0.0015520844534167117,534.0426638917794,162.2486992715921
A6_w3,A6,random,random,False,0.004956145729146077,0.0068377273434365405,-0.0018815816142904633,46.68456048122875,763.1550797520887
A6_w3,A6,random,random,False,0.006897888085535993,0.005276430744593579,0.0016214573409424138,43.37515896921325,112.4019088102547
A6_w3,A6,random,random,False,0.00026204855779618405,0.004156846255990531,-0.003894797698194347,464.62878151839664,125.60551541397818
A6_w3,A6,random,random,False,0.0004925104606298442,0.001391374648851586,-0.0008988641882217419,659.8227207178442,115.54692749484396
A6_w3,A6,random,random,False,0.0002865038326836809,0.005219175094904069,-0.004932671262220388,7.475068791828101,866.6252767070649
A6_w3,A6,random,random,False,0.0009899044659011948,0.004308124774579643,-0.0033182203086784476,304.6279462247966,595.4802467186652
A6_w3,A6,random,random,False,0.00042484471292311357,0.002161799942145373,-0.0017369552292222593,327.9921203697351,57.75939492887102
A6_w3,A6,random,random,False,0.0031609090401406668,0.0011254815414237528,0.002035427498716914,666.0604486168849,547.6965912647446
A6_w3,A6,random,random,False,0.041947225869231566,0.03290298255533188,0.009044243313899684,182.88974458545292,112.47042931323213
A6_w3,A6,random,random,False,0.002020650904635285,0.004777793843917374,-0.0027571429392820894,256.05293863950584,685.9340616631845
A6_w3,A6,random,random,False,0.008539675359240662,0.014343852266266624,-0.0058041769070259625,407.1166183855781,403.470149368551
A6_w3,A6,random,random,False,0.0008106651561041279,0.003945466149335729,-0.003134800993231601,261.93042034295587,742.865920367607
A6_w3,A6,random,random,False,0.00011378929632802769,0.001670292119702152,-0.0015565028233741243,446.3489128460613,344.6625784897275
A6_w3,A6,random,random,False,0.0010667871924785624,0.004559682460670921,-0.003492895268192359,696.2802057186346,907.3209279697095
A6_w3,A6,random,random,False,0.0010817153863688447,0.0016835347774304245,-0.0006018193910615798,619.338681057105,303.3405168993643
A6_w3,A6,random,random,False,0.0024653843236682794,0.00012698020166567367,0.0023384041220026056,594.8763695273673,839.3539486227743
A6_w3,A6,random,random,False,0.004197562930129353,0.005324420171934007,-0.0011268572418046538,435.71516282840116,641.8473091260903
A6_w3,A6,random,random,False,0.00044623219642347906,0.005544427043657942,-0.005098194847234463,444.68828612577806,386.4377587073724
A6_w3,A6,random,random,False,0.00537865895001009,0.0026613599192269895,0.0027172990307831007,771.9527017750038,659.5657326198823
A6_w3,A6,random,random,False,0.0012278567554293179,0.0006312892335149053,0.0005965675219144126,756.9571060580789,94.88418701267642
A6_w3,A6,random,random,False,0.029157940709203467,0.008178143625937306,0.02097979708326616,491.12636300292456,657.6129489062586
A6_w3,A6,random,random,False,0.00904652724360748,0.007883371660530929,0.0011631555830765514,167.01854234982497,506.88753632359953
A6_w3,A6,random,random,False,0.0027740097131980952,0.0038621640207130406,-0.0010881543075149454,685.003694086156,718.4221117510193
A6_w3,A6,random,random,False,0.00011518718983576175,0.0006309567208706694,-0.0005157695310349076,414.7747620517158,753.7396631781102
A6_w3,A6,random,random,False,0.0006227774596485718,0.0063368396032156245,-0.005714062143567053,505.30441347019683,667.1786090813624
A6_w3,A6,random,random,False,0.0035656148131478892,0.0024596876419325548,0.0011059271712153345,778.9749688908115,155.64140999690147
A6_w3,A6,random,random,False,0.0074972042693824655,0.00642680718023603,0.0010703970891464357,179.22891417310151,823.2963334648157
A6_w3,A6,random,random,False,0.03059583257574851,0.00885845269314557,0.021737379882602943,145.27053770960433,274.4099591170775
A6_w3,A6,random,random,False,0.006111702629375139,0.007125464924785385,-0.0010137622954102463,766.5632200805592,546.81981209195
A6_w3,A6,random,random,False,0.007030137159554184,0.006004705889531465,0.0010254312700227189,733.5250906149972,630.2796376859358
A6_w3,A6,random,random,False,0.00014263942526162706,0.0005569440493959258,-0.0004143046241342987,757.3837455250944,384.3857757689071
A6_w3,A6,random,random,False,0.000818157397875106,0.00011264276769429951,0.0007055146301808065,461.51323308635847,895.6149038623126
A6_w3,A6,random,random,False,0.0008789738704487284,0.0009556452616380865,-7.667139118935809e-05,135.97465980488502,727.4742672922414
A6_w3,A6,random,random,False,0.003310361405303363,0.0016970477748084933,0.0016133136304948695,381.23346705277845,239.4477063389604
A6_w3,A6,random,random,False,0.00023508440992096085,0.0005854656481471851,-0.0003503812382262242,593.1924044498594,852.819679832233
A6_w3,A6,random,random,False,0.007107776646853249,0.007577829912881075,-0.0004700532660278263,750.5944067795415,501.9713587878117
A6_w3,A6,random,random,False,0.0003948077941820871,0.0013620946758081374,-0.0009672868816260503,95.13535818061986,235.1692984119114
A6_w3,A6,random,random,False,0.003406799114235776,0.003890972110668719,-0.00048417299643294283,728.5493880135189,469.81900697279656
A6_w3,A6,random,random,False,0.006663296867950331,0.006157839196888719,0.0005054576710616125,734.1260622095788,772.745234982093
A6_w3,A6,random,random,False,0.0013725485373527679,0.0002950148670910703,0.0010775336702616976,567.5610663098256,773.5748463415047
A6_w3,A6,random,random,False,0.007624105186187266,0.0074843796946181505,0.00013972549156911554,727.1970439684632,701.6466160699524
A6_w3,A6,random,random,False,0.001179031973787158,0.0028311784567017187,-0.0016521464829145607,553.0960627170559,525.8820045807639
A6_w3,A6,random,random,False,0.005106822116720202,0.003935939940547918,0.001170882176172284,892.3034987272254,131.83575248865205
A6_w3,A6,random,random,False,0.0039815292467532465,0.002869889108648102,0.0011116401381051446,571.5785725643941,350.7183887266905
A6_w3,A6,random,random,False,0.0,0.0007370858945621486,-0.0007370858945621486,668.0806973744078,723.3258553496341
A6_w3,A6,random,random,False,0.0028180237834514992,0.008916835235386502,-0.006098811451935002,807.4391604734092,907.3527481642363
A6_w3,A6,random,random,False,6.294183467644796e-05,0.00010737242635946382,-4.443059168301586e-05,839.2741790112359,863.9422831197143
A6_w3,A6,random,random,False,0.0009535270301329725,0.0023021873260445787,-0.0013486602959116062,332.649287308533,50.84993246206392
A6_w3,A6,random,random,False,0.0008777700178275166,0.000380188553934557,0.0004975814638929596,410.9240441070298,230.17751536786733
A6_w3,A6,random,random,False,0.00028970385742516466,0.0011298371455164505,-0.0008401332880912859,861.2756681116989,387.92479308447946
A6_w3,A6,random,random,False,0.000976651895563706,0.0013701472398382117,-0.0003934953442745058,770.9090924332752,121.60976339317874
A6_w3,A6,random,random,False,0.005216991299469531,0.003479616796327344,0.0017373745031421866,437.4583439111424,546.3349515823347
A6_w3,A6,random,random,False,0.00016098595275139388,0.0011275137499294912,-0.0009665277971780974,99.59109813578517,861.8436446662583
A6_w3,A6,random,random,False,7.983628665970659e-05,0.00013572890333484117,-5.589261667513458e-05,577.1175680161639,796.6811760619531
A6_w3,A6,random,random,False,0.00041206317926405586,0.000520111269359899,-0.00010804809009584319,565.4335260075763,257.7193893066483
A6_w3,A6,random,random,False,0.005627643574397746,0.0034494987190055986,0.0021781448553921477,709.8651523251067,870.1918433236549
A6_w3,A6,random,random,False,0.0017152419835637436,0.004379992637315337,-0.0026647506537515932,191.80588624504912,758.3435285373123
A6_w3,A6,random,random,False,0.0008870161741699358,0.0010608634067149252,-0.00017384723254498943,459.3306150568672,359.8501961336496
A6_w4,A6,manual,matched,True,0.026089858236046204,0.007509907441368674,0.01857995079467753,20.51508844953174,40.02913631633714
A6_w4,A6,manual,matched,True,0.027298068605065885,0.0027409294340739717,0.024557139170991914,16.40686784599376,120.13943808532778
A6_w4,A6,manual,matched,True,0.017921137562737784,0.007198263624123135,0.010722873938614649,22.56919875130073,187.92507804370447
A6_w4,A6,manual,matched,True,0.00950213954872482,0.002964484614215096,0.006537654934509724,15.379812695109266,391.2819979188346
A6_w4,A6,manual,matched,True,0.032294825289748114,0.004167237044379932,0.028127588245368183,31.812695109261185,271.1165452653486
A6_w4,A6,manual,matched,True,0.0318436266493579,0.011554490576982344,0.020289136072375556,94.4630593132154,344.0374609781477
A6_w4,A6,manual,matched,True,0.020973348236334805,0.007164343591999614,0.01380900464433519,118.0853277835588,540.2049947970863
A6_w4,A6,manual,matched,True,0.028355092266818458,0.015582613103894492,0.012772479162923966,54.40790842872009,600.8012486992716
A6_w4,A6,manual,matched,True,0.01946601004225205,0.0029424918381360183,0.016523518204116034,17.433922996878252,582.3142559833507
A6_w4,A6,manual,matched,True,0.022580557401461726,0.015089706264825762,0.0074908511366359645,41.05619146722165,702.4797086368367
A6_w4,A6,manual,matched,True,0.043924901197615634,0.005262651142136908,0.03866225005547873,107.81477627471384,899.6742976066597
A6_w4,A6,manual,missed_both,True,0.006531137862941952,0.0030813624389093713,0.0034497754240325803,131.43704474505725,867.8355879292404
A6_w4,A6,manual,matched,True,0.018798710600263,0.008750116046270245,0.010048594553992754,174.57336108220605,814.4287200832466
A6_w4,A6,manual,matched,True,0.028442392005124054,0.010281117266926298,0.018161274738197758,163.27575442247658,710.6961498439126
A6_w4,A6,manual,matched,True,0.024289899494618867,0.003705623206130607,0.02058427628848826,262.90010405827263,648.0457856399584
A6_w4,A6,manual,matched,True,0.019607523046781376,0.010753848818811397,0.008853674227969979,269.0624349635796,526.853277835588
A6_w4,A6,manual,matched,True,0.03351260084363084,0.011818578618517064,0.02169402222511378,162.2486992715921,363.5515088449532
A6_w4,A6,manual,matched,True,0.020503184690437902,0.0036567484918002082,0.016846436198637692,224.8990634755463,239.27783558792925
A6_w4,A6,manual,matched,True,0.012579745394681601,0.009432310638143246,0.0031474347565383556,259.8189386056192,164.3028095733611
A6_w4,A6,manual,missed_both,True,0.013956957270117833,0.0072442979365842305,0.006712659333533603,235.16961498439127,113.97710718002082
A6_w4,A6,manual,matched,True,0.01807753157542392,0.011077441284569311,0.00700009029085461,251.6024973985432,41.05619146722165
A6_w4,A6,manual,matched,True,0.005998634793610569,0.002500153876437046,0.003498480917173523,268.0353798126951,281.38709677419354
A6_w4,A6,manual,matched,True,0.023379601666100744,0.003514735369798937,0.019864866296301808,273.1706555671176,16.40686784599376
A6_w4,A6,manual,missed_both,False,0.001139680730601521,0.00407948024543953,-0.002939799514838009,297.8199791883455,24.62330905306972
A6_w4,A6,manual,missed_both,False,0.01264071095201488,0.005564848941569848,0.007075862010445032,409.7689906347555,32.83975026014568
A6_w4,A6,manual,matched,True,0.022000006578757166,0.006179695670628291,0.015820310908128875,461.1217481789802,128.35587929240376
A6_w4,A6,manual,matched,True,0.029925604234072794,0.0030160496719438654,0.02690955456212893,521.7180020811654,56.46201873048908
A6_w4,A6,manual,matched,True,0.02699612876270935,0.008440879627990469,0.018555249134718885,551.5026014568158,156.08636836628511
A6_w4,A6,manual,matched,True,0.014381299426835088,0.0027542438312514014,0.011627055595583687,639.8293444328824,171.49219562955255
A6_w4,A6,manual,missed_both,True,0.005492344252343673,0.0054622689251074465,3.0075327236226898e-05,691.1821019771072,82.13839750260146
A6_w4,A6,manual,matched,True,0.015280177099808633,0.005171790395311826,0.010108386704496807,754.8595213319459,259.8189386056192
A6_w4,A6,manual,matched,True,0.021099475053762622,0.0048157939072514715,0.01628368114651115,848.321540062435,191.006243496358
A6_w4,A6,manual,matched,True,0.014565733121772761,0.004924953573248432,0.009640779548524329,622.369406867846,289.60353798126954
A6_w4,A6,manual,matched,True,0.009840365588066322,0.005613889027282348,0.004226476560783974,550.4755463059313,302.955254942768
A6_w4,A6,manual,missed_both,True,0.014077344713616316,0.0042368558131910755,0.00984048890042524,424.1477627471384,297.8199791883455
A6_w4,A6,manual,matched,True,0.01036364149632534,0.0012916731024993264,0.009071968393826013,327.60457856399586,265.9812695109261
A6_w4,A6,manual,matched,True,0.01697086048862307,0.004069744263336287,0.012901116225286783,455.98647242455775,390.25494276795007
A6_w4,A6,manual,matched,True,0.02723667826405883,0.00520696723783387,0.02202971102622496,503.2310093652445,338.90218522372527
A6_w4,A6,manual,matched,True,0.018274702727273613,0.008776412838582829,0.009498289888690784,538.1508844953174,371.7679500520292
A6_w4,A6,manual,missed_both,False,0.006434502581751747,0.011415132076543027,-0.0049806294947912794,591.5577523413111,391.2819979188346
A6_w4,A6,manual,matched,True,0.015258965855959919,0.004512565681236302,0.010746400174723617,699.3985431841832,374.8491155046826
A6_w4,A6,manual,matched,True,0.014747291523941108,0.0032394916451304657,0.011507799878810643,733.2913631633716,435.4453694068679
A6_w4,A6,manual,matched,True,0.04544001411990486,0.0027155142549966597,0.0427244998649082,792.8605619146722,544.3132154006244
A6_w4,A6,manual,matched,True,0.027129368791091096,0.003199484310692503,0.023929884480398594,769.2382934443289,529.9344432882415
A6_w4,A6,manual,matched,True,0.021811422011277292,0.0075989789054702935,0.014212443105806999,899.6742976066597,695.2903225806451
A6_w4,A6,manual,matched,True,0.014046765380818761,0.011002442407893985,0.003044322972924776,838.0509885535901,703.5067637877212
A6_w4,A6,manual,matched,True,0.02092129842591293,0.0028552341267051385,0.018066064299207794,748.6971904266389,654.2081165452654
A6_w4,A6,manual,matched,True,0.015766741184692526,0.003255656540298745,0.01251108464439378,654.2081165452654,672.6951092611863
A6_w4,A6,manual,matched,True,0.020674992182977282,0.004547037617541163,0.01612795456543612,668.5868886576483,761.0218522372529
A6_w4,A6,manual,matched,True,0.022083654079180216,0.003906575869384149,0.01817707820979607,572.0437044745057,676.8033298647242
A6_w4,A6,manual,matched,True,0.03215329535513296,0.0062607090190594395,0.025892586336073525,597.7200832466182,568.9625390218522
A6_w4,A6,manual,matched,True,0.017998560406432287,0.006783981902251866,0.011214578504180422,538.1508844953174,630.585848074922
A6_w4,A6,manual,matched,True,0.02751885226290732,0.003344911997261489,0.024173940265645833,657.2892819979188,556.6378772112383
A6_w4,A6,manual,matched,True,0.03225768736545083,0.012939647787518287,0.019318039577932544,244.41311134235173,752.805411030177
A6_w4,A6,manual,matched,True,0.03421379746179084,0.0017950432056745038,0.03241875425611634,369.71383975026015,847.2944849115505
A6_w4,A6,manual,matched,True,0.017791689410671593,0.004255412567258174,0.013536276843413419,387.17377731529655,873.9979188345474
A6_w4,A6,manual,matched,True,0.03305758882310457,0.0018916474640742378,0.031165941359030332,784.6441207075962,576.1519250780437
A6_w4,A6,manual,matched,True,0.013746988078497998,0.004612753343051616,0.009134234735446382,344.0374609781477,547.3943808532779
A6_w4,A6,manual,matched,True,0.010384015367190262,0.0020243371142930227,0.00835967825289724,445.7159209157128,503.2310093652445
A6_w4,A6,manual,matched,True,0.012417718191044303,0.002814004120233483,0.00960371407081082,515.5556711758585,545.3402705515089
A6_w4,A6,manual,missed_both,False,0.0195654946556725,0.00402849576880314,0.015536998886869362,433.39125910509887,535.0697190426639
A6_w4,A6,manual,matched,True,0.014397893930309673,0.0019837547347826092,0.012414139195527064,717.8855359001041,567.9354838709678
A6_w4,A6,random,random,False,1.7991678341924455e-05,0.0010495615661707855,-0.001031569887828861,867.00906786162,683.6300994807517
A6_w4,A6,random,random,False,0.00012159518051808367,0.0003227532031818711,-0.00020115802266378746,763.500222170869,194.9374267786055
A6_w4,A6,random,random,False,7.507399843538896e-05,0.0022769069671388213,-0.0022018329687034325,90.11716119379041,201.13671109404743
A6_w4,A6,random,random,False,0.0004432107151789651,0.0018216860688836823,-0.001378475353704717,14.070524199659102,707.9490023307307
A6_w4,A6,random,random,False,0.0010407175965896943,0.004910360839356111,-0.003869643242766417,707.6282451800731,352.0575706158424
A6_w4,A6,random,random,False,0.010474482098037474,0.018356476414706214,-0.00788199431666874,376.2233162246468,316.97568548482013
A6_w4,A6,random,random,False,0.0002225727627398497,0.0006722234647752363,-0.00044965070203538664,339.9949966754312,22.71568878659397
A6_w4,A6,random,random,False,0.0001277478677435017,0.0010582876376075104,-0.0009305397698640087,170.8659725073155,772.2767028456977
A6_w4,A6,random,random,False,0.002003554589555045,0.002153064905075499,-0.00014951031552045422,322.33509767569086,849.8850080235864
A6_w4,A6,random,random,False,0.0011195742511334015,0.0019545458416482895,-0.000834971590514888,238.71498211393222,215.31315004905397
A6_w4,A6,random,random,False,0.026974641226595434,0.019927438908206627,0.007047202318388807,49.738496846516995,704.1742101878643
A6_w4,A6,random,random,False,0.0006227905234524641,0.0003189647381060008,0.00030382578534646334,525.6401874244095,486.67026474746626
A6_w4,A6,random,random,False,0.0016249469724449839,0.0017362955714782388,-0.0001113485990332549,848.9967354670565,502.2431189663588
A6_w4,A6,random,random,False,0.0003264922669049259,0.0008114384486180648,-0.00048494618171313894,888.7134877680103,189.37360325268847
A6_w4,A6,random,random,False,0.002500357600515385,0.0019547166691569555,0.0005456409313584296,892.6117913621081,401.9751130214875
A6_w4,A6,random,random,False,0.00028837488021666777,0.0006437249866229678,-0.00035535010640630005,175.3955436764204,59.898925401477115
A6_w4,A6,random,random,False,0.0005713248916791238,0.0002566600021130052,0.00031466488956611856,493.65538918717635,809.4347752492923
A6_w4,A6,random,random,False,0.00010779465251266603,0.00041734831388612326,-0.00030955366137345726,785.876867096603,100.55257564586304
A6_w4,A6,random,random,False,0.0006393401269463691,0.0048348548364016445,-0.004195514709455276,119.55601429336897,210.7865633895856
A6_w4,A6,random,random,False,0.0032796203082711044,0.005159551562678626,-0.0018799312544075216,593.2782913794025,812.115672632372
A6_w4,A6,random,random,False,0.0009413741897436554,0.0005046216958729613,0.0004367524938706941,728.71443807021,129.48153725783465
A6_w4,A6,random,random,False,0.00026994151408609037,0.0009990172651564973,-0.0007290757510704069,116.37771466386678,188.97760554022514
A6_w4,A6,random,random,False,0.0,0.0023745881943363486,-0.0023745881943363486,230.06913542922564,201.64680908327284
A6_w4,A6,random,random,False,0.003052530351049245,0.004721440388375657,-0.0016689100373264115,256.0593369511465,502.1810515926522
A6_w4,A6,random,random,False,0.0005144088817479962,0.0009014047126890602,-0.000386995830941064,829.3239089359859,587.7860930616232
A6_w4,A6,random,random,False,0.0004075672917076444,0.00043663850756123733,-2.9071215853592955e-05,481.4111700139536,22.207520110455977
A6_w4,A6,random,random,False,0.00028559423166309346,0.0004556827593147284,-0.00017008852765163494,219.06641118464677,836.6952627492929
A6_w4,A6,random,random,False,0.0029089496218325157,0.004394945578258792,-0.0014859959564262767,504.5137472247689,359.1356142854089
A6_w4,A6,random,random,False,0.0013495687801795041,0.0003440153817826382,0.001005553398396866,515.8659547149479,130.23101449285042
A6_w4,A6,random,random,False,5.02575651019e-06,0.0014569423375942136,-0.0014519165810840235,777.4681124793905,768.450943906802
A6_w4,A6,random,random,False,0.00011824277698709943,0.0003914963140481143,-0.0002732535370610149,419.1605316919229,576.1285964812139
A6_w4,A6,random,random,False,0.00017115225954196216,0.0005319320641002565,-0.0003607798045582943,636.7571950591527,3.1986118249291193
A6_w4,A6,random,random,False,0.0011166665495361318,0.0005104658174861724,0.0006062007320499594,586.9789238461814,306.27635111580935
A6_w4,A6,random,random,False,0.011572033724727796,0.007392745628373571,0.004179288096354225,403.3750253038056,706.6788891913452
A6_w4,A6,random,random,False,0.0005718341105837201,0.0005492038974753558,2.2630213108364335e-05,736.8226957350347,761.0325618293647
A6_w4,A6,random,random,False,8.430242164993583e-07,0.0003222068400788987,-0.00032136381586239936,686.899972110149,206.78364139036472
A6_w4,A6,random,random,False,0.004418221298363096,0.0064678199401660506,-0.0020495986418029542,641.160692890891,213.27535867072342
A6_w4,A6,random,random,False,0.03555451799199039,0.018801466542211365,0.016753051449779028,160.46658626754962,491.8365938223003
A6_w4,A6,random,random,False,0.01650454535205548,0.007766344451638359,0.00873820090041712,18.16308011682536,200.88016569287743
A6_w4,A6,random,random,False,0.010908075361398121,0.009794485857664412,0.0011135895037337092,869.3645508749313,769.5880642500153
A6_w4,A6,random,random,False,0.0012554103186807576,0.0016847808464860363,-0.00042937052780527875,570.1923275899474,555.3279278936246
A6_w4,A6,random,random,False,0.0065054143661756195,0.0015357187730819669,0.004969695593093653,29.129020513722583,309.9587552514339
A6_w4,A6,random,random,False,0.00021159252863812297,0.0013636759846146944,-0.0011520834559765715,394.8969675558767,797.7706817259889
A6_w4,A6,random,random,False,0.00021135349126374277,0.0007009245386853866,-0.0004895710474216438,153.28733204948637,23.825363911964182
A6_w4,A6,random,random,False,0.004976290619459586,0.003020716879995228,0.0019555737394643577,259.047988562946,665.1424383854657
A6_w4,A6,random,random,False,0.00037191085958893213,0.00032791121134470065,4.3999648244231484e-05,587.9076158760798,716.6019030906265
A6_w4,A6,random,random,False,0.0023134257406865672,0.007320053025624785,-0.0050066272849382185,72.34056407053583,585.6565063954481
A6_w4,A6,random,random,False,0.00028009736992435237,0.0083155613166218,-0.00803546394669745,0.4489814890721602,827.9742457629277
A6_w4,A6,random,random,False,2.4731276190749644e-05,0.0006746982817736609,-0.0006499670055829112,287.9708615290466,75.38391156973776
A6_w4,A6,random,random,False,0.0014912295824193176,0.0010271684177143789,0.0004640611647049387,45.95416759778548,24.558765143780278
A6_w4,A6,random,random,False,0.03265381549343271,0.007048138431201852,0.025605677062230856,847.7380051748253,710.0564684217192
A6_w4,A6,random,random,False,0.0006503698234856667,0.00029241528941371426,0.00035795453407195247,760.9234128079834,33.49562557121739
A6_w4,A6,random,random,False,0.001777501180873856,0.0074437067666841055,-0.00566620558581025,265.8950784574239,171.8122221221043
A6_w4,A6,random,random,False,0.0012297403285600238,0.003299059458074904,-0.00206931912951488,548.7973516589358,459.7396587860572
A6_w4,A6,random,random,False,0.0027904488450766324,0.0007332289233921225,0.00205721992168451,196.91576991403167,757.3547551567667
A6_w4,A6,random,random,False,0.0006507009996231102,0.0012502919216346765,-0.0005995909220115663,856.4912279921981,477.8261293614944
A6_w4,A6,random,random,False,0.003450438139856216,0.007518753695741438,-0.004068315555885222,791.0126527324328,738.6751440934238
A6_w4,A6,random,random,False,0.0005129502361041305,0.0017303084729642726,-0.0012173582368601422,360.1015252877443,830.3043383688042
A6_w4,A6,random,random,False,0.00015739246900872204,0.004391042617653738,-0.004233650148645017,734.5310786958206,563.8767031613409
A6_w4,A6,random,random,False,0.00011363783802910842,0.0030937567646748035,-0.002980118926645695,877.9490376885038,17.01407728430507
A6_w4,A6,random,random,False,0.0007829867979641967,0.00046472726425538327,0.00031825953370881346,242.45384836805687,640.6196949671397
A6_w4,A6,random,random,False,0.0002072016617585726,0.00032689430379946295,-0.00011969264204089036,760.931308734644,606.2547124983197
