"archetype","roi_id","model","rep","n_failed","n","n_interior","frac_interior","mean_area","median_area","cv","median_eq_r","median_ecc_T","mean_nsides","var_nsides","var_norm_area","cv_loc","c1","c2_overlap","c2_symdiff","c3_poly","c3_valid","c3_gen_in_own","n_multipart","n_repaired","n_snapped","n_snap_failed","n_isolated","n_fragments","n_reassigned","elapsed_s"
"A1","r1","CSR",1,0,8739,7249,0.829499942785216,90.0246935134911,81.8929351084314,0.535594952156759,5.10561757808214,0.772911762982269,5.93474962063733,1.76491950476841,0.286861952775802,0.522706936895962,1.02079363081421e-15,-1.31244895390398e-15,3.56024564318571e-20,1,1,1,0,0,0,0,0,94,94,46.568
"A1","r1","CSR",2,0,8739,7250,0.829614372353816,89.2383782569042,80.8375713285688,0.531707606939486,5.07261255367368,0.772419062747755,5.93172413793103,1.78054951693694,0.282712979277315,0.521541727213026,1.02079363081421e-15,1.45827661544887e-16,3.56024564318571e-20,1,1,1,0,0,0,0,0,92,92,45.4390000000001
"A1","r1","CSR",3,0,8739,7287,0.833848266392036,89.5547043578198,80.8207718972517,0.534994321918046,5.07208543933364,0.77234775701001,5.92822835185948,1.74958323195478,0.28621892448455,0.523658394681793,1.16662129235909e-15,-8.7496596926932e-16,0,1,1,1,0,0,0,0,0,113,113,45.535
"A1","r1","CSR",4,0,8739,7282,0.833276118549033,89.6866375474524,81.685420862412,0.528767935251463,5.09914473358942,0.768106152658425,5.92914034605877,1.71946661427913,0.279595529350095,0.515334698491784,1.16662129235909e-15,-4.3748298463466e-16,8.5445895436457e-19,1,1,1,0,0,0,0,0,89,89,45.3589999999999
"A1","r1","CSR",5,0,8739,7268,0.831674104588626,90.0876087554348,81.2701813694394,0.524418774383037,5.08616773026409,0.775670268999354,5.93161805173363,1.77418662057405,0.275015050925406,0.514008887967135,1.16662129235909e-15,1.45827661544887e-16,1.42409825727428e-19,1,1,1,0,0,0,0,0,118,118,45.559
"A1","r1","CSR",6,0,8739,7274,0.832360682000229,89.042687117955,80.7737762801623,0.52905435687705,5.07061056698397,0.769091406148012,5.93139950508661,1.75453985329826,0.279898512530589,0.517351510152881,1.16662129235909e-15,-2.91655323089773e-16,0,1,1,1,0,0,0,0,0,107,107,45.5699999999999
"A1","r1","CSR",7,0,8739,7276,0.83258954113743,89.1608862048773,81.0996490274111,0.539121658587917,5.08082867760485,0.772559482357685,5.92344694887301,1.76747215814739,0.290652162758587,0.525539632978514,1.31244895390398e-15,-1.60410427699375e-15,1.70891790872914e-18,1,1,1,0,0,0,0,0,98,98,44.9290000000001
"A1","r1","CSR",8,0,8739,7286,0.833733836823435,89.2249719354356,81.0837813439206,0.529434829589809,5.08033158357586,0.773057516530232,5.92753225363711,1.73750679889093,0.28030123878279,0.517741774388248,1.02079363081421e-15,-1.45827661544887e-15,0,1,1,1,0,0,0,0,0,109,109,45.14
"A1","r1","CSR",9,0,8739,7267,0.831559675020025,89.3648056169503,81.7898226355717,0.528089161364654,5.10240229050212,0.770269648020309,5.93037016650612,1.76145985470026,0.278878162350823,0.516010431857148,1.16662129235909e-15,-1.16662129235909e-15,3.56024564318571e-20,1,1,1,0,0,0,0,0,76,76,45.245
"A1","r1","CSR",10,0,8739,7259,0.830644238471221,89.4794627412235,81.1263817451959,0.537937684327327,5.08166600041916,0.773379793628185,5.92698718831795,1.75658627856276,0.289376952219447,0.524359892110721,1.16662129235909e-15,-7.29138307724433e-16,6.40844215773428e-19,1,1,1,0,0,0,0,0,86,86,45.04
"A1","r1","CSR",11,0,8739,7258,0.83052980890262,89.4653346124871,81.7327246883195,0.535814421512708,5.10062096853991,0.774822915840586,5.93386607880959,1.76991259719286,0.287097094300998,0.521734163846599,1.16662129235909e-15,-1.16662129235909e-15,0,1,1,1,0,0,0,0,0,112,112,45.134
"A1","r1","CSR",12,0,8739,7279,0.832932829843231,89.4191315850557,80.9469305130065,0.532131099684871,5.07604257650803,0.776067003963147,5.92581398543756,1.73261054577305,0.28316350725183,0.520282167743414,1.16662129235909e-15,-7.29138307724433e-16,2.84819651454857e-19,1,1,1,0,0,0,0,1,120,118,44.904
"A1","r1","CSR",13,0,8739,7262,0.830987527177023,89.7028974232601,81.0982073171443,0.550874768590091,5.08078351560007,0.770631528954683,5.93335169374828,1.7487594297995,0.303463010669187,0.537443461708402,1.16662129235909e-15,-4.3748298463466e-16,0,1,1,1,0,0,0,0,0,118,118,44.856
"A1","r1","CSR",14,0,8739,7293,0.834534843803639,89.2540344137959,81.5780487598963,0.535948958274081,5.09579232463984,0.770022326691611,5.93034416563828,1.77298612673399,0.287241285875073,0.520118514187074,1.16662129235909e-15,-8.7496596926932e-16,7.12049128637142e-20,1,1,1,0,0,0,0,0,95,95,44.845
"A1","r1","CSR",15,0,8739,7271,0.832017393294427,89.2242775324528,80.4547747739107,0.541083225519285,5.06058793039169,0.773389800187704,5.93453445193233,1.76160088020905,0.292771056938353,0.525429055587633,1.16662129235909e-15,0,0,1,1,1,0,0,0,0,0,90,90,44.735
"A1","r1","CSR",16,0,8739,7227,0.826982492276004,89.8100002939713,81.3431983018854,0.536646298160297,5.08845204293984,0.774147170155336,5.93067662930677,1.75564198606182,0.28798924932915,0.524006617132366,1.16662129235909e-15,-2.91655323089773e-16,0,1,1,1,0,0,0,0,0,99,99,44.601
"A1","r1","CSR",17,0,8739,7228,0.827096921844605,90.3929409372374,82.3819878485443,0.527655297363701,5.12083988965924,0.771578785561596,5.93220807969009,1.75380959721159,0.278420112835976,0.514342504703491,1.02079363081421e-15,-1.45827661544887e-15,1.51310439835393e-19,1,1,1,0,0,0,0,0,112,112,44.5009999999999
"A1","r1","CSR",18,0,8739,7249,0.829499942785216,89.7031030200516,82.2615328236763,0.521580142990983,5.11709479591775,0.773781770920006,5.93474962063733,1.75084665708629,0.272045845562494,0.511098084865989,1.16662129235909e-15,-1.16662129235909e-15,0,1,1,1,0,0,0,0,0,87,87,43.5440000000001
"A1","r1","CSR",19,0,8739,7268,0.831674104588626,89.4095703041561,80.7062548489522,0.537799540408329,5.06849077158956,0.774359205643713,5.93024215740231,1.72390708322595,0.28922834566341,0.526529055599529,1.16662129235909e-15,-8.7496596926932e-16,1.42409825727428e-19,1,1,1,0,0,0,0,0,87,87,43.293
"A1","r1","CSR",20,0,8739,7267,0.831559675020025,89.3589419261727,81.2891160063502,0.528922763343407,5.08676019328239,0.767557316935975,5.9306453832393,1.72736653910716,0.279759289582826,0.516761418693114,1.16662129235909e-15,-1.16662129235909e-15,8.90061410796427e-21,1,1,1,0,0,0,0,0,103,103,39.471
"A1","r1","RSA",1,0,8739,7233,0.827669069687607,89.8914986487518,82.9614680595541,0.459624654579799,5.13881848829834,0.755443124390476,5.93654085441725,1.50136507911747,0.2112548230976,0.445850563737905,1.16662129235909e-15,-1.02079363081421e-15,0,1,1,1,0,0,0,0,0,102,102,46.72
"A1","r1","RSA",2,0,8739,7257,0.83041537933402,89.7860894825874,82.5630943148835,0.463559945166804,5.12646556160793,0.753894547205962,5.93633732947499,1.47086381563085,0.214887822763051,0.454360925837056,1.16662129235909e-15,-2.91655323089773e-16,0,1,1,1,0,0,0,0,0,100,100,45.413
"A1","r1","RSA",3,0,8739,7213,0.825380478315597,90.1735115637236,82.6041832796932,0.46701784636376,5.12774104046452,0.754220291441144,5.94080133093026,1.55098754413578,0.218105668822244,0.454767441445564,1.16662129235909e-15,-1.16662129235909e-15,7.12049128637142e-20,1,1,1,0,0,0,0,0,81,81,45.39
"A1","r1","RSA",4,0,8740,7240,0.82837528604119,90.0363341967398,83.5177449780413,0.464221546513814,5.15601821633508,0.757460080019686,5.93563535911602,1.48335489395608,0.215501644247677,0.45297441350849,1.16662129235909e-15,-1.60410427699375e-15,1.13927860581943e-18,1,1,1,0,0,0,0,0,90,90,45.506
"A1","r1","RSA",5,0,8739,7278,0.832818400274631,89.4579271738648,82.194332290356,0.472897016640694,5.11500425728297,0.757538852014261,5.92923880186865,1.51718537624878,0.223631588347669,0.458024040488443,1.16662129235909e-15,-1.16662129235909e-15,1.13927860581943e-18,1,1,1,0,0,0,0,0,75,75,45.679
"A1","r1","RSA",6,0,8740,7236,0.8279176201373,89.7675623478232,81.9412345050102,0.47602832855933,5.10712296974129,0.75492155163926,5.93587617468214,1.51212806427816,0.226602969590989,0.46435243281702,1.16662129235909e-15,-5.83310646179547e-16,1.28168843154686e-18,1,1,1,0,0,1,0,0,87,87,45.0649999999999
"A1","r1","RSA",7,0,8740,7243,0.828718535469108,90.5495489470193,83.0853516427246,0.475107021018723,5.14265386983568,0.75795227206684,5.93469556813475,1.56284327585304,0.225726681421285,0.466200073684058,1.02079363081421e-15,-4.3748298463466e-16,3.20422107886714e-19,1,1,1,0,0,0,0,0,89,89,45.24
"A1","r1","RSA",8,0,8739,7232,0.827554640119007,90.3817248531736,82.2576317169844,0.481481482524068,5.11697343306369,0.756229981543352,5.93929756637168,1.55446710436138,0.231824418013574,0.467203419020992,1.02079363081421e-15,1.45827661544887e-16,0,1,1,1,0,0,0,0,0,82,82,45.173
"A1","r1","RSA",9,0,8739,7261,0.830873097608422,89.7854834095967,81.520934430521,0.474025515642024,5.09400818218575,0.759653443773972,5.93127668365239,1.50670896214085,0.224700189479687,0.459560358849468,1.16662129235909e-15,0,1.42409825727428e-19,1,1,1,0,0,0,0,0,102,102,45.356
"A1","r1","RSA",10,0,8737,7224,0.826828430811491,90.2526331735218,82.6427380723844,0.470023762713996,5.12893753915163,0.756601667162373,5.93853820598007,1.53242571832412,0.220922337515822,0.456993312340839,1.16662129235909e-15,-1.02079363081421e-15,2.84819651454857e-19,1,1,1,0,0,1,0,0,102,102,45.35
"A1","r1","RSA",11,0,8738,7309,0.836461432822156,89.385715699224,82.5916406646101,0.474629545398797,5.1273517277133,0.757549911429804,5.9310439184567,1.56913603378519,0.225273205365469,0.463730858720635,1.16662129235909e-15,4.3748298463466e-16,5.69639302909713e-19,1,1,1,0,0,0,0,0,100,100,45.096
"A1","r1","RSA",12,0,8738,7283,0.8334859235523,89.4981660069376,81.646049583924,0.470208544669819,5.09791572609973,0.749956722286128,5.94013455993409,1.5124826514874,0.221096075480509,0.460536640522632,1.02079363081421e-15,-1.16662129235909e-15,7.12049128637142e-20,1,1,1,0,0,0,0,0,94,94,45.0759999999999
"A1","r1","RSA",13,0,8740,7256,0.830205949656751,89.5656849549509,82.9993879948827,0.463026135251872,5.13999275611835,0.75896324907644,5.94060088202867,1.550847550676,0.214393201926285,0.452312330945122,1.16662129235909e-15,-1.74993193853864e-15,7.83254041500856e-19,1,1,1,0,0,1,0,0,92,92,44.958
"A1","r1","RSA",14,0,8740,7216,0.825629290617849,90.1926473087384,83.1396164845823,0.463424138065996,5.14433298411289,0.754263697355627,5.93694567627494,1.5648385700215,0.214761931742211,0.448627073467212,1.16662129235909e-15,1.45827661544887e-16,0,1,1,1,0,0,0,0,0,104,104,45.0300000000001
"A1","r1","RSA",15,0,8739,7256,0.830300949765419,89.9775992041171,82.4949470718905,0.471679318382713,5.12434944278587,0.759917040504227,5.9393605292172,1.56985784050387,0.222481379389981,0.456168194325769,1.16662129235909e-15,-1.02079363081421e-15,0,1,1,1,0,0,0,0,1,97,95,44.3200000000001
"A1","r1","RSA",16,0,8739,7235,0.827897928824808,89.9746627629023,82.7795138282793,0.45882636313954,5.133180069414,0.757994261158916,5.93697304768487,1.52408898392926,0.210521631511857,0.45060297764447,1.31244895390398e-15,-1.02079363081421e-15,0,1,1,1,0,0,0,0,0,98,98,44.463
"A1","r1","RSA",17,0,8739,7260,0.830758668039821,89.5274848688668,82.4463184885566,0.46736903185721,5.12283888623781,0.757821427482375,5.93774104683196,1.56906722043918,0.218433811939145,0.454441861265301,1.16662129235909e-15,-5.83310646179547e-16,0,1,1,1,0,0,0,0,0,70,70,43.64
"A1","r1","RSA",18,0,8738,7212,0.825360494392309,90.1610972702365,82.8768064493021,0.480967669044546,5.13619572761481,0.756652648632932,5.93621741541875,1.54717237707567,0.231329898666144,0.467861185315737,1.02079363081421e-15,-8.7496596926932e-16,1.42409825727428e-19,1,1,1,0,0,0,0,0,83,83,43.5809999999999
"A1","r1","RSA",19,0,8738,7218,0.826047150377661,90.2629942097347,82.0705109618,0.483559797533542,5.11115005261821,0.757571900342125,5.94139650872818,1.51783438037855,0.23383007779068,0.470127699135338,1.16662129235909e-15,-1.16662129235909e-15,2.49217195023e-19,1,1,1,0,0,0,0,0,85,85,40.5029999999999
"A1","r1","RSA",20,0,8739,7241,0.828584506236411,90.0366230294299,82.2467709121363,0.480378741692631,5.11663564151547,0.755418014999706,5.94130644938544,1.47514575151779,0.230763735470196,0.466146565196416,1.31244895390398e-15,-8.7496596926932e-16,0,1,1,1,0,0,0,0,0,92,92,39.494
"A1","r1","RSArule",1,0,8739,7233,0.827669069687607,90.5879582408175,84.0560885278688,0.417632809913695,5.17260901019597,0.743176386380161,5.94055025577216,1.42373293832716,0.174417163916409,0.408678560772315,1.16662129235909e-15,-1.16662129235909e-15,7.12049128637142e-20,1,1,1,0,0,1,0,0,77,77,46.75
"A1","r1","RSArule",2,0,8738,7239,0.828450446326391,90.6119345618774,84.7053063472658,0.4132888849008,5.19254623692089,0.735443255715979,5.94584887415389,1.36926951625702,0.170807702382547,0.403404645763243,1.16662129235909e-15,-5.83310646179547e-16,0,1,1,1,0,0,0,0,0,67,67,45.3670000000001
"A1","r1","RSArule",3,0,8739,7267,0.831559675020025,90.2860433693346,83.7362740104168,0.415046559407101,5.16275932517781,0.741830237654869,5.93807623503509,1.3790440828194,0.172263646475673,0.404251269647636,1.31244895390398e-15,1.45827661544887e-16,0,1,1,1,0,0,0,0,0,106,106,45.625
"A1","r1","RSArule",4,0,8739,7265,0.831330815882824,90.288993491909,83.7544733454831,0.41659349635317,5.1633203346281,0.738791620701175,5.94466620784584,1.40938268385931,0.173550141203759,0.40532973447275,1.16662129235909e-15,-1.45827661544887e-15,5.69639302909713e-19,1,1,1,0,0,0,0,0,82,82,45.453
"A1","r1","RSArule",5,0,8740,7226,0.826773455377574,90.9605402396189,84.3484775630833,0.417513046682549,5.18159765494715,0.734549618767204,5.94409078328259,1.35632009362577,0.174317144150144,0.407337436809761,1.16662129235909e-15,-1.02079363081421e-15,7.12049128637142e-20,1,1,1,0,0,0,0,0,99,99,45.544
"A1","r1","RSArule",6,0,8739,7221,0.826295914864401,90.5370128177831,84.7278215642632,0.408281183994203,5.19323629721594,0.738952278140659,5.94349813045285,1.36605917413085,0.166693525203709,0.397120881575946,1.16662129235909e-15,-1.74993193853864e-15,7.12049128637142e-20,1,1,1,0,0,0,0,0,65,65,45.1949999999999
"A1","r1","RSArule",7,0,8739,7246,0.829156654079414,91.0544138183309,84.8567663440921,0.416633641090136,5.19718651134558,0.737925957255397,5.94852332321281,1.40866793644698,0.173583590888024,0.407021122336391,1.16662129235909e-15,-1.31244895390398e-15,1.60211053943357e-19,1,1,1,0,0,0,0,1,94,93,45.2339999999999
"A1","r1","RSArule",8,0,8739,7239,0.82835564709921,90.9036636268289,84.9155683736271,0.413697492668885,5.19898691133582,0.740515411751394,5.9428097803564,1.36865477328924,0.171145615440522,0.406076786385767,1.16662129235909e-15,-1.45827661544887e-15,7.12049128637142e-20,1,1,1,0,0,0,0,0,74,74,45.433
"A1","r1","RSArule",9,0,8739,7220,0.8261814852958,90.8777247254355,84.7945441049634,0.418270827338728,5.1952807116099,0.740401422739885,5.9409972299169,1.37953522924846,0.174950485002624,0.407111089535077,1.16662129235909e-15,-8.7496596926932e-16,0,1,1,1,0,0,0,0,0,97,97,45.192
"A1","r1","RSArule",10,0,8738,7227,0.827077134355688,90.4573071940747,83.8893837740603,0.418457473833181,5.16747716019621,0.739685443521348,5.94589732945897,1.3376481948268,0.175106657406847,0.407098260174666,1.16662129235909e-15,-5.83310646179547e-16,7.12049128637142e-19,1,1,1,0,0,0,0,0,82,82,44.746
"A1","r1","RSArule",11,0,8738,7215,0.825703822384985,90.6036637715665,84.1546779778569,0.40411622755584,5.17564159974058,0.740064413248568,5.94663894663895,1.37544441287164,0.163309925373963,0.394824777199598,1.31244895390398e-15,-1.31244895390398e-15,7.12049128637142e-20,1,1,1,0,0,0,0,0,70,70,44.7670000000001
"A1","r1","RSArule",12,0,8740,7212,0.825171624713959,90.5590983136706,83.9275389733738,0.413810093632933,5.16865218000368,0.742918530971509,5.94925124792013,1.42025044470098,0.171238793592496,0.403344189566433,1.16662129235909e-15,2.91655323089773e-16,0,1,1,1,0,0,0,0,0,80,80,44.855
"A1","r1","RSArule",13,0,8740,7240,0.82837528604119,90.3033359295865,84.1936825569704,0.418342472069805,5.1768408799036,0.738046784389456,5.93604972375691,1.34816839647734,0.175010423937476,0.406079451940201,1.16662129235909e-15,-4.3748298463466e-16,0,1,1,1,0,0,0,0,0,84,84,44.85
"A1","r1","RSArule",14,0,8738,7231,0.827534905012589,90.1371493996078,83.3310111415057,0.418987138572977,5.15025093291898,0.736688273884085,5.94094869312682,1.34409199058992,0.175550222289571,0.409741800531605,1.16662129235909e-15,-5.83310646179547e-16,7.12049128637142e-20,1,1,1,0,0,0,0,0,79,79,44.4920000000001
"A1","r1","RSArule",15,0,8739,7217,0.825838196589999,90.9998490736762,84.087927611032,0.41975289981852,5.17358856764803,0.736457094642886,5.94221975890259,1.37540266622261,0.176192496906056,0.407570720185025,1.16662129235909e-15,-5.83310646179547e-16,1.70891790872914e-18,1,1,1,0,0,0,0,0,83,83,44.3539999999999
"A1","r1","RSArule",16,0,8738,7233,0.827763790341039,90.5971762667385,84.4999532788549,0.408167418566453,5.18624821144611,0.738887434874214,5.94359187059311,1.34582210774364,0.166600641579202,0.39853262155092,1.16662129235909e-15,-2.91655323089773e-16,5.69639302909713e-19,1,1,1,0,0,0,0,0,89,89,44.376
"A1","r1","RSArule",17,0,8738,7226,0.826962691691463,91.0691959083651,84.8389646701186,0.41129936038577,5.19664133700047,0.741649971748367,5.94353722668143,1.37729594304305,0.169167163853743,0.399534591694052,1.16662129235909e-15,-8.7496596926932e-16,1.42409825727428e-18,1,1,1,0,0,0,0,0,62,62,43.8729999999999
"A1","r1","RSArule",18,0,8739,7252,0.829843231491017,90.2786058379264,84.2265404458229,0.408096154234069,5.17785095188953,0.738543716116858,5.94525648097077,1.42149590717768,0.166542471100637,0.398233173901638,1.02079363081421e-15,-7.29138307724433e-16,6.40844215773428e-19,1,1,1,0,0,0,0,0,90,90,43.4039999999999
"A1","r1","RSArule",19,0,8739,7223,0.826524774001602,90.8177328414074,84.9254465327926,0.398885019812078,5.19928929950631,0.737125257264745,5.94171396926485,1.35093624772369,0.159109259030482,0.387938458630078,1.16662129235909e-15,-1.60410427699375e-15,5.69639302909713e-19,1,1,1,0,0,0,0,0,54,54,39.641
"A1","r1","RSArule",20,0,8738,7242,0.828793774319066,90.5432930582989,83.5310359992458,0.422378459610265,5.1564284692398,0.745194675562384,5.95153272576636,1.38516613544317,0.17840356314274,0.406841825333631,1.16662129235909e-15,0.00014873861370811,0.000148738613709076,1,1,1,0,0,0,0,0,80,80,39.331
"A1","r2","CSR",1,0,7004,5621,0.802541404911479,94.6075591147968,84.9202876538462,0.550501351732783,5.19913137916234,0.772216915066274,5.90624444049102,1.66469587546953,0.303051738259622,0.534403399309728,1.19415876873993e-15,-3.41188219639979e-16,0,1,1,1,0,0,0,0,0,98,98,40.96
"A1","r2","CSR",2,0,7004,5568,0.794974300399772,95.9313523244783,85.9384507433705,0.54370405748117,5.23020631094764,0.775726921737655,5.91918103448276,1.76390002973186,0.295614102121487,0.52878510446422,1.02356465891994e-15,-5.11782329459968e-16,2.60305953704818e-21,1,1,1,0,0,0,0,0,105,105,42.075
"A1","r2","CSR",3,0,7004,5590,0.798115362649914,93.9660277601165,86.099405847728,0.524297379884688,5.23510189800737,0.77293917885069,5.91144901610018,1.76474633440143,0.274887742553949,0.513581485080176,1.19415876873993e-15,-3.41188219639979e-16,1.33797260204276e-18,1,1,1,0,0,0,0,1,129,127,42.22
"A1","r2","CSR",4,0,7004,5612,0.801256424900057,94.592660026142,84.9127396473191,0.546492131394722,5.19890031450387,0.775987217388016,5.91767640769779,1.76973204426241,0.298653649676346,0.529753175800962,8.52970549099947e-16,-1.36475287855992e-15,3.74840573334938e-19,1,1,1,0,0,0,0,1,118,117,42.1080000000001
"A1","r2","CSR",5,0,7004,5569,0.795117075956596,95.0408442858742,86.4971082384845,0.540402945651846,5.24717873515083,0.773825417634812,5.91291075597055,1.77204772209873,0.292035343669192,0.524068429329224,1.02356465891994e-15,-6.82376439279958e-16,0,1,1,1,0,0,0,0,0,94,94,42.1370000000001
"A1","r2","CSR",6,0,7004,5560,0.793832095945174,95.8077844075422,86.8396807425985,0.542951798200788,5.25755921342165,0.773458334930551,5.92230215827338,1.71981193242923,0.294796655169469,0.529007474879696,1.19415876873993e-15,-1.02356465891994e-15,0,1,1,1,0,0,0,0,0,108,108,42.319
"A1","r2","CSR",7,0,7004,5601,0.799685893774986,94.5442741198541,86.0836271214575,0.530817996530861,5.23462219757253,0.774464192600338,5.92465631137297,1.73253660060703,0.281767745441037,0.518673155024199,1.02356465891994e-15,-1.19415876873993e-15,0,1,1,1,0,0,0,0,0,114,114,42.3159999999999
"A1","r2","CSR",8,0,7004,5594,0.798686464877213,95.2918651693546,86.2114717297575,0.539199489690262,5.23850777796099,0.77386598765248,5.91544511977118,1.75737628136095,0.290736089682239,0.527175315254457,1.02356465891994e-15,-8.52970549099947e-16,3.15620968867092e-20,1,1,1,0,0,0,0,0,124,124,42.553
"A1","r2","CSR",9,0,7004,5595,0.798829240434038,95.0247473022549,85.5064814128452,0.542699290313554,5.21704498413606,0.77285509722355,5.91134941912422,1.74902204359771,0.294522519706835,0.530068141892342,1.02356465891994e-15,-1.19415876873993e-15,1.66595810371083e-19,1,1,1,0,0,0,0,0,103,103,42.194
"A1","r2","CSR",10,0,7004,5581,0.796830382638492,95.3410754229267,86.2969156746149,0.530120306509114,5.24110307152977,0.772147274881357,5.91291883175058,1.70997823516681,0.281027539373317,0.514533716105804,1.02356465891994e-15,-1.19415876873993e-15,5.20611907409636e-21,0.999857224443175,1,1,1,0,0,0,2,97,95,42.602
"A1","r2","CSR",11,0,7004,5559,0.793689320388349,94.3316837712167,85.5062620696017,0.531270942110246,5.21703829268832,0.770397022056796,5.91473286562331,1.76854684748209,0.282248813930708,0.517458266107692,1.02356465891994e-15,-6.82376439279958e-16,0,1,1,1,0,0,0,0,0,97,97,42.626
"A1","r2","CSR",12,0,7004,5605,0.800256996002284,94.7706731672587,86.1956078402389,0.532788985074811,5.23802578469877,0.772532279145303,5.92185548617306,1.70802510759168,0.283864102617047,0.5170927456747,1.02356465891994e-15,-8.52970549099947e-16,0,1,1,1,0,0,0,0,0,110,110,42.403
"A1","r2","CSR",13,0,7004,5544,0.791547687035979,95.1189405335705,86.050163235301,0.541278072461225,5.23360465035533,0.769853213647579,5.90638528138528,1.75039039528035,0.292981951727339,0.526730047375751,1.02356465891994e-15,-6.82376439279958e-16,5.20611907409636e-20,1,1,1,0,0,0,0,0,134,134,42.653
"A1","r2","CSR",14,0,7004,5569,0.795117075956596,94.5281114129847,86.1405209862369,0.536976715383426,5.23635172910887,0.772141152552877,5.90249595977734,1.73528292136478,0.288343992863973,0.522402812981987,1.19415876873993e-15,-8.52970549099947e-16,2.35292178465996e-20,1,1,1,0,0,0,0,0,156,156,42.884
"A1","r2","CSR",15,0,7004,5611,0.801113649343232,94.7285921076478,85.6521694173271,0.540610044534033,5.2214875561112,0.773094127458962,5.90554268401354,1.72369654590502,0.292259220251089,0.526101429057368,1.02356465891994e-15,-1.53534698837991e-15,1.30152976852409e-20,1,1,1,0,0,1,0,0,94,94,42.6460000000001
"A1","r2","CSR",16,0,7004,5593,0.798543689320388,95.0902358078108,87.1743208818373,0.526856396606268,5.26767958004726,0.77401769327314,5.91560879671017,1.75646769528741,0.277577662644941,0.511972330973026,1.02356465891994e-15,-6.82376439279958e-16,3.37096210047739e-19,1,1,1,0,0,0,0,1,124,123,42.619
"A1","r2","CSR",17,0,7004,5537,0.790548258138207,95.3591375692209,86.8154569652729,0.534226550520315,5.2568258698201,0.776488773919588,5.90626693155138,1.71429778494855,0.285398007280835,0.518569347668428,1.02356465891994e-15,-1.02356465891994e-15,1.33276648296867e-18,1,1,1,0,0,0,0,0,137,137,42.614
"A1","r2","CSR",18,0,7004,5595,0.798829240434038,94.8742001804762,86.5769196507804,0.536378332546521,5.24959897898717,0.771755921214359,5.90688114387846,1.73194227314277,0.287701715625386,0.522988298309757,1.02356465891994e-15,-1.19415876873993e-15,0,1,1,1,0,0,0,0,0,129,129,42.472
"A1","r2","CSR",19,0,7004,5598,0.799257567104512,95.2617572556632,86.3862573149884,0.530167447685661,5.24381530110801,0.767170831566239,5.91747052518757,1.75020035423203,0.281077522585529,0.516449196345605,1.02356465891994e-15,-5.11782329459968e-16,3.12367144445781e-20,1,1,1,0,0,0,0,0,119,119,42.636
"A1","r2","CSR",20,0,7004,5551,0.792547115933752,95.2231267714611,86.8444081048742,0.535727454632376,5.25770231751106,0.77479964174742,5.91929382093317,1.75348533905911,0.287003905646884,0.523609146243611,1.02356465891994e-15,-1.53534698837991e-15,7.44475027595779e-19,1,1,1,0,0,0,0,0,112,112,42.576
"A1","r2","RSA",1,0,7004,5556,0.793260993717876,95.8623963115268,87.7464176634148,0.484636154358389,5.28493629660426,0.753405372614906,5.91828653707703,1.54435681149108,0.234872202111289,0.469102658113062,1.02356465891994e-15,0,9.37101433337345e-20,1,1,1,0,0,0,0,1,108,107,42.494
"A1","r2","RSA",2,0,7004,5573,0.795688178183895,95.5921271070681,87.0573825761442,0.474067448097473,5.26414528098068,0.76038816054698,5.93109635743765,1.57601238357072,0.22473994534565,0.463850295563058,1.02356465891994e-15,9.22964547925177e-05,9.22964547933375e-05,1,1,1,0,0,0,0,0,105,105,42.466
"A1","r2","RSA",3,0,7004,5582,0.796973158195317,95.5250596796039,87.241274706856,0.488115841612969,5.26970209997239,0.760837012447494,5.91418846291652,1.58643545488927,0.238257074833537,0.47173733586591,1.02356465891994e-15,-8.52970549099947e-16,0,1,1,1,0,0,0,0,0,122,122,43.785
"A1","r2","RSA",4,0,7003,5588,0.79794373839783,95.1990453165161,88.0256014461207,0.468059176262003,5.29333721367666,0.755792052084975,5.92394416607015,1.52473174701625,0.219079392483065,0.457027272220611,1.19415876873993e-15,-6.82376439279958e-16,1.33585761616891e-18,1,1,1,0,0,0,0,0,98,98,42.135
"A1","r2","RSA",5,0,7004,5552,0.792689891490577,96.1038474938427,87.4122702932072,0.47528872328274,5.27486379869931,0.759707644911091,5.92273054755043,1.53447151952786,0.225899370479737,0.462772905554559,1.02356465891994e-15,-1.02356465891994e-15,6.66383241484334e-19,1,1,1,0,0,0,0,0,110,110,42.6849999999999
"A1","r2","RSA",6,0,7004,5556,0.793260993717876,95.3968325380488,87.6155756557195,0.479680396135406,5.28099459000351,0.754072754012274,5.92170626349892,1.51808140857282,0.23009328243662,0.465503373378,1.02356465891994e-15,-6.82376439279958e-16,0,1,1,1,0,0,0,0,0,92,92,43.29
"A1","r2","RSA",7,0,7004,5563,0.794260422615648,95.5634418745318,88.5304340641748,0.47226919575571,5.30849436194191,0.758314741754639,5.92468092755707,1.61155003751284,0.223038193259745,0.461338002564357,1.19415876873993e-15,-1.36475287855992e-15,0,1,1,1,0,0,0,0,0,103,103,43.67
"A1","r2","RSA",8,0,7003,5541,0.791232329001856,95.8262565349957,87.4339278821603,0.486590737746169,5.27551738057721,0.757863272049817,5.92708897310955,1.53439421392351,0.236770546060361,0.474262803515025,1.02356465891994e-15,-6.82376439279958e-16,0,1,1,1,0,0,0,0,0,81,81,43.544
"A1","r2","RSA",9,0,7003,5568,0.795087819505926,95.998591017961,86.8222656257287,0.489611864950401,5.25703200366926,0.758009853932161,5.92582614942529,1.54596123580252,0.23971977830021,0.476691969469916,1.02356465891994e-15,-8.52970549099947e-16,2.60305953704818e-20,1,1,1,0,0,0,0,0,94,94,43.703
"A1","r2","RSA",10,0,7003,5565,0.79465943167214,96.1003904208153,88.4690903359642,0.473757476477118,5.30665488567179,0.76002607722053,5.91895777178796,1.52775879853997,0.224446146517967,0.461872295172835,1.19415876873993e-15,-1.36475287855992e-15,0,1,1,1,0,0,0,0,0,101,101,42.89
"A1","r2","RSA",11,0,7003,5559,0.793802656004569,95.9771208945651,87.7012811759678,0.471531439379584,5.28357689726334,0.754137230978191,5.92318762367332,1.56282855619081,0.222341898323383,0.458807947446539,8.52970549099947e-16,-6.82376439279958e-16,1.66595810371083e-19,1,1,1,0,0,0,0,1,96,95,43.9540000000001
"A1","r2","RSA",12,0,7004,5581,0.796830382638492,95.5011877889459,87.5262812229657,0.490330672050289,5.2783028156949,0.757131119914731,5.91506898405304,1.53543775957727,0.240424167953288,0.473609041415029,1.02356465891994e-15,-6.82376439279958e-16,9.99574862226501e-19,1,1,1,0,0,0,0,0,112,112,43.4589999999999
"A1","r2","RSA",13,0,7004,5590,0.798115362649914,95.4680823799272,88.179607110754,0.46640384253463,5.29796571028883,0.756799434733484,5.92200357781753,1.50509814992457,0.217532544331068,0.456913715212313,1.02356465891994e-15,-6.82376439279958e-16,1.19740738704216e-19,1,1,1,0,0,0,0,0,117,117,44.913
"A1","r2","RSA",14,0,7004,5579,0.796544831524843,94.8549462697465,87.1179714125461,0.481373691045936,5.26597679114619,0.755740649205399,5.9232837426062,1.54556569412611,0.231720630431188,0.467888353144945,1.02356465891994e-15,-1.19415876873993e-15,0,1,1,1,0,0,0,0,0,84,84,43.279
"A1","r2","RSA",15,0,7003,5573,0.795801799228902,96.0257125534882,88.3662753993317,0.474719431374688,5.3035704072678,0.755977914481989,5.92158621927149,1.54787027599096,0.225358538524708,0.462511391297262,1.02356465891994e-15,-6.82376439279958e-16,8.67957664384502e-20,1,1,1,0,0,0,0,0,106,106,43.318
"A1","r2","RSA",16,0,7003,5587,0.797800942453234,95.5388637428965,87.4966727981613,0.470951998472827,5.27740996700494,0.75984597392172,5.92196169679613,1.55853478335179,0.221795784865549,0.4597874848269,1.02356465891994e-15,-5.11782329459968e-16,0,1,1,1,0,0,0,0,2,100,98,43.341
"A1","r2","RSA",17,0,7006,5594,0.798458464173565,95.1423188428424,87.170733279333,0.473341861331375,5.26757116006918,0.757142752341781,5.92831605291384,1.5616403964274,0.22405251768865,0.462006289254052,8.52970549099947e-16,-6.82376439279958e-16,6.50764884262045e-21,1,1,1,0,0,0,0,1,126,125,44.296
"A1","r2","RSA",18,0,7004,5523,0.788549400342661,96.0134081947908,88.2891931533909,0.482485756183585,5.30125674004896,0.754613410402474,5.93445591164222,1.52956773633004,0.232792504920046,0.467931831993139,1.02356465891994e-15,-1.87653520801988e-15,0,1,1,1,0,0,0,0,0,108,108,43.813
"A1","r2","RSA",19,0,7004,5580,0.796687607081668,95.8067080159408,87.8263997740163,0.477774503406946,5.28734444627532,0.755782526669885,5.91523297491039,1.55492116815426,0.228268476105754,0.466034703464872,1.02356465891994e-15,-5.11782329459968e-16,5.20611907409636e-21,1,1,1,0,0,0,0,2,76,74,43.341
"A1","r2","RSA",20,0,7004,5545,0.791690462592804,95.6623196054626,87.7809603534881,0.474159489965724,5.28597649438802,0.754638680721437,5.92714156898106,1.49865894550295,0.224827221924556,0.46064904770449,1.02356465891994e-15,-8.52970549099947e-16,2.08244762963854e-20,1,1,1,0,0,0,0,0,94,94,43.7089999999999
"A1","r2","RSArule",1,0,7004,5548,0.792118789263278,96.2871148265706,90.0266699833079,0.41320957891529,5.3531653320478,0.743517022940198,5.92609949531363,1.34409605067218,0.170742156107351,0.402270598410265,1.36475287855992e-15,-8.52970549099947e-16,0,1,1,1,0,0,0,0,1,93,92,42.725
"A1","r2","RSArule",2,0,7004,5544,0.791547687035979,96.5619775516373,90.2693524154718,0.407332844890498,5.36037566702887,0.738444794536803,5.92676767676768,1.40253791751176,0.165920046526587,0.398283915116147,1.02356465891994e-15,-5.11782329459968e-16,1.95229465278613e-21,1,1,1,0,0,0,0,0,84,84,41.8729999999999
"A1","r2","RSArule",3,0,7005,5534,0.790007137758744,97.0068907016047,90.712209347709,0.415097762295499,5.37350844008781,0.737470627812067,5.9410914347669,1.35058662709814,0.17230615226273,0.405710558184489,1.19415876873993e-15,-8.52970549099947e-16,1.45771334074698e-19,1,1,1,0,0,0,0,0,93,93,42.105
"A1","r2","RSArule",4,0,7004,5575,0.795973729297544,96.4154967867566,89.269311252624,0.411647842734357,5.33060074518137,0.743292268483413,5.93381165919283,1.40663374636565,0.16945394642785,0.399211279437165,1.02356465891994e-15,-1.19415876873993e-15,0,1,1,1,0,0,0,0,1,99,98,42.2190000000001
"A1","r2","RSArule",5,0,7005,5564,0.794289793004996,96.542090253815,90.1453343856102,0.413878472436781,5.35669217560233,0.741397118980342,5.92235801581596,1.34683779666232,0.171295389946604,0.400895067007467,1.02356465891994e-15,-1.19415876873993e-15,0,1,1,1,0,0,0,0,0,85,85,42.2810000000001
"A1","r2","RSArule",6,0,7004,5572,0.79554540262707,96.2942933195469,88.9352534902446,0.42144766052173,5.3206174839941,0.74096320429709,5.93090452261307,1.39120413591923,0.17761813055924,0.41033500512341,8.52970549099947e-16,-1.36475287855992e-15,5.22676783676112e-21,1,1,1,0,0,0,0,0,105,105,42.551
"A1","r2","RSArule",7,0,7004,5584,0.797258709308966,95.6278075283589,88.4025333381246,0.420059957484812,5.30465834701099,0.742095757253301,5.9253223495702,1.35587666483446,0.176450367882142,0.40664687735393,1.19415876873993e-15,-1.19415876873993e-15,0,1,1,1,0,0,0,0,0,106,106,42.779
"A1","r2","RSArule",8,0,7004,5551,0.792547115933752,96.4921499268551,89.1052148038431,0.413762140973924,5.32569908862616,0.73797134091653,5.92469825256711,1.37450880532848,0.171199109303325,0.403520615968428,1.02356465891994e-15,-8.52970549099947e-16,7.04452987213663e-20,1,1,1,0,0,0,0,0,108,108,42.203
"A1","r2","RSArule",9,0,7003,5531,0.789804369555905,96.7549680495253,90.0382092770292,0.403903752151623,5.3535083961047,0.740519923681357,5.92966913758814,1.36485376031135,0.16313824100216,0.394590744617215,1.19415876873993e-15,-5.11782329459968e-16,6.66383241484334e-19,1,1,1,0,0,0,0,0,107,107,42.437
"A1","r2","RSArule",10,0,7004,5546,0.791833238149629,96.748314079672,89.7919110428169,0.416334088786533,5.34618114032282,0.739930396553037,5.93112152902993,1.4502594092136,0.173334073485713,0.40581386185668,1.02356465891994e-15,0.00013183238277874,0.000131832382780149,1,1,1,0,0,0,0,0,100,100,42.549
"A1","r2","RSArule",11,0,7004,5562,0.794117647058823,96.3381562567272,89.0002774900251,0.417209227419905,5.32256218246176,0.740009010374593,5.93527508090615,1.35311976787021,0.174063539444314,0.405148967830846,1.19415876873993e-15,-1.19415876873993e-15,3.33191620742167e-19,1,1,1,0,0,0,0,0,102,102,42.712
"A1","r2","RSArule",12,0,7004,5568,0.794974300399772,96.3642562971373,89.9477992711798,0.407657720779632,5.35081991358083,0.738690930601749,5.93013649425287,1.36803001549567,0.166184817311244,0.397779247552499,1.02356465891994e-15,-5.11782329459968e-16,6.66383241484334e-19,1,1,1,0,0,0,0,0,85,85,42.504
"A1","r2","RSArule",13,0,7003,5538,0.790803941168071,96.5366423749986,89.9048844174222,0.409930504648648,5.34954329322618,0.735049058912152,5.93048031780426,1.36070704756269,0.168043018641495,0.399605283733078,1.02356465891994e-15,-6.82376439279958e-16,0,1,1,1,0,0,0,0,1,101,100,42.433
"A1","r2","RSArule",14,0,7004,5532,0.789834380354083,96.8268452123081,90.6880435635422,0.406009513580455,5.37279264669993,0.739271637685334,5.93420101229212,1.33611447631067,0.164843725117838,0.396509398936152,1.19415876873993e-15,-5.11782329459968e-16,8.32979051855417e-19,1,1,1,0,0,0,0,1,92,91,42.741
"A1","r2","RSArule",15,0,7004,5558,0.793546544831525,96.2892930661309,88.9134360865512,0.411935246355791,5.3199648218044,0.742468661206219,5.93594818279957,1.35706272324575,0.169690647190206,0.402335748595594,1.19415876873993e-15,-6.82376439279958e-16,4.16489525927709e-20,1,1,1,0,0,0,0,0,118,118,42.576
"A1","r2","RSArule",16,0,7005,5518,0.787723054960742,96.6577112046339,90.0503954186082,0.41899987251749,5.35387065846822,0.744065738444421,5.93330916998913,1.37347431113939,0.175560893169673,0.405520073591774,1.02356465891994e-15,-1.36475287855992e-15,5.20611907409636e-21,1,1,1,0,0,0,0,0,109,109,42.789
"A1","r2","RSArule",17,0,7005,5542,0.791149179157745,96.4408643394815,90.2627392217861,0.412861112441188,5.36017931010535,0.738235351487637,5.92638036809816,1.39107799858943,0.170454298166175,0.401565368010638,1.02356465891994e-15,-1.53534698837991e-15,0,1,1,1,0,0,0,0,0,115,115,42.7809999999999
"A1","r2","RSArule",18,0,7004,5548,0.792118789263278,96.800952124515,90.1982660475943,0.42128558334875,5.358264625748,0.740738186182313,5.93060562364816,1.4184754218685,0.177481542737497,0.410770296488311,1.02356465891994e-15,-1.19415876873993e-15,0,1,1,1,0,0,0,0,0,87,87,42.415
"A1","r2","RSArule",19,0,7004,5552,0.792689891490577,96.3412498666608,89.8871387822283,0.412109380471768,5.34901532121792,0.735561538735473,5.92705331412104,1.34560558317763,0.169834141472825,0.401692267829547,1.02356465891994e-15,-8.52970549099947e-16,1.66595810371083e-19,1,1,1,0,0,0,0,0,80,80,42.818
"A1","r2","RSArule",20,0,7003,5571,0.795516207339712,96.227244111013,89.1608034128724,0.411399765476787,5.32736005789047,0.741669714237614,5.92819960509783,1.36970912783467,0.169249767034356,0.399778154866303,1.19415876873993e-15,-1.70594109819989e-15,0,1,1,1,0,0,0,0,0,91,91,42.7090000000001
"A1","r3","CSR",1,0,8506,7075,0.83176581236774,93.1732272161243,84.8938168292056,0.530900448916556,5.19832099553423,0.773926847295436,5.92720848056537,1.793824196705,0.281855286659801,0.520013546833683,1.58080715126181e-15,2.87419482047601e-15,1.84198276458729e-19,1,1,1,0,0,0,0,0,97,97,34.544
"A1","r3","CSR",2,0,8506,7104,0.835175170467905,92.8589896326337,84.8288603900131,0.527736562182479,5.19633186635564,0.772644305717538,5.92398648648649,1.75685663842077,0.278505879064182,0.514913597028856,1.58080715126181e-15,2.73048507945221e-15,1.75426929960694e-19,1,1,1,0,0,0,0,0,116,116,36.1360000000001
"A1","r3","CSR",3,0,8506,7108,0.835645426757583,92.7785960878659,84.1099527995498,0.530083976530064,5.17426605912273,0.774208329923724,5.92726505346089,1.75396032540302,0.280989022173926,0.516427113643299,1.72451689228561e-15,1.86822663330941e-15,0,1,1,1,0,0,1,0,0,100,100,36.231
"A1","r3","CSR",4,0,8506,7116,0.836585939336939,92.3465618425701,83.2745830765748,0.536484689392634,5.14850687099548,0.769805184041229,5.92776840921866,1.7741212877496,0.287815821952711,0.522175162775898,1.58080715126181e-15,1.43709741023801e-15,1.15781773774058e-18,1,1,1,0,0,0,0,0,100,100,35.803
"A1","r3","CSR",5,0,8506,7087,0.833176581236774,93.1265787274719,84.5448603744627,0.539880528610714,5.18762613178896,0.772359160785827,5.92182870043742,1.76131711826733,0.291470985172984,0.526301374665214,1.58080715126181e-15,1.29338766921421e-15,0,1,1,1,0,0,0,0,0,94,94,35.624
"A1","r3","CSR",6,0,8506,7086,0.833059017164355,93.5461015609139,85.1738299554015,0.525236364437527,5.2068869877709,0.773013029234978,5.92605136889642,1.765878746267,0.27587323852755,0.516291342384111,1.58080715126181e-15,2.44306559740461e-15,6.64155392648066e-19,1,1,1,0,0,0,0,0,105,105,35.808
"A1","r3","CSR",7,0,8506,7086,0.833059017164355,93.9405661758547,86.0339063852757,0.525108672029931,5.2331101746755,0.772734031268694,5.93353090601185,1.71992844837425,0.275739117441038,0.511084516352442,1.72451689228561e-15,2.01193637433321e-15,0,1,1,1,0,0,0,0,0,108,108,35.59
"A1","r3","CSR",8,0,8506,7069,0.831060427933224,92.5276906899725,83.5409255650015,0.53925315877862,5.15673370538795,0.774401532347179,5.9285613240911,1.75536551622326,0.29079396925272,0.525776764961263,1.72451689228561e-15,2.15564611535701e-15,2.80683087937111e-19,1,1,1,0,0,0,0,0,92,92,35.5799999999999
"A1","r3","CSR",9,0,8506,7109,0.835762990830002,92.8213388309861,84.8157719781832,0.539104539902406,5.19593097769455,0.774882277640026,5.92600928400619,1.74100743998132,0.290633704943385,0.524395418352984,1.72451689228561e-15,2.01193637433321e-15,0,1,1,1,0,0,0,0,0,83,83,35.987
"A1","r3","CSR",10,0,8506,7095,0.83411709381613,93.1727835728633,84.2653012191521,0.54682308420656,5.17904223194899,0.77425135191765,5.92952783650458,1.75313841531608,0.299015485421174,0.535181374648607,1.58080715126181e-15,2.44306559740461e-15,3.50853859921389e-20,1,1,1,0,0,0,0,0,93,93,36.396
"A1","r3","CSR",11,0,8506,7087,0.833176581236774,93.0334298231945,84.1672185441862,0.543095638337485,5.17602721739426,0.77342470848172,5.92860166502046,1.74793571020327,0.2949528723812,0.530876787132123,1.72451689228561e-15,2.29935585638081e-15,0,1,1,1,0,0,0,0,0,95,95,36.332
"A1","r3","CSR",12,0,8506,7089,0.833411709381613,92.8926783220261,85.3364502679869,0.524378369889153,5.21185530997663,0.770886301810621,5.9305966991113,1.74856850676675,0.274972674807605,0.513189361508661,1.72451689228561e-15,1.43709741023801e-15,2.80683087937111e-19,1,1,1,0,0,0,0,0,98,98,36.582
"A1","r3","CSR",13,0,8506,7030,0.826475429108864,93.9664462425747,85.6389149318944,0.539379636546664,5.22108352704501,0.76839297994486,5.92901849217639,1.74585008217328,0.290930392321211,0.523985369551289,1.58080715126181e-15,2.01193637433321e-15,4.19380004437285e-20,1,1,1,0,0,0,0,0,109,109,36.873
"A1","r3","CSR",14,0,8506,7075,0.83176581236774,93.9141479902393,84.7534020002386,0.545825933560265,5.19402019098742,0.7714898986934,5.92833922261484,1.7323534048439,0.297925949746935,0.530478680437714,1.86822663330941e-15,2.44306559740461e-15,1.22855274119559e-20,1,1,1,0,0,0,0,0,75,75,36.4390000000001
"A1","r3","CSR",15,0,8506,7095,0.83411709381613,93.1110972107773,84.1298355472745,0.536858447581926,5.17487761958812,0.773332858599465,5.93178294573643,1.77290427766231,0.288216992740076,0.522424458577767,1.58080715126181e-15,1.72451689228561e-15,1.40341543968555e-19,1,1,1,0,0,0,0,0,84,84,36.345
"A1","r3","CSR",16,0,8506,7076,0.83188337644016,93.0648952728434,84.6572371113773,0.541381741568864,5.19107266272002,0.77312318361404,5.93103448275862,1.74732789082491,0.293094190104136,0.530704165836957,1.58080715126181e-15,1.58080715126181e-15,0,1,1,1,0,0,0,0,0,86,86,36.075
"A1","r3","CSR",17,0,8506,7118,0.836821067481778,92.4986131084388,84.3113012617014,0.5294162123432,5.18045564546463,0.77019633799858,5.92680528238269,1.74748708052851,0.28028152589182,0.516487748361876,1.72451689228561e-15,1.86822663330941e-15,9.86776481028905e-21,1,1,1,0,0,0,0,0,78,78,35.992
"A1","r3","CSR",18,0,8506,7098,0.834469786033388,92.404220164969,84.1262905293194,0.53080471780668,5.17476857287133,0.772916793784306,5.93040293040293,1.78436227245583,0.281753648445829,0.519223087754121,1.72451689228561e-15,2.29935585638081e-15,0,1,1,1,0,0,0,0,0,94,94,36.2710000000001
"A1","r3","CSR",19,0,8506,7073,0.831530684222901,93.0811893674029,84.2192170765204,0.534468656861455,5.17762584609154,0.770929135056867,5.927612045808,1.74589046485488,0.285656745167287,0.521155494978113,1.72451689228561e-15,2.29935585638081e-15,2.85068761186128e-19,1,1,1,0,0,0,0,0,81,81,36.4109999999999
"A1","r3","CSR",20,0,8506,7115,0.836468375264519,93.2187746634012,85.0187060495455,0.532949624121704,5.20214327427878,0.769594128589043,5.93099086437105,1.74010634163708,0.284035301851466,0.517678894874936,1.58080715126181e-15,1.86822663330941e-15,2.19283662450868e-21,1,1,1,0,0,0,0,0,115,115,35.846
"A1","r3","RSA",1,0,8507,7037,0.827201128482426,94.5072079585955,86.9303072236182,0.468360231342952,5.26030191132333,0.758855105820551,5.94145232343328,1.57729936856943,0.219361306303623,0.457720628381971,1.58080715126181e-15,1.14967792819041e-15,0,1,1,1,0,0,0,0,0,94,94,36.615
"A1","r3","RSA",2,0,8507,7075,0.831668038086282,94.0548174959654,86.5507263023046,0.472291271228375,5.24880480094383,0.753908361296813,5.93314487632509,1.57752014793635,0.223059044878514,0.462065694882429,1.72451689228561e-15,1.43709741023801e-15,0,1,1,1,0,0,0,0,0,80,80,36.3050000000001
"A1","r3","RSA",3,0,8507,7110,0.835782296931938,93.3253031252952,85.5413057916119,0.472776410203377,5.21810724863939,0.757632359043342,5.93600562587904,1.52903116609579,0.223517534044791,0.458664459525698,1.58080715126181e-15,1.58080715126181e-15,3.28925493676302e-20,1,1,1,0,0,0,0,0,93,93,36.4930000000001
"A1","r3","RSA",4,0,8507,7083,0.832608440108146,93.7262414431153,85.6803281383489,0.483584847849539,5.22234578498089,0.75832757105617,5.94084427502471,1.55128688947124,0.233854305069661,0.470788974365783,1.72451689228561e-15,2.15564611535701e-15,5.70137522372256e-19,1,1,1,0,0,0,0,0,67,67,35.875
"A1","r3","RSA",5,0,8506,7091,0.833646837526452,93.9616319800779,86.7539281456091,0.472214633453352,5.25496270148757,0.756766152961549,5.94105203779439,1.517822249901,0.222986660047483,0.460339026192141,1.58080715126181e-15,2.01193637433321e-15,0,1,1,1,0,0,0,0,0,93,93,35.985
"A1","r3","RSA",6,0,8507,7069,0.830962736569884,93.8264310168241,86.5558840173735,0.465092944311886,5.24896119152233,0.754759144468884,5.92941010043853,1.52600108094494,0.216311446848699,0.454940153459625,1.58080715126181e-15,2.15564611535701e-15,5.9645156186636e-19,1,1,1,0,0,0,0,0,111,111,36.035
"A1","r3","RSA",7,0,8505,7083,0.832804232804233,94.146092479742,86.2150999644673,0.475282167329375,5.23861801022118,0.758924869859569,5.93646759847522,1.55343270535355,0.225893138581308,0.464238813918429,1.72451689228561e-15,2.58677533842841e-15,7.01707719842777e-20,1,1,1,0,0,0,0,0,90,90,36.205
"A1","r3","RSA",8,0,8505,7081,0.832569077013521,93.832109119121,86.8137013570777,0.473230366420781,5.25677271699709,0.762285446142,5.93461375511933,1.61027205771472,0.223946979702746,0.461397811232319,1.58080715126181e-15,1.43709741023801e-15,0,1,1,1,0,0,0,0,0,85,85,36.1329999999999
"A1","r3","RSA",9,0,8504,7073,0.831726246472248,93.9682645219398,85.8860248335559,0.474934690514891,5.22861078964072,0.756239644431092,5.936660540082,1.52992419710927,0.225562960254476,0.464249728421983,1.58080715126181e-15,2.44306559740461e-15,4.38567324901736e-21,1,1,1,0,0,0,0,0,87,87,36.723
"A1","r3","RSA",10,0,8505,7073,0.831628453850676,94.0981363843352,86.3855286178041,0.478134767048226,5.24379326273069,0.762461626808619,5.93453979923653,1.55015440144889,0.228612855460261,0.465665898653744,1.58080715126181e-15,2.29935585638081e-15,3.44686506914958e-20,1,1,1,0,0,1,0,0,85,85,36.572
"A1","r3","RSA",11,0,8506,7083,0.832706324947096,94.0808831098092,86.178072063502,0.48197045665078,5.23749294129088,0.755313815023966,5.93519695044473,1.54013772949084,0.232295521084161,0.467577071016554,1.58080715126181e-15,1.58080715126181e-15,0,1,1,1,0,0,0,0,0,106,106,36.629
"A1","r3","RSA",12,0,8506,7048,0.828591582412415,94.2229802154706,86.8941294648673,0.471931718708085,5.25920720688559,0.758521452478246,5.93317253121453,1.5597451769834,0.222719547122767,0.459995206966359,1.72451689228561e-15,2.01193637433321e-15,1.40341543968555e-19,1,1,1,0,0,0,0,0,76,76,36.601
"A1","r3","RSA",13,0,8504,7077,0.83219661335842,94.0857795081329,86.1804795749436,0.481225302849701,5.23756609932178,0.755489538340737,5.93047901653243,1.52597451612973,0.231577792102786,0.46966959105592,1.58080715126181e-15,1.86822663330941e-15,0,1,1,1,0,0,0,0,0,73,73,37.101
"A1","r3","RSA",14,0,8507,7094,0.83390149288821,93.710973293354,86.783516788162,0.467188434667142,5.25585876439361,0.754580108859862,5.93445164928108,1.56330466895752,0.218265033486734,0.456306373011528,1.72451689228561e-15,2.58677533842841e-15,3.55239533170406e-19,1,1,1,0,0,1,0,0,90,90,36.415
"A1","r3","RSA",15,0,8506,7084,0.832823889019516,93.5348786135421,86.288613567352,0.466828987703767,5.24085095784968,0.75658375282436,5.92899491812535,1.52270004854116,0.217929303760524,0.454389292196352,1.58080715126181e-15,2.29935585638081e-15,1.40341543968555e-19,1,1,1,0,0,0,0,0,88,88,36.3389999999999
"A1","r3","RSA",16,0,8504,7092,0.833960489181562,93.3896438820922,86.0269384246107,0.462291826953126,5.23289833257624,0.75397918251327,5.94049633389735,1.54969531136718,0.213713733267659,0.45235269308723,1.72451689228561e-15,1.86822663330941e-15,0,1,1,1,0,0,0,0,0,98,98,36.452
"A1","r3","RSA",17,0,8506,7055,0.829414530919351,94.0790332037138,87.0297846534573,0.471611020112167,5.26331082567255,0.756940545870848,5.93649893692417,1.60866905638532,0.222416954291239,0.46089520622179,1.72451689228561e-15,2.01193637433321e-15,0,1,1,1,0,0,0,0,0,73,73,36.716
"A1","r3","RSA",18,0,8506,7061,0.830119915353868,94.1430029953802,86.1624837248664,0.466041687799931,5.2370192273635,0.761426563048685,5.93457017419629,1.52036422386384,0.217194854767408,0.454224419390886,1.72451689228561e-15,2.01193637433321e-15,1.75426929960694e-20,1,1,1,0,0,0,0,0,70,70,36.482
"A1","r3","RSA",19,0,8506,7080,0.832353632729838,93.4187538695889,85.3833632145646,0.474289062855155,5.21328769361202,0.758290045526355,5.9271186440678,1.53445306121472,0.224950115144021,0.461151054741214,1.72451689228561e-15,1.86822663330941e-15,1.75426929960694e-20,1,1,1,0,0,0,0,0,71,71,36.6550000000001
"A1","r3","RSA",20,0,8506,7100,0.834704914178227,93.6232671581622,86.4692697111875,0.471812386696371,5.24633425615221,0.758754006897823,5.93774647887324,1.56226002868883,0.222606928240126,0.458212452811532,1.58080715126181e-15,1.29338766921421e-15,8.77134649803471e-21,1,1,1,0,0,0,0,0,90,90,36.379
"A1","r3","RSArule",1,0,8507,7064,0.830374985306218,94.2851730408053,87.4754419720583,0.410179366582259,5.27676965353256,0.740529749031797,5.94125141562854,1.38675057871809,0.168247112769823,0.400709388018356,1.72451689228561e-15,1.29338766921421e-15,0,1,1,1,0,0,0,0,0,85,85,36.163
"A1","r3","RSArule",2,0,8504,7046,0.828551269990593,94.2248914995372,87.8464523833779,0.412103595876024,5.28794801862019,0.739651954500465,5.94067556060176,1.35233532779724,0.169829373733949,0.400537030348244,1.58080715126181e-15,2.01193637433321e-15,0,1,1,1,0,0,0,0,1,68,67,36.41
"A1","r3","RSArule",3,0,8507,7068,0.830845186317151,94.0855489999465,87.5604818442618,0.415173121346423,5.27933395493005,0.737034842090936,5.9442558007923,1.37314798153561,0.172368720688532,0.405031568854188,1.72451689228561e-15,1.43709741023801e-15,0,1,1,1,0,0,0,0,0,93,93,36.595
"A1","r3","RSArule",4,0,8506,7046,0.828356454267576,94.3855167696363,88.1329268029816,0.408840378678857,5.29656321004186,0.739247059343993,5.93939824013625,1.38752633762075,0.167150455238271,0.398241691009159,1.58080715126181e-15,2.15564611535701e-15,0,1,1,1,0,0,0,0,0,72,72,36.034
"A1","r3","RSArule",5,0,8507,7038,0.827318678735159,94.8280269527144,87.975185947907,0.419645226380308,5.29182118232656,0.738166808458362,5.95041204887752,1.3496793811366,0.17610211602378,0.409132572177521,1.58080715126181e-15,1.86822663330941e-15,0,1,1,1,0,0,0,0,0,79,79,35.748
"A1","r3","RSArule",6,0,8508,7040,0.827456511518571,94.2377281648077,87.0601932041826,0.414292423937309,5.26423019612986,0.740511228745496,5.94133522727273,1.34802833482933,0.171638212531851,0.403783734221207,1.58080715126181e-15,7.18548705119004e-16,0,1,1,1,0,0,0,0,0,91,91,35.904
"A1","r3","RSArule",7,0,8506,7089,0.833411709381613,93.7924069366735,87.5875756297077,0.405701269357289,5.28015068249064,0.740858133557206,5.936239243899,1.39322518880394,0.164593519958115,0.395548474147883,1.72451689228561e-15,1.72451689228561e-15,9.97740664151449e-20,1,1,1,0,0,0,0,0,82,82,36.093
"A1","r3","RSArule",8,0,8507,7080,0.832255789349947,94.0541365016352,87.5363628880286,0.408696081344561,5.27860679431108,0.741417125331866,5.94505649717514,1.34844285596852,0.1670324869064,0.397765721322989,1.58080715126181e-15,1.58080715126181e-15,1.75426929960694e-20,1,1,1,0,0,0,0,0,74,74,35.9119999999999
"A1","r3","RSArule",9,0,8505,7057,0.829747207524985,94.2509231501156,87.506215555163,0.414380917976678,5.27769774747836,0.734504600242211,5.94686127249539,1.35757836978256,0.171711545183195,0.404526339834711,1.58080715126181e-15,1.43709741023801e-15,1.19290312373272e-18,1,1,1,0,0,0,0,0,98,98,36.17
"A1","r3","RSArule",10,0,8506,7048,0.828591582412415,94.6186769004492,87.7730204497088,0.410763528299861,5.2857374243102,0.741597967871953,5.93969920544835,1.38546504360942,0.168726676181351,0.400439554230102,1.72451689228561e-15,1.58080715126181e-15,1.40341543968555e-19,1,1,1,0,0,0,0,0,83,83,36.4
"A1","r3","RSArule",11,0,8505,7100,0.834803057025279,94.5140318031314,87.7432842594857,0.413186802719343,5.28484197023634,0.740526685774308,5.94042253521127,1.36100841419839,0.170723333941434,0.400561490032706,1.72451689228561e-15,1.58080715126181e-15,0,1,1,1,0,0,0,0,1,67,66,36.563
"A1","r3","RSArule",12,0,8505,7082,0.832686654908877,94.24227813814,87.8112300465551,0.407854741797527,5.28688780286225,0.739312878992002,5.94309517085569,1.38117036489971,0.166345490406727,0.398056982674073,1.72451689228561e-15,2.15564611535701e-15,8.99063016048558e-20,1,1,1,0,0,0,0,0,82,82,36.966
"A1","r3","RSArule",13,0,8505,7054,0.829394473838918,94.3396490647957,88.0897982101648,0.408313193270595,5.29526709719543,0.738213065965188,5.94357811170967,1.40160840613362,0.16671966379883,0.395695746981457,1.72451689228561e-15,2.58677533842841e-15,8.77134649803471e-21,1,1,1,0,0,1,0,0,77,77,36.5219999999999
"A1","r3","RSArule",14,0,8506,7075,0.83176581236774,94.0204889400709,87.4361207391676,0.40726996368646,5.27558353557562,0.740765608066395,5.94982332155477,1.37421363855696,0.165868823321171,0.395589797203444,1.72451689228561e-15,2.15564611535701e-15,0,1,1,1,0,0,0,0,0,67,67,36.62
"A1","r3","RSArule",15,0,8505,7040,0.827748383303939,94.6108630426591,88.2487106808887,0.41751901815275,5.3000412312042,0.738595606128975,5.94815340909091,1.38543486209947,0.174322130519236,0.408834246678726,1.58080715126181e-15,1.72451689228561e-15,2.24546470349689e-18,1,1,1,0,0,0,0,0,76,76,36.0759999999999
"A1","r3","RSArule",16,0,8507,7052,0.828964382273422,94.2003426950238,87.2091054847015,0.41524801773855,5.26873043360436,0.7402090529045,5.9442711287578,1.38322203284666,0.172430916235796,0.405543003954551,1.72451689228561e-15,2.15564611535701e-15,0,1,1,1,0,0,0,0,0,95,95,36.533
"A1","r3","RSArule",17,0,8505,7064,0.830570252792475,94.5796004370152,87.6518503198781,0.415290090999976,5.28208770089958,0.741161016247713,5.94110985277463,1.42708504866972,0.172465859682768,0.402206809445982,1.58080715126181e-15,1.72451689228561e-15,1.40341543968555e-19,1,1,1,0,0,0,0,0,84,84,36.467
"A1","r3","RSArule",18,0,8506,7041,0.827768633905479,94.2987114785278,87.735367803735,0.412216899127521,5.28460357452666,0.744043961795776,5.94162760971453,1.36150695278305,0.169922771926309,0.400748412748811,1.58080715126181e-15,1.58080715126181e-15,0,1,1,1,0,0,0,0,0,64,64,36.591
"A1","r3","RSArule",19,0,8505,7056,0.82962962962963,94.053481230171,87.8580629913746,0.405439903875051,5.28829746053513,0.739446973630294,5.94288548752834,1.41091181452501,0.16438151565421,0.396569905687227,1.72451689228561e-15,2.01193637433321e-15,3.38250804455882e-21,1,1,1,0,0,0,0,0,85,85,36.659
"A1","r3","RSArule",20,0,8508,7038,0.82722143864598,94.5672723833285,87.9316533188642,0.417216626227839,5.29051171869592,0.73916574026871,5.94927536231884,1.37571284700125,0.17406971320094,0.407644485089243,1.72451689228561e-15,1.58080715126181e-15,3.50853859921389e-20,1,1,1,0,0,0,0,0,85,85,36.645
"A1","r4","CSR",1,0,6763,5389,0.796835723791217,92.6633753255874,83.5531837403178,0.537594744355175,5.15711202192408,0.770852769041601,5.92299127853034,1.72996313670937,0.289008109158306,0.521748933470348,1.09331598105606e-15,1.27553531123207e-15,0,1,1,1,0,0,0,0,0,89,89,32.32
"A1","r4","CSR",2,0,6763,5447,0.805411799497264,92.0213622124447,83.2821943867827,0.534862216902828,5.14874215866294,0.772598269768082,5.90802276482467,1.75007701160065,0.286077591070208,0.519108574377943,9.11096650880047e-16,5.46657990528028e-16,0,1,1,1,0,0,0,0,0,69,69,32.6959999999999
"A1","r4","CSR",3,0,6763,5440,0.804376755877569,92.060596731497,83.4328124727045,0.538062477052228,5.15339587411394,0.771296303883321,5.92922794117647,1.74145114126732,0.289511229211579,0.523739256085929,1.09331598105606e-15,9.11096650880047e-16,4.44871411562523e-20,1,1,1,0,0,0,0,0,87,87,33.117
"A1","r4","CSR",4,0,6763,5420,0.801419488392725,92.6004964455983,84.0811366371034,0.53123003395422,5.1733796100648,0.763260187217316,5.92416974169742,1.69659231663363,0.282205348975002,0.517980282966629,9.11096650880047e-16,1.27553531123207e-15,1.39022316113288e-20,1,1,1,0,0,0,0,1,81,80,33.8330000000001
"A1","r4","CSR",5,0,6763,5466,0.808221203607866,91.9041273164985,83.575167276116,0.53946444994108,5.15779041640731,0.772891017772721,5.90687888766923,1.70715486803726,0.291021892750232,0.523815696456625,1.09331598105606e-15,9.11096650880047e-16,7.11794258500037e-19,1,1,1,0,0,0,0,0,96,96,33.6650000000001
"A1","r4","CSR",6,0,6763,5466,0.808221203607866,91.6536075638597,83.0463038901858,0.526862508200384,5.14144527703121,0.772140141676169,5.92041712403952,1.72742569971769,0.2775841025472,0.515336076353242,9.11096650880047e-16,5.46657990528028e-16,5.56089264453154e-21,1,1,1,0,0,0,0,0,65,65,33.264
"A1","r4","CSR",7,0,6763,5448,0.805559662871507,91.8071610632001,83.3399051447995,0.537489695200245,5.15052577110985,0.777540790591442,5.92198972099853,1.76534709591048,0.288895172446452,0.526061880714597,1.09331598105606e-15,7.28877320704038e-16,0,1,1,1,0,0,0,0,0,103,103,33.621
"A1","r4","CSR",8,0,6763,5440,0.804376755877569,91.7347273895639,83.8588796543035,0.513489446631634,5.16653752633366,0.774144856743722,5.91911764705882,1.76253203984296,0.263671411802061,0.502188331580011,9.11096650880047e-16,3.64438660352019e-16,1.73777895141611e-22,1,1,1,0,0,0,0,2,102,100,33.333
"A1","r4","CSR",9,0,6763,5427,0.802454532012421,92.567310373949,83.45724553309,0.535501995536924,5.15415039815977,0.778475996848011,5.91487009397457,1.8368356032835,0.286762387224027,0.521267816313571,9.11096650880047e-16,7.28877320704038e-16,8.56377467257857e-19,1,1,1,0,0,0,0,0,108,108,33.8399999999999
"A1","r4","CSR",10,0,6763,5448,0.805559662871507,92.1308168724548,83.3090207949459,0.543645944316886,5.1495713342687,0.772769109220028,5.91354625550661,1.77901235291787,0.295550912772198,0.534224343654939,1.09331598105606e-15,1.09331598105606e-15,5.36626140197293e-19,1,1,1,0,0,0,0,1,112,111,33.28
"A1","r4","CSR",11,0,6763,5471,0.808960520479077,90.9805130701354,83.2377968737808,0.526819118986239,5.14736958543708,0.775398340834867,5.9177481264851,1.72668860272729,0.277538384129437,0.515336328995907,1.09331598105606e-15,9.11096650880047e-16,5.78202501609924e-19,1,1,1,0,0,0,0,1,100,99,33.093
"A1","r4","CSR",12,0,6763,5460,0.807334023362413,91.922221895606,83.8656184823158,0.54089597213465,5.16674515024631,0.767595640124194,5.91538461538462,1.76129468626263,0.292568452671488,0.526085417191794,1.09331598105606e-15,5.46657990528028e-16,8.89742823125046e-20,1,1,1,0,0,0,0,0,80,80,33.1619999999999
"A1","r4","CSR",13,0,6763,5443,0.804820346000296,91.7701252818979,83.4302097137961,0.5251422972663,5.15331549182545,0.775360822178614,5.93128789270623,1.72368645201619,0.275774432378127,0.50958706138584,9.11096650880047e-16,7.28877320704038e-16,7.14574704822303e-19,1,1,1,0,0,0,0,0,87,87,33.229
"A1","r4","CSR",14,0,6763,5424,0.802010941889694,91.6546494858273,82.8046865751014,0.552183528622795,5.13396047731706,0.769263481608539,5.91426991150442,1.71586492879394,0.304906649282321,0.536532599861737,9.11096650880047e-16,3.64438660352019e-16,0,1,1,1,0,0,1,0,0,92,92,33.5
"A1","r4","CSR",15,0,6763,5419,0.801271625018483,92.5836164040617,84.8462809672587,0.52751720965955,5.19686540501157,0.771237684290043,5.91843513563388,1.74196167034887,0.278274406486998,0.513603963895603,1.09331598105606e-15,1.82219330176009e-16,0,1,1,1,0,0,0,0,0,85,85,33.5519999999999
"A1","r4","CSR",16,0,6763,5470,0.808812657104835,91.470393275503,83.5771007474758,0.526349136502558,5.15785007429409,0.772954802414872,5.91791590493601,1.74550086694391,0.277043413496988,0.514968191904018,9.11096650880047e-16,1.09331598105606e-15,0,1,1,1,0,0,0,0,0,84,84,33.825
"A1","r4","CSR",17,0,6763,5426,0.802306668638178,92.4655618933364,84.7724666972244,0.525884913823859,5.1946043288106,0.770461456142068,5.92112053077774,1.77221006215168,0.276554942587528,0.515545899650024,1.09331598105606e-15,7.28877320704038e-16,3.55897129250018e-19,1,1,1,0,0,0,0,0,72,72,33.967
"A1","r4","CSR",18,0,6763,5424,0.802010941889694,92.2811339145566,83.6229786392719,0.529811899320258,5.15926552428022,0.778365290928361,5.91924778761062,1.78031173353742,0.280700648661339,0.518212753867745,1.09331598105606e-15,0,5.56089264453154e-20,1,1,1,0,0,0,0,0,70,70,33.689
"A1","r4","CSR",19,0,6763,5473,0.809256247227562,92.0693836679318,83.4571641540047,0.532280185275456,5.15414788525544,0.770764218946628,5.91156586881052,1.69795282903953,0.283322195636873,0.515728327455288,9.11096650880047e-16,3.64438660352019e-16,2.22435705781262e-20,1,1,1,0,0,0,0,0,80,80,33.7090000000001
"A1","r4","CSR",20,0,6763,5449,0.805707526245749,92.1173507433148,83.6707708945661,0.531225328195476,5.16073963307193,0.775357718361042,5.91778307946412,1.70359156013215,0.282200349316391,0.513923395048356,9.11096650880047e-16,7.28877320704038e-16,3.12800211254899e-20,1,1,1,0,0,0,0,0,107,107,33.639
"A1","r4","RSA",1,0,6762,5412,0.800354924578527,92.5672200992247,84.8951532776344,0.475995302160516,5.19836191276145,0.754475987836879,5.92609016999261,1.56799779486177,0.226571527678881,0.461575281468865,9.11096650880047e-16,3.64438660352019e-16,1.42358851700007e-18,1,1,1,0,0,0,0,0,63,63,31.703
"A1","r4","RSA",2,0,6763,5406,0.799349401153334,93.0962410491697,85.3815848394635,0.473527106350854,5.21323340095199,0.757824185974225,5.93285238623751,1.56422301872418,0.224227920449013,0.463912093969978,1.09331598105606e-15,9.11096650880047e-16,8.89742823125046e-20,1,1,1,0,0,0,0,0,71,71,32.9490000000001
"A1","r4","RSA",3,0,6763,5403,0.798905811030608,92.8988498646799,84.8585849673269,0.484281446007157,5.19724220357945,0.757571651307648,5.9305941143809,1.55182761808457,0.234528518946782,0.46743762760744,9.11096650880047e-16,3.64438660352019e-16,1.77948564625009e-19,1,1,1,0,0,0,0,0,77,77,33.163
"A1","r4","RSA",4,0,6763,5408,0.799645127901819,92.7992196613217,85.3736845865361,0.459178976886351,5.21299220630548,0.754407791136682,5.92991863905325,1.50109842134292,0.210845332814396,0.446745165121717,1.09331598105606e-15,1.27553531123207e-15,2.78044632226577e-21,1,1,1,0,0,0,0,0,70,70,33.803
"A1","r4","RSA",5,0,6763,5387,0.796539997042732,93.5869711969429,86.4322847958275,0.469570162596643,5.24521217263562,0.755157369058125,5.92834601819194,1.5436950544044,0.220496137601038,0.454210684996881,1.09331598105606e-15,7.28877320704038e-16,0,1,1,1,0,0,0,0,0,67,67,33.976
"A1","r4","RSA",6,0,6763,5417,0.800975898269998,93.1366747634244,85.8166578619181,0.473932579750725,5.22649888517165,0.75625999593665,5.93557319549566,1.56028712061078,0.224612090149178,0.458344763119365,1.09331598105606e-15,1.27553531123207e-15,0,1,1,1,0,0,0,0,0,75,75,33.76
"A1","r4","RSA",7,0,6763,5430,0.802898122135147,93.1004866811152,85.4782660746851,0.481474380221698,5.21618414919675,0.756041394072165,5.92338858195212,1.53658678395507,0.231817578809868,0.469320432046561,9.11096650880047e-16,9.11096650880047e-16,4.44871411562523e-20,1,1,1,0,0,0,0,0,82,82,33.476
"A1","r4","RSA",8,0,6763,5418,0.801123761644241,92.5788144444957,85.2522345537302,0.475156484485237,5.20928287901433,0.753305543145403,5.92764857881137,1.51553225824147,0.22577368474837,0.459777383443364,1.09331598105606e-15,1.09331598105606e-15,0,1,1,1,0,0,0,0,0,69,69,33.603
"A1","r4","RSA",9,0,6762,5409,0.799911268855368,93.3098673027925,85.4216630998079,0.475116915087007,5.21445681341115,0.758654194139754,5.9234608985025,1.58067914422708,0.225736083001794,0.462013829555758,9.11096650880047e-16,1.09331598105606e-15,4.65724758979516e-20,1,1,1,0,0,0,0,0,85,85,33.7130000000001
"A1","r4","RSA",10,0,6763,5433,0.803341712257874,92.3984730961154,84.8074640553871,0.465894147496412,5.19567649406756,0.754902508287339,5.9245352475612,1.53738207870031,0.217057356671408,0.456131246954915,9.11096650880047e-16,5.46657990528028e-16,7.45854725947793e-19,1,1,1,0,0,0,0,0,71,71,33.2539999999999
"A1","r4","RSA",11,0,6763,5422,0.801715215141209,92.3504650883032,84.7815111564401,0.47778498265611,5.19488143725818,0.75856425415376,5.92511988196238,1.52104753220379,0.228278489651699,0.465641353797124,9.11096650880047e-16,9.11096650880047e-16,4.28188733628928e-19,1,1,1,0,0,0,0,0,80,80,33.8439999999999
"A1","r4","RSA",12,0,6763,5440,0.804376755877569,92.530780812049,84.2556487352162,0.475311331420073,5.17874551972372,0.75175868443775,5.92941176470588,1.54088878794761,0.225920861776323,0.464861853013583,1.09331598105606e-15,1.63997397158409e-15,7.50720507011758e-20,1,1,1,0,0,0,0,0,71,71,33.4770000000001
"A1","r4","RSA",13,0,6762,5410,0.800059154096421,93.0667704183745,85.9047145981227,0.475888990459621,5.22917966087922,0.76005663374919,5.91977818853974,1.54098423624076,0.226470331240678,0.461518521209598,9.11096650880047e-16,1.09331598105606e-15,0,1,1,1,0,0,0,0,0,101,101,33.627
"A1","r4","RSA",14,0,6764,5450,0.805736250739208,92.7129583462698,85.0711655112648,0.479960598670138,5.20374794628176,0.753921702590377,5.93376146788991,1.51240372360218,0.230362176275798,0.463237931292799,9.11096650880047e-16,3.64438660352019e-16,0,1,1,1,0,0,0,0,0,74,74,33.298
"A1","r4","RSA",15,0,6762,5455,0.806713989943804,93.1891538602449,85.1295014558605,0.473041493232489,5.20553185748563,0.760972692153841,5.93070577451879,1.54121869871069,0.223768254319623,0.461866337304659,9.11096650880047e-16,1.27553531123207e-15,2.22435705781262e-20,1,1,1,0,0,0,0,0,65,65,33.668
"A1","r4","RSA",16,0,6763,5428,0.802602395386663,93.3077119574059,85.951062062188,0.482406548910799,5.2305900408595,0.759283822694879,5.9240972733972,1.54868768686929,0.232716078432027,0.466251498184263,9.11096650880047e-16,7.28877320704038e-16,0,1,1,1,0,0,0,0,0,85,85,34.283
"A1","r4","RSA",17,0,6763,5454,0.80644684311696,92.508554495201,84.9556856897682,0.470409210087795,5.20021484555735,0.761205061532693,5.92684268426843,1.55213831487678,0.221284824935424,0.45993187088288,1.09331598105606e-15,9.11096650880047e-16,0,1,1,1,0,0,0,0,0,85,85,34.14
"A1","r4","RSA",18,0,6764,5414,0.800413956238912,92.9246327301439,85.2913712757804,0.479706821289165,5.21047854628391,0.758630703007501,5.92556335426672,1.54128986361897,0.230118634391355,0.468847053356055,1.09331598105606e-15,1.09331598105606e-15,0,1,1,1,0,0,0,0,0,73,73,34.159
"A1","r4","RSA",19,0,6763,5427,0.802454532012421,92.9054433726741,85.8171360578111,0.47217852781377,5.22651344695302,0.761944476182529,5.91910816288926,1.56459426529826,0.222952562128379,0.462818781647262,9.11096650880047e-16,3.64438660352019e-16,0,1,1,1,0,0,0,0,0,80,80,34.245
"A1","r4","RSA",20,0,6763,5417,0.800975898269998,93.2752873998129,85.6167013599879,0.472841611018373,5.22040635059469,0.754319122230932,5.93003507476463,1.514121730675,0.223579189110451,0.462191931250484,1.09331598105606e-15,5.46657990528028e-16,0,1,1,1,0,0,0,0,0,93,93,33.881
"A1","r4","RSArule",1,0,6763,5407,0.799497264527577,93.5281257330832,87.3365466235943,0.410456643199496,5.27257870642456,0.73895126922575,5.93711855002774,1.4140992058841,0.168474655946599,0.39857818851482,1.09331598105606e-15,1.82219330176009e-16,2.23588893517552e-19,1,1,1,0,0,0,0,0,75,75,32.379
"A1","r4","RSArule",2,0,6762,5382,0.795918367346939,94.3083149297716,88.0972799606139,0.412325518875257,5.2954919612776,0.735717374028483,5.93701226309922,1.33351554677395,0.17001233351575,0.40160558927535,9.11096650880047e-16,9.11096650880047e-16,2.39118383714856e-19,1,1,1,0,0,0,0,0,80,80,33.29
"A1","r4","RSArule",3,0,6763,5407,0.799497264527577,93.3394769118255,87.6823741167796,0.401168362469819,5.28300733724994,0.74129985343155,5.9315701867949,1.31829096727971,0.160936055046716,0.392124417572051,1.09331598105606e-15,5.46657990528028e-16,0,1,1,1,0,0,0,0,0,74,74,33.3000000000001
"A1","r4","RSArule",4,0,6764,5382,0.795683027794205,94.0486983967415,87.4071079389296,0.412799247805226,5.27470819122524,0.736293453963679,5.94425863991081,1.31597799516321,0.17040321898856,0.400428805715374,1.09331598105606e-15,5.46657990528028e-16,8.89742823125046e-20,1,1,1,0,0,0,0,0,77,77,33.842
"A1","r4","RSArule",5,0,6763,5412,0.800236581398788,94.0166000704391,87.0331816667899,0.412959208175647,5.26341353740744,0.738967866763558,5.93569844789357,1.38119073366604,0.170535307617057,0.401298787453161,9.11096650880047e-16,3.64438660352019e-16,0,1,1,1,0,0,0,0,0,77,77,33.922
"A1","r4","RSArule",6,0,6763,5374,0.794617773177584,93.4552029631665,86.9749035043944,0.404390950214783,5.26165103664231,0.738505442209767,5.93654633420171,1.40989434207385,0.163532040615615,0.396102042192662,1.09331598105606e-15,7.28877320704038e-16,6.67307117343785e-20,1,1,1,0,0,0,0,0,61,61,33.857
"A1","r4","RSArule",7,0,6762,5417,0.801094350783792,93.3847605913086,87.389435442071,0.400881300417419,5.27417493540282,0.743362593913016,5.92745061842348,1.37712113977851,0.160705817024361,0.391214114144788,9.11096650880047e-16,1.82219330176009e-16,3.55897129250018e-19,1,1,1,0,0,0,0,0,72,72,33.76
"A1","r4","RSArule",8,0,6763,5417,0.800975898269998,93.5184685864982,86.9144236429929,0.416067106890395,5.25982131802316,0.745003462648116,5.93169651098394,1.41667793741951,0.173111837436143,0.405061591373978,1.09331598105606e-15,3.64438660352019e-16,1.06769138775006e-18,1,1,1,0,0,0,0,0,80,80,33.8729999999999
"A1","r4","RSArule",9,0,6763,5383,0.795948543545764,93.5402576354788,87.1285242466764,0.412477546397036,5.26629572245247,0.738569064569317,5.93312279398105,1.37159498436142,0.170137726281719,0.398947866973683,1.09331598105606e-15,1.09331598105606e-15,8.89742823125046e-20,1,1,1,0,0,0,0,0,69,69,33.375
"A1","r4","RSArule",10,0,6762,5422,0.801833776989056,93.3489285296476,86.7536603097519,0.418603274240951,5.25495457862641,0.743618867976238,5.93268166728145,1.42048124120231,0.175228701205245,0.409133792739315,9.11096650880047e-16,1.09331598105606e-15,0,1,1,1,0,0,0,0,0,64,64,33.687
"A1","r4","RSArule",11,0,6764,5428,0.802483737433471,93.3980924326824,86.8653155699544,0.406487746419503,5.2583351619059,0.737199006346924,5.93109801031688,1.35253927692252,0.165232287989206,0.396944768553514,1.09331598105606e-15,1.09331598105606e-15,0,1,1,1,0,0,0,0,0,86,86,33.404
"A1","r4","RSArule",12,0,6764,5407,0.799379065641632,93.6727195191919,86.9862765560191,0.416085224743401,5.26199503896556,0.743861001189162,5.93933789532088,1.3751577561349,0.173126914249767,0.401836424899302,9.11096650880047e-16,1.82219330176009e-16,1.77948564625009e-19,1,1,1,0,0,0,0,0,72,72,33.643
"A1","r4","RSArule",13,0,6763,5410,0.799940854650303,93.345140367183,87.25908287711,0.414166826879334,5.27023991041698,0.734577828472305,5.92569316081331,1.36071892228637,0.171534160487296,0.403032263589554,9.11096650880047e-16,3.64438660352019e-16,3.28094023667167e-19,1,1,1,0,0,0,0,0,79,79,33.6180000000001
"A1","r4","RSArule",14,0,6763,5412,0.800236581398788,93.5069655731553,86.6412512849072,0.419334174109209,5.25154899378829,0.739967891607249,5.93606799704361,1.36645343318741,0.175841149575852,0.409667163429385,9.11096650880047e-16,7.28877320704038e-16,0,1,1,1,0,0,0,0,0,71,71,34.029
"A1","r4","RSArule",15,0,6763,5423,0.801863078515452,92.8854592885763,87.3768795328488,0.40230836681368,5.27379603124693,0.738976602964798,5.9290060851927,1.3717571639246,0.16185202200829,0.39091954761276,9.11096650880047e-16,1.82219330176009e-16,0,1,1,1,0,0,0,0,0,68,68,33.946
"A1","r4","RSArule",16,0,6763,5418,0.801123761644241,93.2424946081129,87.5823138168641,0.397533556764737,5.27999204095726,0.745565411512405,5.93170911775563,1.3381451677256,0.158032928754023,0.386164483674467,9.11096650880047e-16,9.11096650880047e-16,4.44871411562523e-19,1,1,1,0,0,0,0,0,74,74,34.2280000000001
"A1","r4","RSArule",17,0,6764,5401,0.79849201655825,93.8845468376572,87.0839225806947,0.410729903608171,5.26494762415534,0.73672980392588,5.93353082762451,1.38909954946615,0.168699053717977,0.398612298424577,1.09331598105606e-15,0,2.34947714231458e-19,1,1,1,0,0,0,0,0,72,72,34.3870000000001
"A1","r4","RSArule",18,0,6763,5412,0.800236581398788,93.4095374033452,87.0370765204976,0.41016973777977,5.26353130897193,0.738058379921083,5.93126385809313,1.33698579841261,0.168239213790325,0.402120914136782,9.11096650880047e-16,3.64438660352019e-16,0,1,1,1,0,0,0,0,0,77,77,34.047
"A1","r4","RSArule",19,0,6763,5397,0.798018630785155,94.0644587479868,87.644717044795,0.418146030027709,5.2818727651411,0.740787881987621,5.93440800444692,1.39191631459863,0.174846102427934,0.408728396454286,9.11096650880047e-16,1.82219330176009e-16,0,1,1,1,0,0,0,0,0,69,69,34.043
"A1","r4","RSArule",20,0,6764,5420,0.801301005322295,93.8207134919242,86.5859383056248,0.416077969698727,5.24987239506157,0.735452031255489,5.93450184501845,1.38065107122745,0.173120876868615,0.406181516244216,9.11096650880047e-16,1.45775464140808e-15,1.77948564625009e-19,1,1,1,0,0,0,0,0,74,74,33.995
"A1","r5","CSR",1,0,7675,6185,0.80586319218241,91.5303164503184,82.5856582783162,0.541911631049511,5.12716602881009,0.775748297866603,5.91851253031528,1.73203918423009,0.293668215866742,0.525852694590299,1.60983979306649e-16,1.60983979306649e-16,1.65071463156232e-18,1,1,1,0,0,0,0,0,108,108,38.783
"A1","r5","CSR",2,0,7675,6204,0.808338762214984,91.7827301077167,83.5092934247879,0.535635509789313,5.15575733178533,0.775377519447569,5.91989039329465,1.74515323641261,0.286905399347257,0.522682869786378,3.21967958613298e-16,6.43935917226596e-16,2.27525956470922e-19,1,1,1,0,0,0,0,0,92,92,39.653
"A1","r5","CSR",3,0,7675,6173,0.804299674267101,91.8788796744608,82.9113904884184,0.540114487471126,5.13726729591797,0.774050227043784,5.92175603434311,1.7659118866798,0.291723659576197,0.525895142373639,3.21967958613298e-16,9.65903875839894e-16,3.53724563906211e-19,1,1,1,0,0,0,0,0,108,108,39.802
"A1","r5","CSR",4,0,7675,6191,0.806644951140065,91.8793127149608,83.1963721362248,0.542456064708974,5.14608858703249,0.773374938537371,5.92036827653045,1.75860122137795,0.294258582139547,0.527641995011378,3.21967958613298e-16,1.12688785514654e-15,3.93027293229123e-20,1,1,1,0,0,1,0,1,85,84,39.676
"A1","r5","CSR",5,0,7675,6236,0.812508143322476,91.3635727678305,83.3034474179069,0.53275604876955,5.14939893295344,0.772172672316586,5.92206542655548,1.82552105810841,0.283829007500543,0.519660638183292,1.60983979306649e-16,1.60983979306649e-16,3.14421834583299e-19,1,1,1,0,0,0,0,0,106,106,39.847
"A1","r5","CSR",6,0,7675,6195,0.807166123778502,91.6733644044148,82.7086954114576,0.541538101657187,5.1309838649942,0.775814754240015,5.91928974979822,1.76423068693883,0.29326351554647,0.525877094829701,3.21967958613298e-16,6.43935917226596e-16,0,1,1,1,0,0,0,0,1,107,105,40.008
"A1","r5","CSR",7,0,7675,6200,0.807817589576547,91.8417527963273,83.595988109681,0.535979702454435,5.15843284841954,0.771246309820508,5.91774193548387,1.79674921553424,0.287274241443145,0.523812908579086,1.60983979306649e-16,-3.21967958613298e-16,0,1,1,1,0,0,0,0,0,106,106,40.329
"A1","r5","CSR",8,0,7675,6179,0.805081433224756,92.416694665203,84.0872353166237,0.537212160451939,5.173567270573,0.772224085879025,5.92409775044506,1.79271638798296,0.28859690533744,0.526855234673701,1.60983979306649e-16,1.60983979306649e-16,8.11709677313664e-20,1,1,1,0,0,0,0,0,92,92,39.731
"A1","r5","CSR",9,0,7675,6185,0.80586319218241,91.7432827883645,83.8021955959655,0.534409666124731,5.16479112279515,0.773130885179425,5.91964430072757,1.69066352158176,0.285593691247546,0.520797794004418,3.21967958613298e-16,4.82951937919947e-16,2.35816375937474e-19,1,1,1,0,0,0,0,0,121,121,40.0119999999999
"A1","r5","CSR",10,0,7675,6174,0.80442996742671,92.6834619054018,83.5739546832275,0.543510350106478,5.15775299919108,0.776873561885245,5.91464204729511,1.83379497147651,0.295403500672867,0.530322155067178,3.21967958613298e-16,-1.60983979306649e-16,1.83003333409811e-18,1,1,1,0,0,0,0,0,98,98,39.847
"A1","r5","CSR",11,0,7675,6210,0.809120521172638,91.5006686414798,82.5167934993142,0.544925968664198,5.12502791613538,0.779535509146673,5.91739130434783,1.75432786908205,0.296944311324615,0.528084792030088,3.21967958613298e-16,3.21967958613298e-16,4.71632751874948e-19,1,1,1,0,0,0,0,0,102,102,39.721
"A1","r5","CSR",12,0,7675,6180,0.805211726384365,91.5010810714768,81.9831610530463,0.547569632345377,5.10842928333766,0.77617070964055,5.92249190938511,1.77372934529786,0.299832502266851,0.53263233248489,1.60983979306649e-16,6.43935917226596e-16,3.14421834583299e-19,1,1,1,0,0,0,0,0,97,97,39.611
"A1","r5","CSR",13,0,7675,6193,0.806905537459283,91.8057059702785,82.9983203878648,0.534179796150317,5.13995971930783,0.775509859640584,5.92378491845632,1.75807921213039,0.285348054615194,0.522552264515181,1.60983979306649e-16,-1.60983979306649e-16,0,1,1,1,0,0,0,0,0,99,99,39.645
"A1","r5","CSR",14,0,7675,6207,0.808729641693811,91.7269396968251,83.2068817398496,0.533729624091928,5.14641361108099,0.776085625730585,5.92653455775737,1.73743147894576,0.284867311633311,0.520500910440184,3.21967958613298e-16,4.82951937919947e-16,0,1,1,1,0,0,0,0,0,97,97,39.957
"A1","r5","CSR",15,0,7675,6203,0.808208469055375,91.8425240417945,82.8755096272141,0.540609331638054,5.13615556976832,0.772832225633837,5.92277930033855,1.73911823361209,0.292258449454144,0.527149044160709,1.60983979306649e-16,1.60983979306649e-16,7.86054586458247e-20,1,1,1,0,0,0,0,0,105,105,39.753
"A1","r5","CSR",16,0,7675,6176,0.804690553745928,91.8550773684234,82.5732666770916,0.547985591757052,5.12678131771074,0.770282077174862,5.91774611398964,1.72375951836546,0.300288208773326,0.535551145706492,3.21967958613298e-16,3.21967958613298e-16,1.57210917291649e-19,1,1,1,0,0,0,0,0,106,106,39.824
"A1","r5","CSR",17,0,7675,6237,0.812638436482085,91.0758402814065,82.4060438304177,0.531431349018334,5.12158749144411,0.77807743577203,5.91710758377425,1.74473133752586,0.282419278719447,0.519468521819883,3.21967958613298e-16,0,3.14421834583299e-19,1,1,1,0,0,0,0,1,99,98,39.296
"A1","r5","CSR",18,0,7675,6185,0.80586319218241,92.2630209902708,84.1532230390819,0.521345844456202,5.17559685906556,0.771408991906924,5.92611156022635,1.76992771394299,0.27180148953175,0.512303137127685,1.60983979306649e-16,1.60983979306649e-16,1.57210917291649e-19,1,1,1,0,0,0,0,0,108,108,39.6420000000001
"A1","r5","CSR",19,0,7675,6197,0.80742671009772,92.2139618789111,83.0845321124089,0.538690462606328,5.1426285069344,0.773910177807006,5.92447958689689,1.71863402948156,0.29018741450302,0.521297173794537,1.60983979306649e-16,4.82951937919947e-16,1.50887553369823e-20,1,1,1,0,0,0,0,0,86,86,39.912
"A1","r5","CSR",20,0,7675,6168,0.803648208469055,92.3610959889586,83.4615220398042,0.539703190959845,5.15428245012416,0.770615055644579,5.92428664072633,1.74114510478664,0.291279534332239,0.524112118969816,1.60983979306649e-16,1.60983979306649e-16,1.57210917291649e-19,1,1,1,0,0,0,0,1,86,85,40.236
"A1","r5","RSA",1,0,7676,6135,0.799244398124023,92.804729171473,85.348761751736,0.467751509168864,5.21223125341946,0.755548263651247,5.94197229013855,1.5453769376083,0.21879147432975,0.456537801033834,1.60983979306649e-16,4.82951937919947e-16,9.82568233072808e-21,1,1,1,0,0,0,0,0,64,64,37.611
"A1","r5","RSA",2,0,7675,6173,0.804299674267101,92.8712149627758,84.7926080026331,0.479116394511029,5.19522140072441,0.759832873565492,5.92742588692694,1.55014368071019,0.229552519489248,0.468288230861534,3.21967958613298e-16,6.43935917226596e-16,4.71632751874948e-19,1,1,1,0,0,0,0,0,106,106,39.996
"A1","r5","RSA",3,0,7675,6172,0.804169381107492,92.5088599716485,85.1743918504819,0.462962184564171,5.20690416419252,0.755290133164032,5.93081659105638,1.52899994885449,0.214333984336429,0.451300586773436,3.21967958613298e-16,3.21967958613298e-16,0,1,1,1,0,0,0,0,0,90,90,39.677
"A1","r5","RSA",4,0,7676,6178,0.804846274101094,92.4022221645219,84.5683031926208,0.481638502353373,5.18834529387656,0.758959383044023,5.91906765943671,1.56379048562706,0.2319756469492,0.470001520123529,3.21967958613298e-16,4.82951937919947e-16,6.28843669166597e-19,1,1,1,0,0,0,0,0,91,91,39.686
"A1","r5","RSA",5,0,7677,6173,0.804090139377361,92.2902068635375,85.2352567970856,0.462808601393626,5.20876423827442,0.755926016821529,5.92823586586749,1.51737013748854,0.214191801523924,0.452477004717563,3.21967958613298e-16,0,0,1,1,1,0,0,0,0,0,94,94,40.164
"A1","r5","RSA",6,0,7675,6202,0.808078175895765,92.2662844243821,84.4509832516292,0.474263642026871,5.18474520416214,0.759512611205989,5.92937762012254,1.55282493107784,0.224926002148592,0.463695969216654,3.21967958613298e-16,4.82951937919947e-16,1.08082505638009e-19,1,1,1,0,0,0,0,0,91,91,40.213
"A1","r5","RSA",7,0,7675,6177,0.804820846905537,93.1644352649818,85.2374961197715,0.477440597182592,5.20883266082486,0.750312852324402,5.93006313744536,1.58901996039126,0.22794952383807,0.462889039196294,3.21967958613298e-16,0,7.86054586458247e-20,1,1,1,0,0,0,0,0,102,102,40.2130000000001
"A1","r5","RSA",8,0,7674,6186,0.806098514464425,93.1322109721646,86.1564252242817,0.466256404319708,5.2368351010635,0.75552757249535,5.9220821209182,1.50855999713542,0.217395034569143,0.453575632892577,1.60983979306649e-16,3.21967958613298e-16,7.43067226261311e-20,1,1,1,0,0,0,0,0,91,91,40.333
"A1","r5","RSA",9,0,7674,6184,0.805837894188168,92.4862908806567,85.479219254762,0.47373480042534,5.21621323866258,0.756611781455309,5.92965717981889,1.54138781711487,0.224424661134037,0.461428035068895,3.21967958613298e-16,6.43935917226596e-16,0,1,1,1,0,0,0,0,0,78,78,40.054
"A1","r5","RSA",10,0,7674,6206,0.808704717227,92.4300209498802,83.7474124529058,0.479521894061579,5.16310268405204,0.761702473009602,5.92039961327747,1.5814145703399,0.229941246884404,0.466938075497556,3.21967958613298e-16,3.21967958613298e-16,6.28843669166597e-19,1,1,1,0,0,0,0,0,99,99,39.59
"A1","r5","RSA",11,0,7673,6165,0.803466701420566,92.8694163184312,85.4633308104644,0.466851642785273,5.21572843456852,0.754511392179597,5.93203568532036,1.57049366517671,0.217950456371308,0.454135798616784,3.21967958613298e-16,1.60983979306649e-16,0,1,1,1,0,0,0,0,1,99,98,39.899
"A1","r5","RSA",12,0,7673,6200,0.808028150658152,91.7919600076603,83.8172310268805,0.487990143290475,5.16525441412364,0.755227828540458,5.92064516129032,1.51426962725518,0.238134379948658,0.472147734675634,1.60983979306649e-16,1.60983979306649e-16,2.21077852441382e-20,1,1,1,0,0,0,0,0,85,85,39.756
"A1","r5","RSA",13,0,7676,6193,0.806800416883794,92.0450738277772,85.7501067889874,0.465661992052189,5.22447190941347,0.756912244720499,5.93024382367189,1.51257515048874,0.216841090842013,0.45464858178326,1.60983979306649e-16,0,0,1,1,1,0,0,0,0,0,98,98,39.6039999999999
"A1","r5","RSA",14,0,7675,6164,0.803127035830619,92.9248953284702,85.6427754900325,0.482077557504954,5.22120121398033,0.756916985525652,5.92910447761194,1.55054659365835,0.232398771449942,0.469456834547123,3.21967958613298e-16,4.82951937919947e-16,0,1,1,1,0,0,0,0,0,111,111,40.0120000000001
"A1","r5","RSA",15,0,7676,6172,0.804064616988015,92.5914817765436,85.5376939509962,0.474173499194109,5.2179969985164,0.756495991826179,5.92546986390149,1.52936576525599,0.224840507337986,0.460422392460705,1.60983979306649e-16,4.82951937919947e-16,7.86054586458247e-20,1,1,1,0,0,0,0,0,103,103,39.404
"A1","r5","RSA",16,0,7676,6194,0.806930693069307,92.3216416859689,84.9217607352726,0.472049618545451,5.19917646972336,0.754128576574518,5.92621892153697,1.52192508431171,0.222830842368906,0.461716065526095,3.21967958613298e-16,4.82951937919947e-16,7.86054586458247e-20,1,1,1,0,0,0,0,0,80,80,39.47
"A1","r5","RSA",17,0,7673,6202,0.8082888049003,92.6684693022816,84.3324303767292,0.484100877693831,5.18110471243616,0.757744080593639,5.935504675911,1.58816350110698,0.234353659783937,0.471187860071472,3.21967958613298e-16,3.21967958613298e-16,7.07449127812422e-19,1,1,1,0,0,0,0,0,93,93,39.133
"A1","r5","RSA",18,0,7674,6181,0.805446963773782,93.1890142993678,86.0819990032944,0.476815646333722,5.23457269557046,0.75620903555886,5.92622552984954,1.54730725592417,0.227353160588645,0.464651065085599,3.21967958613298e-16,0,1.80792554885397e-18,1,1,1,0,0,0,0,0,99,99,40.085
"A1","r5","RSA",19,0,7675,6149,0.801172638436482,93.0168303349178,85.358386206542,0.481580195596405,5.21252512686859,0.751016876164045,5.92860627744349,1.52531850289487,0.231919484790672,0.46856213295462,3.21967958613298e-16,6.43935917226596e-16,9.85638758801161e-19,1,1,1,0,0,0,0,0,58,58,39.946
"A1","r5","RSA",20,0,7674,6214,0.80974719833203,92.07101424816,84.7433986436519,0.476425677935362,5.19371365945765,0.755331543450313,5.92388155777277,1.53210944420192,0.226981426596169,0.462750334436141,3.21967958613298e-16,4.82951937919947e-16,0,1,1,1,0,0,0,0,0,88,88,40.386
"A1","r5","RSArule",1,0,7677,6196,0.80708610134167,93.4434907816481,86.3820354609404,0.415339864861634,5.24368723833865,0.742247417196663,5.94044544867657,1.38676745287517,0.17250720334328,0.405050655814535,1.60983979306649e-16,1.60983979306649e-16,0,1,1,1,0,0,0,0,0,102,102,37.934
"A1","r5","RSArule",2,0,7674,6166,0.80349231170185,93.4704828018548,86.1284266261392,0.425135895304137,5.23598410199178,0.738073797227086,5.93885825494648,1.35862928825869,0.18074052947605,0.413107659956405,1.60983979306649e-16,1.60983979306649e-16,7.86054586458247e-20,1,1,1,0,0,0,0,0,75,75,39.749
"A1","r5","RSArule",3,0,7677,6187,0.805913768399114,92.8212962190977,86.3368284650006,0.417070289560218,5.24231495068389,0.740999165288102,5.93470179408437,1.37562552939057,0.173947626433844,0.407361369048744,1.60983979306649e-16,0,4.24116366228693e-21,1,1,1,0,0,0,0,1,86,85,39.599
"A1","r5","RSArule",4,0,7676,6160,0.802501302761855,93.3296324368297,86.4088796314208,0.420515677880832,5.24450194054965,0.739943385658558,5.9288961038961,1.40588675004165,0.176833435343575,0.407993537075041,3.21967958613298e-16,0,6.28843669166597e-19,1,1,1,0,0,0,0,0,80,80,39.902
"A1","r5","RSArule",5,0,7675,6173,0.804299674267101,93.7375256482191,87.7828882938738,0.412460170759011,5.28603454223555,0.740581430139707,5.93309573951077,1.3796773396659,0.170123392462553,0.401040896845474,3.21967958613298e-16,0,0,1,1,1,0,0,0,0,0,89,89,39.977
"A1","r5","RSArule",6,0,7674,6184,0.805837894188168,92.7620904057618,86.0203126956287,0.413054712875614,5.23269679669826,0.735279330295814,5.92609961190168,1.38334587136327,0.170614195828756,0.402238789771749,3.21967958613298e-16,3.21967958613298e-16,0,1,1,1,0,0,0,0,0,84,84,40.121
"A1","r5","RSArule",7,0,7676,6135,0.799244398124023,93.4140112856552,87.2982625625768,0.39988207002508,5.27142295972696,0.739472220490456,5.93235533822331,1.35065658059385,0.159905669927543,0.389714126190318,3.21967958613298e-16,3.21967958613298e-16,3.93027293229123e-20,1,1,1,0,0,0,0,0,84,84,40.458
"A1","r5","RSArule",8,0,7676,6145,0.800547159979156,93.7391680839159,87.5634734295492,0.40800109624017,5.27942414106095,0.739095911565635,5.93767290480065,1.38787902385069,0.16646489453318,0.398095245769193,1.60983979306649e-16,-1.60983979306649e-16,1.1332159016201e-19,1,1,1,0,0,0,0,0,85,85,40.222
"A1","r5","RSArule",9,0,7675,6146,0.800781758957655,93.3467238444156,86.2975381334653,0.408891324107641,5.24112195528512,0.742259986378961,5.9373576309795,1.397702634325,0.1671921149305,0.398686878139603,1.60983979306649e-16,3.21967958613298e-16,5.14006006926213e-19,1,1,1,0,0,0,0,0,76,76,39.8190000000001
"A1","r5","RSArule",10,0,7675,6156,0.802084690553746,93.718215034053,87.5603647454885,0.409539207600564,5.27933042411534,0.743457272464431,5.93827160493827,1.37685511127158,0.167722362562098,0.398866693516559,3.21967958613298e-16,3.21967958613298e-16,1.57210917291649e-19,1,1,1,0,0,1,0,0,106,106,39.873
"A1","r5","RSArule",11,0,7675,6193,0.806905537459283,92.906345159754,86.7156660424399,0.408778393955913,5.25380374474729,0.736985658082756,5.93541094784434,1.37211957027418,0.167099775365175,0.398715590036697,3.21967958613298e-16,6.43935917226596e-16,0,1,1,1,0,0,0,0,0,71,71,39.779
"A1","r5","RSArule",12,0,7675,6168,0.803648208469055,93.8358043066646,87.2445875793837,0.41040217000147,5.26980215272098,0.737978554171293,5.93401426718547,1.40946064646416,0.168429941141915,0.400707616957015,3.21967958613298e-16,3.21967958613298e-16,7.86054586458247e-20,1,1,1,0,0,0,0,0,86,86,39.842
"A1","r5","RSArule",13,0,7674,6132,0.799061767005473,93.2560801319396,87.5699204905128,0.397730771176226,5.27961849114762,0.742754962942038,5.93297455968689,1.41273080150568,0.158189766340435,0.388729828157431,3.21967958613298e-16,1.60983979306649e-16,3.14421834583299e-19,1,1,1,0,0,0,0,0,87,87,39.952
"A1","r5","RSArule",14,0,7675,6171,0.804039087947883,92.7952238362969,85.9408199471663,0.414060187315098,5.230278445353,0.743063583728707,5.93242586290715,1.39138113206358,0.171445838719414,0.401408522384518,3.21967958613298e-16,-1.60983979306649e-16,3.14421834583299e-19,1,1,1,0,0,0,0,1,89,88,39.6139999999999
"A1","r5","RSArule",15,0,7675,6169,0.803778501628664,93.4391688351638,86.7796791318888,0.420925718894494,5.25574255339218,0.744302816305748,5.93402496352731,1.41766345009008,0.177178460826846,0.409849992290612,3.21967958613298e-16,1.60983979306649e-16,0,1,1,1,0,0,0,0,0,102,102,39.4400000000001
"A1","r5","RSArule",16,0,7675,6131,0.798827361563518,93.5896152550999,87.0229892446529,0.415733171088406,5.26310533828069,0.735840403954324,5.93524710487686,1.346703605324,0.172834069543222,0.403203692735938,3.21967958613298e-16,3.21967958613298e-16,1.57210917291649e-19,1,1,1,0,0,0,0,0,85,85,39.373
"A1","r5","RSArule",17,0,7676,6143,0.800286607608129,93.4229698770551,87.0490013665456,0.420901479096881,5.26389187934154,0.737767012322979,5.9329317922839,1.37811265034532,0.177158055105943,0.408363948818394,1.60983979306649e-16,0,4.91284116536404e-21,1,1,1,0,0,0,0,0,82,82,39.38
"A1","r5","RSArule",18,0,7675,6167,0.803517915309446,93.3809008958224,87.2366124633552,0.414297367338155,5.2695612895449,0.734395936887017,5.93530079455165,1.34498621748721,0.171642308583326,0.403420298955631,3.21967958613298e-16,0,0,1,1,1,0,0,0,0,0,79,79,39.847
"A1","r5","RSArule",19,0,7677,6131,0.798619252312101,93.2858540423008,86.3044011858676,0.422390000380526,5.24133037678734,0.741811969287351,5.93410536617191,1.39630971744428,0.17841331242146,0.409566009352086,1.60983979306649e-16,1.60983979306649e-16,3.93027293229123e-20,1,1,1,0,0,0,0,0,75,75,40.298
"A1","r5","RSArule",20,0,7675,6185,0.80586319218241,92.7278351286293,86.1922210616352,0.424015907001955,5.23792287801732,0.744092305567936,5.93354890864996,1.3679962162767,0.179789489390691,0.413454079382579,1.60983979306649e-16,1.60983979306649e-16,2.75119105260386e-19,1,1,1,0,0,0,0,0,87,87,40.136
"A2","r1","CSR",1,0,6546,5582,0.852734494347693,112.207771944436,101.695643246843,0.536491828980361,5.68952793374593,0.771917322888267,5.94285202436403,1.77078835258415,0.287823482562693,0.52150141650664,6.88140206155682e-15,6.7250065601578e-15,3.05459963669958e-19,1,1,1,0,0,0,0,0,48,48,20.787
"A2","r1","CSR",2,0,6546,5557,0.848915368163764,112.237973616633,101.879698502164,0.533185915062924,5.69467428696871,0.76598587549853,5.94511427028973,1.73726779201554,0.284287220021487,0.521703839688265,6.7250065601578e-15,6.41221555735977e-15,3.81824954587448e-19,1,1,1,0,0,0,0,0,49,49,21.002
"A2","r1","CSR",3,0,6546,5557,0.848915368163764,112.290623962369,101.207284276208,0.532763725745636,5.6758505211933,0.77513069678995,5.94223501889509,1.79489874749196,0.283837187470372,0.521279299903333,6.88140206155682e-15,6.56861105875878e-15,3.05459963669958e-19,1,1,1,0,0,0,0,0,49,49,21.1429999999999
"A2","r1","CSR",4,0,6546,5576,0.85181790406355,111.915328211809,102.139659530271,0.536499531545021,5.70193505611333,0.772790151835509,5.93884505021521,1.79590065688312,0.287831747348027,0.523142644456575,6.88140206155682e-15,5.47384254896565e-15,4.58189945504937e-19,1,1,1,0,0,0,0,0,55,55,21.202
"A2","r1","CSR",5,0,6546,5569,0.85074854873205,112.389081401382,101.707681969484,0.532144262386253,5.68986473228701,0.771993052286331,5.94307775184055,1.79147910332857,0.28317751599061,0.521411590775686,6.88140206155682e-15,6.09942455456173e-15,2.67277468211214e-19,1,1,1,0,0,0,0,0,53,53,21.1039999999999
"A2","r1","CSR",6,0,6546,5580,0.852428964252979,112.498179602191,102.843184722395,0.533330790430217,5.72153846648889,0.772170525725187,5.94534050179211,1.77815537785384,0.28444173202092,0.520134284087146,6.88140206155682e-15,6.88140206155682e-15,0,1,1,1,0,0,0,0,0,41,41,21.091
"A2","r1","CSR",7,0,6546,5603,0.855942560342194,111.52216146385,102.414951857146,0.520128848694209,5.70961396848915,0.768010295118179,5.94128145636266,1.72004312730156,0.270534019243963,0.510149935389474,6.88140206155682e-15,6.7250065601578e-15,0,1,1,1,0,0,1,0,0,47,47,21.097
"A2","r1","CSR",8,0,6546,5578,0.852123434158265,112.1104600444,101.411402163719,0.532101109382928,5.68157124471847,0.773969712234283,5.94801003944066,1.77029279387445,0.283131590606542,0.516174043860893,6.7250065601578e-15,7.35058856575388e-15,0,1,1,1,0,0,0,0,0,56,56,21.0699999999999
"A2","r1","CSR",9,0,6546,5583,0.85288725939505,111.522884941005,101.909455747555,0.524305223352074,5.69550588271632,0.773493880487834,5.94680279419667,1.73400222677829,0.274895967234268,0.509882862626218,6.88140206155682e-15,5.78663355176369e-15,0,1,1,1,0,0,0,0,0,51,51,21.28
"A2","r1","CSR",10,0,6546,5591,0.854109379773908,111.496234236854,101.942138736709,0.521108893881862,5.69641910138413,0.770093518340285,5.94240744052942,1.78094010659221,0.271554479282778,0.50917487593157,6.7250065601578e-15,6.25582005596075e-15,0,1,1,1,0,0,0,0,0,42,42,21.3560000000001
"A2","r1","CSR",11,0,6546,5582,0.852734494347693,111.981083794969,102.034149614932,0.521920398714118,5.69898925694623,0.775783551225832,5.93640272303834,1.70657999761308,0.272400902593904,0.511199718200539,6.88140206155682e-15,8.28896157414799e-15,0,1,1,1,0,0,0,0,0,44,44,21.6030000000001
"A2","r1","CSR",12,0,6546,5577,0.851970669110907,112.095738108775,103.349305512619,0.529450454536257,5.7355998531013,0.771361000060115,5.94333871256948,1.76185348514562,0.280317783808649,0.517089650178561,6.88140206155682e-15,7.50698406715289e-15,0,1,1,1,0,0,0,0,0,46,46,21.6900000000001
"A2","r1","CSR",13,0,6546,5599,0.855331500152765,111.041149359791,100.353316120903,0.542867866229267,5.65185391111719,0.773275338348294,5.9401678871227,1.76508685998323,0.294705520184317,0.529653520423289,6.88140206155682e-15,5.94302905316271e-15,1.22183985467983e-18,1,1,1,0,0,0,0,0,56,56,21.403
"A2","r1","CSR",14,0,6546,5587,0.853498319584479,111.72833517365,100.676717887077,0.547934291629133,5.66095350731596,0.770569336965959,5.94218722033292,1.75086403010518,0.30023198794312,0.532759149766006,6.7250065601578e-15,7.97617057134995e-15,0,1,1,1,0,0,0,0,0,28,28,21.3169999999999
"A2","r1","CSR",15,0,6546,5577,0.851970669110907,112.206519689773,102.429415720318,0.524619804287895,5.71001713305717,0.768399942519351,5.94602833064372,1.73507075457743,0.275225939051069,0.512143432818145,6.88140206155682e-15,6.88140206155682e-15,0,1,1,1,0,0,0,0,0,46,46,21.4589999999999
"A2","r1","CSR",16,0,6546,5606,0.856400855484265,111.150617620698,100.69603623526,0.53595019821458,5.66149650437095,0.770795201944931,5.94523724580806,1.74989970284801,0.287242614966247,0.522981177662341,6.88140206155682e-15,6.88140206155682e-15,1.52729981834979e-19,1,1,1,0,0,0,0,0,48,48,21.3440000000001
"A2","r1","CSR",17,0,6546,5564,0.849984723495264,111.880160668215,101.570395570426,0.533363044167211,5.68602330585689,0.777283522518386,5.94841840402588,1.79295273808295,0.284476136883314,0.521906472004212,6.7250065601578e-15,6.88140206155682e-15,4.31044577639736e-19,1,1,1,0,0,0,0,0,72,72,21.624
"A2","r1","CSR",18,0,6546,5583,0.85288725939505,111.692288653798,101.444032231294,0.538599766477741,5.68248522686754,0.776518085084775,5.94125022389396,1.78192942913601,0.290089708449877,0.527405968320123,6.88140206155682e-15,5.63023805036467e-15,1.52729981834979e-19,1,1,1,0,0,0,0,0,54,54,21.424
"A2","r1","CSR",19,0,6546,5572,0.851206843874122,111.864314516565,102.703295008981,0.51580327904805,5.71764585608276,0.770077197167512,5.94041636755205,1.77314992533249,0.26605302267672,0.503276263057215,6.88140206155682e-15,7.50698406715289e-15,6.2737920235614e-20,1,1,1,0,0,0,0,0,58,58,21.3770000000001
"A2","r1","CSR",20,0,6546,5580,0.852428964252979,112.008731194133,102.148967341182,0.527380811260503,5.70219485528445,0.769640978081999,5.94623655913978,1.75584709943394,0.278130520085786,0.513216163243366,6.88140206155682e-15,7.35058856575388e-15,0,1,1,1,0,0,0,0,1,40,39,21.26
"A2","r1","RSA",1,0,6546,5569,0.85074854873205,112.309711597636,104.621770891296,0.431383511215595,5.77080098294467,0.747393720927185,5.94774645358233,1.45003488110497,0.186091733748695,0.420339558260713,6.88140206155682e-15,8.13256607274897e-15,0,1,1,1,0,0,0,0,0,46,46,21.475
"A2","r1","RSA",2,0,6546,5583,0.85288725939505,112.662646937822,103.942673690429,0.442158162728792,5.752041431704,0.745404148340348,5.94841483073616,1.47530338073307,0.195503840867701,0.427280529461119,6.7250065601578e-15,4.84826054336958e-15,1.22183985467983e-18,1,1,1,0,0,0,0,0,39,39,21.047
"A2","r1","RSA",3,0,6546,5584,0.853040024442408,112.34631240428,103.787263359435,0.429709805249359,5.74773971638405,0.744316599012733,5.94878223495702,1.4396116280132,0.184650516727442,0.419192247157538,6.88140206155682e-15,7.50698406715289e-15,0,1,1,1,0,0,1,0,0,55,55,21.2089999999999
"A2","r1","RSA",4,0,6546,5597,0.855025970058051,111.846383391017,103.720281494356,0.436358222942832,5.74588470102031,0.745293402671025,5.94586385563695,1.48080713871658,0.190408498729826,0.426912727778081,6.88140206155682e-15,8.13256607274897e-15,0,1,1,1,0,0,0,0,0,49,49,20.987
"A2","r1","RSA",5,0,6546,5563,0.849831958447907,112.462766276185,103.313112763761,0.436221613348514,5.73459546656309,0.74409694691331,5.9538019054467,1.4029354709996,0.190289295952381,0.423053070603174,6.88140206155682e-15,7.66337956855191e-15,0,1,1,1,0,0,0,0,0,57,57,21.1850000000001
"A2","r1","RSA",6,0,6546,5586,0.853345554537122,112.833684572065,103.487366723348,0.451801688860643,5.73942958047271,0.749306272387066,5.94880057286072,1.47061002038284,0.204124766057329,0.441219204588936,6.7250065601578e-15,6.41221555735977e-15,0,1,1,1,0,0,0,0,0,45,45,21.159
"A2","r1","RSA",7,0,6546,5609,0.856859150626337,112.506287872359,103.619539867395,0.439932851357055,5.74309358635286,0.743931745366276,5.9424139775361,1.46833090491158,0.193540913703149,0.427688068393263,6.88140206155682e-15,7.97617057134995e-15,1.83275978201975e-18,1,1,1,0,0,0,0,0,53,53,21.461
"A2","r1","RSA",8,0,6546,5560,0.849373663305836,112.507703521617,104.762790745275,0.428952115128749,5.77468890910819,0.741894330056672,5.94856115107914,1.42422890613575,0.183999917073427,0.417603610667538,6.88140206155682e-15,7.03779756295584e-15,3.05459963669958e-19,1,1,1,0,0,0,0,0,41,41,21.398
"A2","r1","RSA",9,0,6546,5598,0.855178735105408,112.809510299357,105.097986578573,0.428419035424347,5.78391979059417,0.746060488358055,5.95123258306538,1.48002260053187,0.183542869913928,0.416423265929704,6.88140206155682e-15,7.66337956855191e-15,3.24551211399331e-19,1,1,1,0,0,0,0,0,46,46,21.614
"A2","r1","RSA",10,0,6546,5594,0.854567674915979,112.280087291325,104.832355860724,0.439237341646361,5.77660585818645,0.746903128964176,5.95209152663568,1.46060442144437,0.192929442296562,0.428433384503498,6.88140206155682e-15,7.19419306435486e-15,0,1,1,1,0,0,0,0,0,43,43,21.391
"A2","r1","RSA",11,0,6546,5570,0.850901313779407,112.890578970384,104.742157397581,0.439798471874778,5.77412019893798,0.742893574545531,5.94775583482944,1.45192978055941,0.19342269586339,0.428017877592378,6.88140206155682e-15,7.66337956855191e-15,0,1,1,1,0,0,0,0,0,51,51,21.796
"A2","r1","RSA",12,0,6546,5580,0.852428964252979,112.599470309439,104.695287311034,0.432568183287618,5.77282815642775,0.747376664503343,5.95035842293907,1.41087099536729,0.18711523319275,0.422078528418869,6.88140206155682e-15,7.03779756295584e-15,6.20465551204603e-20,1,1,1,0,0,0,0,0,36,36,21.55
"A2","r1","RSA",13,0,6546,5576,0.85181790406355,112.629870004993,104.890909857038,0.430475437098594,5.77821881450074,0.744211231889798,5.95749641319943,1.43586128249834,0.185309101945225,0.419852883536233,6.88140206155682e-15,5.63023805036467e-15,0,1,1,1,0,0,0,0,1,57,56,21.5519999999999
"A2","r1","RSA",14,0,6546,5617,0.858081271005194,111.675767222615,102.824816148865,0.457073288313286,5.72102748859106,0.747187958492561,5.94997329535339,1.47523904843203,0.20891599088952,0.446342167266464,6.7250065601578e-15,7.19419306435486e-15,7.63649909174896e-20,1,1,1,0,0,0,0,0,36,36,21.33
"A2","r1","RSA",15,0,6547,5595,0.854589888498549,112.415909038882,104.117484906944,0.443586048083503,5.75687630321096,0.74520625586462,5.95370866845398,1.45352351539678,0.19676858205434,0.430063515293201,6.88140206155682e-15,7.19419306435486e-15,0,1,1,1,0,0,0,0,0,49,49,21.275
"A2","r1","RSA",16,0,6545,5574,0.851642475171887,112.10744044218,103.943208316932,0.430923097568593,5.75205620168413,0.749768907166011,5.9546106925009,1.43648241614978,0.185694716018111,0.418495478023058,6.7250065601578e-15,5.78663355176369e-15,0,1,1,1,0,0,0,0,0,61,61,21.466
"A2","r1","RSA",17,0,6546,5550,0.847846012832264,113.492893975796,104.428988033816,0.441457298747239,5.76548170444998,0.739410644028663,5.95603603603604,1.46247482299384,0.194884546617209,0.428534884321208,6.7250065601578e-15,5.16105154616762e-15,0,1,1,1,0,0,0,0,0,41,41,21.372
"A2","r1","RSA",18,0,6546,5570,0.850901313779407,112.848413945655,103.951201819736,0.441148490927175,5.75227739162555,0.746889381921127,5.95816876122083,1.44105823691227,0.194611991047324,0.429585269388581,6.88140206155682e-15,5.94302905316271e-15,2.29094972752469e-19,1,1,1,0,0,0,0,0,55,55,21.21
"A2","r1","RSA",19,0,6546,5529,0.844637946837763,113.329312104944,104.830049147259,0.438656744340081,5.77654230597382,0.743292816353306,5.95623078314343,1.4217452694502,0.192419739355039,0.429925270552452,6.88140206155682e-15,6.88140206155682e-15,1.87094227747849e-18,1,1,1,0,0,0,0,0,44,44,21.396
"A2","r1","RSA",20,0,6545,5573,0.851489686783804,112.529243534046,104.213307635468,0.443128556426436,5.75952481479872,0.74385637544313,5.94850170464741,1.41317659533988,0.196362917520577,0.432172199372009,7.03779756295584e-15,6.56861105875878e-15,0,1,1,1,0,0,0,0,0,60,60,21.107
"A2","r1","RSArule",1,0,6546,5559,0.849220898258478,113.008398846577,105.932325398518,0.414210381094263,5.80683273745563,0.739977845546358,5.95089044792229,1.39971088382202,0.171570239806255,0.403870077698693,6.7250065601578e-15,6.09942455456173e-15,5.72737431881172e-20,1,1,1,0,0,0,0,0,44,44,21.603
"A2","r1","RSArule",2,0,6546,5564,0.849984723495264,113.340894391994,105.305793598553,0.41849467958199,5.78963515037267,0.738956380013734,5.94841840402588,1.34930722307306,0.175137796838432,0.405683217756546,6.7250065601578e-15,6.09942455456173e-15,0,1,1,1,0,0,0,0,0,46,46,21.177
"A2","r1","RSArule",3,0,6546,5581,0.852581729300336,112.632649593042,104.806723897217,0.426321301359305,5.77589961434747,0.735995615173411,5.95538433972406,1.39281195351098,0.181749851992692,0.414204203078637,6.7250065601578e-15,7.97617057134995e-15,3.81824954587448e-20,1,1,1,0,0,0,0,0,46,46,21.341
"A2","r1","RSArule",4,0,6546,5551,0.847998777879621,112.834419408464,104.543126594575,0.415315851076987,5.76863161656356,0.739420858256824,5.95748513781301,1.34774171036466,0.172487256155802,0.404326554137911,6.88140206155682e-15,7.03779756295584e-15,0,1,1,1,0,0,0,0,0,44,44,21.168
"A2","r1","RSArule",5,0,6546,5578,0.852123434158265,112.534419805246,103.900277489392,0.421841440768816,5.75086823713132,0.736805811838288,5.95087845105773,1.42918068775145,0.17795020114991,0.41233390475161,6.7250065601578e-15,7.66337956855191e-15,1.22183985467983e-18,1,1,1,0,0,0,0,0,46,46,21.2679999999999
"A2","r1","RSArule",6,0,6545,5566,0.850420168067227,112.576474309806,104.896636259868,0.418908838029787,5.77837651495676,0.734166601731133,5.95616241466044,1.38927288934001,0.175484614579466,0.406510614351006,6.7250065601578e-15,7.19419306435486e-15,6.68193670528034e-20,1,1,1,0,0,0,0,0,46,46,21.311
"A2","r1","RSArule",7,0,6546,5569,0.85074854873205,113.127613699295,105.73161266314,0.408811703214326,5.80132895057957,0.740269103809512,5.95618602980787,1.34829550849014,0.167127008684998,0.39797834936453,6.88140206155682e-15,7.50698406715289e-15,3.84211360553619e-19,1,1,1,0,0,0,0,0,52,52,21.3770000000001
"A2","r1","RSArule",8,0,6546,5584,0.853040024442408,112.710743122885,105.528773085447,0.406961843333326,5.79576153256957,0.739274946596944,5.95254297994269,1.34594732038059,0.165617941929259,0.395231940070058,6.88140206155682e-15,7.35058856575388e-15,2.14776536955439e-19,1,1,1,0,0,0,0,0,40,40,21.401
"A2","r1","RSArule",9,0,6545,5544,0.847058823529412,113.459401777502,105.506394969708,0.409404310560313,5.79514698395928,0.737053813422098,5.95075757575758,1.31689641316648,0.167611889505366,0.395027799229551,6.88140206155682e-15,6.88140206155682e-15,0,1,1,1,0,0,0,0,0,57,57,21.9250000000001
"A2","r1","RSArule",10,0,6546,5550,0.847846012832264,113.507520542855,105.527493709525,0.417171372811555,5.79572639966271,0.740153851471674,5.95675675675676,1.38829007417942,0.174031954293477,0.404731082668221,6.88140206155682e-15,7.66337956855191e-15,1.52729981834979e-19,1,1,1,0,0,0,0,0,40,40,21.514
"A2","r1","RSArule",11,0,6546,5548,0.84754048273755,113.750164810456,105.960398512285,0.413790009193987,5.80760208295963,0.741371302123534,5.95367700072098,1.38076347380301,0.17122217170876,0.399428021638191,6.7250065601578e-15,7.35058856575388e-15,3.70079362722697e-20,1,1,1,0,0,0,0,0,45,45,21.7140000000001
"A2","r1","RSArule",12,0,6545,5596,0.855003819709702,112.236802409747,105.187027492795,0.40671841170175,5.78636939262352,0.741035180309604,5.95228734810579,1.32480084395786,0.165419866417195,0.398830565461309,6.88140206155682e-15,8.75814807834504e-15,0,1,1,1,0,0,0,0,0,48,48,21.288
"A2","r1","RSArule",13,0,6546,5570,0.850901313779407,113.23456382559,105.832394710614,0.407783006616788,5.80409315972442,0.737466088345396,5.94829443447038,1.35484086858098,0.166286980485427,0.396607434047627,6.7250065601578e-15,6.88140206155682e-15,0,1,1,1,0,0,0,0,0,28,28,21.524
"A2","r1","RSArule",14,0,6546,5546,0.847234952642835,112.909750254692,104.838632364647,0.419989863240657,5.77677875431809,0.74279495812575,5.95708618824378,1.40988034495979,0.176391485224905,0.408249040531729,6.7250065601578e-15,7.19419306435486e-15,3.10232775602301e-19,1,1,1,0,0,0,0,0,37,37,21.294
"A2","r1","RSArule",15,0,6546,5532,0.845096241979835,113.266017126409,105.620233684289,0.412474544206334,5.79827254916085,0.740088696817867,5.95770065075922,1.39361814360471,0.170135249618223,0.402592837146904,6.7250065601578e-15,8.13256607274897e-15,9.5456238646862e-21,1,1,1,0,0,0,0,0,33,33,21.4649999999999
"A2","r1","RSArule",16,0,6546,5557,0.848915368163764,113.073449718648,105.13750967566,0.422355560946386,5.78500723755004,0.740973073237882,5.95843080798992,1.39981956743083,0.178384219862336,0.408716202736637,6.7250065601578e-15,5.63023805036467e-15,2.67277468211214e-19,1,1,1,0,0,0,0,0,33,33,21.385
"A2","r1","RSArule",17,0,6546,5565,0.850137488542622,113.06215344204,105.706709857232,0.410702918837554,5.8006457212554,0.743526092392762,5.95381850853549,1.34240319135399,0.168676887541686,0.399786240495781,6.88140206155682e-15,7.66337956855191e-15,0,1,1,1,0,0,0,0,0,47,47,21.4670000000001
"A2","r1","RSArule",18,0,6546,5570,0.850901313779407,112.977189414048,104.453865499761,0.422221813769702,5.76616839311597,0.73608945368217,5.95296229802513,1.34380968254311,0.178271260022977,0.406786949387947,6.7250065601578e-15,5.94302905316271e-15,1.52729981834979e-19,1,1,1,0,0,0,0,0,53,53,21.454
"A2","r1","RSArule",19,0,6546,5582,0.852734494347693,112.619789285674,105.362068977286,0.414096217063645,5.79118192429007,0.741061681436714,5.95431744894303,1.35089606691999,0.171475676986421,0.401870738410146,6.88140206155682e-15,6.88140206155682e-15,0,1,1,1,0,0,0,0,0,61,61,21.184
"A2","r1","RSArule",20,0,6546,5577,0.851970669110907,112.723965445832,105.789349038723,0.406833504373375,5.80291268691622,0.733264898278066,5.95212479827864,1.43260712359046,0.165513500280721,0.396952473186395,7.03779756295584e-15,6.56861105875878e-15,0,1,1,1,0,0,0,0,0,40,40,21.2470000000001
"A2","r2","CSR",1,0,6844,6208,0.907071887784921,124.541339941707,114.353593705826,0.524259696244142,6.0332312355657,0.771417755927754,5.96359536082474,1.77247825866705,0.274848229106,0.513796948618601,1.35108906431784e-15,8.10653438590706e-16,6.59711457186447e-20,1,1,1,0,0,0,0,0,24,24,13.566
"A2","r2","CSR",2,0,6844,6212,0.907656341320865,124.816407876458,113.776654317382,0.518182684327085,6.01799251179739,0.768669833925076,5.96555054732775,1.75408594705009,0.268513294336424,0.506585839910091,1.21598015788606e-15,2.5670692222039e-15,8.24639321483058e-21,1,1,1,0,0,0,0,0,18,18,14.1579999999999
"A2","r2","CSR",3,0,6844,6233,0.91072472238457,124.023735610682,112.5457675132,0.541433674791482,5.98535132198553,0.770616469100533,5.97160275950586,1.78240912843911,0.293150424198208,0.528713834844635,1.21598015788606e-15,2.16174250290855e-15,0,1,1,1,0,0,0,0,0,33,33,14.071
"A2","r2","CSR",4,0,6844,6217,0.908386908240795,124.282462947937,113.323564339738,0.535383199826052,6.00599790766892,0.767471482893524,5.9618787196397,1.7664036770519,0.286635170655982,0.52386965433092,1.35108906431784e-15,2.29685140934033e-15,3.21609335378393e-19,1,1,1,0,0,0,0,0,27,27,14.097
"A2","r2","CSR",5,0,6844,6228,0.909994155464641,124.472108916071,112.367699238552,0.534249921914856,5.98061442746068,0.777540101374141,5.96515735388568,1.75677519604837,0.285422979066029,0.52056340046193,1.21598015788606e-15,2.02663359647676e-15,0,1,1,1,0,0,0,0,0,27,27,14.035
"A2","r2","CSR",6,0,6844,6221,0.908971361776739,124.358044261858,113.437241527748,0.522868870781479,6.00900952235063,0.771179598014083,5.96109950168783,1.72549615424573,0.273391856032299,0.512723381493402,1.21598015788606e-15,1.35108906431784e-15,5.27769165749157e-19,1,1,1,0,0,0,0,0,22,22,13.9830000000001
"A2","r2","CSR",7,0,6844,6229,0.910140268848627,124.140317359778,112.160718518177,0.529650833284493,5.97510381046329,0.772446306453092,5.95938352865628,1.77179255503373,0.280530005198958,0.518036316329883,1.35108906431784e-15,9.4576234502249e-16,0,1,1,1,0,0,0,0,0,35,35,13.909
"A2","r2","CSR",8,0,6844,6211,0.907510227936879,124.63508399547,113.149954975508,0.530744827992641,6.00139561185188,0.772321613610975,5.96538399613589,1.73422827039762,0.281690072440938,0.518447818793535,1.21598015788606e-15,1.35108906431784e-16,1.31942291437289e-19,1,1,1,0,0,0,0,0,30,30,14.2329999999999
"A2","r2","CSR",9,0,6844,6206,0.906779661016949,124.535530354299,111.911270533687,0.538073233397201,5.96845572776308,0.766961904146389,5.9663229133097,1.72150870086732,0.289522804498519,0.527400497319696,1.21598015788606e-15,1.21598015788606e-15,0,1,1,1,0,0,0,0,0,29,29,14.172
"A2","r2","CSR",10,0,6844,6188,0.904149620105202,124.968506452086,114.427189674012,0.525859253767095,6.03517225140426,0.769698991315485,5.96606334841629,1.79842788155284,0.276527954772486,0.513595133882947,1.21598015788606e-15,2.43196031577212e-15,4.12319660741529e-21,1,1,1,0,0,0,0,0,23,23,14.241
"A2","r2","CSR",11,0,6844,6216,0.908240794856809,124.625191886559,113.699415095744,0.53384019686215,6.01594945098778,0.769822957559776,5.96364221364221,1.75346470479214,0.284985355785819,0.521520353603772,1.35108906431784e-15,2.83728703506747e-15,7.75160962194075e-19,1,1,1,0,0,0,0,0,29,29,14.1420000000001
"A2","r2","CSR",12,0,6844,6240,0.911747516072472,123.722071958619,113.498356525694,0.535394484368656,6.01062799283509,0.765450005064391,5.96586538461538,1.7348500283576,0.286647253892379,0.520391924255409,1.35108906431784e-15,1.62130687718141e-15,4.12319660741529e-21,1,1,1,0,0,0,0,0,26,26,13.883
"A2","r2","CSR",13,0,6844,6213,0.907802454704851,124.464901930729,113.013501378515,0.528265693106702,5.99777581783671,0.769773024444504,5.96426846933848,1.82132446880121,0.279064642513504,0.516874059207791,1.35108906431784e-15,2.5670692222039e-15,0,1,1,1,0,0,0,0,0,34,34,13.961
"A2","r2","CSR",14,0,6844,6236,0.911163062536528,123.98612720368,112.481262625795,0.529094171311828,5.9836358415119,0.771458759931078,5.96343810134702,1.84854272447588,0.27994064211615,0.519940438380685,1.21598015788606e-15,2.16174250290855e-15,0,1,1,1,0,0,0,0,1,25,24,13.877
"A2","r2","CSR",15,0,6844,6221,0.908971361776739,124.496517890465,113.126361651459,0.528792172301504,6.00076989241066,0.770291308546138,5.95949204307989,1.79160643004118,0.279621161487344,0.517035378459065,1.48619797074963e-15,1.7564157836132e-15,0,1,1,1,0,0,0,0,0,36,36,13.987
"A2","r2","CSR",16,0,6844,6219,0.908679135008767,124.644625375561,113.533425663046,0.534235372450736,6.01155652064089,0.775538370412832,5.95835343302782,1.78002790915957,0.285407433177577,0.51771776143356,1.35108906431784e-15,2.83728703506747e-15,1.38539406009154e-18,1,1,1,0,0,0,0,0,22,22,14.2289999999999
"A2","r2","CSR",17,0,6844,6220,0.908825248392753,124.24425003509,112.615454987678,0.533411859376401,5.98720407588552,0.77157354427007,5.96430868167203,1.76106713737437,0.284528211723389,0.521997135889348,1.21598015788606e-15,2.02663359647676e-15,2.63884582874579e-19,1,1,1,0,0,0,0,0,27,27,14.205
"A2","r2","CSR",18,0,6844,6234,0.910870835768556,124.234633238382,113.041720028223,0.530674207363477,5.99852457143384,0.773114183606262,5.96246390760346,1.70370873646386,0.281615114360855,0.517671188646788,1.21598015788606e-15,2.16174250290855e-15,0,1,1,1,0,0,0,0,0,25,25,13.784
"A2","r2","CSR",19,0,6844,6215,0.908094681472823,124.391416943483,112.665021433365,0.527143416767941,5.98852153284504,0.772675883590911,5.96411906677393,1.79127752685719,0.277880181841779,0.515994229017647,1.35108906431784e-15,2.83728703506747e-15,0,1,1,1,0,0,0,0,0,34,34,13.673
"A2","r2","CSR",20,0,6844,6212,0.907656341320865,124.6556511725,113.95013109221,0.525554176111457,6.02257861366609,0.771143417527523,5.9671603348358,1.81183395722211,0.276207192028193,0.514070161229687,1.35108906431784e-15,8.10653438590706e-16,0,1,1,1,0,0,0,0,0,33,33,13.823
"A2","r2","RSA",1,0,6843,6186,0.903989478298992,125.374386412564,115.879398631938,0.442010148842023,6.07334818388669,0.746780688592155,5.97154865826059,1.516409468691,0.195372971679347,0.431672969958731,1.21598015788606e-15,0,0,1,1,1,0,0,0,0,0,40,40,13.919
"A2","r2","RSA",2,0,6844,6208,0.907071887784921,124.662561905549,114.585224231449,0.442141559897469,6.03933849153836,0.744578784901405,5.97245489690722,1.45034473777528,0.195489158988567,0.432309340009823,1.35108906431784e-15,1.08087125145427e-15,0,1,1,1,0,0,1,0,0,24,24,14.327
"A2","r2","RSA",3,0,6845,6232,0.910445580715851,124.818437660226,115.359750305111,0.458878571093543,6.05971525626044,0.75024394629192,5.96967265725289,1.4458783714044,0.210569543008852,0.450293539285824,1.21598015788606e-15,1.08087125145427e-15,3.76241690426645e-20,1,1,1,0,0,0,0,0,31,31,14.437
"A2","r2","RSA",4,0,6844,6212,0.907656341320865,124.867644860601,114.678787439722,0.446464415076836,6.04180367394344,0.747547255996529,5.96764327108822,1.47713674086117,0.199330473929901,0.430856240097446,1.35108906431784e-15,2.70217812863569e-15,0,1,1,1,0,0,0,0,0,21,21,14.0940000000001
"A2","r2","RSA",5,0,6843,6207,0.907058307759754,125.300792815128,115.866446040958,0.451053843114877,6.07300874787924,0.754378575837727,5.96987272434348,1.50714892031135,0.2034495693887,0.440075756799917,1.35108906431784e-15,1.08087125145427e-15,0,1,1,1,0,0,0,0,1,17,16,13.87
"A2","r2","RSA",6,0,6845,6183,0.903287070854638,125.8984086088,115.609961682382,0.452478820116447,6.06628335513858,0.748775891316181,5.96878537926573,1.50031956942709,0.204737082653972,0.440262675279032,1.35108906431784e-15,9.4576234502249e-16,0,1,1,1,0,0,0,0,0,24,24,14.266
"A2","r2","RSA",7,0,6844,6211,0.907510227936879,124.756101510542,116.516923489997,0.44226879402006,6.09003190915994,0.747833248207135,5.96796007084205,1.46483479132006,0.195601686163959,0.431352956887023,1.21598015788606e-15,9.4576234502249e-16,0,1,1,1,0,0,0,0,0,19,19,14.198
"A2","r2","RSA",8,0,6843,6204,0.906619903551074,125.317626866836,115.536128213403,0.445850727262836,6.06434592795787,0.744155561949173,5.96921341070277,1.44464287626056,0.198782871000799,0.43404461384238,1.21598015788606e-15,1.62130687718141e-15,0,1,1,1,0,0,0,0,0,20,20,13.8539999999999
"A2","r2","RSA",9,0,6843,6189,0.904427882507672,125.69576646648,117.758950580338,0.437004905700018,6.12240460573704,0.744737132706157,5.9720471804815,1.46802911477429,0.190973287605881,0.425028526029661,1.21598015788606e-15,6.75544532158921e-16,2.63884582874579e-19,1,1,1,0,0,0,0,0,30,30,14.2180000000001
"A2","r2","RSA",10,0,6844,6197,0.905464640561075,125.435713421072,116.259719839925,0.442785373073088,6.08330651784093,0.747693483948533,5.9725673713087,1.515709563125,0.196058886607474,0.435096306590964,1.21598015788606e-15,2.5670692222039e-15,4.61798020030513e-19,1,1,1,0,0,0,0,0,20,20,14.038
"A2","r2","RSA",11,0,6843,6194,0.905158556188806,125.321776812864,115.726420874374,0.449571035608302,6.06933795412449,0.752136366791552,5.97352276396513,1.53135115990478,0.202114116057921,0.440767176344132,1.21598015788606e-15,6.75544532158921e-16,3.62841301452546e-19,1,1,1,0,0,0,0,0,22,22,14.066
"A2","r2","RSA",12,0,6843,6213,0.907935116177115,124.983926377218,115.739799031286,0.438247388140933,6.06968881052262,0.74893484520735,5.9716723000161,1.44832812698049,0.19206077321235,0.429266700964342,1.35108906431784e-15,2.97239594149925e-15,0,1,1,1,0,0,0,0,0,25,25,13.779
"A2","r2","RSA",13,0,6846,6222,0.908851884312007,124.785657374755,114.931190770802,0.446199746165773,6.04844891175125,0.744581742212467,5.97139183542269,1.46003982425739,0.1990942134784,0.432974276985229,1.35108906431784e-15,1.89152469004498e-15,5.54569943697357e-19,1,1,1,0,0,0,0,0,21,21,13.7569999999999
"A2","r2","RSA",14,0,6844,6210,0.907364114552893,125.09116217899,115.915116742883,0.441219488578495,6.0742841135706,0.74894013646993,5.96924315619968,1.45001215056114,0.194674637101468,0.431575058625817,1.35108906431784e-15,1.89152469004498e-15,0,1,1,1,0,0,0,0,0,25,25,14.0509999999999
"A2","r2","RSA",15,0,6844,6220,0.908825248392753,124.796431478663,114.956772158707,0.449416142823773,6.04912199974441,0.748509190540983,5.97138263665595,1.47305131199948,0.201974869430598,0.435278092244471,1.21598015788606e-15,2.29685140934033e-15,0,1,1,1,0,0,0,0,0,29,29,14.1229999999999
"A2","r2","RSA",16,0,6844,6185,0.903711279953244,125.373552109828,116.421314876309,0.443053158947667,6.08753279150472,0.749654911479349,5.97429264349232,1.50661586842097,0.196296101653507,0.431626158994832,1.35108906431784e-15,1.35108906431784e-15,0,1,1,1,0,0,0,0,0,26,26,13.826
"A2","r2","RSA",17,0,6845,6198,0.905478451424397,125.209622901641,116.099047844292,0.442047387412657,6.07910147154587,0.746921866801639,5.97111971603743,1.48617563807822,0.195405892718356,0.432336274880503,1.21598015788606e-15,1.48619797074963e-15,0,1,1,1,0,0,0,0,0,27,27,14.1089999999999
"A2","r2","RSA",18,0,6844,6195,0.905172413793103,125.026374190523,115.069112464592,0.449205262432509,6.05207700643952,0.743529144532848,5.96916868442292,1.42316939275505,0.201785367797059,0.441256361114747,1.35108906431784e-15,9.4576234502249e-16,7.91653748623736e-19,1,1,1,0,0,0,0,0,21,21,13.8049999999999
"A2","r2","RSA",19,0,6843,6220,0.908958059330703,124.687014420244,115.482187741013,0.44203195006143,6.06293015253567,0.749893355637968,5.96897106109325,1.45634529904985,0.195392244875111,0.430808331129401,1.35108906431784e-15,8.10653438590706e-16,2.63884582874579e-19,1,1,1,0,0,0,0,0,24,24,13.761
"A2","r2","RSA",20,0,6844,6215,0.908094681472823,124.83069211429,116.227672314406,0.438609248177789,6.08246801436764,0.751504316528221,5.97216411906677,1.50920250926916,0.192378072587086,0.428805830904304,1.35108906431784e-15,1.89152469004498e-15,0,1,1,1,0,0,0,0,0,22,22,13.586
"A2","r2","RSArule",1,0,6844,6222,0.909117475160725,125.050904771442,116.329590448095,0.404453383182188,6.08513423477928,0.734158109209358,5.97219543555127,1.352224692228,0.163582539167518,0.395087517531433,1.35108906431784e-15,2.02663359647676e-15,0,1,1,1,0,0,0,0,0,24,24,13.913
"A2","r2","RSArule",2,0,6844,6226,0.909701928696669,124.488003367638,116.40640072238,0.413327091159041,6.08714285728431,0.73713794657212,5.96867973016383,1.38873775861557,0.170839284285994,0.402851911045074,1.35108906431784e-15,6.75544532158921e-16,0,1,1,1,0,0,0,0,0,15,15,13.996
"A2","r2","RSArule",3,0,6846,6207,0.906660823838738,125.055700762009,116.275566274666,0.404204039961418,6.08372108720022,0.738400160010863,5.96971161591751,1.34326551462979,0.163380905921132,0.392453587199729,1.35108906431784e-15,1.48619797074963e-15,0,1,1,1,0,0,0,0,0,21,21,14.543
"A2","r2","RSArule",4,0,6843,6201,0.906181499342394,125.134703667809,117.292296897519,0.402864699757704,6.11026166998472,0.738540657236483,5.9685534591195,1.36336579427876,0.162299966310865,0.395146481717012,1.21598015788606e-15,2.02663359647676e-15,6.59711457186447e-20,1,1,1,0,0,0,0,0,20,20,13.8579999999999
"A2","r2","RSArule",5,0,6844,6209,0.907218001168907,125.230694020725,117.361461931278,0.401398680888936,6.11206295694902,0.737608197286731,5.97197616363344,1.35391814633895,0.161120901019378,0.392093123601451,1.35108906431784e-15,2.97239594149925e-15,0,1,1,1,0,0,0,0,0,24,24,14.0840000000001
"A2","r2","RSArule",6,0,6843,6196,0.90545082566126,125.679957125993,117.985533967331,0.402034771507198,6.12829192205056,0.738519508362342,5.97304712717883,1.33535090722177,0.161631957500845,0.392524350183955,1.35108906431784e-15,2.29685140934033e-15,0,1,1,1,0,0,0,0,0,20,20,14.1650000000001
"A2","r2","RSArule",7,0,6844,6223,0.909263588544711,124.948342771199,115.768263122601,0.415348396911857,6.070435129235,0.737362063315613,5.97396753977181,1.33876289640679,0.17251429081725,0.40573749697169,1.35108906431784e-15,8.10653438590706e-16,5.15399575926912e-19,1,1,1,0,0,0,0,0,15,15,14.1700000000001
"A2","r2","RSArule",8,0,6845,6199,0.905624543462381,125.259462727163,116.744400137051,0.413708831191113,6.09597381229771,0.739217678699625,5.97257622197129,1.39873151947969,0.171154997005517,0.403498653934118,1.21598015788606e-15,1.08087125145427e-15,0,1,1,1,0,0,0,0,0,22,22,14.032
"A2","r2","RSArule",9,0,6843,6216,0.908373520385796,124.826595442479,116.851039685928,0.396928471336256,6.0987573412802,0.734138308222036,5.97136422136422,1.35815009354832,0.157552211357337,0.388968453843588,1.21598015788606e-15,1.08087125145427e-15,0,1,1,1,0,0,0,0,0,27,27,13.975
"A2","r2","RSArule",10,0,6844,6207,0.906925774400935,125.078278705764,116.509472526444,0.415800300604418,6.08983718495216,0.736611903593486,5.96971161591751,1.35164450270585,0.172889889982724,0.404741894157222,1.35108906431784e-15,1.21598015788606e-15,3.95826874311868e-19,1,1,1,0,0,0,0,0,17,17,14.109
"A2","r2","RSArule",11,0,6846,6231,0.910166520595968,125.176852109372,116.479579934241,0.415159776256261,6.08905590642786,0.740757150066455,5.97159364467983,1.36692970707999,0.172357639821148,0.406317674007747,1.35108906431784e-15,3.64794047365818e-15,1.64927864296612e-20,1,1,1,0,0,0,0,0,26,26,13.9430000000001
"A2","r2","RSArule",12,0,6845,6200,0.905770635500365,125.70437469609,117.300431499688,0.409134149092419,6.11047354584913,0.73288088660649,5.97096774193548,1.34485791152579,0.167390751953577,0.399268215375615,1.35108906431784e-15,1.62130687718141e-15,0,1,1,1,0,0,0,0,0,37,37,14.04
"A2","r2","RSArule",13,0,6844,6186,0.90385739333723,125.619264618658,116.898007635782,0.415670642670081,6.09998290372497,0.736636688138681,5.9692854833495,1.43090771897112,0.172782083177758,0.402720204717169,1.35108906431784e-15,2.97239594149925e-15,0,1,1,1,0,0,0,0,0,19,19,13.6610000000001
"A2","r2","RSArule",14,0,6843,6208,0.907204442495981,125.14226187512,116.16700020883,0.415351926374172,6.08088023894844,0.740934306845277,5.97068298969072,1.416250089274,0.172517222742735,0.406348302631089,1.21598015788606e-15,9.4576234502249e-16,3.29855728593223e-20,1,1,1,0,0,0,0,0,24,24,14.064
"A2","r2","RSArule",15,0,6844,6203,0.906341320864991,125.395956531324,116.322941558263,0.405407583897361,6.0849603357766,0.738946206869886,5.97114299532484,1.40274662950067,0.164355309081496,0.39534459263243,1.21598015788606e-15,2.29685140934033e-15,0,1,1,1,0,0,0,0,0,21,21,13.908
"A2","r2","RSArule",16,0,6844,6215,0.908094681472823,125.0575147515,117.038693830535,0.41381345445989,6.10365245670961,0.739046060475132,5.9657280772325,1.42415514651602,0.171241575092027,0.403731071459124,1.35108906431784e-15,1.89152469004498e-15,0,1,1,1,0,0,0,0,0,24,24,14.0970000000001
"A2","r2","RSArule",17,0,6843,6211,0.907642846704662,125.136725734181,116.600059061374,0.407462936158022,6.09220416014182,0.737606455469594,5.97085815488649,1.3880395049975,0.166026044342516,0.398841173796926,1.35108906431784e-15,1.48619797074963e-15,0,1,1,1,0,0,0,0,0,29,29,13.942
"A2","r2","RSArule",18,0,6844,6206,0.906779661016949,125.499375507612,117.021290037077,0.406414165351046,6.10319862924763,0.736955947775692,5.97373509506929,1.36353244488256,0.165172473797987,0.395162119496151,1.21598015788606e-15,1.21598015788606e-15,6.59711457186447e-20,1,1,1,0,0,0,0,0,21,21,13.763
"A2","r2","RSArule",19,0,6844,6196,0.905318527177089,125.055834488568,115.903249586964,0.414052023294421,6.07397317579692,0.735764911306806,5.9724015493867,1.38406467553594,0.171439077994204,0.401451772285709,1.21598015788606e-15,3.10750484793104e-15,1.91084392774902e-19,1,1,1,0,0,0,0,0,20,20,13.754
"A2","r2","RSArule",20,0,6843,6165,0.900920648838229,126.26469779537,117.249804451992,0.416152964452616,6.10915476233703,0.742309103150038,5.97437145174371,1.39259420658266,0.173183289822701,0.407032580568082,1.35108906431784e-15,8.10653438590706e-16,0,1,1,1,0,0,0,0,0,15,15,13.955
"A2","r3","CSR",1,0,5409,4604,0.851173969310409,125.041935467656,113.796524553851,0.530338527143576,6.01851794837687,0.770906421793688,5.94070373588184,1.75251186615158,0.281258953372817,0.515284905701992,1.7004278114014e-15,-1.36034224912112e-15,0,1,1,1,0,0,0,0,0,35,35,11.876
"A2","r3","CSR",2,0,5409,4585,0.847661305232021,124.610910398885,113.868976632764,0.527481942162343,6.02043362157908,0.7731041664352,5.93893129770992,1.74277939863848,0.278237199307358,0.518098126655572,1.7004278114014e-15,-1.87047059254154e-15,8.47152222324457e-19,1,1,1,0,0,0,0,0,30,30,12.1
"A2","r3","CSR",3,0,5409,4616,0.853392493991496,123.69853736315,113.30618760203,0.531647680871646,6.00553737878153,0.777239812437839,5.9367417677643,1.77237889408173,0.2826492565762,0.517631919681117,1.53038503026126e-15,-5.10128343420419e-16,3.63250570062554e-20,1,1,1,0,0,0,0,0,22,22,11.97
"A2","r3","CSR",4,0,5409,4592,0.848955444629321,124.739146919579,113.176430272373,0.536928927844023,6.0020976643551,0.772933152951242,5.93771777003484,1.71382863912654,0.288292673555732,0.520573772152175,1.7004278114014e-15,-6.80171124560559e-16,2.66210774917272e-18,1,1,1,0,0,0,0,0,45,45,11.97
"A2","r3","CSR",5,0,5409,4577,0.846182288777963,124.430025503458,113.506871749928,0.53676242173066,6.01085346916706,0.771023673358308,5.9368582040638,1.778573431157,0.288113897382163,0.525008250188804,1.87047059254154e-15,-2.04051337368168e-15,0,1,1,1,0,0,0,0,0,53,53,12.2529999999999
"A2","r3","CSR",6,0,5409,4585,0.847661305232021,125.472408601091,113.640973947064,0.534473700226509,6.0144031693016,0.773395680654499,5.94547437295529,1.77407691824582,0.285662136233816,0.517768768630611,1.7004278114014e-15,-1.53038503026126e-15,1.35440569694752e-18,1,1,1,0,0,0,0,0,50,50,12.097
"A2","r3","CSR",7,0,5409,4591,0.848770567572564,123.980636158321,113.073142072097,0.527694792480453,5.99935821429365,0.772176197714829,5.92855587018079,1.78705148701945,0.278461794010988,0.51706501796262,1.87047059254154e-15,1.7004278114014e-16,6.64229613828671e-19,1,1,1,0,0,0,0,0,47,47,12.053
"A2","r3","CSR",8,0,5409,4589,0.84840081345905,124.274566861489,112.61528520209,0.535083068956708,5.98719956367186,0.772846255117312,5.94552190019612,1.78691815062097,0.286313890684129,0.521483756777868,1.7004278114014e-15,-1.53038503026126e-15,0,1,1,1,0,0,0,0,0,34,34,12.285
"A2","r3","CSR",9,0,5409,4594,0.849325198742836,124.172364496017,114.073705160825,0.529431956153079,6.02584330872088,0.771789009731493,5.94253373966043,1.75241212873293,0.280298196196075,0.515161565180157,1.7004278114014e-15,-2.38059893596196e-15,1.0378587716073e-20,1,1,1,0,0,0,0,0,35,35,12.337
"A2","r3","CSR",10,0,5409,4615,0.853207616934738,124.380811936331,112.735324130129,0.540876734944372,5.99038965283178,0.769440161096929,5.94149512459372,1.76727431374952,0.292547642404084,0.524051939864922,1.7004278114014e-15,-1.02025668684084e-15,1.55678815741095e-20,1,1,1,0,0,0,0,0,36,36,12.107
"A2","r3","CSR",11,0,5409,4601,0.850619338140137,123.758969350974,112.36083116712,0.545202129561973,5.98043170518,0.773385072061811,5.9408824168659,1.74780869943207,0.29724536207891,0.528331514269392,1.7004278114014e-15,-2.5506417171021e-15,0,1,1,1,0,0,0,0,0,37,37,12.0519999999999
"A2","r3","CSR",12,0,5409,4630,0.855980772786097,123.624851153651,112.647381878203,0.533487711132271,5.98805269481244,0.774112483127479,5.9354211663067,1.70742945101009,0.284609137929149,0.517255090202162,1.7004278114014e-15,-1.7004278114014e-15,1.86814578889314e-19,1,1,1,0,0,0,0,0,37,37,11.885
"A2","r3","CSR",13,0,5409,4613,0.852837862821224,124.12149270623,114.06442646173,0.530422555813378,6.02559827773579,0.771515560498486,5.93474962063733,1.75658274844142,0.281348087715596,0.516802046109608,1.7004278114014e-15,-1.7004278114014e-16,5.7730894170656e-20,1,1,1,0,0,1,0,0,36,36,12.2230000000001
"A2","r3","CSR",14,0,5409,4605,0.851358846367166,124.065063703194,112.778645559804,0.537227978938481,5.99154052244522,0.775984587850146,5.93811074918567,1.7922158044131,0.288613901354325,0.522961875019394,1.7004278114014e-15,-1.7004278114014e-15,1.24543052592876e-18,1,1,1,0,0,0,0,0,40,40,12.23
"A2","r3","CSR",15,0,5409,4618,0.85376224810501,124.230027520453,113.367221796869,0.539112929625367,6.00715459686235,0.769967632546269,5.93352100476397,1.77270759117664,0.290642750889246,0.525301884045283,1.87047059254154e-15,-2.21055615482182e-15,1.36997357852163e-18,1,1,1,0,0,0,0,0,38,38,12.27
"A2","r3","CSR",16,0,5409,4604,0.851173969310409,124.293671103909,113.833431066961,0.543379618108208,6.01949379004079,0.77178364815501,5.93505647263249,1.7539825951156,0.295261409375422,0.529516427360102,1.7004278114014e-15,-1.53038503026126e-15,3.32114806914335e-19,1,1,1,0,0,0,0,0,27,27,12.066
"A2","r3","CSR",17,0,5409,4613,0.852837862821224,122.968701786847,112.188313949562,0.525867707969955,5.97583880676483,0.771052826106735,5.94255365272057,1.73022045055745,0.276536846285574,0.512860530132681,1.7004278114014e-15,-5.10128343420419e-16,1.49451663111451e-18,1,1,1,0,0,0,0,0,43,43,11.894
"A2","r3","CSR",18,0,5409,4597,0.849879829913108,124.100899596511,112.239506779858,0.531482871145955,5.97720207358104,0.769007448261476,5.94561670654775,1.771193249921,0.282474042321548,0.516157191233865,1.7004278114014e-15,-1.36034224912112e-15,0,1,1,1,0,0,0,0,0,35,35,12
"A2","r3","CSR",19,0,5409,4606,0.851543723423923,123.1564992371,111.078885409738,0.519720535338488,5.9462179048679,0.773729165717446,5.93768996960486,1.71924365282879,0.270109434852525,0.505887240073693,1.7004278114014e-15,-2.21055615482182e-15,3.32114806914335e-19,1,1,1,0,0,0,0,0,45,45,12.071
"A2","r3","CSR",20,0,5409,4600,0.85043446108338,123.567309372302,112.889027698471,0.521518747497998,5.99447191610441,0.774068219259976,5.93347826086957,1.71159911890108,0.271981803991881,0.50799677603201,1.7004278114014e-15,-1.53038503026126e-15,2.0757175432146e-20,1,1,1,0,0,0,0,0,32,32,12.269
"A2","r3","RSA",1,0,5409,4594,0.849325198742836,125.640609945299,116.842328859453,0.445695207390231,6.09853001945925,0.749376021533363,5.9442751414889,1.49874470634033,0.198644217890621,0.433852018365386,1.7004278114014e-15,-5.10128343420419e-16,8.30287017285838e-20,1,1,1,0,0,0,0,0,42,42,11.607
"A2","r3","RSA",2,0,5409,4581,0.846921797004992,125.364758644424,116.995315031148,0.44411722101351,6.1025212340148,0.747779814407606,5.94629993451212,1.45650431962663,0.197240106000763,0.433101156030942,1.7004278114014e-15,-1.87047059254154e-15,1.66057403457168e-19,1,1,1,0,0,0,0,0,40,40,12.14
"A2","r3","RSA",3,0,5410,4622,0.854343807763401,124.124761454774,114.674980615313,0.441622148852574,6.04170339705277,0.744689423950539,5.93963652098659,1.45642903902949,0.195030122357165,0.431124002865702,1.87047059254154e-15,-1.19029946798098e-15,4.15143508642919e-20,1,1,1,0,0,0,0,0,31,31,11.8140000000001
"A2","r3","RSA",4,0,5408,4584,0.847633136094675,125.483000715367,116.484455577676,0.438182253471255,6.08918334387869,0.751017320123691,5.94589877835951,1.51572832141243,0.192003687257147,0.42782223743537,1.7004278114014e-15,-8.50213905700699e-16,0,1,1,1,0,0,0,0,0,36,36,12.202
"A2","r3","RSA",5,0,5409,4593,0.849140321686079,124.770478768184,114.436910361137,0.447683849861794,6.03542872646825,0.746476741965552,5.94056172436316,1.53893147882211,0.200420829427077,0.433883560498881,1.7004278114014e-15,-1.19029946798098e-15,0,1,1,1,0,0,0,0,0,28,28,12.266
"A2","r3","RSA",6,0,5408,4579,0.846708579881657,125.571347392841,114.630230143249,0.469669226419093,6.04052443999024,0.751984932130949,5.94715003275824,1.47863921099334,0.22058918224511,0.454996252947735,1.7004278114014e-15,-1.7004278114014e-15,5.18929385803649e-21,1,1,1,0,0,0,0,0,30,30,12.0890000000001
"A2","r3","RSA",7,0,5408,4602,0.850961538461538,124.517380191938,114.750950781871,0.450708616374415,6.04370433406614,0.748824363079126,5.95415036940461,1.44475673287207,0.203138256874139,0.440241149351877,1.7004278114014e-15,-2.72068449824224e-15,2.0757175432146e-20,1,1,1,0,0,0,0,0,44,44,12.314
"A2","r3","RSA",8,0,5409,4565,0.843963764096876,125.611950646452,116.012418450999,0.452848146330799,6.07683303317146,0.747154768543446,5.9526834611172,1.48855820061378,0.20507144363524,0.442492155234064,1.87047059254154e-15,-2.04051337368168e-15,0,1,1,1,0,0,0,0,0,29,29,12.626
"A2","r3","RSA",9,0,5410,4587,0.847874306839187,124.888733344613,114.793396256607,0.445538654837237,6.04482199052143,0.747776144750588,5.95073032483104,1.43019299027733,0.198504692954174,0.433268088113045,1.7004278114014e-15,-8.50213905700699e-16,0,1,1,1,0,0,0,0,0,47,47,12.609
"A2","r3","RSA",10,0,5410,4605,0.851201478743068,125.291473416753,116.361384295412,0.438624400005009,6.08596574023062,0.752267364838109,5.94679695982628,1.51823745767972,0.192391364279754,0.429948429793839,1.7004278114014e-15,-2.38059893596196e-15,3.32114806914335e-19,1,1,1,0,0,0,0,1,25,24,12.063
"A2","r3","RSA",11,0,5408,4573,0.845599112426035,124.902014825679,116.463549924265,0.443644320538797,6.08863690171726,0.749016323709368,5.94226984474087,1.45423430424575,0.196820283146331,0.430627954752001,1.7004278114014e-15,-1.36034224912112e-15,2.91897779514553e-20,1,1,1,0,0,0,0,0,34,34,12.0980000000001
"A2","r3","RSA",12,0,5410,4583,0.847134935304991,125.20045430466,115.12215403098,0.448043080552845,6.05347171025305,0.750004011284824,5.94654156665939,1.45960337927358,0.200742602031283,0.434119554657107,1.87047059254154e-15,-8.50213905700699e-16,6.68121584222198e-20,1,1,1,0,0,0,0,0,27,27,12.073
"A2","r3","RSA",13,0,5409,4588,0.848215936402292,125.429197389934,116.962709194263,0.438619256095897,6.10167080490999,0.749049597301498,5.9474716652136,1.43369101184139,0.192386851818118,0.427481379370474,1.7004278114014e-15,-1.87047059254154e-15,1.76435991173241e-19,1,1,1,0,0,0,0,0,35,35,11.8610000000001
"A2","r3","RSA",14,0,5410,4608,0.851756007393715,123.809079879918,114.172051494724,0.456495905078143,6.02844032114771,0.747772079674667,5.94878472222222,1.45515806261004,0.208388511353113,0.443945596885495,1.7004278114014e-15,-1.53038503026126e-15,1.33786482277503e-20,1,1,1,0,0,0,0,0,35,35,12.46
"A2","r3","RSA",15,0,5409,4614,0.853022739877981,124.800042718699,115.03537926626,0.446632934061244,6.0511898163518,0.745786061075285,5.9495015171218,1.47522953685007,0.199480977788156,0.436443937719953,1.7004278114014e-15,-1.87047059254154e-15,2.0757175432146e-20,1,1,1,0,0,0,0,0,30,30,12.3259999999999
"A2","r3","RSA",16,0,5408,4575,0.845968934911243,126.694495931869,117.010597200649,0.452328880494176,6.1029197829593,0.751381193845838,5.95016393442623,1.49773445060105,0.204601416129115,0.440397888487389,1.7004278114014e-15,-1.36034224912112e-15,0,1,1,1,0,0,0,0,0,33,33,12.061
"A2","r3","RSA",17,0,5409,4579,0.846552042891477,125.59296963426,115.481328584547,0.438919785836227,6.06290759933713,0.749825307655935,5.94693164446386,1.42204115107137,0.192650578398519,0.424801648811815,1.7004278114014e-15,1.7004278114014e-16,1.32845922765734e-18,1,1,1,0,0,0,0,0,32,32,12.098
"A2","r3","RSA",18,0,5410,4585,0.847504621072089,125.941921793719,116.316351019664,0.44667485006333,6.08478795475925,0.75133504548542,5.9443838604144,1.51414002713911,0.199518421679098,0.436019577074803,1.87047059254154e-15,-2.38059893596196e-15,4.15143508642919e-20,1,1,1,0,0,0,0,0,29,29,11.943
"A2","r3","RSA",19,0,5409,4574,0.845627657607691,125.627212085066,117.313775601412,0.444222742587635,6.11082110338172,0.749888336175485,5.95365107127241,1.48440280496605,0.19733384503208,0.432985929818192,1.7004278114014e-15,-2.89072727938238e-15,2.49086105185752e-19,1,1,1,0,0,0,0,0,28,28,11.987
"A2","r3","RSA",20,0,5408,4614,0.853180473372781,124.252407704885,115.832138907953,0.439201526748785,6.07210959603551,0.756726550336159,5.9456003467707,1.5680350503012,0.192897981098464,0.427199596686878,1.7004278114014e-15,-2.04051337368168e-15,5.89147018320205e-19,1,1,1,0,0,0,0,0,28,28,12.163
"A2","r3","RSArule",1,0,5410,4569,0.844547134935305,126.26518334239,117.905787704876,0.407443419352709,6.12622052041463,0.736265999440794,5.9525060188225,1.37449514143706,0.166010139973827,0.394224528439746,1.7004278114014e-15,-1.53038503026126e-15,4.67036447223284e-20,1,1,1,0,0,0,0,0,23,23,12.231
"A2","r3","RSArule",2,0,5408,4574,0.845784023668639,126.078878329142,118.654967942097,0.398061084923264,6.14565287896019,0.740910365462165,5.95146480104941,1.37048440538661,0.158452627330286,0.389598366467973,1.7004278114014e-15,-1.19029946798098e-15,1.86814578889314e-19,1,1,1,0,0,0,0,0,20,20,11.987
"A2","r3","RSArule",3,0,5409,4582,0.847106674061749,125.071338357232,117.18842322309,0.404297378997762,6.10755545363584,0.739755004266781,5.95045831514622,1.37431871590006,0.16345637066446,0.395884587581966,1.87047059254154e-15,-1.19029946798098e-15,1.66057403457168e-19,1,1,1,0,0,0,0,0,44,44,12.2189999999999
"A2","r3","RSArule",4,0,5410,4547,0.840480591497227,126.263666698113,116.71217566373,0.412400042259665,6.09513243102924,0.741355283064568,5.95535517923906,1.40033812173021,0.170073794855774,0.400733764417291,1.7004278114014e-15,-2.04051337368168e-15,7.05419633826835e-21,1,1,1,0,0,0,0,0,25,25,12.119
"A2","r3","RSArule",5,0,5410,4603,0.85083179297597,125.44035438315,116.906973271821,0.411385917602844,6.10021682862541,0.733010975724288,5.95263958288073,1.38671782465624,0.169238373201934,0.401570251672693,1.7004278114014e-15,-1.7004278114014e-15,1.66057403457168e-19,1,1,1,0,0,0,0,0,39,39,12.222
"A2","r3","RSArule",6,0,5409,4567,0.84433351821039,126.336840845494,117.854698416179,0.413465446884087,6.12489311246154,0.7434273284545,5.95204729581782,1.36497992943147,0.170953675767058,0.39793285059117,1.7004278114014e-15,-1.87047059254154e-15,9.96344420743006e-19,1,1,1,0,0,0,0,0,30,30,12.596
"A2","r3","RSArule",7,0,5410,4594,0.84916820702403,124.941069006796,115.28871029631,0.423871015695257,6.05784914070168,0.739523805074602,5.95037004788855,1.39183199889366,0.179666637946529,0.410296419325022,1.7004278114014e-15,-8.50213905700699e-16,8.30287017285838e-20,1,1,1,0,0,0,0,0,36,36,12.532
"A2","r3","RSArule",8,0,5408,4586,0.848002958579882,125.703642773566,117.354826099697,0.401582160614055,6.11189015962688,0.733347792578574,5.94701264718709,1.29555595927295,0.161268231723453,0.393546550108759,1.7004278114014e-15,-1.36034224912112e-15,0,1,1,1,0,0,0,0,0,37,37,12.463
"A2","r3","RSArule",9,0,5409,4619,0.853947125161767,125.133340016956,115.80128070851,0.410185105178369,6.07130072408402,0.735269502114811,5.942411777441,1.38602891572094,0.168251820510189,0.397507197796126,1.87047059254154e-15,-1.53038503026126e-15,4.15143508642919e-20,1,1,1,0,0,1,0,0,32,32,12.576
"A2","r3","RSArule",10,0,5410,4621,0.854158964879852,124.830165719619,116.111663266402,0.409377450792019,6.07943174309402,0.741010398174953,5.9467647695304,1.41751171716547,0.167589897216972,0.397179159283031,1.7004278114014e-15,-1.7004278114014e-15,6.22715262964379e-20,1,1,1,0,0,0,0,0,37,37,11.9970000000001
"A2","r3","RSArule",11,0,5410,4611,0.852310536044362,124.620057417926,115.884058012658,0.417128524175336,6.07347028613174,0.733348123433376,5.94795055302537,1.37212757759785,0.173996205680694,0.404867373146074,1.7004278114014e-15,-2.04051337368168e-15,0,1,1,1,0,0,0,0,0,32,32,12.056
"A2","r3","RSArule",12,0,5409,4603,0.850989092253651,125.096328194274,116.612879184926,0.4120055386459,6.09253906847694,0.738328744070267,5.94699109276559,1.36833242647432,0.169748563874898,0.401010253212438,1.7004278114014e-15,0,1.32845922765734e-18,1,1,1,0,0,0,0,0,28,28,12.027
"A2","r3","RSArule",13,0,5410,4594,0.84916820702403,125.89401379535,117.291646114195,0.412420160924128,6.11024471878296,0.740132211505456,5.94754026991728,1.40482412476596,0.170090389136684,0.399549148541907,1.7004278114014e-15,-1.87047059254154e-15,2.0757175432146e-20,1,1,1,0,0,1,0,0,32,32,12.168
"A2","r3","RSArule",14,0,5409,4597,0.849879829913108,125.12032884287,117.25376721387,0.399629314008487,6.10925799884631,0.741067964377458,5.94496410702632,1.35445516080889,0.159703588614894,0.390675055777675,1.7004278114014e-15,-1.53038503026126e-15,0,1,1,1,0,0,0,0,0,30,30,12.3349999999999
"A2","r3","RSArule",15,0,5409,4598,0.850064706969865,125.293003823107,116.792457521863,0.404423110256496,6.09722835943295,0.74287793135124,5.94910830795998,1.41050496934145,0.163558052109538,0.394099330940183,1.7004278114014e-15,-1.53038503026126e-15,1.10531959176177e-18,1,1,1,0,0,0,0,0,29,29,12.2910000000001
"A2","r3","RSArule",16,0,5410,4572,0.845101663585952,125.832236343568,117.613114193258,0.401877514497195,6.11861234199146,0.73618990719404,5.95166229221347,1.30787953764585,0.161505536658443,0.392995861211697,1.87047059254154e-15,-3.23081284166265e-15,0,1,1,1,0,0,0,0,0,33,33,12.0790000000001
"A2","r3","RSArule",17,0,5409,4613,0.852837862821224,124.475645573661,115.648819841776,0.415555269268191,6.06730275172793,0.734710501974402,5.94190331671364,1.3409432109452,0.172686181816559,0.40399420210697,1.53038503026126e-15,0,1.0378587716073e-20,1,1,1,0,0,0,0,0,38,38,12.0799999999999
"A2","r3","RSArule",18,0,5410,4569,0.844547134935305,125.613110507738,115.517226720774,0.42492617501093,6.06384987361632,0.738394169376882,5.95447581527687,1.38715651698283,0.180562254209419,0.411109257199328,1.7004278114014e-15,-8.50213905700699e-16,4.15143508642919e-20,1,1,1,0,0,0,0,0,31,31,12.019
"A2","r3","RSArule",19,0,5409,4587,0.848031059345535,125.402524285313,116.850912795779,0.406439724522917,6.09875403279198,0.737813402589717,5.95378242860257,1.35242081876663,0.165193249670265,0.396044450059708,1.7004278114014e-15,-2.04051337368168e-15,1.29732346450912e-20,1,1,1,0,0,0,0,0,26,26,12.391
"A2","r3","RSArule",20,0,5409,4587,0.848031059345535,125.976294403183,117.614457669154,0.402186339660851,6.11864728794172,0.73776341972465,5.95509047307608,1.31459848178231,0.161753851809794,0.39212967215848,1.7004278114014e-15,-2.21055615482182e-15,3.32114806914335e-19,1,1,1,0,0,0,0,0,41,41,12.303
"A2","r4","CSR",1,0,7465,6913,0.926054922973878,129.182523933605,117.820033699785,0.530320425632193,6.12399228584989,0.771923336515148,5.97208158541878,1.76933040306508,0.28123975384271,0.519829625536482,8.39180620334841e-16,-9.59063566096962e-16,1.82926858157532e-21,1,1,1,0,0,0,0,0,28,28,8.483
"A2","r4","CSR",2,0,7465,6930,0.928332217012726,128.532171074728,117.141400791576,0.531397840588136,6.10632996494397,0.771068184857565,5.97200577200577,1.75964340016873,0.282383664981734,0.52314455935002,8.39180620334841e-16,-5.99414728810601e-16,2.41463452767942e-19,1,1,1,0,0,0,0,0,30,30,9.06900000000007
"A2","r4","CSR",3,0,7465,6909,0.925519089082384,129.485628345008,117.353384606608,0.539216321982301,6.11185262399315,0.773129523917028,5.97568389057751,1.73652502802794,0.290754241892121,0.524824248780307,8.39180620334841e-16,-1.07894651185908e-15,9.1463429078766e-22,1,1,1,0,0,0,0,0,35,35,9.23000000000002
"A2","r4","CSR",4,0,7465,6926,0.927796383121232,128.67942109029,116.834111891379,0.529956311904905,6.09831557450846,0.76971735525739,5.97141207045914,1.76207069890988,0.280853692527849,0.517737309681443,8.39180620334841e-16,-4.79531783048481e-16,2.19512229789038e-19,1,1,1,0,0,0,0,0,22,22,9.399
"A2","r4","CSR",5,0,7465,6915,0.926322839919625,129.32453093381,116.938696955793,0.531500743543383,6.1010444448864,0.770198125092227,5.97180043383948,1.75260357023412,0.282493040387169,0.523241628634158,8.39180620334841e-16,-9.59063566096962e-16,2.48780527094244e-19,1,1,1,0,0,0,0,0,36,36,9.25
"A2","r4","CSR",6,0,7465,6905,0.924983255190891,129.348869977976,118.213772698537,0.521054587395998,6.13421653783331,0.770360633115592,5.96842867487328,1.74147124147195,0.271497883046414,0.511018117461793,7.19297674572721e-16,-2.3976589152424e-16,0,1,1,1,0,0,0,0,0,30,30,9.13499999999999
"A2","r4","CSR",7,0,7465,6927,0.927930341594106,128.888262986044,118.187067302535,0.53023993267822,6.13352361546491,0.769786216350069,5.9705500216544,1.74068613982349,0.281154386206603,0.516223037948452,7.19297674572721e-16,-1.07894651185908e-15,5.85365946104102e-19,1,1,1,0,0,0,0,0,25,25,9.00399999999991
"A2","r4","CSR",8,0,7465,6927,0.927930341594106,129.100297947556,116.092077942913,0.54048166995822,6.0789189924565,0.768347445456591,5.97372599971127,1.76396450071433,0.292120435560827,0.530388150926677,8.39180620334841e-16,-1.31871240338332e-15,5.1219520284109e-20,1,1,1,0,0,0,0,0,40,40,9.60000000000002
"A2","r4","CSR",9,0,7465,6914,0.926188881446751,129.200962987692,116.403881750351,0.530380996014079,6.08707699071597,0.768613395158953,5.97483367081284,1.74593100806038,0.281304000932886,0.516558645947037,8.39180620334841e-16,-4.79531783048481e-16,2.56097601420545e-20,1,1,1,0,0,0,0,0,19,19,9.86299999999994
"A2","r4","CSR",10,0,7465,6922,0.927260549229739,128.781825617516,117.024242349739,0.530426239054312,6.10327561622422,0.771367864003435,5.97370702109217,1.76986196761144,0.281351995077302,0.517215623641921,8.39180620334841e-16,-9.59063566096962e-16,0,1,1,1,0,0,0,0,0,29,29,9.70900000000006
"A2","r4","CSR",11,0,7465,6920,0.926992632283992,128.977084561566,117.402204712129,0.521943810826939,6.11312377563187,0.768451614507381,5.97037572254335,1.78565212069972,0.272425341660548,0.509180302823478,9.59063566096962e-16,-1.1988294576212e-15,0,1,1,1,0,0,0,0,0,22,22,9.87100000000009
"A2","r4","CSR",12,0,7465,6927,0.927930341594106,128.751267828048,115.8456440322,0.534365845684044,6.07246356652533,0.769572923747465,5.97401472498917,1.78390451205574,0.285546857033624,0.520949400110466,9.59063566096962e-16,-7.19297674572721e-16,8.02591590166172e-20,1,1,1,0,0,0,0,0,18,18,9.89300000000003
"A2","r4","CSR",13,0,7465,6915,0.926322839919625,129.363325314298,118.178700657042,0.532070228029728,6.13330651080569,0.77164170580416,5.97310195227766,1.76410138315355,0.283098727555607,0.519051029972696,8.39180620334841e-16,-3.59648837286361e-16,0,1,1,1,0,0,0,0,0,31,31,9.90500000000009
"A2","r4","CSR",14,0,7465,6917,0.926590756865372,128.834263812679,116.917975798816,0.530788376088262,6.10050387831697,0.770237651774046,5.97282058695966,1.80464000438815,0.281736300190414,0.517726561404929,7.19297674572721e-16,-4.79531783048481e-16,0,1,1,1,0,0,0,0,0,43,43,10.2089999999999
"A2","r4","CSR",15,0,7465,6918,0.926724715338245,129.384728951508,116.638099232101,0.538872087048525,6.09319785195266,0.771748575621507,5.96762069962417,1.80638239651812,0.290383126200033,0.525681232288707,7.19297674572721e-16,-9.59063566096962e-16,0,1,1,1,0,0,0,0,0,28,28,10.136
"A2","r4","CSR",16,0,7465,6914,0.926188881446751,129.18771882335,117.51486039607,0.529647400029357,6.1160560462018,0.768366805495845,5.96904830778131,1.75631076780923,0.280526368357857,0.516989921621507,7.19297674572721e-16,-3.59648837286361e-16,0,1,1,1,0,0,0,0,0,29,29,9.37099999999998
"A2","r4","CSR",17,0,7465,6924,0.927528466175486,128.97593126323,117.147266587584,0.535702983815022,6.10648284702874,0.774919521864223,5.97140381282496,1.76720178462218,0.286977686868318,0.5207572465277,8.39180620334841e-16,-5.99414728810601e-16,2.34146378441641e-19,1,1,1,0,0,0,0,0,39,39,9.17999999999995
"A2","r4","CSR",18,0,7465,6932,0.928600133958473,129.07338648783,117.840074796783,0.522763259077247,6.1245131053878,0.770974664314876,5.97562031159838,1.85036500254799,0.273281425041064,0.513252442899608,7.19297674572721e-16,-3.59648837286361e-16,0,1,1,1,0,0,0,0,0,42,42,9.00999999999999
"A2","r4","CSR",19,0,7465,6902,0.924581379772271,129.186749028431,118.546050719329,0.525813165922945,6.142831533104,0.7701364771573,5.96827006664735,1.76960602008343,0.276479485457911,0.512317529877404,8.39180620334841e-16,-1.07894651185908e-15,1.46341486526026e-20,1,1,1,0,0,0,0,0,30,30,9.21399999999994
"A2","r4","CSR",20,0,7465,6913,0.926054922973878,129.329240011523,117.733209708794,0.53627854311486,6.12173542244831,0.7720747116809,5.96991176045132,1.76500891871729,0.287594675805397,0.525513143909046,8.39180620334841e-16,-5.99414728810601e-16,1.90243932483833e-19,1,1,1,0,0,0,0,0,24,24,9.00199999999995
"A2","r4","RSA",1,0,7465,6940,0.92967180174146,128.974617219512,119.614137190182,0.448732204711329,6.17044263761736,0.751462892681899,5.97780979827089,1.48502416903498,0.20136059154509,0.438573563249649,8.39180620334841e-16,-9.59063566096962e-16,2.34146378441641e-19,1,1,1,0,0,1,0,0,44,44,9.018
"A2","r4","RSA",2,0,7465,6924,0.927528466175486,129.371563531876,119.856626863679,0.443154298751924,6.1766939213151,0.743947376104741,5.973714615829,1.45012509895723,0.19638573250231,0.431671299706506,7.19297674572721e-16,-4.79531783048481e-16,2.35246797822745e-19,1,1,1,0,0,0,0,0,26,26,9.05399999999997
"A2","r4","RSA",3,0,7465,6918,0.926724715338245,129.481121820157,120.188436943463,0.447879937187817,6.18523788413,0.747917679670905,5.97108991037872,1.46482839122101,0.200596438135363,0.437338866689555,7.19297674572721e-16,-2.3976589152424e-16,7.31707432630128e-21,1,1,1,0,0,0,0,0,26,26,9.21899999999994
"A2","r4","RSA",4,0,7465,6921,0.927126590756865,128.90614303737,119.10778825293,0.447936967426419,6.15736847382007,0.750776827450037,5.97572605114868,1.52975751106835,0.200647526787176,0.437976593419928,8.39180620334841e-16,-5.99414728810601e-16,3.65853716315064e-19,1,1,1,0,0,0,0,0,26,26,9.48099999999999
"A2","r4","RSA",5,0,7465,6910,0.925653047555258,129.181701803689,118.214237274527,0.456113456405048,6.13422857846431,0.749235607891111,5.97380607814761,1.46681993054635,0.20803948511376,0.445869844564199,8.39180620334841e-16,-9.59063566096962e-16,0,1,1,1,0,0,0,0,0,24,24,9.04099999999994
"A2","r4","RSA",6,0,7465,6925,0.927662424648359,129.017710959808,118.913095673377,0.444519059830152,6.15233402454344,0.749677185705113,5.97458483754513,1.52361740777122,0.197597194552282,0.436531582461362,8.39180620334841e-16,-5.99414728810601e-16,0,1,1,1,0,0,0,0,0,32,32,9.26300000000003
"A2","r4","RSA",7,0,7465,6903,0.924715338245144,129.724950477898,119.829282361649,0.451770014380609,6.17598941304321,0.753412367739258,5.9737795161524,1.52770995253891,0.204096145893455,0.440879306477736,8.39180620334841e-16,-4.79531783048481e-16,0,1,1,1,0,0,0,0,0,25,25,9.42999999999995
"A2","r4","RSA",8,0,7465,6899,0.92417950435365,130.080786471071,120.348343712176,0.442476498007962,6.18935114446016,0.742570473724316,5.97405421075518,1.45090688659397,0.19578545128939,0.432563367362244,8.39180620334841e-16,-5.99414728810601e-16,1.46341486526026e-20,1,1,1,0,0,0,0,0,25,25,9.43299999999999
"A2","r4","RSA",9,0,7465,6917,0.926590756865372,129.245727758474,120.311874817575,0.448182228123683,6.18841330065638,0.75158572732977,5.97816972676016,1.46756848304523,0.200867309605909,0.437168906780306,8.39180620334841e-16,-5.99414728810601e-16,1.66577770209703e-19,1,1,1,0,0,0,0,0,38,38,9.82300000000009
"A2","r4","RSA",10,0,7465,6908,0.925385130609511,129.555299739402,119.561616770139,0.452610954127492,6.16908781516986,0.753867870737278,5.97900984365952,1.5366955881469,0.204856675796199,0.442654650005123,7.19297674572721e-16,-4.79531783048481e-16,1.37573859379178e-19,1,1,1,0,0,0,0,0,18,18,9.79099999999994
"A2","r4","RSA",11,0,7465,6903,0.924715338245144,129.671336388144,119.40445832009,0.448477976455084,6.16503199810876,0.748760668043322,5.97667680718528,1.52002969660342,0.201132495365247,0.437880038589104,7.19297674572721e-16,-2.3976589152424e-16,9.1463429078766e-22,1,1,1,0,0,0,0,0,30,30,9.96199999999999
"A2","r4","RSA",12,0,7465,6940,0.92967180174146,128.908102823822,119.520235967893,0.444071170904782,6.16802016107607,0.748274155022152,5.97175792507205,1.52334119517425,0.197199204828744,0.435564625382914,8.39180620334841e-16,-7.19297674572721e-16,0,1,1,1,0,0,0,0,0,30,30,9.99899999999991
"A2","r4","RSA",13,0,7465,6904,0.924849296718017,129.297554529676,119.462716738956,0.444268434148376,6.16653578775361,0.744286020183117,5.97291425260718,1.45732796830907,0.19737444158065,0.434664964581294,8.39180620334841e-16,-1.31871240338332e-15,1.17256116078978e-18,1,1,1,0,0,0,0,0,30,30,10.347
"A2","r4","RSA",14,0,7465,6911,0.925787006028131,129.841576345347,120.335934849732,0.445424003558376,6.1890320508007,0.755565865799899,5.97467804948633,1.50109531963243,0.198402542945972,0.43588686764693,8.39180620334841e-16,-1.1988294576212e-15,0,1,1,1,0,0,0,0,0,23,23,10.558
"A2","r4","RSA",15,0,7465,6909,0.925519089082384,129.681222011272,118.930246745006,0.447063951913983,6.15277769021544,0.752212130157899,5.97684180055001,1.49714746498089,0.199866177100948,0.435406233393956,8.39180620334841e-16,-8.39180620334841e-16,0,1,1,1,0,0,0,0,0,25,25,9.00900000000001
"A2","r4","RSA",16,0,7465,6922,0.927260549229739,129.745781027752,120.025958075988,0.441245054868381,6.18105562046554,0.747463335915021,5.97558509101416,1.47708046241604,0.1946971984458,0.429640521275364,7.19297674572721e-16,-3.59648837286361e-16,0,1,1,1,0,0,0,0,0,28,28,9.16100000000006
"A2","r4","RSA",17,0,7465,6917,0.926590756865372,129.606733336104,120.247112745192,0.454308701997089,6.18674751156466,0.750175162093177,5.9741217290733,1.50699360750493,0.20639639671028,0.441997151319025,8.39180620334841e-16,-1.07894651185908e-15,6.95122060998622e-20,1,1,1,0,0,0,0,0,19,19,8.98800000000006
"A2","r4","RSA",18,0,7465,6920,0.926992632283992,129.64464707144,119.226287722516,0.449959268425061,6.16043065734046,0.753225067733191,5.9771676300578,1.46818795859938,0.202463343241616,0.438972451966505,8.39180620334841e-16,-4.79531783048481e-16,4.60975682556981e-19,1,1,1,0,0,0,0,0,37,37,9.11800000000005
"A2","r4","RSA",19,0,7465,6923,0.927394507702612,129.339657359579,120.276370460512,0.443364860008555,6.18750012459676,0.746287483076322,5.9735663729597,1.49612289024149,0.196572399090405,0.434314389142507,7.19297674572721e-16,-2.3976589152424e-16,1.1707318922082e-18,1,1,1,0,0,0,0,0,30,30,9.53499999999997
"A2","r4","RSA",20,0,7465,6926,0.927796383121232,129.119799278419,119.222074464892,0.449678683353299,6.16032182062829,0.749344692070683,5.97545480796997,1.48676206748807,0.202210918262356,0.440708460960761,8.39180620334841e-16,-7.19297674572721e-16,3.29268344683558e-20,1,1,1,0,0,0,0,0,29,29,9.31000000000006
"A2","r4","RSArule",1,0,7465,6901,0.924447421299397,129.524778837123,120.620274990977,0.413716952099981,6.19633972630902,0.736702822481235,5.978119113172,1.3622747805926,0.171161716454898,0.406356489162625,8.39180620334841e-16,-9.59063566096962e-16,0,1,1,1,0,0,1,0,0,27,27,8.813
"A2","r4","RSArule",2,0,7465,6921,0.927126590756865,129.535150906319,120.540261936588,0.409912979538659,6.19428422479948,0.73709347492599,5.97587053893946,1.38453329190793,0.168028650794261,0.402281905599121,8.39180620334841e-16,-5.99414728810601e-16,3.1497718389e-20,1,1,1,0,0,0,0,0,25,25,9.10300000000007
"A2","r4","RSArule",3,0,7465,6915,0.926322839919625,129.071557047916,119.781338044688,0.410452477915303,6.17475376674623,0.735574683492383,5.97830802603037,1.36140384783115,0.168471236626812,0.401008495812775,8.39180620334841e-16,-1.07894651185908e-15,0,1,1,1,0,0,0,0,0,36,36,9.12099999999998
"A2","r4","RSArule",4,0,7465,6920,0.926992632283992,129.374742812503,120.402375696316,0.412230967501262,6.19074037645068,0.7402268276978,5.97586705202312,1.42173288013988,0.169934370567027,0.401521698640565,8.39180620334841e-16,-5.99414728810601e-16,0,1,1,1,0,0,0,0,0,29,29,8.99900000000002
"A2","r4","RSArule",5,0,7465,6910,0.925653047555258,129.397406606614,119.858888745121,0.415238466866384,6.17675231959715,0.734841126577015,5.97655571635311,1.39444232537982,0.172422984365545,0.405723840341579,7.19297674572721e-16,-5.99414728810601e-16,0,1,1,1,0,0,0,0,0,31,31,9.30900000000008
"A2","r4","RSArule",6,0,7465,6899,0.92417950435365,129.540495127279,120.316238296116,0.408052556986936,6.18852552051768,0.735944987018246,5.97622843890419,1.36852732153962,0.166506889263577,0.397072657117636,8.39180620334841e-16,-8.39180620334841e-16,1.46341486526026e-20,1,1,1,0,0,0,0,0,20,20,9.31200000000001
"A2","r4","RSArule",7,0,7465,6930,0.928332217012726,129.292642628537,120.146087482508,0.414999785424387,6.1841480713844,0.739410708421522,5.97835497835498,1.41647470728146,0.172224821902287,0.405861430411536,8.39180620334841e-16,-9.59063566096962e-16,1.09756114894519e-20,1,1,1,0,0,0,0,0,33,33,9.48100000000011
"A2","r4","RSArule",8,0,7465,6882,0.921902210314802,129.895009965619,119.692984469947,0.42248508988866,6.17247602251564,0.737100087426646,5.97733217088056,1.38213396579819,0.178493651178229,0.413000134639417,8.39180620334841e-16,-3.59648837286361e-16,6.95122060998622e-19,1,1,1,0,0,0,0,0,20,20,9.55399999999997
"A2","r4","RSArule",9,0,7465,6898,0.924045545880777,129.727506719186,120.670017085799,0.407911272804451,6.19761712561401,0.73970654726177,5.97651493186431,1.37598889647122,0.166391606480947,0.397744816886924,8.39180620334841e-16,-7.19297674572721e-16,3.24695173229619e-20,1,1,1,0,0,0,0,0,27,27,9.65599999999995
"A2","r4","RSArule",10,0,7465,6926,0.927796383121232,129.483517584306,120.105161256999,0.413443717711994,6.18309471096529,0.734696753154661,5.97906439503321,1.35248582487795,0.170935707715515,0.405063549109924,8.39180620334841e-16,-8.39180620334841e-16,2.56097601420545e-20,1,1,1,0,0,0,0,0,39,39,9.98299999999995
"A2","r4","RSArule",11,0,7465,6885,0.922304085733423,130.412290952698,121.088840776986,0.413591347235366,6.20836332102507,0.739515416376333,5.97981118373275,1.39514726242575,0.171057802507965,0.40012776431665,7.19297674572721e-16,-2.3976589152424e-16,4.99390322770062e-19,1,1,1,0,0,0,0,0,28,28,10.119
"A2","r4","RSArule",12,0,7465,6910,0.925653047555258,129.462326971462,119.677300703147,0.409430168988515,6.17207158668683,0.740276235685244,5.97626628075253,1.34840174700295,0.167633063277964,0.399990875383271,8.39180620334841e-16,-8.39180620334841e-16,1.46341486526026e-20,1,1,1,0,0,0,0,0,44,44,10.123
"A2","r4","RSArule",13,0,7465,6921,0.927126590756865,129.55915327323,120.251610566621,0.411236355932329,6.18686321756662,0.738589556082531,5.97644849010259,1.4065261710819,0.169115340440501,0.40229904932632,8.39180620334841e-16,-7.19297674572721e-16,0,1,1,1,0,0,0,0,0,17,17,10.032
"A2","r4","RSArule",14,0,7465,6923,0.927394507702612,129.502553665618,121.213832202044,0.404872160484202,6.21156672121725,0.739574775791035,5.9739997111079,1.35933544466909,0.163921466335146,0.397174603925806,7.19297674572721e-16,-8.39180620334841e-16,0,1,1,1,0,0,0,0,0,22,22,10.226
"A2","r4","RSArule",15,0,7465,6903,0.924715338245144,129.782330216178,120.505195432009,0.410923899065052,6.19338316613129,0.738090725581055,5.97638707808199,1.45191989187589,0.168858450822825,0.401766051384823,8.39180620334841e-16,-1.1988294576212e-16,4.53658608230679e-19,1,1,1,0,0,0,0,0,30,30,9.33699999999999
"A2","r4","RSArule",16,0,7465,6901,0.924447421299397,129.869844299655,121.355029028681,0.408463726491512,6.21518346293576,0.741933458554532,5.97985799159542,1.39394206678721,0.166842615859333,0.401486937274035,8.39180620334841e-16,-1.1988294576212e-15,0,1,1,1,0,0,0,0,0,17,17,9.09199999999998
"A2","r4","RSArule",17,0,7465,6895,0.923643670462157,129.35151889099,121.498896948204,0.406303393057381,6.21886646094277,0.740216928291881,5.97853517041334,1.41903440748784,0.165082447209941,0.395843055476905,8.39180620334841e-16,-9.59063566096962e-16,4.39024459578077e-20,1,1,1,0,0,0,0,0,14,14,9.08799999999997
"A2","r4","RSArule",18,0,7465,6925,0.927662424648359,129.689379472381,120.552868880393,0.412166672081881,6.19460813711791,0.73350242519966,5.97530685920578,1.39930350562163,0.169881365575053,0.401673022966207,8.39180620334841e-16,-7.19297674572721e-16,4.75609831209583e-19,1,1,1,0,0,0,0,0,34,34,9.32899999999995
"A2","r4","RSArule",19,0,7465,6921,0.927126590756865,129.445739310957,119.838683242507,0.413627828969218,6.17623166852878,0.732681578604913,5.97774888021962,1.33303082768119,0.171087980897789,0.403763165573921,7.19297674572721e-16,-1.07894651185908e-15,0,1,1,1,0,0,0,0,0,33,33,9.29700000000003
"A2","r4","RSArule",20,0,7465,6895,0.923643670462157,129.82495585861,121.909459186436,0.401200377338608,6.22936482142136,0.740824597217964,5.97897026831037,1.37481153015738,0.160961742776642,0.392605199531916,7.19297674572721e-16,-8.39180620334841e-16,0,1,1,1,0,0,0,0,0,29,29,9.34000000000003
"A2","r5","CSR",1,0,6457,6038,0.935109183831501,149.387923025338,135.543604892089,0.530486755092937,6.56847542041416,0.771073547937606,5.97267307055316,1.78441130638418,0.281416197329033,0.519696389234222,1.19404759569346e-16,-2.38809519138692e-16,4.66424842067757e-19,1,1,1,0,0,0,0,0,20,20,5.112
"A2","r5","CSR",2,0,6457,6041,0.93557379588044,150.134584088859,136.570189991409,0.532513384404338,6.59330278633281,0.770787691496631,5.97202449925509,1.73415101661823,0.283570504569763,0.520496333105429,2.38809519138692e-16,6.28123410188206e-05,6.28123410188476e-05,1,1,1,0,0,0,0,0,6,6,5.62199999999996
"A2","r5","CSR",3,0,6457,6021,0.932476382220846,150.046214068942,136.771986889562,0.52741121100659,6.59817213930853,0.770898626994215,5.97608370702541,1.77417874648034,0.278162585495438,0.51694302420571,1.19404759569346e-16,-3.58214278708038e-16,8.74546578877045e-20,1,1,1,0,0,1,0,0,21,21,5.52100000000007
"A2","r5","CSR",4,0,6457,6019,0.932166640854886,150.691109414562,137.214985561569,0.540529069376844,6.60884910077493,0.768944122570543,5.97640804120286,1.79904452340492,0.292171674841397,0.528621670184527,2.38809519138692e-16,-2.38809519138692e-16,1.2936001479223e-19,1,1,1,0,0,0,0,0,17,17,5.43600000000004
"A2","r5","CSR",5,0,6457,6016,0.931702028805947,149.983683803837,137.541360888117,0.522995032112721,6.61670420241388,0.770679681398124,5.97273936170213,1.77548283546453,0.273523803614586,0.511722792556632,1.19404759569346e-16,0,2.33212421033879e-19,1,1,1,0,0,0,0,0,15,15,5.16200000000003
"A2","r5","CSR",6,0,6457,6035,0.934644571782562,150.330969490054,137.059118818797,0.528771907176221,6.60509443624101,0.768332801037818,5.97680198840099,1.71805639349953,0.279599729818778,0.517928775998803,2.38809519138692e-16,2.38809519138692e-16,2.33212421033879e-19,1,1,1,0,0,0,0,0,17,17,5.36099999999999
"A2","r5","CSR",7,0,6457,6038,0.935109183831501,150.236629960123,135.992586077946,0.531618356611828,6.57934529469853,0.77278820767723,5.97267307055316,1.80495130969708,0.282618077086661,0.520666983544238,1.19404759569346e-16,-1.19404759569346e-16,0,1,1,1,0,0,0,0,0,20,20,5.38999999999999
"A2","r5","CSR",8,0,6457,6052,0.937277373393217,149.338503718313,134.884437732447,0.533162462833239,6.55248426309349,0.768851695425419,5.97257105089227,1.77581338529964,0.284262211774404,0.520118071260346,1.19404759569346e-16,-1.19404759569346e-16,9.91152789393984e-19,1,1,1,0,0,0,0,0,11,11,5.39999999999998
"A2","r5","CSR",9,0,6457,6026,0.933250735635744,150.017243557101,136.573339035385,0.53121889406757,6.59337879895002,0.761731258300176,5.97427812811152,1.74888184395972,0.282193513414372,0.520428954968604,1.19404759569346e-16,-1.19404759569346e-16,0,1,1,1,0,0,0,0,0,15,15,5.3130000000001
"A2","r5","CSR",10,0,6457,6035,0.934644571782562,149.758747334027,136.207397188768,0.537045299778972,6.58453955083779,0.770682696806236,5.97464788732394,1.76849869518737,0.288417654014686,0.525297108383165,1.19404759569346e-16,1.19404759569346e-16,0,1,1,1,0,0,0,0,0,16,16,5.95600000000002
"A2","r5","CSR",11,0,6457,6031,0.934025089050643,150.411401096023,137.773469070581,0.525784475133204,6.62228489714861,0.770229165078448,5.97181230310065,1.70301958400118,0.276449314291099,0.513391062366203,2.38809519138692e-16,1.19404759569346e-16,9.32849684135514e-19,1,1,1,0,0,0,0,0,15,15,5.88100000000009
"A2","r5","CSR",12,0,6457,6027,0.933405606318724,150.176971701314,136.131548174711,0.53670189132227,6.58270594858342,0.769810982965365,5.97428239588518,1.80069926507836,0.288048920148902,0.524218702204138,2.38809519138692e-16,2.38809519138692e-16,2.23191574817579e-20,1,1,1,0,0,0,0,0,17,17,6.00700000000006
"A2","r5","CSR",13,0,6457,6028,0.933560477001704,149.926240828919,136.206034900777,0.5264240430203,6.58450662272276,0.764838648286798,5.97461844724618,1.73803162807842,0.277122273069839,0.515543205016819,2.38809519138692e-16,0,6.67012576272434e-20,1,1,1,0,0,0,0,0,24,24,6.12200000000007
"A2","r5","CSR",14,0,6457,6031,0.934025089050643,149.63510619713,136.645070408184,0.541010120808191,6.59511006801289,0.772518809431601,5.9749626927541,1.77134649529119,0.292691950816894,0.52793412169907,2.38809519138692e-16,-3.58214278708038e-16,2.91515526292348e-20,1,1,1,0,0,0,0,0,12,12,6.34799999999996
"A2","r5","CSR",15,0,6457,6055,0.937741985442156,148.619913964916,137.15703933034,0.526554500150599,6.60745348667293,0.772018650912382,5.96862097440132,1.80245093907107,0.277259641628847,0.517537802356292,1.19404759569346e-16,0,0,1,1,1,0,0,0,0,0,17,17,6.21500000000003
"A2","r5","CSR",16,0,6457,6054,0.937587114759176,149.425800919279,135.693113462431,0.534922775179044,6.57209701615612,0.772670339451372,5.97472745292369,1.75832369078099,0.28614237540525,0.523061512875378,2.38809519138692e-16,1.19404759569346e-16,0,1,1,1,0,0,0,0,0,14,14,5.99099999999999
"A2","r5","CSR",17,0,6457,6019,0.932166640854886,150.159276680475,136.280217811512,0.531781144047292,6.58629946333178,0.768195658405266,5.97059312178103,1.68358175183703,0.282791185164247,0.520750865538442,2.38809519138692e-16,3.58214278708038e-16,0,1,1,1,0,0,0,0,0,12,12,5.53899999999999
"A2","r5","CSR",18,0,6457,6045,0.936193278612359,149.724192276813,136.182777302468,0.537176307973332,6.58394443653204,0.774134049721831,5.97237386269644,1.75784024405531,0.28855838584786,0.528871091347745,1.19404759569346e-16,-4.77619038277383e-16,9.32849684135514e-19,1,1,1,0,0,0,0,0,11,11,5.702
"A2","r5","CSR",19,0,6457,5994,0.928294873780393,150.684308659507,136.112399840378,0.544298407476151,6.58224296886825,0.771125639011321,5.97347347347347,1.784545683678,0.296260756381074,0.529312240446864,2.38809519138692e-16,3.58214278708038e-16,0,1,1,1,0,0,0,0,0,23,23,5.53200000000004
"A2","r5","CSR",20,0,6457,6053,0.937432244076196,149.850315608226,135.966550241204,0.517306088636842,6.5787154621613,0.76982467627797,5.97059309433339,1.71460105267537,0.267605589340748,0.505600414305454,1.19404759569346e-16,2.38809519138692e-16,0,1,1,1,0,0,0,0,0,17,17,5.27099999999996
"A2","r5","RSA",1,0,6457,6037,0.934954313148521,150.21556127076,139.053790926488,0.451670020027599,6.65298401946337,0.754014806419377,5.97680967367898,1.54850121840872,0.204005806991732,0.442995076562873,2.38809519138692e-16,-2.38809519138692e-16,9.5198039054845e-19,1,1,1,0,0,0,0,0,11,11,5.33
"A2","r5","RSA",2,0,6457,6018,0.932011770171907,150.453521401778,138.410749093763,0.453389235581653,6.63758312857241,0.756392584025155,5.97756729810568,1.50107555014862,0.205561798941316,0.444489056956509,1.19404759569346e-16,-3.58214278708038e-16,7.28788815730871e-21,1,1,1,0,0,0,0,0,16,16,5.59399999999994
"A2","r5","RSA",3,0,6457,6034,0.934489701099582,149.869809851152,137.834835461706,0.45784170834252,6.62375956593547,0.758568411587181,5.97729532648326,1.56868713073565,0.209619029897997,0.448084326004912,1.19404759569346e-16,-2.38809519138692e-16,9.10986019663588e-21,1,1,1,0,0,0,0,0,18,18,5.50999999999999
"A2","r5","RSA",4,0,6457,6027,0.933405606318724,150.266234497867,138.994860447481,0.459879092642439,6.65157411513767,0.752699691072335,5.9789281566285,1.46835776234514,0.211488779849633,0.450045767996204,1.19404759569346e-16,-2.38809519138692e-16,6.1947049337124e-20,1,1,1,0,0,0,0,0,23,23,5.37099999999998
"A2","r5","RSA",5,0,6457,6038,0.935109183831501,150.093704797894,138.275419501669,0.453785188676959,6.63433741482479,0.755521344932008,5.97764160317986,1.5143252636126,0.205920997462583,0.440178479267449,2.38809519138692e-16,-3.58214278708038e-16,9.91152789393984e-19,1,1,1,0,0,1,0,0,23,23,5.51799999999992
"A2","r5","RSA",6,0,6457,6024,0.932940994269785,150.387771220253,137.556553318109,0.469875722086143,6.61706962556458,0.749557363109745,5.98173970783533,1.53843456215539,0.220783194205974,0.457361537076301,1.19404759569346e-16,0,0,1,1,1,0,0,0,0,0,11,11,5.83699999999999
"A2","r5","RSA",7,0,6457,6038,0.935109183831501,149.845234571454,138.113127192621,0.473283649957996,6.63044284599962,0.750010685945209,5.97780722093408,1.53271925916932,0.223997413317563,0.463449161127162,3.58214278708038e-16,0,5.32926821503199e-20,1,1,1,0,0,0,0,0,12,12,5.21600000000001
"A2","r5","RSA",8,0,6457,6034,0.934489701099582,150.480007015614,139.04648342159,0.460166856793777,6.65280920016664,0.75070799847531,5.97746105402718,1.54830676335947,0.211753536091464,0.446503655523311,2.38809519138692e-16,1.19404759569346e-16,0,1,1,1,0,0,0,0,0,14,14,5.51099999999997
"A2","r5","RSA",9,0,6457,6025,0.933095864952764,150.571045358179,140.324642303528,0.45103794835967,6.68331661081659,0.750510094858607,5.98091286307054,1.53964226083219,0.2034352308605,0.438027176814288,1.19404759569346e-16,-1.19404759569346e-16,5.83031052584697e-20,1,1,1,0,0,0,0,0,8,8,5.97199999999998
"A2","r5","RSA",10,0,6457,6032,0.934179959733622,150.23344847905,139.139008570616,0.458420669064712,6.65502231260773,0.750231325123833,5.97844827586207,1.50608494045135,0.210149509825738,0.446724518656808,1.19404759569346e-16,-4.77619038277383e-16,7.28788815730871e-21,1,1,1,0,0,0,0,0,24,24,5.97799999999995
"A2","r5","RSA",11,0,6457,6026,0.933250735635744,150.314528544363,138.021311824449,0.45706096610677,6.62823862380809,0.752139641182479,5.97909060736807,1.50794446747359,0.208904726738454,0.445368495103855,2.38809519138692e-16,-1.19404759569346e-16,0,1,1,1,0,0,0,0,0,18,18,6.12599999999998
"A2","r5","RSA",12,0,6457,6025,0.933095864952764,150.508633820971,138.884522143991,0.449119632863111,6.64893348111889,0.754239928928504,5.97775933609959,1.46862877673263,0.201708444623095,0.440368282677923,1.19404759569346e-16,-3.58214278708038e-16,7.28788815730871e-21,1,1,1,0,0,0,0,0,4,4,6.03499999999997
"A2","r5","RSA",13,0,6457,6039,0.93526405451448,150.150522639313,137.896750260531,0.456495198516799,6.62524708071664,0.750626904383897,5.97549263123034,1.53434463554523,0.208387866268891,0.443278684590074,2.38809519138692e-16,0,0,1,1,1,0,0,0,0,0,23,23,6.10599999999999
"A2","r5","RSA",14,0,6457,6035,0.934644571782562,150.474479017526,138.417748319829,0.454559644184136,6.63775095295849,0.750471733585053,5.9807787903894,1.54719428897666,0.206624470120809,0.445463327159307,2.38809519138692e-16,5.97023797846729e-16,0,1,1,1,0,0,0,0,0,14,14,6.37
"A2","r5","RSA",15,0,6457,6031,0.934025089050643,150.485767716611,138.344549291256,0.460487489221551,6.63599561023419,0.751505600484587,5.98292157187863,1.46455073331733,0.212048727729568,0.449934645253918,2.38809519138692e-16,4.77619038277383e-16,4.73712730225066e-19,1,1,1,0,0,0,0,0,16,16,6.298
"A2","r5","RSA",16,0,6457,6006,0.93015332197615,150.783945625533,140.110951968314,0.459183472910877,6.6782258952173,0.748686949595472,5.98168498168498,1.47709997468532,0.210849461794494,0.448206220938038,1.19404759569346e-16,2.38809519138692e-16,5.83031052584697e-20,1,1,1,0,0,0,0,0,16,16,5.90899999999999
"A2","r5","RSA",17,0,6457,6026,0.933250735635744,150.401797101662,137.316012946475,0.461638004239436,6.61128155047955,0.752844893736593,5.98108197809492,1.49474578348595,0.213109646958169,0.449844754371606,1.19404759569346e-16,-2.38809519138692e-16,2.33212421033879e-19,1,1,1,0,0,0,0,0,20,20,5.62600000000009
"A2","r5","RSA",18,0,6457,6042,0.93572866656342,149.902329640307,138.616386894864,0.453955827373447,6.64251204968385,0.750201017031299,5.97500827540549,1.54829105273733,0.206075893206311,0.445075484429244,1.19404759569346e-16,-3.58214278708038e-16,0,1,1,1,0,0,0,0,0,16,16,5.79900000000009
"A2","r5","RSA",19,0,6457,6021,0.932476382220846,150.204511378339,139.136535417315,0.45926884520918,6.65496316689226,0.747352554600793,5.97591762165753,1.5331408729469,0.210927872179774,0.450457661936239,2.38809519138692e-16,-3.58214278708038e-16,0,1,1,1,0,0,0,0,0,11,11,5.52300000000002
"A2","r5","RSA",20,0,6457,6030,0.933870218367663,150.352383922252,137.729775673033,0.462504039474088,6.62123471955037,0.753548958931418,5.9771144278607,1.53405901327663,0.213909986529848,0.450674572719869,1.19404759569346e-16,3.58214278708038e-16,0,1,1,1,0,0,0,0,0,12,12,5.40600000000006
"A2","r5","RSArule",1,0,6457,6008,0.930463063342109,150.509134754832,139.851043535577,0.407224369057096,6.6720289080476,0.735133861235691,5.98052596537949,1.36819070050764,0.16583168675395,0.402112241461201,2.38809519138692e-16,-4.77619038277383e-16,0,1,1,1,0,0,0,0,0,9,9,5.13
"A2","r5","RSArule",2,0,6457,6047,0.936503019978318,150.310233434971,140.618493616598,0.401949480129193,6.69031065784208,0.736361190347642,5.97999007772449,1.37323499824755,0.161563384576129,0.393115957030773,1.19404759569346e-16,4.77619038277383e-16,0,1,1,1,0,0,0,0,0,7,7,5.54500000000007
"A2","r5","RSArule",3,0,6457,6047,0.936503019978318,149.912063695688,139.980967142229,0.405595774592906,6.67512739346148,0.74012758696371,5.97453282619481,1.38274529527522,0.164507932367619,0.395994073146631,2.38809519138692e-16,0,4.66424842067757e-19,1,1,1,0,0,0,0,0,15,15,5.30199999999991
"A2","r5","RSArule",4,0,6457,6034,0.934489701099582,150.020853314878,139.114600048953,0.408456729376653,6.65443855672938,0.737485116531792,5.97828969174677,1.38673229730131,0.166836899773073,0.398735718716561,2.38809519138692e-16,2.38809519138692e-16,1.45757763146174e-20,1,1,1,0,0,0,0,0,17,17,5.29899999999998
"A2","r5","RSArule",5,0,6457,6019,0.932166640854886,150.657620323573,140.883252750845,0.402774307178655,6.69660601710476,0.735521417412016,5.97989699285596,1.3739726713419,0.162227142523245,0.3924435604253,2.38809519138692e-16,-1.19404759569346e-16,0,1,1,1,0,0,0,0,0,9,9,5.56500000000005
"A2","r5","RSArule",6,0,6457,6015,0.931547158122967,150.746019316522,140.014420178067,0.411192656619198,6.67592496594817,0.736861844725689,5.98004987531172,1.38337312687686,0.169079400857554,0.401424677214297,2.38809519138692e-16,-4.77619038277383e-16,0,1,1,1,0,0,0,0,0,18,18,5.197
"A2","r5","RSArule",7,0,6457,6026,0.933250735635744,150.689785883472,140.551926666104,0.399863086915797,6.68872691752824,0.735261047875004,5.98075008297378,1.35332232524896,0.15989048827783,0.39090710675827,2.38809519138692e-16,-2.38809519138692e-16,3.64394407865435e-21,1,1,1,0,0,0,0,0,19,19,5.66700000000003
"A2","r5","RSArule",8,0,6457,6029,0.933715347684683,149.995401302465,140.007324235815,0.398288752188648,6.67575579559344,0.736510119139737,5.98208658152264,1.39981177020644,0.15863393011999,0.3910959251448,2.38809519138692e-16,2.38809519138692e-16,2.33212421033879e-19,1,1,1,0,0,0,0,0,10,10,5.39800000000002
"A2","r5","RSArule",9,0,6457,6022,0.932631252903825,150.585588419393,141.254742519495,0.399958377600834,6.70542921679943,0.737103711596956,5.97808037196945,1.39596522323534,0.159966703813091,0.391168558982001,3.58214278708038e-16,1.19404759569346e-16,1.93129036168681e-19,1,1,1,0,0,0,0,0,7,7,5.41399999999999
"A2","r5","RSArule",10,0,6457,6042,0.93572866656342,150.225495347971,139.962545236686,0.404564877164372,6.67468811856176,0.737179967649535,5.97898047004303,1.37929656012175,0.163672739835024,0.395223511105131,1.19404759569346e-16,-2.38809519138692e-16,5.83031052584697e-20,1,1,1,0,0,0,0,0,13,13,6.01199999999994
"A2","r5","RSArule",11,0,6457,6038,0.935109183831501,150.09826152478,140.887647767357,0.408085319613651,6.69671046818359,0.739999630932007,5.9764822789003,1.39451059857609,0.166533628084176,0.396971511541324,1.19404759569346e-16,2.38809519138692e-16,1.16606210516939e-19,1,1,1,0,0,0,0,0,29,29,6.32899999999995
"A2","r5","RSArule",12,0,6457,6025,0.933095864952764,150.328868793357,139.764745835903,0.409054895817921,6.66997004037744,0.738337126489976,5.98240663900415,1.38050051522816,0.16732590779261,0.399820090786576,1.19404759569346e-16,-3.58214278708038e-16,0,1,1,1,0,0,0,0,0,6,6,6.48500000000001
"A2","r5","RSArule",13,0,6457,6049,0.936812761344277,149.678728824791,139.16089259223,0.412820776080001,6.6555456487254,0.73557440535783,5.97867416101835,1.38628455138415,0.170420993163294,0.405014954695399,2.38809519138692e-16,1.19404759569346e-16,5.83031052584697e-20,1,1,1,0,0,0,0,0,7,7,5.98200000000008
"A2","r5","RSArule",14,0,6457,6026,0.933250735635744,150.627922387193,140.575453347759,0.416799456905603,6.68928669913156,0.740929718521364,5.98091603053435,1.41457350099775,0.173721787276805,0.407684138182241,2.38809519138692e-16,-1.19404759569346e-16,0,1,1,1,0,0,0,0,0,21,21,6.55200000000002
"A2","r5","RSArule",15,0,6457,6022,0.932631252903825,151.010531521828,139.893858226947,0.416980563743373,6.67305013337734,0.735883639993242,5.97957489206244,1.35699845735321,0.173872790539741,0.405216814524803,1.19404759569346e-16,-3.58214278708038e-16,6.99637263101636e-19,1,1,1,0,0,0,0,0,13,13,5.75599999999997
"A2","r5","RSArule",16,0,6457,6017,0.931856899488927,150.870209432571,139.891615842119,0.418991706837642,6.67299665193768,0.739466591988468,5.97939172345022,1.42776671770409,0.175554050398721,0.407532076271987,1.19404759569346e-16,-2.38809519138692e-16,0,1,1,1,0,0,0,0,0,7,7,5.51499999999999
"A2","r5","RSArule",17,0,6457,6031,0.934025089050643,150.60583740481,139.4678723388,0.408254892939665,6.66288245209675,0.740649823064627,5.98142928204278,1.40396684570295,0.166672057609177,0.399915773238423,1.19404759569346e-16,0,2.55076085505805e-20,1,1,1,0,0,0,0,0,11,11,5.58899999999994
"A2","r5","RSArule",18,0,6457,6028,0.933560477001704,150.743955728781,138.879536357087,0.415801964620764,6.64881409359971,0.729382301498791,5.97760451227605,1.34560753428858,0.172891273782487,0.405217731152791,1.19404759569346e-16,-2.38809519138692e-16,3.64394407865435e-21,1,1,1,0,0,0,0,0,12,12,5.447
"A2","r5","RSArule",19,0,6457,6035,0.934644571782562,150.480391868801,139.553509626005,0.41283524403816,6.66492773896327,0.737736815255809,5.9814415907208,1.3735368674446,0.170432938720047,0.405747035444761,2.38809519138692e-16,4.77619038277383e-16,4.77812167313552e-19,1,1,1,0,0,0,0,0,11,11,5.43799999999999
"A2","r5","RSArule",20,0,6457,6031,0.934025089050643,150.483413635645,140.392112426088,0.407257642920831,6.68492313549303,0.742478929900243,5.97612336262643,1.41700858444746,0.165858787717431,0.396193971336921,2.38809519138692e-16,1.19404759569346e-16,0,1,1,1,0,0,0,0,0,17,17,5.45900000000006
"A3","r1","CSR",1,0,4165,3915,0.939975990396158,237.141074974684,217.177405035433,0.528402214540605,8.31442812696818,0.773986468132876,5.97215836526181,1.78997579504689,0.279208900331415,0.517876173225333,2.33610195091536e-16,-3.50415292637304e-16,1.14067478072039e-19,1,1,1,0,0,0,0,0,1,1,1.548
"A3","r1","CSR",2,0,4165,3914,0.939735894357743,237.309393928757,215.387434956297,0.53670096622205,8.28009359281548,0.772199329773266,5.98007153806847,1.73331090722447,0.288047927143682,0.523156785892928,1.16805097545768e-16,0,3.2081478207761e-19,1,1,1,0,0,0,0,0,11,11,2.42499999999995
"A3","r1","CSR",3,0,4165,3898,0.935894357743097,237.877280848331,216.069589655963,0.539821322765943,8.29319519131559,0.771249382413278,5.97460236018471,1.73684517158283,0.291407060512773,0.527811747148921,2.33610195091536e-16,-1.16805097545768e-16,8.55506085540293e-20,1,1,1,0,0,0,0,0,4,4,2.42600000000004
"A3","r1","CSR",4,0,4165,3913,0.939495798319328,235.952025337073,214.533013399595,0.52025281294167,8.26365409960331,0.771149301789466,5.97291081012011,1.6981412438325,0.27066298937372,0.508038002125057,1.16805097545768e-16,-3.50415292637304e-16,0,1,1,1,0,0,0,0,0,2,2,2.173
"A3","r1","CSR",5,0,4165,3912,0.939255702280912,238.622116249039,216.616383195338,0.528585770027435,8.30368209100224,0.766843192681122,5.97341513292434,1.81826519402305,0.279402916275496,0.518128996064801,2.33610195091536e-16,-2.33610195091536e-16,0,1,1,1,0,0,0,0,0,5,5,2.51700000000005
"A3","r1","CSR",6,0,4165,3902,0.936854741896759,239.404380313739,219.662138550022,0.517741494639644,8.36185565603699,0.764470972594758,5.97770374167094,1.75007952461558,0.268056255271692,0.508724068139756,2.33610195091536e-16,3.50415292637304e-16,1.26543608486168e-19,1,1,1,0,0,0,0,0,3,3,2.38400000000001
"A3","r1","CSR",7,0,4165,3918,0.940696278511405,237.058426159115,215.31669436336,0.544638379615349,8.27873344075282,0.772097382781578,5.96758550280756,1.72144073496466,0.296630964550033,0.52946754448237,1.16805097545768e-16,1.16805097545768e-16,2.28134956144078e-19,1,1,1,0,0,0,0,0,6,6,2.11800000000005
"A3","r1","CSR",8,0,4165,3897,0.935654261704682,238.015990065168,214.812601335684,0.538211957225394,8.26903710730612,0.774794947495108,5.97998460354119,1.75319271023517,0.28967211090039,0.523594562544395,2.33610195091536e-16,1.16805097545768e-16,9.12539824576312e-19,1,1,1,0,0,0,0,0,10,10,2.56799999999998
"A3","r1","CSR",9,0,4165,3900,0.936374549819928,237.62488812238,217.355027573941,0.533319803830425,8.31782743098696,0.773365250319747,5.97435897435897,1.80390764232775,0.284430013157723,0.519228147624115,1.16805097545768e-16,0,4.56269912288156e-19,1,1,1,0,0,0,0,0,1,1,2.42400000000009
"A3","r1","CSR",10,0,4165,3920,0.941176470588235,236.216042801857,214.42338331116,0.543966302782735,8.26154223985014,0.770643063056325,5.97270408163265,1.77904550567356,0.295899338563119,0.528225326245547,1.16805097545768e-16,0,1.3955443020376e-18,1,1,1,0,0,0,0,0,11,11,2.34299999999996
"A3","r1","CSR",11,0,4165,3900,0.936374549819928,237.157696987989,215.896414033748,0.540860200903066,8.28987106449522,0.772913626236468,5.97589743589744,1.74499470607191,0.292529756920905,0.524781546549891,2.33610195091536e-16,0,1.87141956211939e-20,1,1,1,0,0,0,0,0,2,2,2.62199999999996
"A3","r1","CSR",12,0,4165,3913,0.939495798319328,237.337831167492,219.253892320841,0.523715750659108,8.354081727515,0.765145248180175,5.97674418604651,1.76863080800875,0.274278187488433,0.508851606110521,2.33610195091536e-16,0,0,1,1,1,0,0,0,0,0,5,5,2.3660000000001
"A3","r1","CSR",13,0,4165,3922,0.941656662665066,237.323078581981,216.261592090586,0.514158019545228,8.29687909747022,0.769260225488571,5.97679755226925,1.70591394472239,0.264358469062671,0.500186320646917,2.33610195091536e-16,-3.50415292637304e-16,0,1,1,1,0,0,0,0,0,3,3,2.39700000000005
"A3","r1","CSR",14,0,4165,3900,0.936374549819928,237.810926696097,215.44978450813,0.54392921109794,8.28129191166095,0.769159700048657,5.97846153846154,1.71176988182374,0.295858986685628,0.532987751122434,1.16805097545768e-16,0,6.84404868432234e-19,1,1,1,0,0,0,0,0,4,4,2.27200000000005
"A3","r1","CSR",15,0,4165,3910,0.938775510204082,236.796336143043,215.539052534641,0.54045986279511,8.28300727675049,0.77365761410205,5.97314578005115,1.79385528444752,0.292096863292509,0.526703911737266,2.33610195091536e-16,-1.16805097545768e-16,0,1,1,1,0,0,0,0,0,9,9,2.13999999999999
"A3","r1","CSR",16,0,4165,3916,0.940216086434574,237.453795648717,214.405590401183,0.533581353988765,8.2611995831635,0.771871783466982,5.97752808988764,1.75530586766542,0.284709061324484,0.517272390725495,2.33610195091536e-16,-4.67220390183072e-16,0,1,1,1,0,0,0,0,0,9,9,2.12299999999993
"A3","r1","CSR",17,0,4165,3904,0.937334933973589,238.139580597677,215.863114382761,0.531992943648099,8.2892315864912,0.773502398051304,5.97745901639344,1.73559220943957,0.283016492091369,0.519196426199481,2.33610195091536e-16,-2.33610195091536e-16,0,1,1,1,0,0,0,0,0,10,10,2.25599999999997
"A3","r1","CSR",18,0,4165,3894,0.934933973589436,237.833771113389,215.602189212227,0.530736921323452,8.28422043375274,0.76806073422586,5.97663071391885,1.8075708695008,0.281681679655896,0.516009269449952,1.16805097545768e-16,1.16805097545768e-16,0,1,1,1,0,0,0,0,0,4,4,2.10900000000004
"A3","r1","CSR",19,0,4165,3905,0.937575030012005,238.698463934549,216.241454473868,0.542026788440729,8.29649279887557,0.767881713231772,5.97387964148528,1.77185853571504,0.293793039387371,0.528884528511806,1.16805097545768e-16,-3.50415292637304e-16,4.56269912288156e-19,1,1,1,0,0,0,0,0,6,6,2.20900000000006
"A3","r1","CSR",20,0,4165,3902,0.936854741896759,237.693303356632,218.876241388533,0.529986400669132,8.34688374657299,0.772610080226005,5.97411583803178,1.83347492941328,0.280885584894222,0.519074898115726,1.16805097545768e-16,1.16805097545768e-16,0,1,1,1,0,0,0,0,0,8,8,2.16700000000003
"A3","r1","RSA",1,0,4165,3898,0.935894357743097,238.084084600304,219.308013038567,0.473265207894582,8.35511272571088,0.757228973248279,5.9807593637763,1.56981189435033,0.223979957003502,0.464741184067111,1.16805097545768e-16,1.16805097545768e-16,7.12921737950244e-21,1,1,1,0,0,0,0,0,6,6,1.665
"A3","r1","RSA",2,0,4165,3898,0.935894357743097,237.989059964978,221.029130825096,0.474130428348922,8.38783385607725,0.75956344906889,5.97331965110313,1.62874653418392,0.224799663086333,0.460100389036524,2.33610195091536e-16,1.16805097545768e-16,2.36155325696018e-20,1,1,1,0,0,0,0,0,6,6,2.12400000000002
"A3","r1","RSA",3,0,4165,3906,0.93781512605042,237.823793686714,219.79311866339,0.473150313444742,8.36434827933249,0.761949345004099,5.98387096774194,1.64250547271901,0.223871219112858,0.463036251633653,2.33610195091536e-16,2.33610195091536e-16,0,1,1,1,0,0,0,0,0,3,3,2.173
"A3","r1","RSA",4,0,4165,3904,0.937334933973589,237.587454366843,216.006803106664,0.485026252886842,8.29199016485521,0.754969919579098,5.97617827868852,1.64611441965617,0.235250465989451,0.474389340380594,3.50415292637304e-16,-7.00830585274608e-16,0,1,1,1,0,0,0,0,0,4,4,2.54399999999998
"A3","r1","RSA",5,0,4165,3911,0.939015606242497,236.875043408564,213.715233615856,0.482394034449169,8.24788892311272,0.758518088880055,5.97903349526975,1.59802576639696,0.232704004472146,0.471927679530911,1.16805097545768e-16,-1.16805097545768e-16,0,1,1,1,0,0,0,0,0,4,4,2.36599999999999
"A3","r1","RSA",6,0,4165,3905,0.937575030012005,238.083589173408,216.044625634421,0.487083871317471,8.29271609283185,0.755401753365671,5.97951344430218,1.53492855418652,0.237250697697615,0.474715708697885,1.16805097545768e-16,-1.16805097545768e-16,0,1,1,1,0,0,0,0,0,2,2,2.73199999999997
"A3","r1","RSA",7,0,4165,3897,0.935654261704682,237.016637068145,218.961976745635,0.489795321533166,8.34851854501629,0.757536967864299,5.97895817295355,1.62224706626853,0.239899456995778,0.478341621336982,1.16805097545768e-16,-4.67220390183072e-16,8.55506085540293e-20,1,1,1,0,0,0,0,0,12,12,2.47299999999996
"A3","r1","RSA",8,0,4165,3900,0.936374549819928,237.975733966705,216.511778114271,0.491734670449624,8.30167671679281,0.755947334976917,5.97897435897436,1.63536186135827,0.2418029861222,0.481146669030323,1.16805097545768e-16,-2.33610195091536e-16,1.11394021554726e-20,1,1,1,0,0,0,0,0,10,10,2.23500000000001
"A3","r1","RSA",9,0,4165,3903,0.937094837935174,237.643656106346,216.379152706133,0.496715032345468,8.29913389881343,0.763554536810569,5.98078401229823,1.62520727855519,0.24672582335796,0.48516376528637,1.16805097545768e-16,1.16805097545768e-16,0,1,1,1,0,0,0,0,0,9,9,2.07600000000002
"A3","r1","RSA",10,0,4165,3901,0.936614645858343,238.033696101885,216.245774669054,0.49228705884664,8.2965756744956,0.761475640695393,5.97872340425532,1.63672667757774,0.242346548307875,0.475395408308611,1.16805097545768e-16,0,2.85168695180098e-20,1,1,1,0,0,0,0,0,4,4,2.52499999999998
"A3","r1","RSA",11,0,4165,3904,0.937334933973589,237.520653604625,214.411484623569,0.497946224760038,8.26131301356732,0.761749404738775,5.97848360655738,1.63007753598535,0.247950442752774,0.481971735377102,2.33610195091536e-16,-2.33610195091536e-16,0,1,1,1,0,0,0,0,0,3,3,2.65199999999993
"A3","r1","RSA",12,0,4165,3889,0.933733493397359,237.833339259662,220.779706118136,0.467623147530301,8.38309985185401,0.761550993113238,5.98097197222936,1.6200082114056,0.218671408106146,0.459510519438526,2.33610195091536e-16,-4.67220390183072e-16,0,1,1,1,0,0,0,0,0,2,2,2.26099999999997
"A3","r1","RSA",13,0,4165,3886,0.933013205282113,238.635631604338,218.381908827975,0.495859875315329,8.33745279825351,0.760849931722137,5.97529593412249,1.61637796902851,0.245877015947733,0.484596342854782,2.33610195091536e-16,0,3.56460868975122e-21,1,1,1,0,0,0,0,0,5,5,2.59799999999996
"A3","r1","RSA",14,0,4165,3914,0.939735894357743,237.438437290426,217.678097389313,0.475228266589299,8.32400682569966,0.762064767872279,5.97266223811957,1.62537052376151,0.22584190536547,0.467983663176484,2.33610195091536e-16,0,7.12921737950244e-21,1,1,1,0,0,0,0,0,4,4,2.37200000000007
"A3","r1","RSA",15,0,4165,3901,0.936614645858343,237.862150484623,214.37536221776,0.492957081763558,8.26061723772164,0.760197305431624,5.9728274801333,1.61874864433183,0.243006684460843,0.477811533343189,1.16805097545768e-16,-1.16805097545768e-16,1.42584347590049e-20,1,1,1,0,0,0,0,0,6,6,2.26800000000003
"A3","r1","RSA",16,0,4165,3915,0.939975990396158,236.512118541957,216.426941673123,0.482256349442435,8.30005031135823,0.759661015736103,5.97445721583653,1.63041536064989,0.232571186577544,0.470818314923526,2.33610195091536e-16,0,4.56269912288156e-19,1,1,1,0,0,0,0,0,7,7,2.24599999999998
"A3","r1","RSA",17,0,4165,3903,0.937094837935174,237.570395681982,216.158356739958,0.497450462980313,8.29489854860029,0.764079718294419,5.98206507814502,1.67010367900311,0.247456963119327,0.488284950852379,1.16805097545768e-16,2.33610195091536e-16,4.84786781806166e-19,1,1,1,0,0,0,0,0,7,7,2.12200000000007
"A3","r1","RSA",18,0,4165,3898,0.935894357743097,238.108775229052,218.552951187267,0.476657910571477,8.34071729561367,0.753360810996215,5.97408927655208,1.55565384062914,0.227202763710367,0.466767742098977,1.16805097545768e-16,0,0,1,1,1,0,0,0,0,0,3,3,2.37900000000002
"A3","r1","RSA",19,0,4165,3905,0.937575030012005,238.039548024785,223.175298338465,0.466252124112828,8.42845797362426,0.754164177987838,5.96978233034571,1.57695551100942,0.217391043239724,0.45747085894325,2.33610195091536e-16,-1.16805097545768e-16,7.12921737950244e-21,1,1,1,0,0,0,0,0,4,4,2.18899999999996
"A3","r1","RSA",20,0,4165,3899,0.936134453781513,237.945282863329,219.979435381335,0.475997319406799,8.36789274781932,0.753152190540675,5.97640420620672,1.5622958406801,0.226573448082458,0.466954387306742,1.16805097545768e-16,1.16805097545768e-16,0,1,1,1,0,0,0,0,0,7,7,2.01099999999997
"A3","r1","RSArule",1,0,4165,3910,0.938775510204082,238.509239451306,224.054322674876,0.39401507344494,8.44504009789636,0.739796628287496,5.97979539641944,1.3915077606337,0.155247878101821,0.387705669012731,2.33610195091536e-16,-3.50415292637304e-16,0,1,1,1,0,0,0,0,0,0,0,1.166
"A3","r1","RSArule",2,0,4165,3904,0.937334933973589,238.907671538227,223.723377299454,0.410809381010853,8.43880102587345,0.738210159461827,5.98078893442623,1.40496007432282,0.16876434752652,0.398991670634017,1.16805097545768e-16,-1.16805097545768e-16,3.92106955872634e-20,1,1,1,0,0,0,0,0,14,14,2.21699999999998
"A3","r1","RSArule",3,0,4165,3908,0.938295318127251,237.678735485337,223.610724466848,0.400955900721812,8.43667612303073,0.740308581666641,5.98592630501535,1.42160889346707,0.160765634323639,0.392936206337313,2.33610195091536e-16,-1.16805097545768e-16,1.04086573740736e-18,1,1,1,0,0,0,0,0,3,3,2.13400000000001
"A3","r1","RSArule",4,0,4165,3916,0.940216086434574,238.913896185685,223.25380876802,0.406561870058767,8.4299403511694,0.737936306304704,5.97880490296221,1.39648551901555,0.165292554185682,0.39741901696566,1.16805097545768e-16,1.16805097545768e-16,0,1,1,1,0,0,0,0,0,5,5,2.28599999999994
"A3","r1","RSArule",5,0,4165,3908,0.938295318127251,237.981946745107,221.123754014557,0.407400614999873,8.38962913033616,0.738350163538611,5.97824974411464,1.36297702284355,0.165975261102275,0.394983528778672,2.33610195091536e-16,-3.50415292637304e-16,2.28134956144078e-19,1,1,1,0,0,0,0,0,2,2,2.09299999999996
"A3","r1","RSArule",6,0,4165,3900,0.936374549819928,238.373968044907,221.699451553028,0.423200447699118,8.40054326606121,0.737861945719779,5.98153846153846,1.39334977410381,0.179098618932734,0.413029485104629,1.16805097545768e-16,2.33610195091536e-16,1.82507964915262e-18,1,1,1,0,0,0,0,0,6,6,2.14199999999994
"A3","r1","RSArule",7,0,4165,3897,0.935654261704682,238.881241435133,221.134101282186,0.416641707739223,8.38982542193146,0.746481725936921,5.98460354118553,1.46536863769793,0.173590312627856,0.405648510604396,2.33610195091536e-16,-3.50415292637304e-16,0,1,1,1,0,0,0,0,0,1,1,1.94600000000003
"A3","r1","RSArule",8,0,4165,3899,0.936134453781513,238.843426256541,222.150042236884,0.408769611287397,8.40907573162156,0.739865609260413,5.98255963067453,1.44094767954999,0.16709259511205,0.40099847360678,1.16805097545768e-16,-2.33610195091536e-16,1.22622538927442e-18,1,1,1,0,0,0,0,0,6,6,2.62
"A3","r1","RSArule",9,0,4165,3903,0.937094837935174,239.330210313484,224.40379763362,0.407169392684564,8.45162394359617,0.739928362463874,5.98052779912888,1.40249105913219,0.165786914339116,0.395313221444133,2.33610195091536e-16,-2.33610195091536e-16,0,1,1,1,0,0,0,0,0,8,8,2.38799999999992
"A3","r1","RSArule",10,0,4165,3895,0.935174069627851,238.969147952027,223.294108643304,0.404257557486017,8.43070117533299,0.73900320105904,5.98356867779204,1.42089070245986,0.16342417278456,0.393715798228267,1.16805097545768e-16,-3.50415292637304e-16,4.56269912288156e-19,1,1,1,0,0,0,0,0,3,3,1.95299999999997
"A3","r1","RSArule",11,0,4165,3902,0.936854741896759,238.498350696709,219.07698328839,0.403482926697971,8.35071072421407,0.735356798859148,5.98231676063557,1.3457523343973,0.16279847213676,0.393955345639977,1.16805097545768e-16,1.16805097545768e-16,0,1,1,1,0,0,0,0,0,4,4,2.56999999999994
"A3","r1","RSArule",12,0,4165,3893,0.93469387755102,238.376703453738,224.982591510751,0.394103839217565,8.46251635727348,0.736623935730601,5.98099152324685,1.32440734139781,0.155317836086025,0.384199480031616,1.16805097545768e-16,0.000224113931324016,0.00022411393132428,1,1,1,0,0,0,0,0,3,3,2.72399999999993
"A3","r1","RSArule",13,0,4165,3897,0.935654261704682,238.611663965339,222.157120780764,0.418017532396929,8.40920970309598,0.736913823669649,5.98101103412882,1.41699045598705,0.174738657391218,0.410101721655759,1.16805097545768e-16,3.50415292637304e-16,1.42584347590049e-20,1,1,1,0,0,0,0,0,5,5,2.31399999999996
"A3","r1","RSArule",14,0,4165,3896,0.935414165666267,239.104005580211,221.758288632815,0.419728194414065,8.40165790863321,0.733436234072758,5.9799794661191,1.38753232306991,0.176171757186091,0.40819366602658,2.33610195091536e-16,2.33610195091536e-16,1.14067478072039e-19,1,1,1,0,0,0,0,0,2,2,2.226
"A3","r1","RSArule",15,0,4165,3891,0.93421368547419,238.381850870872,222.687310482476,0.398665218056056,8.41923823479604,0.733057125464009,5.98509380621948,1.37818391793335,0.158933956087682,0.387848927254934,2.33610195091536e-16,-1.16805097545768e-16,1.14067478072039e-19,1,1,1,0,0,0,0,0,5,5,2.423
"A3","r1","RSArule",16,0,4165,3893,0.93469387755102,239.316471316569,222.285005351563,0.39980950173424,8.41162973233008,0.73564908885363,5.98535833547393,1.34279687181963,0.159847637676982,0.392400167307217,1.16805097545768e-16,-2.33610195091536e-16,0,1,1,1,0,0,0,0,0,4,4,2.61599999999999
"A3","r1","RSArule",17,0,4165,3912,0.939255702280912,237.536092711531,223.700952737696,0.411710477009336,8.43837809089995,0.736302120939826,5.97878323108384,1.41325466841727,0.169505516879255,0.398915989130944,1.16805097545768e-16,-1.16805097545768e-16,1.15223191045669e-21,1,1,1,0,0,0,0,0,3,3,2.34400000000005
"A3","r1","RSArule",18,0,4165,3903,0.937094837935174,238.052769008581,221.46509842717,0.41592221469354,8.39610208811414,0.732180126786113,5.98437099666923,1.37571671727238,0.172991288675579,0.405028667537324,1.16805097545768e-16,3.50415292637304e-16,1.65397843204457e-18,1,1,1,0,0,0,0,0,3,3,2.30700000000002
"A3","r1","RSArule",19,0,4165,3903,0.937094837935174,238.74803800061,222.718957127626,0.413788191903228,8.41983645294058,0.732890506630552,5.98104022546759,1.429163756198,0.171220667758543,0.403460642868611,0,-2.33610195091536e-16,1.80458314918656e-19,1,1,1,0,0,0,0,0,6,6,2.34699999999998
"A3","r1","RSArule",20,0,4165,3890,0.933973589435774,238.02560312661,221.771638875273,0.408413728325393,8.40191079850758,0.741030916159642,5.98508997429306,1.39602345551787,0.166801773484648,0.400147770630143,1.16805097545768e-16,4.67220390183072e-16,5.70337390360195e-20,1,1,1,0,0,0,0,0,2,2,2.14400000000001
"A3","r2","CSR",1,0,3126,2880,0.921305182341651,314.94660255862,288.943825707043,0.519122213948979,9.59029072481409,0.772007151214682,5.96597222222222,1.7841838408398,0.26948787301529,0.506117844587524,1.17406111719659e-16,1.17406111719659e-16,9.74562450797948e-19,0.999680102367242,1,1,1,0,0,0,1,11,9,1.759
"A3","r2","CSR",2,0,3126,2887,0.923544465770953,314.057869006246,287.573380220325,0.512483595677874,9.56752057366063,0.774873739675977,5.971596813301,1.74555472581105,0.262639435838923,0.503648342952859,0,-1.17406111719659e-16,0,0.999680102367242,1,1,1,0,0,0,2,14,11,2.31399999999996
"A3","r2","CSR",3,0,3126,2876,0.920025591810621,314.414323639824,289.959739132716,0.515855718091673,9.6071354033854,0.773717517658565,5.97322670375522,1.77980468041362,0.266107121887876,0.50131241537736,0,1.17406111719659e-16,3.4038026774193e-20,0.999680102367242,1,1,1,0,0,0,1,14,12,2.44099999999992
"A3","r2","CSR",4,0,3126,2889,0.924184261036468,314.420711578662,283.607838019817,0.536416676275698,9.50132509921215,0.76779769190363,5.96953963309103,1.74630176167313,0.287742850586667,0.525518697530492,1.17406111719659e-16,2.34812223439317e-16,2.29308811952458e-19,0.999680102367242,1,1,1,0,0,0,2,14,11,2.721
"A3","r2","CSR",5,0,3126,2863,0.915866922584773,317.907528532183,289.234007091422,0.53892035529066,9.59510520410027,0.768052216665784,5.97555012224939,1.79814413296906,0.290435149346612,0.526932916967546,0,3.52218335158976e-16,0,0.999680102367242,1,1,1,0,0,0,1,11,9,2.50299999999993
"A3","r2","CSR",6,0,3126,2909,0.930582213691619,311.858712462984,285.882711532272,0.517122619567473,9.53935497660879,0.765989178153342,5.96287383980749,1.70632406282641,0.267415803668325,0.507063271549197,0,1.17406111719659e-16,3.76433703996174e-19,0.999360204734485,1,1,2,0,0,0,2,7,4,2.20299999999997
"A3","r2","CSR",7,0,3126,2884,0.922584772872681,314.298071608556,282.999077352716,0.541211069745189,9.49112235603262,0.779319647326582,5.97191400832178,1.87260667175653,0.292909422014731,0.530017064179135,0,3.52218335158976e-16,4.58617623904917e-19,0.999680102367242,1,1,1,0,0,0,1,19,17,3.01499999999999
"A3","r2","CSR",8,0,3126,2870,0.918106206014075,315.63313865669,290.036418718812,0.511513611325055,9.60840564058215,0.777000137808794,5.97038327526132,1.81682906183242,0.2616461745708,0.503927379804868,0,0,0,0.999680102367242,1,1,1,0,0,0,1,13,11,2.42999999999995
"A3","r2","CSR",9,0,3126,2887,0.923544465770953,313.835197683755,287.190984478443,0.521952896837112,9.56115733488075,0.76764295369221,5.97679251818497,1.72122144792737,0.272434826516653,0.511706645320842,0,0,0,0.999680102367242,1,1,1,0,0,0,1,11,9,2.54500000000007
"A3","r2","CSR",10,0,3126,2886,0.923224568138196,312.894560142738,284.175661539465,0.535335144647365,9.51083184125113,0.771982582910112,5.97054747054747,1.83102132928823,0.286583717094616,0.524196408552663,1.17406111719659e-16,0,4.70262212011877e-19,0.999680102367242,1,1,1,0,0,0,1,18,16,2.80400000000009
"A3","r2","CSR",11,0,3126,2898,0.927063339731286,312.165522502917,284.678713975442,0.538364485036239,9.51924616112401,0.773382491167864,5.96031746031746,1.77785174592216,0.289836318748334,0.529233731119225,1.17406111719659e-16,4.69624446878635e-16,0,0.999680102367242,1,1,1,0,0,0,1,15,13,2.44200000000001
"A3","r2","CSR",12,0,3126,2886,0.923224568138196,313.335617051397,281.413450315969,0.541800335807927,9.46449591803947,0.768779712275641,5.96846846846847,1.83574718566053,0.293547603881583,0.525597367553683,1.17406111719659e-16,1.17406111719659e-16,1.79147509337858e-20,0.999680102367242,1,1,1,0,0,0,2,13,10,2.447
"A3","r2","CSR",13,0,3126,2890,0.924504158669226,313.318681439356,283.801379045849,0.527357886726032,9.5045663339543,0.770811182481578,5.97370242214533,1.78677791072449,0.278106340692147,0.518175306008599,0,3.52218335158976e-16,5.73272029881146e-20,0.999360204734485,1,1,2,0,0,0,2,20,16,2.82600000000002
"A3","r2","CSR",14,0,3126,2896,0.926423544465771,312.090904112603,286.494205254577,0.534092502074213,9.54955155129385,0.774468538896126,5.9689226519337,1.7966159028235,0.285254800771894,0.526821643313274,2.34812223439317e-16,-2.34812223439317e-16,0,0.999680102367242,1,1,1,0,0,0,1,15,13,2.95299999999997
"A3","r2","CSR",15,0,3126,2882,0.921944977607166,314.688501329626,290.268765200593,0.51092637411902,9.61225350438098,0.772732440462528,5.97501734906315,1.76334649397173,0.261045759770409,0.498480759223796,0,0,0,0.999680102367242,1,1,1,0,0,0,1,14,12,2.36400000000003
"A3","r2","CSR",16,0,3126,2885,0.922904670505438,313.732943139292,286.202563021535,0.529285293303443,9.54468989862394,0.772382417001516,5.96880415944541,1.79722343077326,0.280142921707311,0.516222561462932,2.34812223439317e-16,-2.34812223439317e-16,0,0.999680102367242,1,1,1,0,0,0,1,16,14,2.68600000000004
"A3","r2","CSR",17,0,3126,2883,0.922264875239923,313.611392413742,282.767792740335,0.5395543803211,9.4872432204312,0.76270437042933,5.97294484911551,1.70225180368876,0.291118929323686,0.52863536384666,1.17406111719659e-16,0,0,0.999360204734485,1,1,2,0,0,0,2,15,12,2.44800000000009
"A3","r2","CSR",18,0,3126,2874,0.919385796545106,315.446857150448,289.523884327769,0.526024076273868,9.59991220328464,0.771429934379204,5.9714683368128,1.80426745688084,0.276701328819776,0.516352526591808,1.17406111719659e-16,1.17406111719659e-16,0,0.999360204734485,1,1,2,0,0,0,2,11,9,2.476
"A3","r2","CSR",19,0,3126,2868,0.917466410748561,315.926404518612,288.462087604887,0.531727976956798,9.58229249111005,0.769265914040061,5.98047419804742,1.77429597317428,0.282734641478569,0.520212805328435,0,3.52218335158976e-16,1.14654405976229e-19,0.999680102367242,1,1,1,0,0,0,1,15,13,2.40200000000004
"A3","r2","CSR",20,0,3126,2869,0.917786308381318,316.774691851162,287.559067754783,0.535374273936928,9.56728248397329,0.769165751768641,5.97350993377483,1.7845142102395,0.286625613193493,0.521222389662266,0,1.17406111719659e-16,1.20387126275041e-18,0.999680102367242,1,1,1,0,0,0,1,18,16,2.43700000000001
"A3","r2","RSA",1,0,3126,2893,0.925463851567498,314.329174718872,287.942875426759,0.502677752874944,9.57366512389717,0.762191579579225,5.97614932595921,1.66021933039114,0.252684923235403,0.486870080520147,1.17406111719659e-16,2.34812223439317e-16,1.43318007470286e-20,0.999360204734485,1,1,2,0,0,0,2,4,2,1.706
"A3","r2","RSA",2,0,3126,2878,0.920665387076136,316.119394384545,287.596264458653,0.495218870253809,9.56790123797609,0.76271095708628,5.97602501737318,1.59379413493179,0.245241729455459,0.486170925507843,1.17406111719659e-16,2.34812223439317e-16,9.17235247809833e-19,0.999680102367242,1,1,1,0,0,0,1,14,12,2.40200000000004
"A3","r2","RSA",3,0,3126,2903,0.928662827895074,313.325701071532,290.945092937611,0.486791565794059,9.6234452987848,0.756975938854334,5.96761970375474,1.63299664098999,0.236966028528232,0.477028636286822,1.17406111719659e-16,-2.34812223439317e-16,0,0.999680102367242,1,1,1,0,0,0,1,12,10,2.13699999999994
"A3","r2","RSA",4,0,3126,2895,0.926103646833013,314.519729000373,287.384109676972,0.494458880391073,9.56437155501117,0.762268592733414,5.9727115716753,1.59946240986951,0.244489584397593,0.48315829856859,1.17406111719659e-16,1.17406111719659e-16,0,0.999680102367242,1,1,1,0,0,0,1,15,13,2.61500000000001
"A3","r2","RSA",5,0,3126,2894,0.925783749200256,314.486517828898,285.275390382965,0.498547604178437,9.52921672211302,0.76138326498388,5.96890117484451,1.69899796257726,0.248549713632059,0.48603998344084,1.17406111719659e-16,1.17406111719659e-16,0,0.999680102367242,1,1,1,0,0,0,1,10,8,2.40800000000002
"A3","r2","RSA",6,0,3126,2894,0.925783749200256,313.482888555317,283.000815814017,0.502120604057083,9.49115132259668,0.7603115976313,5.97062888735314,1.59713220028518,0.25212510101865,0.488500713852436,1.17406111719659e-16,-1.17406111719659e-16,0,0.999360204734485,1,1,2,0,0,0,2,20,18,2.30200000000002
"A3","r2","RSA",7,0,3126,2895,0.926103646833013,313.105832271327,283.814685313014,0.495194939095317,9.5047893285056,0.761613626267031,5.96649395509499,1.64746023277271,0.245218027705614,0.483336751200069,1.17406111719659e-16,0,5.73272029881146e-20,0.999680102367242,1,1,1,0,0,0,1,17,15,2.36900000000003
"A3","r2","RSA",8,0,3126,2885,0.922904670505438,315.425622365482,284.757960103777,0.503063398435126,9.52057108951777,0.759909435253746,5.96603119584055,1.67984433328446,0.253072782845099,0.491031560864662,1.17406111719659e-16,-1.17406111719659e-16,2.86636014940573e-20,0.999680102367242,1,1,1,0,0,0,1,11,9,2.34500000000003
"A3","r2","RSA",9,0,3126,2895,0.926103646833013,312.967008581053,282.714229477154,0.505600908301382,9.48634461778671,0.758482030221401,5.9699481865285,1.65597287222805,0.255632278475183,0.491263523525649,0,3.52218335158976e-16,9.45898849303891e-19,0.999360204734485,1,1,2,0,0,0,2,11,9,2.26099999999997
"A3","r2","RSA",10,0,3126,2884,0.922584772872681,314.786041376994,281.614304095037,0.524098975366618,9.46787281662503,0.75346633164753,5.96775312066574,1.59278565390979,0.274679735980339,0.511440603860915,1.17406111719659e-16,0.000212923700532389,0.000212923700532395,0.999680102367242,1,1,1,0,0,0,1,12,10,2.26099999999997
"A3","r2","RSA",11,0,3126,2903,0.928662827895074,312.866487171703,288.894907184955,0.484141928732922,9.58947887140483,0.766242547943627,5.9700310024113,1.70516633260158,0.234393407157234,0.476320438935056,0,0,6.96044057374247e-19,0.999680102367242,1,1,1,0,0,0,1,12,10,2.40700000000004
"A3","r2","RSA",12,0,3126,2875,0.919705694177863,314.856405009941,290.235222040409,0.496239996264108,9.61169810669322,0.762266365261914,5.97321739130435,1.67882315209827,0.246254133892202,0.483955407871633,1.17406111719659e-16,0,0,0.999680102367242,1,1,1,0,0,0,1,8,6,2.52599999999995
"A3","r2","RSA",13,0,3126,2884,0.922584772872681,315.045289061187,289.257585420863,0.497608635598874,9.59549629213198,0.768893184313366,5.96948682385576,1.6223776762051,0.247614354222573,0.48973032231955,1.17406111719659e-16,0,1.21820306349743e-19,0.999360204734485,1,1,2,0,0,0,2,17,14,2.57499999999993
"A3","r2","RSA",14,0,3126,2888,0.923864363403711,315.602733826787,287.322861918792,0.506992106863526,9.56335222131183,0.764639728172951,5.96883656509695,1.63948572596423,0.257040996421917,0.496513184206815,1.17406111719659e-16,1.17406111719659e-16,0,0.999680102367242,1,1,1,0,0,0,1,12,10,2.63499999999999
"A3","r2","RSA",15,0,3126,2897,0.926743442098528,312.741949126841,290.765575027263,0.479966227412603,9.62047592861665,0.759195729214159,5.97894373489817,1.57724985076961,0.230367579456687,0.470072218805236,2.34812223439317e-16,1.17406111719659e-16,0,0.999360204734485,1,1,2,0,0,0,2,10,7,2.94099999999992
"A3","r2","RSA",16,0,3126,2875,0.919705694177863,316.827055130063,291.077970540829,0.478513493377778,9.62564261093566,0.756014868054481,5.97078260869565,1.58648077214003,0.228975163344605,0.466155151116693,1.17406111719659e-16,-3.52218335158976e-16,6.95092336230889e-19,0.999680102367242,1,1,1,0,0,0,1,9,7,2.62599999999998
"A3","r2","RSA",17,0,3126,2882,0.921944977607166,316.670708717366,288.254158915054,0.494409078817025,9.57883856466525,0.762100701475344,5.97085357390701,1.69717171128365,0.244440337216699,0.482746255590079,1.17406111719659e-16,-2.34812223439317e-16,0,0.999360204734485,1,1,2,0,0,0,2,8,6,2.65099999999995
"A3","r2","RSA",18,0,3126,2870,0.918106206014075,314.75176721415,292.126675934209,0.477515488349856,9.64296662569586,0.765404289710268,5.9808362369338,1.65839874277845,0.228021041614001,0.465734117231913,1.17406111719659e-16,2.34812223439317e-16,1.86313409711372e-18,0.999360204734485,1,1,2,0,0,0,2,13,10,2.46199999999999
"A3","r2","RSA",19,0,3126,2877,0.920345489443378,315.507145428345,287.846635269086,0.506230431593536,9.57206507034349,0.766841989861208,5.96663190823775,1.66717547398846,0.256269249871377,0.496031102019282,1.17406111719659e-16,-1.17406111719659e-16,0,0.999680102367242,1,1,1,0,0,0,1,13,11,2.31100000000004
"A3","r2","RSA",20,0,3126,2878,0.920665387076136,316.694984411186,290.836370792141,0.495753308660531,9.62164690495162,0.766668972349915,5.97220291869354,1.62105534706134,0.245771343047863,0.483835060044833,0,-1.17406111719659e-16,0,0.999680102367242,1,1,1,0,0,0,1,16,14,2.71699999999998
"A3","r2","RSArule",1,0,3126,2874,0.919385796545106,315.710524449408,294.681192839836,0.400606870582558,9.68503663809231,0.733055375521881,5.97529575504523,1.35789975586781,0.16048586475795,0.394962504533266,1.17406111719659e-16,-1.17406111719659e-16,1.30419386797961e-18,0.999680102367242,1,1,1,0,0,0,1,14,12,1.859
"A3","r2","RSArule",2,0,3126,2884,0.922584772872681,315.474506822634,294.010682004268,0.400350299415492,9.6740119214526,0.742836474179237,5.97399445214979,1.34063461113813,0.160280362242074,0.388707293314764,1.17406111719659e-16,0,7.16590037351432e-21,0.999680102367242,1,1,1,0,0,0,1,16,14,2.37300000000005
"A3","r2","RSArule",3,0,3126,2887,0.923544465770953,314.598443514392,289.996245417457,0.412724314835531,9.60774020634183,0.740213768289696,5.97575337720818,1.41105430921849,0.170341360056458,0.401479353485882,1.17406111719659e-16,-2.34812223439317e-16,4.07112714970282e-19,0.999680102367242,1,1,1,0,0,0,1,11,9,2.21600000000001
"A3","r2","RSArule",4,0,3126,2882,0.921944977607166,316.312759115002,297.459612747098,0.40401271295465,9.73058762229672,0.736516014680209,5.97605829285219,1.40345297542756,0.163226272228976,0.396615482262655,0,1.17406111719659e-16,7.63168389779275e-19,0.999680102367242,1,1,1,0,0,0,1,21,19,2.54900000000009
"A3","r2","RSArule",5,0,3126,2893,0.925463851567498,313.859199569829,292.167366032107,0.41878616210602,9.64363837087942,0.736429865287736,5.97234704459039,1.26686990441467,0.175381849571489,0.406485444281547,1.17406111719659e-16,-2.34812223439317e-16,1.61232758404072e-20,0.999680102367242,1,1,1,0,0,0,1,6,4,2.702
"A3","r2","RSArule",6,0,3126,2881,0.921625079974408,316.525322950663,296.962246004766,0.403173027912588,9.72244921440374,0.72528025722126,5.97431447414092,1.36531224690501,0.162548490436204,0.392709055493441,1.17406111719659e-16,-1.17406111719659e-16,0,0.999680102367242,1,1,1,0,0,0,1,13,11,2.32099999999991
"A3","r2","RSArule",7,0,3126,2877,0.920345489443378,316.197220537207,292.05135179174,0.411938618043539,9.64172352583556,0.739937610782002,5.97636426833507,1.40347453763796,0.169693425035621,0.401554075321574,0,1.17406111719659e-16,0,0.999680102367242,1,1,1,0,0,0,1,10,8,2.81399999999996
"A3","r2","RSArule",8,0,3126,2880,0.921305182341651,317.528170225876,297.233451364431,0.408907169903961,9.72688775971217,0.742563137823056,5.97673611111111,1.40654439716723,0.167205073598867,0.399060390161022,0,3.52218335158976e-16,0,0.999680102367242,1,1,1,0,0,0,1,17,15,2.31400000000008
"A3","r2","RSArule",9,0,3126,2896,0.926423544465771,314.847461311206,295.85438407943,0.410559835202097,9.7042967148625,0.739016436320712,5.97272099447514,1.37369428620502,0.168559378281173,0.402147737286251,1.17406111719659e-16,2.34812223439317e-16,3.00967815687601e-19,0.999680102367242,1,1,1,0,0,0,2,12,9,2.81400000000008
"A3","r2","RSArule",10,0,3126,2888,0.923864363403711,316.33137044211,291.434787916769,0.429200009610576,9.63154041578288,0.73237194314654,5.97506925207756,1.40429684314153,0.184212648249718,0.417300894126749,1.17406111719659e-16,-1.17406111719659e-16,5.73272029881146e-20,0.999680102367242,1,1,1,0,0,0,1,8,6,2.64300000000003
"A3","r2","RSArule",11,0,3126,2878,0.920665387076136,316.656274189529,296.623318419697,0.407610005721617,9.71689943721828,0.738531647599863,5.97359277275886,1.37087002110868,0.166145916764376,0.397444365322472,1.17406111719659e-16,1.17406111719659e-16,0,0.999680102367242,1,1,1,0,0,0,1,11,9,2.88999999999999
"A3","r2","RSArule",12,0,3126,2894,0.925783749200256,315.306925123622,292.979357049742,0.41659052668109,9.65702961728891,0.736342493427592,5.96855563234278,1.3633385974916,0.173547666920428,0.407530680997635,1.17406111719659e-16,-3.52218335158976e-16,1.61232758404072e-19,0.999680102367242,1,1,1,0,0,0,1,17,15,3.20900000000006
"A3","r2","RSArule",13,0,3126,2881,0.921625079974408,314.847985168842,295.503528595986,0.406466580892451,9.69854084665816,0.741840549450579,5.9781325928497,1.3512577615797,0.165215081382399,0.398472536113557,1.17406111719659e-16,0,3.83375669983016e-19,0.999680102367242,1,1,1,0,0,0,1,13,11,2.80099999999993
"A3","r2","RSArule",14,0,3126,2887,0.923544465770953,316.846084159744,294.794124786272,0.406983512728834,9.68689239686126,0.736001159864883,5.97436785590578,1.38326514945843,0.165635579633101,0.396575321475753,1.17406111719659e-16,0,1.57649808217315e-19,0.999680102367242,1,1,1,0,0,0,1,17,15,2.351
"A3","r2","RSArule",15,0,3126,2885,0.922904670505438,315.255142669573,298.376817983965,0.394880927667886,9.74557802145966,0.744338548999275,5.97746967071057,1.37847972558814,0.15593094703585,0.388383185504782,1.17406111719659e-16,1.17406111719659e-16,0,0.999680102367242,1,1,1,0,0,0,1,10,8,3.09299999999996
"A3","r2","RSArule",16,0,3126,2880,0.921305182341651,315.577383399315,294.41950124987,0.412863156743135,9.68073514860946,0.73798426582021,5.97951388888889,1.46085144822662,0.170455986195906,0.402674500524252,0,1.17406111719659e-16,2.86636014940573e-20,0.999040307101727,1,1,3,0,0,0,4,12,7,2.851
"A3","r2","RSArule",17,0,3126,2880,0.921305182341651,316.161112415897,293.582224355306,0.411301776872368,9.66696044020989,0.732585384116999,5.97430555555556,1.40468864574891,0.169169151658367,0.400608315575342,0,2.34812223439317e-16,2.86636014940573e-20,0.999360204734485,1,1,2,0,0,0,2,20,17,3.12299999999993
"A3","r2","RSArule",18,0,3126,2888,0.923864363403711,314.811073659855,293.784392150343,0.406621345032651,9.67028830552838,0.73271120468173,5.97541551246537,1.41020245978006,0.165340918236162,0.400083636206727,0,2.34812223439317e-16,3.43963217928687e-19,0.999680102367242,1,1,1,0,0,0,1,13,11,2.798
"A3","r2","RSArule",19,0,3126,2884,0.922584772872681,315.378984639156,293.76149672318,0.417840105297958,9.66991150237608,0.741255968405002,5.9753814147018,1.35249812016782,0.174590353595409,0.40932134376755,1.17406111719659e-16,3.52218335158976e-16,5.16672613649716e-19,0.999680102367242,1,1,1,0,0,0,1,17,15,2.86699999999996
"A3","r2","RSArule",20,0,3126,2867,0.917146513115803,318.354008507033,296.42383752314,0.413334827344371,9.71363155488992,0.736264284545112,5.97872340425532,1.37672788822735,0.170845679495801,0.403683660506264,1.17406111719659e-16,-1.17406111719659e-16,1.83447049561967e-18,0.999680102367242,1,1,1,0,0,0,1,20,18,3.13599999999997
"A3","r3","CSR",1,0,4299,4045,0.94091649220749,231.942084018881,210.477406774333,0.535185541538252,8.18517192211607,0.776570415379215,5.97948084054388,1.75402989855716,0.286423563871592,0.521443473398108,2.32909179999089e-16,-1.16454589999545e-16,1.42156481933038e-20,1,1,1,0,0,0,0,0,2,2,1.426
"A3","r3","CSR",2,0,4299,4054,0.943010002326122,230.699318550897,212.148525187593,0.515796782670567,8.21760140272049,0.766773334733146,5.97409965466206,1.7380410717344,0.266046321013308,0.500027219164933,1.16454589999545e-16,3.49363769998634e-16,1.06617361449778e-19,1,1,1,0,0,0,0,0,1,1,1.88100000000009
"A3","r3","CSR",3,0,4299,4046,0.941149104442894,231.622056124722,211.945566534953,0.533886289172604,8.21366963765576,0.768721218877056,5.9814631735047,1.75960685735794,0.285034569766493,0.517686238537983,2.32909179999089e-16,0.000340542089088497,0.00034054208908874,1,1,1,0,0,0,0,0,1,1,2.30799999999999
"A3","r3","CSR",4,0,4299,4068,0.946266573621772,230.113725661756,211.112362495679,0.537462439922791,8.19750876442099,0.764515483461778,5.97566371681416,1.74049439586049,0.288865874327759,0.522728429277246,1.16454589999545e-16,-1.16454589999545e-16,1.1372518554643e-19,1,1,1,0,0,0,0,0,3,3,1.97400000000005
"A3","r3","CSR",5,0,4299,4050,0.942079553384508,230.751929075425,211.71470455526,0.525180914101541,8.20919504999138,0.769423771173022,5.97679012345679,1.76187164030747,0.275814992536531,0.513182959266272,1.16454589999545e-16,-2.32909179999089e-16,2.76538781260363e-20,1,1,1,0,0,0,0,0,0,0,1.09699999999998
"A3","r3","CSR",6,0,4299,4060,0.944405675738544,230.731935263334,208.512292756227,0.535088706871314,8.14687204852528,0.769926472881444,5.97832512315271,1.74429480434527,0.286319924221215,0.520884729022515,2.32909179999089e-16,-4.65818359998178e-16,0,1,1,1,0,0,0,0,0,3,3,2.07499999999993
"A3","r3","CSR",7,0,4299,4060,0.944405675738544,230.599033639502,209.574458154159,0.540551957851201,8.1675958460724,0.770376431901221,5.97783251231527,1.7708807406032,0.292196419136767,0.531465546471189,1.16454589999545e-16,-5.82272949997723e-16,4.1225379760581e-19,1,1,1,0,0,0,0,0,0,0,1.255
"A3","r3","CSR",8,0,4299,4069,0.946499185857176,229.735767067513,206.97947191811,0.534161429852538,8.11687206678993,0.770573134969842,5.97886458589334,1.81420411858083,0.285328433142108,0.523434467931986,1.16454589999545e-16,1.16454589999545e-16,2.2745037109286e-19,1,1,1,0,0,0,0,0,1,1,2.41399999999999
"A3","r3","CSR",9,0,4299,4054,0.943010002326122,231.333368713127,209.96443491146,0.540263212681267,8.17519144506685,0.768225611067352,5.97878638381845,1.85348522798134,0.291884338976684,0.526943629698621,1.16454589999545e-16,-2.32909179999089e-16,2.37223629225757e-19,1,1,1,0,0,0,0,0,1,1,2.33500000000004
"A3","r3","CSR",10,0,4299,4062,0.944870900209351,231.275022081114,210.552413984297,0.550792961546309,8.18662999638855,0.766634277866405,5.98178237321517,1.70860672140308,0.303372886488953,0.53822420848933,1.16454589999545e-16,-1.16454589999545e-16,0,1,1,1,0,0,0,0,0,0,0,1.05799999999999
"A3","r3","CSR",11,0,4299,4058,0.943940451267737,231.352256695644,210.815740994604,0.530180585860518,8.19174792120981,0.772503198833127,5.98225726959093,1.8089037523812,0.281091453623402,0.519869494814167,1.16454589999545e-16,1.16454589999545e-16,9.09801484371442e-19,1,1,1,0,0,0,0,0,0,0,1.255
"A3","r3","CSR",12,0,4299,4068,0.946266573621772,230.703533000969,210.789093881256,0.531006030089545,8.19123019848152,0.769360168368906,5.9803343166175,1.75668225850243,0.281967403991458,0.522943690800201,2.32909179999089e-16,-1.16454589999545e-16,0,1,1,1,0,0,0,0,0,1,1,1.93499999999995
"A3","r3","CSR",13,0,4299,4058,0.943940451267737,231.257024543081,210.13971414601,0.53188411890964,8.17860287343598,0.764131346087686,5.97757516017743,1.71431090450484,0.282900715948284,0.521196104680603,1.16454589999545e-16,-4.65818359998178e-16,2.2745037109286e-19,1,1,1,0,0,0,0,0,1,1,2.18399999999997
"A3","r3","CSR",14,0,4299,4063,0.945103512444755,230.60332820366,210.657877057973,0.531996620837824,8.18868028866938,0.769268172607452,5.97686438592173,1.81482650228376,0.283020404582864,0.522044690612387,2.32909179999089e-16,0,6.04165048215411e-20,1,1,1,0,0,0,0,0,1,1,1.65599999999995
"A3","r3","CSR",15,0,4299,4050,0.942079553384508,231.940075416605,207.039652729312,0.527734177728281,8.11805199885492,0.773408351963615,5.98098765432099,1.81020895267541,0.278503362342545,0.51085292676431,1.16454589999545e-16,0,5.68625927732151e-20,1,1,1,0,0,0,0,0,3,3,1.6930000000001
"A3","r3","CSR",16,0,4299,4062,0.944870900209351,230.563681566265,209.782493841154,0.536370788465219,8.17164845227454,0.77583766290799,5.98030526834072,1.83216558026773,0.287693622718801,0.524829711643459,1.16454589999545e-16,-1.16454589999545e-16,0,1,1,1,0,0,0,0,0,2,2,1.73399999999992
"A3","r3","CSR",17,0,4299,4076,0.948127471505001,229.33885191253,208.784629702806,0.524554986348329,8.1521905869362,0.770584863826378,5.97448478900883,1.73775372222256,0.275157933702896,0.514257208450736,1.16454589999545e-16,0,0,1,1,1,0,0,0,0,0,6,6,1.92999999999995
"A3","r3","CSR",18,0,4299,4061,0.944638287973947,230.850709838623,210.016775318989,0.52155768560831,8.17621035984729,0.767601677699573,5.97956168431421,1.73234079305371,0.272022419417097,0.510329052075393,0,1.16454589999545e-16,7.99630210873337e-20,1,1,1,0,0,0,0,0,0,0,1.1930000000001
"A3","r3","CSR",19,0,4299,4053,0.942777390090719,231.195108421341,210.106711847396,0.51946241567538,8.17796084208008,0.771884358865811,5.97902788058228,1.72438730746532,0.269841201299301,0.508526157836641,1.16454589999545e-16,-1.16454589999545e-16,5.59741147611336e-20,1,1,1,0,0,0,0,0,1,1,2.03800000000001
"A3","r3","CSR",20,0,4299,4063,0.945103512444755,230.338689718543,207.577137688255,0.539840292417646,8.12858259919315,0.774208716242513,5.97440315038149,1.82455389651395,0.29142754131757,0.523424832960733,1.16454589999545e-16,0,0,1,1,1,0,0,0,0,0,0,0,1.38700000000006
"A3","r3","RSA",1,0,4299,4056,0.94347522679693,232.107031567793,211.01266122972,0.498113703153674,8.19557293944763,0.757560595996671,5.98200197238659,1.6837697025855,0.248117261269467,0.484460212609666,1.16454589999545e-16,1.16454589999545e-16,3.02082524107705e-20,1,1,1,0,0,0,0,0,3,3,1.435
"A3","r3","RSA",2,0,4299,4068,0.946266573621772,231.63817080581,212.137383169963,0.480433948346041,8.21738561132571,0.754337944959815,5.98205506391347,1.54651832300607,0.230816778723366,0.47117000503265,2.32909179999089e-16,0,2.84312963866076e-20,1,1,1,0,0,0,0,0,1,1,2.16399999999999
"A3","r3","RSA",3,0,4299,4060,0.944405675738544,230.681506147868,210.178476614901,0.480550631108696,8.1793573558828,0.757420017542553,5.97832512315271,1.59696787653053,0.230928909058966,0.470034686849857,2.32909179999089e-16,-2.32909179999089e-16,0,1,1,1,0,0,0,0,0,1,1,2.03999999999996
"A3","r3","RSA",4,0,4299,4061,0.944638287973947,231.490850890969,212.6202691281,0.479044238031247,8.22673286709447,0.758066638840492,5.97882295001231,1.53846767825149,0.229483381990938,0.468908692537422,0,-1.16454589999545e-16,1.81960296874288e-18,1,1,1,0,0,0,0,0,0,0,1.01400000000001
"A3","r3","RSA",5,0,4299,4057,0.943707839032333,231.442056230959,215.241361566579,0.480318463839563,8.27728538243679,0.757604154553108,5.98028099580971,1.57061698216587,0.230705826705198,0.469220749907033,0,-3.49363769998634e-16,7.10782409665189e-21,1,1,1,0,0,0,0,0,0,0,1.50599999999997
"A3","r3","RSA",6,0,4299,4078,0.948592695975808,230.364118558662,212.711062826895,0.479587432178921,8.22848917976923,0.761983117506577,5.97621383030897,1.61655451104733,0.230004105103971,0.467771788616636,1.16454589999545e-16,-2.32909179999089e-16,0,1,1,1,0,0,0,0,0,1,1,1.90700000000004
"A3","r3","RSA",7,0,4299,4067,0.946033961386369,230.84937464169,213.791237058499,0.48556585153933,8.24935538907027,0.756239860833428,5.97713302188345,1.6081833180116,0.235774196181114,0.47620579028198,1.16454589999545e-16,-1.16454589999545e-16,4.30023357847439e-19,1,1,1,0,0,0,0,0,0,0,1.101
"A3","r3","RSA",8,0,4299,4060,0.944405675738544,230.303558637762,210.949334883537,0.478606239507312,8.19434309393924,0.758934733206545,5.97980295566502,1.62659370346502,0.22906393249533,0.469892809596051,1.16454589999545e-16,0,4.54900742185721e-19,1,1,1,0,0,0,0,0,1,1,2.07199999999989
"A3","r3","RSA",9,0,4299,4057,0.943707839032333,232.242715264928,215.410671811775,0.474026454784261,8.28054022556378,0.754352269084855,5.98373182154301,1.58652029098172,0.224701079835335,0.462548256646981,1.16454589999545e-16,-4.65818359998178e-16,5.68625927732151e-20,1,1,1,0,0,0,0,0,0,0,1.351
"A3","r3","RSA",10,0,4299,4058,0.943940451267737,231.681033839868,213.112211582489,0.47685083687194,8.23624451577287,0.752526977000776,5.98028585510103,1.55051093626031,0.227386720625469,0.463694363259377,0,-1.16454589999545e-16,3.55391204832594e-21,1,1,1,0,0,0,0,0,2,2,2.25199999999995
"A3","r3","RSA",11,0,4299,4077,0.948360083740405,230.538071599054,212.337448984839,0.481002796954722,8.22125958834293,0.762372663306237,5.97620799607555,1.49673507743359,0.231363690678266,0.46905706446748,1.16454589999545e-16,0,5.68625927732151e-20,1,1,1,0,0,0,0,0,0,0,1.18899999999996
"A3","r3","RSA",12,0,4299,4064,0.945336124680158,231.910341185063,211.842656819587,0.49226622056007,8.21167534359267,0.755416385023408,5.97760826771654,1.58970276947138,0.242326031904495,0.478608487746562,2.32909179999089e-16,-3.49363769998634e-16,0,1,1,1,0,0,0,0,0,0,0,1.13699999999994
"A3","r3","RSA",13,0,4299,4051,0.942312165619912,231.739634870535,210.172460875021,0.49182730707522,8.17924031314004,0.760164071692912,5.98148605282646,1.59249665529926,0.241894099984863,0.480873211970182,1.16454589999545e-16,-1.16454589999545e-16,0,1,1,1,0,0,0,0,0,0,0,1.41399999999999
"A3","r3","RSA",14,0,4299,4056,0.94347522679693,231.022021906727,213.923938521955,0.472520129881069,8.25191503544075,0.75756651475642,5.97830374753452,1.58226651782566,0.223275273142822,0.4603300780995,2.32909179999089e-16,-1.16454589999545e-16,4.54900742185721e-19,1,1,1,0,0,0,0,0,0,0,1.4319999999999
"A3","r3","RSA",15,0,4299,4067,0.946033961386369,230.99023423446,211.041072054896,0.485596193958733,8.19612467120279,0.758261270157754,5.98401770346693,1.64239083884047,0.235803663587208,0.475477064001867,1.16454589999545e-16,0,0,1,1,1,0,0,0,0,0,1,1,1.85400000000004
"A3","r3","RSA",16,0,4299,4069,0.946499185857176,230.535550828885,212.240676974916,0.481266259371476,8.21938597046375,0.756807087827736,5.97837306463505,1.54279666413173,0.231617212409413,0.469585358600876,1.16454589999545e-16,0,0,1,1,1,0,0,0,0,0,3,3,1.84900000000005
"A3","r3","RSA",17,0,4299,4074,0.947662247034194,230.355146612779,211.466067632869,0.487579176235508,8.20437319538712,0.766429025515381,5.97864506627393,1.62954631003335,0.237733453098496,0.472657584711906,2.32909179999089e-16,-1.16454589999545e-16,9.66664077144657e-19,1,1,1,0,0,0,0,0,1,1,2.16899999999998
"A3","r3","RSA",18,0,4299,4076,0.948127471505001,229.730130954427,210.071979199924,0.48217615838083,8.17728485439973,0.762579457234588,5.97252208047105,1.66697484000313,0.232493847710896,0.472176452448998,2.32909179999089e-16,-1.16454589999545e-16,0,1,1,1,0,0,0,0,0,0,0,1.17399999999998
"A3","r3","RSA",19,0,4299,4055,0.943242614561526,231.09306271237,213.410659783232,0.471774696872758,8.24200963515624,0.756722791730447,5.97854500616523,1.65198160225367,0.222571364609382,0.460261622109745,2.32909179999089e-16,-3.49363769998634e-16,3.19852084349335e-20,1,1,1,0,0,0,0,0,0,0,1.2059999999999
"A3","r3","RSA",20,0,4299,4058,0.943940451267737,230.709220663798,213.528002128096,0.481744482625552,8.24427437065686,0.762004212785256,5.97609659931001,1.60726679076487,0.23207774654016,0.466849267437115,2.32909179999089e-16,0,1.81960296874288e-18,1,1,1,0,0,0,0,0,1,1,2.30700000000002
"A3","r3","RSArule",1,0,4299,4061,0.944638287973947,232.203830132053,216.984715042858,0.405679956753601,8.31073883291458,0.736368957080077,5.97833046047772,1.4172643055473,0.164576227311603,0.395226225803989,1.16454589999545e-16,-2.32909179999089e-16,0,1,1,1,0,0,0,0,0,0,0,0.856999999999999
"A3","r3","RSArule",2,0,4299,4053,0.942777390090719,231.657245998523,216.175254579359,0.408534978854319,8.29522276258496,0.735379755538026,5.98198865038243,1.35382161191459,0.166900828947499,0.399336508298013,1.16454589999545e-16,-1.16454589999545e-16,0,1,1,1,0,0,0,0,0,0,0,1.35399999999993
"A3","r3","RSArule",3,0,4299,4048,0.941614328913701,232.06936685242,214.696123717209,0.411018893348939,8.26679490488443,0.734845571437481,5.98863636363636,1.37521059370578,0.168936530689787,0.400893592169486,1.16454589999545e-16,-3.49363769998634e-16,2.24651665354804e-18,1,1,1,0,0,0,0,0,1,1,2.12800000000004
"A3","r3","RSArule",4,0,4299,4049,0.941846941149104,232.668885658505,217.579973801196,0.402653992361065,8.32213053830152,0.738374821964786,5.98518152630279,1.47606494357168,0.162130237564305,0.394031252777515,1.16454589999545e-16,-3.49363769998634e-16,5.64183537671744e-20,1,1,1,0,0,0,0,0,2,2,2.00800000000004
"A3","r3","RSArule",5,0,4299,4075,0.947894859269598,231.433999818421,215.157538074818,0.40709810436847,8.27567347447807,0.736901500382012,5.98159509202454,1.32587619830678,0.165728866580402,0.396626921919302,0,1.16454589999545e-16,5.86395487973781e-20,1,1,1,0,0,0,0,0,0,0,1.14299999999992
"A3","r3","RSArule",6,0,4299,4059,0.94417306350314,231.315350467701,213.240007924178,0.410742789655189,8.23871365276011,0.732065744229808,5.97955161369796,1.33299723606134,0.168709639253727,0.400938381687904,1.16454589999545e-16,0,0,1,1,1,0,0,0,0,0,1,1,2.23099999999999
"A3","r3","RSArule",7,0,4299,4063,0.945103512444755,231.708048850066,216.409810324495,0.418632169887593,8.29972180819608,0.74014953461497,5.98104848634014,1.42627787627971,0.175252893664795,0.408543810183855,1.16454589999545e-16,0,6.82351113278581e-19,1,1,1,0,0,0,0,0,3,3,2.41600000000005
"A3","r3","RSArule",8,0,4299,4059,0.94417306350314,231.910271793235,216.23288748058,0.406432033507031,8.29632845318553,0.735959764433417,5.97905888149791,1.40986200219993,0.16518699786066,0.397286253322419,2.32909179999089e-16,0,0,1,1,1,0,0,0,0,0,0,0,1.10500000000002
"A3","r3","RSArule",9,0,4299,4043,0.940451267736683,233.703623570876,218.300356196085,0.412581475147957,8.3358959647213,0.730644919924451,5.98590155824883,1.34344294626922,0.170223473635264,0.401549486516053,1.16454589999545e-16,0,0,1,1,1,0,0,0,0,0,1,1,1.95399999999995
"A3","r3","RSArule",10,0,4299,4059,0.94417306350314,232.093312008309,215.123826027444,0.415182788676601,8.2750251104282,0.731936549792094,5.98275437299828,1.33188585660667,0.172376748013279,0.404016096828386,1.16454589999545e-16,-2.32909179999089e-16,0,1,1,1,0,0,0,0,0,0,0,1.02500000000009
"A3","r3","RSArule",11,0,4299,4063,0.945103512444755,231.291958857948,215.560028601247,0.407120071602336,8.28341041901449,0.738249758993256,5.97711050947576,1.35176545479597,0.165746752701491,0.39803659062026,1.16454589999545e-16,-2.32909179999089e-16,0,1,1,1,0,0,0,0,0,1,1,2.57899999999995
"A3","r3","RSArule",12,0,4299,4061,0.944638287973947,231.973665993508,217.813242312938,0.408392726459926,8.32659044086796,0.737939922959367,5.9820241319872,1.35952900532883,0.166784619025372,0.399583834112034,1.16454589999545e-16,0,1.93688206633764e-18,1,1,1,0,0,0,0,0,0,0,1.23199999999997
"A3","r3","RSArule",13,0,4299,4051,0.942312165619912,231.880166088879,214.167533397973,0.419572651889733,8.25661208851258,0.740153855875813,5.98543569489015,1.38521992740704,0.176041210213783,0.41032581274427,1.16454589999545e-16,1.16454589999545e-16,2.98528612059379e-19,1,1,1,0,0,0,0,0,0,0,1.39799999999991
"A3","r3","RSArule",14,0,4299,4063,0.945103512444755,232.091190627104,216.038083842972,0.407761680503076,8.29259054092391,0.73610702108221,5.98154073344819,1.38690683284309,0.166269588086693,0.398413799625177,1.16454589999545e-16,1.16454589999545e-16,0,1,1,1,0,0,0,0,0,0,0,1.39499999999998
"A3","r3","RSArule",15,0,4299,4072,0.947197022563387,231.050073227947,216.466615815091,0.413496635721526,8.30081102788979,0.742196832205729,5.9815815324165,1.4162659334147,0.17097946775302,0.405814130634296,1.16454589999545e-16,-3.49363769998634e-16,2.2745037109286e-18,1,1,1,0,0,0,0,0,1,1,2.30999999999995
"A3","r3","RSArule",16,0,4299,4063,0.945103512444755,231.904267800814,215.166063913194,0.416798758229674,8.27583743888332,0.731979412580784,5.98326359832636,1.36161051814037,0.173721204861798,0.404350111995232,2.32909179999089e-16,-1.16454589999545e-16,1.42156481933038e-20,1,1,1,0,0,0,0,0,0,0,1.23799999999994
"A3","r3","RSArule",17,0,4299,4054,0.943010002326122,231.38600138635,214.749468926163,0.412096920006053,8.26782190108877,0.735565317632639,5.98593981253083,1.37532656533784,0.169823871478475,0.395367918953295,2.32909179999089e-16,-2.32909179999089e-16,0,1,1,1,0,0,0,0,0,2,2,2.33400000000006
"A3","r3","RSArule",18,0,4299,4058,0.943940451267737,231.600945413058,214.808586769143,0.416431135159629,8.26895978375946,0.742942900979901,5.98225726959093,1.38248028676622,0.173414890330337,0.405744377430594,1.16454589999545e-16,-2.32909179999089e-16,2.84312963866076e-20,1,1,1,0,0,0,0,0,1,1,2.30500000000006
"A3","r3","RSArule",19,0,4299,4064,0.945336124680158,231.859237763556,215.579904481317,0.408626697247845,8.28379229292845,0.733884416584458,5.98302165354331,1.38858688016109,0.166975777703682,0.400478889973891,1.16454589999545e-16,-1.16454589999545e-16,0,1,1,1,0,0,0,0,0,0,0,1.13300000000004
"A3","r3","RSArule",20,0,4299,4060,0.944405675738544,232.437657996304,215.579799593542,0.413372435679549,8.2837902819159,0.734590349715086,5.98300492610837,1.39636051734454,0.170876770579643,0.403589403040078,1.16454589999545e-16,-2.32909179999089e-16,1.36470222655716e-18,1,1,1,0,0,0,0,0,2,2,2.423
"A3","r4","CSR",1,0,4824,4552,0.943615257048093,206.027301151923,185.577087764521,0.538902838847002,7.68576747270048,0.76779339752698,5.97759226713532,1.73362215144975,0.290416269717358,0.530656236643501,2.33309364225351e-16,1.16654682112676e-16,3.11501607814304e-21,1,1,1,0,0,0,0,0,3,3,1.327
"A3","r4","CSR",2,0,4824,4550,0.943200663349917,206.042654958537,188.559809985533,0.524976185328012,7.74728672295724,0.770801767030836,5.97758241758242,1.78450503552284,0.275599995161552,0.509537191938388,1.16654682112676e-16,1.16654682112676e-16,1.42400735000825e-20,1,1,1,0,0,0,0,0,2,2,2.64800000000002
"A3","r4","CSR",3,0,4824,4567,0.946724709784411,205.157909043168,186.893969486447,0.534031417831611,7.71298892490244,0.769509241900493,5.97525728049048,1.79986948591665,0.28518955523124,0.524955301599679,1.16654682112676e-16,2.33309364225351e-16,2.71451401095322e-20,1,1,1,0,0,0,0,0,7,7,2.59199999999993
"A3","r4","CSR",4,0,4824,4542,0.941542288557214,206.517105984936,189.962391153635,0.51461588776091,7.7760470031323,0.762852981931807,5.97952443857332,1.73906535406019,0.264829511935949,0.500848256136522,1.16654682112676e-16,-2.33309364225351e-16,4.55682352002639e-19,1,1,1,0,0,0,0,0,2,2,2.37400000000002
"A3","r4","CSR",5,0,4824,4551,0.943407960199005,205.735539263872,190.167668718762,0.528138644303062,7.78024736018759,0.769864272857424,5.98110305427379,1.7829395302566,0.278930427606276,0.516891945698417,1.16654682112676e-16,2.33309364225351e-16,0,1,1,1,0,0,0,0,0,2,2,2.30699999999996
"A3","r4","CSR",6,0,4824,4538,0.940713101160862,207.418883527861,189.475806504233,0.516754438469671,7.76608152958131,0.771157989582018,5.98060819744381,1.79993244905776,0.267035149678105,0.504371167289882,1.16654682112676e-16,-1.16654682112676e-16,0,1,1,1,0,0,0,0,0,9,9,2.61000000000001
"A3","r4","CSR",7,0,4824,4563,0.94589552238806,205.253524718328,187.540304384665,0.529989682648718,7.72631431819571,0.771981297722438,5.98093359631821,1.78766795766762,0.280889063714089,0.515051238689492,1.16654682112676e-16,0,0,1,1,1,0,0,0,0,0,5,5,2.90500000000009
"A3","r4","CSR",8,0,4824,4548,0.942786069651741,205.483829146203,186.977982135828,0.524150537960222,7.71472229436805,0.770953961962312,5.98460861917326,1.74420994135521,0.27473378644399,0.511234513996748,1.16654682112676e-16,-1.16654682112676e-16,0,1,1,1,0,0,0,0,0,2,2,2.71100000000001
"A3","r4","CSR",9,0,4824,4553,0.943822553897181,205.401101803264,188.477273010202,0.517956372136976,7.74559096003066,0.768316385502908,5.97759718866681,1.75564914614324,0.268278803437297,0.507893859117143,1.16654682112676e-16,-1.16654682112676e-16,0,1,1,1,0,0,0,0,0,2,2,2.42499999999995
"A3","r4","CSR",10,0,4824,4555,0.944237147595357,204.510299852199,188.103025325257,0.527816479203271,7.737897167972,0.770344629742859,5.98111964873765,1.76995526785056,0.278590235718537,0.518100970374703,1.16654682112676e-16,-2.33309364225351e-16,8.54404410004948e-20,1,1,1,0,0,0,0,0,5,5,2.26599999999996
"A3","r4","CSR",11,0,4824,4563,0.94589552238806,206.386452695059,190.895817959668,0.530393239507435,7.79512835607623,0.766804172843015,5.98159105851414,1.76423797652678,0.281316988515191,0.519967658380708,1.16654682112676e-16,2.33309364225351e-16,1.1392058800066e-19,1,1,1,0,0,0,0,0,6,6,2.76900000000001
"A3","r4","CSR",12,0,4824,4561,0.945480928689884,205.944331212046,185.088078658573,0.546101110596815,7.67563451786149,0.773472190714274,5.97675948256961,1.78674046165622,0.298226422995075,0.531551297070242,1.16654682112676e-16,-1.16654682112676e-16,0,1,1,1,0,0,0,0,0,4,4,2.89400000000001
"A3","r4","CSR",13,0,4824,4558,0.94485903814262,205.184011147656,188.445612661113,0.529304820028324,7.74494033586924,0.767828308652166,5.97827994734533,1.7232498825515,0.280163592505216,0.518437353928691,2.33309364225351e-16,-2.33309364225351e-16,0,1,1,1,0,0,0,0,0,4,4,2.67200000000003
"A3","r4","CSR",14,0,4824,4577,0.94879767827529,204.585819701681,187.049183614713,0.537690024862035,7.71619105175412,0.766486163400199,5.9801179812104,1.79571475880466,0.289110562836136,0.52366935448524,1.16654682112676e-16,-2.33309364225351e-16,1.7088088200099e-19,1,1,1,0,0,0,0,0,3,3,2.26900000000001
"A3","r4","CSR",15,0,4824,4551,0.943407960199005,206.467016506172,187.821814845657,0.545814512166172,7.73211099935549,0.770614617352459,5.98110305427379,1.83832414564122,0.297913481691196,0.529986905487898,1.16654682112676e-16,3.49964046338027e-16,1.1392058800066e-19,1,1,1,0,0,0,0,0,2,2,2.18200000000002
"A3","r4","CSR",16,0,4824,4565,0.946310116086235,205.171160708502,188.782596163082,0.517606329086939,7.75186214390783,0.771942739490658,5.98072289156627,1.76606126521863,0.267916311910857,0.50573363928807,1.16654682112676e-16,2.33309364225351e-16,2.27841176001319e-19,1,1,1,0,0,0,0,0,8,8,2.34199999999998
"A3","r4","CSR",17,0,4824,4565,0.946310116086235,204.983367183813,186.069355506336,0.540727363542324,7.6959544809928,0.775691803933861,5.97831325301205,1.81526139615429,0.292386081683432,0.529353968513745,2.33309364225351e-16,-3.49964046338027e-16,0,1,1,1,0,0,0,0,0,4,4,2.31299999999999
"A3","r4","CSR",18,0,4824,4554,0.944029850746269,205.727542985646,186.606173975663,0.52395305613151,7.7070480688392,0.768860662951846,5.97738252086078,1.78490454637572,0.274526805029549,0.513131004564453,1.16654682112676e-16,1.16654682112676e-16,4.55682352002639e-19,1,1,1,0,0,0,0,0,6,6,2.40899999999999
"A3","r4","CSR",19,0,4824,4574,0.948175787728027,204.15506246686,186.90880725952,0.525915543516917,7.71329509090696,0.769207381995134,5.980323567993,1.73632825740638,0.276587158912695,0.515290771868684,1.16654682112676e-16,-2.33309364225351e-16,0,1,1,1,0,0,0,0,0,3,3,2.745
"A3","r4","CSR",20,0,4824,4555,0.944237147595357,206.325017225325,187.162270687262,0.523377461869386,7.71852324478991,0.77626235304464,5.98002195389682,1.73982916069491,0.273923967592841,0.512944387087309,1.16654682112676e-16,1.16654682112676e-16,0,1,1,1,0,0,0,0,0,4,4,2.61300000000006
"A3","r4","RSA",1,0,4824,4545,0.942164179104478,205.614859067378,189.197806747388,0.466676771592468,7.76038222847198,0.754281884022412,5.98481848184819,1.56645080881328,0.217787209143968,0.456410798134424,1.16654682112676e-16,-1.16654682112676e-16,9.11364704005278e-19,1,1,1,0,0,0,0,0,5,5,1.449
"A3","r4","RSA",2,0,4824,4548,0.942786069651741,205.460521079027,189.948456698716,0.470566731486299,7.77576175992777,0.756128360227411,5.97867194371152,1.55947463790192,0.221433048781699,0.459260805310675,1.16654682112676e-16,-2.33309364225351e-16,0,1,1,1,0,0,0,0,0,6,6,2.64800000000002
"A3","r4","RSA",3,0,4824,4562,0.945688225538972,205.801040546797,190.559135948067,0.47105670967413,7.78825114996328,0.758689644788489,5.98027181060938,1.60890692018304,0.221894423729018,0.461803584502088,1.16654682112676e-16,2.33309364225351e-16,2.84801470001649e-20,1,1,1,0,0,0,0,0,3,3,2.46000000000004
"A3","r4","RSA",4,0,4824,4567,0.946724709784411,205.001578406118,187.529813694835,0.487642163145471,7.72609821664664,0.756554968705234,5.97832275016422,1.60859701100882,0.237794879277194,0.478282718446776,1.16654682112676e-16,-1.16654682112676e-16,0,1,1,1,0,0,0,0,0,5,5,2.29200000000003
"A3","r4","RSA",5,0,4824,4570,0.947346600331675,204.924189249419,189.962999457251,0.458241981823216,7.7760594606685,0.75546067587658,5.97877461706783,1.54102454319448,0.209985713905269,0.44985748070514,1.16654682112676e-16,-2.33309364225351e-16,2.13601102501237e-20,1,1,1,0,0,0,0,0,3,3,2.61500000000001
"A3","r4","RSA",6,0,4824,4555,0.944237147595357,206.309286791098,188.201516472189,0.481453126666805,7.73992269262939,0.756354499126152,5.98485181119649,1.55291057860618,0.231797113177243,0.4705161493959,1.16654682112676e-16,-5.83273410563378e-16,0,1,1,1,0,0,0,0,0,4,4,2.29300000000001
"A3","r4","RSA",7,0,4824,4567,0.946724709784411,204.836474201093,188.365416364296,0.482105658593952,7.74329220964063,0.75564349443236,5.97788482592512,1.5844867208538,0.232425866048309,0.471113069139009,1.16654682112676e-16,1.16654682112676e-16,2.13601102501237e-20,1,1,1,0,0,0,0,0,7,7,2.61900000000003
"A3","r4","RSA",8,0,4824,4566,0.946517412935323,205.506167506711,190.427163680634,0.465879131211306,7.78555379799356,0.750686554373371,5.97766097240473,1.53246909511178,0.217043364898202,0.457777747037212,1.16654682112676e-16,-2.33309364225351e-16,1.1392058800066e-19,1,1,1,0,0,0,0,0,7,7,2.81700000000001
"A3","r4","RSA",9,0,4824,4545,0.942164179104478,206.748928229929,189.860277737881,0.483421393674192,7.77395674013998,0.760785687390061,5.98283828382838,1.66035681913262,0.233696243861898,0.471171308815403,1.16654682112676e-16,-1.16654682112676e-16,4.66807409424578e-19,1,1,1,0,0,0,0,0,4,4,2.55099999999993
"A3","r4","RSA",10,0,4824,4558,0.94485903814262,205.343875742781,186.045650388607,0.503448771434229,7.69546421271435,0.756033749315237,5.98157086441422,1.56867499508685,0.253460665458635,0.492077975122359,1.16654682112676e-16,0,7.12003675004123e-21,1,1,1,0,0,0,0,0,5,5,2.47799999999995
"A3","r4","RSA",11,0,4824,4567,0.946724709784411,204.746813698784,187.950687465608,0.47580528793367,7.73476321132992,0.756329228088684,5.98226406831618,1.56495037002488,0.226390672025643,0.467628206770293,1.16654682112676e-16,0,0,1,1,1,0,0,0,0,0,6,6,2.78300000000002
"A3","r4","RSA",12,0,4824,4528,0.938640132669983,206.633294736657,189.14240403454,0.487061274142115,7.75924590287758,0.757138714541626,5.988074204947,1.61770620876235,0.237228684768941,0.475969274603981,1.16654682112676e-16,-1.16654682112676e-16,2.42081249501402e-19,1,1,1,0,0,0,0,0,1,1,2.40300000000002
"A3","r4","RSA",13,0,4824,4570,0.947346600331675,205.334812615641,188.765115944012,0.479729821196167,7.75150324121198,0.760569654281451,5.97680525164114,1.58843102575486,0.230140701344907,0.468008164018084,1.16654682112676e-16,1.16654682112676e-16,9.2560477750536e-19,1,1,1,0,0,0,0,0,5,5,2.54899999999998
"A3","r4","RSA",14,0,4824,4551,0.943407960199005,206.143759107976,190.857645377682,0.471069431650102,7.79434893865269,0.757248556841496,5.98417930125247,1.63007932081103,0.22190640943515,0.458692009223087,2.33309364225351e-16,0.000225438401393894,0.000225438401393927,1,1,1,0,0,0,0,0,1,1,2.75099999999998
"A3","r4","RSA",15,0,4824,4560,0.945273631840796,206.184858538896,189.46715351033,0.473893921077418,7.76590414039566,0.754094124183554,5.97741228070175,1.55750679204042,0.22457544843413,0.462450470356419,1.16654682112676e-16,2.33309364225351e-16,1.7444090037601e-19,1,1,1,0,0,0,0,0,3,3,2.39999999999998
"A3","r4","RSA",16,0,4824,4558,0.94485903814262,205.354682195657,188.58660751065,0.473398939767384,7.74783705613519,0.761624213053335,5.98025449758666,1.57520801070503,0.224106556172883,0.463986592818078,1.16654682112676e-16,0,2.93701515939201e-20,1,1,1,0,0,0,0,0,6,6,2.73000000000002
"A3","r4","RSA",17,0,4824,4546,0.942371475953566,204.885907302353,186.820431006233,0.481777953625219,7.7114713166327,0.749982840589108,5.98350197976243,1.56342412507859,0.232109996599304,0.471000288526891,0,5.83273410563378e-16,6.26563234003628e-19,1,1,1,0,0,0,0,0,1,1,2.28300000000002
"A3","r4","RSA",18,0,4824,4560,0.945273631840796,205.865533871178,189.319340909107,0.472835909920497,7.76287432506345,0.755249130722065,5.98026315789474,1.54687950958774,0.223573797710344,0.459520522292509,1.16654682112676e-16,-1.16654682112676e-16,1.7088088200099e-19,1,1,1,0,0,0,0,0,3,3,2.83300000000008
"A3","r4","RSA",19,0,4824,4562,0.945688225538972,205.789192631698,188.483200762137,0.472542314603861,7.74571275818353,0.757689635791968,5.98180622533976,1.59515236060145,0.223296239091175,0.463045329384271,1.16654682112676e-16,-3.49964046338027e-16,0,1,1,1,0,0,0,0,0,3,3,2.50799999999992
"A3","r4","RSA",20,0,4824,4549,0.942993366500829,206.656079359301,192.440565851982,0.465064888071489,7.8266042836909,0.755139440785814,5.98285337436799,1.57578332524202,0.216285350116946,0.454083100436921,2.33309364225351e-16,-1.16654682112676e-16,5.7850298594085e-19,1,1,1,0,0,0,0,0,5,5,2.81100000000004
"A3","r4","RSArule",1,0,4824,4566,0.946517412935323,205.80248417271,192.069797807236,0.406944978061346,7.81906097520871,0.745255791259274,5.98138414367061,1.38212872994786,0.165604215169349,0.39757379278671,0,-1.16654682112676e-16,0,1,1,1,0,0,0,0,0,4,4,1.609
"A3","r4","RSArule",2,0,4824,4561,0.945480928689884,205.719815776155,190.245327844108,0.417923562468541,7.78183581509247,0.738207589371921,5.98224073668055,1.3643775218577,0.174660104066396,0.406879934550414,1.16654682112676e-16,0,1.36704705600792e-18,1,1,1,0,0,0,0,0,6,6,2.37899999999996
"A3","r4","RSArule",3,0,4824,4544,0.94195688225539,206.728303870605,193.770451993003,0.41293480855373,7.85360111241696,0.737429798274229,5.98261443661972,1.36905712975852,0.170515156115306,0.405800604770885,1.16654682112676e-16,1.16654682112676e-16,0,1,1,1,0,0,0,0,0,5,5,2.428
"A3","r4","RSArule",4,0,4824,4544,0.94195688225539,206.198762095014,193.441466423857,0.410179344758696,7.8469313084412,0.740318061094451,5.98569542253521,1.37839978042368,0.168247094866673,0.397502476903993,1.16654682112676e-16,-3.49964046338027e-16,0,1,1,1,0,0,0,0,0,1,1,2.56099999999998
"A3","r4","RSArule",5,0,4824,4551,0.943407960199005,206.252056137755,193.313510002292,0.405867347533108,7.84433562302242,0.739594640726103,5.98373983739837,1.34786741713571,0.164728303793561,0.397213161546363,1.16654682112676e-16,-1.16654682112676e-16,4.6280238875268e-20,1,1,1,0,0,0,0,0,0,0,1.76300000000003
"A3","r4","RSArule",6,0,4824,4546,0.942371475953566,206.387912480607,192.228141667895,0.40775012829644,7.82228341568203,0.727537566343177,5.98328200615926,1.36561703684667,0.166260167125764,0.400011324366954,0,3.49964046338027e-16,0,1,1,1,0,0,0,0,0,6,6,2.37099999999998
"A3","r4","RSArule",7,0,4824,4541,0.941334991708126,205.68478911516,190.418810085791,0.411438861229754,7.785383084066,0.736846641406503,5.98568597225281,1.38503735422829,0.169281936530036,0.400893917398418,2.33309364225351e-16,1.16654682112676e-16,0,1,1,1,0,0,0,0,0,1,1,2.63499999999999
"A3","r4","RSArule",8,0,4824,4558,0.94485903814262,206.29242807052,191.349367619879,0.408521359816263,7.80438309075083,0.744687555666557,5.97959631417288,1.41915787957386,0.166889701426128,0.396991034768341,1.16654682112676e-16,-1.16654682112676e-16,0,1,1,1,0,0,0,0,0,2,2,2.82599999999991
"A3","r4","RSArule",9,0,4824,4550,0.943200663349917,206.120236111317,192.818825351861,0.405462269800231,7.83429245412452,0.736039489343425,5.9810989010989,1.39907111573852,0.164399652231555,0.396520077605259,1.16654682112676e-16,1.16654682112676e-16,0,1,1,1,0,0,0,0,0,3,3,2.50599999999997
"A3","r4","RSArule",10,0,4824,4541,0.941334991708126,207.021737792757,193.472682232107,0.404466158479521,7.8475644285966,0.742596708169814,5.98546575644131,1.40243188104078,0.163592873355181,0.3934989151615,2.33309364225351e-16,-2.33309364225351e-16,0,1,1,1,0,0,0,0,0,1,1,2.44399999999996
"A3","r4","RSArule",11,0,4824,4548,0.942786069651741,206.524621490365,191.731153951601,0.417769395986246,7.81216498746056,0.736231361885364,5.98482849604222,1.41938710495424,0.174531268222713,0.406712026380629,1.16654682112676e-16,-2.33309364225351e-16,6.42583316691221e-19,1,1,1,0,0,0,0,0,12,12,2.43399999999997
"A3","r4","RSArule",12,0,4824,4549,0.942993366500829,206.271253050956,192.605366032667,0.416080452142723,7.8299547980972,0.738372801163363,5.98329303143548,1.39769794863437,0.173122942655293,0.40660775924929,1.16654682112676e-16,-1.16654682112676e-16,0,1,1,1,0,0,0,0,0,8,8,2.47400000000005
"A3","r4","RSArule",13,0,4824,4553,0.943822553897181,205.965929385782,191.487240760051,0.413294657504643,7.80719423429313,0.74177958119934,5.9830880737975,1.39316735098471,0.17081247392188,0.403471831008827,2.33309364225351e-16,-1.16654682112676e-16,0,1,1,1,0,0,0,0,0,5,5,2.3309999999999
"A3","r4","RSArule",14,0,4824,4586,0.950663349917081,205.602399059721,192.158285663477,0.412670234819035,7.82086193473036,0.735454700150573,5.97841255996511,1.39037357544963,0.170296722705598,0.40276141293388,1.16654682112676e-16,3.49964046338027e-16,0,1,1,1,0,0,0,0,0,6,6,2.66899999999998
"A3","r4","RSArule",15,0,4824,4558,0.94485903814262,206.074555709366,191.183257181597,0.407937622069554,7.80099482647553,0.740145721456403,5.98288723124177,1.45197831995542,0.166413103499762,0.397082940187535,1.16654682112676e-16,-1.16654682112676e-16,0,1,1,1,0,0,0,0,0,5,5,2.42899999999997
"A3","r4","RSArule",16,0,4824,4559,0.945066334991708,205.74810232324,190.416872614502,0.415172439704994,7.78534347664864,0.731564075532552,5.9828909848651,1.35863657236057,0.172368154690597,0.405831904301414,1.16654682112676e-16,2.33309364225351e-16,0,1,1,1,0,0,0,0,0,3,3,2.16399999999999
"A3","r4","RSArule",17,0,4824,4565,0.946310116086235,206.300369390965,193.234213815894,0.403149878803593,7.84272660536828,0.737834240896813,5.9829134720701,1.36210938887412,0.162529824779352,0.395095450842677,1.16654682112676e-16,3.49964046338027e-16,7.12003675004123e-21,1,1,1,0,0,0,0,0,1,1,2.73699999999997
"A3","r4","RSArule",18,0,4824,4563,0.94589552238806,206.281947195987,192.178958250419,0.420996076704836,7.82128265232823,0.736225804652493,5.98181021257944,1.36595577545903,0.177237696600864,0.409567086670681,0,2.33309364225351e-16,1.40976727650816e-18,1,1,1,0,0,0,0,0,6,6,2.447
"A3","r4","RSArule",19,0,4824,4552,0.943615257048093,206.217424826531,190.444232768698,0.42362969905317,7.78590277142566,0.738527403929496,5.98286467486819,1.43147955276636,0.179462121919879,0.417041058051688,2.33309364225351e-16,-2.33309364225351e-16,5.69602940003299e-20,1,1,1,0,0,0,0,0,1,1,2.99799999999993
"A3","r4","RSArule",20,0,4824,4543,0.941749585406302,206.981296252867,193.463058787134,0.408264977830853,7.84736925493509,0.733473189596288,5.98481179837112,1.40685865567759,0.166680292123227,0.398191360326286,1.16654682112676e-16,-2.33309364225351e-16,5.69602940003299e-20,1,1,1,0,0,0,0,0,6,6,2.649
"A3","r5","CSR",1,0,4884,4582,0.938165438165438,201.254306765999,182.425532822018,0.539942362993242,7.62022633784995,0.77303649855947,5.97861195984286,1.8572154490427,0.291537755354726,0.52555216145541,1.17395883147209e-16,1.17395883147209e-16,0,1,1,1,0,0,0,0,0,5,5,2.252
"A3","r5","CSR",2,0,4884,4601,0.942055692055692,201.786047108053,182.61460367933,0.536985631800315,7.6241742971069,0.777509889056497,5.98022169093675,1.84069568997288,0.288353568759984,0.524891104822019,1.17395883147209e-16,-1.17395883147209e-16,0,1,1,1,0,0,0,0,0,6,6,2.25800000000004
"A3","r5","CSR",3,0,4884,4585,0.938779688779689,202.160373477757,186.321636547008,0.525987546846004,7.70116997104049,0.774092037624901,5.97884405670665,1.73624517310221,0.276662899437077,0.515236738820297,1.17395883147209e-16,0,0,1,1,1,0,0,0,0,0,11,11,2.37200000000001
"A3","r5","CSR",4,0,4884,4599,0.941646191646192,201.803696330743,186.458226116667,0.518324028325494,7.7039922594216,0.767482029651619,5.97412480974125,1.77553737545872,0.268659798339568,0.508043331004178,1.17395883147209e-16,0,0,1,1,1,0,0,0,0,0,9,9,2.36200000000002
"A3","r5","CSR",5,0,4884,4599,0.941646191646192,201.139597148335,182.958492294647,0.530828170276822,7.63134960925438,0.76723401747537,5.97673407262448,1.75435201082445,0.281778546359439,0.518273167721797,0,-1.17395883147209e-16,6.05801700315044e-19,1,1,1,0,0,0,0,0,3,3,2.529
"A3","r5","CSR",6,0,4884,4599,0.941646191646192,201.126619898406,184.925189502298,0.533766487318438,7.67225625373608,0.772017858659136,5.97195042400522,1.77759495534943,0.284906662984265,0.522487394602987,0,0,2.29288834271893e-19,1,1,1,0,0,0,0,0,4,4,2.50099999999998
"A3","r5","CSR",7,0,4884,4596,0.941031941031941,202.055145246578,182.994618256094,0.52770410476726,7.63210290912393,0.771978954267577,5.97845953002611,1.82565124993963,0.278471622188215,0.515477615880826,1.17395883147209e-16,0,6.09048466034715e-20,1,1,1,0,0,0,0,0,4,4,2.81999999999999
"A3","r5","CSR",8,0,4884,4579,0.937551187551188,201.998406438984,179.826963026266,0.536286099098393,7.56575839778587,0.76407090858721,5.97794278226687,1.73891922695696,0.287602780086172,0.522528951708344,0,1.17395883147209e-16,6.98614416922173e-20,1,1,1,0,0,0,0,0,6,6,2.99600000000004
"A3","r5","CSR",9,0,4884,4593,0.94041769041769,201.628709807259,182.794918376291,0.526798623358574,7.62793744490164,0.769202074789336,5.97300239494884,1.80110023888799,0.277516789572488,0.517353646428751,1.17395883147209e-16,0,8.38337300306607e-19,1,1,1,0,0,0,0,0,10,10,2.81100000000004
"A3","r5","CSR",10,0,4884,4580,0.937755937755938,201.939601942974,184.883839555627,0.529147722067749,7.67139843312359,0.767574467192174,5.98165938864629,1.73847114842679,0.279997311769487,0.519028839660914,1.17395883147209e-16,1.17395883147209e-16,3.72594355691826e-19,1,1,1,0,0,0,0,0,6,6,2.92700000000002
"A3","r5","CSR",11,0,4884,4594,0.940622440622441,201.588253218782,184.372675960835,0.536536458574133,7.66078621944605,0.772466367231381,5.97649107531563,1.82875267496932,0.287871371379272,0.526509578606987,0,2.34791766294418e-16,0,1,1,1,0,0,0,0,0,4,4,3.13499999999999
"A3","r5","CSR",12,0,4884,4593,0.94041769041769,201.070314207406,182.619924204979,0.530630534000841,7.62428536248345,0.768784453059874,5.9788809057261,1.72843019334831,0.281568763614018,0.516743980281144,1.17395883147209e-16,-2.34791766294418e-16,4.01255459975812e-19,1,1,1,0,0,0,0,0,13,13,3.89100000000002
"A3","r5","CSR",13,0,4884,4590,0.93980343980344,201.871228610655,184.171990825537,0.525154213478305,7.65661579223154,0.769879927544683,5.97843137254902,1.74566674784972,0.275786947934018,0.512220195288674,1.17395883147209e-16,-2.34791766294418e-16,2.29288834271893e-19,1,1,1,0,0,0,0,0,7,7,3.41800000000001
"A3","r5","CSR",14,0,4884,4595,0.940827190827191,201.661127028522,181.377678174103,0.53939501758661,7.59830955514969,0.769063890685133,5.97475516866159,1.76122585972241,0.29094698499726,0.522821637534893,1.17395883147209e-16,-1.17395883147209e-16,5.73222085679732e-20,1,1,1,0,0,0,0,0,2,2,3.28700000000003
"A3","r5","CSR",15,0,4884,4578,0.937346437346437,202.016884589491,184.043392758691,0.536712414536,7.65394221030601,0.771749102207657,5.98121450415028,1.81699463564713,0.288060215917063,0.523946371281102,1.17395883147209e-16,1.17395883147209e-16,1.14644417135946e-19,1,1,1,0,0,0,0,0,2,2,3.14999999999998
"A3","r5","CSR",16,0,4884,4604,0.942669942669943,200.573183207481,182.705518327712,0.539718995705811,7.6260719078601,0.771276641298577,5.97827975673328,1.75490505663118,0.291296594325689,0.529722434630499,1.17395883147209e-16,-1.17395883147209e-16,3.22437423194849e-20,1,1,1,0,0,0,0,0,4,4,3.16899999999998
"A3","r5","CSR",17,0,4884,4587,0.939189189189189,201.347489842672,181.793967922658,0.544934291200265,7.60702420387637,0.763421409492796,5.98037933289732,1.77937944613187,0.296953381725936,0.525930363347575,0,1.17395883147209e-16,9.17155337087571e-19,1,1,1,0,0,0,0,0,1,1,3.07799999999997
"A3","r5","CSR",18,0,4884,4584,0.938574938574939,202.299513192685,179.896184559714,0.564754452585401,7.56721441631511,0.775151631620309,5.97643979057592,1.76160931647004,0.318947591715036,0.544530704981985,0,7.04375298883254e-16,1.14644417135946e-19,1,1,1,0,0,0,0,0,7,7,2.70699999999999
"A3","r5","CSR",19,0,4884,4611,0.944103194103194,200.312083956854,181.626418252026,0.532975096588694,7.60351790435006,0.768345520736955,5.97202342225114,1.78772039511288,0.284062453583728,0.523228520092279,1.17395883147209e-16,1.17395883147209e-16,9.17155337087571e-19,1,1,1,0,0,0,0,0,5,5,3.09499999999997
"A3","r5","CSR",20,0,4884,4591,0.94000819000819,201.049185588079,181.764922584769,0.531233904701465,7.60641649005387,0.770313937017929,5.97712916575909,1.79751602666769,0.282209461504365,0.521989570769362,0,2.34791766294418e-16,0,1,1,1,0,0,0,0,0,8,8,3.17900000000003
"A3","r5","RSA",1,0,4884,4589,0.93959868959869,201.706733956879,185.524944462868,0.481654721251948,7.68468762906013,0.752099495551086,5.97799084767923,1.53547887437132,0.231991270504291,0.472665564020097,0,0,1.79131901774916e-20,1,1,1,0,0,0,0,0,4,4,1.664
"A3","r5","RSA",2,0,4884,4594,0.940622440622441,201.691130529679,184.773916298029,0.473492047403778,7.66911755956613,0.758774600064079,5.97997387897257,1.55979917197158,0.224194718954621,0.46244237574819,0,2.34791766294418e-16,0,1,1,1,0,0,0,0,0,4,4,1.98000000000002
"A3","r5","RSA",3,0,4884,4579,0.937551187551188,202.620601500626,186.49034523139,0.476142628520995,7.70465577199784,0.761433580879437,5.98100021838829,1.60492508060284,0.226711802694883,0.466626054879823,1.17395883147209e-16,-1.17395883147209e-16,5.50830597957867e-19,1,1,1,0,0,0,0,0,5,5,2.19
"A3","r5","RSA",4,0,4884,4579,0.937551187551188,202.910889855591,185.938382874496,0.471875318397197,7.69324544584267,0.754726270958235,5.97881633544442,1.56246072183008,0.222666316112456,0.459817069220231,1.17395883147209e-16,-1.17395883147209e-16,0,1,1,1,0,0,0,0,0,2,2,2.16900000000004
"A3","r5","RSA",5,0,4884,4586,0.938984438984439,202.150415744505,185.722980669597,0.477801709465375,7.68878798177097,0.755323250500136,5.97732228521587,1.56895125794165,0.228294473568035,0.465388898607445,0,-1.17395883147209e-16,0,1,1,1,0,0,0,0,0,2,2,2.25599999999997
"A3","r5","RSA",6,0,4884,4599,0.941646191646192,201.89812171604,187.353358041933,0.469305305912976,7.72246243593833,0.758195081402695,5.9776038269189,1.54952005092924,0.220247470158072,0.456459316169142,1.17395883147209e-16,1.17395883147209e-16,5.73222085679732e-20,1,1,1,0,0,0,0,0,9,9,2.26999999999998
"A3","r5","RSA",7,0,4884,4575,0.936732186732187,202.966150606531,188.818366943964,0.473059950807908,7.7525965257675,0.757694045918805,5.97901639344262,1.63882500519687,0.22378571705838,0.45941459243135,2.34791766294418e-16,1.17395883147209e-16,6.48521116485031e-19,1,1,1,0,0,0,0,0,4,4,2.786
"A3","r5","RSA",8,0,4884,4573,0.936322686322686,202.256836583216,186.554594149967,0.487162754821771,7.70598284652512,0.75451836999921,5.9814126394052,1.5672397362969,0.237327549685537,0.475094297022831,0,0,1.14644417135946e-18,1,1,1,0,0,0,0,0,5,5,2.64800000000002
"A3","r5","RSA",9,0,4884,4595,0.940827190827191,201.658261508022,185.056705050176,0.474898510862791,7.67498395581833,0.758999377922294,5.97780195865071,1.57416974309586,0.225528595619696,0.461292797389813,0,-3.52187649441627e-16,0,1,1,1,0,0,0,0,0,4,4,2.47699999999998
"A3","r5","RSA",10,0,4884,4611,0.944103194103194,200.793099883191,183.088227847901,0.469885183624742,7.63405481823763,0.757586706450346,5.97375840381696,1.51145873467719,0.220792085790057,0.458560760520562,1.17395883147209e-16,-2.34791766294418e-16,0,1,1,1,0,0,0,0,0,4,4,2.71100000000001
"A3","r5","RSA",11,0,4884,4581,0.937960687960688,202.032129063968,185.187677633822,0.467178996652129,7.67769943344115,0.759372463308704,5.98319144291639,1.5545209041713,0.21825621491289,0.454912304184296,0,-2.34791766294418e-16,9.30590229720689e-19,1,1,1,0,0,0,0,0,6,6,2.85899999999998
"A3","r5","RSA",12,0,4884,4575,0.936732186732187,202.193313003518,185.911736326243,0.480275674564766,7.69269417241042,0.756462155701657,5.98273224043716,1.53337032072465,0.230664723578641,0.465945489411948,1.17395883147209e-16,0,3.58263803549832e-21,1,1,1,0,0,0,0,0,8,8,3.07599999999996
"A3","r5","RSA",13,0,4884,4589,0.93959868959869,202.016979246183,186.830753447121,0.47127457589675,7.71168437278036,0.757494179004284,5.98125953366747,1.59337147338609,0.222099725886661,0.458259280443666,0,0,2.43619386413886e-19,1,1,1,0,0,0,0,0,3,3,2.72200000000004
"A3","r5","RSA",14,0,4884,4605,0.942874692874693,201.548420412673,184.194964888177,0.474549020361263,7.65709333292882,0.763752926774427,5.97546145494028,1.64036210782108,0.225196772725834,0.462961912247823,0,1.17395883147209e-16,1.14644417135946e-19,1,1,1,0,0,0,0,0,5,5,2.59000000000003
"A3","r5","RSA",15,0,4884,4587,0.939189189189189,202.338696375382,186.344975338793,0.466386854954909,7.70165228318004,0.754061796509099,5.97536516241552,1.56611780709833,0.217516698474732,0.452866001828855,1.17395883147209e-16,-3.52187649441627e-16,0,1,1,1,0,0,0,0,0,10,10,2.495
"A3","r5","RSA",16,0,4884,4569,0.935503685503685,202.718299174098,184.439684863613,0.489299065171814,7.66217822141399,0.759625110147262,5.98139636681987,1.59400584307787,0.239413575178011,0.478744323504148,1.17395883147209e-16,3.52187649441627e-16,9.50742568670367e-19,1,1,1,0,0,0,0,0,5,5,2.55100000000004
"A3","r5","RSA",17,0,4884,4590,0.93980343980344,202.390975135199,185.061659734486,0.479587266692975,7.67508669963623,0.757307523564933,5.97712418300654,1.5420784570093,0.230003946374039,0.464939117262079,1.17395883147209e-16,-1.17395883147209e-16,7.3220164850497e-20,1,1,1,0,0,0,0,0,1,1,2.57300000000004
"A3","r5","RSA",18,0,4884,4576,0.936936936936937,202.35060346029,184.933322633972,0.493802002471012,7.67242496713965,0.752945431844682,5.97858391608392,1.54620791776529,0.243840417644381,0.479098561269104,0,-1.17395883147209e-16,3.43933251407839e-19,1,1,1,0,0,0,0,0,5,5,2.69599999999997
"A3","r5","RSA",19,0,4884,4605,0.942874692874693,201.327375190368,185.983971863565,0.468875014034513,7.69418851575011,0.752329724200535,5.9785016286645,1.48324753719326,0.219843778785865,0.456867335787404,1.17395883147209e-16,-2.34791766294418e-16,2.86611042839866e-20,1,1,1,0,0,0,0,0,3,3,2.89499999999998
"A3","r5","RSA",20,0,4884,4591,0.94000819000819,201.081087962239,185.343712798933,0.473575288469257,7.6809332848235,0.758658253262985,5.97865388804182,1.57296472353553,0.22427355384874,0.463380170583699,0,2.34791766294418e-16,0,1,1,1,0,0,0,0,0,4,4,2.82300000000004
"A3","r5","RSArule",1,0,4884,4570,0.935708435708436,203.052975631295,188.229891025562,0.415985905005374,7.74050611139718,0.73884090433201,5.97943107221007,1.45153567975219,0.17304427316314,0.406755853223746,0,2.34791766294418e-16,1.43305521419933e-20,1,1,1,0,0,0,0,0,6,6,1.688
"A3","r5","RSArule",2,0,4884,4592,0.94021294021294,201.806762759088,186.848550662371,0.410928764105526,7.7120516653033,0.739326276684938,5.98040069686411,1.39408321993417,0.168862449169295,0.402130949584539,1.17395883147209e-16,-1.17395883147209e-16,0,1,1,1,0,0,0,0,0,3,3,2.02100000000002
"A3","r5","RSArule",3,0,4884,4601,0.942055692055692,201.293971048254,187.746290187906,0.402624222238676,7.73055627113219,0.740957009492868,5.98065637904803,1.37984313429028,0.162106264333299,0.395069612159636,1.17395883147209e-16,1.17395883147209e-16,5.76356893960793e-19,1,1,1,0,0,0,0,0,3,3,2.07900000000001
"A3","r5","RSArule",4,0,4884,4598,0.941441441441441,202.076696866702,188.250412465237,0.405499917370756,7.74092806618322,0.734871008015669,5.98194867333623,1.36382461167868,0.16443018298769,0.394876536308311,1.17395883147209e-16,1.17395883147209e-16,0,1,1,1,0,0,0,0,0,13,13,2.197
"A3","r5","RSArule",5,0,4884,4582,0.938165438165438,203.107503025816,187.99551876883,0.406317735232673,7.73568559382794,0.739561487641651,5.98254037538193,1.40637485920772,0.165094101964609,0.397210508661977,0,2.34791766294418e-16,3.47515889443337e-19,1,1,1,0,0,0,0,0,1,1,2.61599999999999
"A3","r5","RSArule",6,0,4884,4586,0.938984438984439,202.589823163321,187.000499623176,0.41460312334441,7.71518678490112,0.732006989144549,5.98211949411252,1.3750346343549,0.17189574988694,0.406084797679851,1.17395883147209e-16,0,0,1,1,1,0,0,0,0,0,15,15,2.42500000000001
"A3","r5","RSArule",7,0,4884,4582,0.938165438165438,202.006848629022,187.461893115084,0.416958974387662,7.72469894906839,0.738472134662787,5.98494107376691,1.37567363765333,0.173854786322411,0.405454600234091,1.17395883147209e-16,-1.17395883147209e-16,1.14644417135946e-19,1,1,1,0,0,0,0,0,4,4,2.57599999999996
"A3","r5","RSArule",8,0,4884,4594,0.940622440622441,201.885716473529,187.908739027814,0.405354978067393,7.73390000448866,0.735734486043637,5.97801480191554,1.37312856411789,0.164312658244016,0.39524010126468,0,1.17395883147209e-16,0,1,1,1,0,0,0,0,0,5,5,2.56800000000004
"A3","r5","RSArule",9,0,4884,4592,0.94021294021294,202.003970738633,189.526454483987,0.406697172279448,7.76711941584246,0.740735693929961,5.97996515679443,1.35747261912984,0.165402589940099,0.397542057578389,1.17395883147209e-16,-1.17395883147209e-16,4.87238772827772e-19,1,1,1,0,0,0,0,0,8,8,2.77300000000002
"A3","r5","RSArule",10,0,4884,4592,0.94021294021294,201.555344833919,188.138376551565,0.405213097390232,7.73862423382732,0.740384287956475,5.98018292682927,1.41563856378599,0.164197654296586,0.395321217061204,1.17395883147209e-16,1.17395883147209e-16,0,1,1,1,0,0,0,0,0,7,7,2.74399999999997
"A3","r5","RSArule",11,0,4884,4575,0.936732186732187,202.686290488807,188.39617433616,0.410226497860577,7.74392438046788,0.739092386548898,5.98251366120219,1.35037190487455,0.168285779546954,0.402320576170295,1.17395883147209e-16,-3.52187649441627e-16,2.50784662484883e-19,1,1,1,0,0,0,0,0,4,4,2.93900000000002
"A3","r5","RSArule",12,0,4884,4572,0.936117936117936,202.682390207778,189.208900967851,0.413375352375694,7.76060975243515,0.735056666645878,5.98534558180227,1.40494818507564,0.170879181951729,0.406060933055935,1.17395883147209e-16,-2.34791766294418e-16,0,1,1,1,0,0,0,0,0,5,5,2.77299999999997
"A3","r5","RSArule",13,0,4884,4584,0.938574938574939,202.912947910804,189.305360915213,0.411660934524851,7.76258770488699,0.736043346268706,5.98276614310646,1.38504004479717,0.169464725013874,0.401143848431471,0,0,5.73222085679732e-20,1,1,1,0,0,0,0,0,2,2,3.15100000000001
"A3","r5","RSArule",14,0,4884,4590,0.93980343980344,201.819633778407,188.239387892095,0.405610945299841,7.74070138746504,0.734936643987402,5.98257080610022,1.36121282730181,0.16452023894703,0.394617568488983,0,-1.17395883147209e-16,1.83431067417514e-18,1,1,1,0,0,0,0,0,3,3,2.65299999999996
"A3","r5","RSArule",15,0,4884,4578,0.937346437346437,202.918577442493,189.332766693047,0.414323889458681,7.76314956680541,0.740950720071237,5.98449104412407,1.37511445578606,0.17166428537617,0.40443001728056,0,1.17395883147209e-16,0,1,1,1,0,0,0,0,0,7,7,2.53999999999996
"A3","r5","RSArule",16,0,4884,4585,0.938779688779689,203.15840532072,188.560371589519,0.414238596184539,7.74729826581068,0.74055613730824,5.9856052344602,1.38853620101971,0.171593614568937,0.40379692218739,1.17395883147209e-16,2.34791766294418e-16,0,1,1,1,0,0,0,0,0,5,5,2.60899999999998
"A3","r5","RSArule",17,0,4884,4591,0.94000819000819,202.475279446501,190.265215786459,0.405046825792633,7.78224255479884,0.736724312181852,5.98126769766935,1.37219804400862,0.164062931084688,0.396389901894489,0,-4.69583532588836e-16,0,1,1,1,0,0,0,0,0,2,2,2.666
"A3","r5","RSArule",18,0,4884,4593,0.94041769041769,201.886031460758,188.262429173566,0.416464240350833,7.74117513061949,0.738895435789829,5.98127585456129,1.4195099572065,0.173442463490996,0.407786155392228,1.17395883147209e-16,1.17395883147209e-16,0,1,1,1,0,0,0,0,0,3,3,2.70499999999998
"A3","r5","RSArule",19,0,4884,4581,0.937960687960688,202.321903003095,189.192398259385,0.407621669506736,7.76027130690566,0.7396677197179,5.98406461471294,1.36546653206857,0.166155425451459,0.399946332748385,1.17395883147209e-16,0,1.71966625703919e-19,1,1,1,0,0,0,0,0,7,7,2.68299999999999
"A3","r5","RSArule",20,0,4884,4579,0.937551187551188,202.747707401142,189.696106900962,0.417781490685256,7.77059497060254,0.744858833800811,5.98318410133217,1.41627461245141,0.174541373959194,0.407987382659852,1.17395883147209e-16,-1.17395883147209e-16,5.73222085679732e-20,1,1,1,0,0,0,0,0,9,9,3.226
"A4","f1","CSR",1,0,23707,23016,0.970852490825495,41.6506103180105,37.8555920011071,0.532852928444757,3.47128350126152,0.769633163839786,5.98870351060132,1.76585109331985,0.283932243352153,0.519997233393033,2.35018389428242e-16,0,3.58609603009403e-21,1,1,1,0,0,1,0,0,8,8,12.224
"A4","f1","CSR",2,0,23707,23011,0.970641582654912,41.6407325482718,37.910778090114,0.533314461140121,3.47381281289063,0.769940559387565,5.99043935509104,1.77548442668927,0.284424314461178,0.5207602429877,1.17509194714121e-16,-2.35018389428242e-16,1.43443841203761e-19,1,1,1,0,0,0,0,0,8,8,11.954
"A4","f1","CSR",3,0,23707,23033,0.971569578605475,41.6887999505256,37.7878473972547,0.533698720434449,3.46817609186019,0.77003840248294,5.98892892805974,1.79490174004234,0.284834324193368,0.521557638235632,1.17509194714121e-16,0,2.86887682407522e-20,1,1,1,0,0,0,0,0,13,13,12.012
"A4","f1","CSR",4,0,23707,22982,0.969418315265533,41.7027696373844,37.788705581554,0.536840121345152,3.46821547375024,0.772492781290864,5.991384561831,1.83213498730441,0.288197315885878,0.524430826526608,1.17509194714121e-16,1.17509194714121e-16,2.96749446490281e-19,1,1,1,0,0,0,0,0,10,10,11.777
"A4","f1","CSR",5,0,23707,23023,0.97114776226431,41.5621664508411,38.1787647491339,0.520047197462406,3.48606917056081,0.770717112087083,5.98901098901099,1.76840499436277,0.270449087588503,0.509080571398228,1.17509194714121e-16,-2.35018389428242e-16,3.58609603009403e-20,1,1,1,0,0,0,0,0,13,13,12.46
"A4","f1","CSR",6,0,23707,23028,0.971358670434893,41.6280668715274,37.8672932596502,0.530126073103225,3.4718199560946,0.770473659046762,5.98940420357825,1.78987339321983,0.281033653383846,0.519082763360005,1.17509194714121e-16,-1.17509194714121e-16,0,1,1,1,0,0,0,0,0,12,12,12.175
"A4","f1","CSR",7,0,23707,23036,0.971696123507825,41.564481879107,37.6336105071271,0.535600697641064,3.46109090851536,0.768676708649284,5.98853967702726,1.748077902094,0.286868107313595,0.522329471369684,1.17509194714121e-16,0,9.77771495705326e-21,1,1,1,0,0,0,0,0,11,11,12.495
"A4","f1","CSR",8,0,23707,23033,0.971569578605475,41.621778160031,37.7280904527629,0.534859556664229,3.46543275478701,0.769470712497418,5.98888551209135,1.78877885946055,0.286074745355055,0.524644412760833,1.17509194714121e-16,-1.17509194714121e-16,1.14755072963009e-19,1,1,1,0,0,0,0,0,11,11,12.143
"A4","f1","CSR",9,0,23707,23009,0.970557219386679,41.6532106058189,38.0386928353046,0.5286001889322,3.47966837313356,0.770427732774787,5.98956929896997,1.76353862272917,0.279418159739157,0.517050099872947,1.17509194714121e-16,0,0,1,1,1,0,0,0,0,0,5,5,12.489
"A4","f1","CSR",10,0,23707,23012,0.970683764289029,41.69778271039,37.7842996514446,0.537962000162919,3.46801328043379,0.769522128324983,5.98878845819572,1.81326789023574,0.289403113619288,0.524941776684833,2.35018389428242e-16,-3.52527584142364e-16,7.17219206018806e-21,1,1,1,0,0,0,0,0,10,10,12.926
"A4","f1","CSR",11,0,23707,23020,0.971021217361961,41.6290331689758,37.8968859100378,0.528585485623926,3.47317627436241,0.770406875587434,5.9887054735013,1.7856146410839,0.279402615612282,0.516332130172435,1.17509194714121e-16,-1.17509194714121e-16,4.79640344025077e-20,1,1,1,0,0,0,0,0,5,5,12.7809999999999
"A4","f1","CSR",12,0,23707,23022,0.971105580630194,41.6200265615554,37.697369018577,0.530556384035155,3.46402154167818,0.769868037888402,5.98940144209886,1.78026210641901,0.281490076640459,0.518680702101602,1.17509194714121e-16,-1.17509194714121e-16,2.5819891416677e-19,1,1,1,0,0,0,0,0,16,16,12.959
"A4","f1","CSR",13,0,23707,23007,0.970472856118446,41.638135983758,37.934808191085,0.530437438416654,3.47491359284058,0.772875607675883,5.98839483635415,1.77718427459387,0.281363876074022,0.517508658967581,1.17509194714121e-16,-1.17509194714121e-16,0,1,1,1,0,0,0,0,0,9,9,12.747
"A4","f1","CSR",14,0,23707,23039,0.971822668410174,41.6037322272564,38.1242459965214,0.524453819936778,3.48357925186087,0.769933517005783,5.98862797864491,1.76287093195611,0.275051809246278,0.514690968352016,1.17509194714121e-16,3.52527584142364e-16,9.26109299771784e-19,1,1,1,0,0,0,0,0,12,12,13.166
"A4","f1","CSR",15,0,23707,23018,0.970936854093728,41.6259128080814,37.9679120193233,0.528347536675468,3.47642945468525,0.772634844464757,5.98961682161786,1.79234993354332,0.279151119511035,0.516260689273921,1.17509194714121e-16,-2.35018389428242e-16,5.1639782833354e-19,1,1,1,0,0,0,0,0,13,13,13.222
"A4","f1","CSR",16,0,23707,23030,0.971443033703126,41.6457720044074,37.7426207886593,0.528712606954229,3.46610001686272,0.769236804651775,5.98905775075988,1.76409060546231,0.279537020752337,0.517661180938126,1.17509194714121e-16,-3.52527584142364e-16,0,1,1,1,0,0,0,0,0,15,15,13.234
"A4","f1","CSR",17,0,23707,23026,0.97127430716666,41.5941216202192,38.0450152549255,0.529462922389521,3.47995753922944,0.768381510211968,5.99018500825154,1.78309584416351,0.280330986185252,0.518683080323725,2.35018389428242e-16,0,0,1,1,1,0,0,0,0,0,13,13,13.499
"A4","f1","CSR",18,0,23707,23034,0.971611760239592,41.6369570941015,37.9930300838329,0.530518247446797,3.47757919739262,0.768112171495813,5.98758357211079,1.75845304135908,0.28144961087402,0.520231796980846,1.17509194714121e-16,-3.52527584142364e-16,1.14755072963009e-19,1,1,1,0,0,0,0,0,9,9,13.879
"A4","f1","CSR",19,0,23707,23008,0.970515037752563,41.7084787437848,37.7991821003346,0.528152759766035,3.4686962033122,0.770718689967274,5.98900382475661,1.77581683694803,0.278945337648479,0.516472743487563,1.17509194714121e-16,2.35018389428242e-16,1.14755072963009e-19,1,1,1,0,0,0,0,0,10,10,14.212
"A4","f1","CSR",20,0,23707,23015,0.970810309191378,41.7159766018646,38.0647198047171,0.530915722325365,3.48085860509406,0.768862894823514,5.98939821855312,1.76220618603141,0.281871504212264,0.518784546409727,1.17509194714121e-16,-1.17509194714121e-16,4.59020291852036e-19,1,1,1,0,0,0,0,0,15,15,14.066
"A4","f1","RSA",1,0,23707,22974,0.969080862192601,41.8941220988045,40.4971592651396,0.248448011267237,3.59035460028701,0.667269441967139,5.9950813963611,0.968634666686493,0.0617264143026452,0.243542730337924,1.17509194714121e-16,1.17509194714121e-16,9.41350207899683e-20,1,1,1,0,0,0,0,0,6,6,12.225
"A4","f1","RSA",2,0,23707,22980,0.9693339519973,41.8890161864811,40.4908798140713,0.248219694713252,3.59007623021304,0.668387199527441,5.99434290687554,0.92759757073388,0.0616130168435401,0.243660793737582,1.17509194714121e-16,-1.17509194714121e-16,1.36271649143573e-19,1,1,1,0,0,0,0,0,7,7,11.776
"A4","f1","RSA",3,0,23707,22985,0.969544860167883,41.8858277757526,40.6004892094464,0.247453290406888,3.59493214112104,0.668055651002117,5.99425712421144,0.947408716515659,0.0612331309331955,0.243410405182552,1.17509194714121e-16,-8.22564362998849e-16,8.96524007523508e-22,1,1,1,0,0,0,0,0,9,9,12.252
"A4","f1","RSA",4,0,23707,22965,0.968701227485553,41.9023763103179,40.4737533826116,0.248168645815753,3.58931690334664,0.667156003587669,5.99416503374701,0.961906380182986,0.0615876767660247,0.243031025876382,0,2.35018389428242e-16,7.17219206018806e-21,1,1,1,0,0,0,0,0,4,4,12.296
"A4","f1","RSA",5,0,23707,22984,0.969502678533766,41.8728451000306,40.5753141303503,0.249394199399326,3.593817416297,0.667264166676875,5.99460494256874,0.938229605050626,0.062197466694031,0.244778818859022,1.17509194714121e-16,-2.35018389428242e-16,1.43443841203761e-20,1,1,1,0,0,0,0,0,5,5,11.906
"A4","f1","RSA",6,0,23707,22977,0.969207407094951,41.9063238106751,40.5043998062151,0.248905677444763,3.59067554817462,0.66880949635197,5.99434216825521,0.951830800917182,0.0619540362642362,0.244254845875391,1.17509194714121e-16,-1.17509194714121e-16,4.59020291852036e-19,1,1,1,0,0,0,0,0,7,7,12.292
"A4","f1","RSA",7,0,23707,22997,0.970051039777281,41.8547002416713,40.4981252794654,0.2478027299295,3.59039742206396,0.666610783025168,5.99486889594295,0.935440708371946,0.0614061929605128,0.242730005972194,1.17509194714121e-16,3.52527584142364e-16,7.17219206018806e-20,1,1,1,0,0,0,0,0,10,10,12.754
"A4","f1","RSA",8,0,23707,22983,0.96946049689965,41.8618164978178,40.5371690396451,0.246424495533023,3.59212773481435,0.667739980363934,5.99386503067485,0.960844790241283,0.0607250319987049,0.24179533787559,1.17509194714121e-16,-5.87545973570606e-16,3.58609603009403e-21,1,1,1,0,0,0,0,0,11,11,13.335
"A4","f1","RSA",9,0,23707,22979,0.969291770363184,41.8934355942981,40.6104974543966,0.247304554466637,3.59537519913793,0.666776823761863,5.99351581879107,0.938899549873787,0.0611595426599418,0.24162188317287,2.35018389428242e-16,-5.87545973570606e-16,2.93051284959247e-20,1,1,1,0,0,0,0,0,8,8,13.041
"A4","f1","RSA",10,0,23707,22969,0.968869954022019,41.9138955509411,40.6423425043518,0.247362400707828,3.59678459416224,0.667835117000946,5.99486264095085,0.947988235442015,0.0611881572839403,0.243012685492678,1.17509194714121e-16,4.70036778856485e-16,2.31303193941065e-19,1,1,1,0,0,0,0,0,10,10,13.121
"A4","f1","RSA",11,0,23707,22987,0.969629223436116,41.8690120551313,40.5075166527177,0.249324158643884,3.59081369821863,0.670892761262521,5.99317005263845,0.971892791188734,0.0621625360834805,0.244581841633976,1.17509194714121e-16,2.35018389428242e-16,2.80163752351096e-23,1,1,1,0,0,0,0,0,7,7,12.681
"A4","f1","RSA",12,0,23707,22990,0.969755768338465,41.8930014514712,40.5623025114932,0.246393240600936,3.59324114076735,0.665503325163028,5.99438886472379,0.956643445280324,0.0607096290138307,0.241390754123185,1.17509194714121e-16,-3.52527584142364e-16,0,1,1,1,0,0,0,0,0,6,6,13.392
"A4","f1","RSA",13,0,23707,22987,0.969629223436116,41.8469587474478,40.4657283270617,0.248154137661962,3.58896104438753,0.667478779247108,5.99447513812155,0.949808507027818,0.0615804760387522,0.244201128927373,1.17509194714121e-16,-5.87545973570606e-16,8.04069969247646e-21,1,1,1,0,0,0,0,0,7,7,13.219
"A4","f1","RSA",14,0,23707,22990,0.969755768338465,41.8750360347967,40.495206879017,0.249475371765364,3.59026805289476,0.66825351637395,5.9935624184428,0.935710437075538,0.0622379611174665,0.244472045945368,0,-1.17509194714121e-16,0,1,1,1,0,0,0,0,0,7,7,13.068
"A4","f1","RSA",15,0,23707,22967,0.968785590753786,41.897555822655,40.495376444288,0.248656583638452,3.59027556977888,0.667447743016214,5.99494927504681,0.940234003130952,0.0618300965867464,0.243892496662793,1.17509194714121e-16,-3.52527584142364e-16,8.96524007523508e-22,1,1,1,0,0,0,0,0,7,7,12.749
"A4","f1","RSA",16,0,23707,22976,0.969165225460834,41.882692416121,40.5659632042008,0.24925871195811,3.59340327865432,0.668947632195667,5.99381963788301,0.946817078937079,0.0621299054870159,0.244537867738123,1.17509194714121e-16,-3.52527584142364e-16,0,1,1,1,0,0,0,0,0,8,8,13.192
"A4","f1","RSA",17,0,23707,22999,0.970135403045514,41.8450200495304,40.4963639285542,0.251628478129582,3.5903193441469,0.665531760313885,5.99317361624418,0.946513968942966,0.0633168910058095,0.246399518172832,1.17509194714121e-16,1.17509194714121e-16,0,1,1,1,0,0,0,0,0,12,12,13.558
"A4","f1","RSA",18,0,23707,22986,0.969587041801999,41.8977214238346,40.4914701384964,0.248621505466251,3.59010240121351,0.666392683796203,5.99377882189159,0.950276718361127,0.0618126529803051,0.244043614306793,2.35018389428242e-16,-3.52527584142364e-16,5.73775364815045e-20,1,1,1,0,0,0,0,0,11,11,14.344
"A4","f1","RSA",19,0,23707,22986,0.969587041801999,41.8824618027883,40.5628526808001,0.247266000732316,3.59326550926266,0.665619195045605,5.99447489776386,0.971081066435328,0.0611404751181535,0.242454360806124,1.17509194714121e-16,-2.35018389428242e-16,0,1,1,1,0,0,0,0,0,12,12,13.948
"A4","f1","RSA",20,0,23707,22976,0.969165225460834,41.8617307200848,40.5315323658008,0.249521297373255,3.5918779842131,0.665876650613088,5.99390668523677,0.959875818756612,0.0622608778428322,0.244117292114042,1.17509194714121e-16,-5.87545973570606e-16,2.61953108448275e-21,1,1,1,0,0,0,0,0,9,9,14.911
"A4","f1","RSArule",1,0,23707,23015,0.970810309191378,41.6718502351052,38.8180663580614,0.407257577281603,3.51513503073628,0.735363210388298,5.99131001520747,1.39620500578089,0.165858734253281,0.398844781500023,2.35018389428242e-16,-2.35018389428242e-16,0,1,1,1,0,0,0,0,0,5,5,12.462
"A4","f1","RSArule",2,0,23707,22999,0.970135403045514,41.7365210247637,39.0791450530675,0.407409662059452,3.52693609440287,0.737461235398716,5.99239097352059,1.41054302201783,0.165982632739397,0.398201439011385,1.17509194714121e-16,-4.70036778856485e-16,2.61785010196864e-19,1,1,1,0,0,0,0,0,16,16,11.897
"A4","f1","RSArule",3,0,23707,23028,0.971358670434893,41.7145469148956,38.6655273066405,0.412461285291098,3.50822171260054,0.736103678756715,5.9911412193851,1.38768371080708,0.170124311863985,0.402971310045867,1.17509194714121e-16,0,2.86887682407522e-20,1,1,1,0,0,0,0,0,14,14,11.999
"A4","f1","RSArule",4,0,23707,23019,0.970979035727844,41.7229315409798,38.9866591826784,0.405193071152576,3.52276014612471,0.736162877779472,5.99057300490899,1.39277758024438,0.164181424910057,0.396117389631455,1.17509194714121e-16,-3.52527584142364e-16,0,1,1,1,0,0,0,0,0,13,13,11.817
"A4","f1","RSArule",5,0,23707,22993,0.969882313240815,41.7600454321058,38.980079539911,0.40987902574041,3.52246287159768,0.740760348741308,5.99173661549167,1.39415579144674,0.168000815741908,0.40014647315772,1.17509194714121e-16,-4.70036778856485e-16,3.58609603009403e-21,1,1,1,0,0,0,0,0,9,9,12.477
"A4","f1","RSArule",6,0,23707,22984,0.969502678533766,41.7825348393361,38.9639673868595,0.411342064747674,3.52173480177633,0.737989558389556,5.99138531152106,1.3837312053118,0.169202294230879,0.40158926301512,1.17509194714121e-16,1.17509194714121e-16,7.17219206018806e-21,1,1,1,0,0,0,0,0,12,12,11.94
"A4","f1","RSArule",7,0,23707,22992,0.969840131606698,41.7690061045065,38.9586752547433,0.409907009548817,3.52149562993329,0.736466712136682,5.99160577592206,1.39286590034157,0.168023756477254,0.400554668186481,0,2.35018389428242e-16,4.39296763686519e-20,1,1,1,0,0,0,0,0,3,3,12.547
"A4","f1","RSArule",8,0,23707,23005,0.970388492850213,41.7293817327796,38.796874119216,0.413689523353117,3.51417537769169,0.736158754384605,5.99156705064116,1.36656077237978,0.171139021732129,0.403736524925903,2.35018389428242e-16,-1.17509194714121e-16,1.79304801504702e-21,1,1,1,0,0,0,0,0,5,5,13.034
"A4","f1","RSArule",9,0,23707,22999,0.970135403045514,41.7548054147982,38.9719655032754,0.409546602394737,3.52209623714432,0.737655539667744,5.99152137049437,1.39722352670869,0.167728419533073,0.401125362007367,0,3.52527584142364e-16,1.14755072963009e-19,1,1,1,0,0,0,0,0,5,5,13.184
"A4","f1","RSArule",10,0,23707,23021,0.971063398996077,41.6825019027917,38.7127354652543,0.410966117995959,3.51036271912295,0.73550399804947,5.99092133269623,1.37346231792066,0.168893150140669,0.399271805042478,0,-2.35018389428242e-16,0,1,1,1,0,0,0,0,0,12,12,12.489
"A4","f1","RSArule",11,0,23707,23017,0.970894672459611,41.7148653323944,38.8611448690614,0.412325796114887,3.51708495778006,0.736993741993111,5.99031150888474,1.38411711272512,0.170012562141775,0.403448902673225,1.17509194714121e-16,5.87545973570606e-16,3.58609603009403e-21,1,1,1,0,0,0,0,0,14,14,12.697
"A4","f1","RSArule",12,0,23707,23006,0.97043067448433,41.7284948098597,38.991151987543,0.408145950976031,3.52296312081778,0.738554456747063,5.99195861949057,1.39915289478834,0.166583117298129,0.398986388619258,1.17509194714121e-16,-3.52527584142364e-16,1.43443841203761e-20,1,1,1,0,0,0,0,0,4,4,12.661
"A4","f1","RSArule",13,0,23707,23002,0.970261947947863,41.7703452047954,39.0555144744118,0.408487545799156,3.52586958973047,0.733823543656843,5.99134857838449,1.36443104069817,0.166862075073017,0.399520467774539,1.17509194714121e-16,0,4.8048083528213e-20,1,1,1,0,0,0,0,0,13,13,13.334
"A4","f1","RSArule",14,0,23707,23027,0.971316488800776,41.7290973403655,38.9233889619998,0.409783765389334,3.51990049722738,0.73838925462157,5.99148825292048,1.39409066696658,0.167922734376661,0.400227614951812,1.17509194714121e-16,-2.35018389428242e-16,0,1,1,1,0,0,0,0,0,11,11,12.504
"A4","f1","RSArule",15,0,23707,23017,0.970894672459611,41.6759182825575,38.8551141378712,0.41275863683543,3.51681204486165,0.738538475573869,5.99261415475518,1.38776261758378,0.170369692282242,0.40257668645904,1.17509194714121e-16,-5.87545973570606e-16,2.70301988268338e-19,1,1,1,0,0,0,0,0,10,10,12.723
"A4","f1","RSArule",16,0,23707,23014,0.970768127557262,41.711307072844,38.7701002942924,0.410658194709858,3.51296259744336,0.736935044447138,5.9905709568089,1.38830026061911,0.16864015288236,0.402986710279405,1.17509194714121e-16,-4.70036778856485e-16,0,1,1,1,0,0,0,0,0,12,12,13.667
"A4","f1","RSArule",17,0,23707,22983,0.96946049689965,41.7593224643583,38.8002699511951,0.411236449108635,3.5143291695664,0.737397780198177,5.99108036374712,1.38087074556471,0.169115417075479,0.400500633584904,1.17509194714121e-16,-5.87545973570606e-16,4.59020291852036e-19,1,1,1,0,0,0,0,0,13,13,13.366
"A4","f1","RSArule",18,0,23707,22987,0.969629223436116,41.7557501269528,38.8892781055266,0.413886900368823,3.51835781118691,0.737689939686747,5.99164745290817,1.38407710393102,0.171302366296912,0.403920048174204,1.17509194714121e-16,2.35018389428242e-16,6.45497285416926e-20,1,1,1,0,0,1,0,0,13,13,14.208
"A4","f1","RSArule",19,0,23707,23021,0.971063398996077,41.6975936001244,38.752562412868,0.41032767748535,3.51216795312671,0.738365077056953,5.98979192910821,1.38065165522765,0.168368802910521,0.400783414591366,1.17509194714121e-16,0,0,1,1,1,0,0,0,0,0,11,11,13.615
"A4","f1","RSArule",20,0,23707,23015,0.970810309191378,41.724340837806,38.9537970357164,0.407470197224006,3.5212751526777,0.736673555797294,5.99087551596785,1.37125592501752,0.16603196162577,0.396748585800915,1.17509194714121e-16,2.99832774494376e-05,2.99832774498898e-05,1,1,1,0,0,0,0,0,8,8,13.896
"A4","f2","CSR",1,0,24974,24351,0.975054056218467,39.7646206728421,35.9208574932231,0.534895765552199,3.38141450583806,0.771500054381517,5.98989774547247,1.79858377188444,0.286113480005674,0.523379896199417,1.16754769447298e-16,4.6701907778919e-16,2.93953505841127e-20,1,1,1,0,0,0,0,0,2,2,7.998
"A4","f2","CSR",2,0,24974,24355,0.975214222791703,39.7867283498238,36.3303703615753,0.52804141744426,3.40063465470903,0.772277647941449,5.9898994046397,1.77989304646224,0.278827738536543,0.515433460520629,1.16754769447298e-16,0,7.12614559614853e-20,1,1,1,0,0,0,0,0,11,11,9.90600000000001
"A4","f2","CSR",3,0,24974,24324,0.973972931849123,39.8231662501545,36.1372391318216,0.534703762489744,3.39158377069705,0.770709007662419,5.99029764841309,1.76909551638472,0.285908113620689,0.523098645488983,0,-2.33509538894595e-16,0,1,1,1,0,0,0,0,0,9,9,10.808
"A4","f2","CSR",4,0,24974,24309,0.973372307199487,39.8346370094008,36.2043533181557,0.53522805769459,3.39473173963126,0.769324856517146,5.99123781315562,1.79435303826733,0.286469073743523,0.522615683668955,1.16754769447298e-16,-7.00528616683786e-16,8.90768199518567e-22,1,1,1,0,0,0,0,0,5,5,10.383
"A4","f2","CSR",5,0,24974,24328,0.974133098422359,39.7493730250958,36.3119360062157,0.533930361950008,3.3997717885711,0.771001094334529,5.98964156527458,1.76270767766059,0.285081631412067,0.520883071935278,1.16754769447298e-16,1.16754769447298e-16,4.56073318153506e-19,1,1,1,0,0,0,0,0,3,3,9.81399999999996
"A4","f2","CSR",6,0,24974,24319,0.973772723632578,39.8551488507004,36.3481848358608,0.531780157544581,3.40146829738133,0.770331381790802,5.9906657346108,1.77616913898169,0.28279013595814,0.520345624004595,0,1.16754769447298e-16,4.56073318153506e-19,1,1,1,0,0,0,0,0,6,6,9.38300000000004
"A4","f2","CSR",7,0,24974,24333,0.974333306638904,39.8229790254911,36.3104625788262,0.528536414370381,3.39970281212152,0.76979798678695,5.99030123700325,1.77452371740641,0.279350741315499,0.516979481673011,1.16754769447298e-16,1.16754769447298e-16,1.71027494307565e-19,1,1,1,0,0,0,0,0,3,3,9.786
"A4","f2","CSR",8,0,24974,24325,0.974012973492432,39.8027897510864,36.0543403227814,0.535363236484186,3.38769139157867,0.770339635659992,5.98910585817061,1.78030394065183,0.286613794978822,0.523979371295618,0,4.6701907778919e-16,8.90768199518567e-22,1,1,1,0,0,0,0,0,6,6,8.85599999999999
"A4","f2","CSR",9,0,24974,24348,0.97493393128854,39.756108312137,36.0963951927917,0.532222932283622,3.38966656822717,0.769995792658388,5.99030721209134,1.7742519613116,0.283261249648577,0.520316969939622,0,0,2.31154347775068e-19,1,1,1,0,0,0,0,0,7,7,9.899
"A4","f2","CSR",10,0,24974,24354,0.975174181148394,39.7416502015466,36.0651884866265,0.529064051606805,3.38820100383293,0.771912486995014,5.98981686786565,1.79006588852423,0.279908770702608,0.517426742432133,0,0,4.70325609345803e-19,1,1,1,0,0,0,0,0,8,8,9.50700000000001
"A4","f2","CSR",11,0,24974,24339,0.974573556498759,39.7858855009057,36.1536819278531,0.53029915172314,3.3923552849871,0.768117941679265,5.99046797321172,1.77729429574267,0.281217190318282,0.518326522998085,0,-2.33509538894595e-16,2.22692049879642e-22,1,1,1,0,0,0,0,0,5,5,9.73400000000004
"A4","f2","CSR",12,0,24974,24317,0.97369264034596,39.8522111952215,36.3415627605518,0.52696334318764,3.40115843589391,0.771255178847376,5.99062384340174,1.77397031733408,0.277690365063494,0.516571647408825,1.16754769447298e-16,1.16754769447298e-16,9.36698434806243e-20,1,1,1,0,0,0,0,0,5,5,9.06
"A4","f2","CSR",13,0,24974,24365,0.975614639224794,39.7058561199816,36.1300478545214,0.527862822249811,3.39124629308867,0.772453663542645,5.99023189000616,1.7666095546635,0.278639159113536,0.516889205944132,1.16754769447298e-16,-3.50264308341893e-16,9.26398927499309e-20,1,1,1,0,0,0,0,0,17,17,9.08299999999997
"A4","f2","CSR",14,0,24974,24333,0.974333306638904,39.7823268474346,36.0555506171245,0.536866594691847,3.38774825115899,0.772086897648469,5.9905478157235,1.77411745839291,0.28822574049602,0.52598317239468,1.16754769447298e-16,-2.33509538894595e-16,0,1,1,1,0,0,0,0,0,8,8,10.004
"A4","f2","CSR",15,0,24974,24335,0.974413389925523,39.7700365524225,36.2283429074865,0.525977445353173,3.39585625542504,0.770354888221419,5.99005547565235,1.76434591210273,0.27665227302025,0.515518817878268,1.16754769447298e-16,2.33509538894595e-16,4.56073318153506e-19,1,1,1,0,0,0,0,0,5,5,10.507
"A4","f2","CSR",16,0,24974,24330,0.974213181708977,39.8150667567392,36.0846886057062,0.532272027027277,3.38911686425991,0.770170604821443,5.98960131524866,1.79737634644901,0.283313510755726,0.521382786484501,1.16754769447298e-16,-2.33509538894595e-16,0,1,1,1,0,0,0,0,0,11,11,10.693
"A4","f2","CSR",17,0,24974,24350,0.975014014575158,39.7480441611223,35.9532297563606,0.537825364327255,3.38293784616257,0.771576878645525,5.98969199178645,1.79491612345223,0.289256122513745,0.527028791408845,0,-2.33509538894595e-16,0,1,1,1,0,0,0,0,0,7,7,10.75
"A4","f2","CSR",18,0,24974,24308,0.973332265556178,39.8637389314781,36.2530420968866,0.534490254347514,3.3970136448819,0.769060711697843,5.99201908836597,1.79801915921928,0.28567983199247,0.523715025633878,0,-3.50264308341893e-16,6.05722375672625e-20,1,1,1,0,0,0,0,0,8,8,10.301
"A4","f2","CSR",19,0,24974,24362,0.975494514294867,39.7578593551221,36.284837412729,0.536263976346279,3.39850297382705,0.770945763276963,5.98895821361136,1.80140510485865,0.287579052326723,0.524073366776384,0,-5.83773847236488e-16,0,1,1,1,0,0,0,0,0,5,5,10.1
"A4","f2","CSR",20,0,24974,24346,0.974853848001922,39.7831186550107,36.3006898647404,0.527803215626443,3.39924527768232,0.770977862001258,5.99038856485665,1.77398853662668,0.278576234425613,0.514453744019208,1.16754769447298e-16,-3.50264308341893e-16,1.42522911922971e-20,1,1,1,0,0,0,0,0,8,8,9.82900000000001
"A4","f2","RSA",1,0,24974,24310,0.973412348842796,40.045660645234,38.9393068403907,0.239608661834249,3.5206201624708,0.659286820394616,5.99461127108186,0.924278829919442,0.0574123108259993,0.235599440903306,1.16754769447298e-16,-4.6701907778919e-16,4.59079660826881e-19,1,1,1,0,0,0,0,0,4,4,8.643
"A4","f2","RSA",2,0,24974,24296,0.97285176583647,39.9953173124102,38.8552332275135,0.239158094212957,3.51681743431152,0.660859601929312,5.99534902864669,0.919797260351392,0.0571965940275736,0.234544610443499,0,-2.33509538894595e-16,0,1,1,1,0,0,0,0,0,5,5,10.492
"A4","f2","RSA",3,0,24974,24305,0.973212140626251,40.027354374764,38.8938888723265,0.238118379437246,3.51856637569838,0.660370083481055,5.99489816910101,0.927475616070134,0.0567003626258201,0.233048555012301,0,-2.33509538894595e-16,1.03329111144154e-19,1,1,1,0,0,0,0,0,4,4,10.4040000000001
"A4","f2","RSA",4,0,24974,24291,0.972651557619925,40.0261313018996,38.8944270350116,0.237895626623575,3.51859071827036,0.662392652448685,5.99567741138693,0.919330841012582,0.0565943291666233,0.233805557470423,0,4.6701907778919e-16,1.85279785499862e-19,1,1,1,0,0,0,0,0,5,5,10
"A4","f2","RSA",5,0,24974,24307,0.973292223912869,40.0146511284542,38.9137880751591,0.237797674698695,3.51946635914936,0.66128880289022,5.99469288682273,0.931552513058509,0.0565477340921065,0.233860376759096,0,-1.16754769447298e-16,0,1,1,1,0,0,0,0,0,4,4,9.27200000000005
"A4","f2","RSA",6,0,24974,24302,0.973092015696324,40.0192602887684,38.8134389431772,0.236793226762346,3.51492550879729,0.664086133658699,5.99543247469344,0.918830212941483,0.0560710322405237,0.232697745452943,0,0,1.14018329538377e-19,1,1,1,0,0,0,0,0,4,4,9.12399999999997
"A4","f2","RSA",7,0,24974,24301,0.973051974053015,40.0197051457515,38.8867508829216,0.23665021045027,3.51824348895869,0.658378024912829,5.99609069585614,0.919861259922071,0.0560033221061571,0.232242908270368,0,2.33509538894595e-16,1.46531368820804e-19,1,1,1,0,0,0,0,0,9,9,10.011
"A4","f2","RSA",8,0,24974,24290,0.972611515976616,40.0156136930685,38.8312130243699,0.234860504605116,3.51573022237257,0.661303662842487,5.99637710992178,0.928802387322373,0.0551594566233696,0.230460855871603,0,3.50264308341893e-16,0,1,1,1,0,0,0,0,0,11,11,9.36099999999999
"A4","f2","RSA",9,0,24974,24284,0.972371266116761,40.0430137496637,38.921816216661,0.236061129776736,3.51982938363366,0.658501017174066,5.99547026848954,0.927130162234232,0.0557248569914691,0.231535032545158,0,-3.50264308341893e-16,0,1,1,1,0,0,0,0,0,3,3,9.63900000000001
"A4","f2","RSA",10,0,24974,24302,0.973092015696324,40.0252779303088,38.9023094913429,0.237842994015868,3.51894724391991,0.661025605756149,5.99481524154391,0.926683952118618,0.056569289802432,0.233145982904978,1.16754769447298e-16,-5.83773847236488e-16,2.28036659076753e-19,1,1,1,0,0,0,0,0,4,4,9.55799999999999
"A4","f2","RSA",11,0,24974,24302,0.973092015696324,40.0198626693923,38.8250091925293,0.238607044397376,3.51544936708513,0.661270737060943,5.99559707019998,0.933645894675585,0.0569333216360516,0.23456293742827,0,3.50264308341893e-16,0,1,1,1,0,0,0,0,0,2,2,9.18200000000002
"A4","f2","RSA",12,0,24974,24286,0.97245134940338,39.9920252546193,38.7989251451509,0.234753497846115,3.51426826622357,0.66104786602612,5.99580004941118,0.918244661521101,0.055109204750986,0.230059791165158,0,3.50264308341893e-16,0,1,1,1,0,0,0,0,0,3,3,10.717
"A4","f2","RSA",13,0,24974,24311,0.973452390486106,39.9921656081532,38.7853055388184,0.239008242095708,3.51365140440324,0.659405246285913,5.99510509645839,0.922600473322853,0.0571249397896805,0.234369484375921,0,-3.50264308341893e-16,1.8278563454121e-18,1,1,1,0,0,0,0,0,3,3,9.65499999999997
"A4","f2","RSA",14,0,24974,24304,0.973172098982942,40.0227165160236,38.8525274521451,0.236702763882991,3.51669498125791,0.661022182221117,5.9946922317314,0.933807155408524,0.0560281984298472,0.231912058020039,0,7.00528616683786e-16,0,1,1,1,0,0,0,0,0,5,5,9.84399999999999
"A4","f2","RSA",15,0,24974,24306,0.97325218226956,40.002825695272,38.8897191226756,0.237668213081751,3.51837776076075,0.660293348414422,5.99481609479141,0.917150661507662,0.0564861795094726,0.233486352849984,0,-1.16754769447298e-16,0,1,1,1,0,0,0,0,0,3,3,10.021
"A4","f2","RSA",16,0,24974,24308,0.973332265556178,40.0070868933228,38.8460607630341,0.236666902802921,3.51640230635791,0.660875006875556,5.99555701826559,0.926873746573937,0.0560112228823275,0.232458024753609,0,-1.16754769447298e-16,3.45172677313445e-21,1,1,1,0,0,0,0,0,7,7,10.272
"A4","f2","RSA",17,0,24974,24289,0.972571474333307,40.0245623213615,38.7506508834856,0.238909475868009,3.51208133053181,0.660038254586472,5.99617110626209,0.919410569535671,0.057077737659527,0.234510974578602,1.16754769447298e-16,-3.50264308341893e-16,9.12146636307013e-19,1,1,1,0,0,0,0,0,5,5,10.594
"A4","f2","RSA",18,0,24974,24303,0.973132057339633,40.0181227676859,38.7722924301927,0.240709667966698,3.51306191100289,0.660800540319689,5.99448627741431,0.932814630942865,0.0579411442526379,0.236169320458831,0,0,1.33615229927785e-21,1,1,1,0,0,0,0,0,8,8,10.036
"A4","f2","RSA",19,0,24974,24315,0.973612557059342,40.0144005812207,38.8638070417487,0.234955655761275,3.51720542421506,0.660126095459596,5.99539378984166,0.916570046247523,0.0552041601742109,0.230442627823843,1.16754769447298e-16,-3.50264308341893e-16,0,1,1,1,0,0,0,0,0,3,3,9.81099999999998
"A4","f2","RSA",20,0,24974,24299,0.972971890766397,40.0216862381371,38.7524543788111,0.241414870603645,3.51216305752764,0.660590834948476,5.99530844890736,0.912728009020308,0.0582811397485746,0.236391645813077,0,3.50264308341893e-16,3.56307279807427e-21,1,1,1,0,0,0,0,0,4,4,9.125
"A4","f2","RSArule",1,0,24974,24335,0.974413389925523,39.8691183762524,37.2714164767117,0.410424506272169,3.44439549654373,0.737894348907567,5.99231559482227,1.39810812099251,0.168448275348754,0.401240345255738,0,-1.16754769447298e-16,0,1,1,1,0,0,0,0,0,10,10,8.651
"A4","f2","RSArule",2,0,24974,24341,0.974653639785377,39.8830635764591,37.1631837104351,0.409553055061796,3.4393907566742,0.738733509822534,5.9933856456185,1.39293077604538,0.167733704910451,0.400670896690783,0,5.83773847236488e-16,8.90768199518567e-22,1,1,1,0,0,0,0,0,8,8,10.12
"A4","f2","RSArule",3,0,24974,24331,0.974253223352286,39.8558913406074,37.1003088266948,0.410944027765314,3.43648004213741,0.738058474807803,5.99251983066869,1.38876443112132,0.168874993955979,0.402309001646453,0,-3.50264308341893e-16,6.36008494456257e-19,1,1,1,0,0,0,0,0,9,9,10.612
"A4","f2","RSArule",4,0,24974,24335,0.974413389925523,39.8938073352666,37.1175831168632,0.411359501886878,3.43727997948176,0.737975034611658,5.99157591945757,1.41338345785686,0.16921663979262,0.402359202755832,0,1.16754769447298e-16,1.56775203115268e-19,1,1,1,0,0,0,0,0,7,7,9.50099999999998
"A4","f2","RSArule",5,0,24974,24316,0.973652598702651,39.9108020013749,37.2270641535929,0.409174342660692,3.44234550151095,0.73733105402903,5.99222734002303,1.35914172186981,0.16742364269181,0.399690715782845,0,0,0,1,1,1,0,0,0,0,0,4,4,9.73500000000001
"A4","f2","RSArule",6,0,24974,24346,0.974853848001922,39.881919296327,37.1920269859604,0.410983771460047,3.44072519633977,0.738768336233296,5.99059393740245,1.41634200088992,0.168907660403524,0.402460627494599,0,1.16754769447298e-16,0,1,1,1,0,0,0,0,0,5,5,9.15000000000003
"A4","f2","RSArule",7,0,24974,24304,0.973172098982942,39.9379672462268,37.2454694648039,0.405082615799664,3.44319635577456,0.734838856928111,5.99255266622778,1.40894753868194,0.164091925623099,0.394963471039804,0,-1.16754769447298e-16,3.56307279807427e-21,1,1,1,0,0,0,0,0,6,6,9.91399999999999
"A4","f2","RSArule",8,0,24974,24337,0.974493473212141,39.844209095938,37.1296535627029,0.410952990188553,3.43783882687765,0.736049919856484,5.99223404692444,1.40456657769842,0.168882360144913,0.401712934065202,0,-2.33509538894595e-16,1.55884434915749e-20,1,1,1,0,0,0,0,0,3,3,9.77499999999998
"A4","f2","RSArule",9,0,24974,24339,0.974573556498759,39.8283755917395,37.2214621021653,0.407676806187015,3.44208648429038,0.73659778531165,5.9914951312708,1.37370529592296,0.166200378302845,0.398022806595881,1.16754769447298e-16,1.16754769447298e-16,1.42522911922971e-20,1,1,1,0,0,0,0,0,7,7,9.59199999999998
"A4","f2","RSArule",10,0,24974,24321,0.973852806919196,39.9311837518832,37.2188175076216,0.407894610508477,3.44196420154921,0.737701412945486,5.99218782122446,1.39064620419542,0.166378013281862,0.398767543545409,0,-4.6701907778919e-16,0,1,1,1,0,0,0,0,0,5,5,9.58800000000002
"A4","f2","RSArule",11,0,24974,24343,0.974733723071995,39.8186002342272,37.0593739046107,0.416978204133099,3.4345836850511,0.73921796729788,5.99137329006285,1.38806130929723,0.173870822722064,0.406618897610473,0,2.33509538894595e-16,1.14018329538377e-19,1,1,1,0,0,0,0,0,5,5,9.40199999999999
"A4","f2","RSArule",12,0,24974,24310,0.973412348842796,39.8848689455628,37.0503884428801,0.410928603728669,3.43416728239623,0.739170710011824,5.99267791032497,1.40296584261129,0.168862317362393,0.402240038702624,1.16754769447298e-16,0,0,1,1,1,0,0,0,0,0,6,6,9.07099999999997
"A4","f2","RSArule",13,0,24974,24328,0.974133098422359,39.8420893020992,37.3684761820221,0.403910436444293,3.44887741145056,0.73487655286456,5.99177902005919,1.35924511053611,0.163143640668619,0.396136162722219,1.16754769447298e-16,1.16754769447298e-16,0,1,1,1,0,0,0,0,0,6,6,10.01
"A4","f2","RSArule",14,0,24974,24313,0.973532473772724,39.911197204484,37.2171260557727,0.409183539824184,3.44188598865517,0.737592452451271,5.992267511208,1.38493527032359,0.16743116926305,0.400432149469287,1.16754769447298e-16,0,1.71027494307565e-19,1,1,1,0,0,0,0,0,4,4,9.74599999999998
"A4","f2","RSArule",15,0,24974,24330,0.974213181708977,39.8600443893165,37.1000524569316,0.412484827249716,3.43646816866418,0.737669760840627,5.99321824907522,1.377199268819,0.170143732711228,0.403515272817212,0,-3.50264308341893e-16,2.08439758687345e-19,1,1,1,0,0,0,0,0,7,7,10.233
"A4","f2","RSArule",16,0,24974,24322,0.973892848562505,39.8545352181342,37.1750328679118,0.406971247780156,3.43993902267152,0.735412839430288,5.99214702738262,1.39539904124954,0.165625596519737,0.398711416062924,1.16754769447298e-16,1.16754769447298e-16,8.46229789542638e-21,1,1,1,0,0,0,0,0,6,6,10.5
"A4","f2","RSArule",17,0,24974,24345,0.974813806358613,39.8442962735227,37.1756467551811,0.406374696996667,3.4399674253473,0.737454246067147,5.99133292257137,1.39587459935354,0.165140394359133,0.397288737459386,0,2.33509538894595e-16,0,1,1,1,0,0,0,0,0,5,5,10.629
"A4","f2","RSArule",18,0,24974,24352,0.975094097861776,39.8162632404351,37.091902393262,0.408578751241028,3.4360906898771,0.734668681342697,5.99113009198423,1.40093154695366,0.166936595965678,0.399247358238446,1.16754769447298e-16,0,4.63199463749655e-19,1,1,1,0,0,0,0,0,6,6,10.07
"A4","f2","RSArule",19,0,24974,24344,0.974773764715304,39.836343242825,37.1425368473327,0.406506691740511,3.43843520727729,0.737481858917936,5.99166118961551,1.38665354399589,0.165247690429815,0.39719404178946,0,0,1.14018329538377e-19,1,1,1,0,0,0,0,0,4,4,9.57600000000002
"A4","f2","RSArule",20,0,24974,24358,0.975334347721631,39.8085739999553,37.0337190650156,0.40947909261646,3.43339466123528,0.737642421479134,5.99224074226127,1.38446990599365,0.16767312729,0.400043642468071,1.16754769447298e-16,2.33509538894595e-16,1.42522911922971e-20,1,1,1,0,0,0,0,0,8,8,9.67599999999999
"A4","p1","CSR",1,0,31070,30398,0.978371419375603,32.0746077782518,29.206728866749,0.526120822445472,3.04906387949397,0.768694009717085,5.99124942430423,1.76687411082886,0.2768031198107,0.515136922008664,1.16504369852895e-16,0,2.56546583166441e-19,1,1,1,0,0,0,0,0,3,3,7.99
"A4","p1","CSR",2,0,31070,30415,0.97891857096878,32.044517624305,29.1017267229651,0.534131373202822,3.04357804581036,0.770666526246324,5.99184612855499,1.77477404615906,0.285296323839532,0.522322424139651,0,0,1.13773798684468e-19,1,1,1,0,0,0,0,0,0,0,5.24599999999998
"A4","p1","CSR",3,0,31070,30410,0.978757644029611,32.071821132356,29.2395419428347,0.52981925536294,3.05077617458398,0.769453391144462,5.9923051627754,1.77467852964877,0.28070844335334,0.518718312837221,0,-3.49513109558684e-16,0,1,1,1,0,0,0,0,0,3,3,9.685
"A4","p1","CSR",4,0,31070,30416,0.978950756356614,32.0624112978189,29.1002374522185,0.533352739078617,3.04350016768839,0.772040671023087,5.99187927406628,1.79487076050286,0.284465144282663,0.521565160913097,1.16504369852895e-16,3.49513109558684e-16,3.10989123552563e-19,1,1,1,0,0,0,0,0,0,0,5.44499999999999
"A4","p1","CSR",5,0,31070,30396,0.978307048599936,32.0770775955837,29.1949957454885,0.530970571556008,3.0484513726933,0.769338767358518,5.9918410317147,1.78160804658218,0.281929747858514,0.518997428829709,1.16504369852895e-16,2.3300873970579e-16,2.99433972123672e-20,1,1,1,0,0,0,0,0,3,3,10.216
"A4","p1","CSR",6,0,31070,30411,0.978789829417445,32.0367575635621,29.1611089087855,0.530377370878231,3.046681679754,0.771082946467038,5.99161487619611,1.80851239044492,0.281300155539704,0.519483197201199,0,-4.66017479411579e-16,2.2932531297338e-19,1,1,1,0,0,0,0,0,2,2,9.93299999999999
"A4","p1","CSR",7,0,31070,30400,0.978435790151271,32.0553625667128,29.1362498778836,0.533959587605246,3.04538279725478,0.770696688601779,5.99190789473684,1.76275566111074,0.285112841195565,0.521998741212307,1.16504369852895e-16,1.16504369852895e-16,1.14713001948144e-19,1,1,1,0,0,0,0,0,1,1,11.846
"A4","p1","CSR",8,0,31070,30418,0.979015127132282,32.0592319310349,29.3733236157996,0.524962680129848,3.05774742141972,0.769942521483139,5.99234006180551,1.773916403143,0.275585815529113,0.513436895874375,0,5.82521849264474e-16,5.68868993422338e-20,1,1,1,0,0,0,0,0,1,1,11.472
"A4","p1","CSR",9,0,31070,30395,0.978274863212102,32.0638697590502,28.9984350535065,0.534962224102906,3.03817191109879,0.769901555228354,5.99141306135878,1.77142721619447,0.286184581217128,0.523243741573736,0,3.49513109558684e-16,0,1,1,1,0,0,0,0,0,2,2,11.732
"A4","p1","CSR",10,0,31070,30416,0.978950756356614,32.0494296060411,29.0306945645528,0.535401461544315,3.03986135911849,0.770649588146211,5.99151762230405,1.78404772469355,0.286654725023788,0.523651921129754,1.16504369852895e-16,-2.3300873970579e-16,3.55543120888961e-21,1,1,1,0,0,0,0,0,2,2,10.958
"A4","p1","CSR",11,0,31070,30418,0.979015127132282,32.0821672324808,29.1864158280903,0.529673854161017,3.04800339571792,0.769332670142639,5.9920113090933,1.75083205931255,0.280554391781786,0.518207188982134,0,0,4.26651745066753e-19,1,1,1,0,0,0,0,0,2,2,10.01
"A4","p1","CSR",12,0,31070,30431,0.979433537174123,32.0524241993241,29.064279596792,0.528843712273666,3.04161922838292,0.772571565724865,5.99109460747264,1.77819870649442,0.279675672011392,0.517917705201778,0,1.16504369852895e-16,1.28884381322248e-20,1,1,1,0,0,0,0,0,1,1,9.88799999999998
"A4","p1","CSR",13,0,31070,30430,0.979401351786289,32.0546338700073,29.2702728945679,0.530997350218808,3.05237894658807,0.769476625853878,5.9911929017417,1.79242300758049,0.281958185939395,0.51925868337024,1.16504369852895e-16,2.3300873970579e-16,4.55984052540093e-19,1,1,1,0,0,0,0,0,1,1,11.495
"A4","p1","CSR",14,0,31070,30389,0.978081750885098,32.0952624096872,29.2731911703458,0.525546412664898,3.05253110543842,0.771159317936912,5.99206949883181,1.76395579667035,0.276199031864943,0.513542786970611,0,-2.3300873970579e-16,3.55543120888961e-21,1,1,1,0,0,0,0,0,3,3,10.362
"A4","p1","CSR",15,0,31070,30420,0.97907949790795,32.0520325774289,29.169348059808,0.531264437598884,3.0471120525126,0.770522562626685,5.99115713346483,1.77864562506664,0.282241902657258,0.520975548776539,0,-1.16504369852895e-16,0,1,1,1,0,0,0,0,0,3,3,10.376
"A4","p1","CSR",16,0,31070,30402,0.978500160926939,32.0932074649249,29.1218234171335,0.533385281045327,3.04462876181593,0.768508482087791,5.99144793105717,1.78782857347044,0.284499858035802,0.52051752000107,0,3.49513109558684e-16,0,1,1,1,0,0,0,0,0,1,1,10.484
"A4","p1","CSR",17,0,31070,30415,0.97891857096878,32.062960861817,29.1338806182235,0.531009534750022,3.04525897481296,0.772065332974601,5.99132007233273,1.78298508907397,0.281971125995435,0.518354167374767,0,1.16504369852895e-16,2.84434496711169e-19,1,1,1,0,0,0,0,0,2,2,10.187
"A4","p1","CSR",18,0,31070,30400,0.978435790151271,32.0888716980822,29.3367374053186,0.531509668932513,3.05584252599002,0.769853956121727,5.99059210526316,1.79108882996497,0.28250252816875,0.519315533592056,1.16504369852895e-16,-4.66017479411579e-16,1.20165936238731e-19,1,1,1,0,0,0,0,0,2,2,10.041
"A4","p1","CSR",19,0,31070,30423,0.979176054071452,32.0565076675294,29.164514917984,0.52997639849774,3.04685960033424,0.768285100547939,5.99102652598363,1.78878937090242,0.280874982964636,0.519122606326081,0,0,1.77771560444481e-21,1,1,1,0,0,0,0,0,1,1,10.734
"A4","p1","CSR",20,0,31070,30395,0.978274863212102,32.0951148165798,29.2727495212071,0.529058678903601,3.05250807834837,0.769305155476081,5.99190656357954,1.76278242464436,0.279903085723224,0.518498944195058,1.16504369852895e-16,-1.16504369852895e-16,0,1,1,1,0,0,0,0,0,2,2,11.288
"A4","p1","RSA",1,0,31070,30361,0.977180560025748,32.2554304393015,31.6167227353031,0.191633709245655,3.1723674779853,0.626640597523529,5.99683804881262,0.785497248112188,0.0367234785192481,0.188583189673616,0,1.16504369852895e-16,1.15551514288912e-19,1,1,1,0,0,0,0,0,1,1,10.551
"A4","p1","RSA",2,0,31070,30367,0.977373672352752,32.2628310070286,31.6135131009557,0.189959874671585,3.17220644930859,0.624875358130346,5.99726676984885,0.780371900872603,0.0360847539852441,0.18675232876615,0,-2.3300873970579e-16,0,1,1,1,0,0,0,0,0,0,0,5.55199999999996
"A4","p1","RSA",3,0,31070,30355,0.976987447698745,32.2594053770908,31.6187333416265,0.190647679340753,3.17246834676861,0.625270381662615,5.99719980233899,0.78812551832374,0.0363465376380147,0.187869668069468,0,0,6.46644051116798e-20,1,1,1,0,0,0,0,0,2,2,11.284
"A4","p1","RSA",4,0,31070,30348,0.976762149983907,32.2716533754182,31.6279106289849,0.19119044043233,3.17292871531949,0.626131618951733,5.99700144984843,0.776641089133562,0.0365537845127082,0.188235542815238,0,0,6.53258403121617e-20,1,1,1,0,0,0,0,0,0,0,5.99599999999998
"A4","p1","RSA",5,0,31070,30356,0.977019633086579,32.256985612507,31.6305680314586,0.189694004276818,3.17306200853457,0.625362847164084,5.99690341283437,0.781805597786409,0.0359838152585735,0.187170166315073,1.16504369852895e-16,4.66017479411579e-16,0,1,1,1,0,0,0,0,0,2,2,11.728
"A4","p1","RSA",6,0,31070,30353,0.976923076923077,32.2749987889488,31.6216305762974,0.189606600823778,3.17261369058496,0.625532499673131,5.99713372648503,0.776777498491177,0.0359506630759474,0.186451690869261,0,-5.82521849264474e-16,5.68868993422338e-20,1,1,1,0,0,0,0,0,0,0,5.98899999999998
"A4","p1","RSA",7,0,31070,30350,0.976826520759575,32.2619933113434,31.6072328204645,0.188799910011965,3.17189134140281,0.625301055090771,5.99749588138385,0.776427878578707,0.0356454060205261,0.185715145394687,0,1.16504369852895e-16,0,1,1,1,0,0,0,0,0,1,1,11.805
"A4","p1","RSA",8,0,31070,30364,0.97727711618925,32.2540151669053,31.6089876125804,0.188654659548267,3.17197938977651,0.624233588865159,5.99697009616651,0.761575643014436,0.0355905805692725,0.1856427727334,1.16504369852895e-16,-3.49513109558684e-16,5.11982094080104e-19,1,1,1,0,0,0,0,0,0,0,6.625
"A4","p1","RSA",9,0,31070,30359,0.97711618925008,32.2546839968242,31.5819138506113,0.191454913484659,3.17062066530425,0.625960765534963,5.99677196218584,0.779816972537526,0.0366549838974183,0.188212835707112,1.16504369852895e-16,1.16504369852895e-16,1.70660698026701e-19,1,1,1,0,0,0,0,0,0,0,6.84799999999996
"A4","p1","RSA",10,0,31070,30369,0.97743804312842,32.2482039848875,31.5682449977184,0.190651078472648,3.16993445866721,0.623321335610422,5.9969376666996,0.775708482712166,0.036347833722784,0.187469595035103,1.16504369852895e-16,1.16504369852895e-16,1.17773658794468e-19,1,1,1,0,0,0,0,0,2,2,10.382
"A4","p1","RSA",11,0,31070,30372,0.977534599291921,32.2490890690611,31.6031751544466,0.189353923530742,3.17168773470181,0.624384128056155,5.9963453180561,0.780171687804294,0.0358549083564861,0.186629198960503,0,3.49513109558684e-16,0,1,1,1,0,0,0,0,0,0,0,6.15999999999997
"A4","p1","RSA",12,0,31070,30368,0.977405857740586,32.2712786039122,31.6652463781961,0.188908143197094,3.1748009340152,0.626183585804502,5.99687170706006,0.779026667506527,0.0356862865661736,0.185847694835698,0,3.49513109558684e-16,1.13773798684468e-19,1,1,1,0,0,0,0,0,1,1,10.532
"A4","p1","RSA",13,0,31070,30355,0.976987447698745,32.2551459004608,31.6017955306275,0.190257558481445,3.1716185045742,0.625964888744404,5.99743040685225,0.78209789720414,0.0361979385593204,0.187411174929954,1.16504369852895e-16,-4.66017479411579e-16,0,1,1,1,0,0,0,0,0,3,3,10.735
"A4","p1","RSA",14,0,31070,30368,0.977405857740586,32.2507691023514,31.5752047117693,0.191485975808001,3.17028387012972,0.624999528361822,5.9970363540569,0.778336130400274,0.0366668789311424,0.188398719850644,0,1.16504369852895e-16,0,1,1,1,0,0,0,0,0,1,1,11.313
"A4","p1","RSA",15,0,31070,30356,0.977019633086579,32.2509970890123,31.6043480839615,0.189598550506399,3.17174659162973,0.622908254019214,5.99696929766768,0.771132306881417,0.0359476103541274,0.186449099754256,0,1.16504369852895e-16,2.75545918688945e-20,1,1,1,0,0,0,0,0,0,0,6.27499999999998
"A4","p1","RSA",16,0,31070,30351,0.976858706147409,32.2721196307224,31.6312263238041,0.189862424979989,3.17309502709639,0.626351261810523,5.99743006820204,0.781146607753534,0.036047740419282,0.186867875620039,1.16504369852895e-16,-2.3300873970579e-16,0,1,1,1,0,0,0,0,0,1,1,10.399
"A4","p1","RSA",17,0,31070,30339,0.976472481493402,32.2791369949715,31.6489148390119,0.189455074139939,3.1739821171907,0.626672774833805,5.99802234747355,0.780667194305769,0.0358932251173698,0.186595592849843,0,1.16504369852895e-16,2.66657340666721e-21,1,1,1,0,0,0,0,0,0,0,6.06299999999999
"A4","p1","RSA",18,0,31070,30360,0.977148374637914,32.2697498859033,31.6132775087803,0.189148455896683,3.17219462922904,0.624421633306382,5.99782608695652,0.769915231784286,0.0357771383680995,0.18623573951809,0,3.49513109558684e-16,1.3332867033336e-21,1,1,1,0,0,0,0,0,4,4,11.014
"A4","p1","RSA",19,0,31070,30353,0.976923076923077,32.2728719142392,31.651750725056,0.188640797797062,3.17412431558852,0.624652093420818,5.99716667215761,0.791307206569767,0.0355853505935122,0.185881300283153,0,2.3300873970579e-16,1.77771560444481e-21,1,1,1,0,0,0,0,0,0,0,6.57000000000005
"A4","p1","RSA",20,0,31070,30364,0.97727711618925,32.2644212756979,31.6271855895244,0.190017642786596,3.17289234694643,0.624378144172921,5.99736530101436,0.784039430361991,0.0361067045701744,0.186569825962242,1.16504369852895e-16,-2.3300873970579e-16,6.04423305511234e-20,1,1,1,0,0,0,0,0,2,2,11.261
"A4","p1","RSArule",1,0,31070,30395,0.978274863212102,32.13975060094,29.8832500211387,0.413240131191708,3.08417475397073,0.737636107987283,5.99374897187037,1.40135593553515,0.17076740602734,0.40485009391218,1.16504369852895e-16,1.16504369852895e-16,8.88857802222403e-22,1,1,1,0,0,0,0,0,3,3,9.726
"A4","p1","RSArule",2,0,31070,30409,0.978725458641777,32.112882168123,29.8749507898006,0.410740628546475,3.08374645287964,0.73668141019835,5.99299549475484,1.39316982505863,0.168707863938753,0.40208561492611,0,2.3300873970579e-16,0,1,1,1,0,0,0,0,0,1,1,9.67200000000003
"A4","p1","RSArule",3,0,31070,30394,0.978242677824268,32.1124969079866,29.9036738596683,0.410882699713203,3.08522852034277,0.736955523778676,5.99318944528525,1.39089889827177,0.16882459292361,0.402001307324668,0,1.16504369852895e-16,5.66646848916782e-19,1,1,1,0,0,0,0,0,1,1,10.035
"A4","p1","RSArule",4,0,31070,30387,0.97801738010943,32.1278640566058,29.9136106372589,0.41195042663683,3.08574107748724,0.737272985903285,5.99473459044986,1.4131888874637,0.169703154006266,0.402689871852632,0,-3.49513109558684e-16,7.99972022000162e-21,1,1,1,0,0,0,0,0,3,3,11.217
"A4","p1","RSArule",5,0,31070,30405,0.978596717090441,32.1078246948055,29.9311483795763,0.409480774648294,3.08664549860412,0.73766646174883,5.99299457326098,1.39427403776163,0.167674504806567,0.400298823258866,1.16504369852895e-16,2.3300873970579e-16,5.86646149466786e-20,1,1,1,0,0,0,0,0,2,2,11.359
"A4","p1","RSArule",6,0,31070,30384,0.977920823945928,32.148026210444,29.9548241684211,0.411858199120272,3.0878660381727,0.736915952929623,5.99331885202738,1.42190184402335,0.169627176182594,0.402618240049649,1.16504369852895e-16,5.82521849264474e-16,1.2221794780558e-21,1,1,1,0,0,0,0,0,0,0,5.92599999999999
"A4","p1","RSArule",7,0,31070,30419,0.979047312520116,32.092411572328,29.9239047401049,0.409313249794711,3.08627197634903,0.738020598227037,5.99375390381012,1.39794901840108,0.167537336457507,0.399779190444943,0,-1.16504369852895e-16,0,1,1,1,0,0,0,0,0,4,4,11.519
"A4","p1","RSArule",8,0,31070,30366,0.977341486964918,32.1628356238982,29.933637518923,0.41138112099705,3.08677384200321,0.738421929075563,5.99364420733715,1.38033174154507,0.169234426712789,0.401745383705172,0,-3.49513109558684e-16,0,1,1,1,0,0,0,0,0,2,2,11.403
"A4","p1","RSArule",9,0,31070,30403,0.978532346314773,32.0885415510973,29.909518997322,0.41196786359839,3.08553003353549,0.737314751576824,5.99384929118837,1.39641634818276,0.169717520637822,0.402810901003985,0,3.49513109558684e-16,0,1,1,1,0,0,0,0,0,1,1,11.059
"A4","p1","RSArule",10,0,31070,30379,0.977759897006759,32.1311120899638,30.0363593390758,0.408336977675972,3.09206567242623,0.736861429026507,5.9945356990026,1.40532928191568,0.166739087337547,0.400805674712192,1.16504369852895e-16,2.3300873970579e-16,2.66657340666721e-20,1,1,1,0,0,0,0,0,4,4,10.597
"A4","p1","RSArule",11,0,31070,30412,0.978822014805278,32.1226133495049,29.9174570551275,0.410647993131515,3.08593945986415,0.738856672659307,5.99289754044456,1.42068547133393,0.168631774262941,0.400779523028818,1.16504369852895e-16,-5.82521849264474e-16,0,1,1,1,0,0,0,0,0,2,2,10.777
"A4","p1","RSArule",12,0,31070,30417,0.978982941744448,32.1033411882853,29.8027610751626,0.40988728975085,3.08001842296401,0.73702966433568,5.99339185323996,1.40319804584762,0.168007590299297,0.401056184102526,0,-6.99026219117369e-16,2.77768063194501e-21,1,1,1,0,0,0,0,0,2,2,10.716
"A4","p1","RSArule",13,0,31070,30410,0.978757644029611,32.1004106124168,29.8930907293146,0.411511905046122,3.0846825294332,0.737178610193852,5.99342321604735,1.37422094258968,0.169342047994689,0.402803697845247,1.16504369852895e-16,2.3300873970579e-16,8.53303490133506e-20,1,1,1,0,0,0,0,0,5,5,10.796
"A4","p1","RSArule",14,0,31070,30390,0.978113936272932,32.1153146129186,29.97648090981,0.412085890385966,3.08898206945907,0.736361274862029,5.99312273774268,1.37522006818876,0.169814781055195,0.402625868025384,0,-1.16504369852895e-16,4.44428901111201e-20,1,1,1,0,0,0,0,0,0,0,5.61000000000001
"A4","p1","RSArule",15,0,31070,30402,0.978500160926939,32.1259954469623,29.9111139248219,0.411246315090252,3.08561230037904,0.738610531358769,5.99302677455431,1.39003722496647,0.169123531675311,0.401750932061186,0,3.49513109558684e-16,2.03812316368965e-20,1,1,1,0,0,0,0,0,2,2,10.721
"A4","p1","RSArule",16,0,31070,30408,0.978693273253943,32.0904600996988,29.8868651134843,0.41283857502533,3.08436130055737,0.737412166703937,5.99286372007366,1.37933539735114,0.170435689028945,0.403051702216156,0,-5.82521849264474e-16,2.84434496711169e-20,1,1,1,0,0,0,0,0,3,3,10.161
"A4","p1","RSArule",17,0,31070,30401,0.978467975539105,32.1332329847046,29.9236514102241,0.415358365838872,3.0862589124362,0.737360789953999,5.99335548172757,1.41179795418779,0.172522572072338,0.406709839674231,0,-6.99026219117369e-16,1.43549667033721e-21,1,1,1,0,0,0,0,0,6,6,10.21
"A4","p1","RSArule",18,0,31070,30393,0.978210492436434,32.1474508687582,29.9225842718875,0.413993715216955,3.0862038808072,0.736911915175916,5.99312341657619,1.37429464313189,0.171390796239137,0.403953378831836,0,0,2.84434496711169e-20,1,1,1,0,0,0,0,0,2,2,11.612
"A4","p1","RSArule",19,0,31070,30406,0.978628902478275,32.1053954191608,29.9359462459548,0.41055291680755,3.08689287809472,0.739420400281173,5.99289613891995,1.42728056457842,0.168553697499187,0.401860564438563,0,-2.3300873970579e-16,0,1,1,1,0,0,0,0,0,5,5,10.462
"A4","p1","RSArule",20,0,31070,30401,0.978467975539105,32.136351434499,29.9580293522772,0.408956276117731,3.08803123582227,0.736150333279621,5.99332258807276,1.39893567386114,0.167245235776082,0.400807346734013,0,-2.3300873970579e-16,1.77771560444481e-21,1,1,1,0,0,0,0,0,0,0,6.37899999999996
"A4","p2","CSR",1,0,29576,28877,0.976365972410062,33.5930074204636,30.5627793608326,0.54118546816845,3.11904389513949,0.769951712331236,5.99078851681269,1.78319537835823,0.292881710956705,0.528646263649037,1.1695575264275e-16,-2.339115052855e-16,3.5692063184433e-21,1,1,1,0,0,0,0,0,8,8,11.937
"A4","p2","CSR",2,0,29576,28871,0.976163105220449,33.5894074432983,30.7777586367955,0.519904244222551,3.12999438476661,0.771093198147823,5.99154861279485,1.75891714102951,0.270300423160622,0.509510056785482,0,-5.8477876321375e-16,0,1,1,1,0,0,0,0,0,6,6,12.537
"A4","p2","CSR",3,0,29576,28892,0.976873140384095,33.5895824611105,30.7423432035627,0.525053231575301,3.12819305125896,0.768873087957401,5.99072407586875,1.76073912472164,0.275680895987667,0.511976747399028,0,0,0,1,1,1,0,0,0,0,0,8,8,12.044
"A4","p2","CSR",4,0,29576,28888,0.97673789559102,33.574632707218,30.6203263739147,0.534112179056296,3.12197895620168,0.768873395065433,5.99144973691498,1.78131644286419,0.285275819816265,0.522008562722113,1.1695575264275e-16,-4.67823010571e-16,5.4486165204986e-20,1,1,1,0,0,0,0,0,3,3,11.549
"A4","p2","CSR",5,0,29576,28886,0.976670273194482,33.554487705695,30.5378790799727,0.53199531826506,3.1177730534103,0.767951558393526,5.99120681298899,1.78790952156826,0.283019018655942,0.520329685114433,0,-3.5086725792825e-16,3.5692063184433e-21,1,1,1,0,0,0,0,0,9,9,11.719
"A4","p2","CSR",6,0,29576,28875,0.976298350013524,33.5915110740227,30.5603925904855,0.531886271630282,3.11892210342121,0.770394370092727,5.99245021645022,1.77676643856709,0.282903005948762,0.519540508696361,1.1695575264275e-16,4.67823010571e-16,2.28429204380371e-19,1,1,1,0,0,0,0,0,10,10,10.554
"A4","p2","CSR",7,0,29576,28886,0.976670273194482,33.5578298367497,30.4821643747445,0.52336809545632,3.11492765119785,0.767140763595457,5.99158762030049,1.74606043938837,0.273914163341575,0.51269741192273,1.1695575264275e-16,-1.1695575264275e-16,2.67690473883247e-21,1,1,1,0,0,0,0,0,5,5,11.302
"A4","p2","CSR",8,0,29576,28870,0.97612929402218,33.5849501508042,30.5645501394211,0.53583292894834,3.11913425098217,0.770275131574694,5.9916522341531,1.76427961441099,0.287116927745356,0.522690530766294,0,1.1695575264275e-16,0,1,1,1,0,0,0,0,0,4,4,11.309
"A4","p2","CSR",9,0,29576,28882,0.976535028401406,33.5813079425525,30.5446927372735,0.524203685742397,3.11812085503732,0.768810321469834,5.99130946610346,1.76762642138402,0.274789504145913,0.513067619742524,0,-7.017345158565e-16,0,1,1,1,0,0,0,0,0,8,8,10.816
"A4","p2","CSR",10,0,29576,28897,0.97704219637544,33.5420868267484,30.5556093672824,0.534322637521405,3.11867801159017,0.76958490971873,5.99107173755061,1.77857476842082,0.285500680967831,0.522172237206153,0,-2.339115052855e-16,2.23465776843786e-19,1,1,1,0,0,0,0,0,7,7,11.1300000000001
"A4","p2","CSR",11,0,29576,28900,0.977143629970246,33.5535435545742,30.486417997751,0.530372428976978,3.11514497926994,0.770596312059503,5.99186851211073,1.76784972145562,0.28129491341894,0.519031836742238,1.1695575264275e-16,-1.1695575264275e-16,0,1,1,1,0,0,0,0,0,8,8,12.463
"A4","p2","CSR",12,0,29576,28887,0.976704084392751,33.5502618390683,30.4854626682222,0.532545364020213,3.11509617061529,0.770917733987319,5.99214179388652,1.7858206808562,0.283604564739421,0.521664716612288,0,3.5086725792825e-16,0,1,1,1,0,0,0,0,0,5,5,12.038
"A4","p2","CSR",13,0,29576,28909,0.977447930754666,33.5319059372325,30.5649061525424,0.530396989504914,3.11915241670458,0.767591906577947,5.99003770452108,1.76584789189505,0.281320966475876,0.519233467855376,0,-2.339115052855e-16,1.78460315922165e-21,1,1,1,0,0,0,0,0,7,7,11.77
"A4","p2","CSR",14,0,29576,28874,0.976264538815256,33.5558933862352,30.4770286586528,0.531750816804786,3.1146652345171,0.770520091762403,5.9924499549768,1.80148769058238,0.282758931172557,0.520053402664812,0,0,3.07844044965735e-20,1,1,1,0,0,0,0,0,5,5,11.45
"A4","p2","CSR",15,0,29576,28880,0.976467406004869,33.5899325642714,30.4717330988643,0.533796582813086,3.11439462653706,0.772703920560956,5.99241689750693,1.79553790991911,0.284938791822928,0.521439543346429,1.1695575264275e-16,5.8477876321375e-16,1.42768252737732e-19,1,1,1,0,0,0,0,0,5,5,11.969
"A4","p2","CSR",16,0,29576,28892,0.976873140384095,33.5662329478837,30.6699720383556,0.529613414202944,3.12450880863679,0.771404525519589,5.99148553232729,1.78546625042236,0.280490368503699,0.518469186714564,1.1695575264275e-16,5.8477876321375e-16,2.85536505475464e-20,1,1,1,0,0,0,0,0,7,7,12.213
"A4","p2","CSR",17,0,29576,28901,0.977177441168515,33.5547345349507,30.5313270414162,0.529285092816135,3.11743856965831,0.768955566071977,5.99218020137712,1.78928140918724,0.280142709477384,0.517441728790116,1.1695575264275e-16,-2.339115052855e-16,1.14214602190186e-19,1,1,1,0,0,0,0,0,6,6,12.42
"A4","p2","CSR",18,0,29576,28869,0.976095482823911,33.5929240220187,30.6485161427676,0.526716308311723,3.12341570802005,0.769779932029345,5.99154802729571,1.78785983506513,0.27743006944153,0.515907507417022,0,2.339115052855e-16,8.56609516426392e-20,1,1,1,0,0,0,0,0,10,10,11.403
"A4","p2","CSR",19,0,29576,28894,0.976940762780633,33.5841015549169,30.5971900082421,0.52931599693518,3.12079926758459,0.768920622045941,5.99075932719596,1.75331508463508,0.280175424611483,0.517861670518237,1.1695575264275e-16,5.8477876321375e-16,7.1384126368866e-20,1,1,1,0,0,0,0,0,10,10,12.281
"A4","p2","CSR",20,0,29576,28888,0.97673789559102,33.5649613206629,30.5617292582763,0.530331962007058,3.1189903112568,0.768840007354098,5.99110357241761,1.77210210884174,0.281251989926256,0.519943673564147,1.1695575264275e-16,3.5086725792825e-16,0,1,1,1,0,0,0,0,0,10,10,11.3
"A4","p2","RSA",1,0,29576,28840,0.975114958074114,33.7535820550868,32.9894884695469,0.199714045781127,3.24050618263005,0.635102568651851,5.99649791955617,0.822935826133887,0.0398857000822662,0.196249355211038,0,1.1695575264275e-16,0,1,1,1,0,0,0,0,0,2,2,11.579
"A4","p2","RSA",2,0,29576,28823,0.974540167703543,33.7657234720401,33.0843469092637,0.198744938618496,3.24516173697903,0.635173779610866,5.99701627172744,0.818601880486037,0.0394995506264697,0.195179677458074,0,3.5086725792825e-16,0,1,1,1,0,0,0,0,0,5,5,12.731
"A4","p2","RSA",3,0,29576,28834,0.974912090884501,33.7559774232578,33.037855096422,0.200665129441362,3.24288080192215,0.634744777208814,5.99694804744399,0.803098235638854,0.0402664941737187,0.197434336958646,1.1695575264275e-16,4.67823010571e-16,1.42768252737732e-20,1,1,1,0,0,0,0,0,5,5,11.296
"A4","p2","RSA",4,0,29576,28839,0.975081146875845,33.7971176785947,33.0588395940275,0.199533841705468,3.24391052104448,0.632989899660852,5.99604701966088,0.804339737854267,0.0398137539857428,0.196296677319443,0,0,7.58456342669201e-20,1,1,1,0,0,0,0,0,8,8,11.024
"A4","p2","RSA",5,0,29576,28827,0.974675412496619,33.7631749351527,33.0471420038742,0.199390653606897,3.24333655514699,0.631437930089404,5.99694730634475,0.800032309823018,0.0397566327457857,0.196257604152581,0,-5.8477876321375e-16,1.03283907839953e-19,1,1,1,0,0,0,0,0,7,7,10.509
"A4","p2","RSA",6,0,29576,28833,0.974878279686232,33.7709763339639,33.0566202306275,0.20060083690548,3.24380163130112,0.633604231926698,5.99611556202962,0.816161381206552,0.0402406957671791,0.19799069404416,1.1695575264275e-16,0,1.0060700310112e-19,1,1,1,0,0,0,0,0,5,5,10.467
"A4","p2","RSA",7,0,29576,28834,0.974912090884501,33.7704024070905,33.0297892712421,0.200300201593525,3.24248492106063,0.63350110492124,5.99646250953735,0.809892802551688,0.0401201707584068,0.197055791354364,0,-4.67823010571e-16,9.4137816648942e-20,1,1,1,0,0,0,0,0,5,5,11.69
"A4","p2","RSA",8,0,29576,28832,0.974844468487963,33.7676249437296,33.0560409003014,0.199125066898596,3.24377320672117,0.635037110146153,5.99687846836848,0.808009401760368,0.0396507922673705,0.195937298357954,1.1695575264275e-16,-3.5086725792825e-16,9.33793603062728e-19,1,1,1,0,0,0,0,0,7,7,12.017
"A4","p2","RSA",9,0,29576,28843,0.975216391668921,33.7544106607242,33.0713569987827,0.199191641449722,3.24452460034225,0.633648648026997,5.99622092015394,0.807939396723416,0.0396773100234348,0.195687230315305,1.1695575264275e-16,-3.5086725792825e-16,0,1,1,1,0,0,0,0,0,1,1,12.582
"A4","p2","RSA",10,0,29576,28835,0.97494590208277,33.7748857861001,33.0522849289054,0.199514927195054,3.24358891566642,0.633479464303424,5.99663603259927,0.808166528929809,0.0398062061736477,0.196240358010904,1.1695575264275e-16,-5.8477876321375e-16,0,1,1,1,0,0,0,0,0,3,3,11.472
"A4","p2","RSA",11,0,29576,28834,0.974912090884501,33.7522871513327,33.0118424074517,0.20125784584719,3.2416038930493,0.630459127345039,5.99670527849067,0.81429913645672,0.0405047205150512,0.198080705064023,0,-2.339115052855e-16,1.24922221145515e-20,1,1,1,0,0,0,0,0,2,2,12.549
"A4","p2","RSA",12,0,29576,28825,0.974607790100081,33.7664339403009,33.0254806437588,0.1985034564008,3.24227342845724,0.632361075803,5.99663486556808,0.810250956909523,0.0394036222030642,0.195318603198983,1.1695575264275e-16,4.67823010571e-16,3.42643806570557e-19,1,1,1,0,0,0,0,0,9,9,12.659
"A4","p2","RSA",13,0,29576,28842,0.975182580470652,33.7573301875904,33.0022468255615,0.199556747931418,3.24113273884682,0.634445605402993,5.99625546078635,0.81563037307184,0.0398228956449633,0.19612995083217,1.1695575264275e-16,3.5086725792825e-16,1.58829681170727e-19,1,1,1,0,0,0,0,0,1,1,12.708
"A4","p2","RSA",14,0,29576,28846,0.975317825263727,33.7629914180939,33.0253935897362,0.200248848719806,3.24226915519201,0.633647128563091,5.99677598280524,0.807928589578814,0.0400996014136076,0.197024476351577,1.1695575264275e-16,0,2.67690473883247e-20,1,1,1,0,0,0,0,0,8,8,13.301
"A4","p2","RSA",15,0,29576,28840,0.975114958074114,33.7428402547774,32.9989757155384,0.199819712283867,3.24097210789163,0.633595206255838,5.99663661581137,0.806986155960113,0.0399279174172075,0.196602986522912,1.1695575264275e-16,-7.017345158565e-16,9.23532134897204e-20,1,1,1,0,0,0,0,0,5,5,12.003
"A4","p2","RSA",16,0,29576,28832,0.974844468487963,33.7693730968323,33.0554203479988,0.199415630560593,3.24374275931526,0.634275827086709,5.99708657047725,0.820913435951583,0.0397665937118788,0.196041481593459,0,-7.017345158565e-16,3.5692063184433e-21,1,1,1,0,0,0,0,0,4,4,12.129
"A4","p2","RSA",17,0,29576,28835,0.97494590208277,33.7823254448287,33.0087457457047,0.200376949878165,3.24145185085094,0.634726414084869,5.99712155366742,0.822596971941263,0.0401509220424767,0.197232932599491,1.1695575264275e-16,5.8477876321375e-16,3.62274441321995e-19,1,1,1,0,0,0,0,0,5,5,11.753
"A4","p2","RSA",18,0,29576,28828,0.974709223694888,33.7578226929409,33.0761874234731,0.198652440176574,3.24476154014102,0.635161386087053,5.9969474122381,0.812284711287229,0.0394627919881073,0.195409440757958,1.1695575264275e-16,-3.5086725792825e-16,0,1,1,1,0,0,0,0,0,4,4,12.235
"A4","p2","RSA",19,0,29576,28834,0.974912090884501,33.7518328560392,33.021174396469,0.199671735359063,3.24206203876742,0.634510952848987,5.99712145383922,0.813261231251298,0.0398688019012998,0.196510232157857,1.1695575264275e-16,4.67823010571e-16,3.95958825952303e-21,1,1,1,0,0,0,0,0,3,3,12.733
"A4","p2","RSA",20,0,29576,28836,0.974979713281039,33.7496492892562,32.9979993015389,0.199419315963527,3.24092415798216,0.633817797130526,5.99601192953253,0.810284077402332,0.039768063579361,0.196317702334542,0,-1.1695575264275e-16,1.78460315922165e-21,1,1,1,0,0,0,0,0,7,7,12.738
"A4","p2","RSArule",1,0,29576,28881,0.976501217203138,33.6247024440268,31.3143761091503,0.412861114168991,3.15716257028681,0.737626597841533,5.99293653266854,1.41172295888727,0.170454299592861,0.402482697038689,0,3.5086725792825e-16,0,1,1,1,0,0,0,0,0,4,4,11.531
"A4","p2","RSArule",2,0,29576,28880,0.976467406004869,33.6007593313329,31.269499333942,0.410944447975614,3.15489948650336,0.737404409579223,5.99196675900277,1.41916743267041,0.168875339321982,0.401870761447142,0,-3.5086725792825e-16,2.28986892867628e-19,1,1,1,0,0,0,0,0,7,7,11.022
"A4","p2","RSArule",3,0,29576,28848,0.975385447660265,33.6550546732745,31.3143146820666,0.409197275972365,3.15715947347993,0.738317195891805,5.99386439267887,1.3933481470345,0.167442410663204,0.398515869190604,0,-2.339115052855e-16,3.5692063184433e-21,1,1,1,0,0,0,0,0,9,9,12.027
"A4","p2","RSArule",4,0,29576,28879,0.9764335948066,33.6228654194701,31.3636110067922,0.413421872465194,3.15964356374018,0.735101403101321,5.99286678901624,1.39007308534308,0.170917644632628,0.403688629824311,1.1695575264275e-16,1.1695575264275e-16,6.91533724198389e-20,1,1,1,0,0,0,0,0,8,8,11.848
"A4","p2","RSArule",5,0,29576,28878,0.976399783608331,33.6118948301843,31.3624643182075,0.406631592753725,3.15958580289037,0.736605088173738,5.99269339981993,1.39604038879946,0.165349252225432,0.397433329371194,0,-2.339115052855e-16,2.28429204380371e-19,1,1,1,0,0,0,0,0,7,7,10.59
"A4","p2","RSArule",6,0,29576,28873,0.976230727616987,33.6198041155468,31.2155503496807,0.413021512609005,3.15217675249521,0.736538208167661,5.99314238215634,1.39057364199456,0.170586769877831,0.402697177167899,0,-1.1695575264275e-16,0,1,1,1,0,0,0,0,0,5,5,11.18
"A4","p2","RSArule",7,0,29576,28892,0.976873140384095,33.5940639327586,31.2628764764179,0.411596586096328,3.15456536627183,0.73917072636529,5.99366606673127,1.39406184937219,0.169411749686152,0.402014545061755,1.1695575264275e-16,-2.339115052855e-16,3.13978618325559e-20,1,1,1,0,0,0,0,0,5,5,10.72
"A4","p2","RSArule",8,0,29576,28876,0.976332161211793,33.5991173745101,31.4670342618708,0.405995507242674,3.16484882632148,0.737278494740232,5.99487463637623,1.4052031669674,0.164832351901236,0.397798288944256,0,-1.1695575264275e-16,1.42768252737732e-20,1,1,1,0,0,0,0,0,7,7,10.784
"A4","p2","RSArule",9,0,29576,28882,0.976535028401406,33.6197927332985,31.2696242047855,0.412016630272318,3.15490578141149,0.73690775341723,5.99317914271865,1.39142191375353,0.169757703620956,0.402314751056814,0,-3.5086725792825e-16,9.88223999418988e-20,1,1,1,0,0,0,0,0,8,8,11.9
"A4","p2","RSArule",10,0,29576,28903,0.977245063565053,33.581249088618,31.281963604793,0.41544490184355,3.15552820850125,0.740135973962078,5.99249212884476,1.39828976513595,0.172594466467797,0.405907865568695,0,-1.1695575264275e-16,1.2938372904357e-20,1,1,1,0,0,0,0,0,5,5,11.709
"A4","p2","RSArule",11,0,29576,28886,0.976670273194482,33.6052382872063,31.2306816865956,0.411633737096997,3.15294064851623,0.737756969157214,5.99276466108149,1.38256838546533,0.16944233351644,0.402062433692168,1.1695575264275e-16,-5.8477876321375e-16,0,1,1,1,0,0,0,0,0,5,5,11.935
"A4","p2","RSArule",12,0,29576,28900,0.977143629970246,33.6057787781726,31.3489254051494,0.408923007586662,3.15890374618977,0.737208554791603,5.99297577854671,1.37373521862504,0.167218026133721,0.39975685060678,0,2.339115052855e-16,0,1,1,1,0,0,0,0,0,4,4,11.916
"A4","p2","RSArule",13,0,29576,28884,0.976602650797944,33.5897269225446,31.3268306023793,0.407162165975001,3.15779034736384,0.737111337359216,5.99317961501177,1.38820954832107,0.165781029401454,0.397851697328633,0,4.31919564113554e-05,4.31919564115877e-05,1,1,1,0,0,0,0,0,9,9,11.935
"A4","p2","RSArule",14,0,29576,28908,0.977414119556397,33.5895736167318,31.3104861717686,0.408857804959503,3.15696646952333,0.736122143179506,5.99228587242286,1.39285570102571,0.167164704676303,0.40000886009689,1.1695575264275e-16,-1.1695575264275e-16,0,1,1,1,0,0,0,0,0,11,11,12.296
"A4","p2","RSArule",15,0,29576,28872,0.976196916418718,33.6314777194093,31.3256857766098,0.409506707015415,3.15773264766535,0.737176225263405,5.99345386533666,1.37694443491908,0.167695743090609,0.40051836734744,0,-5.8477876321375e-16,2.54027105945457e-20,1,1,1,0,0,0,0,0,4,4,12.397
"A4","p2","RSArule",16,0,29576,28882,0.976535028401406,33.6398023781119,31.3553626900254,0.408116620385196,3.15922805888937,0.738363739287637,5.99155183159061,1.39530967234196,0.166559175834634,0.397978501108131,0,0,2.28429204380371e-19,1,1,1,0,0,0,0,0,7,7,12.447
"A4","p2","RSArule",17,0,29576,28869,0.976095482823911,33.6215598407467,31.350398131551,0.410714885287335,3.15897794564484,0.736113681112697,5.99331462814784,1.39502943478012,0.168686716996589,0.400574424914153,1.1695575264275e-16,-1.1695575264275e-16,2.85536505475464e-20,1,1,1,0,0,0,0,0,4,4,12.244
"A4","p2","RSArule",18,0,29576,28870,0.97612929402218,33.6135676981377,31.3709840739125,0.408888885373372,3.16001493175154,0.737617055191805,5.99286456529269,1.40055180645157,0.167190120581878,0.400259047892958,0,-5.8477876321375e-16,0,1,1,1,0,0,0,0,0,5,5,12.499
"A4","p2","RSArule",19,0,29576,28873,0.976230727616987,33.6394452639405,31.3464600094527,0.415187559114614,3.15877952979844,0.737973553813188,5.99303847885568,1.39926575000866,0.172380709243551,0.40585847846074,1.1695575264275e-16,-3.5086725792825e-16,3.5692063184433e-21,1,1,1,0,0,0,0,0,4,4,12.327
"A4","p2","RSArule",20,0,29576,28898,0.977076007573708,33.6048433863009,31.314342760488,0.408979617489141,3.1571608890339,0.739783016528447,5.99363277735483,1.40868700664544,0.167264327521564,0.399843066127536,1.1695575264275e-16,0,0,1,1,1,0,0,0,0,0,7,7,11.323
"A4","p3","CSR",1,0,30064,29448,0.979510377860564,33.1708188252639,30.3151371677216,0.524815015691859,3.10638179520393,0.770987914918532,5.99110296115186,1.75656837626318,0.275430800695646,0.514247394568459,0,1.1639199821556e-16,9.230764934164e-19,1,1,1,0,0,0,0,0,0,0,3.311
"A4","p3","CSR",2,0,30064,29474,0.980375199574242,33.1448477461135,30.2640060079367,0.529139133447507,3.1037609939383,0.769529064624488,5.99094116848748,1.77920745400828,0.279988222545579,0.518340662070084,0,-3.49175994646679e-16,7.10400379733641e-21,1,1,1,0,0,0,0,0,0,0,5.97199999999998
"A4","p3","CSR",3,0,30064,29436,0.979111229377328,33.1837646687455,30.2758657425844,0.527748889146738,3.10436907899229,0.76969202932004,5.99323957059383,1.78024986154402,0.278518889995616,0.51616705065577,1.1639199821556e-16,1.1639199821556e-16,2.84160151893456e-20,1,1,1,0,0,0,0,0,0,0,5.85200000000003
"A4","p3","CSR",4,0,30064,29417,0.978479244278872,33.2503090198373,30.309196746963,0.531046438497546,3.10607742447736,0.769566413005611,5.99364313152259,1.77045863698649,0.282010319840928,0.517610819587436,0,-2.32783996431119e-16,0,1,1,1,0,0,0,0,0,0,0,4.48899999999998
"A4","p3","CSR",5,0,30064,29453,0.979676689728579,33.1864258313652,30.1299183815711,0.531054577943566,3.09687760345235,0.76945513692884,5.99154585271449,1.78204858472518,0.282018964754819,0.518397665148279,0,5.81959991077799e-16,2.50638133974775e-19,1,1,1,0,0,0,0,0,0,0,4.10399999999998
"A4","p3","CSR",6,0,30064,29450,0.97957690260777,33.168639517002,30.278368632092,0.526404557500026,3.1044973936925,0.769435179847862,5.99198641765705,1.73948551035917,0.277101758156798,0.515258846184498,0,-4.65567992862239e-16,1.13664060757383e-19,1,1,1,0,0,0,0,0,0,0,4.35899999999998
"A4","p3","CSR",7,0,30064,29460,0.9799095263438,33.1507090244549,30.1875855531774,0.532021095488306,3.09983982189421,0.769686752393342,5.99205702647658,1.7805811923078,0.283046446044578,0.519658478127598,0,4.65567992862239e-16,7.99200427200346e-20,1,1,1,0,0,0,0,0,0,0,3.779
"A4","p3","CSR",8,0,30064,29432,0.978978179882916,33.2328360714958,30.2533071871866,0.534154381732646,3.10321233034278,0.768827838678355,5.99259309594999,1.78792379786338,0.285320903524186,0.521184245944521,0,2.32783996431119e-16,1.42080075946728e-19,1,1,1,0,0,0,0,0,0,0,4.20600000000002
"A4","p3","CSR",9,0,30064,29410,0.978246407663651,33.2588434884261,30.3887516380551,0.523873597694296,3.11015113374124,0.770357874402241,5.99319959197552,1.77104423538356,0.274443546361165,0.512327990541949,0,4.65567992862239e-16,2.27328121514765e-19,1,1,1,0,0,0,0,0,0,0,4.28999999999996
"A4","p3","CSR",10,0,30064,29441,0.979277541245343,33.1434453999988,30.1658509728619,0.53107499965849,3.09872370336706,0.771386666615187,5.99262932644951,1.7774932256739,0.282040655262266,0.520238125727407,0,0,2.27328121514765e-19,1,1,1,0,0,0,0,0,0,0,4.09700000000004
"A4","p3","CSR",11,0,30064,29447,0.979477115486961,33.183441164043,30.2013736706065,0.535679371565826,3.10054766383052,0.770918360050213,5.99191768261623,1.79725858889026,0.286952389121158,0.523466333578612,0,1.1639199821556e-16,0,1,1,1,0,0,0,0,0,0,0,5.93700000000001
"A4","p3","CSR",12,0,30064,29461,0.979942788717403,33.1411769014567,30.1545219448886,0.533155955005522,3.09814177341904,0.769541532030012,5.99243067105665,1.7858558058264,0.28425527235785,0.520816600748289,1.1639199821556e-16,-6.98351989293358e-16,1.1455206123205e-19,1,1,1,0,0,0,0,0,0,0,7.14600000000002
"A4","p3","CSR",13,0,30064,29472,0.980308674827036,33.1592642196713,30.0847606912923,0.534616252030864,3.09455598610424,0.768478933940179,5.99172095548317,1.77055342245387,0.285814536935529,0.521756174810448,0,1.1639199821556e-16,0,1,1,1,0,0,0,0,0,0,0,6.41500000000002
"A4","p3","CSR",14,0,30064,29438,0.979177754124534,33.2031601219472,30.2084619864734,0.528172834917176,3.10091149400388,0.767449372636703,5.99160948433997,1.77820183927139,0.278966543544446,0.517956918709645,1.1639199821556e-16,1.1639199821556e-16,0,1,1,1,0,0,0,0,0,0,0,5.572
"A4","p3","CSR",15,0,30064,29437,0.979144491750931,33.1723487481611,30.2900113693178,0.52824803978845,3.10509421297861,0.770245416354568,5.99303597513334,1.78745659651115,0.27904599154034,0.517142638657688,0,2.10405184659764e-05,2.10405184662658e-05,1,1,1,0,0,0,0,0,0,0,5.52500000000003
"A4","p3","CSR",16,0,30064,29443,0.979344065992549,33.1670541074273,30.1434970544478,0.52668441181531,3.09757536092065,0.770415672066129,5.99198451244778,1.79628110675014,0.277396469649239,0.51598483522918,0,5.81959991077799e-16,6.74880360746959e-20,1,1,1,0,0,0,0,0,0,0,6.58800000000002
"A4","p3","CSR",17,0,30064,29434,0.979044704630122,33.1780018311325,30.2719462301464,0.528156564109418,3.10416812665088,0.768923770143042,5.99300129102399,1.77272307498219,0.278949356211866,0.515319125443277,1.1639199821556e-16,1.1639199821556e-16,0,1,1,1,0,0,0,0,0,0,0,5.72300000000001
"A4","p3","CSR",18,0,30064,29457,0.979809739222991,33.138372741957,30.1023993427466,0.534222684365002,3.09546302007449,0.769961434844256,5.99239569542044,1.7872860074611,0.285393876490148,0.522794649783713,1.1639199821556e-16,-6.98351989293358e-16,3.05250163166799e-22,1,1,1,0,0,0,0,0,0,0,6.49299999999999
"A4","p3","CSR",19,0,30064,29440,0.97924427887174,33.1428358996185,30.2203282876236,0.534042361864607,3.10152047449158,0.771997574554063,5.9914402173913,1.80576252368568,0.285201244265927,0.522902305502186,1.1639199821556e-16,0,0,1,1,1,0,0,0,0,0,0,0,5.78700000000003
"A4","p3","CSR",20,0,30064,29451,0.979610164981373,33.1845337282155,30.2291265507116,0.528532538755704,3.10197192633854,0.770055859238184,5.99185087093817,1.80658893748812,0.279346644523549,0.516635001336849,1.1639199821556e-16,0,2.84160151893456e-20,1,1,1,0,0,0,0,0,0,0,5.92099999999999
"A4","p3","RSA",1,0,30064,29403,0.97801357104843,33.3816639230185,32.6771462018246,0.195421034710204,3.22512925141208,0.630236141307417,5.99744923987348,0.798136476871999,0.0381893808072068,0.192181046949029,1.1639199821556e-16,-2.32783996431119e-16,1.19991064139385e-19,1,1,1,0,0,0,0,0,0,0,3.794
"A4","p3","RSA",2,0,30064,29412,0.978312932410857,33.3586034808386,32.6199561957327,0.19670586944802,3.22230578064578,0.631256404119368,5.99673602611179,0.804178255023859,0.0386931990753016,0.193079206630173,1.1639199821556e-16,3.49175994646679e-16,4.44000237333526e-22,1,1,1,0,0,0,0,0,0,0,4.70800000000003
"A4","p3","RSA",3,0,30064,29389,0.977547897817988,33.368195324437,32.6640801992394,0.195815338949087,3.22448440072488,0.632338988286932,5.99744802477117,0.800218068662646,0.0383436469677459,0.192599815635991,0,0,0,1,1,1,0,0,0,0,0,0,0,4.64499999999998
"A4","p3","RSA",4,0,30064,29414,0.978379457158063,33.3478430800767,32.6623031809304,0.196371625772578,3.22439668899526,0.632217294079345,5.99700822737472,0.800997406725223,0.0385618154085653,0.19340128909711,0,-2.32783996431119e-16,1.02564054824044e-19,1,1,1,0,0,0,0,0,0,0,4.13799999999998
"A4","p3","RSA",5,0,30064,29406,0.978113358169239,33.3663892366762,32.6580485395168,0.197321889326044,3.22418667473354,0.633378167807007,5.99690539345712,0.798596102390906,0.0389359280071995,0.193963657309595,0,2.32783996431119e-16,3.5520018986682e-21,1,1,1,0,0,0,0,0,0,0,4.22199999999998
"A4","p3","RSA",6,0,30064,29406,0.978113358169239,33.3341696158809,32.6149250777218,0.19676930876436,3.22205727592625,0.628941083000086,5.99741549343671,0.792987708808066,0.0387181608716042,0.193587468023723,0,1.1639199821556e-16,4.97280265813549e-20,1,1,1,0,0,0,0,0,0,0,4.77999999999997
"A4","p3","RSA",7,0,30064,29399,0.977880521554018,33.3551615828808,32.6612979604423,0.19739460726082,3.22434707133138,0.63104452228852,5.99731283376986,0.800965634188306,0.0389646309756532,0.194369612893764,0,0,4.64812748458535e-22,1,1,1,0,0,0,0,0,0,0,4.15800000000002
"A4","p3","RSA",8,0,30064,29388,0.977514635444385,33.3736851479627,32.6648500417716,0.195678400485702,3.22452239857471,0.63287193599083,5.99765210289914,0.805963112774357,0.0382900364166429,0.192616088660373,0,5.81959991077799e-16,1.83594098137413e-19,1,1,1,0,0,0,0,0,0,0,4.28199999999998
"A4","p3","RSA",9,0,30064,29395,0.977747472059606,33.3810690445694,32.6645179160494,0.195266481747546,3.22450600559312,0.632428757819616,5.99751658445314,0.806178768138568,0.0381289988940646,0.191940724656733,0,1.1639199821556e-16,3.40992182272148e-19,1,1,1,0,0,0,0,0,0,0,4.74899999999997
"A4","p3","RSA",10,0,30064,29411,0.978279670037254,33.3535879560504,32.698726921438,0.196247163015993,3.22619404945174,0.631374882326141,5.99687191866989,0.808286712564353,0.0385129489918256,0.193128582848054,0,-1.1639199821556e-16,1.42080075946728e-20,1,1,1,0,0,0,0,0,0,0,7.42000000000002
"A4","p3","RSA",11,0,30064,29397,0.977813996806812,33.3771497874038,32.6830430689242,0.197297615096003,3.22542023919507,0.63196347822953,5.99700649726163,0.805542814388319,0.0389263489225705,0.193851627841145,0,0,1.7760009493341e-21,1,1,1,0,0,0,0,0,0,0,5.77800000000002
"A4","p3","RSA",12,0,30064,29408,0.978179882916445,33.3450853624729,32.5839605912998,0.197337554011308,3.22052740818468,0.63089316750707,5.99721164309032,0.800821959218329,0.0389421102231658,0.193872292823887,0,0,0,1,1,1,0,0,0,0,0,0,0,6.488
"A4","p3","RSA",13,0,30064,29399,0.977880521554018,33.3588868818575,32.6514384429422,0.198261016706175,3.22386036523141,0.633492897118412,5.99721078948264,0.809571102957261,0.0393074307453661,0.194880445160384,0,2.32783996431119e-16,1.7760009493341e-21,1,1,1,0,0,0,0,0,0,0,6.49700000000001
"A4","p3","RSA",14,0,30064,29411,0.978279670037254,33.3827167515715,32.6086399362094,0.1986832601992,3.22174680363045,0.631914720049105,5.99707592397402,0.812368192093226,0.0394750378833829,0.195419478096669,0,-8.14743987508918e-16,0,1,1,1,0,0,0,0,0,0,0,6.32899999999995
"A4","p3","RSA",15,0,30064,29392,0.977647684938797,33.3710225561658,32.6166801861689,0.19908826128315,3.22214396911348,0.631898911889589,5.99700598802395,0.809830782448576,0.0396361357807479,0.19554280148438,0,3.49175994646679e-16,0,1,1,1,0,0,0,0,0,0,0,6.09100000000001
"A4","p3","RSA",16,0,30064,29391,0.977614422565194,33.3688981132192,32.6487797720208,0.196913527589924,3.22372910978444,0.632220217186432,5.99772039059576,0.806289461251103,0.0387749373479077,0.193404476967122,1.1639199821556e-16,-4.65567992862239e-16,1.15440061706717e-20,1,1,1,0,0,0,0,0,0,0,5.83499999999998
"A4","p3","RSA",17,0,30064,29403,0.97801357104843,33.3578711715211,32.6674373472259,0.197354964363126,3.22465009945445,0.631104099446067,5.99707512838826,0.788101097239691,0.0389489819587707,0.194219396429529,0,0,3.40992182272148e-19,1,1,1,0,0,0,0,0,0,0,5.77900000000005
"A4","p3","RSA",18,0,30064,29394,0.977714209686003,33.3852967920174,32.6148616688397,0.199022572891865,3.22205414382001,0.632605847960885,5.99761856161121,0.797667243878229,0.0396099845204976,0.195291185972877,0,3.49175994646679e-16,1.7760009493341e-21,1,1,1,0,0,0,0,0,0,0,5.80799999999999
"A4","p3","RSA",19,0,30064,29406,0.978113358169239,33.3662123875966,32.5854486750451,0.200165150460368,3.22060094686714,0.631623808547222,5.99717744677957,0.817778123723268,0.0400660874588219,0.196496743737189,1.1639199821556e-16,0,5.75535307643582e-20,1,1,1,0,0,0,0,0,0,0,5.42399999999998
"A4","p3","RSA",20,0,30064,29404,0.978046833422033,33.3622842920157,32.7038795089393,0.197738374258223,3.2264482273823,0.631249295608312,5.99687117398993,0.80052076822117,0.0391004646542849,0.194191161011786,0,-4.65567992862239e-16,5.6299230093891e-19,1,1,1,0,0,0,0,0,0,0,5.84399999999999
"A4","p3","RSArule",1,0,30064,29456,0.979776476849388,33.210092150744,30.9244880509974,0.40917359727124,3.13744645719461,0.737532415324035,5.99368549701249,1.39361145823949,0.167423032703887,0.398593738545976,0,1.1639199821556e-16,0,1,1,1,0,0,0,0,0,0,0,3.279
"A4","p3","RSArule",2,0,30064,29414,0.978379457158063,33.2543329967607,30.9664099072711,0.413555014707054,3.13957232859557,0.737496496153401,5.99449241857619,1.39833093434227,0.171027750189352,0.403968703886204,1.1639199821556e-16,4.07742625041521e-05,4.07742625040113e-05,1,1,1,0,0,0,0,0,0,0,5.5
"A4","p3","RSArule",3,0,30064,29440,0.97924427887174,33.2203105157057,30.9618970311595,0.406824817770957,3.13934354914975,0.736994263499568,5.99344429347826,1.38196727975275,0.165506432354372,0.398678824033706,1.1639199821556e-16,-1.1639199821556e-16,3.72960199360161e-20,1,1,1,0,0,0,0,0,0,0,4.18000000000001
"A4","p3","RSArule",4,0,30064,29442,0.979310803618946,33.2413940664597,30.9074991500899,0.41159617701315,3.13658453286947,0.737064268840221,5.99364852931187,1.39892708382804,0.16941141293184,0.401396148541969,0,5.81959991077799e-16,5.68320303786913e-20,1,1,1,0,0,0,0,0,0,0,4.16200000000003
"A4","p3","RSArule",5,0,30064,29443,0.979344065992549,33.1886375431341,30.9120361080628,0.410741898232171,3.1368147371604,0.737610139741845,5.99273171891451,1.40732438651748,0.168708906963367,0.40118747592087,0,1.1639199821556e-16,2.27328121514765e-19,1,1,1,0,0,0,0,0,0,0,3.839
"A4","p3","RSArule",6,0,30064,29427,0.978811868014901,33.2323778428965,31.0789442734677,0.405151504979285,3.14527188242922,0.738234020865058,5.99408706290142,1.38329950210511,0.16414774198698,0.397784123919269,0,-1.1639199821556e-16,5.68320303786913e-20,1,1,1,0,0,0,0,0,0,0,3.82499999999999
"A4","p3","RSArule",7,0,30064,29425,0.978745343267696,33.2446615573945,30.8904302401791,0.413369956705897,3.13571831227228,0.73854249610702,5.99347493627868,1.40248597022042,0.170874721107035,0.403804685976708,0,3.49175994646679e-16,2.34210125193435e-20,1,1,1,0,0,0,0,0,0,0,3.87800000000004
"A4","p3","RSArule",8,0,30064,29447,0.979477115486961,33.1977725609674,30.9004791140555,0.411234390639129,3.13622830639283,0.737200671919587,5.99398920093728,1.39319215134707,0.169113724044335,0.400257302463993,0,-4.65567992862239e-16,0,1,1,1,0,0,0,0,0,0,0,4.255
"A4","p3","RSArule",9,0,30064,29445,0.979410590739755,33.181402774889,30.9236729332882,0.408309765977601,3.13740510801199,0.73634964130863,5.99347936831381,1.38638595431043,0.166716864992684,0.400129219181733,0,0,2.27328121514765e-19,1,1,1,0,0,0,0,0,0,0,4.59300000000002
"A4","p3","RSArule",10,0,30064,29430,0.97891165513571,33.2396898594339,30.8683911569898,0.410951292844088,3.13459950804432,0.738389206054289,5.99391777098199,1.38366615518726,0.168880965090227,0.401518273455183,0,-2.32783996431119e-16,5.68320303786913e-20,1,1,1,0,0,0,0,0,0,0,6.07300000000004
"A4","p3","RSArule",11,0,30064,29437,0.979144491750931,33.2324539774005,31.0700773286416,0.405768587510111,3.14482317121352,0.736579662109002,5.99398715901756,1.38034840763508,0.164648146609951,0.396219541346292,0,0,0,1,1,1,0,0,0,0,0,0,0,6.12099999999998
"A4","p3","RSArule",12,0,30064,29437,0.979144491750931,33.2496142658502,31.0288647537662,0.404307363001454,3.14273677042535,0.73625521281356,5.99313788769236,1.39008743896297,0.163464443777189,0.395641542413651,1.1639199821556e-16,-3.49175994646679e-16,4.86624260117544e-19,1,1,1,0,0,0,0,0,0,0,5.86700000000002
"A4","p3","RSArule",13,0,30064,29437,0.979144491750931,33.2197096270287,30.9945535393414,0.407934147617954,3.1409986961833,0.737427945627849,5.99364745048748,1.37375363749291,0.166410268792787,0.398014864229152,0,-2.32783996431119e-16,3.5520018986682e-21,1,1,1,0,0,0,0,0,0,0,6.08600000000001
"A4","p3","RSArule",14,0,30064,29444,0.979377328366152,33.2099383463979,30.970162353645,0.409276360441849,3.13976254685958,0.736577204906957,5.9929357424263,1.3985847445717,0.167507139216526,0.400446339118152,0,-3.49175994646679e-16,3.5520018986682e-21,1,1,1,0,0,0,0,0,0,0,5.56900000000002
"A4","p3","RSArule",15,0,30064,29437,0.979144491750931,33.1998643829303,30.6883150704043,0.41801547651394,3.12544302095442,0.738155750092357,5.99337568366342,1.4117987586056,0.174736938605176,0.40795569182311,0,-2.32783996431119e-16,1.42080075946728e-20,1,1,1,0,0,0,0,0,0,0,5.87099999999998
"A4","p3","RSArule",16,0,30064,29411,0.978279670037254,33.2540703016449,31.0180958815898,0.40801261846328,3.1421913642722,0.73691439018214,5.99306381965931,1.37540241479804,0.166474296825262,0.399380033486762,0,-3.49175994646679e-16,5.68320303786913e-20,1,1,1,0,0,0,0,0,0,0,5.83299999999997
"A4","p3","RSArule",17,0,30064,29453,0.979676689728579,33.2131824654334,30.8571292382515,0.410826039487955,3.13402764757849,0.734793893801561,5.99331137744882,1.39806065263335,0.168778034721359,0.402154394632296,1.1639199821556e-16,-4.65567992862239e-16,4.44000237333526e-21,1,1,1,0,0,0,0,0,0,0,6.25999999999999
"A4","p3","RSArule",18,0,30064,29436,0.979111229377328,33.2276964190466,30.8945179031875,0.413150031711558,3.13592577653794,0.736141380188086,5.99412284277755,1.40540116364194,0.170692948703262,0.404510321377635,1.1639199821556e-16,-1.1639199821556e-16,0,1,1,1,0,0,0,0,0,0,0,5.5
"A4","p3","RSArule",19,0,30064,29433,0.979011442256519,33.2274154314936,30.9932980468128,0.407282574784451,3.14093507951713,0.735351818214728,5.99419019467944,1.40935058858692,0.165879095723052,0.397686125196243,0,-3.49175994646679e-16,0,1,1,1,0,0,0,0,0,0,0,5.38599999999997
"A4","p3","RSArule",20,0,30064,29432,0.978978179882916,33.2482167720749,31.1383266325165,0.407435123462036,3.14827527475634,0.735303676305013,5.99344251155205,1.38669207314497,0.166003379830524,0.397915166847577,0,-1.1639199821556e-16,0,1,1,1,0,0,0,0,0,0,0,5.87900000000002
"A5","r1","CSR",1,0,1267,567,0.447513812154696,547.161791258844,501.564855720111,0.561864997027219,12.6353888795738,0.781927004196584,5.73721340388007,1.82658091374228,0.315692274884397,0.552879272349546,3.74555722633572e-15,-3.1212976886131e-15,1.90508892127264e-20,1,1,1,0,0,0,0,2,305,303,27.832
"A5","r1","CSR",2,0,1267,562,0.443567482241515,543.364831556202,470.630644619325,0.601155333490942,12.2394249511891,0.773271383534303,5.76334519572954,1.84585545638508,0.361387734984605,0.588211339718957,3.74555722633572e-15,-3.74555722633572e-15,0,0.996842936069455,1,1,4,0,1,0,4,300,296,26.779
"A5","r1","CSR",3,0,1267,540,0.42620363062352,569.731799903504,520.61178391543,0.562808303849833,12.8730669635057,0.782345664601145,5.74444444444444,1.65256648113791,0.316753186882326,0.554546961351469,3.74555722633572e-15,-4.21375187962769e-15,0,1,1,1,0,0,0,0,3,357,353,27.001
"A5","r1","CSR",4,0,1267,563,0.444356748224152,568.410394483222,522.50082299779,0.565745241101873,12.8964017268137,0.778412852092463,5.78507992895204,1.76333571424056,0.320067677829417,0.551943876616863,3.43342745747441e-15,-3.58949234190507e-15,0,1,1,1,0,0,0,0,0,356,356,27.872
"A5","r1","CSR",5,0,1267,569,0.449092344119968,531.245650615864,463.901345931313,0.570361576815911,12.1517235248299,0.781908093637519,5.82425307557118,1.52891779499493,0.325312328307932,0.550960499908302,3.74555722633572e-15,-3.58949234190507e-15,0,0.998421468034728,1,1,2,0,0,0,2,342,340,27.013
"A5","r1","CSR",6,0,1267,534,0.421468034727703,561.315693281833,503.783211664035,0.524953483614403,12.6633001536561,0.788968052223726,5.78277153558052,1.81763883325955,0.275576159958897,0.519939422553366,3.58949234190507e-15,-3.58949234190507e-15,3.65777072884348e-18,0.996842936069455,1,1,4,0,0,0,5,303,298,27.366
"A5","r1","CSR",7,0,1267,551,0.434885556432518,537.94525108893,479.71697516122,0.545623577168442,12.3571297542755,0.781819140236683,5.78584392014519,1.6013265137766,0.297705087962087,0.525694062922924,3.74555722633572e-15,-3.1212976886131e-15,0,0.997632202052092,1,1,3,0,0,0,4,317,307,27.631
"A5","r1","CSR",8,0,1267,569,0.449092344119968,530.071183361481,471.007019987183,0.567558561659381,12.2444351002358,0.771987723361831,5.75571177504394,1.70606326889279,0.322122720912866,0.551968947688267,3.58949234190507e-15,-3.74555722633572e-15,0,0.996842936069455,1,1,4,0,1,0,6,296,290,27.569
"A5","r1","CSR",9,0,1267,567,0.447513812154696,532.578239088239,450.294623437092,0.604922865848729,11.9721856958299,0.772559483818182,5.74603174603175,1.74810701665825,0.36593167362664,0.580254689933213,3.90162211076638e-15,-4.21375187962769e-15,0,0.995264404104183,1,1,6,0,0,0,7,316,309,27.937
"A5","r1","CSR",10,0,1267,576,0.454617205998421,568.299311245416,507.898524835256,0.580267309645358,12.7149166142525,0.786013581515921,5.81423611111111,1.70977958937198,0.336710150643062,0.566411487679473,3.74555722633572e-15,-3.43342745747441e-15,0,0.999210734017364,1,1,1,0,0,0,1,348,347,27.226
"A5","r1","CSR",11,0,1267,544,0.429360694554065,570.816956610567,510.062779998128,0.571225362686029,12.7419674446508,0.777397023562432,5.80514705882353,1.7741171054057,0.326298414975785,0.554118072227811,3.58949234190507e-15,-3.43342745747441e-15,5.33424897956341e-19,1,1,1,0,0,0,0,0,317,317,27.825
"A5","r1","CSR",12,0,1267,570,0.449881610102605,558.403475468726,502.174535402924,0.548476477266375,12.6430627901469,0.772711984569228,5.8,1.69630931458699,0.300826446114533,0.531093082004244,3.58949234190507e-15,-3.27736257304376e-15,3.61966895041803e-19,0.997632202052092,1,1,3,0,0,0,5,341,335,27.68
"A5","r1","CSR",13,0,1267,525,0.414364640883978,591.38746676375,541.791777974282,0.568161913502075,13.1323143117391,0.786984389150287,5.80952380952381,1.89113049800073,0.322807959954339,0.562333936072744,3.74555722633572e-15,-3.90162211076638e-15,1.82888536442174e-18,0.996842936069455,1,1,4,0,0,0,7,308,300,27.747
"A5","r1","CSR",14,0,1267,558,0.440410418310971,538.494756971255,471.741685165544,0.576973238961978,12.2539786421644,0.772704618242209,5.80465949820789,1.74812905799759,0.332898118478276,0.564729403832291,3.58949234190507e-15,-3.90162211076638e-15,0,1,1,1,0,0,0,0,2,298,296,27.963
"A5","r1","CSR",15,0,1267,548,0.432517758484609,555.823779411118,497.500747330723,0.540219901715485,12.5840933823517,0.794272149383863,5.74087591240876,1.73163506318472,0.291837542209488,0.528956140949429,3.74555722633572e-15,-5.15014118621162e-15,0,0.997632202052092,1,1,3,0,0,0,4,321,315,28.343
"A5","r1","CSR",16,0,1267,515,0.406471981057616,589.177298186448,501.523427913662,0.580139368597023,12.6348670455095,0.774967134473308,5.82135922330097,1.95246118393714,0.336561686996152,0.542546047180074,3.74555722633572e-15,-3.43342745747441e-15,7.62035568509058e-20,0.996842936069455,1,1,4,0,0,0,6,343,335,28.588
"A5","r1","CSR",17,0,1267,567,0.447513812154696,563.78510144776,501.74468552162,0.600571645824356,12.6376538068468,0.790498911459752,5.77248677248677,1.78736889337596,0.360686301768175,0.589601493832811,3.74555722633572e-15,-3.58949234190507e-15,3.04814227403623e-19,0.998421468034728,1,1,2,0,0,0,3,319,316,28.425
"A5","r1","CSR",18,0,1267,568,0.448303078137332,548.032946825741,501.333334846355,0.567587530508186,12.6324715539805,0.772348726779297,5.77464788732394,1.63519387932533,0.322155604788381,0.554728571636625,3.74555722633572e-15,-3.90162211076638e-15,3.81017784254529e-20,1,1,1,0,0,0,0,0,313,313,27.954
"A5","r1","CSR",19,0,1267,552,0.435674822415154,569.151492641615,502.170131644429,0.558578519207246,12.6430078405239,0.765795022777874,5.81521739130435,1.69356111417975,0.31200996211976,0.551290674566966,3.43342745747441e-15,-3.58949234190507e-15,0,1,1,1,0,0,0,0,3,300,296,29.714
"A5","r1","CSR",20,0,1267,554,0.437253354380426,562.49487506982,500.576790091004,0.55259117211465,12.6229335896721,0.779950989860531,5.76714801444043,1.64007611910093,0.305357003499043,0.540825090976217,3.58949234190507e-15,-3.43342745747441e-15,1.90508892127264e-20,0.998421468034728,1,1,2,0,0,0,4,340,336,30.007
"A5","r1","RSA",1,0,1267,525,0.414364640883978,587.970770851919,540.181598235771,0.454969626333362,13.1127854803244,0.75769187960199,5.84380952380952,1.34960378044348,0.206997360885919,0.445242204967649,3.74555722633572e-15,-2.80916791975179e-15,6.26618755370278e-20,1,1,1,0,0,0,0,1,308,307,27.47
"A5","r1","RSA",2,0,1268,541,0.426656151419558,555.569387769852,505.773714633075,0.485926706727882,12.6882927748223,0.752749035764098,5.80961182994455,1.37294447867461,0.236124764311405,0.474969652668562,3.58949234190507e-15,-3.74555722633572e-15,8.5729001457269e-20,1,1,1,0,0,0,0,1,336,335,27.09
"A5","r1","RSA",3,0,1267,526,0.415153906866614,571.355597236441,521.508936377851,0.476263936862095,12.8841527703233,0.77001520941122,5.78707224334601,1.49743255477096,0.226827337555382,0.46915400530761,3.27736257304376e-15,-3.58949234190507e-15,0,1,1,1,0,0,0,0,1,294,293,27.126
"A5","r1","RSA",4,0,1268,524,0.413249211356467,590.251261216411,537.787139287262,0.45662010827798,13.0836849429064,0.764245387896647,5.79007633587786,1.44724358880796,0.208501923283794,0.452164254875891,3.74555722633572e-15,-4.99407630178096e-15,1.52407113701812e-18,1,1,1,0,0,0,0,1,297,296,26.759
"A5","r1","RSA",5,0,1266,532,0.420221169036335,566.257082388291,518.513871843064,0.476968766375649,12.8470983402254,0.76799508762607,5.80075187969925,1.33122353907367,0.227499204097908,0.460463928407041,3.90162211076638e-15,-4.21375187962769e-15,7.62035568509058e-20,1,1,1,0,0,0,0,0,267,267,27.572
"A5","r1","RSA",6,0,1267,541,0.426992896606156,565.782709456543,527.620697487134,0.468028429811996,12.9594322470293,0.773947380663356,5.82809611829945,1.34261655370713,0.219050611112282,0.452625564758772,3.58949234190507e-15,-4.36981676405834e-15,0,1,1,1,0,0,0,0,1,300,299,27.758
"A5","r1","RSA",7,0,1267,545,0.430149960536701,577.810149517908,538.055627026778,0.462262659132181,13.0869563076921,0.754930949957809,5.82018348623853,1.43819481921209,0.213686766027955,0.449986759685174,3.74555722633572e-15,-4.21375187962769e-15,2.89573516033442e-18,1,1,1,0,0,0,0,2,277,275,27.512
"A5","r1","RSA",8,0,1266,529,0.417851500789889,578.294434833829,536.841604943637,0.483333811416799,13.0721838331754,0.768756111367683,5.78638941398866,1.58496591625136,0.23361157325869,0.477149774449731,3.90162211076638e-15,-3.43342745747441e-15,0,1,1,1,0,0,0,0,0,316,316,26.942
"A5","r1","RSA",9,0,1267,519,0.409629044988161,576.714966570791,521.639364305737,0.4791985628084,12.8857660494495,0.750266211073384,5.84007707129094,1.37012817937673,0.229631262597636,0.466689768344536,3.90162211076638e-15,-3.58949234190507e-15,7.62035568509058e-20,1,1,1,0,0,0,0,0,321,321,27.457
"A5","r1","RSA",10,0,1267,525,0.414364640883978,583.099892660885,546.202940552505,0.467298773610466,13.1856663024862,0.757029409893914,5.76761904761905,1.43826245001818,0.218368143817845,0.45735208251981,3.43342745747441e-15,-3.43342745747441e-15,0,1,1,1,0,0,0,0,1,328,327,27.54
"A5","r1","RSA",11,0,1267,523,0.412786108918706,567.608320949852,538.400464412649,0.451977042458439,13.091149321144,0.771225805865116,5.80114722753346,1.43930902617525,0.204283246909477,0.44034720942656,3.74555722633572e-15,-2.96523280418245e-15,7.62035568509058e-20,1,1,1,0,0,1,0,0,351,351,27.428
"A5","r1","RSA",12,0,1267,523,0.412786108918706,581.207676365422,522.124333933685,0.477550718492507,12.891754624884,0.764356486980868,5.80497131931166,1.56725493212603,0.228054688732709,0.46717747899279,3.74555722633572e-15,-3.58949234190507e-15,3.04814227403623e-19,1,1,1,0,0,0,0,0,297,297,28.026
"A5","r1","RSA",13,0,1266,526,0.415481832543444,566.042678864557,535.837330501535,0.442510874922459,13.059949584016,0.744455999142298,5.78136882129278,1.37115697990223,0.19581587442464,0.426225440951459,3.74555722633572e-15,-4.21375187962769e-15,2.43851381922899e-18,1,1,1,0,0,0,0,0,309,309,27.579
"A5","r1","RSA",14,0,1268,558,0.44006309148265,554.164427298486,510.657646234113,0.516837596492723,12.7494068472973,0.771488226940079,5.81362007168459,1.41941918753177,0.267121101148375,0.486467802519646,3.43342745747441e-15,-3.58949234190507e-15,4.87702763845797e-18,1,1,1,0,0,1,0,1,302,301,27.985
"A5","r1","RSA",15,0,1268,529,0.417192429022082,565.615217273424,516.679123426098,0.470634660373344,12.8243546805016,0.748864883258103,5.75803402646503,1.56634158217334,0.221496983544732,0.452567175274332,3.43342745747441e-15,-3.74555722633572e-15,0,1,1,1,0,0,0,0,2,325,323,28.692
"A5","r1","RSA",16,0,1267,547,0.431728492501973,572.62699859486,533.32670594089,0.471793578263185,13.0293193631448,0.76069667777082,5.80621572212066,1.45688437096115,0.22258918049038,0.468457956163504,3.58949234190507e-15,-3.74555722633572e-15,0,1,1,1,0,0,0,0,1,307,306,28.826
"A5","r1","RSA",17,0,1268,575,0.453470031545741,544.509473839613,488.347302987773,0.503678032717064,12.4677894765752,0.744375058802504,5.84521739130435,1.37147098924405,0.253691560641732,0.487384752847661,3.58949234190507e-15,0.000720933480187968,0.000720933480190909,1,1,1,0,0,0,0,1,307,306,27.799
"A5","r1","RSA",18,0,1267,531,0.419100236779795,564.555183475342,497.760741469794,0.50575209087626,12.5873811797375,0.773605660292648,5.8286252354049,1.48944320079594,0.255785177425709,0.481795275518052,3.90162211076638e-15,-3.90162211076638e-15,0,1,1,1,0,0,0,0,2,328,326,28.968
"A5","r1","RSA",19,0,1267,561,0.442778216258879,559.265012789948,495.859077913934,0.519581667278693,12.5633135220762,0.759723356289088,5.85026737967914,1.46682582123759,0.269965108972107,0.493223831965476,3.74555722633572e-15,-2.80916791975179e-15,6.09628454807246e-19,1,1,1,0,0,1,0,1,328,327,29.116
"A5","r1","RSA",20,0,1266,528,0.417061611374408,566.107665647313,532.611181868102,0.450994725529535,13.0205761601955,0.762901579190558,5.77272727272727,1.32585820251854,0.20339624245546,0.438297828877418,3.58949234190507e-15,-3.90162211076638e-15,2.51471737607989e-18,1,1,1,0,0,0,0,0,305,305,30.764
"A5","r1","RSArule",1,0,1267,525,0.414364640883978,572.829423659389,526.338757296071,0.445449862190445,12.9436791496479,0.727039593601798,5.80380952380952,1.2534205743366,0.198425579725487,0.436859188816027,3.74555722633572e-15,-4.525881648489e-15,1.52407113701812e-19,1,1,1,0,0,0,0,1,292,291,27.754
"A5","r1","RSArule",2,0,1267,518,0.408839779005525,574.610952562875,542.605634418955,0.429119229767039,13.1421621613934,0.75155211347359,5.88996138996139,1.34763597529555,0.184143313355857,0.422006013203959,3.58949234190507e-15,-3.90162211076638e-15,0,0.997632202052092,1,1,3,0,1,0,4,311,307,27.146
"A5","r1","RSArule",3,0,1266,542,0.428120063191153,550.68448967857,513.604906761053,0.452791913262668,12.7861412918831,0.74844966828548,5.78966789667897,1.24957881741479,0.205020516716068,0.437951634064541,3.90162211076638e-15,-3.43342745747441e-15,0,1,1,1,0,0,0,0,1,328,327,26.932
"A5","r1","RSArule",4,0,1268,520,0.410094637223975,582.463257558597,531.233765721317,0.406492526123404,13.0037284553563,0.743966758687346,5.84615384615385,1.34430117089077,0.165236173794187,0.397386935036482,3.90162211076638e-15,-3.90162211076638e-15,0,1,1,1,0,0,0,0,2,313,311,27.36
"A5","r1","RSArule",5,0,1267,512,0.404104183109708,600.536360199403,562.105086335841,0.411293485975519,13.3762254478245,0.751818337888207,5.798828125,1.35866789995108,0.169162331605895,0.408736801103819,3.58949234190507e-15,-3.1212976886131e-15,1.11229718486993e-18,1,1,1,0,0,0,0,1,300,298,27.803
"A5","r1","RSArule",6,0,1267,518,0.408839779005525,601.137195825885,554.615928438024,0.415565715906844,13.2868230590227,0.72370780913046,5.84555984555985,1.26817173625684,0.172694864237168,0.40943012464853,3.58949234190507e-15,-3.43342745747441e-15,7.62035568509058e-20,1,1,1,0,0,0,0,0,293,293,27.29
"A5","r1","RSArule",7,0,1267,530,0.418310970797159,588.877266671158,537.38536858365,0.439670733085227,13.0788023995082,0.747370585972001,5.81132075471698,1.29514570032457,0.193310353531701,0.43075475852997,3.74555722633572e-15,-3.74555722633572e-15,0,1,1,1,0,0,0,0,1,318,317,26.633
"A5","r1","RSArule",8,0,1267,531,0.419100236779795,585.059959418511,541.74272671051,0.437553782543723,13.1317198294861,0.745661721910796,5.82297551789077,1.44407490317308,0.19145331261832,0.424666516481779,3.58949234190507e-15,-2.96523280418245e-15,2.43851381922899e-18,1,1,1,0,0,0,0,0,325,325,27.295
"A5","r1","RSArule",9,0,1269,519,0.408983451536643,596.726917385331,545.3821155715,0.460930799204956,13.1757549739755,0.748690990378057,5.77263969171484,1.29183684096979,0.21245720165572,0.44804957373805,3.58949234190507e-15,-4.21375187962769e-15,7.62035568509058e-20,1,1,1,0,0,0,0,0,300,300,27.161
"A5","r1","RSArule",10,0,1268,520,0.410094637223975,587.429862538913,530.479803436253,0.441005541439408,12.9944944167976,0.744800579049669,5.83461538461538,1.40226767452201,0.194485887580265,0.431946239274884,3.90162211076638e-15,-3.43342745747441e-15,1.52407113701812e-19,1,1,1,0,0,0,0,2,282,280,27.212
"A5","r1","RSArule",11,0,1267,495,0.390686661404893,587.094433565135,568.191101893901,0.400589551339061,13.4484513968892,0.741740852748356,5.83434343434343,1.28829182513393,0.16047198864203,0.394581139442278,3.74555722633572e-15,-3.90162211076638e-15,2.14322503643173e-20,1,1,1,0,0,0,0,1,295,294,27.41
"A5","r1","RSArule",12,0,1266,523,0.413112164296998,581.020024089128,526.577878323169,0.415033469841814,12.9466190380327,0.741914059448789,5.82026768642447,1.25499073280441,0.172252781088936,0.394283287258787,3.74555722633572e-15,-3.43342745747441e-15,0,1,1,1,0,0,0,0,2,307,305,27.7
"A5","r1","RSArule",13,0,1268,536,0.422712933753943,564.904392595668,532.084569815234,0.400273553877404,13.0141376530036,0.752581985992665,5.8544776119403,1.37691449295578,0.160218917933647,0.38998044226941,3.74555722633572e-15,-3.1212976886131e-15,0,1,1,1,0,0,0,0,2,325,323,27.792
"A5","r1","RSArule",14,0,1267,517,0.408050513022889,592.58033817589,551.745784220796,0.411164006685464,13.2524012079965,0.743800350694877,5.88394584139265,1.3741022296193,0.169055840393645,0.401333809396296,3.74555722633572e-15,-3.58949234190507e-15,6.09628454807246e-19,1,1,1,0,0,0,0,4,309,305,28.25
"A5","r1","RSArule",15,0,1266,562,0.44391785150079,558.592862419011,504.21677724187,0.441386966644918,12.6687446829556,0.738850128699437,5.80604982206406,1.37942857505344,0.194822454324002,0.427115755749093,3.74555722633572e-15,-4.68194653291965e-15,4.87702763845797e-18,1,1,1,0,0,0,0,1,309,305,28.697
"A5","r1","RSArule",16,0,1267,518,0.408839779005525,596.979941079087,530.421180509745,0.478673863073252,12.9937794782039,0.745630567086478,5.81467181467182,1.38918470833364,0.22912866718947,0.465043272353898,3.74555722633572e-15,-4.05768699519703e-15,0,1,1,1,0,0,1,0,2,332,330,28.653
"A5","r1","RSArule",17,0,1267,529,0.417521704814522,579.236090588259,546.642900085841,0.397135190764078,13.1909756769354,0.755283813139516,5.80718336483932,1.51199375608638,0.15771635974322,0.389513410869378,3.74555722633572e-15,-4.05768699519703e-15,0,1,1,1,0,0,0,0,0,312,312,27.761
"A5","r1","RSArule",18,0,1266,517,0.408372827804107,581.889888992012,536.950868698381,0.433511096831429,13.0735140609428,0.733621169008392,5.88394584139265,1.4710014544255,0.187931871075989,0.427213302703468,3.90162211076638e-15,-4.68194653291965e-15,0,1,1,1,0,0,0,0,2,303,301,29.921
"A5","r1","RSArule",19,0,1266,542,0.428120063191153,570.947963205221,521.044004080711,0.422949256247982,12.8784094532126,0.737696896787949,5.83210332103321,1.28229464364884,0.178886073360721,0.410684272543607,3.58949234190507e-15,-3.27736257304376e-15,7.62035568509058e-20,1,1,1,0,0,0,0,0,295,295,29.327
"A5","r1","RSArule",20,0,1266,509,0.402053712480253,583.485490299434,542.811143486262,0.465176149858692,13.1446625404537,0.745126330975464,5.80943025540275,1.48920223380722,0.216388850397357,0.455357489962157,3.74555722633572e-15,-3.90162211076638e-15,0,0.996840442338073,1,1,4,0,0,0,5,311,305,29.898
"A5","r2","CSR",1,0,777,475,0.611325611325611,1039.33146475972,914.553153885393,0.574188176043017,17.0619843606272,0.770622816256901,5.89263157894737,1.71629580279813,0.329692061507607,0.559020730246306,8.31435842635736e-16,-6.92863202196446e-16,0,0.996138996138996,1,1,3,0,0,0,5,137,132,8.047
"A5","r2","CSR",2,0,777,479,0.616473616473616,1041.72045072617,942.261873857534,0.538901490654194,17.3185238927259,0.78193747673674,5.88517745302714,1.87172543915584,0.290414816629313,0.531432194261818,6.92863202196446e-16,-8.31435842635736e-16,0,0.985842985842986,1,1,11,0,0,0,11,161,149,7.459
"A5","r2","CSR",3,0,777,485,0.624195624195624,1038.41924182595,913.983198917009,0.547796231564476,17.056666966942,0.782633369519743,5.89690721649485,1.75381272897674,0.300080711316241,0.52337522360018,6.92863202196446e-16,-4.15717921317868e-16,1.35324844178993e-19,0.988416988416988,1,1,9,0,0,0,9,147,135,7.61399999999998
"A5","r2","CSR",4,0,777,481,0.619047619047619,1022.27336321676,915.191533914345,0.52698230303094,17.0679381589178,0.759952256058713,5.88773388773389,1.5082033957034,0.277710347707794,0.521171691274466,8.31435842635736e-16,-5.54290561757157e-16,0,1,1,1,0,0,0,0,1,135,134,8.01100000000002
"A5","r2","CSR",5,0,777,470,0.604890604890605,1071.73937462179,965.687697266214,0.523581611891147,17.5324531406536,0.77278437090557,5.90212765957447,1.61939844848705,0.274137704310532,0.513167099754164,9.70008483075025e-16,-6.92863202196446e-16,0,0.993564993564994,1,1,5,0,0,0,6,143,134,8.39100000000002
"A5","r2","CSR",6,0,777,491,0.631917631917632,1015.85321090792,918.971813663125,0.556832401872758,17.1031521484556,0.777379490262046,5.90427698574338,1.83775718026518,0.310062323775384,0.542640474814244,8.31435842635736e-16,-1.52429904483218e-15,1.35324844178993e-19,0.988416988416988,1,1,9,0,0,0,10,152,141,8.65199999999999
"A5","r2","CSR",7,0,777,473,0.608751608751609,1044.7338727186,971.066447883777,0.515373959855415,17.5812414380436,0.782009348671591,5.86046511627907,1.56947181710682,0.265610318497051,0.503915694858077,9.70008483075025e-16,-9.70008483075025e-16,0,1,1,1,0,0,0,0,1,147,146,8.43199999999996
"A5","r2","CSR",8,0,777,475,0.611325611325611,1035.98545146823,926.567624324131,0.559123210047149,17.1736901986789,0.767502989596555,5.87789473684211,1.79518543193427,0.312618764013429,0.549559788313164,9.70008483075025e-16,-1.10858112351431e-15,0,0.993564993564994,1,1,5,0,0,0,5,136,128,8.89100000000002
"A5","r2","CSR",9,0,777,479,0.616473616473616,1028.86550362549,909.954462810544,0.582025086797498,17.0190335063322,0.767561994689001,5.87473903966597,1.70394213887021,0.338753201661635,0.571294490750922,9.70008483075025e-16,-1.66287168527147e-15,0,0.996138996138996,1,1,3,0,0,0,4,162,157,9.274
"A5","r2","CSR",10,0,777,474,0.61003861003861,1044.55297389678,931.324410968479,0.545351384279787,17.2177166117422,0.767088620368291,5.87552742616034,1.53415669797772,0.29740813233588,0.537309376307517,9.70008483075025e-16,-1.10858112351431e-15,1.35324844178993e-19,0.994851994851995,1,1,4,0,0,0,6,145,137,8.68099999999998
"A5","r2","CSR",11,0,777,469,0.603603603603604,1049.11693904013,972.467627480078,0.562371826823393,17.593921104194,0.782133898874554,5.84221748400853,1.78701729447998,0.316262071604681,0.531881105616479,8.31435842635736e-16,-8.31435842635736e-16,0,0.98970398970399,1,1,8,0,0,0,8,145,136,8.20299999999997
"A5","r2","CSR",12,0,777,488,0.628056628056628,1041.42040863196,960.132492243004,0.498673623399587,17.4819491551224,0.752479183732264,5.92827868852459,1.81620072710136,0.248675382674473,0.482333197599557,6.92863202196446e-16,-4.15717921317868e-16,0,0.994851994851995,1,1,4,0,0,0,5,171,161,7.86600000000004
"A5","r2","CSR",13,0,777,483,0.621621621621622,1060.55348625019,978.542580403613,0.531072555335352,17.6487896863855,0.773622622892914,5.89233954451346,1.62738932845373,0.28203805903042,0.515403556211296,1.10858112351431e-15,-1.2471537639536e-15,2.64306336287097e-22,0.994851994851995,1,1,4,0,0,0,5,140,133,7.74799999999999
"A5","r2","CSR",14,0,777,468,0.602316602316602,1037.56510948173,951.446513474175,0.537606359600872,17.4027247690808,0.774303903626231,5.89102564102564,1.58767089441608,0.289020597883303,0.516536460521379,8.31435842635736e-16,-1.2471537639536e-15,4.0597453253698e-19,0.996138996138996,1,1,3,0,0,0,5,149,142,7.60000000000002
"A5","r2","CSR",15,0,777,477,0.613899613899614,1036.63438950253,924.319686779513,0.560324468426395,17.1528450787682,0.765814727330998,5.88469601677149,1.74087874143368,0.313963509917322,0.551881782064792,6.92863202196446e-16,-9.70008483075025e-16,0,0.993564993564994,1,1,5,0,0,0,5,143,135,7.56900000000002
"A5","r2","CSR",16,0,777,494,0.635778635778636,1003.7727681131,914.608887581902,0.55360028190752,17.0624883954836,0.775239919382418,5.88259109311741,1.62107562555945,0.306473272128085,0.539186615576678,5.54290561757157e-16,-8.31435842635736e-16,8.11949065073961e-19,0.996138996138996,1,1,3,0,0,0,4,163,159,7.81900000000002
"A5","r2","CSR",17,0,777,457,0.588159588159588,1062.48771962529,966.883493086772,0.529644745670515,17.5433341938594,0.755055616281756,5.87527352297593,1.58309340089831,0.280523556616384,0.516855625815381,8.31435842635736e-16,-9.70008483075025e-16,0,0.987129987129987,1,1,10,0,0,0,12,169,156,8.16199999999998
"A5","r2","CSR",18,0,777,481,0.619047619047619,1015.01729563004,923.769418426733,0.528436782206892,17.1477385809173,0.770248181170994,5.88981288981289,1.78158350658351,0.279245432789175,0.506063145087225,9.70008483075025e-16,-8.31435842635736e-16,0,0.988416988416988,1,1,9,0,0,0,10,136,125,8.45000000000005
"A5","r2","CSR",19,0,777,472,0.607464607464608,1044.73932126716,917.805211253435,0.561859423260138,17.0922862255965,0.774487060989585,5.91737288135593,1.74475062074922,0.315686011506215,0.543715486113061,8.31435842635736e-16,-8.31435842635736e-16,6.60765840717741e-20,0.996138996138996,1,1,3,0,0,0,3,137,134,8.29900000000004
"A5","r2","CSR",20,0,777,491,0.631917631917632,1027.10418964934,927.236605742899,0.570176590644594,17.179888778437,0.763967868813302,5.89409368635438,1.66631198304169,0.325101344519093,0.563802544165886,8.31435842635736e-16,-9.70008483075025e-16,0,1,1,1,0,0,0,0,1,138,136,8.56299999999999
"A5","r2","RSA",1,0,777,480,0.617760617760618,1075.06852504885,954.256885759995,0.520664051763232,17.4284032197183,0.769712319846279,5.87916666666667,1.65133959638135,0.271091054798505,0.499737126580694,9.70008483075025e-16,-9.70008483075025e-16,0,1,1,1,0,0,0,0,1,150,149,7.849
"A5","r2","RSA",2,0,777,451,0.58043758043758,1110.43740206544,1041.54381303348,0.48870237563481,18.2080666898526,0.770219564459687,5.88470066518847,1.58667652131067,0.238830011951107,0.469905032279152,8.31435842635736e-16,-6.92863202196446e-16,0,0.996138996138996,1,1,3,0,0,0,4,140,135,7.66500000000002
"A5","r2","RSA",3,0,778,478,0.61439588688946,1060.70231245726,978.502323315138,0.454260080714734,17.6484193451704,0.764569506857118,5.89958158995816,1.53706481408384,0.206352220930956,0.449402890810989,8.31435842635736e-16,-8.31435842635736e-16,0,1,1,1,0,0,0,0,1,133,132,7.51999999999998
"A5","r2","RSA",4,0,776,473,0.609536082474227,1062.07535474988,962.863104852016,0.503978540880159,17.5068228218605,0.781609111438735,5.90697674418605,1.71166732361056,0.253994369667694,0.486210794019293,8.31435842635736e-16,-5.54290561757157e-16,0,0.996134020618557,1,1,3,0,0,0,3,155,152,8.19999999999999
"A5","r2","RSA",5,0,778,478,0.61439588688946,1052.74482555513,963.128872170913,0.493530970608876,17.5092342501653,0.767530237782557,5.90794979079498,1.53029306246327,0.24357281895014,0.476284748084468,6.92863202196446e-16,0,0,1,1,1,0,0,0,0,1,166,164,8.15899999999999
"A5","r2","RSA",6,0,776,478,0.615979381443299,1056.69480062948,976.099977090794,0.491216361400619,17.6267487145905,0.751700837579917,5.88493723849372,1.64501372770892,0.241293513707663,0.485833547041522,8.31435842635736e-16,-1.10858112351431e-15,0,0.996134020618557,1,1,3,0,0,0,3,132,128,8.47400000000005
"A5","r2","RSA",7,0,777,490,0.630630630630631,1015.43888372742,947.988254079728,0.469518491594795,17.3710663966488,0.755638267227759,5.90408163265306,1.51838821418138,0.220447613949452,0.463838824642038,8.31435842635736e-16,-9.70008483075025e-16,0,0.994851994851995,1,1,4,0,0,0,5,134,128,8.577
"A5","r2","RSA",8,0,777,486,0.625482625482625,1035.21546576937,928.032749377796,0.525390234842335,17.1872612498518,0.770434974596507,5.89917695473251,1.65785499130287,0.276034898867683,0.499940618313138,6.92863202196446e-16,-1.10858112351431e-15,0,1,1,1,0,0,0,0,3,124,120,8.322
"A5","r2","RSA",9,0,776,486,0.626288659793814,1019.64181175412,911.164075134533,0.51720059750001,17.0303269025317,0.75647429391537,5.94444444444444,1.60309278350515,0.267496458054367,0.497696363294985,9.70008483075025e-16,-9.70008483075025e-16,0,0.996134020618557,1,1,3,0,0,0,3,139,136,9.24100000000004
"A5","r2","RSA",10,0,777,483,0.621621621621622,1042.33149134971,944.199296186574,0.509921092429269,17.336319404763,0.764883325612904,5.89648033126294,1.54527804266213,0.260019520504259,0.501013178219436,8.31435842635736e-16,-4.15717921317868e-16,0,1,1,1,0,0,0,0,0,150,150,8.89800000000002
"A5","r2","RSA",11,0,777,474,0.61003861003861,1091.39374900855,1030.9529691452,0.483155485756156,18.1152564691784,0.747331273708066,5.88818565400844,1.44413073924407,0.233439223416267,0.465899156631054,9.70008483075025e-16,-1.10858112351431e-15,0,1,1,1,0,0,0,0,1,135,134,8.29899999999998
"A5","r2","RSA",12,0,777,477,0.613899613899614,1045.58947412839,961.680473358544,0.482005885351967,17.4960681874509,0.749152494261669,5.90775681341719,1.58391029367722,0.232329673513934,0.474044253741346,9.70008483075025e-16,-1.2471537639536e-15,0,0.994851994851995,1,1,4,0,0,0,7,180,173,7.75799999999998
"A5","r2","RSA",13,0,778,469,0.602827763496144,1062.14542250613,1008.25468515037,0.479322691925222,17.9147267373658,0.754444743266331,5.88272921108742,1.38579082608933,0.229750242994441,0.47015042410666,6.92863202196446e-16,-8.31435842635736e-16,0,1,1,1,0,0,0,0,0,132,132,7.44899999999996
"A5","r2","RSA",14,0,777,460,0.592020592020592,1086.51267789979,999.907191666002,0.48400323424489,17.8404119904349,0.773594601932863,5.95869565217391,1.55166714028607,0.234259130759514,0.480604639173829,6.92863202196446e-16,-9.70008483075025e-16,0,0.996138996138996,1,1,3,0,0,0,3,148,144,7.57599999999996
"A5","r2","RSA",15,0,777,470,0.604890604890605,1074.24193458299,996.556495503237,0.45631302215063,17.8104938516107,0.777080250065995,5.90212765957447,1.6492491947557,0.208221574184242,0.447438635475572,6.92863202196446e-16,-6.92863202196446e-16,0,1,1,1,0,0,0,0,0,132,132,7.70399999999995
"A5","r2","RSA",16,0,777,474,0.61003861003861,1068.6446391811,981.180820091517,0.496647759853662,17.672564279294,0.75861534715845,5.90084388185654,1.44257856754177,0.246658997367661,0.483661097514692,8.31435842635736e-16,-9.70008483075025e-16,1.56205044745674e-19,0.997425997425997,1,1,2,0,1,0,3,134,130,8.09399999999999
"A5","r2","RSA",17,0,777,450,0.579150579150579,1100.0429141125,1021.03483649272,0.499064609120134,18.027908364687,0.745418717481118,5.91111111111111,1.6669141301658,0.249065484076232,0.490365569407891,8.31435842635736e-16,-6.92863202196446e-16,6.76624220894967e-20,1,1,1,0,0,0,0,0,157,157,8.18599999999998
"A5","r2","RSA",18,0,776,465,0.599226804123711,1051.11314618121,990.81797699911,0.491163335798141,17.7591429266009,0.757030536069664,5.94408602150538,1.65634964775677,0.241241422432357,0.483255049040042,8.31435842635736e-16,-9.70008483075025e-16,0,0.997422680412371,1,1,2,0,0,0,2,159,157,8.178
"A5","r2","RSA",19,0,777,470,0.604890604890605,1083.09863374802,993.921480441088,0.476706729661662,17.7869293541161,0.770816346176931,5.90851063829787,1.74214489860727,0.227249306104716,0.466802285548513,8.31435842635736e-16,-8.31435842635736e-16,5.41299376715974e-19,1,1,1,0,0,0,0,1,145,144,8.41900000000004
"A5","r2","RSA",20,0,778,479,0.615681233933162,1025.41995711342,937.74809449649,0.509745695338074,17.2769930609538,0.765968658719958,5.89561586638831,1.59577571824145,0.259840673915697,0.499580430537609,8.31435842635736e-16,-8.31435842635736e-16,0,1,1,1,0,0,0,0,1,139,138,8.298
"A5","r2","RSArule",1,0,778,474,0.609254498714653,1069.55664700147,948.984281460008,0.469735168620036,17.3801918036937,0.744281629941394,5.93037974683544,1.46871571172425,0.220651128638494,0.454535473758986,8.31435842635736e-16,-4.15717921317868e-16,0,0.996143958868895,1,1,3,0,0,0,3,145,142,7.839
"A5","r2","RSArule",2,0,778,453,0.582262210796915,1123.21060243312,1039.62969749095,0.398967610980789,18.1913278976999,0.73291516346626,5.93598233995585,1.29899001738655,0.159175154611718,0.38555286456647,8.31435842635736e-16,-6.92863202196446e-16,0,1,1,1,0,0,0,0,2,158,156,7.595
"A5","r2","RSArule",3,0,776,459,0.591494845360825,1073.37433745133,1004.24832628335,0.404990049363114,17.8790987032209,0.745348329016619,5.94989106753813,1.41888099247462,0.164016940083138,0.39027395863594,8.31435842635736e-16,-9.70008483075025e-16,5.41299376715974e-19,0.996134020618557,1,1,3,0,0,0,4,153,145,7.92699999999996
"A5","r2","RSArule",4,0,777,481,0.619047619047619,1069.67577825029,1012.27847612539,0.38995236692111,17.9504386164176,0.74621448665209,5.9043659043659,1.3741683991684,0.152062848467376,0.380241464395069,6.92863202196446e-16,-1.10858112351431e-15,1.35324844178993e-19,1,1,1,0,0,0,0,1,140,139,8.15100000000001
"A5","r2","RSArule",5,0,779,460,0.590500641848524,1101.39329831593,1018.85742833115,0.38999607480931,18.0086753187067,0.749117064088091,5.90869565217391,1.30754949322724,0.152096938366669,0.383483064597082,8.31435842635736e-16,-8.31435842635736e-16,0,1,1,1,0,0,0,0,1,165,164,8.45099999999996
"A5","r2","RSArule",6,0,776,470,0.605670103092783,1093.92181352281,1007.27808246531,0.432922266650576,17.9060484647154,0.734938473148281,5.9531914893617,1.47328403574831,0.187421688961873,0.423006138853023,8.31435842635736e-16,-9.70008483075025e-16,0,0.996134020618557,1,1,3,0,0,0,3,156,152,8.55400000000003
"A5","r2","RSArule",7,0,778,467,0.60025706940874,1087.67029700362,1037.18281099724,0.398928478700998,18.1699076090198,0.741371191536521,5.94004282655246,1.46420858185294,0.159143931118692,0.390632748444991,6.92863202196446e-16,-9.70008483075025e-16,0,1,1,1,0,0,0,0,0,132,132,8.22500000000002
"A5","r2","RSArule",8,0,777,467,0.601029601029601,1090.01416843244,1014.8622058256,0.444325505436055,17.9733322794794,0.734534715387478,5.90364025695931,1.33618843683084,0.197425154781006,0.428906032439339,8.31435842635736e-16,-8.31435842635736e-16,0,0.994851994851995,1,1,4,0,0,0,6,129,123,8.34000000000003
"A5","r2","RSArule",9,0,777,460,0.592020592020592,1070.5219015908,995.912537371365,0.412723015825969,17.80464997898,0.736351152805605,5.90869565217391,1.48619873070001,0.170340287792483,0.406669752648696,6.92863202196446e-16,-9.70008483075025e-16,0,0.996138996138996,1,1,3,0,0,0,6,147,141,8.67900000000003
"A5","r2","RSArule",10,0,776,472,0.608247422680412,1052.97901522876,963.314364273058,0.417500615646999,17.5109213290055,0.743870360674576,5.88135593220339,1.54428011083522,0.174306764065623,0.409567668687442,9.70008483075025e-16,-8.31435842635736e-16,0,0.997422680412371,1,1,2,0,0,0,3,151,148,8.69900000000001
"A5","r2","RSArule",11,0,777,470,0.604890604890605,1022.29141242028,958.207338096546,0.3798672492232,17.4644456921222,0.734202114097477,5.93191489361702,1.44524792451118,0.144299127032401,0.37703643163489,8.31435842635736e-16,-5.54290561757157e-16,1.08259875343195e-18,1,1,1,0,0,0,0,2,158,156,7.65100000000001
"A5","r2","RSArule",12,0,776,462,0.595360824742268,1077.13786081659,994.800283480718,0.409859492467763,17.7947944606263,0.732721803666575,5.90692640692641,1.3904508362209,0.167984803565933,0.402614081560997,8.31435842635736e-16,-6.92863202196446e-16,0,0.997422680412371,1,1,2,0,0,0,3,134,131,7.55400000000003
"A5","r2","RSArule",13,0,776,466,0.600515463917526,1080.8850658214,1005.89047337096,0.405279589114057,17.8937084594097,0.733111921820033,5.92918454935622,1.41217868844894,0.164251545352459,0.39154093057043,8.31435842635736e-16,-5.54290561757157e-16,0,0.996134020618557,1,1,3,0,0,0,3,135,132,8.03300000000002
"A5","r2","RSArule",14,0,780,471,0.603846153846154,1078.94626377204,1011.22882966233,0.41717156282989,17.9411296655363,0.73676270765549,5.93630573248408,1.2980620680309,0.174032112833933,0.405482189352516,8.31435842635736e-16,-8.31435842635736e-16,0,1,1,1,0,0,0,0,1,139,138,8.03300000000002
"A5","r2","RSArule",15,0,779,487,0.625160462130937,1039.08870688254,956.328393832483,0.440419467803388,17.447314469429,0.734907108901585,5.88911704312115,1.40331753154021,0.193969307620219,0.432745113407928,9.70008483075025e-16,-9.70008483075025e-16,0,1,1,1,0,0,0,0,0,128,128,7.714
"A5","r2","RSArule",16,0,779,483,0.62002567394095,1050.34884425394,976.012874556,0.408718720278608,17.6259623003635,0.744850497715071,5.91304347826087,1.44470503337543,0.167050992306183,0.395459464065305,8.31435842635736e-16,-8.31435842635736e-16,0,1,1,1,0,0,0,0,0,148,148,8.25599999999997
"A5","r2","RSArule",17,0,777,467,0.601029601029601,1091.61510951844,1001.14688357776,0.416906202801367,17.8514691430396,0.733077023467722,5.95717344753747,1.38442804495869,0.173810781934254,0.409237429717818,8.31435842635736e-16,-1.10858112351431e-15,0,0.997425997425997,1,1,2,0,0,0,2,125,123,7.77999999999997
"A5","r2","RSArule",18,0,777,463,0.595881595881596,1102.67236545426,1022.80201331873,0.401183487358697,18.0435027765685,0.731429570479559,5.92872570194384,1.26114274494404,0.160948190529286,0.396402886890048,8.31435842635736e-16,-4.15717921317868e-16,0,0.994851994851995,1,1,4,0,0,0,5,155,148,8.13099999999997
"A5","r2","RSArule",19,0,776,484,0.623711340206186,1046.88834235751,961.767340610866,0.430442020997627,17.4968583461861,0.745850847634588,5.92148760330578,1.31473401433876,0.185280333440522,0.418906222178472,5.54290561757157e-16,-4.15717921317868e-16,7.78117854029212e-19,0.996134020618557,1,1,3,0,0,0,5,146,141,8.32999999999998
"A5","r2","RSArule",20,0,779,479,0.614890885750963,1068.98511384958,1012.17807489349,0.414042329567232,17.94954840148,0.733142087339195,5.92693110647182,1.30218114796342,0.17143105067346,0.403542127319877,8.31435842635736e-16,-8.31435842635736e-16,0,1,1,1,0,0,0,0,0,137,137,8.61599999999999
"A5","r3","CSR",1,0,645,390,0.604651162790698,1154.99748213647,1046.43216980317,0.515295169683474,18.2507309545155,0.787830220381275,5.90512820512821,1.8598708061433,0.26552911189912,0.503583042594498,2.53548570790765e-15,-1.0440235267855e-15,0,0.982945736434109,1,1,11,0,0,0,12,180,161,11.675
"A5","r3","CSR",2,0,645,395,0.612403100775194,1178.66587506529,1072.1636201657,0.533493215786632,18.4737727577597,0.74891667275991,5.90379746835443,1.59985863907987,0.284615011290362,0.504653291304229,2.38633948979544e-15,-4.47438654336644e-16,0,0.993798449612403,1,1,4,0,0,0,6,212,196,11.378
"A5","r3","CSR",3,0,645,387,0.6,1169.12568775396,1034.7938323684,0.557496931502818,18.1489698607076,0.787217162725204,5.89147286821705,1.80684419809616,0.310802828635058,0.543632837004584,2.68463192601987e-15,7.45731090561074e-16,2.33040965800336e-18,0.982945736434109,1,1,11,0,0,0,15,207,186,11.446
"A5","r3","CSR",4,0,645,380,0.589147286821705,1211.31218180268,1121.47579050185,0.519744513511113,18.8938294898762,0.775607053132951,5.90526315789474,1.67965560338842,0.270134359324904,0.509725551143736,2.53548570790765e-15,-5.96584872448859e-16,0,0.998449612403101,1,1,1,0,0,0,2,209,207,11.926
"A5","r3","CSR",5,0,645,362,0.561240310077519,1250.66597538147,1083.48441213835,0.561892033046065,18.5710473196659,0.763976986227378,5.95027624309392,1.88117720879693,0.31572265680064,0.542617132375972,2.53548570790765e-15,-1.19316974489772e-15,3.64126509063024e-20,0.995348837209302,1,1,3,0,0,0,4,199,194,11.748
"A5","r3","CSR",6,0,645,385,0.596899224806202,1166.5504883739,1036.8392641378,0.596995593846772,18.1668981435629,0.768853839740261,5.88051948051948,1.90756222943723,0.35640373907246,0.57529259571262,2.53548570790765e-15,-5.96584872448859e-16,0,0.993798449612403,1,1,4,0,0,0,6,192,185,11.963
"A5","r3","CSR",7,0,645,369,0.572093023255814,1190.52077909369,1077.60456595194,0.512825235135703,18.5205881855651,0.773030438721787,5.86720867208672,1.83829680688111,0.262989721791989,0.5017670822377,2.53548570790765e-15,4.47438654336644e-16,0,0.989147286821705,1,1,7,0,0,0,9,183,169,12.103
"A5","r3","CSR",8,0,645,372,0.576744186046512,1228.84448897497,1120.45405844977,0.497277859541745,18.8851748803045,0.757395092285523,5.9005376344086,1.7447975538359,0.24728526959042,0.48381256142505,2.38633948979544e-15,-4.47438654336644e-16,0,0.989147286821705,1,1,7,0,0,0,9,215,205,11.926
"A5","r3","CSR",9,0,645,397,0.615503875968992,1132.17331006052,1048.31929397532,0.514339892395425,18.267194506808,0.77653657411776,5.87405541561713,1.58005750197186,0.264545524909337,0.49907934433454,2.53548570790765e-15,-1.19316974489772e-15,9.10316272657561e-21,0.989147286821705,1,1,7,0,1,0,10,205,193,11.934
"A5","r3","CSR",10,0,645,390,0.604651162790698,1161.25928213263,1055.32830668712,0.542645818095353,18.3281563046858,0.771973110684378,5.91282051282051,1.87412827104344,0.294464483896375,0.523333394489972,2.23719327168322e-15,2.98292436224429e-16,9.10316272657561e-21,0.984496124031008,1,1,10,0,0,0,12,190,174,12.078
"A5","r3","CSR",11,0,645,393,0.609302325581395,1148.98143069562,1058.60717761542,0.584536434475214,18.3566099871438,0.767717032341204,5.86259541984733,1.5984187568157,0.341682843228997,0.573345635346996,2.53548570790765e-15,4.47438654336644e-16,0,0.993798449612403,1,1,4,0,0,0,5,189,181,12.143
"A5","r3","CSR",12,0,645,386,0.598449612403101,1189.61101862194,1073.22262110778,0.576232873592611,18.4828723727527,0.766440608346389,5.90414507772021,1.6193593970796,0.332044324608798,0.563224122159057,2.53548570790765e-15,5.96584872448859e-16,0,0.987596899224806,1,1,8,0,0,0,10,180,168,12.592
"A5","r3","CSR",13,0,645,385,0.596899224806202,1158.42094772623,1085.91459055875,0.512117023913986,18.5918624598525,0.792554880487114,5.8987012987013,1.75794101731602,0.262263846182518,0.506727379108388,2.53548570790765e-15,-1.49146218112215e-16,0,0.986046511627907,1,1,9,0,0,0,9,210,195,12.551
"A5","r3","CSR",14,0,645,375,0.581395348837209,1210.19661583757,1046.5728165704,0.537737307001156,18.2519717873323,0.778845668488245,5.92266666666667,1.82020677361854,0.289161411340855,0.529917672569567,2.68463192601987e-15,5.96584872448859e-16,0,0.989147286821705,1,1,7,0,0,0,7,208,200,12.563
"A5","r3","CSR",15,0,645,387,0.6,1172.67220143075,1028.51942344821,0.555522543623595,18.0938636176914,0.785197908872413,5.89405684754522,1.58201121955791,0.308605296474029,0.544196907068341,2.53548570790765e-15,0,0,0.993798449612403,1,1,4,0,0,0,6,182,175,13.017
"A5","r3","CSR",16,0,645,398,0.617054263565891,1145.60547057824,1029.16858941799,0.575353942730733,18.0995581438904,0.777849289549299,5.87185929648241,1.70897940584535,0.331032159415799,0.560716076240095,2.53548570790765e-15,1.49146218112215e-16,0,0.995348837209302,1,1,3,0,0,0,4,195,190,11.526
"A5","r3","CSR",17,0,645,385,0.596899224806202,1163.4215682434,1068.16756730129,0.51407481689235,18.439313891056,0.771896975118397,5.87272727272727,1.7936553030303,0.264272917362904,0.50579829079431,2.68463192601987e-15,-1.49146218112215e-16,0,0.993798449612403,1,1,4,0,1,0,7,212,203,11.766
"A5","r3","CSR",18,0,645,378,0.586046511627907,1216.85128139623,1069.40839713534,0.576413418065494,18.450004934192,0.763387862246735,5.92857142857143,1.39276241000379,0.332252428525946,0.552255093805263,2.53548570790765e-15,4.47438654336644e-16,2.33040965800336e-18,0.996899224806202,1,1,2,0,0,0,4,193,189,12.274
"A5","r3","CSR",19,0,645,404,0.626356589147287,1160.81369792425,1044.77583378434,0.551565113095497,18.2362403830899,0.780189326090954,5.86386138613861,1.50747487900155,0.304224073984048,0.522423343818486,2.53548570790765e-15,2.98292436224429e-16,0,0.992248062015504,1,1,5,0,0,0,7,167,158,11.393
"A5","r3","CSR",20,0,645,375,0.581395348837209,1192.28304024401,1094.290739073,0.525658130883344,18.663428425836,0.777604040654119,5.896,1.59075935828877,0.27631647056377,0.52738993029296,2.53548570790765e-15,-4.47438654336644e-16,0,0.982945736434109,1,1,11,0,0,0,13,221,202,12.572
"A5","r3","RSA",1,0,645,390,0.604651162790698,1148.33538711051,1068.94727046824,0.523647756385469,18.4460372858919,0.779880962561302,5.90769230769231,1.7343879770615,0.274206972767536,0.519172040386641,2.53548570790765e-15,-1.49146218112215e-16,0,0.990697674418605,1,1,6,0,0,0,7,180,173,11.238
"A5","r3","RSA",2,0,645,377,0.584496124031008,1183.70472698805,1100.95674469498,0.492260959476287,18.7201873948189,0.752318653857671,5.89124668435013,1.63973700547435,0.242320852224514,0.483414324501867,2.38633948979544e-15,-5.96584872448859e-16,9.32163863201342e-18,0.987596899224806,1,1,8,0,0,0,9,187,178,10.954
"A5","r3","RSA",3,0,642,374,0.582554517133956,1247.58964282663,1117.47152986356,0.496919204651984,18.8600651992419,0.749200066429615,5.94385026737968,1.56520336625998,0.24692869595196,0.489198924608285,2.53548570790765e-15,-1.49146218112215e-16,0,0.990654205607477,1,1,6,0,0,0,7,190,183,11.286
"A5","r3","RSA",4,0,646,361,0.558823529411765,1240.80579437262,1141.49971469884,0.53660250949226,19.0617586876085,0.772211571999669,5.90027700831025,1.83447214527547,0.287942253193391,0.521700279578711,2.38633948979544e-15,-4.47438654336644e-16,0,0.995356037151703,1,1,3,0,0,0,5,197,189,11.053
"A5","r3","RSA",5,0,645,374,0.57984496124031,1194.6488654341,1134.05962633477,0.484724377200708,18.9995364770713,0.756048877055368,5.90106951871658,1.5478272712936,0.234957721852614,0.476843763227499,2.38633948979544e-15,2.98292436224429e-16,0,0.982945736434109,1,1,11,0,0,0,16,187,168,11.089
"A5","r3","RSA",6,0,647,373,0.576506955177743,1202.76182629742,1073.53192387293,0.514361495004045,18.4855571866974,0.770689749947877,5.89812332439678,1.81755023206204,0.264567747542796,0.501899961278136,2.68463192601987e-15,4.47438654336644e-16,0,1,1,1,0,0,0,0,2,199,197,12.723
"A5","r3","RSA",7,0,645,362,0.561240310077519,1203.74609430431,1092.04184010223,0.482074229870986,18.6442399286052,0.758295406551179,5.94198895027624,1.47307968962826,0.232395563105704,0.468873938213098,2.53548570790765e-15,-8.94877308673289e-16,0,0.996899224806202,1,1,2,0,0,0,5,172,167,11.306
"A5","r3","RSA",8,0,645,376,0.582945736434109,1187.56914233464,1054.61623065597,0.534254139166489,18.3219687376373,0.765106939867352,5.88031914893617,1.57763829787234,0.285427485216526,0.51165055341262,2.68463192601987e-15,1.49146218112215e-15,0,0.992248062015504,1,1,5,0,0,0,6,211,205,11.558
"A5","r3","RSA",9,0,645,392,0.607751937984496,1177.58471255704,1111.34313330856,0.473028094588419,18.8082690394873,0.767933957901946,5.94642857142857,1.67231457800512,0.22375557826995,0.466938494664641,2.53548570790765e-15,-1.49146218112215e-16,0,0.995348837209302,1,1,3,0,0,0,5,199,191,12.039
"A5","r3","RSA",10,0,647,397,0.613601236476043,1139.3617182147,1019.97078718194,0.538971145661763,18.0185122909377,0.758455577197769,5.90680100755668,1.51401928605959,0.290489895855954,0.514907824694416,2.38633948979544e-15,-2.98292436224429e-16,2.84473835205488e-22,0.993817619783617,1,1,4,0,0,0,6,192,186,12.047
"A5","r3","RSA",11,0,642,388,0.604361370716511,1149.76275665983,1050.37570247124,0.491012488764927,18.2850640025176,0.76676202375319,5.88659793814433,1.60467780175284,0.241093264123128,0.482502797673742,2.68463192601987e-15,1.34231596300993e-15,0,0.990654205607477,1,1,6,0,0,0,9,191,178,11.606
"A5","r3","RSA",12,0,645,387,0.6,1196.13409565205,1055.24702926517,0.546733970369308,18.3274537724469,0.771078891728279,5.89922480620155,1.60380768767321,0.298918034355788,0.511763622913844,2.68463192601987e-15,-2.98292436224429e-16,0,0.993798449612403,1,1,4,0,0,0,6,174,166,12.202
"A5","r3","RSA",13,0,646,369,0.571207430340557,1236.78993196703,1169.79663682472,0.470343762765119,19.2965757150293,0.75115120606372,5.90785907859079,1.42626958878284,0.22122325517205,0.465638687788785,2.53548570790765e-15,-8.94877308673289e-16,0,0.993808049535604,1,1,4,0,0,0,7,178,171,12.056
"A5","r3","RSA",14,0,646,379,0.586687306501548,1203.94492580565,1090.21436557702,0.502694126794509,18.6286341588092,0.763591415360711,5.92084432717678,1.65509346511985,0.252701385113694,0.492235999997332,2.68463192601987e-15,0,0,0.996904024767802,1,1,2,0,0,0,3,194,190,12.992
"A5","r3","RSA",15,0,646,391,0.605263157894737,1149.38582002132,1091.35399020892,0.448814462657695,18.6383680725976,0.76433985673083,5.88746803069054,1.63858613679586,0.201434421890716,0.443200510217332,2.53548570790765e-15,-5.96584872448859e-16,0,0.993808049535604,1,1,4,0,0,0,4,203,199,12.182
"A5","r3","RSA",16,0,643,383,0.595645412130638,1182.2372595062,1114.58480942873,0.477533955057007,18.8356938770899,0.76035609604002,5.87467362924282,1.42927836178967,0.228038678232388,0.472222004870847,2.53548570790765e-15,1.0440235267855e-15,0,0.995334370139969,1,1,3,0,0,0,5,186,181,11.181
"A5","r3","RSA",17,0,645,368,0.570542635658915,1201.96049325578,1076.26437319655,0.461432672481242,18.5090506094048,0.770286051433056,5.89945652173913,1.43672994905817,0.212920111233181,0.45374431451396,2.38633948979544e-15,1.19316974489772e-15,1.82063254531512e-20,0.995348837209302,1,1,3,0,0,0,3,189,186,11.559
"A5","r3","RSA",18,0,645,396,0.613953488372093,1160.37690633632,1074.12847477952,0.514203536679675,18.4906775673971,0.74837028358643,5.92676767676768,1.39462344968674,0.264405277133886,0.496812691365182,2.53548570790765e-15,-4.47438654336644e-16,0,0.996899224806202,1,1,2,0,0,0,2,198,194,11.803
"A5","r3","RSA",19,0,646,395,0.611455108359133,1168.66001080695,1081.74096200688,0.488434207983144,18.5560998730001,0.750237563168852,5.92405063291139,1.44091756088158,0.238567975528121,0.473958316007053,2.53548570790765e-15,7.45731090561074e-16,0,0.995356037151703,1,1,3,0,0,0,8,185,174,11.659
"A5","r3","RSA",20,0,645,372,0.576744186046512,1184.44529486934,1105.84707908367,0.485518182525184,18.7617155037028,0.764321767569718,5.92204301075269,1.53838072051706,0.235727905562558,0.471944344967535,2.53548570790765e-15,-5.96584872448859e-16,0,0.990697674418605,1,1,6,0,0,0,7,173,165,12.059
"A5","r3","RSArule",1,0,645,384,0.595348837209302,1217.70112726545,1081.09442860858,0.447401350827236,18.5505537524843,0.748890641096188,5.93229166666667,1.33744016536118,0.200167968722035,0.438219367223029,2.68463192601987e-15,1.0440235267855e-15,2.33040965800336e-18,0.992248062015504,1,1,5,0,0,0,9,202,193,11.463
"A5","r3","RSArule",2,0,646,369,0.571207430340557,1231.34903409795,1177.08980199556,0.40298999708957,19.3566350614281,0.748700990874071,5.94037940379404,1.50730529044421,0.162400937754252,0.393560241511537,2.68463192601987e-15,1.19316974489772e-15,0,0.995356037151703,1,1,3,0,0,0,6,175,169,10.985
"A5","r3","RSArule",3,0,642,365,0.568535825545171,1206.5730679118,1125.58894060484,0.410715131456775,18.9284465177061,0.736083706308632,5.92328767123288,1.15343971097396,0.168686919207556,0.400811941386132,2.53548570790765e-15,-1.49146218112215e-16,0,0.989096573208723,1,1,7,0,1,0,9,199,188,10.855
"A5","r3","RSArule",4,0,646,382,0.591331269349845,1175.67919584384,1076.28616276087,0.42586902496304,18.5092482349877,0.759412982839331,5.91361256544503,1.40721578650836,0.18136442642297,0.409837484895572,2.53548570790765e-15,-4.47438654336644e-16,0,0.995356037151703,1,1,3,0,0,0,7,191,183,11.075
"A5","r3","RSArule",5,0,644,368,0.571428571428571,1234.3988478828,1142.96356777498,0.452061675099605,19.0739759418663,0.74256384943493,5.93478260869565,1.53251984362042,0.20435975809386,0.445868931518618,2.53548570790765e-15,-8.94877308673289e-16,0,0.989130434782609,1,1,7,0,0,0,8,176,163,11.415
"A5","r3","RSArule",6,0,645,377,0.584496124031008,1210.02425219366,1141.13384955656,0.381245896814902,19.0587036750357,0.741959493253712,5.95755968169761,1.36521530560415,0.145348433838199,0.373140416053847,2.38633948979544e-15,5.96584872448859e-16,0,0.992248062015504,1,1,5,0,0,0,5,197,191,11.523
"A5","r3","RSArule",7,0,647,393,0.60741885625966,1188.88474032354,1100.61801930901,0.448787218220828,18.71730740406,0.739854219353948,5.91603053435114,1.36282910110609,0.201409967238389,0.433354740307946,2.53548570790765e-15,8.94877308673289e-16,0,1,1,1,0,0,0,0,1,199,198,11.742
"A5","r3","RSArule",8,0,646,359,0.555727554179567,1259.97181865267,1163.39937453417,0.438314382635277,19.2437398260906,0.745098871893791,5.91922005571031,1.30351223914972,0.192119498024944,0.432123478138897,2.68463192601987e-15,-5.96584872448859e-16,0,1,1,1,0,0,0,0,4,198,193,11.65
"A5","r3","RSArule",9,0,644,369,0.572981366459627,1245.15220383209,1178.11912800706,0.404706345994763,19.3650965798488,0.72015281834996,5.96747967479675,1.35220042417815,0.163787226488433,0.401624989688984,2.53548570790765e-15,1.49146218112215e-16,0,0.992236024844721,1,1,5,0,0,0,6,181,173,11.892
"A5","r3","RSArule",10,0,644,381,0.591614906832298,1235.99179735324,1096.61543151053,0.418721272552771,18.6832420417738,0.730928275914767,5.92650918635171,1.34721646636276,0.175327504088212,0.416506151566085,2.38633948979544e-15,-8.94877308673289e-16,1.16520482900168e-18,0.992236024844721,1,1,5,0,0,0,8,186,176,12.124
"A5","r3","RSArule",11,0,646,387,0.599071207430341,1205.62539340908,1111.83561668535,0.461790352201422,18.8124498298919,0.744670884079872,5.91214470284238,1.47412673548353,0.213250329386313,0.447070303939338,2.53548570790765e-15,7.45731090561074e-16,0,1,1,1,0,0,0,0,0,185,185,11.793
"A5","r3","RSArule",12,0,645,382,0.592248062015504,1201.14177364101,1131.76165699171,0.376190436194915,18.9802755545462,0.734656902660161,5.94502617801047,1.21219304393234,0.14151924428452,0.371408539651451,2.53548570790765e-15,4.47438654336644e-16,0,0.993798449612403,1,1,4,0,0,0,10,202,189,12.026
"A5","r3","RSArule",13,0,644,360,0.559006211180124,1228.25951762073,1143.52319050409,0.405300047126031,19.0786437554938,0.721367463115748,5.91944444444444,1.26090219746209,0.164268128200363,0.388073957553328,2.68463192601987e-15,4.47438654336644e-16,0,0.989130434782609,1,1,7,0,0,0,9,220,210,12.262
"A5","r3","RSArule",14,0,645,363,0.562790697674419,1235.95567310044,1146.78721849661,0.387852405205915,19.1058553589386,0.737311711805642,5.93112947658402,1.30739844451547,0.150429488224014,0.385719789985331,2.53548570790765e-15,4.47438654336644e-16,0,0.996899224806202,1,1,2,0,0,0,4,183,176,12.142
"A5","r3","RSArule",15,0,643,373,0.580093312597201,1214.73924999771,1139.78671351046,0.401406090334634,19.0474507231627,0.729857993999162,5.93297587131367,1.21861396984635,0.161126849357736,0.394670527104393,2.68463192601987e-15,0,0,0.993779160186625,1,1,4,0,0,0,6,191,183,11.797
"A5","r3","RSArule",16,0,645,391,0.606201550387597,1192.18596377914,1123.25187792564,0.384225452602675,18.9087857203534,0.731753518374747,5.92583120204604,1.26884385861368,0.14762919842773,0.379846505253545,2.68463192601987e-15,8.94877308673289e-16,3.64126509063024e-20,0.989147286821705,1,1,7,0,0,0,7,198,187,11.613
"A5","r3","RSArule",17,0,646,390,0.603715170278638,1184.72350521733,1113.71099177393,0.405098959038029,18.8282976767915,0.73456385854158,5.92564102564103,1.32350537209149,0.164105166613694,0.396672750529973,2.53548570790765e-15,-2.98292436224429e-16,0,0.992260061919505,1,1,5,0,0,0,7,190,182,11.301
"A5","r3","RSArule",18,0,645,386,0.598449612403101,1196.20226402536,1113.24714913151,0.419000116121418,18.824386737373,0.740034196460164,5.88341968911917,1.49546463898796,0.175561097309762,0.418532610036366,2.53548570790765e-15,1.49146218112215e-16,0,0.995348837209302,1,1,3,0,1,0,3,179,176,11.616
"A5","r3","RSArule",19,0,648,376,0.580246913580247,1196.74428696915,1114.72074912347,0.402246688770845,18.8368137259892,0.729063211946486,5.90691489361702,1.53531205673759,0.161802398627109,0.396143948779053,2.68463192601987e-15,2.98292436224429e-16,0,0.993827160493827,1,1,4,0,0,0,5,160,155,11.659
"A5","r3","RSArule",20,0,642,381,0.593457943925234,1212.56970045295,1124.10301337725,0.430571502585302,18.9159483570602,0.755525704726447,5.93175853018373,1.41112032048626,0.185391818838564,0.422456354404841,2.53548570790765e-15,-2.98292436224429e-16,0,0.982866043613707,1,1,11,0,0,0,12,185,169,11.93
"A5","r4","CSR",1,0,524,296,0.564885496183206,1341.53309662563,1191.37388231103,0.606925538284608,19.4737278885953,0.777795707554161,5.82432432432432,1.65716903344022,0.368358609022062,0.608276091135684,1.08911423274438e-15,9.33526485209467e-16,0,0.994274809160305,1,1,3,0,0,0,5,167,162,7.719
"A5","r4","CSR",2,0,524,295,0.562977099236641,1377.85761407956,1244.15513791034,0.528495158880454,19.900424124707,0.773734747126989,5.88135593220339,1.83961720281333,0.279307132960076,0.521863914016736,1.24470198027929e-15,-7.77938737674556e-16,0,0.99236641221374,1,1,4,0,0,0,9,155,145,7.65000000000001
"A5","r4","CSR",3,0,524,301,0.574427480916031,1355.72760439832,1234.84262935878,0.548055250202605,19.8258068387162,0.778990968269249,5.86046511627907,1.68713178294574,0.30036455727464,0.543881585613084,1.24470198027929e-15,9.33526485209467e-16,0,0.994274809160305,1,1,3,0,0,0,4,142,136,7.66499999999999
"A5","r4","CSR",4,0,524,284,0.541984732824427,1454.65815573055,1337.37327160275,0.560329151880387,20.6324775446253,0.781026709946862,5.90492957746479,1.52096501269099,0.313968758446993,0.566486339046673,1.08911423274438e-15,9.33526485209467e-16,0,0.988549618320611,1,1,6,0,0,0,9,172,161,7.87299999999999
"A5","r4","CSR",5,0,524,288,0.549618320610687,1451.68456615494,1295.34778566709,0.518274777636131,20.3057129305837,0.784520510140669,5.89930555555556,1.85393679829655,0.268608745133781,0.503209083331124,1.24470198027929e-15,9.33526485209467e-16,3.03882319404123e-19,1,1,1,0,0,0,0,1,159,158,7.87899999999999
"A5","r4","CSR",6,0,524,314,0.599236641221374,1308.4499097177,1163.37219709221,0.560974258136433,19.2434250617695,0.783412107212099,5.88535031847134,1.90374636250789,0.314692118291722,0.541272717665774,1.24470198027929e-15,4.66763242604734e-16,2.63929175497733e-19,0.979007633587786,1,1,11,0,0,0,14,177,150,8.16
"A5","r4","CSR",7,0,524,317,0.604961832061069,1339.40083251316,1194.42660521399,0.585524788769368,19.4986614094547,0.781843652746741,5.85173501577287,1.63934033462445,0.342839278263413,0.540126601425971,1.4002897278142e-15,1.24470198027929e-15,0,1,1,1,0,0,0,0,7,134,124,7.822
"A5","r4","CSR",8,0,524,297,0.566793893129771,1382.88111824995,1256.21894464605,0.565037794486575,19.9966724554913,0.767112536227,5.90572390572391,1.86946036946037,0.319267709198253,0.552544651224038,1.24470198027929e-15,-4.66763242604734e-16,0,0.990458015267176,1,1,5,0,0,0,5,173,165,8.08200000000002
"A5","r4","CSR",9,0,524,283,0.540076335877863,1420.34765685831,1301.07055018339,0.509405833767209,20.3505188814919,0.775833838623988,5.91872791519435,1.81252036187755,0.259494303476066,0.490494924086725,1.4002897278142e-15,6.22350990139645e-16,0,0.982824427480916,1,1,9,0,0,0,13,172,156,8.44199999999998
"A5","r4","CSR",10,0,524,307,0.58587786259542,1384.7340569559,1258.89045752414,0.541008088233255,20.0179239246324,0.784656406506409,5.93485342019544,1.89770283792127,0.292689751533802,0.527050941500157,1.24470198027929e-15,9.33526485209467e-16,0,0.99236641221374,1,1,4,0,0,0,4,160,156,8.44800000000001
"A5","r4","CSR",11,0,524,312,0.595419847328244,1381.21559544996,1307.29727468207,0.489284345344228,20.3991579632405,0.781859136187707,5.87179487179487,1.79058454942699,0.23939917059893,0.483765327374211,1.24470198027929e-15,3.11175495069822e-16,0,0.99236641221374,1,1,4,0,0,0,6,176,167,8.50899999999999
"A5","r4","CSR",12,0,524,318,0.606870229007634,1319.08246229701,1164.60072532072,0.590888269724682,19.253665743282,0.787508329334799,5.92138364779874,1.76982520881694,0.349148947298228,0.583482504455163,1.4002897278142e-15,0,0,1,1,1,0,0,0,0,1,144,143,8.81200000000001
"A5","r4","CSR",13,0,524,314,0.599236641221374,1280.71900242359,1189.15398757742,0.498568556435556,19.4555712111741,0.778135068925532,5.8375796178344,1.88727335626056,0.248570605466235,0.494759639237176,1.24470198027929e-15,9.33526485209467e-16,0,0.986641221374046,1,1,7,0,0,0,9,159,147,8.946
"A5","r4","CSR",14,0,524,320,0.610687022900763,1317.52797245917,1191.59863018363,0.531032977377485,19.4754123233815,0.761545911348291,5.903125,1.70531935736677,0.281996023062397,0.524588631878316,1.24470198027929e-15,9.33526485209467e-16,0,0.986641221374046,1,1,7,0,0,0,7,142,132,8.47399999999999
"A5","r4","CSR",15,0,524,300,0.572519083969466,1356.24696663309,1284.79247055343,0.543611158391015,20.222737556891,0.776151594467084,5.86,1.77966555183946,0.295513091527221,0.537689427656842,1.24470198027929e-15,4.66763242604734e-16,0,1,1,1,0,0,0,0,1,159,158,8.48400000000001
"A5","r4","CSR",16,0,524,299,0.570610687022901,1439.45054765093,1245.26706238164,0.633078648666862,19.9093148273647,0.78394021245554,5.89966555183946,1.9496307602523,0.40078857539786,0.60494746799874,1.08911423274438e-15,9.33526485209467e-16,0,0.99618320610687,1,1,2,0,0,0,4,164,158,8.453
"A5","r4","CSR",17,0,524,292,0.557251908396947,1397.41868509089,1301.75976339492,0.501481713800458,20.3558951088979,0.785058475955725,5.90753424657534,1.47939321188156,0.251483909276244,0.484226577919866,9.33526485209467e-16,1.24470198027929e-15,0,0.99236641221374,1,1,4,0,0,0,9,173,161,8.61799999999999
"A5","r4","CSR",18,0,524,295,0.562977099236641,1435.42953512279,1318.63403008335,0.508136459920961,20.4874168218911,0.769921463676402,5.94237288135593,1.66673584688113,0.258202661901007,0.501625772260039,1.08911423274438e-15,6.22350990139645e-16,3.03882319404123e-19,0.994274809160305,1,1,3,0,0,0,5,161,155,8.196
"A5","r4","CSR",19,0,524,310,0.591603053435115,1354.67314840165,1160.71621130451,0.60851634823742,19.2215332911394,0.778906022999597,5.86774193548387,1.55850297525838,0.370292146072205,0.596791921151982,1.24470198027929e-15,-1.24470198027929e-15,0,0.994274809160305,1,1,3,0,0,0,4,176,167,8.411
"A5","r4","CSR",20,0,524,301,0.574427480916031,1361.07379721902,1219.87604774274,0.600940264259279,19.7052938550869,0.779117094541207,5.8671096345515,1.74894795127353,0.361129201208013,0.582323997628944,1.24470198027929e-15,9.33526485209467e-16,0,0.994274809160305,1,1,3,0,0,0,4,161,156,8.214
"A5","r4","RSA",1,0,525,304,0.579047619047619,1423.64810433448,1302.25670509875,0.548558921337939,20.3597331776459,0.774537519205166,5.875,1.6476897689769,0.300916890179443,0.543356761525606,1.08911423274438e-15,1.55587747534911e-16,0,1,1,1,0,0,0,0,1,156,154,7.527
"A5","r4","RSA",2,0,524,298,0.568702290076336,1386.45577970784,1248.71599298748,0.53190837056213,19.9368593473435,0.776144770035945,5.86241610738255,1.84295979933564,0.282926514674061,0.529505074972916,1.24470198027929e-15,1.08911423274438e-15,0,0.994274809160305,1,1,3,0,0,0,5,161,155,7.76299999999998
"A5","r4","RSA",3,0,525,315,0.6,1355.13599984468,1243.33752007697,0.441188858163922,19.8938840979769,0.76797669916897,5.8952380952381,1.59727024567789,0.194647608567985,0.426106068507278,1.24470198027929e-15,9.33526485209467e-16,0,1,1,1,0,0,0,0,1,164,163,7.76900000000001
"A5","r4","RSA",4,0,524,299,0.570610687022901,1388.7386995699,1267.42990303432,0.46311730850312,20.0857030790756,0.754680029944769,5.87290969899666,1.601243518664,0.214477641435174,0.447576627065221,1.08911423274438e-15,7.77938737674556e-16,1.21552927761649e-18,0.99618320610687,1,1,2,0,0,0,3,160,156,7.69900000000001
"A5","r4","RSA",5,0,524,308,0.587786259541985,1365.32371329136,1254.34132269434,0.477133496110073,19.9816665852838,0.764522678914462,5.87337662337662,1.45948432674817,0.227656373110221,0.466572678479105,1.08911423274438e-15,-3.11175495069822e-16,0,0.99618320610687,1,1,2,0,0,0,7,197,186,8.55499999999998
"A5","r4","RSA",6,0,525,302,0.575238095238095,1397.47355510684,1278.57174413509,0.493987651923253,20.1737886867835,0.754189278905439,5.81456953642384,1.68643154166025,0.244023800252649,0.485113083197908,1.24470198027929e-15,7.77938737674556e-16,0,1,1,1,0,0,0,0,4,150,144,7.893
"A5","r4","RSA",7,0,524,301,0.574427480916031,1356.26198775047,1209.50689595944,0.509407269837261,19.6213659665009,0.744576312166708,5.86046511627907,1.3737984496124,0.259495766563052,0.496462854839468,1.08911423274438e-15,6.22350990139645e-16,0,0.994274809160305,1,1,3,0,0,0,4,157,153,8.119
"A5","r4","RSA",8,0,525,312,0.594285714285714,1353.99649580846,1194.6483174459,0.573891939647013,19.5004361884165,0.779315401965351,5.92307692307692,1.51817956962652,0.32935195839181,0.54572316257477,1.24470198027929e-15,4.66763242604734e-16,6.52872170594797e-19,1,1,1,0,0,0,0,3,150,147,8.49700000000001
"A5","r4","RSA",9,0,524,296,0.564885496183206,1406.83022761755,1319.52772890266,0.475198655621298,20.4943302625762,0.786724904900135,5.90202702702703,1.63443655519927,0.225813762304289,0.469243333327057,1.08911423274438e-15,1.08911423274438e-15,0,1,1,1,0,0,0,0,2,168,165,8.797
"A5","r4","RSA",10,0,524,321,0.612595419847328,1328.5017447478,1264.53434765721,0.531935189032217,20.0627461798793,0.776127944816095,5.89408099688474,1.576246105919,0.28295504533074,0.519232264176366,1.24470198027929e-15,6.22350990139645e-16,0,0.99236641221374,1,1,4,0,0,0,5,179,174,8.69300000000001
"A5","r4","RSA",11,0,523,300,0.573613766730402,1373.07893466391,1243.83977728751,0.478630262112796,19.8978978450271,0.758773549535438,5.9,1.71571906354515,0.229086927810164,0.464065054516356,1.24470198027929e-15,4.66763242604734e-16,3.51363931811018e-19,1,1,1,0,0,0,0,0,146,146,8.35300000000001
"A5","r4","RSA",12,0,524,302,0.576335877862595,1306.35507866519,1147.4346914834,0.496872936232798,19.1112481475317,0.756802510000336,5.84437086092715,1.6733735231348,0.246882714760602,0.486638387050159,9.33526485209467e-16,1.71146522288402e-15,0,0.990458015267176,1,1,5,0,0,0,6,149,143,8.613
"A5","r4","RSA",13,0,523,295,0.564053537284895,1409.50062085913,1286.72947224241,0.496154924288872,20.2380510884524,0.735991649144082,5.96610169491525,1.67911910526923,0.246169708896096,0.488883663302089,1.4002897278142e-15,-1.55587747534911e-16,1.51941159702062e-19,0.992351816443595,1,1,4,0,0,0,6,144,137,8.708
"A5","r4","RSA",14,0,523,294,0.562141491395794,1425.03936023897,1311.91228905285,0.477468116433092,20.4351323193017,0.772582649416875,5.90816326530612,1.53078637598384,0.227975802210165,0.46202871083378,1.24470198027929e-15,3.11175495069822e-16,0,0.994263862332696,1,1,3,0,0,0,3,139,135,8.738
"A5","r4","RSA",15,0,525,299,0.56952380952381,1401.96676650729,1275.58399869128,0.515003707523306,20.1502108535193,0.767247640676342,5.89966555183946,1.53352337770196,0.265228818762751,0.513795360493229,1.4002897278142e-15,7.77938737674556e-16,0,0.998095238095238,1,1,1,0,0,0,2,177,174,8.417
"A5","r4","RSA",16,0,523,288,0.550669216061185,1418.34191396421,1307.57448670461,0.550199450090322,20.4013203620201,0.784255489425937,5.89236111111111,1.53889614789005,0.302719434879693,0.527324372429977,1.24470198027929e-15,6.22350990139645e-16,6.12512800048936e-19,0.992351816443595,1,1,4,0,0,0,6,175,168,8.70699999999999
"A5","r4","RSA",17,0,524,296,0.564885496183206,1404.53103462907,1234.40834893682,0.554257930746265,19.822208700667,0.762415869495843,5.90540540540541,1.40119102153,0.307201853795132,0.543497516361453,1.4002897278142e-15,1.08911423274438e-15,0,0.99236641221374,1,1,4,0,0,0,5,152,147,8.43600000000001
"A5","r4","RSA",18,0,524,300,0.572519083969466,1370.48070282043,1311.47780020097,0.478369001015147,20.4317451806616,0.741092474877298,5.92333333333333,1.73657748049052,0.22883690113223,0.450631095337113,1.24470198027929e-15,7.77938737674556e-16,2.96760077543089e-22,0.99618320610687,1,1,2,0,0,0,3,160,157,8.15199999999999
"A5","r4","RSA",19,0,522,295,0.565134099616858,1374.50658421032,1215.81734919683,0.473779644798361,19.6724854058434,0.76036095846491,5.86779661016949,1.55049002651908,0.224467151825261,0.463533320992717,1.24470198027929e-15,-4.66763242604734e-16,0,0.994252873563218,1,1,3,0,0,0,5,153,143,8.108
"A5","r4","RSA",20,0,523,302,0.577437858508604,1320.77251799066,1241.56144370963,0.476424743226362,19.879534689778,0.765851389692816,5.86092715231788,1.70152471892808,0.226980535958305,0.470664581557455,1.08911423274438e-15,1.24470198027929e-15,0,0.992351816443595,1,1,4,0,0,0,6,155,149,8.166
"A5","r4","RSArule",1,0,524,285,0.543893129770992,1479.18877113683,1371.54192264866,0.427462125517112,20.8943856883755,0.751467674460262,5.88070175438596,1.30261922411663,0.182723868751607,0.416389427409515,1.24470198027929e-15,4.66763242604734e-16,0,0.99618320610687,1,1,2,0,0,0,3,191,185,7.845
"A5","r4","RSArule",2,0,523,299,0.5717017208413,1400.12221023777,1342.73183186477,0.401667027322037,20.673771222886,0.741667023718435,5.87625418060201,1.30342753249085,0.161336400837722,0.397099429704057,1.24470198027929e-15,1.55587747534911e-15,0,0.992351816443595,1,1,4,0,0,0,5,169,163,7.643
"A5","r4","RSArule",3,0,524,296,0.564885496183206,1386.5846504184,1296.45828799564,0.401853853471803,20.3143914920947,0.761012138037296,5.91554054054054,1.37250343563903,0.161486519550137,0.395232822396074,1.24470198027929e-15,-6.22350990139645e-16,0,0.99618320610687,1,1,2,0,0,0,5,158,153,7.809
"A5","r4","RSArule",4,0,524,277,0.528625954198473,1492.77602971406,1401.64501449009,0.395513278277454,21.1224398456338,0.735631699469882,5.93140794223827,1.27426359022655,0.156430753293778,0.388544001594245,1.24470198027929e-15,7.77938737674556e-16,0,0.99236641221374,1,1,4,0,0,0,4,176,172,7.809
"A5","r4","RSArule",5,0,525,297,0.565714285714286,1429.33805617957,1338.5514461091,0.421214847005439,20.6415638569885,0.746123897917816,5.93602693602694,1.4046774046774,0.177421947337815,0.417134451192772,1.08911423274438e-15,7.77938737674556e-16,0,1,1,1,0,0,0,0,0,158,158,8.279
"A5","r4","RSArule",6,0,524,295,0.562977099236641,1461.74285261903,1379.29942831208,0.424280631839119,20.9533921845458,0.7433223577719,5.89830508474576,1.2005073215727,0.180014054553802,0.412371807548262,1.4002897278142e-15,4.66763242604734e-16,0,0.99236641221374,1,1,4,0,0,0,6,152,143,8.095
"A5","r4","RSArule",7,0,523,289,0.552581261950287,1463.34902752908,1385.82802096094,0.380679745298704,21.0029226447746,0.740597200369778,5.89965397923875,1.36142349096501,0.144917068480686,0.37299821691719,1.08911423274438e-15,6.22350990139645e-16,1.82329391642474e-18,0.994263862332696,1,1,3,0,0,0,4,143,137,8.11500000000001
"A5","r4","RSArule",8,0,524,288,0.549618320610687,1440.49962954598,1352.38368614073,0.430670978962488,20.7479168777034,0.74171927419878,5.9375,1.45252613240418,0.185477492120508,0.424265654184759,1.24470198027929e-15,6.22350990139645e-16,1.51941159702062e-18,0.990458015267176,1,1,5,0,0,0,6,144,138,8.06300000000002
"A5","r4","RSArule",9,0,523,282,0.539196940726577,1415.21251245689,1321.73710508618,0.405326056950721,20.5115078294968,0.723492466660113,5.92198581560284,1.49567148734257,0.164289212443219,0.38542554073068,1.08911423274438e-15,7.77938737674556e-16,0,0.996175908221797,1,1,2,0,0,0,3,177,173,8.72299999999998
"A5","r4","RSArule",10,0,524,294,0.561068702290076,1421.21345026678,1331.77073374814,0.411721599327068,20.589192249261,0.73015216402739,5.86734693877551,1.24855471198718,0.169514675352438,0.404489447020617,1.24470198027929e-15,3.11175495069822e-16,0,1,1,1,0,0,0,0,1,140,139,8.30099999999999
"A5","r4","RSArule",11,0,524,289,0.551526717557252,1467.04456508689,1354.60180451934,0.48909436962612,20.7649499450615,0.727744358597046,5.89273356401384,1.26275951557093,0.239213302399972,0.464867870933268,1.4002897278142e-15,6.22350990139645e-16,0,1,1,1,0,0,0,0,2,190,187,9.00700000000001
"A5","r4","RSArule",12,0,524,294,0.561068702290076,1430.02718714256,1301.07683670702,0.441523836547382,20.3504725859707,0.740203764056834,5.90816326530612,1.63317545448213,0.194943298239519,0.417767504918966,1.4002897278142e-15,7.77938737674556e-16,0,1,1,1,0,0,0,0,2,164,162,8.749
"A5","r4","RSArule",13,0,525,296,0.563809523809524,1428.91944638765,1312.32537025598,0.430028195879169,20.4383172870173,0.72824681219381,5.94256756756757,1.22041914796152,0.184924249251093,0.426589676451018,1.24470198027929e-15,3.11175495069822e-16,0,1,1,1,0,0,0,0,0,149,149,8.803
"A5","r4","RSArule",14,0,524,285,0.543893129770992,1458.12291763264,1330.63698129162,0.45162062892305,20.5804496079866,0.731879043631099,5.87368421052632,1.33610081541883,0.203961192468852,0.444094938566946,1.24470198027929e-15,7.77938737674556e-16,0,1,1,1,0,0,0,0,3,159,155,8.37899999999999
"A5","r4","RSArule",15,0,524,291,0.555343511450382,1407.58442253677,1328.55470633605,0.354663833228187,20.5643404310172,0.729510377603022,5.89690721649485,1.18933522929257,0.125786434600111,0.349522764112086,1.08911423274438e-15,9.33526485209467e-16,0,0.99236641221374,1,1,4,0,0,0,7,160,153,8.31100000000001
"A5","r4","RSArule",16,0,524,287,0.547709923664122,1448.88005511184,1383.78969229028,0.396949563034022,20.9874710114207,0.736607475076672,5.91289198606272,1.34553251626422,0.157568955592901,0.39299623132713,1.08911423274438e-15,-1.55587747534911e-16,0,1,1,1,0,0,0,0,1,171,170,8.17099999999999
"A5","r4","RSArule",17,0,524,303,0.57824427480916,1427.33181311013,1305.74600485461,0.441697979077692,20.3870513363313,0.73515180820188,5.91749174917492,1.20177911830918,0.195097104721317,0.422100471628801,1.24470198027929e-15,9.33526485209467e-16,0,0.994274809160305,1,1,3,0,0,0,6,177,170,8.28700000000001
"A5","r4","RSArule",18,0,525,304,0.579047619047619,1434.79446597763,1317.56284549223,0.427048784682026,20.4790929097519,0.72887623345131,5.92434210526316,1.34409197498697,0.182370664498395,0.414828321814517,1.24470198027929e-15,1.24470198027929e-15,0,1,1,1,0,0,0,0,3,156,150,7.779
"A5","r4","RSArule",19,0,525,289,0.55047619047619,1449.48722577005,1365.86342418382,0.402805176253899,20.8510870482705,0.753820378143068,5.92387543252595,1.36918492887351,0.162252010016935,0.391392514055355,1.24470198027929e-15,6.22350990139645e-16,0,1,1,1,0,0,0,0,1,174,171,8.017
"A5","r4","RSArule",20,0,524,299,0.570610687022901,1395.72463416223,1311.32154864282,0.398245589740668,20.4305313905157,0.733596631362522,5.94983277591973,1.26257547529797,0.158599549747893,0.394947920867144,1.24470198027929e-15,0,0,0.99618320610687,1,1,2,0,0,0,6,182,174,8.078
"A5","r5","CSR",1,0,929,605,0.651237890204521,888.221012425156,781.052340665575,0.585426669028768,15.7675832536519,0.788013996249799,5.88595041322314,2.00518307700728,0.342724384810119,0.575849022045024,1.87535519018211e-15,2.54512490096144e-15,0,1,1,1,0,0,0,0,1,120,119,6.74
"A5","r5","CSR",2,0,929,590,0.635091496232508,898.881527419667,804.122241483963,0.54523957541042,15.9987502089553,0.769947026709964,5.90847457627119,1.78447814451383,0.297286194593735,0.523785717571803,2.00930913233798e-15,2.41117095880558e-15,0,1,1,1,0,0,0,0,1,123,122,8.33199999999999
"A5","r5","CSR",3,0,929,593,0.638320775026911,931.270580188414,847.014414895307,0.518119962919947,16.4198983553905,0.779867345620768,5.893760539629,1.7370049222916,0.268448295976168,0.500007728644874,1.87535519018211e-15,2.00930913233798e-15,4.95459527261074e-18,1,1,1,0,0,0,0,0,121,121,7.88299999999998
"A5","r5","CSR",4,0,929,609,0.655543595263724,911.198192292014,801.589079621455,0.541864706630024,15.97353212976,0.774132353322603,5.93431855500821,1.5351525365137,0.293617360291242,0.535700766461772,1.74140124802625e-15,1.87535519018211e-15,0,1,1,1,0,0,0,0,0,140,140,7.34
"A5","r5","CSR",5,0,929,595,0.640473627556512,910.889253597814,837.837582305952,0.503970694599583,16.3307068268434,0.756349759510377,5.87394957983193,1.47061652944006,0.253986461015186,0.491576935422727,1.87535519018211e-15,2.41117095880558e-15,4.18606069237079e-18,1,1,1,0,0,0,0,2,119,109,6.928
"A5","r5","CSR",6,0,929,603,0.649085037674919,913.030676162778,802.217595941971,0.540208053988145,15.9797932295422,0.764183671501139,5.90049751243781,1.69772400456191,0.291824741593658,0.534115047708713,1.87535519018211e-15,2.14326307449385e-15,3.12728166959341e-19,1,1,1,0,0,0,0,2,109,107,6.98600000000002
"A5","r5","CSR",7,0,929,609,0.655543595263724,912.789418639712,812.723487922978,0.546484008032452,16.0840890615433,0.785104236861221,5.8752052545156,1.71137434102498,0.298644771035213,0.537492593929253,1.87535519018211e-15,2.27721701664971e-15,0,1,1,1,0,0,0,0,0,113,113,7.15000000000001
"A5","r5","CSR",8,0,929,610,0.656620021528525,899.755958489093,793.112437905669,0.562265501296965,15.8888380690969,0.779609448000383,5.90655737704918,1.97647581361544,0.316142493948728,0.544116856524669,1.87535519018211e-15,1.87535519018211e-15,5.23257586546349e-19,1,1,1,0,0,0,0,1,108,106,7.10999999999999
"A5","r5","CSR",9,0,929,607,0.653390742734123,911.042730195724,816.174575689874,0.550728973872742,16.1182020180276,0.781619436993531,5.90444810543657,1.81593727741802,0.303302402662923,0.531313662786828,1.87535519018211e-15,2.41117095880558e-15,0,1,1,1,0,0,0,0,2,128,125,7.26900000000001
"A5","r5","CSR",10,0,929,610,0.656620021528525,887.053984168116,817.185618302216,0.522120447382923,16.1281774429687,0.780652649562884,5.87704918032787,1.58584349511427,0.272609761575343,0.516617865137189,2.00930913233798e-15,1.87535519018211e-15,3.27035991591468e-20,1,1,1,0,0,0,0,1,131,130,7.21099999999998
"A5","r5","CSR",11,0,929,633,0.681377825618945,871.42587570647,790.381636604826,0.566428410019062,15.8614718355341,0.78511565888971,5.86571879936809,1.82529445877577,0.320841143676722,0.551530444331151,2.00930913233798e-15,2.54512490096144e-15,0,1,1,1,0,0,0,0,1,114,113,7.78899999999999
"A5","r5","CSR",12,0,929,611,0.657696447793326,895.832702586059,790.094093398537,0.567058609701393,15.8585863475965,0.771553198214839,5.85761047463175,1.72231493654584,0.321555466836476,0.553352781888662,2.00930913233798e-15,2.00930913233798e-15,0,1,1,1,0,0,0,0,1,112,111,7.65700000000001
"A5","r5","CSR",13,0,929,614,0.660925726587729,905.502278280152,833.238288934408,0.521770413438269,16.2858147472452,0.779126947398055,5.9185667752443,1.64751768150443,0.272244364339542,0.514190465241549,1.87535519018211e-15,2.14326307449385e-15,0,1,1,1,0,0,0,0,0,118,118,7.619
"A5","r5","CSR",14,0,929,607,0.653390742734123,904.407517598968,813.526911502961,0.537117563369716,16.092037118027,0.760033687401852,5.87644151565074,1.62662229979176,0.288495276880221,0.507236020911464,1.74140124802625e-15,2.00930913233798e-15,0,1,1,1,0,0,0,0,0,123,123,7.75700000000001
"A5","r5","CSR",15,0,929,602,0.648008611410118,897.465849541288,808.017706339533,0.548679397631337,16.0374564838846,0.779408498671444,5.85215946843854,1.68359765838774,0.301049081385086,0.538423264946965,1.87535519018211e-15,2.00930913233798e-15,1.24273676804758e-18,1,1,1,0,0,0,0,2,102,100,7.78899999999999
"A5","r5","CSR",16,0,929,605,0.651237890204521,901.699879666691,799.578554351214,0.614247334492374,15.953487350123,0.776131784803813,5.88429752066116,1.81440534179848,0.377299787930986,0.601913233717527,2.00930913233798e-15,2.41117095880558e-15,0,1,1,1,0,0,0,0,0,117,117,8.24800000000002
"A5","r5","CSR",17,0,929,628,0.675995694294941,903.954582414861,822.487660089822,0.630648850024946,16.1804133924156,0.772945096382534,5.89649681528662,1.6559366714412,0.397717972037787,0.586667352081545,1.87535519018211e-15,2.27721701664971e-15,0,1,1,1,0,0,0,0,0,109,109,9.172
"A5","r5","CSR",18,0,929,623,0.670613562970936,853.597137792487,772.525198471541,0.528215121229189,15.6812757133974,0.773956890975372,5.86516853932584,1.92069800209545,0.279011214295167,0.523212018483562,1.87535519018211e-15,2.27721701664971e-15,0,1,1,1,0,0,0,0,1,148,147,8.036
"A5","r5","CSR",19,0,929,617,0.664155005382131,881.585598581969,807.258979553922,0.529689778096894,16.0299255738338,0.77988712280682,5.89951377633712,1.68793807489107,0.280571261020337,0.525474083114999,2.00930913233798e-15,2.67907884311731e-15,1.0465151730927e-18,1,1,1,0,0,0,0,0,106,106,7.56999999999999
"A5","r5","CSR",20,0,929,632,0.680301399354144,855.615202294076,760.107155375901,0.569411597103074,15.5547235101081,0.769834199886016,5.8496835443038,1.80145790286666,0.324229566915474,0.561532667497822,1.87535519018211e-15,1.74140124802625e-15,1.0465151730927e-18,1,1,1,0,0,0,0,2,108,106,6.87200000000001
"A5","r5","RSA",1,0,929,610,0.656620021528525,896.901592563521,827.027654515925,0.477938489450366,16.2250079330301,0.766499746494769,5.87049180327869,1.53820829632022,0.228425199698098,0.465158397314012,2.14326307449385e-15,2.27721701664971e-15,0,1,1,1,0,0,0,0,3,122,119,6.642
"A5","r5","RSA",2,0,929,612,0.658772874058127,901.050846497378,807.18068117429,0.489646412245938,16.0291452678002,0.764624402214978,5.92483660130719,1.3691366344683,0.239753609025319,0.466070317962062,1.87535519018211e-15,1.87535519018211e-15,1.30814396636587e-19,1,1,1,0,0,0,0,0,100,100,7.69500000000002
"A5","r5","RSA",3,0,929,603,0.649085037674919,896.114965156386,823.56635589288,0.500753999572025,16.1910256935458,0.761766588308938,5.89883913764511,1.57612821826636,0.25075456808738,0.493864045304112,1.87535519018211e-15,2.27721701664971e-15,0,1,1,1,0,0,0,0,1,131,129,7.36500000000001
"A5","r5","RSA",4,0,929,606,0.652314316469322,889.411348016258,808.42351059671,0.494411323830278,16.0414817156375,0.768949713162239,5.91089108910891,1.50609606415187,0.244442557131608,0.484304552778198,2.00930913233798e-15,2.54512490096144e-15,0,1,1,1,0,0,0,0,1,134,133,7.23400000000001
"A5","r5","RSA",5,0,929,608,0.654467168998924,910.745236874456,832.476970955343,0.522358202674611,16.2783794362501,0.759520029410554,5.90131578947368,1.55531951790514,0.27285809190145,0.5131992832361,1.87535519018211e-15,1.87535519018211e-15,0,1,1,1,0,0,0,0,0,110,110,6.70000000000002
"A5","r5","RSA",6,0,929,589,0.634015069967707,928.448498496879,857.411115917281,0.485860294443365,16.5203642429683,0.758996194610968,5.90492359932088,1.56917639721423,0.236060225716593,0.47665073381256,1.87535519018211e-15,2.27721701664971e-15,0,1,1,1,0,0,0,0,1,98,97,6.98100000000002
"A5","r5","RSA",7,0,929,596,0.641550053821313,921.698623716742,848.771385181245,0.495946916865669,16.4369188761417,0.75843542376256,5.91610738255034,1.70723591450003,0.245963344348563,0.486289423962782,1.87535519018211e-15,2.27721701664971e-15,0,1,1,1,0,0,1,0,0,119,119,7.083
"A5","r5","RSA",8,0,929,614,0.660925726587729,873.314008352896,805.162093716696,0.491652823917472,16.0090800783504,0.759528644988983,5.9071661237785,1.43508722521268,0.241722499266025,0.486467295770342,1.87535519018211e-15,2.41117095880558e-15,0,1,1,1,0,0,0,0,1,128,127,7.13
"A5","r5","RSA",9,0,929,612,0.658772874058127,895.790059541068,815.192660950823,0.516742747321398,16.1085030019256,0.757989307001361,5.90032679738562,1.37957436111379,0.267023066909266,0.505150804660241,1.74140124802625e-15,2.27721701664971e-15,0,1,1,1,0,0,0,0,1,117,116,7.21799999999999
"A5","r5","RSA",10,0,929,616,0.66307857911733,899.355716751649,818.424647553036,0.502074064820943,16.1404043413641,0.77316103061115,5.90584415584416,1.54233977404709,0.252078366565824,0.484057658943692,1.87535519018211e-15,2.27721701664971e-15,0,1,1,1,0,0,0,0,0,104,104,7.465
"A5","r5","RSA",11,0,929,615,0.66200215285253,884.706933029364,811.089368861268,0.488039444839326,16.0679110243713,0.75675965541908,5.90406504065041,1.6113026667726,0.238182499719077,0.479937262827996,1.87535519018211e-15,1.87535519018211e-15,0,1,1,1,0,0,0,0,0,98,98,7.42100000000002
"A5","r5","RSA",12,0,929,589,0.634015069967707,931.293833506369,841.358465846519,0.503133330208374,16.3649844944434,0.759717427007778,5.91171477079796,1.45137613619302,0.253143147966569,0.493017441087199,2.00930913233798e-15,2.41117095880558e-15,0,1,1,1,0,0,0,0,0,140,140,7.87
"A5","r5","RSA",13,0,929,601,0.646932185145318,917.095171543191,829.535154803732,0.518007016204758,16.2495920167563,0.748579285528401,5.88352745424293,1.54307820299501,0.268331268837356,0.503071317819505,1.87535519018211e-15,2.14326307449385e-15,0,1,1,1,0,0,0,0,2,119,117,8.036
"A5","r5","RSA",14,0,929,580,0.624327233584499,930.807665522499,837.799620947179,0.510946381113208,16.3303359789438,0.761676535748381,5.88275862068966,1.60971949258531,0.261066204372684,0.499507291526624,2.00930913233798e-15,2.00930913233798e-15,5.23257586546349e-19,1,1,1,0,0,0,0,0,126,126,8.02199999999999
"A5","r5","RSA",15,0,929,616,0.66307857911733,903.453097331595,825.976997242327,0.497234079182265,16.2147015036157,0.762303023515083,5.88474025974026,1.71514887551473,0.247241729500235,0.486555697779368,1.74140124802625e-15,0.00156325001809331,0.00156325001809157,1,1,1,0,0,0,0,1,88,86,7.845
"A5","r5","RSA",16,0,929,605,0.651237890204521,908.981822568945,825.938473020899,0.502120188621047,16.2143264227071,0.767502208230837,5.89090909090909,1.56754966887417,0.252124683820836,0.496787510058605,1.87535519018211e-15,2.41117095880558e-15,0,1,1,1,0,0,0,0,2,133,130,8.65600000000001
"A5","r5","RSA",17,0,929,619,0.666307857911733,887.050713012305,825.967200339791,0.460293587791601,16.2146083989624,0.76570748848829,5.89660743134087,1.52327326149808,0.211870186962064,0.450958898897711,2.00930913233798e-15,2.27721701664971e-15,0,1,1,1,0,0,0,0,0,109,109,8.291
"A5","r5","RSA",18,0,929,612,0.658772874058127,893.700345036688,824.173642259605,0.515562985841672,16.1969923650397,0.769394840711434,5.91176470588235,1.56012323096178,0.26580519236998,0.491478505705555,1.87535519018211e-15,1.87535519018211e-15,0,1,1,1,0,0,0,0,0,123,123,7.54000000000002
"A5","r5","RSA",19,0,929,608,0.654467168998924,909.866857930497,828.23682994262,0.504946364353858,16.2368707278232,0.751933853561942,5.89638157894737,1.49006925778202,0.254970830874179,0.485721864179011,2.00930913233798e-15,2.27721701664971e-15,0,1,1,1,0,0,0,0,0,121,121,6.94199999999998
"A5","r5","RSA",20,0,929,616,0.66307857911733,914.122416135788,846.70776925935,0.487392203059917,16.4169253182031,0.755814000098901,5.9025974025974,1.43439974659487,0.237551159603599,0.473356205591828,1.87535519018211e-15,2.14326307449385e-15,0,1,1,1,0,0,0,0,0,110,110,6.77500000000001
"A5","r5","RSArule",1,0,929,601,0.646932185145318,913.143705764753,840.818459344697,0.423747110821212,16.3597319078046,0.719154572894066,5.90848585690516,1.37994453688297,0.179561613929324,0.410666251185429,2.00930913233798e-15,2.41117095880558e-15,0,1,1,1,0,0,0,0,0,102,102,6.699
"A5","r5","RSArule",2,0,929,597,0.642626480086114,924.950089370333,844.309016428437,0.437189224788233,16.3936544712667,0.738254241493457,5.93802345058626,1.20588400616056,0.191134418270936,0.422503345467451,2.14326307449385e-15,2.67907884311731e-15,0,1,1,1,0,0,0,0,1,107,106,7.52700000000002
"A5","r5","RSArule",3,0,929,608,0.654467168998924,918.158872294422,865.09787622755,0.420213209846694,16.5942513221705,0.746905902455745,5.90789473684211,1.37206277638082,0.176579141729661,0.405829534300579,2.00930913233798e-15,2.00930913233798e-15,4.49674488438269e-20,1,1,1,0,0,0,0,0,106,106,7.53200000000001
"A5","r5","RSArule",4,0,929,591,0.636167922497309,948.090073247099,896.234840656393,0.371556344066379,16.8902460054105,0.737016491914753,5.93231810490694,1.48693682067166,0.138054116815973,0.366652664234149,1.74140124802625e-15,1.87535519018211e-15,3.27035991591468e-20,1,1,1,0,0,0,0,0,115,115,6.90600000000001
"A5","r5","RSArule",5,0,929,615,0.66200215285253,903.644730665535,838.33412855607,0.409378909542685,16.3355453243738,0.757600206932381,5.89918699186992,1.53053679722465,0.167591091578358,0.396904718204353,1.74140124802625e-15,2.14326307449385e-15,1.63517995795734e-20,1,1,1,0,0,0,0,0,109,109,6.85599999999999
"A5","r5","RSArule",6,0,929,588,0.632938643702906,920.607129243221,849.758946038349,0.413638462792318,16.4464723235886,0.733312964126525,5.93027210884354,1.33925239601803,0.171096777901192,0.408317453748259,1.87535519018211e-15,2.41117095880558e-15,0,1,1,1,0,0,0,0,0,116,116,7.03
"A5","r5","RSArule",7,0,929,601,0.646932185145318,918.041599061461,851.056110847311,0.407000302309432,16.4590271213042,0.741888547484153,5.92179700499168,1.37554076539101,0.165649246079969,0.394488580640831,2.14326307449385e-15,2.27721701664971e-15,6.54071983182936e-20,1,1,1,0,0,0,0,0,106,106,6.66300000000001
"A5","r5","RSArule",8,0,929,592,0.63724434876211,945.405536598896,881.257361042639,0.413353571159006,16.7484799416181,0.73481621070325,5.92567567567568,1.37179311290986,0.170861174789903,0.408568209813491,1.74140124802625e-15,1.47349336371452e-15,3.27035991591468e-20,1,1,1,0,0,0,0,1,133,132,7.30700000000002
"A5","r5","RSArule",9,0,929,586,0.630785791173305,971.504129763151,920.481009496063,0.40942973173742,17.1171894880592,0.726284848435057,5.93686006825939,1.29002362824888,0.167632705230576,0.398595648443026,2.14326307449385e-15,2.00930913233798e-15,0,1,1,1,0,0,0,0,2,116,114,7.42600000000002
"A5","r5","RSArule",10,0,929,589,0.634015069967707,912.43961460442,850.866383263931,0.424504815599091,16.457192397683,0.748719151524011,5.94736842105263,1.35947010383101,0.180204338466818,0.415297019424688,2.00930913233798e-15,1.87535519018211e-15,0,1,1,1,0,0,0,0,2,104,100,7.37300000000002
"A5","r5","RSArule",11,0,929,595,0.640473627556512,926.089445954505,885.54148395486,0.403701738706902,16.7891813072793,0.753664321050093,5.92436974789916,1.42693036810684,0.162975093834976,0.396477937673757,2.00930913233798e-15,2.14326307449385e-15,0,1,1,1,0,0,0,0,0,114,114,7.464
"A5","r5","RSArule",12,0,929,605,0.651237890204521,909.848805897715,852.385844368366,0.388596361172779,16.4718803148144,0.748608388609689,5.89421487603306,1.37620819878496,0.151007131916725,0.38365846919024,1.87535519018211e-15,2.41117095880558e-15,0,1,1,1,0,0,0,0,1,113,112,7.495
"A5","r5","RSArule",13,0,929,596,0.641550053821313,930.64646743156,878.408227402841,0.398715301693268,16.7214227205903,0.743937995836075,5.93791946308725,1.39950087417517,0.158973891804354,0.390646963634361,2.00930913233798e-15,2.14326307449385e-15,1.63517995795734e-20,1,1,1,0,0,0,0,1,116,115,7.679
"A5","r5","RSArule",14,0,929,610,0.656620021528525,934.710815949014,853.544214169479,0.417847182511201,16.4830684664508,0.742660328768736,5.91311475409836,1.41936795068508,0.174596267932549,0.407231377641314,2.00930913233798e-15,2.14326307449385e-15,1.02965237977626e-19,1,1,1,0,0,0,0,2,120,118,7.952
"A5","r5","RSArule",15,0,929,587,0.631862217438105,951.780706797412,889.470263605805,0.422178144320729,16.8263834014392,0.744057248981343,5.90630323679727,1.28984074748097,0.178234385542095,0.410396010073164,2.00930913233798e-15,2.00930913233798e-15,0,1,1,1,0,0,0,0,0,89,89,8.04400000000001
"A5","r5","RSArule",16,0,929,585,0.629709364908504,942.704446211312,888.686259194187,0.395571446150326,16.8189661399624,0.735846446031081,5.91111111111111,1.24893455098935,0.15647676900946,0.388279413763623,1.87535519018211e-15,1.87535519018211e-15,0,1,1,1,0,0,0,0,1,132,131,7.96699999999998
"A5","r5","RSArule",17,0,929,599,0.644779332615716,902.673447734226,858.331876990945,0.382370902641106,16.5292323497768,0.746011386060981,5.92821368948247,1.32092506462834,0.146207507186574,0.377388243537724,2.14326307449385e-15,2.14326307449385e-15,0,1,1,1,0,0,0,0,2,108,105,7.709
"A5","r5","RSArule",18,0,929,603,0.649085037674919,924.421630823484,842.626421866712,0.40646678614956,16.377311148044,0.726369307207418,5.92205638474295,1.45404759149986,0.165215248242753,0.388547519307297,1.87535519018211e-15,2.41117095880558e-15,0,1,1,1,0,0,1,0,0,114,114,7.76000000000002
"A5","r5","RSArule",19,0,929,589,0.634015069967707,943.173523328209,883.559206049741,0.405605049263632,16.7703795518865,0.747381031814955,5.9151103565365,1.13223727521569,0.164515455988153,0.388969319645072,2.00930913233798e-15,2.00930913233798e-15,0,1,1,1,0,0,0,0,0,103,103,6.97399999999999
"A5","r5","RSArule",20,0,929,597,0.642626480086114,928.934269297445,878.499620951516,0.410405710377468,16.7222939322804,0.72670491885272,5.90452261306533,1.42543253178645,0.168432847110434,0.397178479994552,2.00930913233798e-15,2.00930913233798e-15,0,1,1,1,0,0,0,0,0,106,106,6.75
"A6","r1","CSR",1,0,674,372,0.551928783382789,1262.57428425773,1086.43032557188,0.593315701026339,18.5962208190132,0.779265528005806,5.81720430107527,2.04196736515665,0.352023521084376,0.575327652854627,7.5618160633606e-16,-6.30151338613383e-16,6.15382166614632e-20,0.991097922848665,1,1,6,0,0,0,7,134,127,6.084
"A6","r1","CSR",2,0,674,377,0.559347181008902,1244.7016771572,1132.96719453629,0.510380302798286,18.990383322693,0.769807033322422,5.79840848806366,1.56031660928946,0.260488053484471,0.496301453923339,7.5618160633606e-16,-6.30151338613383e-16,7.6922770826829e-19,0.99406528189911,1,1,4,0,0,0,4,118,113,6.14599999999999
"A6","r1","CSR",3,0,674,363,0.538575667655786,1325.10488814389,1175.52184798906,0.514508270683205,19.3437386675884,0.768369209116841,5.83471074380165,1.58586365919364,0.264718760601422,0.507179897231407,7.5618160633606e-16,-1.00824214178141e-15,2.95383439975023e-18,0.99406528189911,1,1,4,0,0,0,5,126,119,6.30000000000001
"A6","r1","CSR",4,0,674,380,0.56379821958457,1259.87024019423,1146.15658441802,0.532555549711535,19.1005647656953,0.77543087003685,5.79736842105263,1.57624635467296,0.283615413528556,0.519573428556385,8.82211874058737e-16,-1.26030267722677e-15,1.96922293316682e-18,0.992581602373887,1,1,5,0,0,0,5,108,103,6.42699999999999
"A6","r1","CSR",5,0,674,372,0.551928783382789,1291.86702966231,1156.4786462347,0.577380317020065,19.1864142374473,0.78177007963945,5.80913978494624,1.61037446019187,0.333368030482191,0.551758824878568,6.30151338613383e-16,-5.04121070890707e-16,6.15382166614632e-20,0.992581602373887,1,1,5,0,0,0,5,127,122,6.60399999999998
"A6","r1","CSR",6,0,674,384,0.56973293768546,1260.00607462363,1173.03521324502,0.519742583072018,19.3232629909647,0.798640936210439,5.81510416666667,1.83256500217581,0.270132352658374,0.511005583687293,8.82211874058737e-16,-1.00824214178141e-15,0,0.99406528189911,1,1,4,0,0,0,6,132,124,6.982
"A6","r1","CSR",7,0,674,373,0.553412462908012,1290.14625680026,1116.71502062958,0.571860200681004,18.853684815344,0.784747295660908,5.82037533512064,1.70689555766958,0.327024089122918,0.533464333313537,7.5618160633606e-16,-1.00824214178141e-15,0,0.991097922848665,1,1,6,0,0,0,7,132,124,7.09399999999999
"A6","r1","CSR",8,0,674,378,0.560830860534125,1279.20258217856,1157.684639801,0.533337205871604,19.1964066143328,0.782153475188768,5.86507936507936,1.88890994063408,0.284448575166929,0.521896824061616,7.5618160633606e-16,-7.5618160633606e-16,5.23074841622437e-19,0.995548961424332,1,1,3,0,0,0,3,95,90,6.87899999999999
"A6","r1","CSR",9,0,674,377,0.559347181008902,1279.28926071587,1153.37016904752,0.487556531170056,19.1606139577336,0.786580196204648,5.86737400530504,1.63661888368418,0.237711371086578,0.482351524800888,6.30151338613383e-16,-8.82211874058737e-16,3.84613854134145e-20,0.99406528189911,1,1,4,0,0,0,4,114,109,6.20699999999999
"A6","r1","CSR",10,0,674,377,0.559347181008902,1284.35305387649,1180.12909462146,0.53083720104817,19.3816087513688,0.766483903980357,5.86737400530504,1.92385292623737,0.281788134016655,0.52734945527592,7.5618160633606e-16,-2.52060535445353e-16,0,0.992581602373887,1,1,5,0,0,0,5,103,98,6.15199999999999
"A6","r1","CSR",11,0,674,385,0.571216617210683,1303.85083443963,1244.8560247403,0.497431781431705,19.9060287237383,0.76912665365981,5.80779220779221,1.67129329004329,0.247438377178319,0.48299666023666,5.04121070890707e-16,-7.5618160633606e-16,0,0.99406528189911,1,1,4,0,0,0,4,107,102,6.25200000000001
"A6","r1","CSR",12,0,674,391,0.580118694362018,1322.08030625302,1183.38647586793,0.508199087513873,19.4083387863299,0.765621350777751,5.87212276214834,1.54770804642927,0.258266312549933,0.503193163573789,8.82211874058737e-16,-5.04121070890707e-16,1.23076433322926e-19,0.99406528189911,1,1,4,0,0,0,5,118,111,6.375
"A6","r1","CSR",13,0,674,373,0.553412462908012,1288.39712486242,1136.70486519962,0.564309595602304,19.0216822669882,0.76565706814869,5.80697050938338,1.73683300181614,0.318445319688836,0.553594626153223,7.5618160633606e-16,-7.5618160633606e-16,9.84611466583411e-19,0.992581602373887,1,1,5,0,0,0,7,118,110,6.53899999999999
"A6","r1","CSR",14,0,674,366,0.543026706231454,1257.43778881573,1130.9840412094,0.578081204868001,18.9737546425632,0.767634279601978,5.87431693989071,1.6005988472191,0.33417787942164,0.552021014879934,5.04121070890707e-16,-5.04121070890707e-16,0,0.992581602373887,1,1,5,0,0,0,6,120,114,6.791
"A6","r1","CSR",15,0,674,397,0.589020771513353,1246.82819908185,1114.75254637723,0.546167472435837,18.837111141585,0.787499843288419,5.79345088161209,1.82591659669745,0.298298907946951,0.536926095521436,6.30151338613383e-16,-7.5618160633606e-16,0,0.99406528189911,1,1,4,0,0,0,4,114,108,6.70400000000001
"A6","r1","CSR",16,0,674,367,0.544510385756677,1356.41419380375,1181.83620315476,0.589103640084497,19.395621859432,0.789171026926228,5.80926430517711,1.79412158842185,0.347043098760804,0.571901360752693,5.04121070890707e-16,-1.26030267722677e-16,4.92305733291706e-19,0.99406528189911,1,1,4,0,0,0,6,104,97,6.749
"A6","r1","CSR",17,0,674,397,0.589020771513353,1237.74729743771,1127.77684236379,0.513068311973702,18.9468339923464,0.795584812009665,5.79848866498741,1.64615932626008,0.263239092751544,0.504223014002315,6.30151338613383e-16,-7.5618160633606e-16,0,0.991097922848665,1,1,6,0,0,0,7,141,130,7.25200000000001
"A6","r1","CSR",18,0,674,361,0.535608308605341,1324.84401686364,1154.94716494052,0.557707873843628,19.1737085776464,0.782597173346025,5.84210526315789,1.87777777777778,0.31103807254718,0.541416757675783,6.30151338613383e-16,-6.30151338613383e-16,6.15382166614632e-20,0.992581602373887,1,1,5,0,0,0,5,109,103,7.22499999999999
"A6","r1","CSR",19,0,674,373,0.553412462908012,1395.56590832813,1274.66585085024,0.526178090044112,20.1429576255948,0.791441335965265,5.84182305630027,1.92921387183257,0.27686338244247,0.521427088310319,7.5618160633606e-16,-6.30151338613383e-16,2.46152866645853e-19,0.992581602373887,1,1,5,0,0,0,5,109,104,7.274
"A6","r1","CSR",20,0,674,393,0.583086053412463,1219.70929096599,1085.55426709324,0.546520513744524,18.5887776683885,0.788752000936102,5.78625954198473,1.5613413304253,0.298684671943578,0.543107824607449,8.82211874058737e-16,-6.30151338613383e-16,9.84611466583411e-19,0.992581602373887,1,1,5,0,0,0,5,127,122,7.16400000000002
"A6","r1","RSA",1,0,674,371,0.550445103857567,1306.08821444353,1197.25938942187,0.525683653633576,19.52176989874,0.767724336306959,5.83288409703504,1.6638886865302,0.276343303697545,0.518871748680381,8.82211874058737e-16,-5.04121070890707e-16,2.46152866645853e-19,0.99406528189911,1,1,4,0,0,0,4,104,98,5.683
"A6","r1","RSA",2,0,674,367,0.544510385756677,1310.02056054643,1204.67631737893,0.517698036748199,19.5821444554266,0.785698777387896,5.7874659400545,1.73066214023019,0.268011257252939,0.511971569019807,8.82211874058737e-16,-1.26030267722677e-15,0,0.992581602373887,1,1,5,0,0,0,5,93,88,6.047
"A6","r1","RSA",3,0,674,382,0.566765578635015,1331.4996554768,1209.85851578031,0.50971264778204,19.6242175498634,0.765985241873276,5.87434554973822,1.55372332385153,0.259806983308977,0.502355904802744,7.5618160633606e-16,-6.30151338613383e-16,0,0.991097922848665,1,1,6,0,0,0,7,105,98,6.19200000000001
"A6","r1","RSA",4,0,674,387,0.574183976261128,1265.75796129135,1138.88897361291,0.598242064585364,19.0399479927519,0.779613455960244,5.78294573643411,1.75587420171105,0.357893567839358,0.57382653881335,5.04121070890707e-16,-2.52060535445353e-16,0,0.992581602373887,1,1,5,0,0,0,7,95,86,6.42000000000002
"A6","r1","RSA",5,0,674,375,0.556379821958457,1270.87555451491,1196.68038849194,0.49469388316611,19.5170489126621,0.780629674836299,5.848,1.61587165775401,0.244722038041965,0.476922812259538,6.30151338613383e-16,-2.52060535445353e-16,0,0.99406528189911,1,1,4,0,0,0,6,130,121,6.709
"A6","r1","RSA",6,0,674,372,0.551928783382789,1283.96793409108,1118.34195321098,0.560732460932873,18.8674061078506,0.776293480326106,5.85752688172043,1.79366286989537,0.314420892743836,0.545827424239537,7.5618160633606e-16,-7.5618160633606e-16,3.93844586633365e-18,0.99406528189911,1,1,4,0,0,0,4,106,101,6.75
"A6","r1","RSA",7,0,674,382,0.566765578635015,1317.64894368272,1152.6126771463,0.545138174829823,19.154288332141,0.797790240326343,5.84031413612565,1.87732063596762,0.297175629656791,0.527917891527597,7.5618160633606e-16,-6.30151338613383e-16,0,0.992581602373887,1,1,5,0,0,0,5,99,94,7.33600000000001
"A6","r1","RSA",8,0,674,373,0.553412462908012,1278.66894537888,1140.72857372734,0.572485195431607,19.0553190072942,0.764126525385215,5.79088471849866,1.70346507538413,0.327739298988366,0.549825572792492,7.5618160633606e-16,-5.04121070890707e-16,0,0.992581602373887,1,1,5,0,0,0,5,114,109,6.60300000000001
"A6","r1","RSA",9,0,674,375,0.556379821958457,1307.79524833834,1193.84698655001,0.524973659171727,19.4939297836428,0.774576502068595,5.78666666666667,1.48912655971479,0.275597342824152,0.513017565974329,8.82211874058737e-16,-5.04121070890707e-16,0,0.992581602373887,1,1,5,0,0,0,6,96,88,6.21800000000002
"A6","r1","RSA",10,0,674,369,0.547477744807122,1365.00066906345,1266.36476400125,0.499226408368302,20.0772613644491,0.763603629691649,5.81571815718157,1.53116531165312,0.249227006812315,0.488267497284519,7.5618160633606e-16,-5.04121070890707e-16,0,0.995548961424332,1,1,3,0,0,0,5,109,98,6.48999999999998
"A6","r1","RSA",11,0,674,363,0.538575667655786,1286.88453950468,1178.86076421256,0.522448915832684,19.3711908689951,0.769321546934892,5.83195592286501,1.65400362236123,0.272952869654747,0.503673624581849,8.82211874058737e-16,-3.7809080316803e-16,4.92305733291706e-19,0.992581602373887,1,1,5,0,0,0,5,117,112,6.64700000000002
"A6","r1","RSA",12,0,674,380,0.56379821958457,1285.14357397326,1195.99688229561,0.51899679470485,19.5114735933284,0.78416310313006,5.83684210526316,1.75695042355228,0.269357672913909,0.513470135669003,6.30151338613383e-16,-8.82211874058737e-16,0,0.992581602373887,1,1,5,0,0,0,5,131,126,6.70699999999999
"A6","r1","RSA",13,0,674,372,0.551928783382789,1319.11406619883,1186.5156030415,0.5661483962007,19.4339789551369,0.767344359702095,5.84139784946237,1.62167782511666,0.320524006520624,0.546633212769016,8.82211874058737e-16,-5.04121070890707e-16,0,0.991097922848665,1,1,6,0,0,0,6,103,97,6.32400000000001
"A6","r1","RSA",14,0,674,364,0.540059347181009,1343.03872269067,1230.62892981869,0.54912172789088,19.7919366188272,0.768471408601386,5.89010989010989,1.53059062149971,0.301534672041865,0.532754396934304,7.5618160633606e-16,-3.7809080316803e-16,4.61536624960974e-20,0.99406528189911,1,1,4,0,0,0,6,113,106,6.69200000000001
"A6","r1","RSA",15,0,674,379,0.562314540059347,1290.23487273963,1173.92594905201,0.532866597220149,19.3306035919975,0.758960895992862,5.80211081794195,1.54010135276626,0.28394681043298,0.527212570418241,7.5618160633606e-16,-7.5618160633606e-16,5.96151473907925e-19,0.995548961424332,1,1,3,0,0,0,4,114,107,6.49099999999999
"A6","r1","RSA",16,0,674,384,0.56973293768546,1319.70601832257,1185.72604257282,0.528251444070233,19.4275134764991,0.771882686098442,5.8203125,1.75613984986945,0.279049588162286,0.523697147533528,8.82211874058737e-16,-6.30151338613383e-16,0,0.99406528189911,1,1,4,0,0,0,6,121,114,6.572
"A6","r1","RSA",17,0,674,388,0.57566765578635,1288.1297229302,1157.04681998883,0.569790939338315,19.1911208621341,0.773241212067714,5.79381443298969,1.79717094222009,0.32466171455204,0.562493367900266,7.5618160633606e-16,-6.30151338613383e-16,0,0.99406528189911,1,1,4,0,0,0,4,109,104,7.05900000000003
"A6","r1","RSA",18,0,674,388,0.57566765578635,1240.34581758054,1091.25619225302,0.535217727292803,18.6375047383042,0.771677966418691,5.80927835051546,1.81366045978849,0.286458015608474,0.528226274539397,1.00824214178141e-15,-1.00824214178141e-15,0,0.991097922848665,1,1,6,0,0,0,6,106,99,6.87699999999998
"A6","r1","RSA",19,0,674,369,0.547477744807122,1291.9304569034,1164.19878903915,0.556794537576355,19.2503502314726,0.771059027773976,5.86720867208672,1.58286202427242,0.310020157074866,0.540607435616175,7.5618160633606e-16,-5.04121070890707e-16,0,0.995548961424332,1,1,3,0,0,0,4,99,93,7.006
"A6","r1","RSA",20,0,674,376,0.55786350148368,1257.57191812148,1097.89278086727,0.576311091772355,18.6941129781813,0.772071155679178,5.84042553191489,1.91046808510638,0.332134474499844,0.560655789822813,8.82211874058737e-16,-1.13427240950409e-15,0,0.992581602373887,1,1,5,0,0,0,5,101,96,6.929
"A6","r1","RSArule",1,0,674,365,0.541543026706231,1400.13236564496,1290.67624397988,0.406416225307695,20.2690653045807,0.739373916340721,5.9013698630137,1.34738822821015,0.165174148193355,0.39588082302804,7.5618160633606e-16,-3.7809080316803e-16,0,0.99406528189911,1,1,4,0,0,0,6,115,108,5.778
"A6","r1","RSArule",2,0,674,369,0.547477744807122,1339.96876132892,1239.45652490018,0.423034032514018,19.8628111145108,0.735900813598834,5.92140921409214,1.38239366089313,0.178957792665071,0.405949105130655,7.5618160633606e-16,-1.26030267722677e-16,0,0.99406528189911,1,1,4,0,0,0,5,114,107,6.14099999999999
"A6","r1","RSArule",3,0,674,363,0.538575667655786,1353.64190472674,1236.50217917566,0.417377489716267,19.8391246762405,0.734097633608229,5.86776859504132,1.33053285238117,0.174203968921852,0.404776348775041,5.04121070890707e-16,-2.52060535445353e-16,4.92305733291706e-19,0.992581602373887,1,1,5,0,0,0,5,117,112,6.36599999999999
"A6","r1","RSArule",4,0,674,373,0.553412462908012,1286.69729252434,1188.76411797572,0.433206866773931,19.4523872851696,0.746135509561463,5.89008042895442,1.33465940211594,0.187668189420087,0.413524343640339,5.04121070890707e-16,-3.7809080316803e-16,0,0.992581602373887,1,1,5,0,0,0,5,96,91,6.29400000000001
"A6","r1","RSArule",5,0,674,366,0.543026706231454,1352.79227225504,1269.02967646951,0.381425598222895,20.0983753313896,0.732944086930217,5.84426229508197,1.26609027621828,0.145485486979694,0.372385998051773,6.30151338613383e-16,-6.30151338613383e-16,4.92305733291706e-19,0.992581602373887,1,1,5,0,0,0,6,98,91,6.41499999999999
"A6","r1","RSArule",6,0,674,366,0.543026706231454,1354.63043242855,1237.67499194052,0.442109698632944,19.8485040228363,0.767114567482331,5.86885245901639,1.22110936447339,0.195460985625313,0.414387248159945,7.5618160633606e-16,-8.82211874058737e-16,0,0.992581602373887,1,1,5,0,0,0,5,109,103,6.56199999999998
"A6","r1","RSArule",7,0,674,358,0.531157270029674,1360.29856806293,1254.45992512785,0.393301911304508,19.9826070518241,0.7247774645354,5.91061452513966,1.35893463530664,0.154686393435779,0.37547848010082,6.30151338613383e-16,-6.30151338613383e-16,0,0.995548961424332,1,1,3,0,0,0,4,129,123,7.39699999999999
"A6","r1","RSArule",8,0,674,362,0.537091988130564,1314.69001133432,1232.11162315149,0.397484420744656,19.803867788774,0.735427632965038,5.83977900552486,1.18755452166327,0.157993864734714,0.392286699785639,7.5618160633606e-16,-1.13427240950409e-15,4.92305733291706e-19,0.991097922848665,1,1,6,0,1,0,6,111,105,6.13999999999999
"A6","r1","RSArule",9,0,674,358,0.531157270029674,1331.97916882454,1246.86494278133,0.412375387479728,19.9220840312745,0.747183585172372,5.81843575418994,1.42072359670125,0.170053460199056,0.403116718493836,8.82211874058737e-16,-7.5618160633606e-16,0,0.992581602373887,1,1,5,0,0,0,5,117,111,6.06
"A6","r1","RSArule",10,0,674,365,0.541543026706231,1346.00788116781,1250.1885893444,0.429268982104286,19.9486186885831,0.745620837568469,5.87123287671233,1.43667017913593,0.18427185899685,0.409357706266588,7.5618160633606e-16,-5.04121070890707e-16,0,0.99406528189911,1,1,4,0,0,0,5,107,100,6.47499999999999
"A6","r1","RSArule",11,0,674,374,0.554896142433234,1345.48589268208,1287.85856716657,0.397947816891436,20.2469168699898,0.734674610229141,5.89304812834225,1.43088987971499,0.15836246496866,0.389555776640195,7.5618160633606e-16,-3.7809080316803e-16,0,0.99406528189911,1,1,4,0,0,0,4,107,102,6.399
"A6","r1","RSArule",12,0,674,364,0.540059347181009,1335.04386785823,1284.08896615993,0.357118919405232,20.2172700753591,0.724988278666587,5.86813186813187,1.26079980625435,0.12753392259716,0.35066340342699,8.82211874058737e-16,-1.00824214178141e-15,1.96922293316682e-18,0.99406528189911,1,1,4,0,0,0,5,116,110,6.51600000000002
"A6","r1","RSArule",13,0,674,381,0.565281899109792,1309.75224918335,1218.1894675836,0.379228737857765,19.6916670390505,0.742224893719559,5.86351706036745,1.20237601878713,0.143814435617193,0.367714718074173,1.00824214178141e-15,-1.13427240950409e-15,4.92305733291706e-19,0.992581602373887,1,1,5,0,0,0,5,102,97,6.67999999999998
"A6","r1","RSArule",14,0,674,349,0.517804154302671,1359.71953718842,1262.90356990967,0.399792242426752,20.0498052758388,0.726655060344288,5.86246418338109,1.21666172644337,0.159833837104611,0.388283964743869,7.5618160633606e-16,-7.5618160633606e-16,0,0.99406528189911,1,1,4,0,0,0,5,106,99,6.392
"A6","r1","RSArule",15,0,674,362,0.537091988130564,1342.22977602422,1284.37519777642,0.429855937258557,20.2195044456847,0.762228507283023,5.8232044198895,1.51990327665631,0.184776126796433,0.424542632025276,8.82211874058737e-16,-7.5618160633606e-16,2.21537579981268e-18,0.99406528189911,1,1,4,0,0,0,4,104,99,6.48599999999999
"A6","r1","RSArule",16,0,674,358,0.531157270029674,1327.1820760017,1244.31934419373,0.450554109147625,19.9017363627706,0.746264477708817,5.87430167597765,1.52197079949298,0.20299900526981,0.441752003496336,6.30151338613383e-16,-1.00824214178141e-15,0,0.992581602373887,1,1,5,0,0,0,5,108,102,6.76499999999999
"A6","r1","RSArule",17,0,674,387,0.574183976261128,1279.85422034535,1182.32906740962,0.39642223519875,19.3996657414231,0.750489764371508,5.80361757105943,1.34993506580445,0.157150588559973,0.386229650857431,7.5618160633606e-16,-6.30151338613383e-16,0,0.992581602373887,1,1,5,0,0,0,5,88,83,6.63900000000001
"A6","r1","RSArule",18,0,674,367,0.544510385756677,1364.53369263179,1298.73737186559,0.396358386031615,20.3322636472473,0.746723663388283,5.87465940054496,1.39954735635265,0.157099970177587,0.384669605331266,7.5618160633606e-16,-5.04121070890707e-16,0,0.99406528189911,1,1,4,0,0,0,4,104,99,6.726
"A6","r1","RSArule",19,0,674,376,0.55786350148368,1340.10545385916,1228.88722546585,0.423404640640163,19.7779368822155,0.737982281533034,5.85372340425532,1.27187943262411,0.179271489715625,0.408784059653291,7.5618160633606e-16,-6.30151338613383e-16,5.10837927653988e-20,0.992581602373887,1,1,5,0,0,0,5,131,126,7.07300000000001
"A6","r1","RSArule",20,0,674,370,0.548961424332344,1323.89789812037,1232.97175744744,0.380855514519265,19.810771823374,0.749772617883957,5.88918918918919,1.37793159012671,0.145050922939734,0.372870358100877,7.5618160633606e-16,-1.00824214178141e-15,0,0.99406528189911,1,1,4,0,0,0,4,120,115,7.39400000000001
"A6","r2","CSR",1,0,884,418,0.472850678733032,972.92044493461,852.982768500326,0.551220860178282,16.4776460675141,0.763070926814369,5.75358851674641,1.63457941780547,0.303844436695685,0.535142923703214,1.29347446049707e-15,-3.8804233814912e-16,5.05263461131667e-19,0.996606334841629,1,1,3,0,0,0,3,148,145,11.109
"A6","r2","CSR",2,0,884,414,0.468325791855204,979.653042327845,864.974735062676,0.578309048922871,16.5930711281415,0.791175427980016,5.77053140096618,1.9012118234668,0.334441356066076,0.564423005453599,1.29347446049707e-15,-7.7608467629824e-16,1.89473797924375e-19,0.997737556561086,1,1,2,0,0,0,2,188,186,10.265
"A6","r2","CSR",3,0,884,429,0.485294117647059,969.09650394548,894.41870609664,0.551849567476571,16.8731240894588,0.775158758369493,5.78088578088578,1.72757771823192,0.304537945124079,0.524278150444275,1.29347446049707e-15,-3.8804233814912e-16,9.47368989621875e-20,0.997737556561086,1,1,2,0,0,0,2,142,140,10.307
"A6","r2","CSR",4,0,884,416,0.470588235294118,950.470943616068,825.69365733393,0.569181645319405,16.2119109975044,0.773780338723034,5.71153846153846,1.56478220574606,0.323967745368505,0.556286064556894,1.29347446049707e-15,-6.46737230248533e-16,5.05263461131667e-19,0.997737556561086,1,1,2,0,0,0,2,152,150,10.251
"A6","r2","CSR",5,0,884,426,0.481900452488688,978.29450337532,877.825008354981,0.55665822717508,16.7158705189951,0.777220494257913,5.81455399061033,1.80317591825463,0.309868381881703,0.553353278681703,1.29347446049707e-15,-6.46737230248533e-16,0,0.997737556561086,1,1,2,0,0,0,2,179,177,10.621
"A6","r2","CSR",6,0,884,420,0.475113122171946,942.810293260125,853.338960000409,0.557831050421849,16.4810286404841,0.7830863544787,5.7547619047619,1.57933287873622,0.311175480814743,0.545108979058428,1.42282190654677e-15,-5.17389784198827e-16,0,0.997737556561086,1,1,2,0,0,0,2,160,158,10.482
"A6","r2","CSR",7,0,884,421,0.476244343891403,946.023833423863,803.638701837963,0.584677897450448,15.9939408437987,0.758048413909788,5.85273159144893,1.63064133016627,0.341848243767076,0.560007836001129,1.03477956839765e-15,1.29347446049707e-16,5.05263461131667e-19,0.997737556561086,1,1,2,0,0,0,2,159,157,10.705
"A6","r2","CSR",8,0,884,420,0.475113122171946,905.802504010856,777.850478309005,0.641601121597869,15.7352309217678,0.799487142198942,5.69047619047619,1.71780884191385,0.411651999235643,0.598004525755083,1.16412701444736e-15,-5.17389784198827e-16,6.31579326414583e-20,0.997737556561086,1,1,2,0,0,0,2,171,169,10.712
"A6","r2","CSR",9,0,884,421,0.476244343891403,922.33875950995,831.372231955131,0.532388448674152,16.2675751275352,0.789647456836487,5.78384798099763,1.81269087207329,0.28343746028167,0.526456811706355,1.42282190654677e-15,-1.03477956839765e-15,2.52631730565833e-19,0.997737556561086,1,1,2,0,0,0,2,159,157,10.984
"A6","r2","CSR",10,0,884,409,0.462669683257919,958.677039588315,879.24261346521,0.52263652366455,16.7293638916741,0.781701308557122,5.7799511002445,1.79459705642648,0.273148935868166,0.511444578185029,1.16412701444736e-15,-6.46737230248533e-16,2.02105384452667e-18,0.996606334841629,1,1,3,0,0,0,3,156,153,11.05
"A6","r2","CSR",11,0,884,439,0.496606334841629,935.679875544542,873.90847661932,0.543057939588773,16.6785403356453,0.782463382222585,5.73576309794989,1.81586419945705,0.294911925750404,0.528225782927785,1.42282190654677e-15,-5.17389784198827e-16,2.52631730565833e-19,0.997737556561086,1,1,2,0,0,0,2,136,134,11.001
"A6","r2","CSR",12,0,884,416,0.470588235294118,971.158724770821,879.552974327773,0.548804120694353,16.7323141527037,0.782824050696523,5.78365384615385,1.70247914735867,0.301185962891102,0.525445566441497,1.42282190654677e-15,-9.05432122347947e-16,8.45600836439838e-20,0.996606334841629,1,1,3,0,0,0,3,179,176,11.218
"A6","r2","CSR",13,0,884,434,0.490950226244344,958.432743540312,901.198494181621,0.514482103691121,16.9369488937941,0.785296287511494,5.79493087557604,1.55831142708145,0.264691835018441,0.505084048654289,1.42282190654677e-15,-9.05432122347947e-16,0,0.997737556561086,1,1,2,0,0,0,3,155,152,11.719
"A6","r2","CSR",14,0,884,434,0.490950226244344,915.913912057339,815.656283311044,0.544423512621533,16.1130769393423,0.774961594659525,5.75345622119816,1.54877555581571,0.296396961095169,0.520184518861237,1.55216935259648e-15,-1.03477956839765e-15,0,0.996606334841629,1,1,3,0,0,0,3,153,150,10.592
"A6","r2","CSR",15,0,884,414,0.468325791855204,949.43768192991,861.62504713219,0.537354043379058,16.5609107484242,0.775636607242073,5.79710144927536,1.61490683229814,0.288749367935822,0.517423211812026,1.29347446049707e-15,-3.8804233814912e-16,0,0.997737556561086,1,1,2,0,0,0,2,182,180,10.512
"A6","r2","CSR",16,0,884,431,0.487556561085973,931.459616619704,819.353157719692,0.539703984796617,16.1495575907851,0.783609633285457,5.74941995359629,1.61148222090325,0.291280391205347,0.527929959831858,1.29347446049707e-15,-3.8804233814912e-16,1.86266559157426e-20,0.997737556561086,1,1,2,0,0,0,2,171,169,10.581
"A6","r2","CSR",17,0,884,418,0.472850678733032,913.489844953457,840.403080098397,0.537955056436696,16.355686324837,0.783771457209511,5.7822966507177,1.5088465113077,0.289395642745809,0.508580006019325,1.42282190654677e-15,-5.17389784198827e-16,0,0.997737556561086,1,1,2,0,0,0,4,161,157,11.386
"A6","r2","CSR",18,0,884,433,0.489819004524887,929.173374325023,848.860322773505,0.559827268847273,16.4377806509264,0.784685509180969,5.75519630484988,1.7547472414678,0.313406570944997,0.552929510209843,1.29347446049707e-15,-2.58694892099413e-16,0,0.997737556561086,1,1,2,0,0,0,2,164,162,11.399
"A6","r2","CSR",19,0,884,425,0.480769230769231,970.576570224097,902.252796074739,0.55392818660881,16.9468576682392,0.780335870126842,5.77411764705882,1.82149833518313,0.306836435919725,0.546093707663878,1.29347446049707e-15,-5.17389784198827e-16,1.01052692226333e-18,0.997737556561086,1,1,2,0,0,0,2,152,150,11.414
"A6","r2","CSR",20,0,884,442,0.5,886.399616619518,806.280821311427,0.569273982692311,16.0202072533886,0.776039690660473,5.73303167420814,1.87414452960671,0.324072867370365,0.555521753349254,1.16412701444736e-15,-6.46737230248533e-16,2.02105384452667e-18,0.997737556561086,1,1,2,0,0,0,3,160,156,11.675
"A6","r2","RSA",1,0,884,446,0.504524886877828,935.40780601062,844.534340978623,0.56749104328967,16.3958330433384,0.791269811806259,5.76233183856502,1.76810601098403,0.322046084213998,0.552054012031552,1.29347446049707e-15,-5.17389784198827e-16,0,0.997737556561086,1,1,2,0,0,0,2,150,148,11.25
"A6","r2","RSA",2,0,884,427,0.483031674208145,972.635391866563,876.368522786757,0.53314630113486,16.7019988247907,0.789423775626839,5.76112412177986,1.58130201976889,0.284244978413783,0.517935636094256,1.29347446049707e-15,-9.05432122347947e-16,0,0.997737556561086,1,1,2,0,0,0,2,157,155,10.054
"A6","r2","RSA",3,0,884,423,0.478506787330317,947.029995588632,853.917328326911,0.549817996938017,16.486671210105,0.782767307415387,5.77068557919622,1.56577369948349,0.302299829756933,0.54053996043924,1.29347446049707e-15,-5.17389784198827e-16,6.63158292735313e-19,0.997737556561086,1,1,2,0,0,0,3,141,138,9.97699999999998
"A6","r2","RSA",4,0,884,418,0.472850678733032,940.665177828862,836.817525044006,0.564139517372616,16.3207054429745,0.76797574125071,5.77033492822966,1.59700756141498,0.318253395061409,0.549862792592677,1.16412701444736e-15,-5.17389784198827e-16,0,0.997737556561086,1,1,2,0,0,0,2,152,150,9.89100000000002
"A6","r2","RSA",5,0,884,430,0.486425339366516,931.521819184255,842.673515402674,0.556032019977024,16.3777660910779,0.774491084924513,5.77209302325581,1.58430097034748,0.30917160723973,0.550484817839611,1.16412701444736e-15,-3.8804233814912e-16,0,0.996606334841629,1,1,3,0,0,0,3,157,154,10.014
"A6","r2","RSA",6,0,884,423,0.478506787330317,932.283751947568,869.771705243722,0.519320918461371,16.6390183755536,0.773276730975949,5.78486997635934,1.51048144039976,0.269694216351562,0.503985033845768,1.29347446049707e-15,-9.05432122347947e-16,0,0.997737556561086,1,1,2,0,0,0,3,141,138,10.114
"A6","r2","RSA",7,0,884,424,0.479638009049774,961.234826793051,867.884871583149,0.54128193403874,16.6209603769769,0.755623432028087,5.75471698113208,1.89714081805611,0.292986132116719,0.525700730417169,1.29347446049707e-15,-5.17389784198827e-16,3.15789663207292e-19,0.997737556561086,1,1,2,0,0,0,2,160,158,10.669
"A6","r2","RSA",8,0,884,431,0.487556561085973,940.889047519351,865.265843906676,0.532025478473274,16.5958631077945,0.771163998820865,5.76566125290023,1.83565531754168,0.283051109744716,0.521885144787939,1.16412701444736e-15,-5.17389784198827e-16,1.57894831603646e-20,0.997737556561086,1,1,2,0,0,0,2,181,179,10.685
"A6","r2","RSA",9,0,884,421,0.476244343891403,943.243352035538,830.99940224146,0.542440849004368,16.2639271132859,0.783187030116531,5.77197149643705,1.65740300870942,0.29424207466858,0.539780502938287,1.29347446049707e-15,-7.7608467629824e-16,0,0.996606334841629,1,1,3,0,1,0,3,141,138,10.723
"A6","r2","RSA",10,0,884,410,0.463800904977376,1016.09240406988,898.300532847683,0.543195508604818,16.9096995937609,0.762564776356574,5.78292682926829,1.50044129047647,0.295061360568447,0.531824346925286,1.16412701444736e-15,-5.17389784198827e-16,0,0.996606334841629,1,1,3,0,0,0,3,165,162,10.893
"A6","r2","RSA",11,0,884,423,0.478506787330317,972.333011329119,898.010002691414,0.568490065727731,16.9069648887259,0.78354971976415,5.78486997635934,1.59105016077891,0.32318095483112,0.555204389068645,1.29347446049707e-15,-5.17389784198827e-16,3.03158076679e-18,0.997737556561086,1,1,2,0,0,0,2,153,151,11.114
"A6","r2","RSA",12,0,884,431,0.487556561085973,921.369132205714,814.054225267388,0.617745825670379,16.097251560198,0.787409902254557,5.7215777262181,1.43392866778179,0.381609905133178,0.597687656877436,1.29347446049707e-15,-1.29347446049707e-16,0,0.997737556561086,1,1,2,0,0,0,3,153,150,11.289
"A6","r2","RSA",13,0,884,454,0.513574660633484,895.066859906228,813.665635112841,0.513673523079176,16.0934067219474,0.790835073449216,5.784140969163,1.57361107059155,0.263860488312572,0.508490364010041,1.29347446049707e-15,-3.8804233814912e-16,0,0.996606334841629,1,1,3,0,0,0,3,144,140,11.268
"A6","r2","RSA",14,0,884,419,0.473981900452489,960.642667653768,876.216911000962,0.50212848717346,16.7005540391039,0.785258625338982,5.76133651551313,1.69888433385481,0.252133017631107,0.48930490048557,1.16412701444736e-15,-2.58694892099413e-16,6.31579326414583e-20,0.997737556561086,1,1,2,0,0,0,3,176,172,10.568
"A6","r2","RSA",15,0,884,434,0.490950226244344,916.357569205665,794.235726944086,0.590160643137866,15.9000877620327,0.786218633905919,5.74654377880184,1.66771320015751,0.348289584708899,0.569024122589511,1.42282190654677e-15,-6.46737230248533e-16,6.31579326414583e-20,0.997737556561086,1,1,2,0,0,0,2,152,150,10.184
"A6","r2","RSA",16,0,884,425,0.480769230769231,986.646715181769,831.293651525893,0.562517408962933,16.2668063123194,0.785381318014063,5.76941176470588,1.82406215316315,0.316425835386371,0.553078517705131,1.16412701444736e-15,-1.29347446049707e-16,2.52631730565833e-19,0.997737556561086,1,1,2,0,0,0,2,164,162,10.406
"A6","r2","RSA",17,0,884,423,0.478506787330317,951.599030600426,875.414144045071,0.533328761859636,16.6929019812215,0.780296260328043,5.73286052009456,1.91187971272674,0.284439568226732,0.532483271203562,1.29347446049707e-15,-3.8804233814912e-16,0,0.996606334841629,1,1,3,0,0,0,3,145,141,10.818
"A6","r2","RSA",18,0,884,428,0.484162895927602,930.326099531899,848.076831132722,0.552282784507624,16.43018683486,0.763238322281316,5.8107476635514,1.49805751931537,0.305016274063495,0.545307458098521,1.16412701444736e-15,-2.58694892099413e-16,0,0.996606334841629,1,1,3,0,0,0,3,195,192,11.312
"A6","r2","RSA",19,0,884,403,0.455882352941176,968.922942357194,893.547982301745,0.507670568551236,16.864909028697,0.751434236850991,5.77915632754342,1.45110674913275,0.257729406173135,0.504465023995613,1.29347446049707e-15,-3.8804233814912e-16,0,0.996606334841629,1,1,3,0,0,0,3,161,158,11.108
"A6","r2","RSA",20,0,884,422,0.47737556561086,948.181381611918,848.989847526837,0.56148253528585,16.4390346645477,0.777457533005477,5.78199052132701,1.66257275050377,0.315262637431026,0.544976129221302,1.42282190654677e-15,-1.03477956839765e-15,0,0.997737556561086,1,1,2,0,0,0,2,180,178,11.521
"A6","r2","RSArule",1,0,884,407,0.460407239819004,1006.52181721643,935.325245253397,0.405848127794443,17.2546594391612,0.747871094623282,5.83783783783784,1.44161895886034,0.164712702834254,0.3947618440074,1.16412701444736e-15,-6.46737230248533e-16,6.31579326414583e-19,0.997737556561086,1,1,2,0,0,0,2,156,154,10.76
"A6","r2","RSArule",2,0,884,401,0.453619909502262,984.16394246829,927.210005427333,0.426399424264153,17.1796423506442,0.743695110065122,5.82044887780549,1.32768079800499,0.181816469012802,0.419162149180979,1.03477956839765e-15,-1.29347446049707e-16,0,0.997737556561086,1,1,2,0,0,0,2,145,143,9.99000000000001
"A6","r2","RSArule",3,0,884,417,0.471719457013575,962.679883407142,882.604681815324,0.419214489362306,16.7613184390106,0.752320917693268,5.81294964028777,1.1860819037078,0.175740788091299,0.409605274496447,1.16412701444736e-15,-1.16412701444736e-15,0,0.997737556561086,1,1,2,0,0,0,2,165,163,10.129
"A6","r2","RSArule",4,0,884,419,0.473981900452489,1000.37055665437,937.027969425139,0.424159410620284,17.2703580246254,0.745460903264805,5.79952267303103,1.13196149410193,0.179911205617747,0.40912706048734,1.42282190654677e-15,-9.05432122347947e-16,0,0.997737556561086,1,1,2,0,0,0,3,179,176,10.172
"A6","r2","RSArule",5,0,884,412,0.46606334841629,967.123737465016,928.477409916842,0.411642034481717,17.1913790060973,0.754258473306734,5.83252427184466,1.34657950062599,0.169449164552247,0.400228181762644,1.16412701444736e-15,-3.8804233814912e-16,2.52631730565833e-19,0.997737556561086,1,1,2,0,0,0,2,166,164,10.211
"A6","r2","RSArule",6,0,884,422,0.47737556561086,984.251569385366,929.218009893039,0.420596087674601,17.1982347548261,0.739861881233117,5.75355450236967,1.36429849939773,0.176901068967181,0.401876967123769,1.16412701444736e-15,-2.58694892099413e-16,0,0.997737556561086,1,1,2,0,0,0,2,157,155,10.299
"A6","r2","RSArule",7,0,884,412,0.46606334841629,989.66218534916,926.898259030585,0.408950078153746,17.1767530885877,0.747717883520198,5.83495145631068,1.38388491247963,0.167240166421955,0.395543894558782,1.29347446049707e-15,-6.46737230248533e-16,0,0.996606334841629,1,1,3,0,0,0,3,141,138,10.199
"A6","r2","RSArule",8,0,884,406,0.459276018099547,975.63340659183,931.997486738064,0.409802968844026,17.223936265214,0.734016023925771,5.79556650246305,1.18032597457885,0.167938473273378,0.400062417083129,1.29347446049707e-15,-5.17389784198827e-16,0,0.996606334841629,1,1,3,0,0,0,3,155,152,10.633
"A6","r2","RSArule",9,0,884,417,0.471719457013575,991.380803379926,921.184946597827,0.408101719795752,17.123734274561,0.741476695367235,5.80095923261391,1.11172984689172,0.166547013700251,0.398348018579304,1.29347446049707e-15,-3.8804233814912e-16,0,0.997737556561086,1,1,2,0,0,0,2,128,126,10.613
"A6","r2","RSArule",10,0,884,402,0.454751131221719,1026.81106584274,969.137526008666,0.423714809929931,17.5637665681169,0.743492481608195,5.84577114427861,1.25296212205804,0.179534240153957,0.411950505904188,1.29347446049707e-15,-1.03477956839765e-15,1.26315865282917e-19,0.997737556561086,1,1,2,0,0,0,4,159,155,11.255
"A6","r2","RSArule",11,0,884,408,0.461538461538462,1008.22263037724,938.2392833007,0.42202521992413,17.2815047899477,0.726091500710606,5.85539215686275,1.36232957556487,0.17810528625201,0.409529371144774,1.29347446049707e-15,-6.46737230248533e-16,0,0.997737556561086,1,1,2,0,0,0,3,156,152,11.226
"A6","r2","RSArule",12,0,884,416,0.470588235294118,1015.65557695487,937.434376818331,0.411394007883893,17.2740985694756,0.75436675788435,5.87259615384615,1.31625926784059,0.169245029722772,0.395331243340134,1.42282190654677e-15,2.58694892099413e-16,0,0.997737556561086,1,1,2,0,0,0,2,164,162,11.561
"A6","r2","RSArule",13,0,884,415,0.469457013574661,991.334427264554,921.143396044913,0.412804098576593,17.1233480824869,0.747790587013164,5.8144578313253,1.28674698795181,0.170407223801634,0.406526941960589,1.55216935259648e-15,-6.46737230248533e-16,1.04210588858406e-18,0.997737556561086,1,1,2,0,0,0,2,141,139,10.606
"A6","r2","RSArule",14,0,884,419,0.473981900452489,992.916081576246,911.130507627032,0.415355487964705,17.0300278385368,0.75850618120705,5.83770883054893,1.50948373319935,0.172520181382398,0.408966103251596,1.55216935259648e-15,-6.46737230248533e-16,1.45263245075354e-18,0.997737556561086,1,1,2,0,0,0,2,167,165,10.246
"A6","r2","RSArule",15,0,884,418,0.472850678733032,972.275920043336,876.827137222874,0.423060205541853,16.7063684316155,0.737439722475166,5.80861244019139,1.31580094775854,0.178979937513115,0.410417223061591,1.29347446049707e-15,-5.17389784198827e-16,0,0.997737556561086,1,1,2,0,0,0,2,154,152,10.432
"A6","r2","RSArule",16,0,884,415,0.469457013574661,957.169978395319,907.271407548637,0.414692724188282,16.9939241634949,0.740594414982874,5.78072289156627,1.25373377568244,0.171970055494698,0.402695170857987,1.29347446049707e-15,-1.29347446049707e-16,1.01052692226333e-18,0.997737556561086,1,1,2,0,0,0,3,158,155,10.88
"A6","r2","RSArule",17,0,884,401,0.453619909502262,980.678618780276,887.60497023008,0.43493197051216,16.8087309767901,0.757096740616727,5.80798004987531,1.360536159601,0.189165818973591,0.427656839671557,1.29347446049707e-15,-3.8804233814912e-16,0,0.996606334841629,1,1,3,0,0,0,3,138,135,10.753
"A6","r2","RSArule",18,0,884,414,0.468325791855204,965.42714183384,886.393400565604,0.413614242798754,16.7972541388772,0.756560335843339,5.83333333333333,1.33050847457627,0.171076741845986,0.396014020089861,1.16412701444736e-15,-6.46737230248533e-16,0,0.995475113122172,1,1,4,0,0,0,5,157,152,11.084
"A6","r2","RSArule",19,0,884,420,0.475113122171946,967.520573566175,884.993955155868,0.409448455877023,16.7839901393394,0.743018859616282,5.84285714285714,1.45973406068871,0.167648038020078,0.398034681023647,1.55216935259648e-15,-1.16412701444736e-15,0,0.997737556561086,1,1,2,0,0,0,2,141,139,11.548
"A6","r2","RSArule",20,0,884,416,0.470588235294118,973.398203477505,912.444952618509,0.387387783883263,17.0423060232578,0.734942377664804,5.82932692307692,1.47682460611677,0.150069295101986,0.378123762513845,1.29347446049707e-15,-3.8804233814912e-16,0,0.997737556561086,1,1,2,0,0,0,2,133,131,11.596
"A6","r3","CSR",1,0,1080,837,0.775,858.495447539683,778.295774201836,0.520262447891525,15.7397344101961,0.783627533784166,5.91875746714456,1.71348744948066,0.270673014686082,0.505666219703217,6.02530960930856e-16,1.20506192186171e-16,1.08258088149427e-18,1,1,1,0,0,0,0,0,42,42,2.256
"A6","r3","CSR",2,0,1080,830,0.768518518518518,881.790125318081,803.918842466448,0.522903942973001,15.9967275646605,0.763654790384884,5.92409638554217,1.92306160710393,0.273428533576712,0.514128828950272,6.02530960930856e-16,6.02530960930856e-16,5.88409141534039e-20,1,1,1,0,0,0,0,0,40,40,2.73099999999999
"A6","r3","CSR",3,0,1080,839,0.776851851851852,879.072781358007,793.922966164282,0.567163886455587,15.8969660312416,0.761336836815544,5.89749702026222,1.69831115005078,0.321674874099406,0.549438074572175,6.02530960930856e-16,3.61518576558514e-16,0,1,1,1,0,0,0,0,0,22,22,2.93000000000002
"A6","r3","CSR",4,0,1080,836,0.774074074074074,874.215070389195,796.751248194931,0.515446393356899,15.9252559352152,0.783271142634343,5.90909090909091,1.78573761567774,0.265684984424635,0.506366241580468,6.02530960930856e-16,7.23037153117028e-16,0,1,1,1,0,0,0,0,0,49,49,2.94199999999999
"A6","r3","CSR",5,0,1080,845,0.782407407407407,869.923140279531,792.073512773395,0.542304050882281,15.8784391455865,0.773588411644338,5.91479289940828,1.74628565018649,0.294093683603331,0.531759618758555,6.02530960930856e-16,4.82024768744685e-16,2.00059108121573e-18,1,1,1,0,0,0,0,0,52,52,3.054
"A6","r3","CSR",6,0,1080,828,0.766666666666667,882.480888059166,777.06461218239,0.546127445608246,15.7272802055303,0.777054956199295,5.91787439613527,1.64983731431342,0.298255186846588,0.528548636257635,4.82024768744685e-16,0,0,1,1,1,0,0,0,0,0,54,54,3.08700000000002
"A6","r3","CSR",7,0,1080,837,0.775,850.442982249687,786.084495279662,0.530633781464692,15.8182953008,0.775516971206403,5.90442054958184,1.77554263632362,0.281572210031519,0.514159351116679,6.02530960930856e-16,3.61518576558514e-16,9.70875083531165e-19,1,1,1,0,0,0,0,0,45,45,3.05799999999999
"A6","r3","CSR",8,0,1080,846,0.783333333333333,852.827357155269,777.115056259935,0.531349779808218,15.7277906271116,0.761697897795526,5.89243498817967,1.53989536559095,0.282332588502242,0.519696530210306,4.82024768744685e-16,3.61518576558514e-16,0,1,1,1,0,0,0,0,0,33,33,3.01300000000001
"A6","r3","CSR",9,0,1080,844,0.781481481481481,858.828181585738,773.592024533284,0.54117707772184,15.6920986500637,0.760904806047295,5.90047393364929,1.69589538603386,0.29287262945155,0.529832962070167,4.82024768744685e-16,6.02530960930856e-16,8.45838140955182e-19,1,1,1,0,0,0,0,1,48,47,2.82499999999999
"A6","r3","CSR",10,0,1080,832,0.77037037037037,871.388621424548,792.518377454307,0.541009263093661,15.8828975433629,0.764294803633691,5.90985576923077,1.69944546653707,0.292691022753146,0.516069647500985,6.02530960930856e-16,6.02530960930856e-16,4.70727313227232e-19,1,1,1,0,0,0,0,0,36,36,2.761
"A6","r3","CSR",11,0,1080,825,0.763888888888889,847.765554643481,763.74915900295,0.523225842746881,15.5919500985347,0.7688617615204,5.87636363636364,1.81964695498676,0.273765282518184,0.512259250969854,6.02530960930856e-16,6.02530960930856e-16,1.88290925290893e-18,1,1,1,0,0,0,0,0,32,32,2.755
"A6","r3","CSR",12,0,1080,823,0.762037037037037,878.434815846018,770.427002311774,0.552436407216908,15.6599658817885,0.765939083821034,5.90279465370595,1.73506517311007,0.305185984018725,0.538450926720176,6.02530960930856e-16,1.20506192186171e-16,1.17681828306808e-19,1,1,1,0,0,0,0,0,45,45,2.87700000000001
"A6","r3","CSR",13,0,1080,830,0.768518518518518,874.325043743658,783.242313639721,0.547452304562544,15.7896728663104,0.77191270932267,5.92168674698795,1.71038557123548,0.299704025770841,0.52745170918695,6.02530960930856e-16,4.82024768744685e-16,1.41218193968169e-18,1,1,1,0,0,0,0,0,47,47,2.83100000000002
"A6","r3","CSR",14,0,1080,829,0.767592592592593,870.569493757184,791.8822021878,0.534396224126412,15.8765214593553,0.784032570821311,5.91556091676719,1.68368268620012,0.285579324360566,0.522923709093804,6.02530960930856e-16,9.6404953748937e-16,2.57428999421142e-20,1,1,1,0,0,0,0,0,55,55,2.881
"A6","r3","CSR",15,0,1080,830,0.768518518518518,875.89636789171,804.410896125167,0.529924462496607,16.0016221292507,0.773538073255794,5.89277108433735,1.90043018878893,0.280819935952318,0.520495451997764,4.82024768744685e-16,2.41012384372343e-16,8.82613712301059e-20,1,1,1,0,0,0,0,0,38,38,2.893
"A6","r3","CSR",16,0,1080,826,0.764814814814815,886.327188312888,801.407155410424,0.565263794496327,15.9717191517882,0.763476560987143,5.91404358353511,1.71260253870423,0.319523157368386,0.5572578425723,4.82024768744685e-16,4.82024768744685e-16,0,1,1,1,0,0,0,0,0,62,62,2.90200000000002
"A6","r3","CSR",17,0,1080,843,0.780555555555556,858.935188355304,783.209785407877,0.542301979481056,15.7893450672032,0.770633663119274,5.90391459074733,1.78291814946619,0.294091436949071,0.535357988182672,6.02530960930856e-16,7.23037153117028e-16,1.17681828306808e-18,1,1,1,0,0,0,0,0,32,32,2.89099999999999
"A6","r3","CSR",18,0,1080,831,0.769444444444444,878.010575200749,801.364585287704,0.541510376384004,15.9712951865104,0.766090042407523,5.91456077015644,1.77220941527844,0.293233487731545,0.534853046325833,6.02530960930856e-16,3.61518576558514e-16,0,1,1,1,0,0,0,0,0,45,45,3.06100000000001
"A6","r3","CSR",19,0,1080,828,0.766666666666667,867.437588949711,776.57984946886,0.540223822839643,15.7223646515146,0.776792428586035,5.89251207729469,1.6244662332276,0.291841778763478,0.528516259354876,3.61518576558514e-16,6.02530960930856e-16,7.35511426917549e-21,1,1,1,0,0,1,0,0,51,51,2.92999999999998
"A6","r3","CSR",20,0,1080,832,0.77037037037037,869.492830269944,787.91809008787,0.533971801745466,15.836732964667,0.771935946396578,5.89302884615385,1.74666614597797,0.285125885059299,0.514781610084753,4.82024768744685e-16,7.23037153117028e-16,0,1,1,1,0,0,0,0,0,27,27,2.88400000000001
"A6","r3","RSA",1,0,1080,814,0.753703703703704,888.321004116837,799.920359135667,0.543077684668939,15.9568880736852,0.772158186268976,5.92260442260442,1.72954991220674,0.294933371585376,0.531431106606595,6.02530960930856e-16,6.02530960930856e-16,0,1,1,1,0,0,0,0,0,62,62,2.347
"A6","r3","RSA",2,0,1080,826,0.764814814814815,881.882947278385,803.802957736176,0.500882535230395,15.9955750980669,0.778282812628901,5.92978208232446,1.70415437669675,0.250883314098827,0.489188924599661,4.82024768744685e-16,6.02530960930856e-16,8.45838140955182e-19,1,1,1,0,0,0,0,0,33,33,2.623
"A6","r3","RSA",3,0,1080,823,0.762037037037037,866.357545243084,801.180930755682,0.53644694744507,15.9694649528863,0.774438579115359,5.91251518833536,1.826886975134,0.287775327423134,0.523242193186058,6.02530960930856e-16,-1.20506192186171e-16,1.17681828306808e-19,1,1,1,0,0,0,0,0,42,42,2.85599999999999
"A6","r3","RSA",4,0,1080,833,0.771296296296296,878.122946191862,806.57850315867,0.511128597244013,16.0231679620083,0.76949953376427,5.89435774309724,1.69315322282759,0.261252442920632,0.493875758169569,6.02530960930856e-16,7.23037153117028e-16,0,1,1,1,0,0,0,0,0,48,48,2.90000000000001
"A6","r3","RSA",5,0,1080,846,0.783333333333333,858.467134882845,775.793419411863,0.549479283629048,15.7144109127325,0.776690742248353,5.90898345153664,1.65206121392701,0.301927483137492,0.521576850850581,6.02530960930856e-16,2.41012384372343e-16,0,1,1,1,0,0,0,0,0,32,32,2.758
"A6","r3","RSA",6,0,1080,838,0.775925925925926,838.146710922091,759.719011777089,0.527011292333526,15.5507491488986,0.773122163116343,5.90692124105012,1.66157688984696,0.277740902247053,0.512019860032803,6.02530960930856e-16,1.20506192186171e-16,5.00147770303934e-19,1,1,1,0,0,0,0,0,44,44,3.102
"A6","r3","RSA",7,0,1080,834,0.772222222222222,882.929475652497,824.068617041758,0.524541937871193,16.1959620114274,0.772590492153949,5.93525179856115,1.73409795572905,0.275144244585667,0.509622645553277,4.82024768744685e-16,4.82024768744685e-16,0,1,1,1,0,0,0,0,0,49,49,2.964
"A6","r3","RSA",8,0,1080,828,0.766666666666667,871.65381364232,801.058260619742,0.512080295223499,15.968241333015,0.756936671186443,5.93236714975845,1.57462220119283,0.262226228756186,0.50589279026464,6.02530960930856e-16,6.02530960930856e-16,2.82436387936339e-18,1,1,1,0,0,0,0,0,53,53,2.798
"A6","r3","RSA",9,0,1080,826,0.764814814814815,873.452244501842,805.075597722351,0.525103996619759,16.0082234894651,0.763204363170126,5.92978208232446,1.7356695282119,0.275734207266044,0.510042853855707,4.82024768744685e-16,1.20506192186171e-16,0,1,1,1,0,0,0,0,1,34,33,2.74199999999999
"A6","r3","RSA",10,0,1080,826,0.764814814814815,871.722270076729,808.505147440292,0.524158335957953,16.0422934456779,0.770592638942845,5.909200968523,1.56144251228997,0.27474196115421,0.507481747358801,6.02530960930856e-16,2.41012384372343e-16,1.88290925290893e-18,1,1,1,0,0,0,0,0,52,52,2.678
"A6","r3","RSA",11,0,1080,835,0.773148148148148,864.193333912925,788.895126732629,0.523720732253354,15.8465490880889,0.777831166698372,5.87784431137725,1.71647496374158,0.27428340539199,0.51643038748623,4.82024768744685e-16,1.20506192186171e-16,0,1,1,1,0,0,0,0,0,38,38,2.95599999999999
"A6","r3","RSA",12,0,1080,822,0.761111111111111,885.172357062168,800.504251402445,0.545099006017813,15.9627196033137,0.770258571069403,5.92457420924574,1.8262163227445,0.297132926361608,0.530740680661847,6.02530960930856e-16,6.02530960930856e-16,0,1,1,1,0,0,0,0,0,43,43,2.79999999999998
"A6","r3","RSA",13,0,1080,826,0.764814814814815,861.696699033314,787.777726637824,0.506651014881452,15.8353224902248,0.768044760308639,5.90072639225182,1.69679947171473,0.256695250880406,0.495499596295064,6.02530960930856e-16,9.6404953748937e-16,0,1,1,1,0,0,0,0,0,58,58,2.93000000000001
"A6","r3","RSA",14,0,1080,817,0.756481481481482,881.577118894903,801.240407598363,0.5232781694228,15.9700577002242,0.774994554996242,5.92288861689106,1.67419360645115,0.273820042594477,0.498800436294858,7.23037153117028e-16,7.23037153117028e-16,0,1,1,1,0,0,0,0,0,41,41,2.89699999999999
"A6","r3","RSA",15,0,1080,833,0.771296296296296,860.954039667902,779.159518333415,0.512081949895195,15.7484658808319,0.783863840765994,5.89795918367347,1.57250784929356,0.262227923408465,0.503210391652933,4.82024768744685e-16,3.61518576558514e-16,0,1,1,1,0,0,0,0,0,39,39,2.85300000000001
"A6","r3","RSA",16,0,1080,841,0.778703703703704,850.478517379552,748.945149642374,0.539581982910056,15.4400986182267,0.769138768544266,5.92033293697979,1.80912179378291,0.291148716281148,0.522129580662551,4.82024768744685e-16,6.02530960930856e-16,0,1,1,1,0,0,0,0,0,59,59,3.11000000000001
"A6","r3","RSA",17,0,1080,832,0.77037037037037,881.152621871722,795.814802145085,0.51839194269464,15.9158946449209,0.773508720683132,5.91826923076923,1.84650097195224,0.268730206250723,0.510778325069831,6.02530960930856e-16,7.23037153117028e-16,0,1,1,1,0,0,0,0,0,33,33,2.81400000000002
"A6","r3","RSA",18,0,1080,828,0.766666666666667,866.114374240397,778.545436768778,0.547697304960114,15.7422552920264,0.770695284036988,5.91062801932367,1.82513479253924,0.299972337860572,0.541351111556352,6.02530960930856e-16,2.41012384372343e-16,0,1,1,1,0,0,0,0,1,47,46,3.09200000000001
"A6","r3","RSA",19,0,1080,830,0.768518518518518,862.993474565492,775.014090412866,0.526075716707493,15.7065129629821,0.770227058412562,5.90602409638554,1.72577790050431,0.276755659709302,0.502966892030489,6.02530960930856e-16,6.02530960930856e-16,3.76581850581785e-18,1,1,1,0,0,0,0,0,30,30,2.97200000000001
"A6","r3","RSA",20,0,1080,815,0.75462962962963,872.325784068489,781.136721082345,0.540088212510184,15.7684349502955,0.781660714029605,5.89570552147239,1.88960069941665,0.291695277292446,0.529018431290097,4.82024768744685e-16,4.82024768744685e-16,2.41247748028956e-18,1,1,1,0,0,0,0,0,39,39,2.905
"A6","r3","RSArule",1,0,1080,817,0.756481481481482,885.791257015081,818.938806800141,0.431257633570593,16.1454736190687,0.744028411015879,5.91432068543452,1.2843167254662,0.185983146512908,0.421027777890408,6.02530960930856e-16,2.41012384372343e-16,0,1,1,1,0,0,0,0,0,44,44,2.443
"A6","r3","RSArule",2,0,1080,814,0.753703703703704,889.010460650991,843.235877249143,0.397602807249122,16.3832326255775,0.737950670866546,5.92260442260442,1.32856590236664,0.158087992332382,0.388510787993995,4.82024768744685e-16,1.20506192186171e-16,0,1,1,1,0,0,0,0,0,39,39,2.83499999999999
"A6","r3","RSArule",3,0,1080,837,0.775,879.34572652053,821.175306372299,0.399930184846485,16.1675050118534,0.750877730798278,5.93070489844683,1.34925943075349,0.159944152751343,0.386089583224315,6.02530960930856e-16,2.41012384372343e-16,9.41454626454463e-19,1,1,1,0,0,0,0,0,44,44,3.035
"A6","r3","RSArule",4,0,1080,834,0.772222222222222,896.192680999316,836.148694480523,0.416200739591285,16.3142389906749,0.731761781439912,5.92446043165468,1.36883674333043,0.173223055636333,0.401084928955426,4.82024768744685e-16,3.61518576558514e-16,3.76581850581785e-18,1,1,1,0,0,0,0,0,42,42,2.85900000000001
"A6","r3","RSArule",5,0,1080,820,0.759259259259259,883.21885459184,830.352351009867,0.390957702152607,16.2575928281361,0.736379125832584,5.92439024390244,1.33737752762143,0.152847924872447,0.380412407945711,6.02530960930856e-16,6.02530960930856e-16,0,1,1,1,0,0,0,0,0,46,46,3.276
"A6","r3","RSArule",6,0,1080,817,0.756481481481482,878.930125432931,806.131753365217,0.434868868540388,16.0187298704617,0.746838563485437,5.92044063647491,1.31841745266038,0.189110932825597,0.418866722859918,6.02530960930856e-16,2.41012384372343e-16,9.41454626454463e-19,1,1,1,0,0,0,0,0,32,32,3.14800000000001
"A6","r3","RSArule",7,0,1080,835,0.773148148148148,875.282485826087,826.911269921752,0.408221286685975,16.2238722940267,0.75731394880087,5.90538922155689,1.54859202458393,0.166644618903553,0.399991747072946,6.02530960930856e-16,7.23037153117028e-16,0,1,1,1,0,0,0,0,0,36,36,2.98600000000002
"A6","r3","RSArule",8,0,1080,815,0.75462962962963,905.514059664733,832.126541445645,0.410278563830365,16.2749532932686,0.746384213339861,5.94846625766871,1.43223044572738,0.168328499938707,0.399027992199136,6.02530960930856e-16,4.82024768744685e-16,5.88409141534039e-20,1,1,1,0,0,0,0,0,49,49,2.804
"A6","r3","RSArule",9,0,1080,831,0.769444444444444,877.405800166058,800.808410764867,0.422260184933485,15.9657519110622,0.75499459915964,5.91215403128761,1.43685210154698,0.178303663780061,0.414877561056991,4.82024768744685e-16,3.61518576558514e-16,2.9420457076702e-19,1,1,1,0,0,0,0,0,28,28,2.755
"A6","r3","RSArule",10,0,1080,808,0.748148148148148,884.172195973553,815.639389225729,0.417483481066278,16.1129164701316,0.742243263299341,5.93811881188119,1.31710773307814,0.174292456963217,0.410245904485383,4.82024768744685e-16,3.61518576558514e-16,0,1,1,1,0,0,0,0,0,39,39,2.83699999999999
"A6","r3","RSArule",11,0,1080,807,0.747222222222222,899.187542744244,843.912017221056,0.399463641802441,16.3897998203385,0.741627138425793,5.95167286245353,1.28426208639663,0.159571201122069,0.383246195543089,3.61518576558514e-16,1.20506192186171e-16,0,1,1,1,0,0,0,0,0,45,45,2.94
"A6","r3","RSArule",12,0,1080,842,0.77962962962963,866.103999883194,815.917040884477,0.408881176563067,16.1156586229345,0.737010722692584,5.90855106888361,1.32932037134844,0.167183816547598,0.398212634337634,4.82024768744685e-16,2.41012384372343e-16,0,1,1,1,0,0,0,0,0,51,51,2.935
"A6","r3","RSArule",13,0,1080,819,0.758333333333333,879.760049853502,820.053275861212,0.415130241278505,16.1564558274402,0.744693641812937,5.90476190476191,1.31854697869368,0.172333117223949,0.406273329142411,7.23037153117028e-16,0.000389838263385371,0.000389838263384729,1,1,1,0,0,0,0,0,19,19,2.73599999999999
"A6","r3","RSArule",14,0,1080,826,0.764814814814815,876.387292726326,820.466541162058,0.410888219988046,16.1605260841646,0.73380343251395,5.94309927360775,1.28766747376917,0.168829129324945,0.398867613460716,6.02530960930856e-16,4.82024768744685e-16,1.02971599768457e-19,1,1,1,0,0,0,0,0,24,24,2.88399999999999
"A6","r3","RSArule",15,0,1080,818,0.757407407407407,901.098699709856,828.704278577223,0.423555450579448,16.2414520379158,0.734193048985175,5.93276283618582,1.39694241859268,0.179399219715559,0.412153567171313,7.23037153117028e-16,4.82024768744685e-16,0,1,1,1,0,0,0,0,0,37,37,3.07599999999999
"A6","r3","RSArule",16,0,1080,818,0.757407407407407,893.155928465225,837.748993797199,0.41141360162118,16.3298342117481,0.726717548752502,5.93887530562347,1.31572064293901,0.169261151598911,0.404626203367985,6.02530960930856e-16,4.82024768744685e-16,0,1,1,1,0,0,0,0,0,50,50,2.977
"A6","r3","RSArule",17,0,1080,830,0.768518518518518,880.602825570777,817.910744473166,0.403262881431371,16.1353360685857,0.741926111181097,5.91084337349398,1.48058191753746,0.162620951540332,0.393514711774801,6.02530960930856e-16,4.82024768744685e-16,1.11797736891467e-18,1,1,1,0,0,0,0,0,36,36,3.02900000000002
"A6","r3","RSArule",18,0,1080,819,0.758333333333333,878.517417607032,821.846664541912,0.408852391931414,16.1741125954676,0.735336891837799,5.95238095238095,1.5148445686343,0.167160278388039,0.402108730424192,4.82024768744685e-16,3.61518576558514e-16,2.9420457076702e-20,1,1,1,0,0,0,0,0,50,50,3.101
"A6","r3","RSArule",19,0,1080,831,0.769444444444444,867.828744617997,812.055712341538,0.414846850241022,16.077479944641,0.74887055740522,5.89771359807461,1.30639235642933,0.172097909154897,0.404129531311499,4.82024768744685e-16,4.82024768744685e-16,2.9420457076702e-20,1,1,1,0,0,0,0,0,38,38,2.90599999999998
"A6","r3","RSArule",20,0,1080,824,0.762962962962963,883.190400122082,837.408789753254,0.406405803749695,16.3265273820455,0.743168165763596,5.91626213592233,1.37451043423893,0.165165677321436,0.395808003894246,6.02530960930856e-16,1.20506192186171e-16,0,1,1,1,0,0,0,0,0,46,46,2.864
"A6","r4","CSR",1,0,1221,907,0.742833742833743,738.139785656051,661.389006683484,0.517412605763934,14.5095368444561,0.778129306696179,5.88092613009923,1.63481238636944,0.267715804603424,0.504402972595899,1.2491356313328e-16,-2.49827126266561e-16,0,0.996723996723997,1,1,4,0,0,0,4,58,53,3.046
"A6","r4","CSR",2,0,1221,895,0.733005733005733,731.776025138783,642.11039113062,0.563521775803948,14.2965060598112,0.780640043042122,5.89050279329609,1.79336607801232,0.317556791805235,0.553647326616418,2.49827126266561e-16,-6.24567815666402e-16,6.09929507486721e-20,0.996723996723997,1,1,4,0,0,0,4,56,51,3.432
"A6","r4","CSR",3,0,1221,907,0.742833742833743,735.537372988931,679.341937089489,0.505899453666862,14.70514381687,0.776395430344947,5.85667034178611,1.74985336030043,0.25593425722043,0.489811928899234,1.2491356313328e-16,-2.49827126266561e-16,0,0.997542997542998,1,1,3,0,0,0,3,53,49,3.59299999999999
"A6","r4","CSR",4,0,1221,883,0.723177723177723,758.554165191142,690.580925929525,0.539750085964551,14.8262853045975,0.766023122285735,5.92412231030578,1.64616348615701,0.29133015529874,0.526904339504027,0,-3.74740689399841e-16,1.21985901497344e-19,0.995085995085995,1,1,6,0,0,0,6,82,74,4.01100000000001
"A6","r4","CSR",5,0,1221,914,0.748566748566749,731.422823841282,666.877795834164,0.527654203758715,14.5696187543377,0.770349970760382,5.88949671772429,1.70847663580521,0.278418958744243,0.507136076039428,1.2491356313328e-16,-1.2491356313328e-16,0,0.996723996723997,1,1,4,0,0,0,4,48,43,3.968
"A6","r4","CSR",6,0,1221,909,0.744471744471744,746.461735781804,688.060168229702,0.513567873733352,14.799201121574,0.775917662223947,5.9031903190319,1.5831285771749,0.263751960930996,0.497485417705872,2.49827126266561e-16,-2.49827126266561e-16,0,0.997542997542998,1,1,3,0,0,0,3,68,64,4.107
"A6","r4","CSR",7,0,1221,908,0.743652743652744,739.179292702033,662.799381644962,0.546044589713486,14.5249989901883,0.767873988034707,5.87775330396476,1.76122449475203,0.29816469395537,0.531926144797471,1.2491356313328e-16,0,0,0.997542997542998,1,1,3,0,0,0,3,47,43,3.86099999999999
"A6","r4","CSR",8,0,1221,916,0.75020475020475,737.397328018034,675.294171148656,0.524383237176334,14.6612689101682,0.772832470369547,5.88318777292576,1.64426348820006,0.274977779431531,0.508350622284779,1.2491356313328e-16,-3.74740689399841e-16,0,0.997542997542998,1,1,3,0,0,0,3,51,47,3.551
"A6","r4","CSR",9,0,1221,917,0.751023751023751,752.702540186184,689.340108121379,0.513987720722449,14.8129595745765,0.784701617161307,5.90185387131952,1.78293324063183,0.264183377053458,0.501470024050924,1.2491356313328e-16,0,0,0.997542997542998,1,1,3,0,0,0,3,41,37,3.56699999999999
"A6","r4","CSR",10,0,1221,911,0.746109746109746,737.76534703234,658.896541652656,0.555700929755083,14.4821712177543,0.761882667579365,5.87705817782656,1.74530825924898,0.308803523330663,0.538431533667152,0,-2.49827126266561e-16,7.62411884358401e-21,0.996723996723997,1,1,4,0,0,0,4,53,49,3.60499999999999
"A6","r4","CSR",11,0,1221,916,0.75020475020475,735.076904764532,665.435887905754,0.568064311285415,14.553854765652,0.762936214726119,5.86572052401747,1.59834275896628,0.322697061756173,0.555619690245028,1.2491356313328e-16,2.49827126266561e-16,0,0.997542997542998,1,1,3,0,0,0,3,62,58,3.70399999999999
"A6","r4","CSR",12,0,1221,918,0.751842751842752,733.787339382549,644.704840638559,0.560309203877034,14.3253594462944,0.779567263633606,5.87799564270153,1.7015654438196,0.313946403949315,0.543018380233788,1.2491356313328e-16,-3.74740689399841e-16,2.73515263513577e-19,0.997542997542998,1,1,3,0,0,0,3,53,49,3.789
"A6","r4","CSR",13,0,1221,903,0.73955773955774,749.226395393841,663.385225478207,0.559237852904341,14.5314168482628,0.776931359359635,5.87264673311185,1.7764460912504,0.312746976121057,0.548434000247969,1.2491356313328e-16,2.49827126266561e-16,0,0.997542997542998,1,1,3,0,0,0,3,54,50,3.59399999999999
"A6","r4","CSR",14,0,1221,926,0.758394758394758,729.003877968394,660.902449500948,0.505901267471475,14.5041983245782,0.775554287443901,5.88552915766739,1.62363901698675,0.255936092429245,0.498916548888473,1.2491356313328e-16,2.49827126266561e-16,1.75354733402432e-19,0.997542997542998,1,1,3,0,0,0,3,56,52,3.682
"A6","r4","CSR",15,0,1221,919,0.752661752661753,728.577039516776,655.172795722739,0.543948619311949,14.4411903261892,0.769523527286241,5.90097932535364,1.71894239499693,0.295880100451376,0.533233747846059,1.2491356313328e-16,-1.2491356313328e-16,0,0.996723996723997,1,1,4,0,0,0,4,60,55,3.813
"A6","r4","CSR",16,0,1221,898,0.735462735462735,740.491661116724,659.008465038257,0.539988908835902,14.4834006673849,0.766865619063732,5.89643652561247,1.64478104446149,0.291588021665789,0.532256277203068,1.2491356313328e-16,-4.99654252533122e-16,0,0.997542997542998,1,1,3,0,0,0,3,60,56,4.047
"A6","r4","CSR",17,0,1221,908,0.743652743652744,736.601702245716,673.896531140766,0.53640851371224,14.6460891011107,0.766027314342392,5.88986784140969,1.65489171349611,0.287734093582974,0.521690280482666,1.2491356313328e-16,-1.2491356313328e-16,0,0.997542997542998,1,1,3,0,0,0,3,44,40,3.97399999999999
"A6","r4","CSR",18,0,1221,924,0.756756756756757,729.219163945896,654.079221038922,0.533133267134744,14.4291326436595,0.769819114530348,5.87337662337662,1.54516258389498,0.284231080525766,0.522139185953337,0,-1.2491356313328e-16,5.18440081363713e-19,0.996723996723997,1,1,4,0,0,0,4,55,50,3.95299999999999
"A6","r4","CSR",19,0,1221,907,0.742833742833743,732.251254041656,672.596967684133,0.534582083059674,14.6319603686963,0.781446880733028,5.88423373759647,1.7073339320614,0.28577800352842,0.524667174548966,1.2491356313328e-16,-1.2491356313328e-16,2.92766163593626e-18,0.997542997542998,1,1,3,0,0,0,3,56,52,3.77300000000001
"A6","r4","CSR",20,0,1221,919,0.752661752661753,731.204229672598,644.390328920205,0.566107686245119,14.3218648316665,0.775015072770149,5.89771490750816,1.7237311561065,0.320477912425803,0.54889728083939,1.2491356313328e-16,-1.2491356313328e-16,0,0.997542997542998,1,1,3,0,0,0,3,47,43,3.613
"A6","r4","RSA",1,0,1220,924,0.757377049180328,733.050818840204,677.754012728482,0.526788623719382,14.6879475275943,0.776201763080799,5.88203463203463,1.8766433097419,0.277506254080161,0.519142482100182,1.2491356313328e-16,-2.49827126266561e-16,3.04964753743361e-18,0.997540983606557,1,1,3,0,0,0,3,64,60,3.151
"A6","r4","RSA",2,0,1221,917,0.751023751023751,731.133451474888,650.822263149583,0.564405261006213,14.3931636726962,0.765304494143713,5.88113413304253,1.62450176910659,0.318553298651492,0.549784685246551,2.49827126266561e-16,-2.49827126266561e-16,2.43971802994688e-19,0.997542997542998,1,1,3,0,0,0,3,55,51,3.46000000000001
"A6","r4","RSA",3,0,1221,910,0.745290745290745,740.855471510428,674.559064278266,0.522649352097124,14.6532868764123,0.766474795616696,5.8967032967033,1.61088020890001,0.273162345247544,0.508576019583618,1.2491356313328e-16,-3.74740689399841e-16,0,0.996723996723997,1,1,4,0,0,0,4,55,50,3.57900000000001
"A6","r4","RSA",4,0,1221,905,0.741195741195741,751.940932010398,689.326203030013,0.537876341679897,14.8128101732922,0.76730421000942,5.88950276243094,1.68467950911847,0.289310958938949,0.523189730879113,1.2491356313328e-16,-3.74740689399841e-16,0,0.996723996723997,1,1,4,0,0,0,4,44,39,3.79000000000001
"A6","r4","RSA",5,0,1221,908,0.743652743652744,737.856954791336,680.340367297063,0.530981105509775,14.7159425024366,0.768615089226128,5.8931718061674,1.75152995060445,0.281940934408383,0.522166225885705,1.2491356313328e-16,-4.99654252533122e-16,0,0.997542997542998,1,1,3,0,0,0,3,43,39,3.92699999999999
"A6","r4","RSA",6,0,1221,914,0.748566748566749,733.617441560323,664.076373313801,0.56843811994733,14.5389846505461,0.767152828399746,5.87636761487965,1.71635218015487,0.323121896209255,0.559151106292999,0,-2.49827126266561e-16,1.95177442395751e-18,0.997542997542998,1,1,3,0,0,0,3,36,32,3.809
"A6","r4","RSA",7,0,1221,914,0.748566748566749,723.452506987164,660.378063121167,0.509561015925219,14.4984374982093,0.77449022066327,5.88074398249453,1.80284895300318,0.259652428950741,0.499864487191945,0,0,0,0.996723996723997,1,1,4,0,0,0,4,35,30,3.681
"A6","r4","RSA",8,0,1221,915,0.749385749385749,733.354784407504,658.382993878849,0.543094271834227,14.4765263736478,0.770069354973558,5.88087431693989,1.6652246176657,0.294951388099149,0.523050349026363,1.2491356313328e-16,-1.2491356313328e-16,0,0.997542997542998,1,1,3,0,0,0,3,43,39,3.42800000000001
"A6","r4","RSA",9,0,1221,910,0.745290745290745,744.329027913989,684.626549788095,0.530162701994959,14.7622264591136,0.770514989781823,5.8956043956044,1.8009707564163,0.281072490586596,0.518070194269169,1.2491356313328e-16,-3.74740689399841e-16,1.58581671946548e-18,0.996723996723997,1,1,4,0,0,0,4,46,42,3.68299999999999
"A6","r4","RSA",10,0,1221,928,0.76003276003276,728.775117988695,672.55516261497,0.520507874652391,14.6315053413158,0.766275730156354,5.89224137931035,1.61728601718558,0.270928447575149,0.506861698249822,1.2491356313328e-16,-4.99654252533122e-16,8.76773667012162e-20,0.997542997542998,1,1,3,0,0,0,3,53,49,3.43900000000001
"A6","r4","RSA",11,0,1221,901,0.737919737919738,755.060092747241,691.417992501158,0.528273281677091,14.8352681977263,0.772321736555833,5.89234184239734,1.64061906523616,0.279072660133883,0.517827597085329,1.2491356313328e-16,-3.74740689399841e-16,0,0.997542997542998,1,1,3,0,0,0,3,63,59,3.64700000000001
"A6","r4","RSA",12,0,1221,921,0.754299754299754,730.57295748517,665.589842087475,0.50923442893806,14.5555428232667,0.772860126895753,5.8914223669924,1.71863286597743,0.259319703615872,0.493851105106181,0,-2.49827126266561e-16,0,0.996723996723997,1,1,4,0,0,0,4,57,52,3.527
"A6","r4","RSA",13,0,1221,908,0.743652743652744,749.209438298617,683.123039414721,0.54485584737026,14.7460101191481,0.76672493165298,5.89537444933921,1.75420129292969,0.296867894413564,0.532661991684376,1.2491356313328e-16,1.2491356313328e-16,1.21985901497344e-19,0.995085995085995,1,1,6,0,0,0,6,63,56,3.562
"A6","r4","RSA",14,0,1221,911,0.746109746109746,753.302100376137,695.50624241497,0.513668212664299,14.8790629027243,0.768840736952943,5.88803512623491,1.703933607556,0.263855032701736,0.502354182037236,1.2491356313328e-16,0,0,0.997542997542998,1,1,3,0,0,0,3,57,53,3.74799999999999
"A6","r4","RSA",15,0,1221,913,0.747747747747748,731.23044293033,671.411605247068,0.517920261106168,14.6190612437554,0.768136194215889,5.89375684556407,1.66962106800407,0.268241396864281,0.505656886478658,1.2491356313328e-16,-1.2491356313328e-16,9.75887211978754e-19,0.995904995904996,1,1,5,0,0,0,5,68,62,3.738
"A6","r4","RSA",16,0,1221,896,0.733824733824734,763.906091172882,685.80358224512,0.543906365977273,14.7749119280362,0.774361083844763,5.921875,1.84863826815642,0.295834134950603,0.536185702572032,1.2491356313328e-16,-1.2491356313328e-16,0,0.997542997542998,1,1,3,0,0,0,3,57,53,3.741
"A6","r4","RSA",17,0,1221,913,0.747747747747748,726.433093438036,653.750973812289,0.540823283844763,14.4255120556163,0.779512599121449,5.85870755750274,1.60172508214677,0.292489824348633,0.528899186997317,1.2491356313328e-16,-2.49827126266561e-16,1.27322784687853e-18,0.997542997542998,1,1,3,0,0,0,3,57,53,3.562
"A6","r4","RSA",18,0,1221,919,0.752661752661753,734.492567161344,662.178927154315,0.531994385907746,14.5181988874583,0.771548813413419,5.89009793253536,1.65784301872121,0.283018026637359,0.514438003253046,1.2491356313328e-16,-2.49827126266561e-16,2.43971802994688e-19,0.997542997542998,1,1,3,0,0,0,3,47,43,3.649
"A6","r4","RSA",19,0,1221,912,0.746928746928747,731.932460720026,659.938817893652,0.539765985379049,14.4936208514989,0.775946629620958,5.88377192982456,1.72302944518266,0.291347318972216,0.530952580275324,1.2491356313328e-16,-2.49827126266561e-16,7.73001731578069e-19,0.997542997542998,1,1,3,0,1,0,3,53,49,3.556
"A6","r4","RSA",20,0,1220,919,0.75327868852459,724.394485281637,639.952924271775,0.557747394994582,14.2724679886813,0.778728723559018,5.87812840043526,1.87619867194853,0.311082156623242,0.542608376942908,1.2491356313328e-16,1.2491356313328e-16,4.02553474941236e-18,0.997540983606557,1,1,3,0,0,0,3,44,40,3.551
"A6","r4","RSArule",1,0,1221,913,0.747747747747748,740.438199330827,670.265060752104,0.4347135996868,14.6065736982009,0.732491887540822,5.90580503833516,1.45822284352722,0.188975913752656,0.416020234463163,0,3.74740689399841e-16,1.5248237687168e-20,0.996723996723997,1,1,4,0,0,0,4,68,63,3.195
"A6","r4","RSArule",2,0,1221,901,0.737919737919738,755.692269546817,708.575458501471,0.40150277152022,15.0182080671507,0.745063692262496,5.9211986681465,1.34600567270934,0.161204475538418,0.392199956828856,1.2491356313328e-16,0,2.43971802994688e-19,0.997542997542998,1,1,3,0,0,0,3,37,33,3.477
"A6","r4","RSArule",3,0,1221,900,0.737100737100737,758.068876206968,701.551625310466,0.419275447859673,14.9435877711546,0.732990816082411,5.92333333333333,1.33671857619577,0.17579190117793,0.40625474395662,1.2491356313328e-16,-1.2491356313328e-16,6.09929507486721e-19,0.997542997542998,1,1,3,0,0,0,3,53,49,3.681
"A6","r4","RSArule",4,0,1221,896,0.733824733824734,757.142009492504,706.328524976684,0.411939303745296,14.994377023822,0.734560200888779,5.91629464285714,1.31700793096568,0.169693989970159,0.406607304039186,1.2491356313328e-16,-3.74740689399841e-16,0,0.996723996723997,1,1,4,0,0,0,4,57,52,3.697
"A6","r4","RSArule",5,0,1221,916,0.75020475020475,757.677158609496,698.045740644092,0.403084116188282,14.9061960939987,0.737305806702537,5.9061135371179,1.26549263846135,0.162476804723289,0.396806740253329,2.49827126266561e-16,-7.49481378799683e-16,4.17801712628404e-18,0.996723996723997,1,1,4,0,0,0,4,58,52,3.836
"A6","r4","RSArule",6,0,1221,913,0.747747747747748,747.086575804717,692.15148602063,0.407267878724316,14.8431351384122,0.74322597692847,5.90361445783132,1.42929613189601,0.165867125040604,0.400138182714054,2.49827126266561e-16,-1.2491356313328e-16,0,0.997542997542998,1,1,3,0,0,0,3,44,40,3.65600000000001
"A6","r4","RSArule",7,0,1221,904,0.74037674037674,761.705793988835,693.923803367657,0.426973174891228,14.8621265929707,0.744075632694853,5.9103982300885,1.44821955330805,0.182306092076696,0.420778629625547,0,-1.2491356313328e-16,0,0.997542997542998,1,1,3,0,0,0,3,53,49,3.88300000000001
"A6","r4","RSArule",8,0,1221,892,0.730548730548731,763.447340239493,714.679970739153,0.403715087252146,15.0827487018369,0.74007890750854,5.90470852017937,1.32087567251992,0.162985871675008,0.393957968284971,1.2491356313328e-16,-2.49827126266561e-16,0,0.997542997542998,1,1,3,0,0,0,3,42,38,3.38799999999999
"A6","r4","RSArule",9,0,1221,901,0.737919737919738,756.635320881734,705.561946125951,0.423098621525839,14.9862384462201,0.733804107966217,5.91675915649279,1.44750770748551,0.179012443537066,0.414758589519104,1.2491356313328e-16,1.2491356313328e-16,1.98227089933184e-18,0.996723996723997,1,1,4,0,0,0,4,39,35,3.536
"A6","r4","RSArule",10,0,1221,905,0.741195741195741,754.967392897323,695.315773006961,0.404500234948037,14.8770253937956,0.743504938663212,5.91602209944751,1.32922309685621,0.163620440073018,0.390183230321284,0,-1.2491356313328e-16,0,0.997542997542998,1,1,3,0,0,0,3,48,44,3.46300000000001
"A6","r4","RSArule",11,0,1221,902,0.738738738738739,744.316573040301,697.322952561754,0.391560838996919,14.8984827458465,0.732093316527757,5.89246119733925,1.283650095607,0.153319890635971,0.377615187122864,2.49827126266561e-16,-1.2491356313328e-16,0,0.997542997542998,1,1,3,0,0,0,3,41,37,3.526
"A6","r4","RSArule",12,0,1221,908,0.743652743652744,738.670772433247,684.125683841349,0.432842090617711,14.7568277098115,0.738907533823212,5.91079295154185,1.24120642676394,0.187352275410311,0.421165098874018,1.2491356313328e-16,-3.74740689399841e-16,0,0.997542997542998,1,1,3,0,1,0,3,55,51,3.619
"A6","r4","RSArule",13,0,1221,917,0.751023751023751,735.250469622061,684.670859199965,0.421293259571464,14.7627065020375,0.73405476595449,5.9247546346783,1.32511798012315,0.177488010560349,0.416280261967267,2.49827126266561e-16,-3.74740689399841e-16,0,0.995904995904996,1,1,5,0,0,0,5,66,60,3.85600000000001
"A6","r4","RSArule",14,0,1221,909,0.744471744471744,754.748314776012,697.536231531649,0.426018269839593,14.9007610029793,0.732347332480833,5.89438943894389,1.30821738561521,0.18149156623712,0.417805756913511,2.49827126266561e-16,-1.2491356313328e-16,1.95177442395751e-18,0.997542997542998,1,1,3,0,0,0,3,41,37,3.68299999999999
"A6","r4","RSArule",15,0,1221,898,0.735462735462735,747.593951066391,690.689673438236,0.415342194816992,14.8274525573767,0.742024229360207,5.90534521158129,1.3812200033271,0.172509138795396,0.403583343212597,1.2491356313328e-16,-4.99654252533122e-16,0,0.997542997542998,1,1,3,0,0,0,3,38,34,3.599
"A6","r4","RSArule",16,0,1221,906,0.742014742014742,743.510765244083,704.515738589341,0.38941294746612,14.9751230632411,0.748451542345578,5.90507726269316,1.40976424816753,0.151642443654251,0.381756310081708,1.2491356313328e-16,1.2491356313328e-16,0,0.996723996723997,1,1,4,0,0,0,4,45,40,3.756
"A6","r4","RSArule",17,0,1221,902,0.738738738738739,756.557123580176,701.725984895368,0.404230467950631,14.9454447183611,0.737573869812479,5.90687361419069,1.38754426591789,0.163402271219586,0.398907237922772,2.49827126266561e-16,-7.49481378799683e-16,0,0.996723996723997,1,1,4,0,0,0,4,50,44,3.88000000000001
"A6","r4","RSArule",18,0,1221,901,0.737919737919738,760.114088284932,701.375112478834,0.420472911977112,14.9417078081885,0.736144501179467,5.92563817980022,1.36446417560735,0.176797469706512,0.410840524035859,1.2491356313328e-16,-1.2491356313328e-16,0,0.996723996723997,1,1,4,0,0,0,4,33,29,3.66800000000001
"A6","r4","RSArule",19,0,1221,906,0.742014742014742,754.929266628533,687.544808019101,0.430327757594722,14.7936576019873,0.744001635515754,5.90176600441501,1.30194162916347,0.185181978956502,0.422015702445517,1.2491356313328e-16,-3.74740689399841e-16,3.90354884791502e-18,0.995904995904996,1,1,5,0,0,0,5,50,44,3.441
"A6","r4","RSArule",20,0,1221,914,0.748566748566749,755.721000558247,698.779513379167,0.413373008063684,14.9140344436261,0.74245110133876,5.92560175054705,1.50595938558291,0.170877243795618,0.404426860882598,0,0,2.1957462269522e-18,0.997542997542998,1,1,3,0,0,0,3,41,37,3.54000000000001
"A6","r5","CSR",1,0,1067,701,0.656982193064667,806.430824923274,747.473274939521,0.541749714781844,15.4249192241458,0.77099699190166,5.84450784593438,1.53721622172407,0.29349275346621,0.530617123993197,7.68005312411129e-16,-6.40004427009274e-16,0,0.993439550140581,1,1,7,0,0,0,7,109,101,5.909
"A6","r5","CSR",2,0,1067,689,0.645735707591378,819.155098703775,758.482449423448,0.536447822099818,15.5380971212173,0.784132238283258,5.88098693759071,1.6922106524454,0.287776265835638,0.526402852143808,7.68005312411129e-16,-2.5600177080371e-16,5.00003458600995e-19,0.992502343017807,1,1,8,0,0,0,8,129,120,6.459
"A6","r5","CSR",3,0,1067,682,0.639175257731959,829.540421381555,759.284701866518,0.513818785017162,15.5462937411381,0.772576942516317,5.87243401759531,1.69735941193949,0.264009743836513,0.503707194235789,6.40004427009274e-16,-3.84002656205564e-16,2.50001729300498e-19,0.991565135895033,1,1,9,0,0,0,10,115,104,6.22499999999999
"A6","r5","CSR",4,0,1067,702,0.657919400187441,821.688291746039,714.810987137757,0.577676414085147,15.0841440641569,0.787051041401228,5.87037037037037,1.76776562582554,0.333710039390274,0.57169469087988,7.68005312411129e-16,-8.96006197812984e-16,0,0.994376757263355,1,1,6,0,0,0,6,99,92,6.09700000000001
"A6","r5","CSR",5,0,1067,698,0.654170571696345,794.480397523846,726.453080620274,0.535988653079284,15.2064706092305,0.784257486962329,5.83381088825215,1.77435016217683,0.287283836229745,0.530531985486134,6.40004427009274e-16,-5.12003541607419e-16,3.90627702032028e-21,0.995313964386129,1,1,5,0,0,0,5,119,113,6.152
"A6","r5","CSR",6,0,1067,682,0.639175257731959,799.169596863172,732.609302919703,0.516472306708674,15.2707618730728,0.780498428110844,5.83870967741935,1.85647292880489,0.266743643596978,0.511036391778885,6.40004427009274e-16,-7.68005312411129e-16,1.25000864650249e-19,0.995313964386129,1,1,5,0,0,0,6,125,118,6.065
"A6","r5","CSR",7,0,1067,679,0.636363636363636,819.975819272293,742.246463288035,0.542418152729985,15.3708941590766,0.773686484790905,5.82621502209131,1.72786633127843,0.294217452411009,0.538191396093772,8.96006197812984e-16,-8.96006197812984e-16,0,0.993439550140581,1,1,7,0,0,0,7,136,126,6.16799999999999
"A6","r5","CSR",8,0,1067,666,0.624179943767573,814.163878760612,731.586639125354,0.576743951274992,15.2601199124507,0.780976985655019,5.83633633633634,1.69197091828671,0.33263358533229,0.562369554212636,6.40004427009274e-16,-3.84002656205564e-16,0,0.994376757263355,1,1,6,0,0,0,6,119,112,6.31700000000001
"A6","r5","CSR",9,0,1067,681,0.638238050609185,831.66324772859,745.566022425795,0.581553535138502,15.4052275458968,0.78752330800119,5.84434654919236,1.86397166796234,0.338204514232089,0.564712041848965,7.68005312411129e-16,-5.12003541607419e-16,2.25001556370448e-18,0.995313964386129,1,1,5,0,0,0,5,117,111,6.29000000000001
"A6","r5","CSR",10,0,1067,690,0.646672914714152,786.380366440925,699.214161294062,0.56161710826541,14.918645162296,0.776623488133888,5.87101449275362,1.73225005784481,0.315413776296401,0.554688348830922,8.96006197812984e-16,-5.12003541607419e-16,0,0.992502343017807,1,1,8,0,0,0,8,116,107,6.322
"A6","r5","CSR",11,0,1067,666,0.624179943767573,823.262189115706,747.288323247658,0.552645918951996,15.4230107136378,0.775073985594249,5.85435435435435,1.64341710131184,0.305417511734296,0.539298166416414,7.68005312411129e-16,-6.40004427009274e-16,1.59376102429067e-18,0.993439550140581,1,1,7,0,0,0,7,121,113,6.378
"A6","r5","CSR",12,0,1067,688,0.644798500468604,824.510896138423,724.008878651074,0.577360839882411,15.1808779305515,0.782058582982758,5.86191860465116,1.74073110253546,0.333345539429723,0.562098337225079,6.40004427009274e-16,-1.28000885401855e-16,2.04688915864782e-18,0.993439550140581,1,1,7,0,0,0,7,126,118,6.529
"A6","r5","CSR",13,0,1067,686,0.642924086223055,803.863866414861,732.919947181758,0.527390195232265,15.2740111355381,0.778482329542418,5.81924198250729,1.55560000851227,0.278140418027127,0.511603789252749,6.40004427009274e-16,-7.68005312411129e-16,1.67969911873772e-19,0.993439550140581,1,1,7,0,1,0,7,114,106,6.30600000000001
"A6","r5","CSR",14,0,1067,685,0.641986879100281,810.084423677945,729.808073900596,0.548669111507767,15.2415591374147,0.780335808031243,5.82773722627737,1.66034063260341,0.301037793922722,0.542230324377342,8.96006197812984e-16,-1.02400708321484e-15,2.00001383440398e-18,0.994376757263355,1,1,6,0,0,0,7,100,92,6.5
"A6","r5","CSR",15,0,1067,683,0.640112464854733,844.033296021645,749.557466846796,0.538790746056663,15.4464090312349,0.763052194020719,5.88286969253294,1.60502870293642,0.290295468036296,0.531026540321566,6.40004427009274e-16,-1.28000885401855e-16,0,0.995313964386129,1,1,5,0,0,0,5,117,111,6.586
"A6","r5","CSR",16,0,1067,691,0.647610121836926,832.041906233051,757.9719553451,0.540796556168462,15.5328673089164,0.77262455888016,5.88277858176556,1.77319574655509,0.292460915163668,0.529967611914495,8.96006197812984e-16,-7.68005312411129e-16,0,0.993439550140581,1,1,7,0,0,0,8,120,111,6.627
"A6","r5","CSR",17,0,1067,680,0.63730084348641,814.215101625745,728.727761425953,0.569039110066817,15.2302718588361,0.775016433649323,5.825,1.75872606774669,0.323805508785635,0.551923741213048,6.40004427009274e-16,-2.5600177080371e-16,0,0.993439550140581,1,1,7,0,0,0,8,129,120,6.533
"A6","r5","CSR",18,0,1067,690,0.646672914714152,812.550125027948,712.578580646516,0.576099722175996,15.0605618754661,0.777089295075009,5.83333333333333,1.79366231253024,0.33189088989126,0.562248439888401,1.15200796861669e-15,-8.96006197812984e-16,1.25000864650249e-19,0.994376757263355,1,1,6,0,0,0,7,123,115,6.46599999999999
"A6","r5","CSR",19,0,1067,696,0.652296157450797,815.084489923218,741.712151408171,0.553359936942006,15.3653602487872,0.773910709283192,5.82327586206897,1.71692508062516,0.306207219812461,0.545891413607833,7.68005312411129e-16,0,1.25000864650249e-18,0.991565135895033,1,1,9,0,0,0,9,102,92,6.28700000000001
"A6","r5","CSR",20,0,1067,699,0.655107778819119,803.365848075593,709.181848677731,0.574601569048554,15.0246328918952,0.768500880487839,5.86981402002861,1.62629380490344,0.33016696315306,0.563248269233186,8.96006197812984e-16,-3.84002656205564e-16,5.00003458600995e-19,0.994376757263355,1,1,6,0,0,0,6,130,122,6.494
"A6","r5","RSA",1,0,1067,661,0.619493908153702,840.272191290869,783.831864931473,0.532565922601705,15.7956143189673,0.779049133113534,5.8517397881997,1.52647045339935,0.283626461916606,0.518394512577036,7.68005312411129e-16,-2.5600177080371e-16,1.00000691720199e-18,0.994376757263355,1,1,6,0,0,0,6,126,119,6.013
"A6","r5","RSA",2,0,1067,698,0.654170571696345,803.664999615863,721.910915817577,0.567434473774728,15.1588693043426,0.779081404182578,5.84240687679083,1.65662088442897,0.321981882028002,0.556872597358896,8.96006197812984e-16,-6.40004427009274e-16,0,0.995313964386129,1,1,5,0,0,0,5,117,111,6.181
"A6","r5","RSA",3,0,1067,683,0.640112464854733,816.41523908785,736.795511332216,0.511930278096708,15.3143493284202,0.778515113272153,5.85944363103953,1.73974573105542,0.262072609632173,0.497360513759874,7.68005312411129e-16,-3.84002656205564e-16,5.00003458600995e-19,0.995313964386129,1,1,5,0,1,0,6,123,116,6.14399999999999
"A6","r5","RSA",4,0,1067,672,0.629803186504217,830.519822986086,733.839483262102,0.530455375969449,15.2835908378775,0.770583158841793,5.88244047619048,1.68362562983465,0.281382905894889,0.514661286120959,8.96006197812984e-16,-7.68005312411129e-16,0,0.993439550140581,1,1,7,0,0,0,7,101,93,6.018
"A6","r5","RSA",5,0,1067,719,0.673851921274602,796.007023881292,716.913920989788,0.533562964491285,15.1063161821085,0.774430724812627,5.83866481223922,1.63410183596065,0.284689437076728,0.526366348840207,8.96006197812984e-16,-8.96006197812984e-16,0,0.992502343017807,1,1,8,0,0,0,8,126,117,6.10899999999999
"A6","r5","RSA",6,0,1067,690,0.646672914714152,830.848556252594,744.361330782408,0.56313062169669,15.3927763665885,0.78042994883822,5.87536231884058,1.60418165373046,0.3171160970925,0.555196404738999,7.68005312411129e-16,-5.12003541607419e-16,4.45315580316512e-19,0.994376757263355,1,1,6,0,0,0,6,123,115,5.92100000000001
"A6","r5","RSA",7,0,1067,677,0.634489222118088,837.969962819421,766.648365440683,0.53255639444703,15.6215157378026,0.773555639235611,5.84047267355982,1.71711693601252,0.28361631326642,0.523505021324251,8.96006197812984e-16,-1.02400708321484e-15,0,0.994376757263355,1,1,6,0,0,0,6,138,131,6.214
"A6","r5","RSA",8,0,1067,684,0.641049671977507,826.239355806361,766.788733659368,0.492254274747636,15.6229451897818,0.768204672436355,5.8406432748538,1.71248919027681,0.242314271007321,0.478005758999501,1.02400708321484e-15,-5.12003541607419e-16,2.00001383440398e-18,0.993439550140581,1,1,7,0,0,0,7,125,117,6.18599999999999
"A6","r5","RSA",9,0,1066,701,0.657598499061914,810.538187051366,734.385180600057,0.522764507965242,15.2892793568522,0.772989893594757,5.85877318116976,1.55288363562258,0.273282730788142,0.506368566099172,8.96006197812984e-16,-7.68005312411129e-16,0,0.99343339587242,1,1,7,0,0,0,7,143,135,6.449
"A6","r5","RSA",10,0,1067,672,0.629803186504217,820.663057411843,734.645520159298,0.550648673126546,15.2919802533126,0.773750440636901,5.85714285714286,1.66361507345114,0.303213961216025,0.535486543562652,1.02400708321484e-15,-1.02400708321484e-15,0,0.991565135895033,1,1,9,0,0,0,9,106,96,6.30600000000001
"A6","r5","RSA",11,0,1067,692,0.6485473289597,826.818124860536,764.245643636509,0.504946372190701,15.5970171425584,0.765941410371619,5.85693641618497,1.56126874848381,0.25497083878855,0.483510242621698,7.68005312411129e-16,-2.5600177080371e-16,0,0.992502343017807,1,1,8,0,0,0,8,113,102,6.20299999999999
"A6","r5","RSA",12,0,1067,693,0.649484536082474,794.907090030139,704.421155329447,0.540042647938397,14.9741182638034,0.769269228144896,5.86868686868687,1.70961055643137,0.291646061592315,0.531770149749669,7.68005312411129e-16,-3.84002656205564e-16,0,0.993439550140581,1,1,7,0,0,0,7,114,106,6.143
"A6","r5","RSA",13,0,1067,683,0.640112464854733,812.374577740077,734.723655631397,0.534575305736234,15.2928023331425,0.780654530859883,5.84773060029283,1.72164806807984,0.285770757502989,0.519248804058772,7.68005312411129e-16,-3.84002656205564e-16,1.12500778185224e-18,0.995313964386129,1,1,5,0,0,0,5,110,104,6.229
"A6","r5","RSA",14,0,1067,676,0.633552014995314,835.512299105881,760.093883454322,0.534288323815849,15.5545940932438,0.774028668994376,5.84763313609467,1.71452772298926,0.285464012965949,0.523158050456722,7.68005312411129e-16,-1.28000885401855e-16,5.00003458600995e-19,0.994376757263355,1,1,6,0,0,0,6,126,119,6.44500000000001
"A6","r5","RSA",15,0,1067,675,0.63261480787254,821.484880648382,745.389234398609,0.563151183516088,15.4034009999105,0.771705267425653,5.81925925925926,1.5785602813496,0.317139255495571,0.550727117467273,7.68005312411129e-16,-2.5600177080371e-16,0,0.993439550140581,1,1,7,0,0,0,7,123,115,6.431
"A6","r5","RSA",16,0,1067,711,0.666354264292409,800.95981952124,721.394799970191,0.539583668822756,15.1534516421867,0.768100069214889,5.85794655414909,1.48542619995642,0.291150535660226,0.52665730154158,6.40004427009274e-16,-6.40004427009274e-16,4.00002766880796e-18,0.994376757263355,1,1,6,0,0,0,7,116,108,6.489
"A6","r5","RSA",17,0,1067,686,0.642924086223055,826.762261323294,755.280207967841,0.537630326799431,15.5052620742797,0.773316765050355,5.87026239067055,1.73642825221851,0.289046368294463,0.530273227172155,1.02400708321484e-15,-1.15200796861669e-15,1.67908876295329e-19,0.995313964386129,1,1,5,0,0,0,5,130,124,6.473
"A6","r5","RSA",18,0,1067,696,0.652296157450797,825.396337565219,756.165901078776,0.537591095207236,15.5143487288732,0.773210274555044,5.86063218390805,1.7086062184735,0.289004185646115,0.528645826313222,8.96006197812984e-16,-5.12003541607419e-16,0,0.995313964386129,1,1,5,0,0,0,5,110,104,6.608
"A6","r5","RSA",19,0,1067,687,0.643861293345829,821.658852424587,707.826183650786,0.572493461688014,15.010265552474,0.77188377316915,5.85880640465793,1.89986038083356,0.327748763675525,0.550899375748085,6.40004427009274e-16,-1.28000885401855e-16,2.03126405056654e-19,0.993439550140581,1,1,7,0,0,0,9,124,114,6.41499999999999
"A6","r5","RSA",20,0,1067,669,0.626991565135895,821.406982465005,753.397925893029,0.529187105125319,15.4859293567456,0.78097087204367,5.80269058295964,1.68256760022556,0.280038992230915,0.520039413900982,8.96006197812984e-16,-1.02400708321484e-15,2.50001729300498e-19,0.994376757263355,1,1,6,0,0,0,6,109,102,6.794
"A6","r5","RSArule",1,0,1067,686,0.642924086223055,846.418245426655,795.317492556014,0.422171828608642,15.9109214187551,0.741373957278323,5.86297376093294,1.44980953799664,0.178229052870765,0.41322121738438,7.68005312411129e-16,-8.96006197812984e-16,1.56251080812811e-20,0.993439550140581,1,1,7,0,0,0,8,129,120,6.036
"A6","r5","RSArule",2,0,1067,668,0.626054358013121,853.294370734237,783.87605794362,0.416304099409412,15.7960595168027,0.733356454615965,5.89071856287425,1.30887924301322,0.173309103185081,0.407820876297665,7.68005312411129e-16,-1.28000885401855e-16,0,0.994376757263355,1,1,6,0,0,0,6,117,110,6.35599999999999
"A6","r5","RSArule",3,0,1067,684,0.641049671977507,834.815747670244,778.409910729737,0.402303956488092,15.7408880283948,0.731553069953736,5.88888888888889,1.3697738734342,0.161848473405973,0.394398581465879,1.02400708321484e-15,-8.96006197812984e-16,0,0.993439550140581,1,1,7,0,0,0,8,109,99,6.152
"A6","r5","RSArule",4,0,1066,671,0.629455909943715,837.431015600374,783.930337960598,0.420640882832771,15.7966064916569,0.738902312620432,5.89716840536513,1.27746958204507,0.176938752310333,0.402418004831669,7.68005312411129e-16,-8.96006197812984e-16,1.25000864650249e-19,0.99437148217636,1,1,6,0,0,0,6,94,88,6.039
"A6","r5","RSArule",5,0,1067,685,0.641986879100281,825.444023549441,757.356189785026,0.424942035712277,15.5265566875293,0.737253555096907,5.85839416058394,1.28255004908866,0.180575733715294,0.415984078121168,8.96006197812984e-16,-6.40004427009274e-16,0,0.993439550140581,1,1,7,0,1,0,7,101,92,5.95399999999999
"A6","r5","RSArule",6,0,1067,669,0.626991565135895,850.422463362636,790.273088014669,0.427506846250638,15.860382615185,0.730727621737809,5.86248131539611,1.29543155840785,0.182762103591166,0.415570934232462,8.96006197812984e-16,-1.02400708321484e-15,0,0.992502343017807,1,1,8,0,0,0,8,115,104,6.188
"A6","r5","RSArule",7,0,1067,677,0.634489222118088,832.781856149348,770.019943672675,0.397076425351127,15.6558283278049,0.733401226123586,5.86262924667651,1.30506585790076,0.157669687569629,0.388654845612745,8.96006197812984e-16,-7.68005312411129e-16,7.34380079820212e-19,0.994376757263355,1,1,6,0,0,0,8,119,111,6.209
"A6","r5","RSArule",8,0,1066,679,0.636960600375234,830.336254272626,781.352000307767,0.426029405365496,15.7706076702023,0.747401092025636,5.88659793814433,1.31602955934678,0.181501054236078,0.423375117061771,6.40004427009274e-16,0,2.50001729300498e-19,0.99437148217636,1,1,6,0,0,0,6,109,102,6.25700000000001
"A6","r5","RSArule",9,0,1067,692,0.6485473289597,850.549479284649,807.709672294055,0.41116375241885,16.0343996663383,0.742994423311679,5.88150289017341,1.41574998117832,0.16905563130315,0.402211133051156,8.96006197812984e-16,-5.12003541607419e-16,6.25004323251244e-20,0.994376757263355,1,1,6,0,1,0,6,126,119,6.36699999999999
"A6","r5","RSArule",10,0,1067,697,0.653233364573571,837.086347100225,762.935549026825,0.439226824246454,15.5836429558783,0.749984947142847,5.8909612625538,1.39326588499151,0.192920203137625,0.429846800561526,6.40004427009274e-16,-1.28000885401855e-16,0,0.995313964386129,1,1,5,0,0,0,5,110,104,6.23299999999999
"A6","r5","RSArule",11,0,1067,666,0.624179943767573,854.607981091144,789.889745426308,0.409908353150705,15.8565354016793,0.754794032560357,5.86036036036036,1.41054663686243,0.168024857982723,0.398428591079968,7.68005312411129e-16,-5.12003541607419e-16,0,0.994376757263355,1,1,6,0,0,0,6,102,95,6.22799999999999
"A6","r5","RSArule",12,0,1067,677,0.634489222118088,845.605748597603,793.026786447148,0.412561179918885,15.8879912554951,0.737470325184376,5.87296898079764,1.40099901235,0.170206727176062,0.405006149786694,7.68005312411129e-16,-5.12003541607419e-16,6.25004323251244e-19,0.995313964386129,1,1,5,0,0,0,5,108,102,6.34400000000001
"A6","r5","RSArule",13,0,1066,668,0.626641651031895,831.136761795791,770.869326468224,0.412431281178919,15.6644528319901,0.743835503094298,5.91616766467066,1.48321647559454,0.170099561694884,0.402228375999945,8.96006197812984e-16,-7.68005312411129e-16,5.31253674763558e-19,0.99249530956848,1,1,8,0,0,0,8,120,111,6.363
"A6","r5","RSArule",14,0,1067,677,0.634489222118088,816.000035909519,752.567509563594,0.423854415815346,15.4773924908173,0.751131406925389,5.85967503692762,1.28649279365107,0.179652565806168,0.412343689315521,1.02400708321484e-15,-7.68005312411129e-16,2.00001383440398e-18,0.994376757263355,1,1,6,0,1,0,6,95,88,6.40299999999999
"A6","r5","RSArule",15,0,1067,681,0.638238050609185,853.349514951828,815.718315170693,0.416292002403023,16.1136961638234,0.738234366817592,5.87958883994126,1.31489159540468,0.173299031264719,0.411190439455721,1.02400708321484e-15,-7.68005312411129e-16,0,0.995313964386129,1,1,5,0,0,0,5,129,123,6.42999999999999
"A6","r5","RSArule",16,0,1067,659,0.617619493908154,871.022210376594,808.529327615981,0.409405722609882,16.0425334112072,0.750033148544634,5.89681335356601,1.38447311252658,0.16761304570572,0.3970851963366,7.68005312411129e-16,-3.84002656205564e-16,0,0.993439550140581,1,1,7,0,0,0,7,119,111,6.66199999999999
"A6","r5","RSArule",17,0,1067,681,0.638238050609185,835.059848551204,775.636544960995,0.412492708395688,15.712822163651,0.751348706904683,5.89720998531571,1.51000691025309,0.17015023447961,0.40203155528997,7.68005312411129e-16,-2.5600177080371e-16,0,0.993439550140581,1,1,7,0,0,0,7,114,106,6.5
"A6","r5","RSArule",18,0,1067,679,0.636363636363636,854.727818518382,785.468592387424,0.43055988817968,15.8120972120647,0.746569752108535,5.87334315169367,1.28186948531808,0.185381817309299,0.423398777801444,6.40004427009274e-16,-1.28000885401855e-16,0,0.993439550140581,1,1,7,0,0,0,8,141,132,6.456
"A6","r5","RSArule",19,0,1067,687,0.643861293345829,821.355473558922,759.750492147941,0.429655700725294,15.5510801130883,0.740826267743897,5.87336244541485,1.28277337135728,0.184604021165743,0.418528063997839,6.40004427009274e-16,-8.96006197812984e-16,0,0.992502343017807,1,1,8,0,0,0,8,132,123,6.34
"A6","r5","RSArule",20,0,1068,697,0.652621722846442,830.426629523458,757.943261823316,0.42034664011974,15.5325733027323,0.734317220585275,5.87087517934003,1.31663615824799,0.176691297859955,0.409713388586535,8.96006197812984e-16,-1.28000885401855e-15,0,0.995318352059925,1,1,5,0,0,0,6,127,120,6.92800000000001
