"archetype","roi_id","source","method","r","g"
"A1","r1","reale primario","cellpose_rgb",0,0
"A1","r1","reale primario","cellpose_rgb",0.5,0.000335069934301105
"A1","r1","reale primario","cellpose_rgb",1,0.00824400101737117
"A1","r1","reale primario","cellpose_rgb",1.5,0.0469924424092277
"A1","r1","reale primario","cellpose_rgb",2,0.167396537931698
"A1","r1","reale primario","cellpose_rgb",2.5,0.419019148473689
"A1","r1","reale primario","cellpose_rgb",3,0.819821772677221
"A1","r1","reale primario","cellpose_rgb",3.5,1.27244045168993
"A1","r1","reale primario","cellpose_rgb",4,1.65456763720864
"A1","r1","reale primario","cellpose_rgb",4.5,1.8605166398966
"A1","r1","reale primario","cellpose_rgb",5,1.87462885421454
"A1","r1","reale primario","cellpose_rgb",5.5,1.77447167164955
"A1","r1","reale primario","cellpose_rgb",6,1.66058133526633
"A1","r1","reale primario","cellpose_rgb",6.5,1.58042466283714
"A1","r1","reale primario","cellpose_rgb",7,1.54630709328809
"A1","r1","reale primario","cellpose_rgb",7.5,1.52245280686087
"A1","r1","reale primario","cellpose_rgb",8,1.50613385181907
"A1","r1","reale primario","cellpose_rgb",8.5,1.49651377454794
"A1","r1","reale primario","cellpose_rgb",9,1.48286034611199
"A1","r1","reale primario","cellpose_rgb",9.5,1.46945368725167
"A1","r1","reale primario","cellpose_rgb",10,1.46419491485673
"A1","r1","reale primario","cellpose_rgb",10.5,1.44832153082921
"A1","r1","reale primario","cellpose_rgb",11,1.42593931011421
"A1","r1","reale primario","cellpose_rgb",11.5,1.40425228561202
"A1","r1","reale primario","cellpose_rgb",12,1.38210416145728
"A1","r1","reale primario","cellpose_rgb",12.5,1.36417984982057
"A1","r1","reale primario","cellpose_rgb",13,1.36183451979769
"A1","r1","reale primario","cellpose_rgb",13.5,1.37049909436522
"A1","r1","reale primario","cellpose_rgb",14,1.37300822412585
"A1","r1","reale primario","cellpose_rgb",14.5,1.36632763132629
"A1","r1","reale primario","cellpose_rgb",15,1.35134077599863
"A1","r1","reale primario","cellpose_rgb",15.5,1.33713499459032
"A1","r1","reale primario","cellpose_rgb",16,1.32993059826255
"A1","r1","reale primario","cellpose_rgb",16.5,1.32485965995381
"A1","r1","reale primario","cellpose_rgb",17,1.320279789604
"A1","r1","reale primario","cellpose_rgb",17.5,1.31183529590067
"A1","r1","reale primario","cellpose_rgb",18,1.30630570486372
"A1","r1","reale primario","cellpose_rgb",18.5,1.30293710921989
"A1","r1","reale primario","cellpose_rgb",19,1.29493585304374
"A1","r1","reale primario","cellpose_rgb",19.5,1.2892573707715
"A1","r1","reale primario","cellpose_rgb",20,1.28082411919488
"A1","r1","reale primario","cellpose_rgb",20.5,1.2719429375684
"A1","r1","reale primario","cellpose_rgb",21,1.26831077895064
"A1","r1","reale primario","cellpose_rgb",21.5,1.26323911514909
"A1","r1","reale primario","cellpose_rgb",22,1.2524747858226
"A1","r1","reale primario","cellpose_rgb",22.5,1.24338963128637
"A1","r1","reale primario","cellpose_rgb",23,1.23912672514722
"A1","r1","reale primario","cellpose_rgb",23.5,1.23664495224222
"A1","r1","reale primario","cellpose_rgb",24,1.23326561185365
"A1","r1","reale primario","cellpose_rgb",24.5,1.23427805845133
"A1","r1","reale primario","cellpose_rgb",25,1.23292191579462
"A1","r1","reale primario","cellpose_rgb",25.5,1.22595119989273
"A1","r1","reale primario","cellpose_rgb",26,1.21987360773626
"A1","r1","reale primario","cellpose_rgb",26.5,1.21086043623019
"A1","r1","reale primario","cellpose_rgb",27,1.19938563802712
"A1","r1","reale primario","cellpose_rgb",27.5,1.1951603832004
"A1","r1","reale primario","cellpose_rgb",28,1.19222917389645
"A1","r1","reale primario","cellpose_rgb",28.5,1.18850652637546
"A1","r1","reale primario","cellpose_rgb",29,1.18633815489209
"A1","r1","reale primario","cellpose_rgb",29.5,1.18276141391916
"A1","r1","reale primario","cellpose_rgb",30,1.17291510550564
"A1","r1","reale secondario","stardist_he",0,3.9943285450347e-17
"A1","r1","reale secondario","stardist_he",0.5,8.70494481534456e-17
"A1","r1","reale secondario","stardist_he",1,0
"A1","r1","reale secondario","stardist_he",1.5,0.00218687804771583
"A1","r1","reale secondario","stardist_he",2,0.0346070309573766
"A1","r1","reale secondario","stardist_he",2.5,0.193686657790487
"A1","r1","reale secondario","stardist_he",3,0.592663606384691
"A1","r1","reale secondario","stardist_he",3.5,1.19620374259978
"A1","r1","reale secondario","stardist_he",4,1.81634766252262
"A1","r1","reale secondario","stardist_he",4.5,2.2332914829871
"A1","r1","reale secondario","stardist_he",5,2.33597466315115
"A1","r1","reale secondario","stardist_he",5.5,2.18120466688028
"A1","r1","reale secondario","stardist_he",6,1.93564303720808
"A1","r1","reale secondario","stardist_he",6.5,1.7747218265116
"A1","r1","reale secondario","stardist_he",7,1.69021325324098
"A1","r1","reale secondario","stardist_he",7.5,1.63415863446409
"A1","r1","reale secondario","stardist_he",8,1.59483211823803
"A1","r1","reale secondario","stardist_he",8.5,1.5800921488378
"A1","r1","reale secondario","stardist_he",9,1.56217902559369
"A1","r1","reale secondario","stardist_he",9.5,1.56219919231226
"A1","r1","reale secondario","stardist_he",10,1.56710870511072
"A1","r1","reale secondario","stardist_he",10.5,1.56038974733442
"A1","r1","reale secondario","stardist_he",11,1.52989358256474
"A1","r1","reale secondario","stardist_he",11.5,1.50891764768206
"A1","r1","reale secondario","stardist_he",12,1.48741678394012
"A1","r1","reale secondario","stardist_he",12.5,1.46883666228896
"A1","r1","reale secondario","stardist_he",13,1.46932084993486
"A1","r1","reale secondario","stardist_he",13.5,1.48363087587538
"A1","r1","reale secondario","stardist_he",14,1.47871869503105
"A1","r1","reale secondario","stardist_he",14.5,1.45142731220653
"A1","r1","reale secondario","stardist_he",15,1.41190332072341
"A1","r1","reale secondario","stardist_he",15.5,1.36588909057375
"A1","r1","reale secondario","stardist_he",16,1.34529714435591
"A1","r1","reale secondario","stardist_he",16.5,1.34880025427509
"A1","r1","reale secondario","stardist_he",17,1.3593248948569
"A1","r1","reale secondario","stardist_he",17.5,1.36579815267045
"A1","r1","reale secondario","stardist_he",18,1.37671149285707
"A1","r1","reale secondario","stardist_he",18.5,1.37567945955896
"A1","r1","reale secondario","stardist_he",19,1.36022603062161
"A1","r1","reale secondario","stardist_he",19.5,1.35043199043784
"A1","r1","reale secondario","stardist_he",20,1.34781347444379
"A1","r1","reale secondario","stardist_he",20.5,1.3349863750741
"A1","r1","reale secondario","stardist_he",21,1.32310763490479
"A1","r1","reale secondario","stardist_he",21.5,1.31110324295911
"A1","r1","reale secondario","stardist_he",22,1.28762484187455
"A1","r1","reale secondario","stardist_he",22.5,1.26976437994357
"A1","r1","reale secondario","stardist_he",23,1.26524302786194
"A1","r1","reale secondario","stardist_he",23.5,1.26583063453095
"A1","r1","reale secondario","stardist_he",24,1.26145196066368
"A1","r1","reale secondario","stardist_he",24.5,1.26835404696672
"A1","r1","reale secondario","stardist_he",25,1.27025435360978
"A1","r1","reale secondario","stardist_he",25.5,1.26028595339833
"A1","r1","reale secondario","stardist_he",26,1.24594770043959
"A1","r1","reale secondario","stardist_he",26.5,1.23445760253019
"A1","r1","reale secondario","stardist_he",27,1.22484341300201
"A1","r1","reale secondario","stardist_he",27.5,1.2161426594712
"A1","r1","reale secondario","stardist_he",28,1.21385777825023
"A1","r1","reale secondario","stardist_he",28.5,1.20805013828404
"A1","r1","reale secondario","stardist_he",29,1.20890474941466
"A1","r1","reale secondario","stardist_he",29.5,1.2108692902603
"A1","r1","reale secondario","stardist_he",30,1.19853688892359
"A1","r2","reale primario","cellpose_rgb",0,0
"A1","r2","reale primario","cellpose_rgb",0.5,8.75629541756618e-05
"A1","r2","reale primario","cellpose_rgb",1,0.00456644362307267
"A1","r2","reale primario","cellpose_rgb",1.5,0.043704127123044
"A1","r2","reale primario","cellpose_rgb",2,0.165643548438625
"A1","r2","reale primario","cellpose_rgb",2.5,0.423538954674288
"A1","r2","reale primario","cellpose_rgb",3,0.811105744445532
"A1","r2","reale primario","cellpose_rgb",3.5,1.23974844587886
"A1","r2","reale primario","cellpose_rgb",4,1.59812047642997
"A1","r2","reale primario","cellpose_rgb",4.5,1.8075473612013
"A1","r2","reale primario","cellpose_rgb",5,1.83695662122244
"A1","r2","reale primario","cellpose_rgb",5.5,1.76448609722422
"A1","r2","reale primario","cellpose_rgb",6,1.67757481384346
"A1","r2","reale primario","cellpose_rgb",6.5,1.60809505968544
"A1","r2","reale primario","cellpose_rgb",7,1.56495509529011
"A1","r2","reale primario","cellpose_rgb",7.5,1.54687634171886
"A1","r2","reale primario","cellpose_rgb",8,1.52339418943123
"A1","r2","reale primario","cellpose_rgb",8.5,1.50250868257341
"A1","r2","reale primario","cellpose_rgb",9,1.48676362532059
"A1","r2","reale primario","cellpose_rgb",9.5,1.46733585352979
"A1","r2","reale primario","cellpose_rgb",10,1.4549524498382
"A1","r2","reale primario","cellpose_rgb",10.5,1.44927829007352
"A1","r2","reale primario","cellpose_rgb",11,1.44764355514526
"A1","r2","reale primario","cellpose_rgb",11.5,1.45318395419484
"A1","r2","reale primario","cellpose_rgb",12,1.46147275402428
"A1","r2","reale primario","cellpose_rgb",12.5,1.45393011190729
"A1","r2","reale primario","cellpose_rgb",13,1.44150361054153
"A1","r2","reale primario","cellpose_rgb",13.5,1.42688528499593
"A1","r2","reale primario","cellpose_rgb",14,1.41541809885521
"A1","r2","reale primario","cellpose_rgb",14.5,1.40882673933338
"A1","r2","reale primario","cellpose_rgb",15,1.40732726876449
"A1","r2","reale primario","cellpose_rgb",15.5,1.40485718506363
"A1","r2","reale primario","cellpose_rgb",16,1.39774941309486
"A1","r2","reale primario","cellpose_rgb",16.5,1.3918960211209
"A1","r2","reale primario","cellpose_rgb",17,1.38953532226966
"A1","r2","reale primario","cellpose_rgb",17.5,1.39362524317983
"A1","r2","reale primario","cellpose_rgb",18,1.39411663486855
"A1","r2","reale primario","cellpose_rgb",18.5,1.38753611606133
"A1","r2","reale primario","cellpose_rgb",19,1.37454744284603
"A1","r2","reale primario","cellpose_rgb",19.5,1.36557338887333
"A1","r2","reale primario","cellpose_rgb",20,1.36181049631833
"A1","r2","reale primario","cellpose_rgb",20.5,1.36623888597413
"A1","r2","reale primario","cellpose_rgb",21,1.3670224381233
"A1","r2","reale primario","cellpose_rgb",21.5,1.35376114177151
"A1","r2","reale primario","cellpose_rgb",22,1.3342872628708
"A1","r2","reale primario","cellpose_rgb",22.5,1.31848549024371
"A1","r2","reale primario","cellpose_rgb",23,1.30383772288512
"A1","r2","reale primario","cellpose_rgb",23.5,1.30392707615726
"A1","r2","reale primario","cellpose_rgb",24,1.31135477524167
"A1","r2","reale primario","cellpose_rgb",24.5,1.3150361273808
"A1","r2","reale primario","cellpose_rgb",25,1.31755715004419
"A1","r2","reale primario","cellpose_rgb",25.5,1.31892343219637
"A1","r2","reale primario","cellpose_rgb",26,1.31193843274751
"A1","r2","reale primario","cellpose_rgb",26.5,1.30326116513382
"A1","r2","reale primario","cellpose_rgb",27,1.2901859054022
"A1","r2","reale primario","cellpose_rgb",27.5,1.27848259878321
"A1","r2","reale primario","cellpose_rgb",28,1.2685961892801
"A1","r2","reale primario","cellpose_rgb",28.5,1.26739860935609
"A1","r2","reale primario","cellpose_rgb",29,1.27510374608129
"A1","r2","reale primario","cellpose_rgb",29.5,1.28331033714417
"A1","r2","reale primario","cellpose_rgb",30,1.27794820033818
"A1","r2","reale secondario","stardist_he",0,0
"A1","r2","reale secondario","stardist_he",0.5,1.84376860640778e-16
"A1","r2","reale secondario","stardist_he",1,0
"A1","r2","reale secondario","stardist_he",1.5,0.000913960890911952
"A1","r2","reale secondario","stardist_he",2,0.0201280673874027
"A1","r2","reale secondario","stardist_he",2.5,0.13751406205633
"A1","r2","reale secondario","stardist_he",3,0.450781350738152
"A1","r2","reale secondario","stardist_he",3.5,0.965932987887958
"A1","r2","reale secondario","stardist_he",4,1.53460960608026
"A1","r2","reale secondario","stardist_he",4.5,1.970081582989
"A1","r2","reale secondario","stardist_he",5,2.13546592505561
"A1","r2","reale secondario","stardist_he",5.5,2.06434222304487
"A1","r2","reale secondario","stardist_he",6,1.87654596202133
"A1","r2","reale secondario","stardist_he",6.5,1.71403032530086
"A1","r2","reale secondario","stardist_he",7,1.62639885435056
"A1","r2","reale secondario","stardist_he",7.5,1.5882021936584
"A1","r2","reale secondario","stardist_he",8,1.56489189899503
"A1","r2","reale secondario","stardist_he",8.5,1.55533403621372
"A1","r2","reale secondario","stardist_he",9,1.54536267427014
"A1","r2","reale secondario","stardist_he",9.5,1.5144666720665
"A1","r2","reale secondario","stardist_he",10,1.49560376860028
"A1","r2","reale secondario","stardist_he",10.5,1.47770986937317
"A1","r2","reale secondario","stardist_he",11,1.47564024370867
"A1","r2","reale secondario","stardist_he",11.5,1.47973923458821
"A1","r2","reale secondario","stardist_he",12,1.49072440172857
"A1","r2","reale secondario","stardist_he",12.5,1.48939839198389
"A1","r2","reale secondario","stardist_he",13,1.48843532686844
"A1","r2","reale secondario","stardist_he",13.5,1.46545045808056
"A1","r2","reale secondario","stardist_he",14,1.43867946231386
"A1","r2","reale secondario","stardist_he",14.5,1.4194730665417
"A1","r2","reale secondario","stardist_he",15,1.4055477935599
"A1","r2","reale secondario","stardist_he",15.5,1.40106903278546
"A1","r2","reale secondario","stardist_he",16,1.39667517452912
"A1","r2","reale secondario","stardist_he",16.5,1.38445984459079
"A1","r2","reale secondario","stardist_he",17,1.36659557419131
"A1","r2","reale secondario","stardist_he",17.5,1.37322966324747
"A1","r2","reale secondario","stardist_he",18,1.37870385831717
"A1","r2","reale secondario","stardist_he",18.5,1.37268394266883
"A1","r2","reale secondario","stardist_he",19,1.36986683679658
"A1","r2","reale secondario","stardist_he",19.5,1.37823749993108
"A1","r2","reale secondario","stardist_he",20,1.37192718868467
"A1","r2","reale secondario","stardist_he",20.5,1.37511016398848
"A1","r2","reale secondario","stardist_he",21,1.37628972119653
"A1","r2","reale secondario","stardist_he",21.5,1.35086639186783
"A1","r2","reale secondario","stardist_he",22,1.33227817226869
"A1","r2","reale secondario","stardist_he",22.5,1.32199306096186
"A1","r2","reale secondario","stardist_he",23,1.30544742561975
"A1","r2","reale secondario","stardist_he",23.5,1.30987678597431
"A1","r2","reale secondario","stardist_he",24,1.314684579403
"A1","r2","reale secondario","stardist_he",24.5,1.30840693467345
"A1","r2","reale secondario","stardist_he",25,1.31425969531368
"A1","r2","reale secondario","stardist_he",25.5,1.30602836922505
"A1","r2","reale secondario","stardist_he",26,1.28449718790054
"A1","r2","reale secondario","stardist_he",26.5,1.28424027754372
"A1","r2","reale secondario","stardist_he",27,1.28344030731884
"A1","r2","reale secondario","stardist_he",27.5,1.26976645984072
"A1","r2","reale secondario","stardist_he",28,1.2608422433744
"A1","r2","reale secondario","stardist_he",28.5,1.24548802878373
"A1","r2","reale secondario","stardist_he",29,1.23387727799782
"A1","r2","reale secondario","stardist_he",29.5,1.22443062536773
"A1","r2","reale secondario","stardist_he",30,1.21050712875979
"A1","r3","reale primario","cellpose_rgb",0,0
"A1","r3","reale primario","cellpose_rgb",0.5,0.000437993799472078
"A1","r3","reale primario","cellpose_rgb",1,0.00785717702082422
"A1","r3","reale primario","cellpose_rgb",1.5,0.0475550708938187
"A1","r3","reale primario","cellpose_rgb",2,0.175732401192129
"A1","r3","reale primario","cellpose_rgb",2.5,0.427207799134909
"A1","r3","reale primario","cellpose_rgb",3,0.800883466243086
"A1","r3","reale primario","cellpose_rgb",3.5,1.21814627929939
"A1","r3","reale primario","cellpose_rgb",4,1.57286912498552
"A1","r3","reale primario","cellpose_rgb",4.5,1.78271045913316
"A1","r3","reale primario","cellpose_rgb",5,1.83668738396225
"A1","r3","reale primario","cellpose_rgb",5.5,1.78037470615544
"A1","r3","reale primario","cellpose_rgb",6,1.69550911626737
"A1","r3","reale primario","cellpose_rgb",6.5,1.61824906287914
"A1","r3","reale primario","cellpose_rgb",7,1.57062928601873
"A1","r3","reale primario","cellpose_rgb",7.5,1.55366210604
"A1","r3","reale primario","cellpose_rgb",8,1.53937198392367
"A1","r3","reale primario","cellpose_rgb",8.5,1.53004442911825
"A1","r3","reale primario","cellpose_rgb",9,1.51513224907858
"A1","r3","reale primario","cellpose_rgb",9.5,1.49787930464214
"A1","r3","reale primario","cellpose_rgb",10,1.48298069646962
"A1","r3","reale primario","cellpose_rgb",10.5,1.47623188313275
"A1","r3","reale primario","cellpose_rgb",11,1.4623777822505
"A1","r3","reale primario","cellpose_rgb",11.5,1.45891975282736
"A1","r3","reale primario","cellpose_rgb",12,1.4470344692022
"A1","r3","reale primario","cellpose_rgb",12.5,1.4342337913538
"A1","r3","reale primario","cellpose_rgb",13,1.41825408371808
"A1","r3","reale primario","cellpose_rgb",13.5,1.40329154835126
"A1","r3","reale primario","cellpose_rgb",14,1.38899976877129
"A1","r3","reale primario","cellpose_rgb",14.5,1.3809742587857
"A1","r3","reale primario","cellpose_rgb",15,1.38110927186588
"A1","r3","reale primario","cellpose_rgb",15.5,1.388706232488
"A1","r3","reale primario","cellpose_rgb",16,1.3849231893701
"A1","r3","reale primario","cellpose_rgb",16.5,1.37553430120225
"A1","r3","reale primario","cellpose_rgb",17,1.35875456036735
"A1","r3","reale primario","cellpose_rgb",17.5,1.33908070451378
"A1","r3","reale primario","cellpose_rgb",18,1.33241886863471
"A1","r3","reale primario","cellpose_rgb",18.5,1.33095533994502
"A1","r3","reale primario","cellpose_rgb",19,1.32561404544626
"A1","r3","reale primario","cellpose_rgb",19.5,1.3194373759344
"A1","r3","reale primario","cellpose_rgb",20,1.31006709149284
"A1","r3","reale primario","cellpose_rgb",20.5,1.30336247449883
"A1","r3","reale primario","cellpose_rgb",21,1.30683306064285
"A1","r3","reale primario","cellpose_rgb",21.5,1.30808240262944
"A1","r3","reale primario","cellpose_rgb",22,1.30254366670838
"A1","r3","reale primario","cellpose_rgb",22.5,1.29088189094743
"A1","r3","reale primario","cellpose_rgb",23,1.28092656000015
"A1","r3","reale primario","cellpose_rgb",23.5,1.26839754716646
"A1","r3","reale primario","cellpose_rgb",24,1.26086270166626
"A1","r3","reale primario","cellpose_rgb",24.5,1.26121627102606
"A1","r3","reale primario","cellpose_rgb",25,1.25920524466786
"A1","r3","reale primario","cellpose_rgb",25.5,1.25395522564526
"A1","r3","reale primario","cellpose_rgb",26,1.25288047021566
"A1","r3","reale primario","cellpose_rgb",26.5,1.24305472573316
"A1","r3","reale primario","cellpose_rgb",27,1.23405554535731
"A1","r3","reale primario","cellpose_rgb",27.5,1.22915019449334
"A1","r3","reale primario","cellpose_rgb",28,1.22115877898441
"A1","r3","reale primario","cellpose_rgb",28.5,1.21508852134636
"A1","r3","reale primario","cellpose_rgb",29,1.21553081934331
"A1","r3","reale primario","cellpose_rgb",29.5,1.21352892828389
"A1","r3","reale primario","cellpose_rgb",30,1.21194922155934
"A1","r3","reale secondario","stardist_he",0,0
"A1","r3","reale secondario","stardist_he",0.5,3.35571384197543e-16
"A1","r3","reale secondario","stardist_he",1,0
"A1","r3","reale secondario","stardist_he",1.5,0.000884476529209282
"A1","r3","reale secondario","stardist_he",2,0.0296685508468899
"A1","r3","reale secondario","stardist_he",2.5,0.163123835084062
"A1","r3","reale secondario","stardist_he",3,0.491294213767851
"A1","r3","reale secondario","stardist_he",3.5,0.973667038589704
"A1","r3","reale secondario","stardist_he",4,1.51982359076112
"A1","r3","reale secondario","stardist_he",4.5,1.94148880075803
"A1","r3","reale secondario","stardist_he",5,2.1259734286327
"A1","r3","reale secondario","stardist_he",5.5,2.09309273863491
"A1","r3","reale secondario","stardist_he",6,1.95927147420408
"A1","r3","reale secondario","stardist_he",6.5,1.78619466838734
"A1","r3","reale secondario","stardist_he",7,1.67775488978101
"A1","r3","reale secondario","stardist_he",7.5,1.62475060200653
"A1","r3","reale secondario","stardist_he",8,1.60063349643155
"A1","r3","reale secondario","stardist_he",8.5,1.59674397578824
"A1","r3","reale secondario","stardist_he",9,1.57932052447255
"A1","r3","reale secondario","stardist_he",9.5,1.55114343495451
"A1","r3","reale secondario","stardist_he",10,1.51992764868012
"A1","r3","reale secondario","stardist_he",10.5,1.51007151478896
"A1","r3","reale secondario","stardist_he",11,1.51251401941958
"A1","r3","reale secondario","stardist_he",11.5,1.52166722476708
"A1","r3","reale secondario","stardist_he",12,1.50091311059704
"A1","r3","reale secondario","stardist_he",12.5,1.48507856806336
"A1","r3","reale secondario","stardist_he",13,1.45460101435909
"A1","r3","reale secondario","stardist_he",13.5,1.4211995871053
"A1","r3","reale secondario","stardist_he",14,1.39919476864587
"A1","r3","reale secondario","stardist_he",14.5,1.40029832932399
"A1","r3","reale secondario","stardist_he",15,1.40194862648436
"A1","r3","reale secondario","stardist_he",15.5,1.41967172249298
"A1","r3","reale secondario","stardist_he",16,1.42460680551932
"A1","r3","reale secondario","stardist_he",16.5,1.41624913883008
"A1","r3","reale secondario","stardist_he",17,1.38955988263294
"A1","r3","reale secondario","stardist_he",17.5,1.36520264793844
"A1","r3","reale secondario","stardist_he",18,1.35132258948686
"A1","r3","reale secondario","stardist_he",18.5,1.34537504933427
"A1","r3","reale secondario","stardist_he",19,1.33788005810217
"A1","r3","reale secondario","stardist_he",19.5,1.32808410870872
"A1","r3","reale secondario","stardist_he",20,1.30229526030914
"A1","r3","reale secondario","stardist_he",20.5,1.28179901296315
"A1","r3","reale secondario","stardist_he",21,1.28619654796476
"A1","r3","reale secondario","stardist_he",21.5,1.2901363523215
"A1","r3","reale secondario","stardist_he",22,1.29156009954378
"A1","r3","reale secondario","stardist_he",22.5,1.28354852835928
"A1","r3","reale secondario","stardist_he",23,1.2718662205068
"A1","r3","reale secondario","stardist_he",23.5,1.25763701499286
"A1","r3","reale secondario","stardist_he",24,1.26195444178287
"A1","r3","reale secondario","stardist_he",24.5,1.26272244462131
"A1","r3","reale secondario","stardist_he",25,1.25652273703227
"A1","r3","reale secondario","stardist_he",25.5,1.24140931651145
"A1","r3","reale secondario","stardist_he",26,1.2261053267019
"A1","r3","reale secondario","stardist_he",26.5,1.20185425453062
"A1","r3","reale secondario","stardist_he",27,1.18708909305226
"A1","r3","reale secondario","stardist_he",27.5,1.18121750722858
"A1","r3","reale secondario","stardist_he",28,1.18125974077
"A1","r3","reale secondario","stardist_he",28.5,1.18182750224449
"A1","r3","reale secondario","stardist_he",29,1.18499845720202
"A1","r3","reale secondario","stardist_he",29.5,1.18393370803988
"A1","r3","reale secondario","stardist_he",30,1.18214965135243
"A1","r4","reale primario","cellpose_rgb",0,0
"A1","r4","reale primario","cellpose_rgb",0.5,0.00130629586094748
"A1","r4","reale primario","cellpose_rgb",1,0.00698860567557604
"A1","r4","reale primario","cellpose_rgb",1.5,0.0441483505711179
"A1","r4","reale primario","cellpose_rgb",2,0.156554976409328
"A1","r4","reale primario","cellpose_rgb",2.5,0.394187539613999
"A1","r4","reale primario","cellpose_rgb",3,0.758344874845277
"A1","r4","reale primario","cellpose_rgb",3.5,1.17685673060834
"A1","r4","reale primario","cellpose_rgb",4,1.53076384747243
"A1","r4","reale primario","cellpose_rgb",4.5,1.7603755026596
"A1","r4","reale primario","cellpose_rgb",5,1.82661521486337
"A1","r4","reale primario","cellpose_rgb",5.5,1.78391663678272
"A1","r4","reale primario","cellpose_rgb",6,1.70478349332485
"A1","r4","reale primario","cellpose_rgb",6.5,1.63763597446135
"A1","r4","reale primario","cellpose_rgb",7,1.59005519350878
"A1","r4","reale primario","cellpose_rgb",7.5,1.55967677571344
"A1","r4","reale primario","cellpose_rgb",8,1.54154256969693
"A1","r4","reale primario","cellpose_rgb",8.5,1.5281423284605
"A1","r4","reale primario","cellpose_rgb",9,1.51478782994355
"A1","r4","reale primario","cellpose_rgb",9.5,1.50512796124156
"A1","r4","reale primario","cellpose_rgb",10,1.5002376475512
"A1","r4","reale primario","cellpose_rgb",10.5,1.49397379514575
"A1","r4","reale primario","cellpose_rgb",11,1.49103866417009
"A1","r4","reale primario","cellpose_rgb",11.5,1.48800160436748
"A1","r4","reale primario","cellpose_rgb",12,1.47909900969528
"A1","r4","reale primario","cellpose_rgb",12.5,1.46002088895284
"A1","r4","reale primario","cellpose_rgb",13,1.43265583508808
"A1","r4","reale primario","cellpose_rgb",13.5,1.41571413238725
"A1","r4","reale primario","cellpose_rgb",14,1.40715099513653
"A1","r4","reale primario","cellpose_rgb",14.5,1.41219649420245
"A1","r4","reale primario","cellpose_rgb",15,1.41313292005632
"A1","r4","reale primario","cellpose_rgb",15.5,1.4122611544653
"A1","r4","reale primario","cellpose_rgb",16,1.40779299261162
"A1","r4","reale primario","cellpose_rgb",16.5,1.39922173004896
"A1","r4","reale primario","cellpose_rgb",17,1.38410187901636
"A1","r4","reale primario","cellpose_rgb",17.5,1.36780804751727
"A1","r4","reale primario","cellpose_rgb",18,1.34748589158565
"A1","r4","reale primario","cellpose_rgb",18.5,1.3309373267707
"A1","r4","reale primario","cellpose_rgb",19,1.32692663058015
"A1","r4","reale primario","cellpose_rgb",19.5,1.33228658654781
"A1","r4","reale primario","cellpose_rgb",20,1.33800568566292
"A1","r4","reale primario","cellpose_rgb",20.5,1.34242495516503
"A1","r4","reale primario","cellpose_rgb",21,1.34145412294932
"A1","r4","reale primario","cellpose_rgb",21.5,1.33348931654737
"A1","r4","reale primario","cellpose_rgb",22,1.32033197641339
"A1","r4","reale primario","cellpose_rgb",22.5,1.30907090905195
"A1","r4","reale primario","cellpose_rgb",23,1.29692136009028
"A1","r4","reale primario","cellpose_rgb",23.5,1.2908065966256
"A1","r4","reale primario","cellpose_rgb",24,1.28872790130862
"A1","r4","reale primario","cellpose_rgb",24.5,1.29214433055976
"A1","r4","reale primario","cellpose_rgb",25,1.28871944351103
"A1","r4","reale primario","cellpose_rgb",25.5,1.28410195162598
"A1","r4","reale primario","cellpose_rgb",26,1.27698023142547
"A1","r4","reale primario","cellpose_rgb",26.5,1.27671032806195
"A1","r4","reale primario","cellpose_rgb",27,1.27272457553956
"A1","r4","reale primario","cellpose_rgb",27.5,1.26568597117407
"A1","r4","reale primario","cellpose_rgb",28,1.25691421600799
"A1","r4","reale primario","cellpose_rgb",28.5,1.24465806289637
"A1","r4","reale primario","cellpose_rgb",29,1.23613092118113
"A1","r4","reale primario","cellpose_rgb",29.5,1.2422495354019
"A1","r4","reale primario","cellpose_rgb",30,1.24644434673494
"A1","r4","reale secondario","stardist_he",0,0
"A1","r4","reale secondario","stardist_he",0.5,2.34534638985572e-17
"A1","r4","reale secondario","stardist_he",1,0
"A1","r4","reale secondario","stardist_he",1.5,1.18073087336459e-05
"A1","r4","reale secondario","stardist_he",2,0.0142539768228249
"A1","r4","reale secondario","stardist_he",2.5,0.146879768085289
"A1","r4","reale secondario","stardist_he",3,0.4799447170316
"A1","r4","reale secondario","stardist_he",3.5,0.992534489064364
"A1","r4","reale secondario","stardist_he",4,1.58551969498453
"A1","r4","reale secondario","stardist_he",4.5,2.05131606155199
"A1","r4","reale secondario","stardist_he",5,2.25049078035119
"A1","r4","reale secondario","stardist_he",5.5,2.21418738416723
"A1","r4","reale secondario","stardist_he",6,2.06507942036859
"A1","r4","reale secondario","stardist_he",6.5,1.90193568948249
"A1","r4","reale secondario","stardist_he",7,1.82637198429256
"A1","r4","reale secondario","stardist_he",7.5,1.80265664374176
"A1","r4","reale secondario","stardist_he",8,1.80279287093684
"A1","r4","reale secondario","stardist_he",8.5,1.77260319287732
"A1","r4","reale secondario","stardist_he",9,1.7221714535555
"A1","r4","reale secondario","stardist_he",9.5,1.65351020842828
"A1","r4","reale secondario","stardist_he",10,1.58922734540364
"A1","r4","reale secondario","stardist_he",10.5,1.56296628089029
"A1","r4","reale secondario","stardist_he",11,1.58244891242916
"A1","r4","reale secondario","stardist_he",11.5,1.59137918476533
"A1","r4","reale secondario","stardist_he",12,1.60251630936852
"A1","r4","reale secondario","stardist_he",12.5,1.59112316376296
"A1","r4","reale secondario","stardist_he",13,1.55711163869394
"A1","r4","reale secondario","stardist_he",13.5,1.52972374462543
"A1","r4","reale secondario","stardist_he",14,1.53144940067195
"A1","r4","reale secondario","stardist_he",14.5,1.5286077373152
"A1","r4","reale secondario","stardist_he",15,1.52779431823244
"A1","r4","reale secondario","stardist_he",15.5,1.51794846761802
"A1","r4","reale secondario","stardist_he",16,1.49239388414304
"A1","r4","reale secondario","stardist_he",16.5,1.47053806609018
"A1","r4","reale secondario","stardist_he",17,1.46124339863894
"A1","r4","reale secondario","stardist_he",17.5,1.45239009152483
"A1","r4","reale secondario","stardist_he",18,1.42840922168213
"A1","r4","reale secondario","stardist_he",18.5,1.41111910737869
"A1","r4","reale secondario","stardist_he",19,1.39296614364004
"A1","r4","reale secondario","stardist_he",19.5,1.37855064171946
"A1","r4","reale secondario","stardist_he",20,1.36997941381308
"A1","r4","reale secondario","stardist_he",20.5,1.37118993149884
"A1","r4","reale secondario","stardist_he",21,1.37083536885357
"A1","r4","reale secondario","stardist_he",21.5,1.38050603067493
"A1","r4","reale secondario","stardist_he",22,1.37916480862284
"A1","r4","reale secondario","stardist_he",22.5,1.38154943870304
"A1","r4","reale secondario","stardist_he",23,1.36524992655435
"A1","r4","reale secondario","stardist_he",23.5,1.33553190276931
"A1","r4","reale secondario","stardist_he",24,1.31518648255059
"A1","r4","reale secondario","stardist_he",24.5,1.30141358910003
"A1","r4","reale secondario","stardist_he",25,1.28915392987488
"A1","r4","reale secondario","stardist_he",25.5,1.29795231672073
"A1","r4","reale secondario","stardist_he",26,1.30278836568097
"A1","r4","reale secondario","stardist_he",26.5,1.30194092840836
"A1","r4","reale secondario","stardist_he",27,1.297705073541
"A1","r4","reale secondario","stardist_he",27.5,1.27693763860862
"A1","r4","reale secondario","stardist_he",28,1.25626678200875
"A1","r4","reale secondario","stardist_he",28.5,1.23649825906654
"A1","r4","reale secondario","stardist_he",29,1.2248106327751
"A1","r4","reale secondario","stardist_he",29.5,1.22614216625754
"A1","r4","reale secondario","stardist_he",30,1.23541448798469
"A1","r5","reale primario","cellpose_rgb",0,0
"A1","r5","reale primario","cellpose_rgb",0.5,7.9628129581066e-05
"A1","r5","reale primario","cellpose_rgb",1,0.0083304128726084
"A1","r5","reale primario","cellpose_rgb",1.5,0.0455061221133282
"A1","r5","reale primario","cellpose_rgb",2,0.15841508895511
"A1","r5","reale primario","cellpose_rgb",2.5,0.385896684393731
"A1","r5","reale primario","cellpose_rgb",3,0.726139069724821
"A1","r5","reale primario","cellpose_rgb",3.5,1.11304349230657
"A1","r5","reale primario","cellpose_rgb",4,1.46211985945808
"A1","r5","reale primario","cellpose_rgb",4.5,1.68523755811147
"A1","r5","reale primario","cellpose_rgb",5,1.76290842684113
"A1","r5","reale primario","cellpose_rgb",5.5,1.72837382260967
"A1","r5","reale primario","cellpose_rgb",6,1.64601278637245
"A1","r5","reale primario","cellpose_rgb",6.5,1.57571410283444
"A1","r5","reale primario","cellpose_rgb",7,1.5297475202629
"A1","r5","reale primario","cellpose_rgb",7.5,1.50400062640944
"A1","r5","reale primario","cellpose_rgb",8,1.49126012840861
"A1","r5","reale primario","cellpose_rgb",8.5,1.48053063445866
"A1","r5","reale primario","cellpose_rgb",9,1.46232557429638
"A1","r5","reale primario","cellpose_rgb",9.5,1.457565184403
"A1","r5","reale primario","cellpose_rgb",10,1.45753126574725
"A1","r5","reale primario","cellpose_rgb",10.5,1.45202360382946
"A1","r5","reale primario","cellpose_rgb",11,1.43614089056814
"A1","r5","reale primario","cellpose_rgb",11.5,1.41670370335253
"A1","r5","reale primario","cellpose_rgb",12,1.38935612099255
"A1","r5","reale primario","cellpose_rgb",12.5,1.3694673596214
"A1","r5","reale primario","cellpose_rgb",13,1.36170773862703
"A1","r5","reale primario","cellpose_rgb",13.5,1.36581953502183
"A1","r5","reale primario","cellpose_rgb",14,1.36953661968737
"A1","r5","reale primario","cellpose_rgb",14.5,1.37586761392677
"A1","r5","reale primario","cellpose_rgb",15,1.37480677287959
"A1","r5","reale primario","cellpose_rgb",15.5,1.37279758094515
"A1","r5","reale primario","cellpose_rgb",16,1.36068739548349
"A1","r5","reale primario","cellpose_rgb",16.5,1.35093693425962
"A1","r5","reale primario","cellpose_rgb",17,1.34216371649147
"A1","r5","reale primario","cellpose_rgb",17.5,1.3421839886971
"A1","r5","reale primario","cellpose_rgb",18,1.34079904770345
"A1","r5","reale primario","cellpose_rgb",18.5,1.33612456932975
"A1","r5","reale primario","cellpose_rgb",19,1.32330384399098
"A1","r5","reale primario","cellpose_rgb",19.5,1.31086932553134
"A1","r5","reale primario","cellpose_rgb",20,1.30108208348436
"A1","r5","reale primario","cellpose_rgb",20.5,1.30026177900069
"A1","r5","reale primario","cellpose_rgb",21,1.30224295031365
"A1","r5","reale primario","cellpose_rgb",21.5,1.30088716458389
"A1","r5","reale primario","cellpose_rgb",22,1.29338380656377
"A1","r5","reale primario","cellpose_rgb",22.5,1.28139939891395
"A1","r5","reale primario","cellpose_rgb",23,1.26876330208031
"A1","r5","reale primario","cellpose_rgb",23.5,1.25670758119608
"A1","r5","reale primario","cellpose_rgb",24,1.25174641003519
"A1","r5","reale primario","cellpose_rgb",24.5,1.24774173596558
"A1","r5","reale primario","cellpose_rgb",25,1.24522877151905
"A1","r5","reale primario","cellpose_rgb",25.5,1.23991797574862
"A1","r5","reale primario","cellpose_rgb",26,1.23561253425365
"A1","r5","reale primario","cellpose_rgb",26.5,1.22529297252365
"A1","r5","reale primario","cellpose_rgb",27,1.21800315033361
"A1","r5","reale primario","cellpose_rgb",27.5,1.21164178754661
"A1","r5","reale primario","cellpose_rgb",28,1.20651217433401
"A1","r5","reale primario","cellpose_rgb",28.5,1.20601079477072
"A1","r5","reale primario","cellpose_rgb",29,1.21265700164063
"A1","r5","reale primario","cellpose_rgb",29.5,1.2133766574087
"A1","r5","reale primario","cellpose_rgb",30,1.20538696384561
"A1","r5","reale secondario","stardist_he",0,0
"A1","r5","reale secondario","stardist_he",0.5,1.31256792137789e-17
"A1","r5","reale secondario","stardist_he",1,0
"A1","r5","reale secondario","stardist_he",1.5,0.000502770087488911
"A1","r5","reale secondario","stardist_he",2,0.0206640649518304
"A1","r5","reale secondario","stardist_he",2.5,0.14510504099322
"A1","r5","reale secondario","stardist_he",3,0.457117314138441
"A1","r5","reale secondario","stardist_he",3.5,0.933073327710663
"A1","r5","reale secondario","stardist_he",4,1.49555328321167
"A1","r5","reale secondario","stardist_he",4.5,1.94850588991489
"A1","r5","reale secondario","stardist_he",5,2.15559536577743
"A1","r5","reale secondario","stardist_he",5.5,2.12280282086466
"A1","r5","reale secondario","stardist_he",6,1.97267204928713
"A1","r5","reale secondario","stardist_he",6.5,1.80006103458506
"A1","r5","reale secondario","stardist_he",7,1.68054710631289
"A1","r5","reale secondario","stardist_he",7.5,1.61133520572942
"A1","r5","reale secondario","stardist_he",8,1.58007410316507
"A1","r5","reale secondario","stardist_he",8.5,1.55970280501772
"A1","r5","reale secondario","stardist_he",9,1.54803083767359
"A1","r5","reale secondario","stardist_he",9.5,1.54713135051906
"A1","r5","reale secondario","stardist_he",10,1.54192140524572
"A1","r5","reale secondario","stardist_he",10.5,1.52880242716548
"A1","r5","reale secondario","stardist_he",11,1.50268679597081
"A1","r5","reale secondario","stardist_he",11.5,1.47479715915697
"A1","r5","reale secondario","stardist_he",12,1.44775725522784
"A1","r5","reale secondario","stardist_he",12.5,1.42759464314454
"A1","r5","reale secondario","stardist_he",13,1.41225763286992
"A1","r5","reale secondario","stardist_he",13.5,1.42014516565571
"A1","r5","reale secondario","stardist_he",14,1.41490152579654
"A1","r5","reale secondario","stardist_he",14.5,1.41395118181858
"A1","r5","reale secondario","stardist_he",15,1.41228016512671
"A1","r5","reale secondario","stardist_he",15.5,1.41607121310807
"A1","r5","reale secondario","stardist_he",16,1.4056093357963
"A1","r5","reale secondario","stardist_he",16.5,1.40164736556576
"A1","r5","reale secondario","stardist_he",17,1.39242612441817
"A1","r5","reale secondario","stardist_he",17.5,1.38599036382842
"A1","r5","reale secondario","stardist_he",18,1.37922108100085
"A1","r5","reale secondario","stardist_he",18.5,1.36989059627402
"A1","r5","reale secondario","stardist_he",19,1.36156013925932
"A1","r5","reale secondario","stardist_he",19.5,1.34400606289602
"A1","r5","reale secondario","stardist_he",20,1.31833228938609
"A1","r5","reale secondario","stardist_he",20.5,1.29551595011207
"A1","r5","reale secondario","stardist_he",21,1.29496270912416
"A1","r5","reale secondario","stardist_he",21.5,1.29278051498578
"A1","r5","reale secondario","stardist_he",22,1.28212650835677
"A1","r5","reale secondario","stardist_he",22.5,1.27053690159561
"A1","r5","reale secondario","stardist_he",23,1.2633885948657
"A1","r5","reale secondario","stardist_he",23.5,1.26367581921469
"A1","r5","reale secondario","stardist_he",24,1.27005792088352
"A1","r5","reale secondario","stardist_he",24.5,1.27596189341841
"A1","r5","reale secondario","stardist_he",25,1.26206941361258
"A1","r5","reale secondario","stardist_he",25.5,1.24083076955103
"A1","r5","reale secondario","stardist_he",26,1.22410738635334
"A1","r5","reale secondario","stardist_he",26.5,1.20721268536151
"A1","r5","reale secondario","stardist_he",27,1.19382459735365
"A1","r5","reale secondario","stardist_he",27.5,1.18818807997722
"A1","r5","reale secondario","stardist_he",28,1.19007633675334
"A1","r5","reale secondario","stardist_he",28.5,1.19960404595185
"A1","r5","reale secondario","stardist_he",29,1.20807770612956
"A1","r5","reale secondario","stardist_he",29.5,1.20905896367364
"A1","r5","reale secondario","stardist_he",30,1.19000721031697
"A2","r1","reale primario","cellpose_rgb",0,2.26216095052329e-16
"A2","r1","reale primario","cellpose_rgb",0.5,0
"A2","r1","reale primario","cellpose_rgb",1,0.00111802806193034
"A2","r1","reale primario","cellpose_rgb",1.5,0.00712145190118254
"A2","r1","reale primario","cellpose_rgb",2,0.0317269287914579
"A2","r1","reale primario","cellpose_rgb",2.5,0.0977254872256623
"A2","r1","reale primario","cellpose_rgb",3,0.224244663665156
"A2","r1","reale primario","cellpose_rgb",3.5,0.411553811368973
"A2","r1","reale primario","cellpose_rgb",4,0.650351092792755
"A2","r1","reale primario","cellpose_rgb",4.5,0.903225348170674
"A2","r1","reale primario","cellpose_rgb",5,1.12735120545439
"A2","r1","reale primario","cellpose_rgb",5.5,1.29830879691333
"A2","r1","reale primario","cellpose_rgb",6,1.41638569473164
"A2","r1","reale primario","cellpose_rgb",6.5,1.47206311191237
"A2","r1","reale primario","cellpose_rgb",7,1.48099493190077
"A2","r1","reale primario","cellpose_rgb",7.5,1.46833018478991
"A2","r1","reale primario","cellpose_rgb",8,1.44808212567844
"A2","r1","reale primario","cellpose_rgb",8.5,1.41743434923741
"A2","r1","reale primario","cellpose_rgb",9,1.39856015505953
"A2","r1","reale primario","cellpose_rgb",9.5,1.39144141633991
"A2","r1","reale primario","cellpose_rgb",10,1.37215500523789
"A2","r1","reale primario","cellpose_rgb",10.5,1.34826056907847
"A2","r1","reale primario","cellpose_rgb",11,1.33224505969017
"A2","r1","reale primario","cellpose_rgb",11.5,1.32411639378403
"A2","r1","reale primario","cellpose_rgb",12,1.3198769135683
"A2","r1","reale primario","cellpose_rgb",12.5,1.32148069539891
"A2","r1","reale primario","cellpose_rgb",13,1.32151864805115
"A2","r1","reale primario","cellpose_rgb",13.5,1.31943146697109
"A2","r1","reale primario","cellpose_rgb",14,1.31203560553941
"A2","r1","reale primario","cellpose_rgb",14.5,1.30417086584273
"A2","r1","reale primario","cellpose_rgb",15,1.29901232529286
"A2","r1","reale primario","cellpose_rgb",15.5,1.29221018216123
"A2","r1","reale primario","cellpose_rgb",16,1.27963916311026
"A2","r1","reale primario","cellpose_rgb",16.5,1.27180721122211
"A2","r1","reale primario","cellpose_rgb",17,1.26964659924586
"A2","r1","reale primario","cellpose_rgb",17.5,1.26788221621342
"A2","r1","reale primario","cellpose_rgb",18,1.26782246130499
"A2","r1","reale primario","cellpose_rgb",18.5,1.26565272349009
"A2","r1","reale primario","cellpose_rgb",19,1.26276214152947
"A2","r1","reale primario","cellpose_rgb",19.5,1.25748898961354
"A2","r1","reale primario","cellpose_rgb",20,1.2528943871359
"A2","r1","reale primario","cellpose_rgb",20.5,1.25074031148991
"A2","r1","reale primario","cellpose_rgb",21,1.24963707116607
"A2","r1","reale primario","cellpose_rgb",21.5,1.24591615448436
"A2","r1","reale primario","cellpose_rgb",22,1.24357427861653
"A2","r1","reale primario","cellpose_rgb",22.5,1.24259998106335
"A2","r1","reale primario","cellpose_rgb",23,1.24321518094274
"A2","r1","reale primario","cellpose_rgb",23.5,1.24259221542676
"A2","r1","reale primario","cellpose_rgb",24,1.24265387069294
"A2","r1","reale primario","cellpose_rgb",24.5,1.2383498307177
"A2","r1","reale primario","cellpose_rgb",25,1.23543963678857
"A2","r1","reale primario","cellpose_rgb",25.5,1.2295248844274
"A2","r1","reale primario","cellpose_rgb",26,1.2231578418787
"A2","r1","reale primario","cellpose_rgb",26.5,1.21806300465
"A2","r1","reale primario","cellpose_rgb",27,1.21185898814041
"A2","r1","reale primario","cellpose_rgb",27.5,1.20490779843459
"A2","r1","reale primario","cellpose_rgb",28,1.20280234701016
"A2","r1","reale primario","cellpose_rgb",28.5,1.2073642528426
"A2","r1","reale primario","cellpose_rgb",29,1.20885515130475
"A2","r1","reale primario","cellpose_rgb",29.5,1.20961226320237
"A2","r1","reale primario","cellpose_rgb",30,1.2055614650366
"A2","r1","reale secondario","stardist_he",0,0
"A2","r1","reale secondario","stardist_he",0.5,0
"A2","r1","reale secondario","stardist_he",1,0
"A2","r1","reale secondario","stardist_he",1.5,0.000978696287037532
"A2","r1","reale secondario","stardist_he",2,0.00722113875339707
"A2","r1","reale secondario","stardist_he",2.5,0.0379304861381769
"A2","r1","reale secondario","stardist_he",3,0.123738408908709
"A2","r1","reale secondario","stardist_he",3.5,0.261265298215514
"A2","r1","reale secondario","stardist_he",4,0.464062146858608
"A2","r1","reale secondario","stardist_he",4.5,0.714535316252391
"A2","r1","reale secondario","stardist_he",5,0.96871606779626
"A2","r1","reale secondario","stardist_he",5.5,1.19191723257805
"A2","r1","reale secondario","stardist_he",6,1.37054343344834
"A2","r1","reale secondario","stardist_he",6.5,1.49468779128288
"A2","r1","reale secondario","stardist_he",7,1.53471406250044
"A2","r1","reale secondario","stardist_he",7.5,1.53061382980055
"A2","r1","reale secondario","stardist_he",8,1.51141657831574
"A2","r1","reale secondario","stardist_he",8.5,1.4676980425469
"A2","r1","reale secondario","stardist_he",9,1.42156706232749
"A2","r1","reale secondario","stardist_he",9.5,1.39393831276507
"A2","r1","reale secondario","stardist_he",10,1.36863088324081
"A2","r1","reale secondario","stardist_he",10.5,1.33867697065932
"A2","r1","reale secondario","stardist_he",11,1.31248578643531
"A2","r1","reale secondario","stardist_he",11.5,1.3025214201895
"A2","r1","reale secondario","stardist_he",12,1.30291805698319
"A2","r1","reale secondario","stardist_he",12.5,1.30031190758854
"A2","r1","reale secondario","stardist_he",13,1.30726665529356
"A2","r1","reale secondario","stardist_he",13.5,1.30793857443494
"A2","r1","reale secondario","stardist_he",14,1.29250378498208
"A2","r1","reale secondario","stardist_he",14.5,1.27314052146393
"A2","r1","reale secondario","stardist_he",15,1.25699230847553
"A2","r1","reale secondario","stardist_he",15.5,1.24379904107378
"A2","r1","reale secondario","stardist_he",16,1.22208184413107
"A2","r1","reale secondario","stardist_he",16.5,1.20881803214725
"A2","r1","reale secondario","stardist_he",17,1.19520713755751
"A2","r1","reale secondario","stardist_he",17.5,1.19727179222635
"A2","r1","reale secondario","stardist_he",18,1.20437982676293
"A2","r1","reale secondario","stardist_he",18.5,1.20731568949676
"A2","r1","reale secondario","stardist_he",19,1.2092712112829
"A2","r1","reale secondario","stardist_he",19.5,1.20487355328663
"A2","r1","reale secondario","stardist_he",20,1.20171632621682
"A2","r1","reale secondario","stardist_he",20.5,1.21107439141687
"A2","r1","reale secondario","stardist_he",21,1.22596395385402
"A2","r1","reale secondario","stardist_he",21.5,1.22233586019667
"A2","r1","reale secondario","stardist_he",22,1.21031243864574
"A2","r1","reale secondario","stardist_he",22.5,1.19239365771072
"A2","r1","reale secondario","stardist_he",23,1.17281951236556
"A2","r1","reale secondario","stardist_he",23.5,1.16535356898315
"A2","r1","reale secondario","stardist_he",24,1.17844369599312
"A2","r1","reale secondario","stardist_he",24.5,1.19225322190468
"A2","r1","reale secondario","stardist_he",25,1.2052206901833
"A2","r1","reale secondario","stardist_he",25.5,1.20820410587804
"A2","r1","reale secondario","stardist_he",26,1.20151906037045
"A2","r1","reale secondario","stardist_he",26.5,1.18617548496092
"A2","r1","reale secondario","stardist_he",27,1.17079260382759
"A2","r1","reale secondario","stardist_he",27.5,1.16133960387761
"A2","r1","reale secondario","stardist_he",28,1.15735104702381
"A2","r1","reale secondario","stardist_he",28.5,1.16280179517223
"A2","r1","reale secondario","stardist_he",29,1.17241121047293
"A2","r1","reale secondario","stardist_he",29.5,1.1762185548207
"A2","r1","reale secondario","stardist_he",30,1.18530746691168
"A2","r2","reale primario","cellpose_rgb",0,1.21354387234026e-16
"A2","r2","reale primario","cellpose_rgb",0.5,0
"A2","r2","reale primario","cellpose_rgb",1,0.000191446656578866
"A2","r2","reale primario","cellpose_rgb",1.5,0.00360557356050858
"A2","r2","reale primario","cellpose_rgb",2,0.0197760637329668
"A2","r2","reale primario","cellpose_rgb",2.5,0.0695456494699888
"A2","r2","reale primario","cellpose_rgb",3,0.179857918082433
"A2","r2","reale primario","cellpose_rgb",3.5,0.352687850663802
"A2","r2","reale primario","cellpose_rgb",4,0.580385224267198
"A2","r2","reale primario","cellpose_rgb",4.5,0.832332063942154
"A2","r2","reale primario","cellpose_rgb",5,1.071681281203
"A2","r2","reale primario","cellpose_rgb",5.5,1.26607806937949
"A2","r2","reale primario","cellpose_rgb",6,1.39476878893544
"A2","r2","reale primario","cellpose_rgb",6.5,1.45757850006238
"A2","r2","reale primario","cellpose_rgb",7,1.47415410538898
"A2","r2","reale primario","cellpose_rgb",7.5,1.46204724588043
"A2","r2","reale primario","cellpose_rgb",8,1.4373149792984
"A2","r2","reale primario","cellpose_rgb",8.5,1.40763191990701
"A2","r2","reale primario","cellpose_rgb",9,1.38978392651162
"A2","r2","reale primario","cellpose_rgb",9.5,1.37418646625067
"A2","r2","reale primario","cellpose_rgb",10,1.3606570040949
"A2","r2","reale primario","cellpose_rgb",10.5,1.34957852254455
"A2","r2","reale primario","cellpose_rgb",11,1.33423887559604
"A2","r2","reale primario","cellpose_rgb",11.5,1.31979118727286
"A2","r2","reale primario","cellpose_rgb",12,1.30030838392292
"A2","r2","reale primario","cellpose_rgb",12.5,1.28733874757279
"A2","r2","reale primario","cellpose_rgb",13,1.28054713225082
"A2","r2","reale primario","cellpose_rgb",13.5,1.28518168273322
"A2","r2","reale primario","cellpose_rgb",14,1.29801402854345
"A2","r2","reale primario","cellpose_rgb",14.5,1.30422264234402
"A2","r2","reale primario","cellpose_rgb",15,1.30135035460539
"A2","r2","reale primario","cellpose_rgb",15.5,1.28911810311883
"A2","r2","reale primario","cellpose_rgb",16,1.27510956913321
"A2","r2","reale primario","cellpose_rgb",16.5,1.25666779175221
"A2","r2","reale primario","cellpose_rgb",17,1.23975994280409
"A2","r2","reale primario","cellpose_rgb",17.5,1.22916764537093
"A2","r2","reale primario","cellpose_rgb",18,1.22706714537677
"A2","r2","reale primario","cellpose_rgb",18.5,1.23330280511517
"A2","r2","reale primario","cellpose_rgb",19,1.24339320154988
"A2","r2","reale primario","cellpose_rgb",19.5,1.25070871642722
"A2","r2","reale primario","cellpose_rgb",20,1.25071774348592
"A2","r2","reale primario","cellpose_rgb",20.5,1.24604121590876
"A2","r2","reale primario","cellpose_rgb",21,1.23688736249066
"A2","r2","reale primario","cellpose_rgb",21.5,1.22906642388038
"A2","r2","reale primario","cellpose_rgb",22,1.22725943411272
"A2","r2","reale primario","cellpose_rgb",22.5,1.22631821720048
"A2","r2","reale primario","cellpose_rgb",23,1.22366886502014
"A2","r2","reale primario","cellpose_rgb",23.5,1.21626739352742
"A2","r2","reale primario","cellpose_rgb",24,1.21049039216963
"A2","r2","reale primario","cellpose_rgb",24.5,1.20628620733366
"A2","r2","reale primario","cellpose_rgb",25,1.20516069187588
"A2","r2","reale primario","cellpose_rgb",25.5,1.20630439233243
"A2","r2","reale primario","cellpose_rgb",26,1.20625595549049
"A2","r2","reale primario","cellpose_rgb",26.5,1.20634882291892
"A2","r2","reale primario","cellpose_rgb",27,1.20236423633353
"A2","r2","reale primario","cellpose_rgb",27.5,1.1981035236578
"A2","r2","reale primario","cellpose_rgb",28,1.19071605778383
"A2","r2","reale primario","cellpose_rgb",28.5,1.18400628407848
"A2","r2","reale primario","cellpose_rgb",29,1.1752092623722
"A2","r2","reale primario","cellpose_rgb",29.5,1.16978244030344
"A2","r2","reale primario","cellpose_rgb",30,1.16686069092198
"A2","r2","reale secondario","stardist_he",0,4.20946566897366e-17
"A2","r2","reale secondario","stardist_he",0.5,0
"A2","r2","reale secondario","stardist_he",1,0
"A2","r2","reale secondario","stardist_he",1.5,0.000189544918229894
"A2","r2","reale secondario","stardist_he",2,0.00223058259070533
"A2","r2","reale secondario","stardist_he",2.5,0.0168756456827112
"A2","r2","reale secondario","stardist_he",3,0.07235841560806
"A2","r2","reale secondario","stardist_he",3.5,0.205542486087276
"A2","r2","reale secondario","stardist_he",4,0.409169348065845
"A2","r2","reale secondario","stardist_he",4.5,0.67432208183069
"A2","r2","reale secondario","stardist_he",5,0.968015318148529
"A2","r2","reale secondario","stardist_he",5.5,1.2450227941037
"A2","r2","reale secondario","stardist_he",6,1.4520535450572
"A2","r2","reale secondario","stardist_he",6.5,1.57376944737844
"A2","r2","reale secondario","stardist_he",7,1.63236949969826
"A2","r2","reale secondario","stardist_he",7.5,1.63712003351908
"A2","r2","reale secondario","stardist_he",8,1.58974478691864
"A2","r2","reale secondario","stardist_he",8.5,1.53760002138372
"A2","r2","reale secondario","stardist_he",9,1.48706290172302
"A2","r2","reale secondario","stardist_he",9.5,1.43438480037123
"A2","r2","reale secondario","stardist_he",10,1.39568497587226
"A2","r2","reale secondario","stardist_he",10.5,1.38292736555773
"A2","r2","reale secondario","stardist_he",11,1.36990739065818
"A2","r2","reale secondario","stardist_he",11.5,1.34305082846445
"A2","r2","reale secondario","stardist_he",12,1.32711434588758
"A2","r2","reale secondario","stardist_he",12.5,1.31763071202848
"A2","r2","reale secondario","stardist_he",13,1.30820112785842
"A2","r2","reale secondario","stardist_he",13.5,1.31907105543681
"A2","r2","reale secondario","stardist_he",14,1.34027053492312
"A2","r2","reale secondario","stardist_he",14.5,1.33670235996267
"A2","r2","reale secondario","stardist_he",15,1.31724817408605
"A2","r2","reale secondario","stardist_he",15.5,1.28561829126642
"A2","r2","reale secondario","stardist_he",16,1.25676341289277
"A2","r2","reale secondario","stardist_he",16.5,1.2249150584837
"A2","r2","reale secondario","stardist_he",17,1.2092094400002
"A2","r2","reale secondario","stardist_he",17.5,1.2156596294151
"A2","r2","reale secondario","stardist_he",18,1.2262497519817
"A2","r2","reale secondario","stardist_he",18.5,1.23756619294138
"A2","r2","reale secondario","stardist_he",19,1.25225588340428
"A2","r2","reale secondario","stardist_he",19.5,1.26328166196408
"A2","r2","reale secondario","stardist_he",20,1.25818700959804
"A2","r2","reale secondario","stardist_he",20.5,1.24952654812803
"A2","r2","reale secondario","stardist_he",21,1.2479490826911
"A2","r2","reale secondario","stardist_he",21.5,1.24953438444127
"A2","r2","reale secondario","stardist_he",22,1.24616314575509
"A2","r2","reale secondario","stardist_he",22.5,1.24742207370221
"A2","r2","reale secondario","stardist_he",23,1.24350312743205
"A2","r2","reale secondario","stardist_he",23.5,1.2436448049181
"A2","r2","reale secondario","stardist_he",24,1.24377637032158
"A2","r2","reale secondario","stardist_he",24.5,1.23821398927967
"A2","r2","reale secondario","stardist_he",25,1.23904447307242
"A2","r2","reale secondario","stardist_he",25.5,1.24213545136481
"A2","r2","reale secondario","stardist_he",26,1.23731792109706
"A2","r2","reale secondario","stardist_he",26.5,1.23240882395296
"A2","r2","reale secondario","stardist_he",27,1.23584643491093
"A2","r2","reale secondario","stardist_he",27.5,1.2312743082759
"A2","r2","reale secondario","stardist_he",28,1.21653934105614
"A2","r2","reale secondario","stardist_he",28.5,1.19870003859561
"A2","r2","reale secondario","stardist_he",29,1.17950435787733
"A2","r2","reale secondario","stardist_he",29.5,1.16756710668249
"A2","r2","reale secondario","stardist_he",30,1.16632270498858
"A2","r3","reale primario","cellpose_rgb",0,1.94521070741046e-16
"A2","r3","reale primario","cellpose_rgb",0.5,0
"A2","r3","reale primario","cellpose_rgb",1,7.05504978568753e-05
"A2","r3","reale primario","cellpose_rgb",1.5,0.00442606661460571
"A2","r3","reale primario","cellpose_rgb",2,0.0201743955006785
"A2","r3","reale primario","cellpose_rgb",2.5,0.0645643428385585
"A2","r3","reale primario","cellpose_rgb",3,0.171607108503638
"A2","r3","reale primario","cellpose_rgb",3.5,0.346826694265057
"A2","r3","reale primario","cellpose_rgb",4,0.574268956396465
"A2","r3","reale primario","cellpose_rgb",4.5,0.823181933035241
"A2","r3","reale primario","cellpose_rgb",5,1.06157634520634
"A2","r3","reale primario","cellpose_rgb",5.5,1.25133874188108
"A2","r3","reale primario","cellpose_rgb",6,1.3741497688619
"A2","r3","reale primario","cellpose_rgb",6.5,1.44294732437307
"A2","r3","reale primario","cellpose_rgb",7,1.46081486967648
"A2","r3","reale primario","cellpose_rgb",7.5,1.44868769753631
"A2","r3","reale primario","cellpose_rgb",8,1.42694154072483
"A2","r3","reale primario","cellpose_rgb",8.5,1.40226043405939
"A2","r3","reale primario","cellpose_rgb",9,1.37949978860035
"A2","r3","reale primario","cellpose_rgb",9.5,1.3697740689908
"A2","r3","reale primario","cellpose_rgb",10,1.35828867078657
"A2","r3","reale primario","cellpose_rgb",10.5,1.34805571034292
"A2","r3","reale primario","cellpose_rgb",11,1.34628638896617
"A2","r3","reale primario","cellpose_rgb",11.5,1.34862500799322
"A2","r3","reale primario","cellpose_rgb",12,1.34572759001569
"A2","r3","reale primario","cellpose_rgb",12.5,1.33584683143114
"A2","r3","reale primario","cellpose_rgb",13,1.32623977178103
"A2","r3","reale primario","cellpose_rgb",13.5,1.30020136757386
"A2","r3","reale primario","cellpose_rgb",14,1.27727286440725
"A2","r3","reale primario","cellpose_rgb",14.5,1.26795777415347
"A2","r3","reale primario","cellpose_rgb",15,1.25847984731483
"A2","r3","reale primario","cellpose_rgb",15.5,1.2494569967734
"A2","r3","reale primario","cellpose_rgb",16,1.2492151597282
"A2","r3","reale primario","cellpose_rgb",16.5,1.25281303164843
"A2","r3","reale primario","cellpose_rgb",17,1.25126466395418
"A2","r3","reale primario","cellpose_rgb",17.5,1.24397291394355
"A2","r3","reale primario","cellpose_rgb",18,1.23255043373387
"A2","r3","reale primario","cellpose_rgb",18.5,1.22381396318818
"A2","r3","reale primario","cellpose_rgb",19,1.22248610213145
"A2","r3","reale primario","cellpose_rgb",19.5,1.2245361050995
"A2","r3","reale primario","cellpose_rgb",20,1.22664727977732
"A2","r3","reale primario","cellpose_rgb",20.5,1.22885086532174
"A2","r3","reale primario","cellpose_rgb",21,1.22262689057928
"A2","r3","reale primario","cellpose_rgb",21.5,1.21239571401834
"A2","r3","reale primario","cellpose_rgb",22,1.20226194981221
"A2","r3","reale primario","cellpose_rgb",22.5,1.19964663024478
"A2","r3","reale primario","cellpose_rgb",23,1.19890813557809
"A2","r3","reale primario","cellpose_rgb",23.5,1.19362671965409
"A2","r3","reale primario","cellpose_rgb",24,1.1871040975343
"A2","r3","reale primario","cellpose_rgb",24.5,1.17958404381014
"A2","r3","reale primario","cellpose_rgb",25,1.17571096789191
"A2","r3","reale primario","cellpose_rgb",25.5,1.1681415543229
"A2","r3","reale primario","cellpose_rgb",26,1.16650962985924
"A2","r3","reale primario","cellpose_rgb",26.5,1.16552026697324
"A2","r3","reale primario","cellpose_rgb",27,1.1625736359945
"A2","r3","reale primario","cellpose_rgb",27.5,1.16391334434054
"A2","r3","reale primario","cellpose_rgb",28,1.15957618151127
"A2","r3","reale primario","cellpose_rgb",28.5,1.15249128205095
"A2","r3","reale primario","cellpose_rgb",29,1.14584832129175
"A2","r3","reale primario","cellpose_rgb",29.5,1.14198967559849
"A2","r3","reale primario","cellpose_rgb",30,1.13989677264311
"A2","r3","reale secondario","stardist_he",0,3.81365403184515e-17
"A2","r3","reale secondario","stardist_he",0.5,3.28890744312336e-17
"A2","r3","reale secondario","stardist_he",1,0
"A2","r3","reale secondario","stardist_he",1.5,0.0002017932682718
"A2","r3","reale secondario","stardist_he",2,0.00193698166499451
"A2","r3","reale secondario","stardist_he",2.5,0.0121770959525211
"A2","r3","reale secondario","stardist_he",3,0.0536562300989402
"A2","r3","reale secondario","stardist_he",3.5,0.151950493776483
"A2","r3","reale secondario","stardist_he",4,0.318811461174821
"A2","r3","reale secondario","stardist_he",4.5,0.559673844448778
"A2","r3","reale secondario","stardist_he",5,0.82804579625187
"A2","r3","reale secondario","stardist_he",5.5,1.07093839714873
"A2","r3","reale secondario","stardist_he",6,1.26573471926468
"A2","r3","reale secondario","stardist_he",6.5,1.38722515146482
"A2","r3","reale secondario","stardist_he",7,1.43521033597593
"A2","r3","reale secondario","stardist_he",7.5,1.43366996201433
"A2","r3","reale secondario","stardist_he",8,1.4154463901471
"A2","r3","reale secondario","stardist_he",8.5,1.3887347331752
"A2","r3","reale secondario","stardist_he",9,1.35086457303078
"A2","r3","reale secondario","stardist_he",9.5,1.32419519566824
"A2","r3","reale secondario","stardist_he",10,1.29187780185651
"A2","r3","reale secondario","stardist_he",10.5,1.26281326020463
"A2","r3","reale secondario","stardist_he",11,1.24231576069733
"A2","r3","reale secondario","stardist_he",11.5,1.2332893957297
"A2","r3","reale secondario","stardist_he",12,1.23217782033467
"A2","r3","reale secondario","stardist_he",12.5,1.22934709264066
"A2","r3","reale secondario","stardist_he",13,1.23016614069906
"A2","r3","reale secondario","stardist_he",13.5,1.22264006235526
"A2","r3","reale secondario","stardist_he",14,1.20912503554407
"A2","r3","reale secondario","stardist_he",14.5,1.19335306131208
"A2","r3","reale secondario","stardist_he",15,1.18741453167952
"A2","r3","reale secondario","stardist_he",15.5,1.17909445511501
"A2","r3","reale secondario","stardist_he",16,1.16231439707864
"A2","r3","reale secondario","stardist_he",16.5,1.15241310872207
"A2","r3","reale secondario","stardist_he",17,1.14852333179417
"A2","r3","reale secondario","stardist_he",17.5,1.14645025333103
"A2","r3","reale secondario","stardist_he",18,1.14360915088021
"A2","r3","reale secondario","stardist_he",18.5,1.15042540572676
"A2","r3","reale secondario","stardist_he",19,1.15544564444258
"A2","r3","reale secondario","stardist_he",19.5,1.15587034516997
"A2","r3","reale secondario","stardist_he",20,1.14735125622711
"A2","r3","reale secondario","stardist_he",20.5,1.13843247881024
"A2","r3","reale secondario","stardist_he",21,1.13106241584643
"A2","r3","reale secondario","stardist_he",21.5,1.12808854837662
"A2","r3","reale secondario","stardist_he",22,1.1328576898155
"A2","r3","reale secondario","stardist_he",22.5,1.13572480305605
"A2","r3","reale secondario","stardist_he",23,1.13457183683219
"A2","r3","reale secondario","stardist_he",23.5,1.12456072554675
"A2","r3","reale secondario","stardist_he",24,1.1132345893556
"A2","r3","reale secondario","stardist_he",24.5,1.10382756142987
"A2","r3","reale secondario","stardist_he",25,1.10279688094934
"A2","r3","reale secondario","stardist_he",25.5,1.11647187681315
"A2","r3","reale secondario","stardist_he",26,1.13153144154121
"A2","r3","reale secondario","stardist_he",26.5,1.13661357408834
"A2","r3","reale secondario","stardist_he",27,1.13715374094722
"A2","r3","reale secondario","stardist_he",27.5,1.13542372996812
"A2","r3","reale secondario","stardist_he",28,1.12612191865124
"A2","r3","reale secondario","stardist_he",28.5,1.11845254818851
"A2","r3","reale secondario","stardist_he",29,1.11689876139929
"A2","r3","reale secondario","stardist_he",29.5,1.11426531571645
"A2","r3","reale secondario","stardist_he",30,1.10330996747247
"A2","r4","reale primario","cellpose_rgb",0,1.79486271315987e-16
"A2","r4","reale primario","cellpose_rgb",0.5,0
"A2","r4","reale primario","cellpose_rgb",1,0.000523031247413708
"A2","r4","reale primario","cellpose_rgb",1.5,0.00342249298162474
"A2","r4","reale primario","cellpose_rgb",2,0.0210279642548825
"A2","r4","reale primario","cellpose_rgb",2.5,0.0838858054138974
"A2","r4","reale primario","cellpose_rgb",3,0.222672538025181
"A2","r4","reale primario","cellpose_rgb",3.5,0.455148803365884
"A2","r4","reale primario","cellpose_rgb",4,0.773850708643083
"A2","r4","reale primario","cellpose_rgb",4.5,1.1381452193305
"A2","r4","reale primario","cellpose_rgb",5,1.47311145146453
"A2","r4","reale primario","cellpose_rgb",5.5,1.72046503426069
"A2","r4","reale primario","cellpose_rgb",6,1.86493909167323
"A2","r4","reale primario","cellpose_rgb",6.5,1.91978642387383
"A2","r4","reale primario","cellpose_rgb",7,1.91123402594701
"A2","r4","reale primario","cellpose_rgb",7.5,1.8691791872435
"A2","r4","reale primario","cellpose_rgb",8,1.82632512049677
"A2","r4","reale primario","cellpose_rgb",8.5,1.78792941715874
"A2","r4","reale primario","cellpose_rgb",9,1.75555164013317
"A2","r4","reale primario","cellpose_rgb",9.5,1.73119297554653
"A2","r4","reale primario","cellpose_rgb",10,1.71776885410326
"A2","r4","reale primario","cellpose_rgb",10.5,1.71432747507496
"A2","r4","reale primario","cellpose_rgb",11,1.70593876068988
"A2","r4","reale primario","cellpose_rgb",11.5,1.69066438062069
"A2","r4","reale primario","cellpose_rgb",12,1.67652614319459
"A2","r4","reale primario","cellpose_rgb",12.5,1.65943080681915
"A2","r4","reale primario","cellpose_rgb",13,1.65090491517755
"A2","r4","reale primario","cellpose_rgb",13.5,1.63603233694583
"A2","r4","reale primario","cellpose_rgb",14,1.63025376794714
"A2","r4","reale primario","cellpose_rgb",14.5,1.628659853588
"A2","r4","reale primario","cellpose_rgb",15,1.62600395625386
"A2","r4","reale primario","cellpose_rgb",15.5,1.61842591792932
"A2","r4","reale primario","cellpose_rgb",16,1.60717379458969
"A2","r4","reale primario","cellpose_rgb",16.5,1.60552506364713
"A2","r4","reale primario","cellpose_rgb",17,1.5987936810583
"A2","r4","reale primario","cellpose_rgb",17.5,1.58962902963606
"A2","r4","reale primario","cellpose_rgb",18,1.57998587560651
"A2","r4","reale primario","cellpose_rgb",18.5,1.5683719859964
"A2","r4","reale primario","cellpose_rgb",19,1.55450510802655
"A2","r4","reale primario","cellpose_rgb",19.5,1.54318171747421
"A2","r4","reale primario","cellpose_rgb",20,1.54063215178666
"A2","r4","reale primario","cellpose_rgb",20.5,1.54687080096614
"A2","r4","reale primario","cellpose_rgb",21,1.5523059123426
"A2","r4","reale primario","cellpose_rgb",21.5,1.55176769638582
"A2","r4","reale primario","cellpose_rgb",22,1.54342627550881
"A2","r4","reale primario","cellpose_rgb",22.5,1.53242677349282
"A2","r4","reale primario","cellpose_rgb",23,1.52208253448691
"A2","r4","reale primario","cellpose_rgb",23.5,1.5064749481569
"A2","r4","reale primario","cellpose_rgb",24,1.49581732204064
"A2","r4","reale primario","cellpose_rgb",24.5,1.48912470600235
"A2","r4","reale primario","cellpose_rgb",25,1.48378636136549
"A2","r4","reale primario","cellpose_rgb",25.5,1.47943062388402
"A2","r4","reale primario","cellpose_rgb",26,1.47645801805397
"A2","r4","reale primario","cellpose_rgb",26.5,1.47522826372034
"A2","r4","reale primario","cellpose_rgb",27,1.47220316297288
"A2","r4","reale primario","cellpose_rgb",27.5,1.46695735209292
"A2","r4","reale primario","cellpose_rgb",28,1.45923997474809
"A2","r4","reale primario","cellpose_rgb",28.5,1.45147877044307
"A2","r4","reale primario","cellpose_rgb",29,1.44653809917103
"A2","r4","reale primario","cellpose_rgb",29.5,1.44033757686757
"A2","r4","reale primario","cellpose_rgb",30,1.43344617799418
"A2","r4","reale secondario","stardist_he",0,2.6070664634949e-16
"A2","r4","reale secondario","stardist_he",0.5,2.84240856326519e-18
"A2","r4","reale secondario","stardist_he",1,0
"A2","r4","reale secondario","stardist_he",1.5,1.66996692676054e-16
"A2","r4","reale secondario","stardist_he",2,0.000180918223786723
"A2","r4","reale secondario","stardist_he",2.5,0.00465602878813573
"A2","r4","reale secondario","stardist_he",3,0.0371330574060914
"A2","r4","reale secondario","stardist_he",3.5,0.125400968770155
"A2","r4","reale secondario","stardist_he",4,0.315968915328341
"A2","r4","reale secondario","stardist_he",4.5,0.609510371171463
"A2","r4","reale secondario","stardist_he",5,0.957308812977705
"A2","r4","reale secondario","stardist_he",5.5,1.28348439652043
"A2","r4","reale secondario","stardist_he",6,1.55029367055526
"A2","r4","reale secondario","stardist_he",6.5,1.72648095515754
"A2","r4","reale secondario","stardist_he",7,1.78614100054362
"A2","r4","reale secondario","stardist_he",7.5,1.77705190244365
"A2","r4","reale secondario","stardist_he",8,1.74801127120285
"A2","r4","reale secondario","stardist_he",8.5,1.70422782409006
"A2","r4","reale secondario","stardist_he",9,1.64516766989596
"A2","r4","reale secondario","stardist_he",9.5,1.59872773283496
"A2","r4","reale secondario","stardist_he",10,1.57004055639569
"A2","r4","reale secondario","stardist_he",10.5,1.53957809370397
"A2","r4","reale secondario","stardist_he",11,1.50335896030038
"A2","r4","reale secondario","stardist_he",11.5,1.48281963339151
"A2","r4","reale secondario","stardist_he",12,1.4601174583191
"A2","r4","reale secondario","stardist_he",12.5,1.43818527348951
"A2","r4","reale secondario","stardist_he",13,1.42832662280157
"A2","r4","reale secondario","stardist_he",13.5,1.4172500207209
"A2","r4","reale secondario","stardist_he",14,1.41418624689753
"A2","r4","reale secondario","stardist_he",14.5,1.40293547997645
"A2","r4","reale secondario","stardist_he",15,1.39759742634739
"A2","r4","reale secondario","stardist_he",15.5,1.38909352089468
"A2","r4","reale secondario","stardist_he",16,1.38231997430699
"A2","r4","reale secondario","stardist_he",16.5,1.38917290593251
"A2","r4","reale secondario","stardist_he",17,1.39231721015666
"A2","r4","reale secondario","stardist_he",17.5,1.39784351494211
"A2","r4","reale secondario","stardist_he",18,1.3915964791162
"A2","r4","reale secondario","stardist_he",18.5,1.37598183900938
"A2","r4","reale secondario","stardist_he",19,1.35273726328891
"A2","r4","reale secondario","stardist_he",19.5,1.33577595993653
"A2","r4","reale secondario","stardist_he",20,1.33474268394365
"A2","r4","reale secondario","stardist_he",20.5,1.33602911124155
"A2","r4","reale secondario","stardist_he",21,1.33740354593207
"A2","r4","reale secondario","stardist_he",21.5,1.34074369942893
"A2","r4","reale secondario","stardist_he",22,1.34491831495435
"A2","r4","reale secondario","stardist_he",22.5,1.33841174559622
"A2","r4","reale secondario","stardist_he",23,1.33734403179749
"A2","r4","reale secondario","stardist_he",23.5,1.3365920586872
"A2","r4","reale secondario","stardist_he",24,1.33265679140237
"A2","r4","reale secondario","stardist_he",24.5,1.33098008783749
"A2","r4","reale secondario","stardist_he",25,1.33372318449629
"A2","r4","reale secondario","stardist_he",25.5,1.3339293962593
"A2","r4","reale secondario","stardist_he",26,1.32334157255106
"A2","r4","reale secondario","stardist_he",26.5,1.31441753620738
"A2","r4","reale secondario","stardist_he",27,1.29859221983413
"A2","r4","reale secondario","stardist_he",27.5,1.2859735193863
"A2","r4","reale secondario","stardist_he",28,1.28076171385209
"A2","r4","reale secondario","stardist_he",28.5,1.28271225838004
"A2","r4","reale secondario","stardist_he",29,1.28514921298383
"A2","r4","reale secondario","stardist_he",29.5,1.29413997263431
"A2","r4","reale secondario","stardist_he",30,1.29663994434291
"A2","r5","reale primario","cellpose_rgb",0,4.32876508340246e-16
"A2","r5","reale primario","cellpose_rgb",0.5,2.9151647836393e-18
"A2","r5","reale primario","cellpose_rgb",1,0.000246025970390364
"A2","r5","reale primario","cellpose_rgb",1.5,0.00242778656169581
"A2","r5","reale primario","cellpose_rgb",2,0.0190220958311887
"A2","r5","reale primario","cellpose_rgb",2.5,0.0721296380649558
"A2","r5","reale primario","cellpose_rgb",3,0.196052632096757
"A2","r5","reale primario","cellpose_rgb",3.5,0.399526392293705
"A2","r5","reale primario","cellpose_rgb",4,0.685078640573199
"A2","r5","reale primario","cellpose_rgb",4.5,1.01504503141236
"A2","r5","reale primario","cellpose_rgb",5,1.33031540139438
"A2","r5","reale primario","cellpose_rgb",5.5,1.58742810185871
"A2","r5","reale primario","cellpose_rgb",6,1.75972089541978
"A2","r5","reale primario","cellpose_rgb",6.5,1.84613289535973
"A2","r5","reale primario","cellpose_rgb",7,1.86184015069134
"A2","r5","reale primario","cellpose_rgb",7.5,1.83369965034539
"A2","r5","reale primario","cellpose_rgb",8,1.78789004538924
"A2","r5","reale primario","cellpose_rgb",8.5,1.74597698327416
"A2","r5","reale primario","cellpose_rgb",9,1.7097069601044
"A2","r5","reale primario","cellpose_rgb",9.5,1.69159802710894
"A2","r5","reale primario","cellpose_rgb",10,1.68222013439867
"A2","r5","reale primario","cellpose_rgb",10.5,1.67627622186541
"A2","r5","reale primario","cellpose_rgb",11,1.67037438006558
"A2","r5","reale primario","cellpose_rgb",11.5,1.6548879636636
"A2","r5","reale primario","cellpose_rgb",12,1.63853925411878
"A2","r5","reale primario","cellpose_rgb",12.5,1.62551171473697
"A2","r5","reale primario","cellpose_rgb",13,1.62007454896835
"A2","r5","reale primario","cellpose_rgb",13.5,1.61684884745881
"A2","r5","reale primario","cellpose_rgb",14,1.60893892120927
"A2","r5","reale primario","cellpose_rgb",14.5,1.59790426247776
"A2","r5","reale primario","cellpose_rgb",15,1.58758960105862
"A2","r5","reale primario","cellpose_rgb",15.5,1.57224706278225
"A2","r5","reale primario","cellpose_rgb",16,1.56033068680953
"A2","r5","reale primario","cellpose_rgb",16.5,1.55190802019552
"A2","r5","reale primario","cellpose_rgb",17,1.54671765878694
"A2","r5","reale primario","cellpose_rgb",17.5,1.54297521841661
"A2","r5","reale primario","cellpose_rgb",18,1.5421225238416
"A2","r5","reale primario","cellpose_rgb",18.5,1.54242104382051
"A2","r5","reale primario","cellpose_rgb",19,1.54380257615821
"A2","r5","reale primario","cellpose_rgb",19.5,1.53785582556746
"A2","r5","reale primario","cellpose_rgb",20,1.53311491572958
"A2","r5","reale primario","cellpose_rgb",20.5,1.52707947637042
"A2","r5","reale primario","cellpose_rgb",21,1.52344093693626
"A2","r5","reale primario","cellpose_rgb",21.5,1.5207210833209
"A2","r5","reale primario","cellpose_rgb",22,1.51452867643917
"A2","r5","reale primario","cellpose_rgb",22.5,1.50646900778886
"A2","r5","reale primario","cellpose_rgb",23,1.49511521917272
"A2","r5","reale primario","cellpose_rgb",23.5,1.48136008747749
"A2","r5","reale primario","cellpose_rgb",24,1.46799659466193
"A2","r5","reale primario","cellpose_rgb",24.5,1.45943195094325
"A2","r5","reale primario","cellpose_rgb",25,1.45772856713895
"A2","r5","reale primario","cellpose_rgb",25.5,1.45299128397466
"A2","r5","reale primario","cellpose_rgb",26,1.44729464864619
"A2","r5","reale primario","cellpose_rgb",26.5,1.4388315467802
"A2","r5","reale primario","cellpose_rgb",27,1.42855885976935
"A2","r5","reale primario","cellpose_rgb",27.5,1.42118992025559
"A2","r5","reale primario","cellpose_rgb",28,1.41630851674781
"A2","r5","reale primario","cellpose_rgb",28.5,1.41604009970618
"A2","r5","reale primario","cellpose_rgb",29,1.41329504190567
"A2","r5","reale primario","cellpose_rgb",29.5,1.41080549153351
"A2","r5","reale primario","cellpose_rgb",30,1.4106263854788
"A2","r5","reale secondario","stardist_he",0,2.51406029936688e-16
"A2","r5","reale secondario","stardist_he",0.5,0
"A2","r5","reale secondario","stardist_he",1,0
"A2","r5","reale secondario","stardist_he",1.5,0.00158719767203081
"A2","r5","reale secondario","stardist_he",2,0.00586078492194043
"A2","r5","reale secondario","stardist_he",2.5,0.0165433240685423
"A2","r5","reale secondario","stardist_he",3,0.0579133889107218
"A2","r5","reale secondario","stardist_he",3.5,0.141390877023407
"A2","r5","reale secondario","stardist_he",4,0.292678750746661
"A2","r5","reale secondario","stardist_he",4.5,0.52691474293223
"A2","r5","reale secondario","stardist_he",5,0.821750210722375
"A2","r5","reale secondario","stardist_he",5.5,1.15259930361078
"A2","r5","reale secondario","stardist_he",6,1.45027368482217
"A2","r5","reale secondario","stardist_he",6.5,1.66964964850658
"A2","r5","reale secondario","stardist_he",7,1.78859956926543
"A2","r5","reale secondario","stardist_he",7.5,1.79836291789203
"A2","r5","reale secondario","stardist_he",8,1.75203886469196
"A2","r5","reale secondario","stardist_he",8.5,1.67582417357722
"A2","r5","reale secondario","stardist_he",9,1.59901892066499
"A2","r5","reale secondario","stardist_he",9.5,1.55811231319578
"A2","r5","reale secondario","stardist_he",10,1.53220531303288
"A2","r5","reale secondario","stardist_he",10.5,1.52022893760731
"A2","r5","reale secondario","stardist_he",11,1.49592341614723
"A2","r5","reale secondario","stardist_he",11.5,1.4816483656022
"A2","r5","reale secondario","stardist_he",12,1.46345409718816
"A2","r5","reale secondario","stardist_he",12.5,1.4387493271032
"A2","r5","reale secondario","stardist_he",13,1.41787762630751
"A2","r5","reale secondario","stardist_he",13.5,1.41341113094193
"A2","r5","reale secondario","stardist_he",14,1.41416367717184
"A2","r5","reale secondario","stardist_he",14.5,1.41119242099964
"A2","r5","reale secondario","stardist_he",15,1.41109521314193
"A2","r5","reale secondario","stardist_he",15.5,1.40174175319694
"A2","r5","reale secondario","stardist_he",16,1.38712297564188
"A2","r5","reale secondario","stardist_he",16.5,1.37059514273572
"A2","r5","reale secondario","stardist_he",17,1.36480088151397
"A2","r5","reale secondario","stardist_he",17.5,1.35845815942958
"A2","r5","reale secondario","stardist_he",18,1.35919694584221
"A2","r5","reale secondario","stardist_he",18.5,1.36349041736347
"A2","r5","reale secondario","stardist_he",19,1.36344143938922
"A2","r5","reale secondario","stardist_he",19.5,1.36400768910129
"A2","r5","reale secondario","stardist_he",20,1.35930806295104
"A2","r5","reale secondario","stardist_he",20.5,1.35493944010773
"A2","r5","reale secondario","stardist_he",21,1.35991052107746
"A2","r5","reale secondario","stardist_he",21.5,1.3641104243147
"A2","r5","reale secondario","stardist_he",22,1.36644530089122
"A2","r5","reale secondario","stardist_he",22.5,1.35980238980112
"A2","r5","reale secondario","stardist_he",23,1.34444177013528
"A2","r5","reale secondario","stardist_he",23.5,1.32812151291439
"A2","r5","reale secondario","stardist_he",24,1.30322164621373
"A2","r5","reale secondario","stardist_he",24.5,1.28637448971863
"A2","r5","reale secondario","stardist_he",25,1.27421545779012
"A2","r5","reale secondario","stardist_he",25.5,1.27174235683727
"A2","r5","reale secondario","stardist_he",26,1.27585998447628
"A2","r5","reale secondario","stardist_he",26.5,1.28406054798976
"A2","r5","reale secondario","stardist_he",27,1.29585548261203
"A2","r5","reale secondario","stardist_he",27.5,1.30224947881904
"A2","r5","reale secondario","stardist_he",28,1.30244014859541
"A2","r5","reale secondario","stardist_he",28.5,1.29066469783153
"A2","r5","reale secondario","stardist_he",29,1.2725161849604
"A2","r5","reale secondario","stardist_he",29.5,1.25514483080252
"A2","r5","reale secondario","stardist_he",30,1.24747622621376
"A3","r1","reale primario","cellpose_rgb",0,8.99698636361342e-17
"A3","r1","reale primario","cellpose_rgb",0.5,1.75425860251748e-16
"A3","r1","reale primario","cellpose_rgb",1,0.00072812578241893
"A3","r1","reale primario","cellpose_rgb",1.5,0.00753160353694722
"A3","r1","reale primario","cellpose_rgb",2,0.0220610474103234
"A3","r1","reale primario","cellpose_rgb",2.5,0.0530211995654999
"A3","r1","reale primario","cellpose_rgb",3,0.110590468597196
"A3","r1","reale primario","cellpose_rgb",3.5,0.208954838243955
"A3","r1","reale primario","cellpose_rgb",4,0.347647083869272
"A3","r1","reale primario","cellpose_rgb",4.5,0.515207037437607
"A3","r1","reale primario","cellpose_rgb",5,0.69790310027718
"A3","r1","reale primario","cellpose_rgb",5.5,0.885775443443075
"A3","r1","reale primario","cellpose_rgb",6,1.07126374817702
"A3","r1","reale primario","cellpose_rgb",6.5,1.24280446925872
"A3","r1","reale primario","cellpose_rgb",7,1.37484455728124
"A3","r1","reale primario","cellpose_rgb",7.5,1.4576605373029
"A3","r1","reale primario","cellpose_rgb",8,1.50687266647992
"A3","r1","reale primario","cellpose_rgb",8.5,1.52699179975871
"A3","r1","reale primario","cellpose_rgb",9,1.5231325557875
"A3","r1","reale primario","cellpose_rgb",9.5,1.497566625336
"A3","r1","reale primario","cellpose_rgb",10,1.45978488085918
"A3","r1","reale primario","cellpose_rgb",10.5,1.42199236156484
"A3","r1","reale primario","cellpose_rgb",11,1.39485526557882
"A3","r1","reale primario","cellpose_rgb",11.5,1.3808863932746
"A3","r1","reale primario","cellpose_rgb",12,1.36721345147736
"A3","r1","reale primario","cellpose_rgb",12.5,1.35374209519642
"A3","r1","reale primario","cellpose_rgb",13,1.33717580118035
"A3","r1","reale primario","cellpose_rgb",13.5,1.31702868491601
"A3","r1","reale primario","cellpose_rgb",14,1.30235611158871
"A3","r1","reale primario","cellpose_rgb",14.5,1.2941215934551
"A3","r1","reale primario","cellpose_rgb",15,1.29005200367548
"A3","r1","reale primario","cellpose_rgb",15.5,1.28825974046883
"A3","r1","reale primario","cellpose_rgb",16,1.29599006751647
"A3","r1","reale primario","cellpose_rgb",16.5,1.30412927107368
"A3","r1","reale primario","cellpose_rgb",17,1.30947760956551
"A3","r1","reale primario","cellpose_rgb",17.5,1.30395739464001
"A3","r1","reale primario","cellpose_rgb",18,1.28869159157253
"A3","r1","reale primario","cellpose_rgb",18.5,1.27091768250641
"A3","r1","reale primario","cellpose_rgb",19,1.26088476838017
"A3","r1","reale primario","cellpose_rgb",19.5,1.25545901468777
"A3","r1","reale primario","cellpose_rgb",20,1.25400486803206
"A3","r1","reale primario","cellpose_rgb",20.5,1.26097689141465
"A3","r1","reale primario","cellpose_rgb",21,1.26965777466756
"A3","r1","reale primario","cellpose_rgb",21.5,1.27310425249504
"A3","r1","reale primario","cellpose_rgb",22,1.27129260896474
"A3","r1","reale primario","cellpose_rgb",22.5,1.26240080114183
"A3","r1","reale primario","cellpose_rgb",23,1.2464827812264
"A3","r1","reale primario","cellpose_rgb",23.5,1.22830309215047
"A3","r1","reale primario","cellpose_rgb",24,1.21453501254275
"A3","r1","reale primario","cellpose_rgb",24.5,1.20208187870352
"A3","r1","reale primario","cellpose_rgb",25,1.19510476299782
"A3","r1","reale primario","cellpose_rgb",25.5,1.19524455426955
"A3","r1","reale primario","cellpose_rgb",26,1.19729480516888
"A3","r1","reale primario","cellpose_rgb",26.5,1.20097099691919
"A3","r1","reale primario","cellpose_rgb",27,1.20632816324066
"A3","r1","reale primario","cellpose_rgb",27.5,1.21221692520777
"A3","r1","reale primario","cellpose_rgb",28,1.21301430896634
"A3","r1","reale primario","cellpose_rgb",28.5,1.21118319069876
"A3","r1","reale primario","cellpose_rgb",29,1.20606707073339
"A3","r1","reale primario","cellpose_rgb",29.5,1.20126041079566
"A3","r1","reale primario","cellpose_rgb",30,1.19656439845603
"A3","r1","reale secondario","stardist_he",0,0
"A3","r1","reale secondario","stardist_he",0.5,1.63198355193452e-16
"A3","r1","reale secondario","stardist_he",1,0.000538223376315595
"A3","r1","reale secondario","stardist_he",1.5,0.0050815144152205
"A3","r1","reale secondario","stardist_he",2,0.0147845764271683
"A3","r1","reale secondario","stardist_he",2.5,0.0370081939627654
"A3","r1","reale secondario","stardist_he",3,0.099075118504726
"A3","r1","reale secondario","stardist_he",3.5,0.211479475350551
"A3","r1","reale secondario","stardist_he",4,0.37497072042013
"A3","r1","reale secondario","stardist_he",4.5,0.568426732605333
"A3","r1","reale secondario","stardist_he",5,0.785997900037002
"A3","r1","reale secondario","stardist_he",5.5,1.02092707308437
"A3","r1","reale secondario","stardist_he",6,1.25601727236945
"A3","r1","reale secondario","stardist_he",6.5,1.4528739538784
"A3","r1","reale secondario","stardist_he",7,1.58579716338765
"A3","r1","reale secondario","stardist_he",7.5,1.65771712125503
"A3","r1","reale secondario","stardist_he",8,1.68892622494777
"A3","r1","reale secondario","stardist_he",8.5,1.700980097043
"A3","r1","reale secondario","stardist_he",9,1.68320116732858
"A3","r1","reale secondario","stardist_he",9.5,1.63553089401399
"A3","r1","reale secondario","stardist_he",10,1.59034558310708
"A3","r1","reale secondario","stardist_he",10.5,1.56198639472539
"A3","r1","reale secondario","stardist_he",11,1.55621583433379
"A3","r1","reale secondario","stardist_he",11.5,1.55800301951407
"A3","r1","reale secondario","stardist_he",12,1.55323284572207
"A3","r1","reale secondario","stardist_he",12.5,1.54298331192594
"A3","r1","reale secondario","stardist_he",13,1.53771304615895
"A3","r1","reale secondario","stardist_he",13.5,1.53180230751154
"A3","r1","reale secondario","stardist_he",14,1.51416637717561
"A3","r1","reale secondario","stardist_he",14.5,1.48315254450121
"A3","r1","reale secondario","stardist_he",15,1.45594040464947
"A3","r1","reale secondario","stardist_he",15.5,1.43332112745913
"A3","r1","reale secondario","stardist_he",16,1.41839407481536
"A3","r1","reale secondario","stardist_he",16.5,1.39989312640363
"A3","r1","reale secondario","stardist_he",17,1.38342431586225
"A3","r1","reale secondario","stardist_he",17.5,1.36705622770438
"A3","r1","reale secondario","stardist_he",18,1.35328995512689
"A3","r1","reale secondario","stardist_he",18.5,1.35182037111302
"A3","r1","reale secondario","stardist_he",19,1.35727236754463
"A3","r1","reale secondario","stardist_he",19.5,1.35975146818541
"A3","r1","reale secondario","stardist_he",20,1.37189549474917
"A3","r1","reale secondario","stardist_he",20.5,1.38987337216383
"A3","r1","reale secondario","stardist_he",21,1.40277264895939
"A3","r1","reale secondario","stardist_he",21.5,1.40904925256316
"A3","r1","reale secondario","stardist_he",22,1.40775793093462
"A3","r1","reale secondario","stardist_he",22.5,1.40205082741622
"A3","r1","reale secondario","stardist_he",23,1.39600835670767
"A3","r1","reale secondario","stardist_he",23.5,1.38992928537396
"A3","r1","reale secondario","stardist_he",24,1.37706301042013
"A3","r1","reale secondario","stardist_he",24.5,1.35462722342231
"A3","r1","reale secondario","stardist_he",25,1.33692077440376
"A3","r1","reale secondario","stardist_he",25.5,1.31696593653416
"A3","r1","reale secondario","stardist_he",26,1.30170850463822
"A3","r1","reale secondario","stardist_he",26.5,1.29482175926766
"A3","r1","reale secondario","stardist_he",27,1.29761134779419
"A3","r1","reale secondario","stardist_he",27.5,1.30781273579566
"A3","r1","reale secondario","stardist_he",28,1.31885075898249
"A3","r1","reale secondario","stardist_he",28.5,1.33095069846662
"A3","r1","reale secondario","stardist_he",29,1.33431742893111
"A3","r1","reale secondario","stardist_he",29.5,1.3311066006679
"A3","r1","reale secondario","stardist_he",30,1.32055182610004
"A3","r2","reale primario","cellpose_rgb",0,2.36302873837838e-17
"A3","r2","reale primario","cellpose_rgb",0.5,0.00383398770987577
"A3","r2","reale primario","cellpose_rgb",1,0.0166111874696223
"A3","r2","reale primario","cellpose_rgb",1.5,0.0379871286170545
"A3","r2","reale primario","cellpose_rgb",2,0.075203671815388
"A3","r2","reale primario","cellpose_rgb",2.5,0.144121018455961
"A3","r2","reale primario","cellpose_rgb",3,0.254426412173122
"A3","r2","reale primario","cellpose_rgb",3.5,0.401337274690821
"A3","r2","reale primario","cellpose_rgb",4,0.574209359462348
"A3","r2","reale primario","cellpose_rgb",4.5,0.755139400830233
"A3","r2","reale primario","cellpose_rgb",5,0.933624361158255
"A3","r2","reale primario","cellpose_rgb",5.5,1.1100752156595
"A3","r2","reale primario","cellpose_rgb",6,1.26603003403396
"A3","r2","reale primario","cellpose_rgb",6.5,1.38413025681761
"A3","r2","reale primario","cellpose_rgb",7,1.46205295356417
"A3","r2","reale primario","cellpose_rgb",7.5,1.50272455999436
"A3","r2","reale primario","cellpose_rgb",8,1.52694643752863
"A3","r2","reale primario","cellpose_rgb",8.5,1.53207591692175
"A3","r2","reale primario","cellpose_rgb",9,1.53504615835151
"A3","r2","reale primario","cellpose_rgb",9.5,1.53372129356151
"A3","r2","reale primario","cellpose_rgb",10,1.53191793253836
"A3","r2","reale primario","cellpose_rgb",10.5,1.52685511306521
"A3","r2","reale primario","cellpose_rgb",11,1.52544287341135
"A3","r2","reale primario","cellpose_rgb",11.5,1.52557216710181
"A3","r2","reale primario","cellpose_rgb",12,1.51831548919191
"A3","r2","reale primario","cellpose_rgb",12.5,1.51099363639082
"A3","r2","reale primario","cellpose_rgb",13,1.50324084991568
"A3","r2","reale primario","cellpose_rgb",13.5,1.49719208464623
"A3","r2","reale primario","cellpose_rgb",14,1.48479805339752
"A3","r2","reale primario","cellpose_rgb",14.5,1.47045078643788
"A3","r2","reale primario","cellpose_rgb",15,1.46105644545345
"A3","r2","reale primario","cellpose_rgb",15.5,1.45194734713676
"A3","r2","reale primario","cellpose_rgb",16,1.4451891287488
"A3","r2","reale primario","cellpose_rgb",16.5,1.43727797945992
"A3","r2","reale primario","cellpose_rgb",17,1.43394828702845
"A3","r2","reale primario","cellpose_rgb",17.5,1.4225470951887
"A3","r2","reale primario","cellpose_rgb",18,1.40677124918832
"A3","r2","reale primario","cellpose_rgb",18.5,1.39421865425095
"A3","r2","reale primario","cellpose_rgb",19,1.38641390500328
"A3","r2","reale primario","cellpose_rgb",19.5,1.37973401546823
"A3","r2","reale primario","cellpose_rgb",20,1.37205768578656
"A3","r2","reale primario","cellpose_rgb",20.5,1.36519531063963
"A3","r2","reale primario","cellpose_rgb",21,1.35206395033933
"A3","r2","reale primario","cellpose_rgb",21.5,1.34392284372689
"A3","r2","reale primario","cellpose_rgb",22,1.34083655155382
"A3","r2","reale primario","cellpose_rgb",22.5,1.34232411851328
"A3","r2","reale primario","cellpose_rgb",23,1.33559371341894
"A3","r2","reale primario","cellpose_rgb",23.5,1.32959196627219
"A3","r2","reale primario","cellpose_rgb",24,1.33075722197228
"A3","r2","reale primario","cellpose_rgb",24.5,1.33581155604377
"A3","r2","reale primario","cellpose_rgb",25,1.33956918345483
"A3","r2","reale primario","cellpose_rgb",25.5,1.34236148662702
"A3","r2","reale primario","cellpose_rgb",26,1.34267810068222
"A3","r2","reale primario","cellpose_rgb",26.5,1.33798436846873
"A3","r2","reale primario","cellpose_rgb",27,1.33264135397899
"A3","r2","reale primario","cellpose_rgb",27.5,1.32562499374642
"A3","r2","reale primario","cellpose_rgb",28,1.31643451744228
"A3","r2","reale primario","cellpose_rgb",28.5,1.30382094915082
"A3","r2","reale primario","cellpose_rgb",29,1.29614855137648
"A3","r2","reale primario","cellpose_rgb",29.5,1.29220153215937
"A3","r2","reale primario","cellpose_rgb",30,1.29178650556186
"A3","r2","reale secondario","stardist_he",0,1.91643538021318e-16
"A3","r2","reale secondario","stardist_he",0.5,5.72466792702865e-05
"A3","r2","reale secondario","stardist_he",1,0.0037785470048503
"A3","r2","reale secondario","stardist_he",1.5,0.0105914564715303
"A3","r2","reale secondario","stardist_he",2,0.0360358703883406
"A3","r2","reale secondario","stardist_he",2.5,0.102708820965471
"A3","r2","reale secondario","stardist_he",3,0.22679002054604
"A3","r2","reale secondario","stardist_he",3.5,0.410763626650185
"A3","r2","reale secondario","stardist_he",4,0.621022529399267
"A3","r2","reale secondario","stardist_he",4.5,0.848816212316047
"A3","r2","reale secondario","stardist_he",5,1.07477456537606
"A3","r2","reale secondario","stardist_he",5.5,1.30873511059884
"A3","r2","reale secondario","stardist_he",6,1.51186042137333
"A3","r2","reale secondario","stardist_he",6.5,1.65619144064283
"A3","r2","reale secondario","stardist_he",7,1.73607165301911
"A3","r2","reale secondario","stardist_he",7.5,1.75917894786741
"A3","r2","reale secondario","stardist_he",8,1.77106717327869
"A3","r2","reale secondario","stardist_he",8.5,1.76835652492741
"A3","r2","reale secondario","stardist_he",9,1.76708123402061
"A3","r2","reale secondario","stardist_he",9.5,1.75097805621979
"A3","r2","reale secondario","stardist_he",10,1.73599669221244
"A3","r2","reale secondario","stardist_he",10.5,1.71131970672005
"A3","r2","reale secondario","stardist_he",11,1.71119986152374
"A3","r2","reale secondario","stardist_he",11.5,1.71583796116011
"A3","r2","reale secondario","stardist_he",12,1.70627724085533
"A3","r2","reale secondario","stardist_he",12.5,1.69861226721783
"A3","r2","reale secondario","stardist_he",13,1.6954686882446
"A3","r2","reale secondario","stardist_he",13.5,1.70198637112622
"A3","r2","reale secondario","stardist_he",14,1.70743891893364
"A3","r2","reale secondario","stardist_he",14.5,1.6985571186421
"A3","r2","reale secondario","stardist_he",15,1.68128943151427
"A3","r2","reale secondario","stardist_he",15.5,1.66862631169281
"A3","r2","reale secondario","stardist_he",16,1.64854365327843
"A3","r2","reale secondario","stardist_he",16.5,1.62891227725434
"A3","r2","reale secondario","stardist_he",17,1.61288564946194
"A3","r2","reale secondario","stardist_he",17.5,1.59578509793762
"A3","r2","reale secondario","stardist_he",18,1.5904995904791
"A3","r2","reale secondario","stardist_he",18.5,1.58774974172332
"A3","r2","reale secondario","stardist_he",19,1.59657933884394
"A3","r2","reale secondario","stardist_he",19.5,1.60797982326791
"A3","r2","reale secondario","stardist_he",20,1.61180758205858
"A3","r2","reale secondario","stardist_he",20.5,1.60147313214238
"A3","r2","reale secondario","stardist_he",21,1.59165956646253
"A3","r2","reale secondario","stardist_he",21.5,1.57902428178795
"A3","r2","reale secondario","stardist_he",22,1.56020752750094
"A3","r2","reale secondario","stardist_he",22.5,1.54428194839702
"A3","r2","reale secondario","stardist_he",23,1.5307473296377
"A3","r2","reale secondario","stardist_he",23.5,1.5197877977408
"A3","r2","reale secondario","stardist_he",24,1.51323312358894
"A3","r2","reale secondario","stardist_he",24.5,1.52339009381112
"A3","r2","reale secondario","stardist_he",25,1.53896958891593
"A3","r2","reale secondario","stardist_he",25.5,1.55335218176173
"A3","r2","reale secondario","stardist_he",26,1.56009862374985
"A3","r2","reale secondario","stardist_he",26.5,1.56444756021692
"A3","r2","reale secondario","stardist_he",27,1.56789974852509
"A3","r2","reale secondario","stardist_he",27.5,1.56833996537303
"A3","r2","reale secondario","stardist_he",28,1.5612021929773
"A3","r2","reale secondario","stardist_he",28.5,1.53947009470041
"A3","r2","reale secondario","stardist_he",29,1.51582979055267
"A3","r2","reale secondario","stardist_he",29.5,1.49366074406276
"A3","r2","reale secondario","stardist_he",30,1.4797453893834
"A3","r3","reale primario","cellpose_rgb",0,3.2704879598412e-16
"A3","r3","reale primario","cellpose_rgb",0.5,0.000398660812872629
"A3","r3","reale primario","cellpose_rgb",1,0.00424702819057137
"A3","r3","reale primario","cellpose_rgb",1.5,0.0144677762724474
"A3","r3","reale primario","cellpose_rgb",2,0.0380601534382487
"A3","r3","reale primario","cellpose_rgb",2.5,0.0879476939780203
"A3","r3","reale primario","cellpose_rgb",3,0.176082759103571
"A3","r3","reale primario","cellpose_rgb",3.5,0.308193785592038
"A3","r3","reale primario","cellpose_rgb",4,0.474768856979626
"A3","r3","reale primario","cellpose_rgb",4.5,0.663701462920505
"A3","r3","reale primario","cellpose_rgb",5,0.861820740210938
"A3","r3","reale primario","cellpose_rgb",5.5,1.05580815074513
"A3","r3","reale primario","cellpose_rgb",6,1.22634102798435
"A3","r3","reale primario","cellpose_rgb",6.5,1.35351977938274
"A3","r3","reale primario","cellpose_rgb",7,1.43834655067228
"A3","r3","reale primario","cellpose_rgb",7.5,1.48603944872508
"A3","r3","reale primario","cellpose_rgb",8,1.50254817226944
"A3","r3","reale primario","cellpose_rgb",8.5,1.50121528414436
"A3","r3","reale primario","cellpose_rgb",9,1.48528270095591
"A3","r3","reale primario","cellpose_rgb",9.5,1.45717081036356
"A3","r3","reale primario","cellpose_rgb",10,1.42797578382076
"A3","r3","reale primario","cellpose_rgb",10.5,1.41145637900929
"A3","r3","reale primario","cellpose_rgb",11,1.40165331333277
"A3","r3","reale primario","cellpose_rgb",11.5,1.39295201421804
"A3","r3","reale primario","cellpose_rgb",12,1.3949231364109
"A3","r3","reale primario","cellpose_rgb",12.5,1.39322503679065
"A3","r3","reale primario","cellpose_rgb",13,1.38902303629423
"A3","r3","reale primario","cellpose_rgb",13.5,1.38906207153989
"A3","r3","reale primario","cellpose_rgb",14,1.38718232593131
"A3","r3","reale primario","cellpose_rgb",14.5,1.37498200434984
"A3","r3","reale primario","cellpose_rgb",15,1.36597765517115
"A3","r3","reale primario","cellpose_rgb",15.5,1.36730123905245
"A3","r3","reale primario","cellpose_rgb",16,1.36757489295555
"A3","r3","reale primario","cellpose_rgb",16.5,1.37038843104671
"A3","r3","reale primario","cellpose_rgb",17,1.36846498346577
"A3","r3","reale primario","cellpose_rgb",17.5,1.36614474945464
"A3","r3","reale primario","cellpose_rgb",18,1.3651322427026
"A3","r3","reale primario","cellpose_rgb",18.5,1.36312923714672
"A3","r3","reale primario","cellpose_rgb",19,1.35357680959738
"A3","r3","reale primario","cellpose_rgb",19.5,1.34111997751232
"A3","r3","reale primario","cellpose_rgb",20,1.3303959487478
"A3","r3","reale primario","cellpose_rgb",20.5,1.32508885399023
"A3","r3","reale primario","cellpose_rgb",21,1.32180462171695
"A3","r3","reale primario","cellpose_rgb",21.5,1.31014439949924
"A3","r3","reale primario","cellpose_rgb",22,1.30094972074745
"A3","r3","reale primario","cellpose_rgb",22.5,1.29905129339666
"A3","r3","reale primario","cellpose_rgb",23,1.30041948559142
"A3","r3","reale primario","cellpose_rgb",23.5,1.30064393468713
"A3","r3","reale primario","cellpose_rgb",24,1.30168140213249
"A3","r3","reale primario","cellpose_rgb",24.5,1.29875291300277
"A3","r3","reale primario","cellpose_rgb",25,1.29468760860628
"A3","r3","reale primario","cellpose_rgb",25.5,1.29400997437302
"A3","r3","reale primario","cellpose_rgb",26,1.29281917196262
"A3","r3","reale primario","cellpose_rgb",26.5,1.28602381673472
"A3","r3","reale primario","cellpose_rgb",27,1.27891335239888
"A3","r3","reale primario","cellpose_rgb",27.5,1.27533299868877
"A3","r3","reale primario","cellpose_rgb",28,1.27155218304979
"A3","r3","reale primario","cellpose_rgb",28.5,1.26856897132274
"A3","r3","reale primario","cellpose_rgb",29,1.26419904857012
"A3","r3","reale primario","cellpose_rgb",29.5,1.26167403098258
"A3","r3","reale primario","cellpose_rgb",30,1.25909140944006
"A3","r3","reale secondario","stardist_he",0,1.90171556293152e-17
"A3","r3","reale secondario","stardist_he",0.5,1.94704045394282e-16
"A3","r3","reale secondario","stardist_he",1,1.46576960876618e-17
"A3","r3","reale secondario","stardist_he",1.5,0.000980318241242539
"A3","r3","reale secondario","stardist_he",2,0.00708148739976603
"A3","r3","reale secondario","stardist_he",2.5,0.0350681649911382
"A3","r3","reale secondario","stardist_he",3,0.098457762375653
"A3","r3","reale secondario","stardist_he",3.5,0.199598097461392
"A3","r3","reale secondario","stardist_he",4,0.343000774631347
"A3","r3","reale secondario","stardist_he",4.5,0.524986678043586
"A3","r3","reale secondario","stardist_he",5,0.735018184001006
"A3","r3","reale secondario","stardist_he",5.5,0.945002092804395
"A3","r3","reale secondario","stardist_he",6,1.13645505950928
"A3","r3","reale secondario","stardist_he",6.5,1.29079798039408
"A3","r3","reale secondario","stardist_he",7,1.39956411248835
"A3","r3","reale secondario","stardist_he",7.5,1.46742040612622
"A3","r3","reale secondario","stardist_he",8,1.49359064791945
"A3","r3","reale secondario","stardist_he",8.5,1.48854163376289
"A3","r3","reale secondario","stardist_he",9,1.46653731885555
"A3","r3","reale secondario","stardist_he",9.5,1.44006672833622
"A3","r3","reale secondario","stardist_he",10,1.40729905980328
"A3","r3","reale secondario","stardist_he",10.5,1.36871458843082
"A3","r3","reale secondario","stardist_he",11,1.33740059337447
"A3","r3","reale secondario","stardist_he",11.5,1.3162335602152
"A3","r3","reale secondario","stardist_he",12,1.30087098217549
"A3","r3","reale secondario","stardist_he",12.5,1.29465566290696
"A3","r3","reale secondario","stardist_he",13,1.29671062499012
"A3","r3","reale secondario","stardist_he",13.5,1.30148607015631
"A3","r3","reale secondario","stardist_he",14,1.30767273773082
"A3","r3","reale secondario","stardist_he",14.5,1.31390816918218
"A3","r3","reale secondario","stardist_he",15,1.32238761462664
"A3","r3","reale secondario","stardist_he",15.5,1.32785004884169
"A3","r3","reale secondario","stardist_he",16,1.32927695735629
"A3","r3","reale secondario","stardist_he",16.5,1.3287276835333
"A3","r3","reale secondario","stardist_he",17,1.31974541169234
"A3","r3","reale secondario","stardist_he",17.5,1.30984537194971
"A3","r3","reale secondario","stardist_he",18,1.29786631776993
"A3","r3","reale secondario","stardist_he",18.5,1.27730692182185
"A3","r3","reale secondario","stardist_he",19,1.26026873803431
"A3","r3","reale secondario","stardist_he",19.5,1.24637500243677
"A3","r3","reale secondario","stardist_he",20,1.23190443530098
"A3","r3","reale secondario","stardist_he",20.5,1.22153467650146
"A3","r3","reale secondario","stardist_he",21,1.2205336078259
"A3","r3","reale secondario","stardist_he",21.5,1.21788605548369
"A3","r3","reale secondario","stardist_he",22,1.219216537764
"A3","r3","reale secondario","stardist_he",22.5,1.22333215673398
"A3","r3","reale secondario","stardist_he",23,1.23191998656811
"A3","r3","reale secondario","stardist_he",23.5,1.24075723199274
"A3","r3","reale secondario","stardist_he",24,1.25020458169003
"A3","r3","reale secondario","stardist_he",24.5,1.25389029260175
"A3","r3","reale secondario","stardist_he",25,1.25076288272003
"A3","r3","reale secondario","stardist_he",25.5,1.24273087217127
"A3","r3","reale secondario","stardist_he",26,1.23782439194679
"A3","r3","reale secondario","stardist_he",26.5,1.2264223905798
"A3","r3","reale secondario","stardist_he",27,1.21441291414157
"A3","r3","reale secondario","stardist_he",27.5,1.21551317491518
"A3","r3","reale secondario","stardist_he",28,1.21080454886491
"A3","r3","reale secondario","stardist_he",28.5,1.20601360741812
"A3","r3","reale secondario","stardist_he",29,1.21292533603873
"A3","r3","reale secondario","stardist_he",29.5,1.22132774447748
"A3","r3","reale secondario","stardist_he",30,1.22553656988054
"A3","r4","reale primario","cellpose_rgb",0,9.62426585324874e-17
"A3","r4","reale primario","cellpose_rgb",0.5,2.87358116171008e-16
"A3","r4","reale primario","cellpose_rgb",1,0.000638999980426745
"A3","r4","reale primario","cellpose_rgb",1.5,0.00909415551548601
"A3","r4","reale primario","cellpose_rgb",2,0.0416709933681573
"A3","r4","reale primario","cellpose_rgb",2.5,0.114151358380908
"A3","r4","reale primario","cellpose_rgb",3,0.246970493651769
"A3","r4","reale primario","cellpose_rgb",3.5,0.453537488326972
"A3","r4","reale primario","cellpose_rgb",4,0.71437615602031
"A3","r4","reale primario","cellpose_rgb",4.5,1.01326345284229
"A3","r4","reale primario","cellpose_rgb",5,1.30791250890239
"A3","r4","reale primario","cellpose_rgb",5.5,1.56974024979132
"A3","r4","reale primario","cellpose_rgb",6,1.76694402398531
"A3","r4","reale primario","cellpose_rgb",6.5,1.89180279790167
"A3","r4","reale primario","cellpose_rgb",7,1.93818956071968
"A3","r4","reale primario","cellpose_rgb",7.5,1.94130027162118
"A3","r4","reale primario","cellpose_rgb",8,1.92734937525226
"A3","r4","reale primario","cellpose_rgb",8.5,1.91341124584035
"A3","r4","reale primario","cellpose_rgb",9,1.89464793956608
"A3","r4","reale primario","cellpose_rgb",9.5,1.87632011426957
"A3","r4","reale primario","cellpose_rgb",10,1.86104056807571
"A3","r4","reale primario","cellpose_rgb",10.5,1.83661814561483
"A3","r4","reale primario","cellpose_rgb",11,1.81149158238238
"A3","r4","reale primario","cellpose_rgb",11.5,1.77967568068888
"A3","r4","reale primario","cellpose_rgb",12,1.75204908052975
"A3","r4","reale primario","cellpose_rgb",12.5,1.73477051093017
"A3","r4","reale primario","cellpose_rgb",13,1.72426405308569
"A3","r4","reale primario","cellpose_rgb",13.5,1.71690905648889
"A3","r4","reale primario","cellpose_rgb",14,1.72564754197714
"A3","r4","reale primario","cellpose_rgb",14.5,1.73160050996828
"A3","r4","reale primario","cellpose_rgb",15,1.73194460638277
"A3","r4","reale primario","cellpose_rgb",15.5,1.73354905063407
"A3","r4","reale primario","cellpose_rgb",16,1.73558456129959
"A3","r4","reale primario","cellpose_rgb",16.5,1.733455735551
"A3","r4","reale primario","cellpose_rgb",17,1.72688780414543
"A3","r4","reale primario","cellpose_rgb",17.5,1.70823989785808
"A3","r4","reale primario","cellpose_rgb",18,1.68532733723965
"A3","r4","reale primario","cellpose_rgb",18.5,1.66698073998642
"A3","r4","reale primario","cellpose_rgb",19,1.65522135502793
"A3","r4","reale primario","cellpose_rgb",19.5,1.64737680033413
"A3","r4","reale primario","cellpose_rgb",20,1.64559218724096
"A3","r4","reale primario","cellpose_rgb",20.5,1.64635787091539
"A3","r4","reale primario","cellpose_rgb",21,1.65013379503307
"A3","r4","reale primario","cellpose_rgb",21.5,1.65329074228168
"A3","r4","reale primario","cellpose_rgb",22,1.65743862226989
"A3","r4","reale primario","cellpose_rgb",22.5,1.65380463012717
"A3","r4","reale primario","cellpose_rgb",23,1.64384769263236
"A3","r4","reale primario","cellpose_rgb",23.5,1.6360806936716
"A3","r4","reale primario","cellpose_rgb",24,1.62572714021829
"A3","r4","reale primario","cellpose_rgb",24.5,1.61824925051814
"A3","r4","reale primario","cellpose_rgb",25,1.61319292753798
"A3","r4","reale primario","cellpose_rgb",25.5,1.60911098403237
"A3","r4","reale primario","cellpose_rgb",26,1.60443481521232
"A3","r4","reale primario","cellpose_rgb",26.5,1.60586763504707
"A3","r4","reale primario","cellpose_rgb",27,1.60793790806784
"A3","r4","reale primario","cellpose_rgb",27.5,1.60454913396212
"A3","r4","reale primario","cellpose_rgb",28,1.59636557494137
"A3","r4","reale primario","cellpose_rgb",28.5,1.58529266475505
"A3","r4","reale primario","cellpose_rgb",29,1.57217351425207
"A3","r4","reale primario","cellpose_rgb",29.5,1.56591242303584
"A3","r4","reale primario","cellpose_rgb",30,1.55914360336578
"A3","r4","reale secondario","stardist_he",0,1.30783548866206e-16
"A3","r4","reale secondario","stardist_he",0.5,2.79315909532064e-16
"A3","r4","reale secondario","stardist_he",1,0.000469019578873987
"A3","r4","reale secondario","stardist_he",1.5,0.00296295892152888
"A3","r4","reale secondario","stardist_he",2,0.0118233827274041
"A3","r4","reale secondario","stardist_he",2.5,0.0324408675692977
"A3","r4","reale secondario","stardist_he",3,0.0970267508615179
"A3","r4","reale secondario","stardist_he",3.5,0.221087447684025
"A3","r4","reale secondario","stardist_he",4,0.402373782942437
"A3","r4","reale secondario","stardist_he",4.5,0.624379089857363
"A3","r4","reale secondario","stardist_he",5,0.859636466409873
"A3","r4","reale secondario","stardist_he",5.5,1.09530515046598
"A3","r4","reale secondario","stardist_he",6,1.30138620264057
"A3","r4","reale secondario","stardist_he",6.5,1.44980323463975
"A3","r4","reale secondario","stardist_he",7,1.53226966551135
"A3","r4","reale secondario","stardist_he",7.5,1.57644454693954
"A3","r4","reale secondario","stardist_he",8,1.59325456935874
"A3","r4","reale secondario","stardist_he",8.5,1.60242869061102
"A3","r4","reale secondario","stardist_he",9,1.59854672267114
"A3","r4","reale secondario","stardist_he",9.5,1.57348762811395
"A3","r4","reale secondario","stardist_he",10,1.54376526694808
"A3","r4","reale secondario","stardist_he",10.5,1.51545348679175
"A3","r4","reale secondario","stardist_he",11,1.49185720939399
"A3","r4","reale secondario","stardist_he",11.5,1.47193174005908
"A3","r4","reale secondario","stardist_he",12,1.4532127165131
"A3","r4","reale secondario","stardist_he",12.5,1.43553546637505
"A3","r4","reale secondario","stardist_he",13,1.42738229996602
"A3","r4","reale secondario","stardist_he",13.5,1.42222594797189
"A3","r4","reale secondario","stardist_he",14,1.41251651122467
"A3","r4","reale secondario","stardist_he",14.5,1.39623895412875
"A3","r4","reale secondario","stardist_he",15,1.38509731792721
"A3","r4","reale secondario","stardist_he",15.5,1.38452726076577
"A3","r4","reale secondario","stardist_he",16,1.39207912106663
"A3","r4","reale secondario","stardist_he",16.5,1.39350988273982
"A3","r4","reale secondario","stardist_he",17,1.38615075591041
"A3","r4","reale secondario","stardist_he",17.5,1.36787078545089
"A3","r4","reale secondario","stardist_he",18,1.35991868541547
"A3","r4","reale secondario","stardist_he",18.5,1.35472138861825
"A3","r4","reale secondario","stardist_he",19,1.34365004803062
"A3","r4","reale secondario","stardist_he",19.5,1.32972322540334
"A3","r4","reale secondario","stardist_he",20,1.32960252068171
"A3","r4","reale secondario","stardist_he",20.5,1.33401187659073
"A3","r4","reale secondario","stardist_he",21,1.34144424393677
"A3","r4","reale secondario","stardist_he",21.5,1.33997652444074
"A3","r4","reale secondario","stardist_he",22,1.32735100700134
"A3","r4","reale secondario","stardist_he",22.5,1.32403379145981
"A3","r4","reale secondario","stardist_he",23,1.32606038633558
"A3","r4","reale secondario","stardist_he",23.5,1.32695351202557
"A3","r4","reale secondario","stardist_he",24,1.3287578177525
"A3","r4","reale secondario","stardist_he",24.5,1.33443778924455
"A3","r4","reale secondario","stardist_he",25,1.34540652549076
"A3","r4","reale secondario","stardist_he",25.5,1.35772355777119
"A3","r4","reale secondario","stardist_he",26,1.36622376985265
"A3","r4","reale secondario","stardist_he",26.5,1.364904797346
"A3","r4","reale secondario","stardist_he",27,1.35763898207554
"A3","r4","reale secondario","stardist_he",27.5,1.34716659567194
"A3","r4","reale secondario","stardist_he",28,1.33395746173149
"A3","r4","reale secondario","stardist_he",28.5,1.32264222115285
"A3","r4","reale secondario","stardist_he",29,1.30983345009376
"A3","r4","reale secondario","stardist_he",29.5,1.30078301251016
"A3","r4","reale secondario","stardist_he",30,1.29395459494345
"A3","r5","reale primario","cellpose_rgb",0,0
"A3","r5","reale primario","cellpose_rgb",0.5,0
"A3","r5","reale primario","cellpose_rgb",1,0.00148191926010828
"A3","r5","reale primario","cellpose_rgb",1.5,0.0135189960594293
"A3","r5","reale primario","cellpose_rgb",2,0.0531039387143199
"A3","r5","reale primario","cellpose_rgb",2.5,0.157716894183961
"A3","r5","reale primario","cellpose_rgb",3,0.361215406224643
"A3","r5","reale primario","cellpose_rgb",3.5,0.669500563001784
"A3","r5","reale primario","cellpose_rgb",4,1.06325250259499
"A3","r5","reale primario","cellpose_rgb",4.5,1.49125859386288
"A3","r5","reale primario","cellpose_rgb",5,1.89020407473548
"A3","r5","reale primario","cellpose_rgb",5.5,2.21308070884342
"A3","r5","reale primario","cellpose_rgb",6,2.43116654551878
"A3","r5","reale primario","cellpose_rgb",6.5,2.52704520468676
"A3","r5","reale primario","cellpose_rgb",7,2.52303410575595
"A3","r5","reale primario","cellpose_rgb",7.5,2.46600502490655
"A3","r5","reale primario","cellpose_rgb",8,2.39424374919774
"A3","r5","reale primario","cellpose_rgb",8.5,2.33489285529285
"A3","r5","reale primario","cellpose_rgb",9,2.28999543837708
"A3","r5","reale primario","cellpose_rgb",9.5,2.25548471151519
"A3","r5","reale primario","cellpose_rgb",10,2.23703972174512
"A3","r5","reale primario","cellpose_rgb",10.5,2.24014463958487
"A3","r5","reale primario","cellpose_rgb",11,2.24319861276795
"A3","r5","reale primario","cellpose_rgb",11.5,2.23648303174318
"A3","r5","reale primario","cellpose_rgb",12,2.22884023986946
"A3","r5","reale primario","cellpose_rgb",12.5,2.21829296179992
"A3","r5","reale primario","cellpose_rgb",13,2.20425606435704
"A3","r5","reale primario","cellpose_rgb",13.5,2.18938497492301
"A3","r5","reale primario","cellpose_rgb",14,2.17556238027741
"A3","r5","reale primario","cellpose_rgb",14.5,2.15951999718082
"A3","r5","reale primario","cellpose_rgb",15,2.14849608677157
"A3","r5","reale primario","cellpose_rgb",15.5,2.13935851178086
"A3","r5","reale primario","cellpose_rgb",16,2.13393765313834
"A3","r5","reale primario","cellpose_rgb",16.5,2.13389642752485
"A3","r5","reale primario","cellpose_rgb",17,2.13170576824321
"A3","r5","reale primario","cellpose_rgb",17.5,2.12768776550557
"A3","r5","reale primario","cellpose_rgb",18,2.12403061248892
"A3","r5","reale primario","cellpose_rgb",18.5,2.1117777901887
"A3","r5","reale primario","cellpose_rgb",19,2.09490957137214
"A3","r5","reale primario","cellpose_rgb",19.5,2.07439652600025
"A3","r5","reale primario","cellpose_rgb",20,2.05916453642228
"A3","r5","reale primario","cellpose_rgb",20.5,2.04931478038529
"A3","r5","reale primario","cellpose_rgb",21,2.05016389022281
"A3","r5","reale primario","cellpose_rgb",21.5,2.04746656727532
"A3","r5","reale primario","cellpose_rgb",22,2.04567828127401
"A3","r5","reale primario","cellpose_rgb",22.5,2.04357291297591
"A3","r5","reale primario","cellpose_rgb",23,2.03954276828641
"A3","r5","reale primario","cellpose_rgb",23.5,2.03349425410928
"A3","r5","reale primario","cellpose_rgb",24,2.02549377444119
"A3","r5","reale primario","cellpose_rgb",24.5,2.01619662812483
"A3","r5","reale primario","cellpose_rgb",25,2.0116369245152
"A3","r5","reale primario","cellpose_rgb",25.5,2.01114485183183
"A3","r5","reale primario","cellpose_rgb",26,2.01026287830859
"A3","r5","reale primario","cellpose_rgb",26.5,2.00540110655916
"A3","r5","reale primario","cellpose_rgb",27,1.99668729334863
"A3","r5","reale primario","cellpose_rgb",27.5,1.98596061833877
"A3","r5","reale primario","cellpose_rgb",28,1.97428300136171
"A3","r5","reale primario","cellpose_rgb",28.5,1.96513895334038
"A3","r5","reale primario","cellpose_rgb",29,1.95430632648502
"A3","r5","reale primario","cellpose_rgb",29.5,1.94056757716711
"A3","r5","reale primario","cellpose_rgb",30,1.93290478089909
"A3","r5","reale secondario","stardist_he",0,0
"A3","r5","reale secondario","stardist_he",0.5,1.17048232422809e-16
"A3","r5","reale secondario","stardist_he",1,0
"A3","r5","reale secondario","stardist_he",1.5,7.15994456283997e-05
"A3","r5","reale secondario","stardist_he",2,0.00319410190553553
"A3","r5","reale secondario","stardist_he",2.5,0.0293556680400118
"A3","r5","reale secondario","stardist_he",3,0.106883922555869
"A3","r5","reale secondario","stardist_he",3.5,0.268473255853189
"A3","r5","reale secondario","stardist_he",4,0.550395673623583
"A3","r5","reale secondario","stardist_he",4.5,0.918964140636294
"A3","r5","reale secondario","stardist_he",5,1.29975296761843
"A3","r5","reale secondario","stardist_he",5.5,1.67094418076562
"A3","r5","reale secondario","stardist_he",6,1.98671237451988
"A3","r5","reale secondario","stardist_he",6.5,2.19749861284388
"A3","r5","reale secondario","stardist_he",7,2.28710606907102
"A3","r5","reale secondario","stardist_he",7.5,2.2659753073232
"A3","r5","reale secondario","stardist_he",8,2.18823743355806
"A3","r5","reale secondario","stardist_he",8.5,2.11461242913456
"A3","r5","reale secondario","stardist_he",9,2.04332104072618
"A3","r5","reale secondario","stardist_he",9.5,1.98079714848913
"A3","r5","reale secondario","stardist_he",10,1.93473237949816
"A3","r5","reale secondario","stardist_he",10.5,1.90767513420677
"A3","r5","reale secondario","stardist_he",11,1.88931848212869
"A3","r5","reale secondario","stardist_he",11.5,1.86977268813065
"A3","r5","reale secondario","stardist_he",12,1.84813629055614
"A3","r5","reale secondario","stardist_he",12.5,1.81568449049812
"A3","r5","reale secondario","stardist_he",13,1.77859402759576
"A3","r5","reale secondario","stardist_he",13.5,1.75725569906161
"A3","r5","reale secondario","stardist_he",14,1.75082928027155
"A3","r5","reale secondario","stardist_he",14.5,1.747117927889
"A3","r5","reale secondario","stardist_he",15,1.74320731398624
"A3","r5","reale secondario","stardist_he",15.5,1.74013752358502
"A3","r5","reale secondario","stardist_he",16,1.75149888803194
"A3","r5","reale secondario","stardist_he",16.5,1.76603350651756
"A3","r5","reale secondario","stardist_he",17,1.76901371946081
"A3","r5","reale secondario","stardist_he",17.5,1.75695678837306
"A3","r5","reale secondario","stardist_he",18,1.74064590387491
"A3","r5","reale secondario","stardist_he",18.5,1.72699616450686
"A3","r5","reale secondario","stardist_he",19,1.70715580187527
"A3","r5","reale secondario","stardist_he",19.5,1.67975152548108
"A3","r5","reale secondario","stardist_he",20,1.65316881739115
"A3","r5","reale secondario","stardist_he",20.5,1.64298195028652
"A3","r5","reale secondario","stardist_he",21,1.65975586241102
"A3","r5","reale secondario","stardist_he",21.5,1.68041572669403
"A3","r5","reale secondario","stardist_he",22,1.68764214465927
"A3","r5","reale secondario","stardist_he",22.5,1.69826228897281
"A3","r5","reale secondario","stardist_he",23,1.71429542317197
"A3","r5","reale secondario","stardist_he",23.5,1.71970930089185
"A3","r5","reale secondario","stardist_he",24,1.7107206225534
"A3","r5","reale secondario","stardist_he",24.5,1.69092805431614
"A3","r5","reale secondario","stardist_he",25,1.67542672305844
"A3","r5","reale secondario","stardist_he",25.5,1.66709758509095
"A3","r5","reale secondario","stardist_he",26,1.65839531463934
"A3","r5","reale secondario","stardist_he",26.5,1.64150551660296
"A3","r5","reale secondario","stardist_he",27,1.63670805158463
"A3","r5","reale secondario","stardist_he",27.5,1.63476579555873
"A3","r5","reale secondario","stardist_he",28,1.63183629429727
"A3","r5","reale secondario","stardist_he",28.5,1.62647286791307
"A3","r5","reale secondario","stardist_he",29,1.62265136655492
"A3","r5","reale secondario","stardist_he",29.5,1.62231921363172
"A3","r5","reale secondario","stardist_he",30,1.61771434021995
"A4","f1","reale primario","spaceranger",0,0
"A4","f1","reale primario","spaceranger",0.5,4.94174667433588e-05
"A4","f1","reale primario","spaceranger",1,0.000357024828087353
"A4","f1","reale primario","spaceranger",1.5,0.00321173582913519
"A4","f1","reale primario","spaceranger",2,0.016272514834465
"A4","f1","reale primario","spaceranger",2.5,0.0758638647701738
"A4","f1","reale primario","spaceranger",3,0.209112625189905
"A4","f1","reale primario","spaceranger",3.5,0.473516105854861
"A4","f1","reale primario","spaceranger",4,0.798806791364845
"A4","f1","reale primario","spaceranger",4.5,1.10844260547158
"A4","f1","reale primario","spaceranger",5,1.29291264714509
"A4","f1","reale primario","spaceranger",5.5,1.38323122223387
"A4","f1","reale primario","spaceranger",6,1.36198017293603
"A4","f1","reale primario","spaceranger",6.5,1.27575986213345
"A4","f1","reale primario","spaceranger",7,1.15319799910271
"A4","f1","reale primario","spaceranger",7.5,1.08123583023822
"A4","f1","reale primario","spaceranger",8,1.05150286826574
"A4","f1","reale primario","spaceranger",8.5,1.05094413064586
"A4","f1","reale primario","spaceranger",9,1.05305008231738
"A4","f1","reale primario","spaceranger",9.5,1.08464684536482
"A4","f1","reale primario","spaceranger",10,1.1129528202308
"A4","f1","reale primario","spaceranger",10.5,1.12499053227961
"A4","f1","reale primario","spaceranger",11,1.10996455713811
"A4","f1","reale primario","spaceranger",11.5,1.11438540955522
"A4","f1","reale primario","spaceranger",12,1.11498117616724
"A4","f1","reale primario","spaceranger",12.5,1.10979149156268
"A4","f1","reale primario","spaceranger",13,1.0867458865489
"A4","f1","reale primario","spaceranger",13.5,1.091141006293
"A4","f1","reale primario","spaceranger",14,1.09553261611546
"A4","f1","reale primario","spaceranger",14.5,1.10134562640127
"A4","f1","reale primario","spaceranger",15,1.09368020475622
"A4","f1","reale primario","spaceranger",15.5,1.09940770803848
"A4","f1","reale primario","spaceranger",16,1.09936812749523
"A4","f1","reale primario","spaceranger",16.5,1.10018655974746
"A4","f1","reale primario","spaceranger",17,1.09183207151445
"A4","f1","reale primario","spaceranger",17.5,1.0967582005027
"A4","f1","reale primario","spaceranger",18,1.09936846044728
"A4","f1","reale primario","spaceranger",18.5,1.10216682026635
"A4","f1","reale primario","spaceranger",19,1.08901582274745
"A4","f1","reale primario","spaceranger",19.5,1.09283765796454
"A4","f1","reale primario","spaceranger",20,1.09861713213141
"A4","f1","reale primario","spaceranger",20.5,1.10052393796416
"A4","f1","reale primario","spaceranger",21,1.08462419623
"A4","f1","reale primario","spaceranger",21.5,1.08633747619625
"A4","f1","reale primario","spaceranger",22,1.09468696282418
"A4","f1","reale primario","spaceranger",22.5,1.10212237413504
"A4","f1","reale primario","spaceranger",23,1.09418988384158
"A4","f1","reale primario","spaceranger",23.5,1.09411886190088
"A4","f1","reale primario","spaceranger",24,1.09218340753266
"A4","f1","reale primario","spaceranger",24.5,1.09535354446586
"A4","f1","reale primario","spaceranger",25,1.08910077617658
"A4","f1","reale primario","spaceranger",25.5,1.09145009027057
"A4","f1","reale primario","spaceranger",26,1.09175318349688
"A4","f1","reale primario","spaceranger",26.5,1.09529324360566
"A4","f1","reale primario","spaceranger",27,1.08799079518825
"A4","f1","reale primario","spaceranger",27.5,1.09025072397413
"A4","f1","reale primario","spaceranger",28,1.09421173714066
"A4","f1","reale primario","spaceranger",28.5,1.09850899349714
"A4","f1","reale primario","spaceranger",29,1.08856612601672
"A4","f1","reale primario","spaceranger",29.5,1.08710739377809
"A4","f1","reale primario","spaceranger",30,1.08983763638232
"A4","f1","reale secondario","stardist_he",0,0
"A4","f1","reale secondario","stardist_he",0.5,0
"A4","f1","reale secondario","stardist_he",1,0
"A4","f1","reale secondario","stardist_he",1.5,0
"A4","f1","reale secondario","stardist_he",2,7.05400278569416e-05
"A4","f1","reale secondario","stardist_he",2.5,0.00519157534124682
"A4","f1","reale secondario","stardist_he",3,0.048081470360035
"A4","f1","reale secondario","stardist_he",3.5,0.20067407184074
"A4","f1","reale secondario","stardist_he",4,0.525412761808552
"A4","f1","reale secondario","stardist_he",4.5,0.977188140483823
"A4","f1","reale secondario","stardist_he",5,1.40104973897769
"A4","f1","reale secondario","stardist_he",5.5,1.61796530826021
"A4","f1","reale secondario","stardist_he",6,1.59780861156817
"A4","f1","reale secondario","stardist_he",6.5,1.43101152637032
"A4","f1","reale secondario","stardist_he",7,1.25134200892762
"A4","f1","reale secondario","stardist_he",7.5,1.12157362698007
"A4","f1","reale secondario","stardist_he",8,1.06066090374944
"A4","f1","reale secondario","stardist_he",8.5,1.05443374755599
"A4","f1","reale secondario","stardist_he",9,1.07670732951642
"A4","f1","reale secondario","stardist_he",9.5,1.11704948141016
"A4","f1","reale secondario","stardist_he",10,1.15687156088703
"A4","f1","reale secondario","stardist_he",10.5,1.17769643672099
"A4","f1","reale secondario","stardist_he",11,1.17290773652628
"A4","f1","reale secondario","stardist_he",11.5,1.16294506263649
"A4","f1","reale secondario","stardist_he",12,1.1519715223083
"A4","f1","reale secondario","stardist_he",12.5,1.14141856886606
"A4","f1","reale secondario","stardist_he",13,1.12441274992944
"A4","f1","reale secondario","stardist_he",13.5,1.12479414380165
"A4","f1","reale secondario","stardist_he",14,1.12704070547433
"A4","f1","reale secondario","stardist_he",14.5,1.13556779564643
"A4","f1","reale secondario","stardist_he",15,1.13494255183978
"A4","f1","reale secondario","stardist_he",15.5,1.13899588477639
"A4","f1","reale secondario","stardist_he",16,1.13463191351133
"A4","f1","reale secondario","stardist_he",16.5,1.13221885920593
"A4","f1","reale secondario","stardist_he",17,1.13259542091474
"A4","f1","reale secondario","stardist_he",17.5,1.13842429777196
"A4","f1","reale secondario","stardist_he",18,1.13863296775469
"A4","f1","reale secondario","stardist_he",18.5,1.13492296607681
"A4","f1","reale secondario","stardist_he",19,1.13139204140845
"A4","f1","reale secondario","stardist_he",19.5,1.1293339235746
"A4","f1","reale secondario","stardist_he",20,1.12645446308222
"A4","f1","reale secondario","stardist_he",20.5,1.12731789155642
"A4","f1","reale secondario","stardist_he",21,1.12750921131411
"A4","f1","reale secondario","stardist_he",21.5,1.12475231880344
"A4","f1","reale secondario","stardist_he",22,1.12424400404143
"A4","f1","reale secondario","stardist_he",22.5,1.12996817587995
"A4","f1","reale secondario","stardist_he",23,1.13366221393523
"A4","f1","reale secondario","stardist_he",23.5,1.13352525776251
"A4","f1","reale secondario","stardist_he",24,1.13340394305608
"A4","f1","reale secondario","stardist_he",24.5,1.13253098070144
"A4","f1","reale secondario","stardist_he",25,1.12821667152306
"A4","f1","reale secondario","stardist_he",25.5,1.12391040967224
"A4","f1","reale secondario","stardist_he",26,1.11971713509658
"A4","f1","reale secondario","stardist_he",26.5,1.11974186423888
"A4","f1","reale secondario","stardist_he",27,1.12033439106197
"A4","f1","reale secondario","stardist_he",27.5,1.1209281436517
"A4","f1","reale secondario","stardist_he",28,1.12133389174456
"A4","f1","reale secondario","stardist_he",28.5,1.12374523853678
"A4","f1","reale secondario","stardist_he",29,1.12979429205152
"A4","f1","reale secondario","stardist_he",29.5,1.13325644675458
"A4","f1","reale secondario","stardist_he",30,1.13353916776344
"A4","f2","reale primario","spaceranger",0,0
"A4","f2","reale primario","spaceranger",0.5,0
"A4","f2","reale primario","spaceranger",1,0.000192777267359551
"A4","f2","reale primario","spaceranger",1.5,0.00273942450154144
"A4","f2","reale primario","spaceranger",2,0.0151241654613303
"A4","f2","reale primario","spaceranger",2.5,0.0647282107884385
"A4","f2","reale primario","spaceranger",3,0.185217102316721
"A4","f2","reale primario","spaceranger",3.5,0.450725479856846
"A4","f2","reale primario","spaceranger",4,0.782751730587106
"A4","f2","reale primario","spaceranger",4.5,1.09591236681931
"A4","f2","reale primario","spaceranger",5,1.28852023321643
"A4","f2","reale primario","spaceranger",5.5,1.40411996890784
"A4","f2","reale primario","spaceranger",6,1.40542895801966
"A4","f2","reale primario","spaceranger",6.5,1.32180100390827
"A4","f2","reale primario","spaceranger",7,1.17870336511573
"A4","f2","reale primario","spaceranger",7.5,1.06785862785456
"A4","f2","reale primario","spaceranger",8,1.00745001363087
"A4","f2","reale primario","spaceranger",8.5,1.00189409729445
"A4","f2","reale primario","spaceranger",9,1.01008012107776
"A4","f2","reale primario","spaceranger",9.5,1.0473032407912
"A4","f2","reale primario","spaceranger",10,1.07846186098438
"A4","f2","reale primario","spaceranger",10.5,1.10498175949178
"A4","f2","reale primario","spaceranger",11,1.10733229511338
"A4","f2","reale primario","spaceranger",11.5,1.11754356859821
"A4","f2","reale primario","spaceranger",12,1.1064493242225
"A4","f2","reale primario","spaceranger",12.5,1.09402881554218
"A4","f2","reale primario","spaceranger",13,1.07558135310986
"A4","f2","reale primario","spaceranger",13.5,1.07464536597962
"A4","f2","reale primario","spaceranger",14,1.06842269223103
"A4","f2","reale primario","spaceranger",14.5,1.07019523732101
"A4","f2","reale primario","spaceranger",15,1.06463336668671
"A4","f2","reale primario","spaceranger",15.5,1.06964021771523
"A4","f2","reale primario","spaceranger",16,1.07336168508907
"A4","f2","reale primario","spaceranger",16.5,1.08116456645392
"A4","f2","reale primario","spaceranger",17,1.07479293823138
"A4","f2","reale primario","spaceranger",17.5,1.07755560212399
"A4","f2","reale primario","spaceranger",18,1.07224489689054
"A4","f2","reale primario","spaceranger",18.5,1.07558040626552
"A4","f2","reale primario","spaceranger",19,1.06149769184443
"A4","f2","reale primario","spaceranger",19.5,1.06617593558303
"A4","f2","reale primario","spaceranger",20,1.06980436217135
"A4","f2","reale primario","spaceranger",20.5,1.07696784177221
"A4","f2","reale primario","spaceranger",21,1.06665301612989
"A4","f2","reale primario","spaceranger",21.5,1.06392977661164
"A4","f2","reale primario","spaceranger",22,1.06377941904782
"A4","f2","reale primario","spaceranger",22.5,1.06726959537106
"A4","f2","reale primario","spaceranger",23,1.06416375818258
"A4","f2","reale primario","spaceranger",23.5,1.06472779843764
"A4","f2","reale primario","spaceranger",24,1.06485469010503
"A4","f2","reale primario","spaceranger",24.5,1.06862725640267
"A4","f2","reale primario","spaceranger",25,1.06210862488132
"A4","f2","reale primario","spaceranger",25.5,1.06526779330064
"A4","f2","reale primario","spaceranger",26,1.06293771187496
"A4","f2","reale primario","spaceranger",26.5,1.06680010437371
"A4","f2","reale primario","spaceranger",27,1.06018716307394
"A4","f2","reale primario","spaceranger",27.5,1.06437965460739
"A4","f2","reale primario","spaceranger",28,1.06404178280387
"A4","f2","reale primario","spaceranger",28.5,1.06818010510784
"A4","f2","reale primario","spaceranger",29,1.06297200204556
"A4","f2","reale primario","spaceranger",29.5,1.06096373532107
"A4","f2","reale primario","spaceranger",30,1.05956749068976
"A4","f2","reale secondario","stardist_he",0,0
"A4","f2","reale secondario","stardist_he",0.5,0
"A4","f2","reale secondario","stardist_he",1,2.7472210918667e-17
"A4","f2","reale secondario","stardist_he",1.5,0
"A4","f2","reale secondario","stardist_he",2,3.81286160899841e-05
"A4","f2","reale secondario","stardist_he",2.5,0.00217600900999253
"A4","f2","reale secondario","stardist_he",3,0.0323202151746263
"A4","f2","reale secondario","stardist_he",3.5,0.162865451016729
"A4","f2","reale secondario","stardist_he",4,0.459237898145568
"A4","f2","reale secondario","stardist_he",4.5,0.897904134865969
"A4","f2","reale secondario","stardist_he",5,1.33189886550804
"A4","f2","reale secondario","stardist_he",5.5,1.59738503442967
"A4","f2","reale secondario","stardist_he",6,1.64485397062381
"A4","f2","reale secondario","stardist_he",6.5,1.51095945110238
"A4","f2","reale secondario","stardist_he",7,1.30397286066919
"A4","f2","reale secondario","stardist_he",7.5,1.12198838000561
"A4","f2","reale secondario","stardist_he",8,1.02795801853193
"A4","f2","reale secondario","stardist_he",8.5,0.991331978549373
"A4","f2","reale secondario","stardist_he",9,0.994703443636562
"A4","f2","reale secondario","stardist_he",9.5,1.03410658747861
"A4","f2","reale secondario","stardist_he",10,1.0903808755813
"A4","f2","reale secondario","stardist_he",10.5,1.13111537035945
"A4","f2","reale secondario","stardist_he",11,1.14988557926103
"A4","f2","reale secondario","stardist_he",11.5,1.15180004233369
"A4","f2","reale secondario","stardist_he",12,1.1459370293143
"A4","f2","reale secondario","stardist_he",12.5,1.1354456789448
"A4","f2","reale secondario","stardist_he",13,1.11925839816334
"A4","f2","reale secondario","stardist_he",13.5,1.10281148810482
"A4","f2","reale secondario","stardist_he",14,1.09239798946809
"A4","f2","reale secondario","stardist_he",14.5,1.08677070078413
"A4","f2","reale secondario","stardist_he",15,1.08275611198382
"A4","f2","reale secondario","stardist_he",15.5,1.08708776432817
"A4","f2","reale secondario","stardist_he",16,1.09831924512674
"A4","f2","reale secondario","stardist_he",16.5,1.10878227528968
"A4","f2","reale secondario","stardist_he",17,1.110241817578
"A4","f2","reale secondario","stardist_he",17.5,1.10768436113325
"A4","f2","reale secondario","stardist_he",18,1.10480253920713
"A4","f2","reale secondario","stardist_he",18.5,1.1017507868719
"A4","f2","reale secondario","stardist_he",19,1.09666615382896
"A4","f2","reale secondario","stardist_he",19.5,1.09005502799419
"A4","f2","reale secondario","stardist_he",20,1.09172512329279
"A4","f2","reale secondario","stardist_he",20.5,1.09286219509839
"A4","f2","reale secondario","stardist_he",21,1.09418302920695
"A4","f2","reale secondario","stardist_he",21.5,1.09132094414736
"A4","f2","reale secondario","stardist_he",22,1.0920949226065
"A4","f2","reale secondario","stardist_he",22.5,1.08823214440436
"A4","f2","reale secondario","stardist_he",23,1.09218184172493
"A4","f2","reale secondario","stardist_he",23.5,1.09697820716932
"A4","f2","reale secondario","stardist_he",24,1.09737078280582
"A4","f2","reale secondario","stardist_he",24.5,1.08824255915537
"A4","f2","reale secondario","stardist_he",25,1.08618412661262
"A4","f2","reale secondario","stardist_he",25.5,1.08894657795419
"A4","f2","reale secondario","stardist_he",26,1.09124102986014
"A4","f2","reale secondario","stardist_he",26.5,1.08976010838774
"A4","f2","reale secondario","stardist_he",27,1.08931009444659
"A4","f2","reale secondario","stardist_he",27.5,1.08953142464922
"A4","f2","reale secondario","stardist_he",28,1.09026552398357
"A4","f2","reale secondario","stardist_he",28.5,1.092216196257
"A4","f2","reale secondario","stardist_he",29,1.09203881055148
"A4","f2","reale secondario","stardist_he",29.5,1.09136120692726
"A4","f2","reale secondario","stardist_he",30,1.08683026438649
"A4","p1","reale primario","spaceranger",0,0
"A4","p1","reale primario","spaceranger",0.5,2.72867111558526e-17
"A4","p1","reale primario","spaceranger",1,7.20679076194014e-06
"A4","p1","reale primario","spaceranger",1.5,0.00251516161206415
"A4","p1","reale primario","spaceranger",2,0.0138177790483352
"A4","p1","reale primario","spaceranger",2.5,0.0739750383372872
"A4","p1","reale primario","spaceranger",3,0.204290786660636
"A4","p1","reale primario","spaceranger",3.5,0.458949670734203
"A4","p1","reale primario","spaceranger",4,0.809734566043659
"A4","p1","reale primario","spaceranger",4.5,1.13298442661147
"A4","p1","reale primario","spaceranger",5,1.31851185150391
"A4","p1","reale primario","spaceranger",5.5,1.40117647048256
"A4","p1","reale primario","spaceranger",6,1.3586522963846
"A4","p1","reale primario","spaceranger",6.5,1.21505626403958
"A4","p1","reale primario","spaceranger",7,1.03885248844152
"A4","p1","reale primario","spaceranger",7.5,0.940617330087217
"A4","p1","reale primario","spaceranger",8,0.904385278243271
"A4","p1","reale primario","spaceranger",8.5,0.916751568439777
"A4","p1","reale primario","spaceranger",9,0.941670326558544
"A4","p1","reale primario","spaceranger",9.5,1.00139892771939
"A4","p1","reale primario","spaceranger",10,1.05044679344906
"A4","p1","reale primario","spaceranger",10.5,1.08237935519651
"A4","p1","reale primario","spaceranger",11,1.07345786147541
"A4","p1","reale primario","spaceranger",11.5,1.07174314111022
"A4","p1","reale primario","spaceranger",12,1.06064186983028
"A4","p1","reale primario","spaceranger",12.5,1.03987076589729
"A4","p1","reale primario","spaceranger",13,1.00898826042437
"A4","p1","reale primario","spaceranger",13.5,1.00507182391759
"A4","p1","reale primario","spaceranger",14,1.01507547281869
"A4","p1","reale primario","spaceranger",14.5,1.0209978165869
"A4","p1","reale primario","spaceranger",15,1.01346191156521
"A4","p1","reale primario","spaceranger",15.5,1.02080544982774
"A4","p1","reale primario","spaceranger",16,1.03306362122106
"A4","p1","reale primario","spaceranger",16.5,1.03873042614759
"A4","p1","reale primario","spaceranger",17,1.030420509227
"A4","p1","reale primario","spaceranger",17.5,1.03324589952684
"A4","p1","reale primario","spaceranger",18,1.03236803378403
"A4","p1","reale primario","spaceranger",18.5,1.03339356376345
"A4","p1","reale primario","spaceranger",19,1.0185044929238
"A4","p1","reale primario","spaceranger",19.5,1.02251511200894
"A4","p1","reale primario","spaceranger",20,1.02751358029392
"A4","p1","reale primario","spaceranger",20.5,1.02929436228864
"A4","p1","reale primario","spaceranger",21,1.02009050896939
"A4","p1","reale primario","spaceranger",21.5,1.0257167689115
"A4","p1","reale primario","spaceranger",22,1.02860722568541
"A4","p1","reale primario","spaceranger",22.5,1.0251593295432
"A4","p1","reale primario","spaceranger",23,1.01731729119028
"A4","p1","reale primario","spaceranger",23.5,1.02236752807805
"A4","p1","reale primario","spaceranger",24,1.03013374051349
"A4","p1","reale primario","spaceranger",24.5,1.03330792699385
"A4","p1","reale primario","spaceranger",25,1.02110892344276
"A4","p1","reale primario","spaceranger",25.5,1.02024685895058
"A4","p1","reale primario","spaceranger",26,1.02336661837194
"A4","p1","reale primario","spaceranger",26.5,1.02645079687262
"A4","p1","reale primario","spaceranger",27,1.01679867205908
"A4","p1","reale primario","spaceranger",27.5,1.02344772541958
"A4","p1","reale primario","spaceranger",28,1.03025733239252
"A4","p1","reale primario","spaceranger",28.5,1.03008819772358
"A4","p1","reale primario","spaceranger",29,1.02109293773265
"A4","p1","reale primario","spaceranger",29.5,1.02309096870411
"A4","p1","reale primario","spaceranger",30,1.02536258437824
"A4","p1","reale secondario","stardist_he",0,0
"A4","p1","reale secondario","stardist_he",0.5,1.20177323473902e-16
"A4","p1","reale secondario","stardist_he",1,8.28596014901509e-17
"A4","p1","reale secondario","stardist_he",1.5,3.37883265056038e-16
"A4","p1","reale secondario","stardist_he",2,8.85000086421272e-06
"A4","p1","reale secondario","stardist_he",2.5,0.00145564709497782
"A4","p1","reale secondario","stardist_he",3,0.0257290250955523
"A4","p1","reale secondario","stardist_he",3.5,0.135761370674242
"A4","p1","reale secondario","stardist_he",4,0.421507787250215
"A4","p1","reale secondario","stardist_he",4.5,0.889992534359134
"A4","p1","reale secondario","stardist_he",5,1.37739649767813
"A4","p1","reale secondario","stardist_he",5.5,1.64460820188418
"A4","p1","reale secondario","stardist_he",6,1.60004966109066
"A4","p1","reale secondario","stardist_he",6.5,1.36638642044404
"A4","p1","reale secondario","stardist_he",7,1.112807626201
"A4","p1","reale secondario","stardist_he",7.5,0.936736306364851
"A4","p1","reale secondario","stardist_he",8,0.847005115322647
"A4","p1","reale secondario","stardist_he",8.5,0.83585078576795
"A4","p1","reale secondario","stardist_he",9,0.889431226525157
"A4","p1","reale secondario","stardist_he",9.5,0.965141842474774
"A4","p1","reale secondario","stardist_he",10,1.02999706556595
"A4","p1","reale secondario","stardist_he",10.5,1.06985285139207
"A4","p1","reale secondario","stardist_he",11,1.09178232089728
"A4","p1","reale secondario","stardist_he",11.5,1.09798189291485
"A4","p1","reale secondario","stardist_he",12,1.07936017869653
"A4","p1","reale secondario","stardist_he",12.5,1.04668537426333
"A4","p1","reale secondario","stardist_he",13,1.0098899200009
"A4","p1","reale secondario","stardist_he",13.5,0.987648633637699
"A4","p1","reale secondario","stardist_he",14,0.989812771887448
"A4","p1","reale secondario","stardist_he",14.5,1.00114056755804
"A4","p1","reale secondario","stardist_he",15,1.00645206937589
"A4","p1","reale secondario","stardist_he",15.5,1.00595838499583
"A4","p1","reale secondario","stardist_he",16,1.01448647483119
"A4","p1","reale secondario","stardist_he",16.5,1.02798283067515
"A4","p1","reale secondario","stardist_he",17,1.03753529898587
"A4","p1","reale secondario","stardist_he",17.5,1.03874533840081
"A4","p1","reale secondario","stardist_he",18,1.02642689907917
"A4","p1","reale secondario","stardist_he",18.5,1.020785701528
"A4","p1","reale secondario","stardist_he",19,1.01634031361443
"A4","p1","reale secondario","stardist_he",19.5,1.01350142969458
"A4","p1","reale secondario","stardist_he",20,1.01197152807778
"A4","p1","reale secondario","stardist_he",20.5,1.00817120273401
"A4","p1","reale secondario","stardist_he",21,1.01059772034974
"A4","p1","reale secondario","stardist_he",21.5,1.02176262372457
"A4","p1","reale secondario","stardist_he",22,1.02511650438418
"A4","p1","reale secondario","stardist_he",22.5,1.0175658410898
"A4","p1","reale secondario","stardist_he",23,1.01472820344519
"A4","p1","reale secondario","stardist_he",23.5,1.01857245032824
"A4","p1","reale secondario","stardist_he",24,1.02052464512715
"A4","p1","reale secondario","stardist_he",24.5,1.01879434997137
"A4","p1","reale secondario","stardist_he",25,1.01873722468004
"A4","p1","reale secondario","stardist_he",25.5,1.01421475812226
"A4","p1","reale secondario","stardist_he",26,1.01375193549363
"A4","p1","reale secondario","stardist_he",26.5,1.0130036772936
"A4","p1","reale secondario","stardist_he",27,1.01620844807264
"A4","p1","reale secondario","stardist_he",27.5,1.01986992146947
"A4","p1","reale secondario","stardist_he",28,1.02203959707088
"A4","p1","reale secondario","stardist_he",28.5,1.02139289652263
"A4","p1","reale secondario","stardist_he",29,1.01927585232983
"A4","p1","reale secondario","stardist_he",29.5,1.01609185814789
"A4","p1","reale secondario","stardist_he",30,1.01597231830806
"A4","p2","reale primario","spaceranger",0,0
"A4","p2","reale primario","spaceranger",0.5,3.50912287381198e-17
"A4","p2","reale primario","spaceranger",1,6.39734970576869e-06
"A4","p2","reale primario","spaceranger",1.5,0.00238715272749932
"A4","p2","reale primario","spaceranger",2,0.0149112212297755
"A4","p2","reale primario","spaceranger",2.5,0.0747540198428314
"A4","p2","reale primario","spaceranger",3,0.21266861293815
"A4","p2","reale primario","spaceranger",3.5,0.485108265206829
"A4","p2","reale primario","spaceranger",4,0.841637120477559
"A4","p2","reale primario","spaceranger",4.5,1.15258083045886
"A4","p2","reale primario","spaceranger",5,1.32551472268825
"A4","p2","reale primario","spaceranger",5.5,1.40431484263521
"A4","p2","reale primario","spaceranger",6,1.36164213658314
"A4","p2","reale primario","spaceranger",6.5,1.22310236918219
"A4","p2","reale primario","spaceranger",7,1.06202160594457
"A4","p2","reale primario","spaceranger",7.5,0.972192914410385
"A4","p2","reale primario","spaceranger",8,0.943880243760434
"A4","p2","reale primario","spaceranger",8.5,0.95904586194177
"A4","p2","reale primario","spaceranger",9,0.979258101928474
"A4","p2","reale primario","spaceranger",9.5,1.03105573333956
"A4","p2","reale primario","spaceranger",10,1.07552511808027
"A4","p2","reale primario","spaceranger",10.5,1.09926503748315
"A4","p2","reale primario","spaceranger",11,1.08120221188272
"A4","p2","reale primario","spaceranger",11.5,1.07299097144923
"A4","p2","reale primario","spaceranger",12,1.06016563640957
"A4","p2","reale primario","spaceranger",12.5,1.04788412689055
"A4","p2","reale primario","spaceranger",13,1.03141068920508
"A4","p2","reale primario","spaceranger",13.5,1.03368083672506
"A4","p2","reale primario","spaceranger",14,1.0412871002992
"A4","p2","reale primario","spaceranger",14.5,1.04660768439059
"A4","p2","reale primario","spaceranger",15,1.03820556772519
"A4","p2","reale primario","spaceranger",15.5,1.04502334563145
"A4","p2","reale primario","spaceranger",16,1.04933012899391
"A4","p2","reale primario","spaceranger",16.5,1.04994211876483
"A4","p2","reale primario","spaceranger",17,1.04031774266582
"A4","p2","reale primario","spaceranger",17.5,1.04476691686349
"A4","p2","reale primario","spaceranger",18,1.04329237461636
"A4","p2","reale primario","spaceranger",18.5,1.0471201667607
"A4","p2","reale primario","spaceranger",19,1.03796351174576
"A4","p2","reale primario","spaceranger",19.5,1.04147460900106
"A4","p2","reale primario","spaceranger",20,1.04158872729038
"A4","p2","reale primario","spaceranger",20.5,1.04278889193643
"A4","p2","reale primario","spaceranger",21,1.03410437173952
"A4","p2","reale primario","spaceranger",21.5,1.04195018521278
"A4","p2","reale primario","spaceranger",22,1.0478782770151
"A4","p2","reale primario","spaceranger",22.5,1.04648342241646
"A4","p2","reale primario","spaceranger",23,1.04068823600465
"A4","p2","reale primario","spaceranger",23.5,1.04035787779482
"A4","p2","reale primario","spaceranger",24,1.04117348207665
"A4","p2","reale primario","spaceranger",24.5,1.04285828739161
"A4","p2","reale primario","spaceranger",25,1.03733373181576
"A4","p2","reale primario","spaceranger",25.5,1.04272789870024
"A4","p2","reale primario","spaceranger",26,1.04222732185601
"A4","p2","reale primario","spaceranger",26.5,1.04348906466574
"A4","p2","reale primario","spaceranger",27,1.03749718928387
"A4","p2","reale primario","spaceranger",27.5,1.04261874515257
"A4","p2","reale primario","spaceranger",28,1.04295725438337
"A4","p2","reale primario","spaceranger",28.5,1.04272704069488
"A4","p2","reale primario","spaceranger",29,1.03410125099471
"A4","p2","reale primario","spaceranger",29.5,1.03558877566551
"A4","p2","reale primario","spaceranger",30,1.04194759495943
"A4","p2","reale secondario","stardist_he",0,0
"A4","p2","reale secondario","stardist_he",0.5,2.16947566612642e-17
"A4","p2","reale secondario","stardist_he",1,2.45813896657109e-17
"A4","p2","reale secondario","stardist_he",1.5,1.30785612244029e-16
"A4","p2","reale secondario","stardist_he",2,1.34552182679922e-16
"A4","p2","reale secondario","stardist_he",2.5,0.00107807652613273
"A4","p2","reale secondario","stardist_he",3,0.0297155267847246
"A4","p2","reale secondario","stardist_he",3.5,0.167916343757285
"A4","p2","reale secondario","stardist_he",4,0.490526509114301
"A4","p2","reale secondario","stardist_he",4.5,0.966979693249994
"A4","p2","reale secondario","stardist_he",5,1.4099711896889
"A4","p2","reale secondario","stardist_he",5.5,1.63203701487656
"A4","p2","reale secondario","stardist_he",6,1.58780571937282
"A4","p2","reale secondario","stardist_he",6.5,1.36598214475091
"A4","p2","reale secondario","stardist_he",7,1.12381098228134
"A4","p2","reale secondario","stardist_he",7.5,0.967761136105068
"A4","p2","reale secondario","stardist_he",8,0.908947195406399
"A4","p2","reale secondario","stardist_he",8.5,0.906030450269471
"A4","p2","reale secondario","stardist_he",9,0.940576173130064
"A4","p2","reale secondario","stardist_he",9.5,1.00613965119948
"A4","p2","reale secondario","stardist_he",10,1.07196169767063
"A4","p2","reale secondario","stardist_he",10.5,1.10583731777921
"A4","p2","reale secondario","stardist_he",11,1.11021902678163
"A4","p2","reale secondario","stardist_he",11.5,1.09020974697939
"A4","p2","reale secondario","stardist_he",12,1.06722568848452
"A4","p2","reale secondario","stardist_he",12.5,1.04870028748083
"A4","p2","reale secondario","stardist_he",13,1.03790577768162
"A4","p2","reale secondario","stardist_he",13.5,1.03413279465348
"A4","p2","reale secondario","stardist_he",14,1.03615892702954
"A4","p2","reale secondario","stardist_he",14.5,1.03883295243156
"A4","p2","reale secondario","stardist_he",15,1.04125390745548
"A4","p2","reale secondario","stardist_he",15.5,1.04680503517867
"A4","p2","reale secondario","stardist_he",16,1.05309550047444
"A4","p2","reale secondario","stardist_he",16.5,1.0559489960769
"A4","p2","reale secondario","stardist_he",17,1.05578097829802
"A4","p2","reale secondario","stardist_he",17.5,1.05429674809138
"A4","p2","reale secondario","stardist_he",18,1.04827278309008
"A4","p2","reale secondario","stardist_he",18.5,1.04080848904829
"A4","p2","reale secondario","stardist_he",19,1.04238856866772
"A4","p2","reale secondario","stardist_he",19.5,1.04426400099203
"A4","p2","reale secondario","stardist_he",20,1.04161973795957
"A4","p2","reale secondario","stardist_he",20.5,1.0402261452073
"A4","p2","reale secondario","stardist_he",21,1.04507876964233
"A4","p2","reale secondario","stardist_he",21.5,1.04968418007008
"A4","p2","reale secondario","stardist_he",22,1.05435889479869
"A4","p2","reale secondario","stardist_he",22.5,1.05081390096887
"A4","p2","reale secondario","stardist_he",23,1.04354816773938
"A4","p2","reale secondario","stardist_he",23.5,1.03803586002342
"A4","p2","reale secondario","stardist_he",24,1.04003977738312
"A4","p2","reale secondario","stardist_he",24.5,1.04061537723609
"A4","p2","reale secondario","stardist_he",25,1.04636250119701
"A4","p2","reale secondario","stardist_he",25.5,1.04731023876636
"A4","p2","reale secondario","stardist_he",26,1.04767462024144
"A4","p2","reale secondario","stardist_he",26.5,1.04481407081084
"A4","p2","reale secondario","stardist_he",27,1.04234158477228
"A4","p2","reale secondario","stardist_he",27.5,1.04001129771798
"A4","p2","reale secondario","stardist_he",28,1.04224279449892
"A4","p2","reale secondario","stardist_he",28.5,1.04309655920397
"A4","p2","reale secondario","stardist_he",29,1.04255148455504
"A4","p2","reale secondario","stardist_he",29.5,1.04246917700561
"A4","p2","reale secondario","stardist_he",30,1.04301803947475
"A4","p3","reale primario","spaceranger",0,0
"A4","p3","reale primario","spaceranger",0.5,4.88291550579747e-17
"A4","p3","reale primario","spaceranger",1,0.00016496461066635
"A4","p3","reale primario","spaceranger",1.5,0.00164151256563282
"A4","p3","reale primario","spaceranger",2,0.0118293725601827
"A4","p3","reale primario","spaceranger",2.5,0.0634656832662044
"A4","p3","reale primario","spaceranger",3,0.185044952623338
"A4","p3","reale primario","spaceranger",3.5,0.426308524749166
"A4","p3","reale primario","spaceranger",4,0.757217623543006
"A4","p3","reale primario","spaceranger",4.5,1.08188548806081
"A4","p3","reale primario","spaceranger",5,1.29993506527906
"A4","p3","reale primario","spaceranger",5.5,1.41361545776276
"A4","p3","reale primario","spaceranger",6,1.37693558902309
"A4","p3","reale primario","spaceranger",6.5,1.23916763686824
"A4","p3","reale primario","spaceranger",7,1.06340343468177
"A4","p3","reale primario","spaceranger",7.5,0.946293195075581
"A4","p3","reale primario","spaceranger",8,0.894666942752099
"A4","p3","reale primario","spaceranger",8.5,0.908958071425299
"A4","p3","reale primario","spaceranger",9,0.934698122945416
"A4","p3","reale primario","spaceranger",9.5,0.995326026629062
"A4","p3","reale primario","spaceranger",10,1.04947744080207
"A4","p3","reale primario","spaceranger",10.5,1.08325740026599
"A4","p3","reale primario","spaceranger",11,1.07337697485456
"A4","p3","reale primario","spaceranger",11.5,1.06439259933283
"A4","p3","reale primario","spaceranger",12,1.04360572729044
"A4","p3","reale primario","spaceranger",12.5,1.02808821450149
"A4","p3","reale primario","spaceranger",13,1.00777016697868
"A4","p3","reale primario","spaceranger",13.5,1.00738351824244
"A4","p3","reale primario","spaceranger",14,1.01565571618449
"A4","p3","reale primario","spaceranger",14.5,1.01997954122737
"A4","p3","reale primario","spaceranger",15,1.00991391170064
"A4","p3","reale primario","spaceranger",15.5,1.01989375140613
"A4","p3","reale primario","spaceranger",16,1.03079902792053
"A4","p3","reale primario","spaceranger",16.5,1.0364321275559
"A4","p3","reale primario","spaceranger",17,1.02615024236369
"A4","p3","reale primario","spaceranger",17.5,1.02814053136405
"A4","p3","reale primario","spaceranger",18,1.02381663164857
"A4","p3","reale primario","spaceranger",18.5,1.0269360076925
"A4","p3","reale primario","spaceranger",19,1.01574213664804
"A4","p3","reale primario","spaceranger",19.5,1.02162993250259
"A4","p3","reale primario","spaceranger",20,1.02158356903673
"A4","p3","reale primario","spaceranger",20.5,1.02313153686407
"A4","p3","reale primario","spaceranger",21,1.013488025557
"A4","p3","reale primario","spaceranger",21.5,1.02016588224765
"A4","p3","reale primario","spaceranger",22,1.02445848884623
"A4","p3","reale primario","spaceranger",22.5,1.02709782415422
"A4","p3","reale primario","spaceranger",23,1.02132947048829
"A4","p3","reale primario","spaceranger",23.5,1.02244366948119
"A4","p3","reale primario","spaceranger",24,1.02460376409916
"A4","p3","reale primario","spaceranger",24.5,1.02624804378521
"A4","p3","reale primario","spaceranger",25,1.01674612114574
"A4","p3","reale primario","spaceranger",25.5,1.01923840443484
"A4","p3","reale primario","spaceranger",26,1.02133729866171
"A4","p3","reale primario","spaceranger",26.5,1.02388867837978
"A4","p3","reale primario","spaceranger",27,1.01556428275123
"A4","p3","reale primario","spaceranger",27.5,1.01783517330442
"A4","p3","reale primario","spaceranger",28,1.01920277691935
"A4","p3","reale primario","spaceranger",28.5,1.02373966660165
"A4","p3","reale primario","spaceranger",29,1.01748129880024
"A4","p3","reale primario","spaceranger",29.5,1.01996545476332
"A4","p3","reale primario","spaceranger",30,1.02390305242137
"A4","p3","reale secondario","stardist_he",0,0
"A4","p3","reale secondario","stardist_he",0.5,0
"A4","p3","reale secondario","stardist_he",1,0
"A4","p3","reale secondario","stardist_he",1.5,6.70986685378377e-17
"A4","p3","reale secondario","stardist_he",2,8.99683880268855e-17
"A4","p3","reale secondario","stardist_he",2.5,0.00145943918251335
"A4","p3","reale secondario","stardist_he",3,0.025271690652558
"A4","p3","reale secondario","stardist_he",3.5,0.137598738749299
"A4","p3","reale secondario","stardist_he",4,0.430307516272117
"A4","p3","reale secondario","stardist_he",4.5,0.9050944832642
"A4","p3","reale secondario","stardist_he",5,1.38126533212023
"A4","p3","reale secondario","stardist_he",5.5,1.63561884165006
"A4","p3","reale secondario","stardist_he",6,1.60065740758266
"A4","p3","reale secondario","stardist_he",6.5,1.37148240609808
"A4","p3","reale secondario","stardist_he",7,1.11619890866158
"A4","p3","reale secondario","stardist_he",7.5,0.946119744311413
"A4","p3","reale secondario","stardist_he",8,0.865213322531441
"A4","p3","reale secondario","stardist_he",8.5,0.852217955929425
"A4","p3","reale secondario","stardist_he",9,0.89144840191737
"A4","p3","reale secondario","stardist_he",9.5,0.973575387784593
"A4","p3","reale secondario","stardist_he",10,1.04755101812193
"A4","p3","reale secondario","stardist_he",10.5,1.08451831972035
"A4","p3","reale secondario","stardist_he",11,1.0928929890737
"A4","p3","reale secondario","stardist_he",11.5,1.08492169832968
"A4","p3","reale secondario","stardist_he",12,1.06124403859006
"A4","p3","reale secondario","stardist_he",12.5,1.03410625524523
"A4","p3","reale secondario","stardist_he",13,1.01392740697868
"A4","p3","reale secondario","stardist_he",13.5,1.00095238866288
"A4","p3","reale secondario","stardist_he",14,1.00001435309555
"A4","p3","reale secondario","stardist_he",14.5,1.00941669756136
"A4","p3","reale secondario","stardist_he",15,1.01434625118138
"A4","p3","reale secondario","stardist_he",15.5,1.01907710562864
"A4","p3","reale secondario","stardist_he",16,1.02539345512138
"A4","p3","reale secondario","stardist_he",16.5,1.0300402585835
"A4","p3","reale secondario","stardist_he",17,1.03381643675854
"A4","p3","reale secondario","stardist_he",17.5,1.03456505557969
"A4","p3","reale secondario","stardist_he",18,1.03050342943012
"A4","p3","reale secondario","stardist_he",18.5,1.02286647845818
"A4","p3","reale secondario","stardist_he",19,1.01703687211059
"A4","p3","reale secondario","stardist_he",19.5,1.01945541719981
"A4","p3","reale secondario","stardist_he",20,1.01758305939188
"A4","p3","reale secondario","stardist_he",20.5,1.01371005869654
"A4","p3","reale secondario","stardist_he",21,1.01483467396341
"A4","p3","reale secondario","stardist_he",21.5,1.02347292721813
"A4","p3","reale secondario","stardist_he",22,1.02611430614622
"A4","p3","reale secondario","stardist_he",22.5,1.02473603126075
"A4","p3","reale secondario","stardist_he",23,1.02244357703972
"A4","p3","reale secondario","stardist_he",23.5,1.0218815433625
"A4","p3","reale secondario","stardist_he",24,1.02216497708551
"A4","p3","reale secondario","stardist_he",24.5,1.01972458930796
"A4","p3","reale secondario","stardist_he",25,1.01923842159663
"A4","p3","reale secondario","stardist_he",25.5,1.02020449945549
"A4","p3","reale secondario","stardist_he",26,1.02062830368039
"A4","p3","reale secondario","stardist_he",26.5,1.02042411944036
"A4","p3","reale secondario","stardist_he",27,1.01628342643135
"A4","p3","reale secondario","stardist_he",27.5,1.01238047628613
"A4","p3","reale secondario","stardist_he",28,1.0163243790669
"A4","p3","reale secondario","stardist_he",28.5,1.02123987468851
"A4","p3","reale secondario","stardist_he",29,1.02118360849549
"A4","p3","reale secondario","stardist_he",29.5,1.0184913351301
"A4","p3","reale secondario","stardist_he",30,1.01894354771222
"A5","r1","reale primario","cellpose_rgb",0,0.218350795898323
"A5","r1","reale primario","cellpose_rgb",0.5,0.288577121248927
"A5","r1","reale primario","cellpose_rgb",1,0.353809177725894
"A5","r1","reale primario","cellpose_rgb",1.5,0.433438875545841
"A5","r1","reale primario","cellpose_rgb",2,0.514019325253854
"A5","r1","reale primario","cellpose_rgb",2.5,0.588901960082312
"A5","r1","reale primario","cellpose_rgb",3,0.6604391211761
"A5","r1","reale primario","cellpose_rgb",3.5,0.749637057276618
"A5","r1","reale primario","cellpose_rgb",4,0.849634030369083
"A5","r1","reale primario","cellpose_rgb",4.5,0.937140192296647
"A5","r1","reale primario","cellpose_rgb",5,1.01068181914259
"A5","r1","reale primario","cellpose_rgb",5.5,1.07029472121119
"A5","r1","reale primario","cellpose_rgb",6,1.11270507750299
"A5","r1","reale primario","cellpose_rgb",6.5,1.14599636333557
"A5","r1","reale primario","cellpose_rgb",7,1.18049744268346
"A5","r1","reale primario","cellpose_rgb",7.5,1.21793510626168
"A5","r1","reale primario","cellpose_rgb",8,1.24931687794501
"A5","r1","reale primario","cellpose_rgb",8.5,1.2918788248479
"A5","r1","reale primario","cellpose_rgb",9,1.34573951377934
"A5","r1","reale primario","cellpose_rgb",9.5,1.39727616068205
"A5","r1","reale primario","cellpose_rgb",10,1.43783796283086
"A5","r1","reale primario","cellpose_rgb",10.5,1.46940729456997
"A5","r1","reale primario","cellpose_rgb",11,1.50225517098383
"A5","r1","reale primario","cellpose_rgb",11.5,1.535673622988
"A5","r1","reale primario","cellpose_rgb",12,1.54657417667371
"A5","r1","reale primario","cellpose_rgb",12.5,1.5500569513182
"A5","r1","reale primario","cellpose_rgb",13,1.54809376474282
"A5","r1","reale primario","cellpose_rgb",13.5,1.5314649838938
"A5","r1","reale primario","cellpose_rgb",14,1.51176965822199
"A5","r1","reale primario","cellpose_rgb",14.5,1.48938116497837
"A5","r1","reale primario","cellpose_rgb",15,1.4598018291939
"A5","r1","reale primario","cellpose_rgb",15.5,1.42573516171839
"A5","r1","reale primario","cellpose_rgb",16,1.39656439072741
"A5","r1","reale primario","cellpose_rgb",16.5,1.36955118159769
"A5","r1","reale primario","cellpose_rgb",17,1.35439872949256
"A5","r1","reale primario","cellpose_rgb",17.5,1.34441452828164
"A5","r1","reale primario","cellpose_rgb",18,1.33288425840612
"A5","r1","reale primario","cellpose_rgb",18.5,1.33321319807713
"A5","r1","reale primario","cellpose_rgb",19,1.33388819365131
"A5","r1","reale primario","cellpose_rgb",19.5,1.32662192375669
"A5","r1","reale primario","cellpose_rgb",20,1.322852333702
"A5","r1","reale primario","cellpose_rgb",20.5,1.31994135735597
"A5","r1","reale primario","cellpose_rgb",21,1.31885989087462
"A5","r1","reale primario","cellpose_rgb",21.5,1.32033368598377
"A5","r1","reale primario","cellpose_rgb",22,1.32098765865805
"A5","r1","reale primario","cellpose_rgb",22.5,1.32377711709804
"A5","r1","reale primario","cellpose_rgb",23,1.32011223138634
"A5","r1","reale primario","cellpose_rgb",23.5,1.3087862615595
"A5","r1","reale primario","cellpose_rgb",24,1.29500829602922
"A5","r1","reale primario","cellpose_rgb",24.5,1.28463245356374
"A5","r1","reale primario","cellpose_rgb",25,1.28247169694842
"A5","r1","reale primario","cellpose_rgb",25.5,1.27700657011412
"A5","r1","reale primario","cellpose_rgb",26,1.27789363555436
"A5","r1","reale primario","cellpose_rgb",26.5,1.27536229093481
"A5","r1","reale primario","cellpose_rgb",27,1.27455939930606
"A5","r1","reale primario","cellpose_rgb",27.5,1.28052006765729
"A5","r1","reale primario","cellpose_rgb",28,1.28744599732288
"A5","r1","reale primario","cellpose_rgb",28.5,1.2864567515325
"A5","r1","reale primario","cellpose_rgb",29,1.27992315827383
"A5","r1","reale primario","cellpose_rgb",29.5,1.27431740385422
"A5","r1","reale primario","cellpose_rgb",30,1.26964203853577
"A5","r1","reale secondario","stardist_he",0,0.00118972332502093
"A5","r1","reale secondario","stardist_he",0.5,0.0124887092046178
"A5","r1","reale secondario","stardist_he",1,0.0311812473589728
"A5","r1","reale secondario","stardist_he",1.5,0.0611662177445357
"A5","r1","reale secondario","stardist_he",2,0.103866061299894
"A5","r1","reale secondario","stardist_he",2.5,0.14841200183369
"A5","r1","reale secondario","stardist_he",3,0.200702562680939
"A5","r1","reale secondario","stardist_he",3.5,0.262157229057135
"A5","r1","reale secondario","stardist_he",4,0.327902821238779
"A5","r1","reale secondario","stardist_he",4.5,0.399772382553545
"A5","r1","reale secondario","stardist_he",5,0.47697382194731
"A5","r1","reale secondario","stardist_he",5.5,0.55696103858466
"A5","r1","reale secondario","stardist_he",6,0.631490381540441
"A5","r1","reale secondario","stardist_he",6.5,0.701671741107338
"A5","r1","reale secondario","stardist_he",7,0.76968702603179
"A5","r1","reale secondario","stardist_he",7.5,0.836478577144229
"A5","r1","reale secondario","stardist_he",8,0.889989705883965
"A5","r1","reale secondario","stardist_he",8.5,0.935395446600285
"A5","r1","reale secondario","stardist_he",9,0.981748102701235
"A5","r1","reale secondario","stardist_he",9.5,1.02253884604208
"A5","r1","reale secondario","stardist_he",10,1.05583190987849
"A5","r1","reale secondario","stardist_he",10.5,1.08060313931554
"A5","r1","reale secondario","stardist_he",11,1.09943624281232
"A5","r1","reale secondario","stardist_he",11.5,1.10625900710977
"A5","r1","reale secondario","stardist_he",12,1.11012634993046
"A5","r1","reale secondario","stardist_he",12.5,1.10618486035427
"A5","r1","reale secondario","stardist_he",13,1.09899137979372
"A5","r1","reale secondario","stardist_he",13.5,1.09104864258308
"A5","r1","reale secondario","stardist_he",14,1.08519590733902
"A5","r1","reale secondario","stardist_he",14.5,1.08816705793718
"A5","r1","reale secondario","stardist_he",15,1.09589790180209
"A5","r1","reale secondario","stardist_he",15.5,1.09710613931193
"A5","r1","reale secondario","stardist_he",16,1.09648122481831
"A5","r1","reale secondario","stardist_he",16.5,1.09621413423485
"A5","r1","reale secondario","stardist_he",17,1.09827448527118
"A5","r1","reale secondario","stardist_he",17.5,1.09561545848089
"A5","r1","reale secondario","stardist_he",18,1.09428773422706
"A5","r1","reale secondario","stardist_he",18.5,1.0938894810269
"A5","r1","reale secondario","stardist_he",19,1.09349134174306
"A5","r1","reale secondario","stardist_he",19.5,1.09143812734962
"A5","r1","reale secondario","stardist_he",20,1.08135315173222
"A5","r1","reale secondario","stardist_he",20.5,1.0711110481666
"A5","r1","reale secondario","stardist_he",21,1.06225707140174
"A5","r1","reale secondario","stardist_he",21.5,1.05702548311815
"A5","r1","reale secondario","stardist_he",22,1.0549420914197
"A5","r1","reale secondario","stardist_he",22.5,1.05468358461441
"A5","r1","reale secondario","stardist_he",23,1.05467156076572
"A5","r1","reale secondario","stardist_he",23.5,1.05216627229412
"A5","r1","reale secondario","stardist_he",24,1.04946597049993
"A5","r1","reale secondario","stardist_he",24.5,1.04891334316291
"A5","r1","reale secondario","stardist_he",25,1.05047382094101
"A5","r1","reale secondario","stardist_he",25.5,1.05226247716947
"A5","r1","reale secondario","stardist_he",26,1.05346267730689
"A5","r1","reale secondario","stardist_he",26.5,1.05905519657502
"A5","r1","reale secondario","stardist_he",27,1.06076475115981
"A5","r1","reale secondario","stardist_he",27.5,1.0602550119345
"A5","r1","reale secondario","stardist_he",28,1.0602814774817
"A5","r1","reale secondario","stardist_he",28.5,1.05939050599958
"A5","r1","reale secondario","stardist_he",29,1.06092747224148
"A5","r1","reale secondario","stardist_he",29.5,1.06032658801209
"A5","r1","reale secondario","stardist_he",30,1.05955599877804
"A5","r2","reale primario","cellpose_rgb",0,2.0443108073662e-16
"A5","r2","reale primario","cellpose_rgb",0.5,0
"A5","r2","reale primario","cellpose_rgb",1,3.60780161001376e-05
"A5","r2","reale primario","cellpose_rgb",1.5,0.00280692693830733
"A5","r2","reale primario","cellpose_rgb",2,0.00635303882139186
"A5","r2","reale primario","cellpose_rgb",2.5,0.0104220765814215
"A5","r2","reale primario","cellpose_rgb",3,0.0193448220266974
"A5","r2","reale primario","cellpose_rgb",3.5,0.032275107628059
"A5","r2","reale primario","cellpose_rgb",4,0.0517725293268839
"A5","r2","reale primario","cellpose_rgb",4.5,0.0770940624123804
"A5","r2","reale primario","cellpose_rgb",5,0.105506660175518
"A5","r2","reale primario","cellpose_rgb",5.5,0.139128839590649
"A5","r2","reale primario","cellpose_rgb",6,0.179666194861116
"A5","r2","reale primario","cellpose_rgb",6.5,0.228336037162352
"A5","r2","reale primario","cellpose_rgb",7,0.280216000645076
"A5","r2","reale primario","cellpose_rgb",7.5,0.337324102959683
"A5","r2","reale primario","cellpose_rgb",8,0.392595725930533
"A5","r2","reale primario","cellpose_rgb",8.5,0.450825788922777
"A5","r2","reale primario","cellpose_rgb",9,0.509455144087911
"A5","r2","reale primario","cellpose_rgb",9.5,0.568027388877333
"A5","r2","reale primario","cellpose_rgb",10,0.627336789756014
"A5","r2","reale primario","cellpose_rgb",10.5,0.681396172026559
"A5","r2","reale primario","cellpose_rgb",11,0.729508344876372
"A5","r2","reale primario","cellpose_rgb",11.5,0.773278958886812
"A5","r2","reale primario","cellpose_rgb",12,0.812114027817781
"A5","r2","reale primario","cellpose_rgb",12.5,0.845514181120111
"A5","r2","reale primario","cellpose_rgb",13,0.882975036412025
"A5","r2","reale primario","cellpose_rgb",13.5,0.913335727398777
"A5","r2","reale primario","cellpose_rgb",14,0.93964128454244
"A5","r2","reale primario","cellpose_rgb",14.5,0.962126487472534
"A5","r2","reale primario","cellpose_rgb",15,0.979391720928728
"A5","r2","reale primario","cellpose_rgb",15.5,0.993934491723059
"A5","r2","reale primario","cellpose_rgb",16,1.00903295959343
"A5","r2","reale primario","cellpose_rgb",16.5,1.02184090908859
"A5","r2","reale primario","cellpose_rgb",17,1.03700707747484
"A5","r2","reale primario","cellpose_rgb",17.5,1.05590916844445
"A5","r2","reale primario","cellpose_rgb",18,1.069473790306
"A5","r2","reale primario","cellpose_rgb",18.5,1.08647595070246
"A5","r2","reale primario","cellpose_rgb",19,1.10432112026845
"A5","r2","reale primario","cellpose_rgb",19.5,1.12634174533392
"A5","r2","reale primario","cellpose_rgb",20,1.14423862578222
"A5","r2","reale primario","cellpose_rgb",20.5,1.15645249512731
"A5","r2","reale primario","cellpose_rgb",21,1.16470571115512
"A5","r2","reale primario","cellpose_rgb",21.5,1.17410479098278
"A5","r2","reale primario","cellpose_rgb",22,1.18063476873568
"A5","r2","reale primario","cellpose_rgb",22.5,1.18479324231445
"A5","r2","reale primario","cellpose_rgb",23,1.19063698708068
"A5","r2","reale primario","cellpose_rgb",23.5,1.18904622636992
"A5","r2","reale primario","cellpose_rgb",24,1.1811400690799
"A5","r2","reale primario","cellpose_rgb",24.5,1.17182084558878
"A5","r2","reale primario","cellpose_rgb",25,1.16004506325079
"A5","r2","reale primario","cellpose_rgb",25.5,1.14662374221623
"A5","r2","reale primario","cellpose_rgb",26,1.13054366589024
"A5","r2","reale primario","cellpose_rgb",26.5,1.11086718798353
"A5","r2","reale primario","cellpose_rgb",27,1.09511737193559
"A5","r2","reale primario","cellpose_rgb",27.5,1.08692247793742
"A5","r2","reale primario","cellpose_rgb",28,1.07695366809897
"A5","r2","reale primario","cellpose_rgb",28.5,1.06779994899064
"A5","r2","reale primario","cellpose_rgb",29,1.0666168184794
"A5","r2","reale primario","cellpose_rgb",29.5,1.07042295178865
"A5","r2","reale primario","cellpose_rgb",30,1.07275225796874
"A5","r2","reale secondario","stardist_he",0,0.0186462437960016
"A5","r2","reale secondario","stardist_he",0.5,0.024541522875992
"A5","r2","reale secondario","stardist_he",1,0.0309672957957295
"A5","r2","reale secondario","stardist_he",1.5,0.0393752838413042
"A5","r2","reale secondario","stardist_he",2,0.0495842553450233
"A5","r2","reale secondario","stardist_he",2.5,0.0642245007277353
"A5","r2","reale secondario","stardist_he",3,0.0810935260740516
"A5","r2","reale secondario","stardist_he",3.5,0.103643996971437
"A5","r2","reale secondario","stardist_he",4,0.131132038887651
"A5","r2","reale secondario","stardist_he",4.5,0.161780061675186
"A5","r2","reale secondario","stardist_he",5,0.197254894485647
"A5","r2","reale secondario","stardist_he",5.5,0.237793059387601
"A5","r2","reale secondario","stardist_he",6,0.284568340266148
"A5","r2","reale secondario","stardist_he",6.5,0.335456017760319
"A5","r2","reale secondario","stardist_he",7,0.388961331935221
"A5","r2","reale secondario","stardist_he",7.5,0.441084429086593
"A5","r2","reale secondario","stardist_he",8,0.491617336994013
"A5","r2","reale secondario","stardist_he",8.5,0.540716088123745
"A5","r2","reale secondario","stardist_he",9,0.589428897075756
"A5","r2","reale secondario","stardist_he",9.5,0.636297575014011
"A5","r2","reale secondario","stardist_he",10,0.679861628621966
"A5","r2","reale secondario","stardist_he",10.5,0.7198495132552
"A5","r2","reale secondario","stardist_he",11,0.753681705411039
"A5","r2","reale secondario","stardist_he",11.5,0.78496786119405
"A5","r2","reale secondario","stardist_he",12,0.80932328097818
"A5","r2","reale secondario","stardist_he",12.5,0.830973735243878
"A5","r2","reale secondario","stardist_he",13,0.849902727322723
"A5","r2","reale secondario","stardist_he",13.5,0.871575816287356
"A5","r2","reale secondario","stardist_he",14,0.888145135807916
"A5","r2","reale secondario","stardist_he",14.5,0.902497137184636
"A5","r2","reale secondario","stardist_he",15,0.911784384031443
"A5","r2","reale secondario","stardist_he",15.5,0.918068871350957
"A5","r2","reale secondario","stardist_he",16,0.926679063763781
"A5","r2","reale secondario","stardist_he",16.5,0.93581440787096
"A5","r2","reale secondario","stardist_he",17,0.946783491470016
"A5","r2","reale secondario","stardist_he",17.5,0.95600502529884
"A5","r2","reale secondario","stardist_he",18,0.964832233134551
"A5","r2","reale secondario","stardist_he",18.5,0.971755185132374
"A5","r2","reale secondario","stardist_he",19,0.977161226202546
"A5","r2","reale secondario","stardist_he",19.5,0.985458097430486
"A5","r2","reale secondario","stardist_he",20,0.994766282210636
"A5","r2","reale secondario","stardist_he",20.5,1.00273791407302
"A5","r2","reale secondario","stardist_he",21,1.01161394216505
"A5","r2","reale secondario","stardist_he",21.5,1.02104285171649
"A5","r2","reale secondario","stardist_he",22,1.0277307964985
"A5","r2","reale secondario","stardist_he",22.5,1.03467267249784
"A5","r2","reale secondario","stardist_he",23,1.04066408025271
"A5","r2","reale secondario","stardist_he",23.5,1.04578725798414
"A5","r2","reale secondario","stardist_he",24,1.04644472047918
"A5","r2","reale secondario","stardist_he",24.5,1.04676972297892
"A5","r2","reale secondario","stardist_he",25,1.04540466485451
"A5","r2","reale secondario","stardist_he",25.5,1.03966973486106
"A5","r2","reale secondario","stardist_he",26,1.03355442356586
"A5","r2","reale secondario","stardist_he",26.5,1.02733460111163
"A5","r2","reale secondario","stardist_he",27,1.02562094146777
"A5","r2","reale secondario","stardist_he",27.5,1.02599732495855
"A5","r2","reale secondario","stardist_he",28,1.02471956760196
"A5","r2","reale secondario","stardist_he",28.5,1.02198358241242
"A5","r2","reale secondario","stardist_he",29,1.01907296308615
"A5","r2","reale secondario","stardist_he",29.5,1.02014218039656
"A5","r2","reale secondario","stardist_he",30,1.02204250023088
"A5","r3","reale primario","cellpose_rgb",0,5.15818495527735e-19
"A5","r3","reale primario","cellpose_rgb",0.5,0
"A5","r3","reale primario","cellpose_rgb",1,0
"A5","r3","reale primario","cellpose_rgb",1.5,0
"A5","r3","reale primario","cellpose_rgb",2,0
"A5","r3","reale primario","cellpose_rgb",2.5,1.13881880707058e-17
"A5","r3","reale primario","cellpose_rgb",3,0.00251274682827561
"A5","r3","reale primario","cellpose_rgb",3.5,0.00901322174827944
"A5","r3","reale primario","cellpose_rgb",4,0.0196033027617894
"A5","r3","reale primario","cellpose_rgb",4.5,0.0399325666972924
"A5","r3","reale primario","cellpose_rgb",5,0.0643978979554811
"A5","r3","reale primario","cellpose_rgb",5.5,0.0975466440829949
"A5","r3","reale primario","cellpose_rgb",6,0.137597474977466
"A5","r3","reale primario","cellpose_rgb",6.5,0.188134631460141
"A5","r3","reale primario","cellpose_rgb",7,0.246689070998474
"A5","r3","reale primario","cellpose_rgb",7.5,0.312188678101508
"A5","r3","reale primario","cellpose_rgb",8,0.381613247498445
"A5","r3","reale primario","cellpose_rgb",8.5,0.450110884893405
"A5","r3","reale primario","cellpose_rgb",9,0.517898407776398
"A5","r3","reale primario","cellpose_rgb",9.5,0.587902654255785
"A5","r3","reale primario","cellpose_rgb",10,0.658706709722018
"A5","r3","reale primario","cellpose_rgb",10.5,0.727590468164484
"A5","r3","reale primario","cellpose_rgb",11,0.791321828854792
"A5","r3","reale primario","cellpose_rgb",11.5,0.850181749310896
"A5","r3","reale primario","cellpose_rgb",12,0.905485250326031
"A5","r3","reale primario","cellpose_rgb",12.5,0.952481754277713
"A5","r3","reale primario","cellpose_rgb",13,0.993392929387162
"A5","r3","reale primario","cellpose_rgb",13.5,1.02640873370485
"A5","r3","reale primario","cellpose_rgb",14,1.04801655086597
"A5","r3","reale primario","cellpose_rgb",14.5,1.06111996846278
"A5","r3","reale primario","cellpose_rgb",15,1.07320670430277
"A5","r3","reale primario","cellpose_rgb",15.5,1.07889840219574
"A5","r3","reale primario","cellpose_rgb",16,1.08718652279761
"A5","r3","reale primario","cellpose_rgb",16.5,1.08934289014525
"A5","r3","reale primario","cellpose_rgb",17,1.08915887289482
"A5","r3","reale primario","cellpose_rgb",17.5,1.09192545219221
"A5","r3","reale primario","cellpose_rgb",18,1.10183465018623
"A5","r3","reale primario","cellpose_rgb",18.5,1.11150385815908
"A5","r3","reale primario","cellpose_rgb",19,1.11613263254776
"A5","r3","reale primario","cellpose_rgb",19.5,1.1140184520622
"A5","r3","reale primario","cellpose_rgb",20,1.11150039615609
"A5","r3","reale primario","cellpose_rgb",20.5,1.11233459382491
"A5","r3","reale primario","cellpose_rgb",21,1.11252207652474
"A5","r3","reale primario","cellpose_rgb",21.5,1.10854201334679
"A5","r3","reale primario","cellpose_rgb",22,1.10262862203777
"A5","r3","reale primario","cellpose_rgb",22.5,1.0996399500108
"A5","r3","reale primario","cellpose_rgb",23,1.09595515189045
"A5","r3","reale primario","cellpose_rgb",23.5,1.09846460037771
"A5","r3","reale primario","cellpose_rgb",24,1.10677025976504
"A5","r3","reale primario","cellpose_rgb",24.5,1.11370509549399
"A5","r3","reale primario","cellpose_rgb",25,1.1137996299009
"A5","r3","reale primario","cellpose_rgb",25.5,1.11185536390845
"A5","r3","reale primario","cellpose_rgb",26,1.11390627179384
"A5","r3","reale primario","cellpose_rgb",26.5,1.11933135577729
"A5","r3","reale primario","cellpose_rgb",27,1.11989473149415
"A5","r3","reale primario","cellpose_rgb",27.5,1.11766575201228
"A5","r3","reale primario","cellpose_rgb",28,1.114223526639
"A5","r3","reale primario","cellpose_rgb",28.5,1.11648790749754
"A5","r3","reale primario","cellpose_rgb",29,1.11867449640788
"A5","r3","reale primario","cellpose_rgb",29.5,1.119752258623
"A5","r3","reale primario","cellpose_rgb",30,1.11507444351783
"A5","r3","reale secondario","stardist_he",0,0.018884864690667
"A5","r3","reale secondario","stardist_he",0.5,0.0323501650229187
"A5","r3","reale secondario","stardist_he",1,0.0525981799915285
"A5","r3","reale secondario","stardist_he",1.5,0.0801608647216103
"A5","r3","reale secondario","stardist_he",2,0.106288851668538
"A5","r3","reale secondario","stardist_he",2.5,0.136073113110022
"A5","r3","reale secondario","stardist_he",3,0.169389421237531
"A5","r3","reale secondario","stardist_he",3.5,0.20228285678643
"A5","r3","reale secondario","stardist_he",4,0.241032881839155
"A5","r3","reale secondario","stardist_he",4.5,0.280140567655146
"A5","r3","reale secondario","stardist_he",5,0.323000199261361
"A5","r3","reale secondario","stardist_he",5.5,0.368863521616539
"A5","r3","reale secondario","stardist_he",6,0.418548184287632
"A5","r3","reale secondario","stardist_he",6.5,0.472691061131852
"A5","r3","reale secondario","stardist_he",7,0.529431668582423
"A5","r3","reale secondario","stardist_he",7.5,0.582807495460028
"A5","r3","reale secondario","stardist_he",8,0.631532136113791
"A5","r3","reale secondario","stardist_he",8.5,0.674912036162201
"A5","r3","reale secondario","stardist_he",9,0.711512448199225
"A5","r3","reale secondario","stardist_he",9.5,0.7427328210706
"A5","r3","reale secondario","stardist_he",10,0.768325757502913
"A5","r3","reale secondario","stardist_he",10.5,0.796104547608537
"A5","r3","reale secondario","stardist_he",11,0.822891931897987
"A5","r3","reale secondario","stardist_he",11.5,0.850812655769002
"A5","r3","reale secondario","stardist_he",12,0.878579747592179
"A5","r3","reale secondario","stardist_he",12.5,0.902654484250399
"A5","r3","reale secondario","stardist_he",13,0.92739423666613
"A5","r3","reale secondario","stardist_he",13.5,0.949886580999337
"A5","r3","reale secondario","stardist_he",14,0.964227171969975
"A5","r3","reale secondario","stardist_he",14.5,0.976880001966639
"A5","r3","reale secondario","stardist_he",15,0.987861060650957
"A5","r3","reale secondario","stardist_he",15.5,0.997316903746697
"A5","r3","reale secondario","stardist_he",16,1.00263556490659
"A5","r3","reale secondario","stardist_he",16.5,1.00631508881791
"A5","r3","reale secondario","stardist_he",17,1.00976609774785
"A5","r3","reale secondario","stardist_he",17.5,1.01503061477169
"A5","r3","reale secondario","stardist_he",18,1.0164940219131
"A5","r3","reale secondario","stardist_he",18.5,1.01571699397261
"A5","r3","reale secondario","stardist_he",19,1.01425870524941
"A5","r3","reale secondario","stardist_he",19.5,1.00872203086571
"A5","r3","reale secondario","stardist_he",20,0.999446695248643
"A5","r3","reale secondario","stardist_he",20.5,0.987750482136406
"A5","r3","reale secondario","stardist_he",21,0.981269235147481
"A5","r3","reale secondario","stardist_he",21.5,0.976943189012117
"A5","r3","reale secondario","stardist_he",22,0.971401325791708
"A5","r3","reale secondario","stardist_he",22.5,0.967322650146967
"A5","r3","reale secondario","stardist_he",23,0.96596999041427
"A5","r3","reale secondario","stardist_he",23.5,0.966733883777105
"A5","r3","reale secondario","stardist_he",24,0.967920361042385
"A5","r3","reale secondario","stardist_he",24.5,0.967284048707076
"A5","r3","reale secondario","stardist_he",25,0.964352550721283
"A5","r3","reale secondario","stardist_he",25.5,0.963960942066096
"A5","r3","reale secondario","stardist_he",26,0.969252399610357
"A5","r3","reale secondario","stardist_he",26.5,0.974356883736682
"A5","r3","reale secondario","stardist_he",27,0.978372017188223
"A5","r3","reale secondario","stardist_he",27.5,0.977196895957457
"A5","r3","reale secondario","stardist_he",28,0.975399702265506
"A5","r3","reale secondario","stardist_he",28.5,0.971819544495247
"A5","r3","reale secondario","stardist_he",29,0.968560600449931
"A5","r3","reale secondario","stardist_he",29.5,0.967588826747964
"A5","r3","reale secondario","stardist_he",30,0.966504230649016
"A5","r4","reale primario","cellpose_rgb",0,3.23127791641596e-17
"A5","r4","reale primario","cellpose_rgb",0.5,1.04360833048707e-16
"A5","r4","reale primario","cellpose_rgb",1,0
"A5","r4","reale primario","cellpose_rgb",1.5,5.65245296896341e-05
"A5","r4","reale primario","cellpose_rgb",2,0.00326916387702257
"A5","r4","reale primario","cellpose_rgb",2.5,0.00936961882440135
"A5","r4","reale primario","cellpose_rgb",3,0.0217655975082518
"A5","r4","reale primario","cellpose_rgb",3.5,0.0448395528497636
"A5","r4","reale primario","cellpose_rgb",4,0.0728680847762174
"A5","r4","reale primario","cellpose_rgb",4.5,0.102444321674359
"A5","r4","reale primario","cellpose_rgb",5,0.132894585279496
"A5","r4","reale primario","cellpose_rgb",5.5,0.167383487394554
"A5","r4","reale primario","cellpose_rgb",6,0.204689775374375
"A5","r4","reale primario","cellpose_rgb",6.5,0.2469427995296
"A5","r4","reale primario","cellpose_rgb",7,0.294985894383822
"A5","r4","reale primario","cellpose_rgb",7.5,0.352164982960312
"A5","r4","reale primario","cellpose_rgb",8,0.413419310140832
"A5","r4","reale primario","cellpose_rgb",8.5,0.471761977420665
"A5","r4","reale primario","cellpose_rgb",9,0.531090152919304
"A5","r4","reale primario","cellpose_rgb",9.5,0.593955132853064
"A5","r4","reale primario","cellpose_rgb",10,0.657787134268745
"A5","r4","reale primario","cellpose_rgb",10.5,0.719640312570876
"A5","r4","reale primario","cellpose_rgb",11,0.777228210663353
"A5","r4","reale primario","cellpose_rgb",11.5,0.833509521455897
"A5","r4","reale primario","cellpose_rgb",12,0.89105558813159
"A5","r4","reale primario","cellpose_rgb",12.5,0.941877039307555
"A5","r4","reale primario","cellpose_rgb",13,0.988712610670929
"A5","r4","reale primario","cellpose_rgb",13.5,1.02705489400961
"A5","r4","reale primario","cellpose_rgb",14,1.06272691643659
"A5","r4","reale primario","cellpose_rgb",14.5,1.09769264759822
"A5","r4","reale primario","cellpose_rgb",15,1.13762033113985
"A5","r4","reale primario","cellpose_rgb",15.5,1.17119267737898
"A5","r4","reale primario","cellpose_rgb",16,1.19983487639155
"A5","r4","reale primario","cellpose_rgb",16.5,1.22588689501103
"A5","r4","reale primario","cellpose_rgb",17,1.24944250299663
"A5","r4","reale primario","cellpose_rgb",17.5,1.26779124398784
"A5","r4","reale primario","cellpose_rgb",18,1.28420553358745
"A5","r4","reale primario","cellpose_rgb",18.5,1.30138055039707
"A5","r4","reale primario","cellpose_rgb",19,1.31768006430508
"A5","r4","reale primario","cellpose_rgb",19.5,1.32667843317323
"A5","r4","reale primario","cellpose_rgb",20,1.32567448803924
"A5","r4","reale primario","cellpose_rgb",20.5,1.32272956036882
"A5","r4","reale primario","cellpose_rgb",21,1.31630809552741
"A5","r4","reale primario","cellpose_rgb",21.5,1.30268560202006
"A5","r4","reale primario","cellpose_rgb",22,1.28843534661718
"A5","r4","reale primario","cellpose_rgb",22.5,1.27718941826849
"A5","r4","reale primario","cellpose_rgb",23,1.26937178152765
"A5","r4","reale primario","cellpose_rgb",23.5,1.26528840631054
"A5","r4","reale primario","cellpose_rgb",24,1.26137158667851
"A5","r4","reale primario","cellpose_rgb",24.5,1.25520483500155
"A5","r4","reale primario","cellpose_rgb",25,1.24627853911559
"A5","r4","reale primario","cellpose_rgb",25.5,1.24001024986626
"A5","r4","reale primario","cellpose_rgb",26,1.23526898395352
"A5","r4","reale primario","cellpose_rgb",26.5,1.23063204522287
"A5","r4","reale primario","cellpose_rgb",27,1.22183406111808
"A5","r4","reale primario","cellpose_rgb",27.5,1.21393146595366
"A5","r4","reale primario","cellpose_rgb",28,1.21269898117327
"A5","r4","reale primario","cellpose_rgb",28.5,1.21385099066594
"A5","r4","reale primario","cellpose_rgb",29,1.2188785198682
"A5","r4","reale primario","cellpose_rgb",29.5,1.22854209381078
"A5","r4","reale primario","cellpose_rgb",30,1.23986246413023
"A5","r4","reale secondario","stardist_he",0,0.073883168680287
"A5","r4","reale secondario","stardist_he",0.5,0.0803447782477654
"A5","r4","reale secondario","stardist_he",1,0.0857948541272672
"A5","r4","reale secondario","stardist_he",1.5,0.100987389916448
"A5","r4","reale secondario","stardist_he",2,0.120863133421092
"A5","r4","reale secondario","stardist_he",2.5,0.144473385562085
"A5","r4","reale secondario","stardist_he",3,0.174760935471638
"A5","r4","reale secondario","stardist_he",3.5,0.208662132845651
"A5","r4","reale secondario","stardist_he",4,0.243844498093897
"A5","r4","reale secondario","stardist_he",4.5,0.279156529286972
"A5","r4","reale secondario","stardist_he",5,0.316833382402722
"A5","r4","reale secondario","stardist_he",5.5,0.359224932206515
"A5","r4","reale secondario","stardist_he",6,0.407066909966631
"A5","r4","reale secondario","stardist_he",6.5,0.460126651787526
"A5","r4","reale secondario","stardist_he",7,0.517362834298227
"A5","r4","reale secondario","stardist_he",7.5,0.573873662594378
"A5","r4","reale secondario","stardist_he",8,0.625132505432405
"A5","r4","reale secondario","stardist_he",8.5,0.674766276857338
"A5","r4","reale secondario","stardist_he",9,0.72003697636535
"A5","r4","reale secondario","stardist_he",9.5,0.761234158458341
"A5","r4","reale secondario","stardist_he",10,0.805048847278498
"A5","r4","reale secondario","stardist_he",10.5,0.844553386363437
"A5","r4","reale secondario","stardist_he",11,0.877459132379708
"A5","r4","reale secondario","stardist_he",11.5,0.906798905421906
"A5","r4","reale secondario","stardist_he",12,0.923857034297632
"A5","r4","reale secondario","stardist_he",12.5,0.935539467705586
"A5","r4","reale secondario","stardist_he",13,0.94755577779576
"A5","r4","reale secondario","stardist_he",13.5,0.956719336872125
"A5","r4","reale secondario","stardist_he",14,0.96519504578819
"A5","r4","reale secondario","stardist_he",14.5,0.977452427271757
"A5","r4","reale secondario","stardist_he",15,0.990572533230565
"A5","r4","reale secondario","stardist_he",15.5,0.999398233679544
"A5","r4","reale secondario","stardist_he",16,1.00692184226408
"A5","r4","reale secondario","stardist_he",16.5,1.0114769500486
"A5","r4","reale secondario","stardist_he",17,1.01449607976912
"A5","r4","reale secondario","stardist_he",17.5,1.01884943556881
"A5","r4","reale secondario","stardist_he",18,1.03378360178375
"A5","r4","reale secondario","stardist_he",18.5,1.04758379076053
"A5","r4","reale secondario","stardist_he",19,1.05848578640727
"A5","r4","reale secondario","stardist_he",19.5,1.0650384524889
"A5","r4","reale secondario","stardist_he",20,1.07147508073871
"A5","r4","reale secondario","stardist_he",20.5,1.07115260361753
"A5","r4","reale secondario","stardist_he",21,1.06862909707969
"A5","r4","reale secondario","stardist_he",21.5,1.06606383172144
"A5","r4","reale secondario","stardist_he",22,1.06236511703081
"A5","r4","reale secondario","stardist_he",22.5,1.06007474705202
"A5","r4","reale secondario","stardist_he",23,1.05609025509062
"A5","r4","reale secondario","stardist_he",23.5,1.04993871265821
"A5","r4","reale secondario","stardist_he",24,1.04211931585177
"A5","r4","reale secondario","stardist_he",24.5,1.03514807676474
"A5","r4","reale secondario","stardist_he",25,1.0286170843376
"A5","r4","reale secondario","stardist_he",25.5,1.01915647623905
"A5","r4","reale secondario","stardist_he",26,1.01425164806707
"A5","r4","reale secondario","stardist_he",26.5,1.01087399837495
"A5","r4","reale secondario","stardist_he",27,1.00678013156649
"A5","r4","reale secondario","stardist_he",27.5,1.0036213964798
"A5","r4","reale secondario","stardist_he",28,0.999174314153235
"A5","r4","reale secondario","stardist_he",28.5,0.998775673809807
"A5","r4","reale secondario","stardist_he",29,1.00280454286702
"A5","r4","reale secondario","stardist_he",29.5,1.01152203880953
"A5","r4","reale secondario","stardist_he",30,1.01615862709591
"A5","r5","reale primario","cellpose_rgb",0,0.0718566359841877
"A5","r5","reale primario","cellpose_rgb",0.5,0.085092236987406
"A5","r5","reale primario","cellpose_rgb",1,0.0973983376508673
"A5","r5","reale primario","cellpose_rgb",1.5,0.110548736708544
"A5","r5","reale primario","cellpose_rgb",2,0.122308729008803
"A5","r5","reale primario","cellpose_rgb",2.5,0.140636679047034
"A5","r5","reale primario","cellpose_rgb",3,0.164382479374165
"A5","r5","reale primario","cellpose_rgb",3.5,0.190503478127803
"A5","r5","reale primario","cellpose_rgb",4,0.220898341534572
"A5","r5","reale primario","cellpose_rgb",4.5,0.260471988417939
"A5","r5","reale primario","cellpose_rgb",5,0.312475831699373
"A5","r5","reale primario","cellpose_rgb",5.5,0.365515959832056
"A5","r5","reale primario","cellpose_rgb",6,0.423232571509282
"A5","r5","reale primario","cellpose_rgb",6.5,0.486734159263211
"A5","r5","reale primario","cellpose_rgb",7,0.559179760077795
"A5","r5","reale primario","cellpose_rgb",7.5,0.640807872077076
"A5","r5","reale primario","cellpose_rgb",8,0.721596146900487
"A5","r5","reale primario","cellpose_rgb",8.5,0.791935190360958
"A5","r5","reale primario","cellpose_rgb",9,0.859883337950183
"A5","r5","reale primario","cellpose_rgb",9.5,0.926820338447318
"A5","r5","reale primario","cellpose_rgb",10,0.99073939069428
"A5","r5","reale primario","cellpose_rgb",10.5,1.04376113129903
"A5","r5","reale primario","cellpose_rgb",11,1.08646394998992
"A5","r5","reale primario","cellpose_rgb",11.5,1.11769929438329
"A5","r5","reale primario","cellpose_rgb",12,1.14090822564437
"A5","r5","reale primario","cellpose_rgb",12.5,1.15234925786076
"A5","r5","reale primario","cellpose_rgb",13,1.15389189645506
"A5","r5","reale primario","cellpose_rgb",13.5,1.1547989572597
"A5","r5","reale primario","cellpose_rgb",14,1.16040480847721
"A5","r5","reale primario","cellpose_rgb",14.5,1.15921469877049
"A5","r5","reale primario","cellpose_rgb",15,1.14758497448906
"A5","r5","reale primario","cellpose_rgb",15.5,1.14059061375776
"A5","r5","reale primario","cellpose_rgb",16,1.13608608955621
"A5","r5","reale primario","cellpose_rgb",16.5,1.13979536011528
"A5","r5","reale primario","cellpose_rgb",17,1.15116210919999
"A5","r5","reale primario","cellpose_rgb",17.5,1.15451149095164
"A5","r5","reale primario","cellpose_rgb",18,1.16319001347636
"A5","r5","reale primario","cellpose_rgb",18.5,1.17308692804164
"A5","r5","reale primario","cellpose_rgb",19,1.18751227438608
"A5","r5","reale primario","cellpose_rgb",19.5,1.19723318437791
"A5","r5","reale primario","cellpose_rgb",20,1.2041212306634
"A5","r5","reale primario","cellpose_rgb",20.5,1.20513151243519
"A5","r5","reale primario","cellpose_rgb",21,1.20057984069095
"A5","r5","reale primario","cellpose_rgb",21.5,1.19581730945589
"A5","r5","reale primario","cellpose_rgb",22,1.18404787381035
"A5","r5","reale primario","cellpose_rgb",22.5,1.1723751997958
"A5","r5","reale primario","cellpose_rgb",23,1.16613104420771
"A5","r5","reale primario","cellpose_rgb",23.5,1.16351129068417
"A5","r5","reale primario","cellpose_rgb",24,1.15322126997535
"A5","r5","reale primario","cellpose_rgb",24.5,1.14306581867556
"A5","r5","reale primario","cellpose_rgb",25,1.13545192249031
"A5","r5","reale primario","cellpose_rgb",25.5,1.12581729631298
"A5","r5","reale primario","cellpose_rgb",26,1.12002257203088
"A5","r5","reale primario","cellpose_rgb",26.5,1.1176530042376
"A5","r5","reale primario","cellpose_rgb",27,1.11744245664286
"A5","r5","reale primario","cellpose_rgb",27.5,1.12394684548197
"A5","r5","reale primario","cellpose_rgb",28,1.13301091987168
"A5","r5","reale primario","cellpose_rgb",28.5,1.14048899835524
"A5","r5","reale primario","cellpose_rgb",29,1.14684535679978
"A5","r5","reale primario","cellpose_rgb",29.5,1.1501601722844
"A5","r5","reale primario","cellpose_rgb",30,1.14890120166891
"A5","r5","reale secondario","stardist_he",0,0.0466634015120677
"A5","r5","reale secondario","stardist_he",0.5,0.0714397621901775
"A5","r5","reale secondario","stardist_he",1,0.0992412977388414
"A5","r5","reale secondario","stardist_he",1.5,0.127876956438838
"A5","r5","reale secondario","stardist_he",2,0.156816893741184
"A5","r5","reale secondario","stardist_he",2.5,0.18523403930785
"A5","r5","reale secondario","stardist_he",3,0.218500349097832
"A5","r5","reale secondario","stardist_he",3.5,0.256026010337308
"A5","r5","reale secondario","stardist_he",4,0.299050208136457
"A5","r5","reale secondario","stardist_he",4.5,0.346979060972253
"A5","r5","reale secondario","stardist_he",5,0.401622410213942
"A5","r5","reale secondario","stardist_he",5.5,0.46137096012179
"A5","r5","reale secondario","stardist_he",6,0.527565848366058
"A5","r5","reale secondario","stardist_he",6.5,0.595824841340272
"A5","r5","reale secondario","stardist_he",7,0.662064099204726
"A5","r5","reale secondario","stardist_he",7.5,0.726665861307982
"A5","r5","reale secondario","stardist_he",8,0.785292824567513
"A5","r5","reale secondario","stardist_he",8.5,0.833496743517502
"A5","r5","reale secondario","stardist_he",9,0.877876304980094
"A5","r5","reale secondario","stardist_he",9.5,0.917245435162043
"A5","r5","reale secondario","stardist_he",10,0.95125343337798
"A5","r5","reale secondario","stardist_he",10.5,0.981399299439583
"A5","r5","reale secondario","stardist_he",11,1.00575949713005
"A5","r5","reale secondario","stardist_he",11.5,1.01730251726292
"A5","r5","reale secondario","stardist_he",12,1.02359166907023
"A5","r5","reale secondario","stardist_he",12.5,1.02595519942926
"A5","r5","reale secondario","stardist_he",13,1.02256025114238
"A5","r5","reale secondario","stardist_he",13.5,1.01868594237408
"A5","r5","reale secondario","stardist_he",14,1.01122025276072
"A5","r5","reale secondario","stardist_he",14.5,1.00181853057219
"A5","r5","reale secondario","stardist_he",15,0.994738907445226
"A5","r5","reale secondario","stardist_he",15.5,0.992548983567611
"A5","r5","reale secondario","stardist_he",16,0.991027364736615
"A5","r5","reale secondario","stardist_he",16.5,0.995266074748999
"A5","r5","reale secondario","stardist_he",17,1.00829222872945
"A5","r5","reale secondario","stardist_he",17.5,1.01758277016615
"A5","r5","reale secondario","stardist_he",18,1.02371065100988
"A5","r5","reale secondario","stardist_he",18.5,1.03027085113604
"A5","r5","reale secondario","stardist_he",19,1.03588364167928
"A5","r5","reale secondario","stardist_he",19.5,1.04112727105373
"A5","r5","reale secondario","stardist_he",20,1.05151660297124
"A5","r5","reale secondario","stardist_he",20.5,1.05862915183421
"A5","r5","reale secondario","stardist_he",21,1.06114507933822
"A5","r5","reale secondario","stardist_he",21.5,1.0632399186722
"A5","r5","reale secondario","stardist_he",22,1.06400524870887
"A5","r5","reale secondario","stardist_he",22.5,1.0658651060662
"A5","r5","reale secondario","stardist_he",23,1.06940696111849
"A5","r5","reale secondario","stardist_he",23.5,1.07013895945669
"A5","r5","reale secondario","stardist_he",24,1.06542196849264
"A5","r5","reale secondario","stardist_he",24.5,1.06150804533137
"A5","r5","reale secondario","stardist_he",25,1.05466955602867
"A5","r5","reale secondario","stardist_he",25.5,1.04884667029706
"A5","r5","reale secondario","stardist_he",26,1.04782287879467
"A5","r5","reale secondario","stardist_he",26.5,1.04877629432299
"A5","r5","reale secondario","stardist_he",27,1.04878939261663
"A5","r5","reale secondario","stardist_he",27.5,1.04717888853722
"A5","r5","reale secondario","stardist_he",28,1.04790413853821
"A5","r5","reale secondario","stardist_he",28.5,1.04728707256675
"A5","r5","reale secondario","stardist_he",29,1.04961298234184
"A5","r5","reale secondario","stardist_he",29.5,1.05465169277947
"A5","r5","reale secondario","stardist_he",30,1.05762987478469
"A6","r1","reale primario","spaceranger",0,0.303117665410955
"A6","r1","reale primario","spaceranger",0.5,0.39729283786866
"A6","r1","reale primario","spaceranger",1,0.494641487320172
"A6","r1","reale primario","spaceranger",1.5,0.581539702575378
"A6","r1","reale primario","spaceranger",2,0.658881630585972
"A6","r1","reale primario","spaceranger",2.5,0.728116380208952
"A6","r1","reale primario","spaceranger",3,0.794562294747598
"A6","r1","reale primario","spaceranger",3.5,0.862555918302275
"A6","r1","reale primario","spaceranger",4,0.928022920786562
"A6","r1","reale primario","spaceranger",4.5,0.992779675011331
"A6","r1","reale primario","spaceranger",5,1.05471348730452
"A6","r1","reale primario","spaceranger",5.5,1.12197202105403
"A6","r1","reale primario","spaceranger",6,1.18874962158078
"A6","r1","reale primario","spaceranger",6.5,1.24090143111321
"A6","r1","reale primario","spaceranger",7,1.28299370982747
"A6","r1","reale primario","spaceranger",7.5,1.30987656255476
"A6","r1","reale primario","spaceranger",8,1.32476609800935
"A6","r1","reale primario","spaceranger",8.5,1.32785580240169
"A6","r1","reale primario","spaceranger",9,1.3207046405703
"A6","r1","reale primario","spaceranger",9.5,1.29808021963627
"A6","r1","reale primario","spaceranger",10,1.26945185036712
"A6","r1","reale primario","spaceranger",10.5,1.24592567606346
"A6","r1","reale primario","spaceranger",11,1.22741677081754
"A6","r1","reale primario","spaceranger",11.5,1.2133314903379
"A6","r1","reale primario","spaceranger",12,1.20618787185579
"A6","r1","reale primario","spaceranger",12.5,1.19411733971924
"A6","r1","reale primario","spaceranger",13,1.17825377342842
"A6","r1","reale primario","spaceranger",13.5,1.16477445570565
"A6","r1","reale primario","spaceranger",14,1.15302817051762
"A6","r1","reale primario","spaceranger",14.5,1.14422942480329
"A6","r1","reale primario","spaceranger",15,1.13741722176378
"A6","r1","reale primario","spaceranger",15.5,1.12969141315866
"A6","r1","reale primario","spaceranger",16,1.11902536669708
"A6","r1","reale primario","spaceranger",16.5,1.10698484220807
"A6","r1","reale primario","spaceranger",17,1.10562626465214
"A6","r1","reale primario","spaceranger",17.5,1.10009203022236
"A6","r1","reale primario","spaceranger",18,1.09850084707434
"A6","r1","reale primario","spaceranger",18.5,1.09500688851449
"A6","r1","reale primario","spaceranger",19,1.09778175912366
"A6","r1","reale primario","spaceranger",19.5,1.10034053049167
"A6","r1","reale primario","spaceranger",20,1.10743062612693
"A6","r1","reale primario","spaceranger",20.5,1.11131336911899
"A6","r1","reale primario","spaceranger",21,1.1161079929189
"A6","r1","reale primario","spaceranger",21.5,1.11855534990151
"A6","r1","reale primario","spaceranger",22,1.11938386613124
"A6","r1","reale primario","spaceranger",22.5,1.12099178353714
"A6","r1","reale primario","spaceranger",23,1.12512128533608
"A6","r1","reale primario","spaceranger",23.5,1.12336017383945
"A6","r1","reale primario","spaceranger",24,1.11794116686677
"A6","r1","reale primario","spaceranger",24.5,1.11682108700285
"A6","r1","reale primario","spaceranger",25,1.11709989927218
"A6","r1","reale primario","spaceranger",25.5,1.11779529754297
"A6","r1","reale primario","spaceranger",26,1.12200696294962
"A6","r1","reale primario","spaceranger",26.5,1.12367944721515
"A6","r1","reale primario","spaceranger",27,1.12298259793041
"A6","r1","reale primario","spaceranger",27.5,1.11604727062639
"A6","r1","reale primario","spaceranger",28,1.11138620218262
"A6","r1","reale primario","spaceranger",28.5,1.10945651797272
"A6","r1","reale primario","spaceranger",29,1.1120838293599
"A6","r1","reale primario","spaceranger",29.5,1.11490173690675
"A6","r1","reale primario","spaceranger",30,1.12252826612861
"A6","r1","reale secondario","stardist_he",0,0.0581436865468075
"A6","r1","reale secondario","stardist_he",0.5,0.0858438310967583
"A6","r1","reale secondario","stardist_he",1,0.112345135924671
"A6","r1","reale secondario","stardist_he",1.5,0.131072558501137
"A6","r1","reale secondario","stardist_he",2,0.15028936068822
"A6","r1","reale secondario","stardist_he",2.5,0.189693568453745
"A6","r1","reale secondario","stardist_he",3,0.231849760465703
"A6","r1","reale secondario","stardist_he",3.5,0.281112947835905
"A6","r1","reale secondario","stardist_he",4,0.337017169452244
"A6","r1","reale secondario","stardist_he",4.5,0.392206878178328
"A6","r1","reale secondario","stardist_he",5,0.447595649169206
"A6","r1","reale secondario","stardist_he",5.5,0.506281006333375
"A6","r1","reale secondario","stardist_he",6,0.569186973371025
"A6","r1","reale secondario","stardist_he",6.5,0.633200019340029
"A6","r1","reale secondario","stardist_he",7,0.695703082949921
"A6","r1","reale secondario","stardist_he",7.5,0.754080224963041
"A6","r1","reale secondario","stardist_he",8,0.812130700587746
"A6","r1","reale secondario","stardist_he",8.5,0.860749933635731
"A6","r1","reale secondario","stardist_he",9,0.904498282389485
"A6","r1","reale secondario","stardist_he",9.5,0.943065976544314
"A6","r1","reale secondario","stardist_he",10,0.98735943466084
"A6","r1","reale secondario","stardist_he",10.5,1.03039514669637
"A6","r1","reale secondario","stardist_he",11,1.07389744656514
"A6","r1","reale secondario","stardist_he",11.5,1.11164061720711
"A6","r1","reale secondario","stardist_he",12,1.14018732570652
"A6","r1","reale secondario","stardist_he",12.5,1.15378244535068
"A6","r1","reale secondario","stardist_he",13,1.15782575612905
"A6","r1","reale secondario","stardist_he",13.5,1.16604883154347
"A6","r1","reale secondario","stardist_he",14,1.1808864677071
"A6","r1","reale secondario","stardist_he",14.5,1.19294389956853
"A6","r1","reale secondario","stardist_he",15,1.20861670846256
"A6","r1","reale secondario","stardist_he",15.5,1.21388631031953
"A6","r1","reale secondario","stardist_he",16,1.21917654718046
"A6","r1","reale secondario","stardist_he",16.5,1.2202481972846
"A6","r1","reale secondario","stardist_he",17,1.21498832937982
"A6","r1","reale secondario","stardist_he",17.5,1.20905122018374
"A6","r1","reale secondario","stardist_he",18,1.20211829731072
"A6","r1","reale secondario","stardist_he",18.5,1.18781470385509
"A6","r1","reale secondario","stardist_he",19,1.1741767984483
"A6","r1","reale secondario","stardist_he",19.5,1.15797859761554
"A6","r1","reale secondario","stardist_he",20,1.14090331001114
"A6","r1","reale secondario","stardist_he",20.5,1.11675574913498
"A6","r1","reale secondario","stardist_he",21,1.09972779881633
"A6","r1","reale secondario","stardist_he",21.5,1.08438179261657
"A6","r1","reale secondario","stardist_he",22,1.07329953162327
"A6","r1","reale secondario","stardist_he",22.5,1.05993922309186
"A6","r1","reale secondario","stardist_he",23,1.04784314064315
"A6","r1","reale secondario","stardist_he",23.5,1.03119359428551
"A6","r1","reale secondario","stardist_he",24,1.01419912409598
"A6","r1","reale secondario","stardist_he",24.5,0.994771493324921
"A6","r1","reale secondario","stardist_he",25,0.982963945959267
"A6","r1","reale secondario","stardist_he",25.5,0.976872019893533
"A6","r1","reale secondario","stardist_he",26,0.970138617060411
"A6","r1","reale secondario","stardist_he",26.5,0.960256948397991
"A6","r1","reale secondario","stardist_he",27,0.951363732522395
"A6","r1","reale secondario","stardist_he",27.5,0.946829470955778
"A6","r1","reale secondario","stardist_he",28,0.946653419833839
"A6","r1","reale secondario","stardist_he",28.5,0.950106269917376
"A6","r1","reale secondario","stardist_he",29,0.955836773182295
"A6","r1","reale secondario","stardist_he",29.5,0.957842994983855
"A6","r1","reale secondario","stardist_he",30,0.957582878211587
"A6","r2","reale primario","spaceranger",0,0.1721470961172
"A6","r2","reale primario","spaceranger",0.5,0.249190672107441
"A6","r2","reale primario","spaceranger",1,0.322943397682966
"A6","r2","reale primario","spaceranger",1.5,0.394863690327462
"A6","r2","reale primario","spaceranger",2,0.470662160082576
"A6","r2","reale primario","spaceranger",2.5,0.534492584722014
"A6","r2","reale primario","spaceranger",3,0.599774395661187
"A6","r2","reale primario","spaceranger",3.5,0.66251886958402
"A6","r2","reale primario","spaceranger",4,0.726776181130451
"A6","r2","reale primario","spaceranger",4.5,0.793537452345308
"A6","r2","reale primario","spaceranger",5,0.865645041985519
"A6","r2","reale primario","spaceranger",5.5,0.927897756321268
"A6","r2","reale primario","spaceranger",6,0.976868052953225
"A6","r2","reale primario","spaceranger",6.5,1.01472213412748
"A6","r2","reale primario","spaceranger",7,1.04772926747692
"A6","r2","reale primario","spaceranger",7.5,1.06771802147108
"A6","r2","reale primario","spaceranger",8,1.07227690953838
"A6","r2","reale primario","spaceranger",8.5,1.06573388151132
"A6","r2","reale primario","spaceranger",9,1.05830348421002
"A6","r2","reale primario","spaceranger",9.5,1.05300923146073
"A6","r2","reale primario","spaceranger",10,1.05735117648067
"A6","r2","reale primario","spaceranger",10.5,1.06116861510238
"A6","r2","reale primario","spaceranger",11,1.06572899208908
"A6","r2","reale primario","spaceranger",11.5,1.0791348668059
"A6","r2","reale primario","spaceranger",12,1.09332957446704
"A6","r2","reale primario","spaceranger",12.5,1.10805615186637
"A6","r2","reale primario","spaceranger",13,1.11725195390834
"A6","r2","reale primario","spaceranger",13.5,1.12310567421834
"A6","r2","reale primario","spaceranger",14,1.12656940153789
"A6","r2","reale primario","spaceranger",14.5,1.13217958603235
"A6","r2","reale primario","spaceranger",15,1.1323699230369
"A6","r2","reale primario","spaceranger",15.5,1.12358834746498
"A6","r2","reale primario","spaceranger",16,1.11121318087023
"A6","r2","reale primario","spaceranger",16.5,1.10872189672313
"A6","r2","reale primario","spaceranger",17,1.11100842085735
"A6","r2","reale primario","spaceranger",17.5,1.11307804292725
"A6","r2","reale primario","spaceranger",18,1.1098050340922
"A6","r2","reale primario","spaceranger",18.5,1.10204224375482
"A6","r2","reale primario","spaceranger",19,1.08813632429707
"A6","r2","reale primario","spaceranger",19.5,1.07706828814853
"A6","r2","reale primario","spaceranger",20,1.06188364590677
"A6","r2","reale primario","spaceranger",20.5,1.04880923294287
"A6","r2","reale primario","spaceranger",21,1.03999860578938
"A6","r2","reale primario","spaceranger",21.5,1.03817122036956
"A6","r2","reale primario","spaceranger",22,1.03825245582289
"A6","r2","reale primario","spaceranger",22.5,1.03386017057663
"A6","r2","reale primario","spaceranger",23,1.0282521328833
"A6","r2","reale primario","spaceranger",23.5,1.02184548275272
"A6","r2","reale primario","spaceranger",24,1.01833902666306
"A6","r2","reale primario","spaceranger",24.5,1.02006356709219
"A6","r2","reale primario","spaceranger",25,1.0191944482328
"A6","r2","reale primario","spaceranger",25.5,1.01920498971111
"A6","r2","reale primario","spaceranger",26,1.02384605140446
"A6","r2","reale primario","spaceranger",26.5,1.03192916682041
"A6","r2","reale primario","spaceranger",27,1.03866030788172
"A6","r2","reale primario","spaceranger",27.5,1.04432261161871
"A6","r2","reale primario","spaceranger",28,1.04681994047772
"A6","r2","reale primario","spaceranger",28.5,1.04536578684796
"A6","r2","reale primario","spaceranger",29,1.04334067850992
"A6","r2","reale primario","spaceranger",29.5,1.03824025319262
"A6","r2","reale primario","spaceranger",30,1.03327401397769
"A6","r2","reale secondario","stardist_he",0,0.100056513094352
"A6","r2","reale secondario","stardist_he",0.5,0.147543355152171
"A6","r2","reale secondario","stardist_he",1,0.190679603984102
"A6","r2","reale secondario","stardist_he",1.5,0.232922766708143
"A6","r2","reale secondario","stardist_he",2,0.276818354370564
"A6","r2","reale secondario","stardist_he",2.5,0.323295360685858
"A6","r2","reale secondario","stardist_he",3,0.378478787077664
"A6","r2","reale secondario","stardist_he",3.5,0.428166311587241
"A6","r2","reale secondario","stardist_he",4,0.478933462377818
"A6","r2","reale secondario","stardist_he",4.5,0.539336723929389
"A6","r2","reale secondario","stardist_he",5,0.605088702458037
"A6","r2","reale secondario","stardist_he",5.5,0.674174349438326
"A6","r2","reale secondario","stardist_he",6,0.740784290931888
"A6","r2","reale secondario","stardist_he",6.5,0.805122571392595
"A6","r2","reale secondario","stardist_he",7,0.864302027160494
"A6","r2","reale secondario","stardist_he",7.5,0.914590932404913
"A6","r2","reale secondario","stardist_he",8,0.951879637439166
"A6","r2","reale secondario","stardist_he",8.5,0.979321697519251
"A6","r2","reale secondario","stardist_he",9,1.00445324170847
"A6","r2","reale secondario","stardist_he",9.5,1.03184190685103
"A6","r2","reale secondario","stardist_he",10,1.05480850904542
"A6","r2","reale secondario","stardist_he",10.5,1.0734359854505
"A6","r2","reale secondario","stardist_he",11,1.08696416752697
"A6","r2","reale secondario","stardist_he",11.5,1.09557315228866
"A6","r2","reale secondario","stardist_he",12,1.1008459624239
"A6","r2","reale secondario","stardist_he",12.5,1.10781287133725
"A6","r2","reale secondario","stardist_he",13,1.10645537703514
"A6","r2","reale secondario","stardist_he",13.5,1.09718593176805
"A6","r2","reale secondario","stardist_he",14,1.09466086572723
"A6","r2","reale secondario","stardist_he",14.5,1.09319084119843
"A6","r2","reale secondario","stardist_he",15,1.09355013040559
"A6","r2","reale secondario","stardist_he",15.5,1.09550415588239
"A6","r2","reale secondario","stardist_he",16,1.0952654916389
"A6","r2","reale secondario","stardist_he",16.5,1.10067241973735
"A6","r2","reale secondario","stardist_he",17,1.10379389709159
"A6","r2","reale secondario","stardist_he",17.5,1.10723419428382
"A6","r2","reale secondario","stardist_he",18,1.10716751838595
"A6","r2","reale secondario","stardist_he",18.5,1.10935730778809
"A6","r2","reale secondario","stardist_he",19,1.10766841994595
"A6","r2","reale secondario","stardist_he",19.5,1.10137089376869
"A6","r2","reale secondario","stardist_he",20,1.09618001584983
"A6","r2","reale secondario","stardist_he",20.5,1.09428541860759
"A6","r2","reale secondario","stardist_he",21,1.09173854700709
"A6","r2","reale secondario","stardist_he",21.5,1.09007461152392
"A6","r2","reale secondario","stardist_he",22,1.08828561735274
"A6","r2","reale secondario","stardist_he",22.5,1.08050913379163
"A6","r2","reale secondario","stardist_he",23,1.06755646988705
"A6","r2","reale secondario","stardist_he",23.5,1.06015994892817
"A6","r2","reale secondario","stardist_he",24,1.05327649718535
"A6","r2","reale secondario","stardist_he",24.5,1.05180466645937
"A6","r2","reale secondario","stardist_he",25,1.05713758973057
"A6","r2","reale secondario","stardist_he",25.5,1.06538857959964
"A6","r2","reale secondario","stardist_he",26,1.07603678289654
"A6","r2","reale secondario","stardist_he",26.5,1.08324045510716
"A6","r2","reale secondario","stardist_he",27,1.08576254074727
"A6","r2","reale secondario","stardist_he",27.5,1.08298113315709
"A6","r2","reale secondario","stardist_he",28,1.07904288364377
"A6","r2","reale secondario","stardist_he",28.5,1.07608416737112
"A6","r2","reale secondario","stardist_he",29,1.07278814023045
"A6","r2","reale secondario","stardist_he",29.5,1.06746723646584
"A6","r2","reale secondario","stardist_he",30,1.06493978764503
"A6","r3","reale primario","spaceranger",0,0.194828176043758
"A6","r3","reale primario","spaceranger",0.5,0.275512930091913
"A6","r3","reale primario","spaceranger",1,0.373425854044591
"A6","r3","reale primario","spaceranger",1.5,0.464506564026749
"A6","r3","reale primario","spaceranger",2,0.558625085652047
"A6","r3","reale primario","spaceranger",2.5,0.643082705528858
"A6","r3","reale primario","spaceranger",3,0.716036285690028
"A6","r3","reale primario","spaceranger",3.5,0.78027556751549
"A6","r3","reale primario","spaceranger",4,0.838856786494134
"A6","r3","reale primario","spaceranger",4.5,0.895100398011885
"A6","r3","reale primario","spaceranger",5,0.945598109288972
"A6","r3","reale primario","spaceranger",5.5,0.983522037847405
"A6","r3","reale primario","spaceranger",6,1.00852311753251
"A6","r3","reale primario","spaceranger",6.5,1.02184199529097
"A6","r3","reale primario","spaceranger",7,1.02223596346243
"A6","r3","reale primario","spaceranger",7.5,1.00724867636101
"A6","r3","reale primario","spaceranger",8,0.979244303174731
"A6","r3","reale primario","spaceranger",8.5,0.947179778512093
"A6","r3","reale primario","spaceranger",9,0.922002700205626
"A6","r3","reale primario","spaceranger",9.5,0.900614728492261
"A6","r3","reale primario","spaceranger",10,0.899942388228004
"A6","r3","reale primario","spaceranger",10.5,0.90140080021951
"A6","r3","reale primario","spaceranger",11,0.916270229968958
"A6","r3","reale primario","spaceranger",11.5,0.936676275121765
"A6","r3","reale primario","spaceranger",12,0.956590442950038
"A6","r3","reale primario","spaceranger",12.5,0.970876996660049
"A6","r3","reale primario","spaceranger",13,0.98003265016248
"A6","r3","reale primario","spaceranger",13.5,0.986336689452391
"A6","r3","reale primario","spaceranger",14,0.99099408283634
"A6","r3","reale primario","spaceranger",14.5,0.997309682779067
"A6","r3","reale primario","spaceranger",15,1.00307182122336
"A6","r3","reale primario","spaceranger",15.5,1.00908556263009
"A6","r3","reale primario","spaceranger",16,1.01756223187528
"A6","r3","reale primario","spaceranger",16.5,1.02633873651413
"A6","r3","reale primario","spaceranger",17,1.03391430634048
"A6","r3","reale primario","spaceranger",17.5,1.04145378901593
"A6","r3","reale primario","spaceranger",18,1.04504732012768
"A6","r3","reale primario","spaceranger",18.5,1.04784395940473
"A6","r3","reale primario","spaceranger",19,1.0530096388316
"A6","r3","reale primario","spaceranger",19.5,1.05526572767489
"A6","r3","reale primario","spaceranger",20,1.05317896890583
"A6","r3","reale primario","spaceranger",20.5,1.05082202082985
"A6","r3","reale primario","spaceranger",21,1.04745650955691
"A6","r3","reale primario","spaceranger",21.5,1.03668811707435
"A6","r3","reale primario","spaceranger",22,1.02377529067146
"A6","r3","reale primario","spaceranger",22.5,1.01230741490236
"A6","r3","reale primario","spaceranger",23,1.0027760019855
"A6","r3","reale primario","spaceranger",23.5,0.998706689760175
"A6","r3","reale primario","spaceranger",24,0.995987521736681
"A6","r3","reale primario","spaceranger",24.5,0.991508311903275
"A6","r3","reale primario","spaceranger",25,0.989105869697671
"A6","r3","reale primario","spaceranger",25.5,0.990862225122505
"A6","r3","reale primario","spaceranger",26,0.99111328026004
"A6","r3","reale primario","spaceranger",26.5,0.993568840094608
"A6","r3","reale primario","spaceranger",27,0.996696277570182
"A6","r3","reale primario","spaceranger",27.5,0.997687478287426
"A6","r3","reale primario","spaceranger",28,1.0015392038796
"A6","r3","reale primario","spaceranger",28.5,1.0100416917269
"A6","r3","reale primario","spaceranger",29,1.01642322291678
"A6","r3","reale primario","spaceranger",29.5,1.02451920861829
"A6","r3","reale primario","spaceranger",30,1.03110184920611
"A6","r3","reale secondario","stardist_he",0,0.0510568538938542
"A6","r3","reale secondario","stardist_he",0.5,0.100681588659479
"A6","r3","reale secondario","stardist_he",1,0.161597655734636
"A6","r3","reale secondario","stardist_he",1.5,0.22076625280023
"A6","r3","reale secondario","stardist_he",2,0.282426671898705
"A6","r3","reale secondario","stardist_he",2.5,0.362275610528194
"A6","r3","reale secondario","stardist_he",3,0.449203976299099
"A6","r3","reale secondario","stardist_he",3.5,0.532815374379576
"A6","r3","reale secondario","stardist_he",4,0.61575038415078
"A6","r3","reale secondario","stardist_he",4.5,0.697993189986868
"A6","r3","reale secondario","stardist_he",5,0.780993742190739
"A6","r3","reale secondario","stardist_he",5.5,0.859366429920724
"A6","r3","reale secondario","stardist_he",6,0.931993956304804
"A6","r3","reale secondario","stardist_he",6.5,0.994491622573779
"A6","r3","reale secondario","stardist_he",7,1.04614760267344
"A6","r3","reale secondario","stardist_he",7.5,1.08177168031978
"A6","r3","reale secondario","stardist_he",8,1.09783511441536
"A6","r3","reale secondario","stardist_he",8.5,1.09450197665127
"A6","r3","reale secondario","stardist_he",9,1.08277761606324
"A6","r3","reale secondario","stardist_he",9.5,1.07140291083765
"A6","r3","reale secondario","stardist_he",10,1.06265869197122
"A6","r3","reale secondario","stardist_he",10.5,1.04560276455632
"A6","r3","reale secondario","stardist_he",11,1.0253844686419
"A6","r3","reale secondario","stardist_he",11.5,1.01678648292262
"A6","r3","reale secondario","stardist_he",12,1.01911875834687
"A6","r3","reale secondario","stardist_he",12.5,1.0222769161556
"A6","r3","reale secondario","stardist_he",13,1.02929585924499
"A6","r3","reale secondario","stardist_he",13.5,1.02834962717611
"A6","r3","reale secondario","stardist_he",14,1.02679770799814
"A6","r3","reale secondario","stardist_he",14.5,1.03090168600818
"A6","r3","reale secondario","stardist_he",15,1.03483563016402
"A6","r3","reale secondario","stardist_he",15.5,1.03920609831652
"A6","r3","reale secondario","stardist_he",16,1.04472666371077
"A6","r3","reale secondario","stardist_he",16.5,1.05158539414908
"A6","r3","reale secondario","stardist_he",17,1.05222673761157
"A6","r3","reale secondario","stardist_he",17.5,1.05083009194502
"A6","r3","reale secondario","stardist_he",18,1.04765181547218
"A6","r3","reale secondario","stardist_he",18.5,1.0423507716813
"A6","r3","reale secondario","stardist_he",19,1.03639271989618
"A6","r3","reale secondario","stardist_he",19.5,1.02577044665595
"A6","r3","reale secondario","stardist_he",20,1.01105325429711
"A6","r3","reale secondario","stardist_he",20.5,0.991624089335513
"A6","r3","reale secondario","stardist_he",21,0.970528713872985
"A6","r3","reale secondario","stardist_he",21.5,0.948127202997103
"A6","r3","reale secondario","stardist_he",22,0.932437999279021
"A6","r3","reale secondario","stardist_he",22.5,0.913361050039456
"A6","r3","reale secondario","stardist_he",23,0.896299039890753
"A6","r3","reale secondario","stardist_he",23.5,0.89138019163295
"A6","r3","reale secondario","stardist_he",24,0.887371275011889
"A6","r3","reale secondario","stardist_he",24.5,0.88357757999843
"A6","r3","reale secondario","stardist_he",25,0.880188925378249
"A6","r3","reale secondario","stardist_he",25.5,0.881680661385078
"A6","r3","reale secondario","stardist_he",26,0.882860574063384
"A6","r3","reale secondario","stardist_he",26.5,0.891363689356348
"A6","r3","reale secondario","stardist_he",27,0.901267726610909
"A6","r3","reale secondario","stardist_he",27.5,0.912859761886343
"A6","r3","reale secondario","stardist_he",28,0.923018346209507
"A6","r3","reale secondario","stardist_he",28.5,0.934487225529445
"A6","r3","reale secondario","stardist_he",29,0.947421013110385
"A6","r3","reale secondario","stardist_he",29.5,0.960256433919553
"A6","r3","reale secondario","stardist_he",30,0.968129559220002
"A6","r4","reale primario","spaceranger",0,0.156386208466531
"A6","r4","reale primario","spaceranger",0.5,0.24643867473972
"A6","r4","reale primario","spaceranger",1,0.33373062280743
"A6","r4","reale primario","spaceranger",1.5,0.422665869523582
"A6","r4","reale primario","spaceranger",2,0.508923131472063
"A6","r4","reale primario","spaceranger",2.5,0.590881287854409
"A6","r4","reale primario","spaceranger",3,0.677393327426731
"A6","r4","reale primario","spaceranger",3.5,0.754484396176491
"A6","r4","reale primario","spaceranger",4,0.82886709027121
"A6","r4","reale primario","spaceranger",4.5,0.90881613785288
"A6","r4","reale primario","spaceranger",5,0.9770426170178
"A6","r4","reale primario","spaceranger",5.5,1.03666758300488
"A6","r4","reale primario","spaceranger",6,1.0748153759375
"A6","r4","reale primario","spaceranger",6.5,1.09226887985041
"A6","r4","reale primario","spaceranger",7,1.09276154373704
"A6","r4","reale primario","spaceranger",7.5,1.07590057648193
"A6","r4","reale primario","spaceranger",8,1.05783125466161
"A6","r4","reale primario","spaceranger",8.5,1.04149135421163
"A6","r4","reale primario","spaceranger",9,1.03205788954235
"A6","r4","reale primario","spaceranger",9.5,1.02706157818399
"A6","r4","reale primario","spaceranger",10,1.03244195311607
"A6","r4","reale primario","spaceranger",10.5,1.03881849712381
"A6","r4","reale primario","spaceranger",11,1.05252271665299
"A6","r4","reale primario","spaceranger",11.5,1.06865478972587
"A6","r4","reale primario","spaceranger",12,1.07004453591668
"A6","r4","reale primario","spaceranger",12.5,1.07600183847526
"A6","r4","reale primario","spaceranger",13,1.07963032105259
"A6","r4","reale primario","spaceranger",13.5,1.08533273711948
"A6","r4","reale primario","spaceranger",14,1.08898661334798
"A6","r4","reale primario","spaceranger",14.5,1.08575057726951
"A6","r4","reale primario","spaceranger",15,1.08466687845896
"A6","r4","reale primario","spaceranger",15.5,1.08559785656892
"A6","r4","reale primario","spaceranger",16,1.08430471698471
"A6","r4","reale primario","spaceranger",16.5,1.08280260314174
"A6","r4","reale primario","spaceranger",17,1.08109173434296
"A6","r4","reale primario","spaceranger",17.5,1.08149307903371
"A6","r4","reale primario","spaceranger",18,1.08291608806233
"A6","r4","reale primario","spaceranger",18.5,1.08842755070002
"A6","r4","reale primario","spaceranger",19,1.09295406512923
"A6","r4","reale primario","spaceranger",19.5,1.09938164383352
"A6","r4","reale primario","spaceranger",20,1.09947468583478
"A6","r4","reale primario","spaceranger",20.5,1.09791930095745
"A6","r4","reale primario","spaceranger",21,1.09938396701516
"A6","r4","reale primario","spaceranger",21.5,1.09339987690744
"A6","r4","reale primario","spaceranger",22,1.08363680822527
"A6","r4","reale primario","spaceranger",22.5,1.07767538718679
"A6","r4","reale primario","spaceranger",23,1.06858673813379
"A6","r4","reale primario","spaceranger",23.5,1.06047333331027
"A6","r4","reale primario","spaceranger",24,1.05883781411048
"A6","r4","reale primario","spaceranger",24.5,1.05848466798623
"A6","r4","reale primario","spaceranger",25,1.05677667153509
"A6","r4","reale primario","spaceranger",25.5,1.05472766873224
"A6","r4","reale primario","spaceranger",26,1.0573297391085
"A6","r4","reale primario","spaceranger",26.5,1.06039944344641
"A6","r4","reale primario","spaceranger",27,1.06475797556655
"A6","r4","reale primario","spaceranger",27.5,1.07217658277069
"A6","r4","reale primario","spaceranger",28,1.08051147721812
"A6","r4","reale primario","spaceranger",28.5,1.08899773196499
"A6","r4","reale primario","spaceranger",29,1.09405693125008
"A6","r4","reale primario","spaceranger",29.5,1.09257613367123
"A6","r4","reale primario","spaceranger",30,1.08091275249492
"A6","r4","reale secondario","stardist_he",0,0.0346383118391303
"A6","r4","reale secondario","stardist_he",0.5,0.0660792467585764
"A6","r4","reale secondario","stardist_he",1,0.119003843181376
"A6","r4","reale secondario","stardist_he",1.5,0.188358778420247
"A6","r4","reale secondario","stardist_he",2,0.252018575738535
"A6","r4","reale secondario","stardist_he",2.5,0.318281731699662
"A6","r4","reale secondario","stardist_he",3,0.384356746655561
"A6","r4","reale secondario","stardist_he",3.5,0.449108531444462
"A6","r4","reale secondario","stardist_he",4,0.516529557596866
"A6","r4","reale secondario","stardist_he",4.5,0.590925334924069
"A6","r4","reale secondario","stardist_he",5,0.66137961163242
"A6","r4","reale secondario","stardist_he",5.5,0.722884956111368
"A6","r4","reale secondario","stardist_he",6,0.781668679273658
"A6","r4","reale secondario","stardist_he",6.5,0.838378936250797
"A6","r4","reale secondario","stardist_he",7,0.883111897620248
"A6","r4","reale secondario","stardist_he",7.5,0.922501952934555
"A6","r4","reale secondario","stardist_he",8,0.953706830269796
"A6","r4","reale secondario","stardist_he",8.5,0.971137530107181
"A6","r4","reale secondario","stardist_he",9,0.989346083287882
"A6","r4","reale secondario","stardist_he",9.5,1.02011270908087
"A6","r4","reale secondario","stardist_he",10,1.05492509017551
"A6","r4","reale secondario","stardist_he",10.5,1.08372200662368
"A6","r4","reale secondario","stardist_he",11,1.11566073024126
"A6","r4","reale secondario","stardist_he",11.5,1.14125195729328
"A6","r4","reale secondario","stardist_he",12,1.154464452469
"A6","r4","reale secondario","stardist_he",12.5,1.15982816188207
"A6","r4","reale secondario","stardist_he",13,1.15958433591659
"A6","r4","reale secondario","stardist_he",13.5,1.15508513771389
"A6","r4","reale secondario","stardist_he",14,1.13573867953449
"A6","r4","reale secondario","stardist_he",14.5,1.11777413244635
"A6","r4","reale secondario","stardist_he",15,1.09864751817804
"A6","r4","reale secondario","stardist_he",15.5,1.08032392072502
"A6","r4","reale secondario","stardist_he",16,1.06623447457291
"A6","r4","reale secondario","stardist_he",16.5,1.05316958463507
"A6","r4","reale secondario","stardist_he",17,1.03859737191458
"A6","r4","reale secondario","stardist_he",17.5,1.03091355221891
"A6","r4","reale secondario","stardist_he",18,1.02975625707751
"A6","r4","reale secondario","stardist_he",18.5,1.03128483477105
"A6","r4","reale secondario","stardist_he",19,1.03609441472183
"A6","r4","reale secondario","stardist_he",19.5,1.04279218093826
"A6","r4","reale secondario","stardist_he",20,1.05035095338695
"A6","r4","reale secondario","stardist_he",20.5,1.06204420840539
"A6","r4","reale secondario","stardist_he",21,1.06665610298421
"A6","r4","reale secondario","stardist_he",21.5,1.06877177152544
"A6","r4","reale secondario","stardist_he",22,1.07470761187014
"A6","r4","reale secondario","stardist_he",22.5,1.07608079606008
"A6","r4","reale secondario","stardist_he",23,1.07597148712904
"A6","r4","reale secondario","stardist_he",23.5,1.07456564015341
"A6","r4","reale secondario","stardist_he",24,1.07078420754705
"A6","r4","reale secondario","stardist_he",24.5,1.0704122985631
"A6","r4","reale secondario","stardist_he",25,1.06795326815035
"A6","r4","reale secondario","stardist_he",25.5,1.05954752858587
"A6","r4","reale secondario","stardist_he",26,1.05637618665731
"A6","r4","reale secondario","stardist_he",26.5,1.05784124078467
"A6","r4","reale secondario","stardist_he",27,1.06268445234334
"A6","r4","reale secondario","stardist_he",27.5,1.06808374274965
"A6","r4","reale secondario","stardist_he",28,1.0708963526154
"A6","r4","reale secondario","stardist_he",28.5,1.07653190023485
"A6","r4","reale secondario","stardist_he",29,1.08389064181217
"A6","r4","reale secondario","stardist_he",29.5,1.08298396092704
"A6","r4","reale secondario","stardist_he",30,1.07672587637454
"A6","r5","reale primario","spaceranger",0,0.203660450363723
"A6","r5","reale primario","spaceranger",0.5,0.3210084321737
"A6","r5","reale primario","spaceranger",1,0.42557293689358
"A6","r5","reale primario","spaceranger",1.5,0.521764373581452
"A6","r5","reale primario","spaceranger",2,0.610713180689252
"A6","r5","reale primario","spaceranger",2.5,0.698349058283863
"A6","r5","reale primario","spaceranger",3,0.784281434932973
"A6","r5","reale primario","spaceranger",3.5,0.866252818688854
"A6","r5","reale primario","spaceranger",4,0.94662024388667
"A6","r5","reale primario","spaceranger",4.5,1.03587059629455
"A6","r5","reale primario","spaceranger",5,1.12065603030595
"A6","r5","reale primario","spaceranger",5.5,1.18739839843869
"A6","r5","reale primario","spaceranger",6,1.23948733461993
"A6","r5","reale primario","spaceranger",6.5,1.27115509304439
"A6","r5","reale primario","spaceranger",7,1.27765661691307
"A6","r5","reale primario","spaceranger",7.5,1.25995209520587
"A6","r5","reale primario","spaceranger",8,1.22489780008821
"A6","r5","reale primario","spaceranger",8.5,1.17984413222135
"A6","r5","reale primario","spaceranger",9,1.14845421952109
"A6","r5","reale primario","spaceranger",9.5,1.12427577074625
"A6","r5","reale primario","spaceranger",10,1.1046564006406
"A6","r5","reale primario","spaceranger",10.5,1.08959235303144
"A6","r5","reale primario","spaceranger",11,1.07790073260504
"A6","r5","reale primario","spaceranger",11.5,1.06946622903906
"A6","r5","reale primario","spaceranger",12,1.05805275514227
"A6","r5","reale primario","spaceranger",12.5,1.03774507768862
"A6","r5","reale primario","spaceranger",13,1.01999253159661
"A6","r5","reale primario","spaceranger",13.5,1.01450418983034
"A6","r5","reale primario","spaceranger",14,1.00453240820477
"A6","r5","reale primario","spaceranger",14.5,0.999682174572888
"A6","r5","reale primario","spaceranger",15,1.00413925467138
"A6","r5","reale primario","spaceranger",15.5,1.01338025200024
"A6","r5","reale primario","spaceranger",16,1.0213779525589
"A6","r5","reale primario","spaceranger",16.5,1.030442107219
"A6","r5","reale primario","spaceranger",17,1.03884759825364
"A6","r5","reale primario","spaceranger",17.5,1.04372963307849
"A6","r5","reale primario","spaceranger",18,1.04649399832763
"A6","r5","reale primario","spaceranger",18.5,1.04648987933607
"A6","r5","reale primario","spaceranger",19,1.05577704194168
"A6","r5","reale primario","spaceranger",19.5,1.06976649657925
"A6","r5","reale primario","spaceranger",20,1.07971744985395
"A6","r5","reale primario","spaceranger",20.5,1.08435774391948
"A6","r5","reale primario","spaceranger",21,1.08094928975682
"A6","r5","reale primario","spaceranger",21.5,1.07834924026514
"A6","r5","reale primario","spaceranger",22,1.08023275991189
"A6","r5","reale primario","spaceranger",22.5,1.08201522727965
"A6","r5","reale primario","spaceranger",23,1.08256519492826
"A6","r5","reale primario","spaceranger",23.5,1.08258220901295
"A6","r5","reale primario","spaceranger",24,1.08113452112308
"A6","r5","reale primario","spaceranger",24.5,1.07934886797961
"A6","r5","reale primario","spaceranger",25,1.0813338047412
"A6","r5","reale primario","spaceranger",25.5,1.08611885120564
"A6","r5","reale primario","spaceranger",26,1.09528751515355
"A6","r5","reale primario","spaceranger",26.5,1.10645410196853
"A6","r5","reale primario","spaceranger",27,1.11251463330681
"A6","r5","reale primario","spaceranger",27.5,1.11330570946142
"A6","r5","reale primario","spaceranger",28,1.11662986148984
"A6","r5","reale primario","spaceranger",28.5,1.11939513310211
"A6","r5","reale primario","spaceranger",29,1.11682163304759
"A6","r5","reale primario","spaceranger",29.5,1.1093750518618
"A6","r5","reale primario","spaceranger",30,1.1035080116735
"A6","r5","reale secondario","stardist_he",0,0.0806709924992018
"A6","r5","reale secondario","stardist_he",0.5,0.116046297560537
"A6","r5","reale secondario","stardist_he",1,0.160687115509108
"A6","r5","reale secondario","stardist_he",1.5,0.196238699801307
"A6","r5","reale secondario","stardist_he",2,0.229452835853095
"A6","r5","reale secondario","stardist_he",2.5,0.273190759775707
"A6","r5","reale secondario","stardist_he",3,0.326072745543585
"A6","r5","reale secondario","stardist_he",3.5,0.38332487349623
"A6","r5","reale secondario","stardist_he",4,0.445765037478518
"A6","r5","reale secondario","stardist_he",4.5,0.520514649755063
"A6","r5","reale secondario","stardist_he",5,0.599577067599438
"A6","r5","reale secondario","stardist_he",5.5,0.673731431511093
"A6","r5","reale secondario","stardist_he",6,0.738045489287645
"A6","r5","reale secondario","stardist_he",6.5,0.797049752358049
"A6","r5","reale secondario","stardist_he",7,0.849785699266785
"A6","r5","reale secondario","stardist_he",7.5,0.890550877404353
"A6","r5","reale secondario","stardist_he",8,0.927913591418876
"A6","r5","reale secondario","stardist_he",8.5,0.953088947720232
"A6","r5","reale secondario","stardist_he",9,0.969124390193536
"A6","r5","reale secondario","stardist_he",9.5,0.985367556191616
"A6","r5","reale secondario","stardist_he",10,0.998456847595952
"A6","r5","reale secondario","stardist_he",10.5,0.999800686089958
"A6","r5","reale secondario","stardist_he",11,0.997430534378295
"A6","r5","reale secondario","stardist_he",11.5,0.99770090049936
"A6","r5","reale secondario","stardist_he",12,0.999477027381737
"A6","r5","reale secondario","stardist_he",12.5,0.999949037660439
"A6","r5","reale secondario","stardist_he",13,0.993783553954838
"A6","r5","reale secondario","stardist_he",13.5,0.994267114044908
"A6","r5","reale secondario","stardist_he",14,0.995714060410485
"A6","r5","reale secondario","stardist_he",14.5,0.995961088080323
"A6","r5","reale secondario","stardist_he",15,1.00173093020264
"A6","r5","reale secondario","stardist_he",15.5,1.01490320914811
"A6","r5","reale secondario","stardist_he",16,1.02790425708817
"A6","r5","reale secondario","stardist_he",16.5,1.04290579089475
"A6","r5","reale secondario","stardist_he",17,1.05414015165124
"A6","r5","reale secondario","stardist_he",17.5,1.0575158406747
"A6","r5","reale secondario","stardist_he",18,1.05909534582335
"A6","r5","reale secondario","stardist_he",18.5,1.05981007527229
"A6","r5","reale secondario","stardist_he",19,1.06003072472721
"A6","r5","reale secondario","stardist_he",19.5,1.06427666013653
"A6","r5","reale secondario","stardist_he",20,1.06540280112947
"A6","r5","reale secondario","stardist_he",20.5,1.06083762390541
"A6","r5","reale secondario","stardist_he",21,1.05811220261446
"A6","r5","reale secondario","stardist_he",21.5,1.04715602487543
"A6","r5","reale secondario","stardist_he",22,1.03478919421588
"A6","r5","reale secondario","stardist_he",22.5,1.02259669924458
"A6","r5","reale secondario","stardist_he",23,1.01680642208344
"A6","r5","reale secondario","stardist_he",23.5,1.01883851771591
"A6","r5","reale secondario","stardist_he",24,1.0285903945924
"A6","r5","reale secondario","stardist_he",24.5,1.03660287859806
"A6","r5","reale secondario","stardist_he",25,1.04471508957197
"A6","r5","reale secondario","stardist_he",25.5,1.05149454447292
"A6","r5","reale secondario","stardist_he",26,1.06108252632092
"A6","r5","reale secondario","stardist_he",26.5,1.0650788955218
"A6","r5","reale secondario","stardist_he",27,1.07006222778284
"A6","r5","reale secondario","stardist_he",27.5,1.07244540974314
"A6","r5","reale secondario","stardist_he",28,1.07636287574723
"A6","r5","reale secondario","stardist_he",28.5,1.07935695088326
"A6","r5","reale secondario","stardist_he",29,1.07693701089992
"A6","r5","reale secondario","stardist_he",29.5,1.06645175263414
"A6","r5","reale secondario","stardist_he",30,1.04921399380179
"A1","r1","CSR","d=0.00",0,0.964145544914877
"A1","r1","CSR","d=0.00",0.5,0.976084421418959
"A1","r1","CSR","d=0.00",1,0.985324247026302
"A1","r1","CSR","d=0.00",1.5,0.995873351471815
"A1","r1","CSR","d=0.00",2,1.0040497410733
"A1","r1","CSR","d=0.00",2.5,1.00417852744345
"A1","r1","CSR","d=0.00",3,1.00451546444545
"A1","r1","CSR","d=0.00",3.5,1.00227526386769
"A1","r1","CSR","d=0.00",4,1.00019694577367
"A1","r1","CSR","d=0.00",4.5,0.998642831524869
"A1","r1","CSR","d=0.00",5,0.999097081668828
"A1","r1","CSR","d=0.00",5.5,1.00132490513683
"A1","r1","CSR","d=0.00",6,1.0026370737257
"A1","r1","CSR","d=0.00",6.5,1.00350668394896
"A1","r1","CSR","d=0.00",7,1.00568244714468
"A1","r1","CSR","d=0.00",7.5,1.00589898790292
"A1","r1","CSR","d=0.00",8,1.0043386728346
"A1","r1","CSR","d=0.00",8.5,1.00407941943977
"A1","r1","CSR","d=0.00",9,1.0031364176293
"A1","r1","CSR","d=0.00",9.5,1.00265036877792
"A1","r1","CSR","d=0.00",10,1.00240102848088
"A1","r1","CSR","d=0.00",10.5,1.00115742666503
"A1","r1","CSR","d=0.00",11,0.998416477467593
"A1","r1","CSR","d=0.00",11.5,0.996866188410467
"A1","r1","CSR","d=0.00",12,0.996708000640906
"A1","r1","CSR","d=0.00",12.5,0.997548840576666
"A1","r1","CSR","d=0.00",13,0.999161837686814
"A1","r1","CSR","d=0.00",13.5,1.00073097631958
"A1","r1","CSR","d=0.00",14,1.00091748468833
"A1","r1","CSR","d=0.00",14.5,1.0015241748042
"A1","r1","CSR","d=0.00",15,1.00300573607055
"A1","r1","CSR","d=0.00",15.5,1.00389630202471
"A1","r1","CSR","d=0.00",16,1.00332465496664
"A1","r1","CSR","d=0.00",16.5,1.00278135525702
"A1","r1","CSR","d=0.00",17,1.00116986505039
"A1","r1","CSR","d=0.00",17.5,0.999532868106583
"A1","r1","CSR","d=0.00",18,0.998917197258564
"A1","r1","CSR","d=0.00",18.5,0.99899905903238
"A1","r1","CSR","d=0.00",19,0.999097118868238
"A1","r1","CSR","d=0.00",19.5,0.999806116544843
"A1","r1","CSR","d=0.00",20,1.00003988730949
"A1","r1","CSR","d=0.00",20.5,1.00029448378104
"A1","r1","CSR","d=0.00",21,1.0006235718331
"A1","r1","CSR","d=0.00",21.5,1.00076266231754
"A1","r1","CSR","d=0.00",22,1.00076979979486
"A1","r1","CSR","d=0.00",22.5,1.00080114549718
"A1","r1","CSR","d=0.00",23,1.00003250477425
"A1","r1","CSR","d=0.00",23.5,0.999921243547462
"A1","r1","CSR","d=0.00",24,1.00044970667238
"A1","r1","CSR","d=0.00",24.5,1.00128685430618
"A1","r1","CSR","d=0.00",25,1.00111444104715
"A1","r1","CSR","d=0.00",25.5,1.0003359457397
"A1","r1","CSR","d=0.00",26,0.999163778870675
"A1","r1","CSR","d=0.00",26.5,0.998196613501019
"A1","r1","CSR","d=0.00",27,0.997986703415576
"A1","r1","CSR","d=0.00",27.5,0.999558805955908
"A1","r1","CSR","d=0.00",28,1.00103271504417
"A1","r1","CSR","d=0.00",28.5,1.00170656993116
"A1","r1","CSR","d=0.00",29,1.00234507362019
"A1","r1","CSR","d=0.00",29.5,1.00236663124485
"A1","r1","CSR","d=0.00",30,1.00166467892444
"A1","r1","PD","d=3.38",0,1.56602933631346e-18
"A1","r1","PD","d=3.38",0.5,9.26590252638122e-17
"A1","r1","PD","d=3.38",1,1.26467063101054e-19
"A1","r1","PD","d=3.38",1.5,3.66016815395433e-17
"A1","r1","PD","d=3.38",2,0.00202260949805533
"A1","r1","PD","d=3.38",2.5,0.109925107033846
"A1","r1","PD","d=3.38",3,0.338449605967131
"A1","r1","PD","d=3.38",3.5,0.616381150057686
"A1","r1","PD","d=3.38",4,0.870754673073245
"A1","r1","PD","d=3.38",4.5,1.02993537129847
"A1","r1","PD","d=3.38",5,1.04385624556097
"A1","r1","PD","d=3.38",5.5,1.0241825998406
"A1","r1","PD","d=3.38",6,1.00947239816145
"A1","r1","PD","d=3.38",6.5,1.00299105602619
"A1","r1","PD","d=3.38",7,1.00019386048363
"A1","r1","PD","d=3.38",7.5,0.998638401062925
"A1","r1","PD","d=3.38",8,0.996818012805494
"A1","r1","PD","d=3.38",8.5,0.996214411487879
"A1","r1","PD","d=3.38",9,0.99686704287169
"A1","r1","PD","d=3.38",9.5,0.998449406601408
"A1","r1","PD","d=3.38",10,0.999402522545607
"A1","r1","PD","d=3.38",10.5,0.999623630612803
"A1","r1","PD","d=3.38",11,0.997834484222525
"A1","r1","PD","d=3.38",11.5,0.99604482243092
"A1","r1","PD","d=3.38",12,0.995014361172104
"A1","r1","PD","d=3.38",12.5,0.99563501783986
"A1","r1","PD","d=3.38",13,0.997038884433215
"A1","r1","PD","d=3.38",13.5,0.99850813872823
"A1","r1","PD","d=3.38",14,0.999845255841697
"A1","r1","PD","d=3.38",14.5,1.00061911967708
"A1","r1","PD","d=3.38",15,1.00065353130537
"A1","r1","PD","d=3.38",15.5,1.00034268463786
"A1","r1","PD","d=3.38",16,0.99924617619682
"A1","r1","PD","d=3.38",16.5,0.997498855600327
"A1","r1","PD","d=3.38",17,0.996202374259317
"A1","r1","PD","d=3.38",17.5,0.996435729757766
"A1","r1","PD","d=3.38",18,0.996722719706423
"A1","r1","PD","d=3.38",18.5,0.996940839619881
"A1","r1","PD","d=3.38",19,0.997035405120049
"A1","r1","PD","d=3.38",19.5,0.997243957526465
"A1","r1","PD","d=3.38",20,0.997099648931416
"A1","r1","PD","d=3.38",20.5,0.997705553317581
"A1","r1","PD","d=3.38",21,0.997408030933604
"A1","r1","PD","d=3.38",21.5,0.997856871082288
"A1","r1","PD","d=3.38",22,0.997905454141434
"A1","r1","PD","d=3.38",22.5,0.997129176122517
"A1","r1","PD","d=3.38",23,0.996522493983631
"A1","r1","PD","d=3.38",23.5,0.995636615774845
"A1","r1","PD","d=3.38",24,0.995575183185834
"A1","r1","PD","d=3.38",24.5,0.996216404931803
"A1","r1","PD","d=3.38",25,0.997313731096273
"A1","r1","PD","d=3.38",25.5,0.998065870260423
"A1","r1","PD","d=3.38",26,0.99809370949647
"A1","r1","PD","d=3.38",26.5,0.997785767289891
"A1","r1","PD","d=3.38",27,0.997472942793366
"A1","r1","PD","d=3.38",27.5,0.997018302216969
"A1","r1","PD","d=3.38",28,0.997323269134114
"A1","r1","PD","d=3.38",28.5,0.997569696727498
"A1","r1","PD","d=3.38",29,0.997439671490372
"A1","r1","PD","d=3.38",29.5,0.997214575857496
"A1","r1","PD","d=3.38",30,0.997056349937782
"A1","r1","NUC","d=4.10",0,5.45248848889464e-18
"A1","r1","NUC","d=4.10",0.5,9.35586653257706e-17
"A1","r1","NUC","d=4.10",1,4.80671798290973e-19
"A1","r1","NUC","d=4.10",1.5,3.34176243914063e-17
"A1","r1","NUC","d=4.10",2,8.23870066601756e-17
"A1","r1","NUC","d=4.10",2.5,1.0436123512128e-16
"A1","r1","NUC","d=4.10",3,0.0448323330890666
"A1","r1","NUC","d=4.10",3.5,0.240675754446367
"A1","r1","NUC","d=4.10",4,0.519523335235712
"A1","r1","NUC","d=4.10",4.5,0.805385057159518
"A1","r1","NUC","d=4.10",5,1.02298101730248
"A1","r1","NUC","d=4.10",5.5,1.09847285065452
"A1","r1","NUC","d=4.10",6,1.06914951869838
"A1","r1","NUC","d=4.10",6.5,1.04251095529092
"A1","r1","NUC","d=4.10",7,1.02002087966056
"A1","r1","NUC","d=4.10",7.5,1.00410010516626
"A1","r1","NUC","d=4.10",8,0.994459419757024
"A1","r1","NUC","d=4.10",8.5,0.989722159785053
"A1","r1","NUC","d=4.10",9,0.989821430507035
"A1","r1","NUC","d=4.10",9.5,0.991083058119725
"A1","r1","NUC","d=4.10",10,0.992704288335146
"A1","r1","NUC","d=4.10",10.5,0.994072153140775
"A1","r1","NUC","d=4.10",11,0.994804657212403
"A1","r1","NUC","d=4.10",11.5,0.995874133849345
"A1","r1","NUC","d=4.10",12,0.997439632582797
"A1","r1","NUC","d=4.10",12.5,0.996878888604737
"A1","r1","NUC","d=4.10",13,0.99715760533583
"A1","r1","NUC","d=4.10",13.5,0.997221285025052
"A1","r1","NUC","d=4.10",14,0.996099546907073
"A1","r1","NUC","d=4.10",14.5,0.994917778646113
"A1","r1","NUC","d=4.10",15,0.994396625981808
"A1","r1","NUC","d=4.10",15.5,0.993851233723853
"A1","r1","NUC","d=4.10",16,0.995631086728899
"A1","r1","NUC","d=4.10",16.5,0.998041584532148
"A1","r1","NUC","d=4.10",17,0.998801623320064
"A1","r1","NUC","d=4.10",17.5,0.997315472681403
"A1","r1","NUC","d=4.10",18,0.9951539348726
"A1","r1","NUC","d=4.10",18.5,0.993128083612896
"A1","r1","NUC","d=4.10",19,0.992832345786888
"A1","r1","NUC","d=4.10",19.5,0.994034729604826
"A1","r1","NUC","d=4.10",20,0.995637345730019
"A1","r1","NUC","d=4.10",20.5,0.996285367205634
"A1","r1","NUC","d=4.10",21,0.996256856302334
"A1","r1","NUC","d=4.10",21.5,0.996467329200164
"A1","r1","NUC","d=4.10",22,0.996506342347321
"A1","r1","NUC","d=4.10",22.5,0.996393791655022
"A1","r1","NUC","d=4.10",23,0.995603115631638
"A1","r1","NUC","d=4.10",23.5,0.995162916367283
"A1","r1","NUC","d=4.10",24,0.994724089155956
"A1","r1","NUC","d=4.10",24.5,0.99512004919042
"A1","r1","NUC","d=4.10",25,0.995979233047709
"A1","r1","NUC","d=4.10",25.5,0.997251616959173
"A1","r1","NUC","d=4.10",26,0.99748125807229
"A1","r1","NUC","d=4.10",26.5,0.997602894814188
"A1","r1","NUC","d=4.10",27,0.997078518373478
"A1","r1","NUC","d=4.10",27.5,0.996137484805405
"A1","r1","NUC","d=4.10",28,0.995497299649563
"A1","r1","NUC","d=4.10",28.5,0.995468918706086
"A1","r1","NUC","d=4.10",29,0.995495152533756
"A1","r1","NUC","d=4.10",29.5,0.996496790965741
"A1","r1","NUC","d=4.10",30,0.996378827325719
"A2","r5","CSR","d=0.00",0,0.992307933701238
"A2","r5","CSR","d=0.00",0.5,0.990354550912089
"A2","r5","CSR","d=0.00",1,0.988667588271128
"A2","r5","CSR","d=0.00",1.5,0.987396261081697
"A2","r5","CSR","d=0.00",2,0.987607218391011
"A2","r5","CSR","d=0.00",2.5,0.987823718779839
"A2","r5","CSR","d=0.00",3,0.989796921421018
"A2","r5","CSR","d=0.00",3.5,0.992233144888909
"A2","r5","CSR","d=0.00",4,0.994141921801611
"A2","r5","CSR","d=0.00",4.5,0.994133925153293
"A2","r5","CSR","d=0.00",5,0.99449636773897
"A2","r5","CSR","d=0.00",5.5,0.994304062465555
"A2","r5","CSR","d=0.00",6,0.995274376577873
"A2","r5","CSR","d=0.00",6.5,0.996679991249961
"A2","r5","CSR","d=0.00",7,0.998063989604495
"A2","r5","CSR","d=0.00",7.5,0.999264678800816
"A2","r5","CSR","d=0.00",8,0.999253987715499
"A2","r5","CSR","d=0.00",8.5,0.999129430665139
"A2","r5","CSR","d=0.00",9,0.999798092458578
"A2","r5","CSR","d=0.00",9.5,1.0006521241677
"A2","r5","CSR","d=0.00",10,1.00158647686815
"A2","r5","CSR","d=0.00",10.5,1.00141771972218
"A2","r5","CSR","d=0.00",11,1.00088836097978
"A2","r5","CSR","d=0.00",11.5,1.00084797796618
"A2","r5","CSR","d=0.00",12,1.00015785699176
"A2","r5","CSR","d=0.00",12.5,1.0003160308113
"A2","r5","CSR","d=0.00",13,1.00125279815797
"A2","r5","CSR","d=0.00",13.5,1.00231454837894
"A2","r5","CSR","d=0.00",14,1.00291652455771
"A2","r5","CSR","d=0.00",14.5,1.00254933831986
"A2","r5","CSR","d=0.00",15,1.00207378742758
"A2","r5","CSR","d=0.00",15.5,1.00101496777731
"A2","r5","CSR","d=0.00",16,1.00026088909865
"A2","r5","CSR","d=0.00",16.5,0.999921604639768
"A2","r5","CSR","d=0.00",17,1.00051409271474
"A2","r5","CSR","d=0.00",17.5,1.0010425477968
"A2","r5","CSR","d=0.00",18,1.0003630767027
"A2","r5","CSR","d=0.00",18.5,0.999228003454946
"A2","r5","CSR","d=0.00",19,0.998228217477179
"A2","r5","CSR","d=0.00",19.5,0.997552645415637
"A2","r5","CSR","d=0.00",20,0.997764043860127
"A2","r5","CSR","d=0.00",20.5,0.999078445912088
"A2","r5","CSR","d=0.00",21,1.00091901030265
"A2","r5","CSR","d=0.00",21.5,1.00222287437576
"A2","r5","CSR","d=0.00",22,1.00274913972326
"A2","r5","CSR","d=0.00",22.5,1.00258470678475
"A2","r5","CSR","d=0.00",23,1.00148520852076
"A2","r5","CSR","d=0.00",23.5,1.00062514813675
"A2","r5","CSR","d=0.00",24,1.00057663738618
"A2","r5","CSR","d=0.00",24.5,1.00037369274977
"A2","r5","CSR","d=0.00",25,0.999608332951588
"A2","r5","CSR","d=0.00",25.5,0.999496855929137
"A2","r5","CSR","d=0.00",26,0.999742347225052
"A2","r5","CSR","d=0.00",26.5,0.999631583771308
"A2","r5","CSR","d=0.00",27,0.999619855717365
"A2","r5","CSR","d=0.00",27.5,0.999658991404243
"A2","r5","CSR","d=0.00",28,0.999783712332379
"A2","r5","CSR","d=0.00",28.5,0.999349195578095
"A2","r5","CSR","d=0.00",29,0.998788828331835
"A2","r5","CSR","d=0.00",29.5,0.998857877534086
"A2","r5","CSR","d=0.00",30,0.998924082802397
"A2","r5","PD","d=3.98",0,1.40553621321506e-16
"A2","r5","PD","d=3.98",0.5,1.77287083547462e-19
"A2","r5","PD","d=3.98",1,2.66651882991658e-17
"A2","r5","PD","d=3.98",1.5,3.48218622419831e-17
"A2","r5","PD","d=3.98",2,3.89114471211409e-17
"A2","r5","PD","d=3.98",2.5,0.0307682893492115
"A2","r5","PD","d=3.98",3,0.15479220856957
"A2","r5","PD","d=3.98",3.5,0.342115373399351
"A2","r5","PD","d=3.98",4,0.557492542408571
"A2","r5","PD","d=3.98",4.5,0.766850180453875
"A2","r5","PD","d=3.98",5,0.937090914503663
"A2","r5","PD","d=3.98",5.5,1.03662732763427
"A2","r5","PD","d=3.98",6,1.0413420225164
"A2","r5","PD","d=3.98",6.5,1.02392051259169
"A2","r5","PD","d=3.98",7,1.01071069556333
"A2","r5","PD","d=3.98",7.5,1.00300695550689
"A2","r5","PD","d=3.98",8,0.998755779588867
"A2","r5","PD","d=3.98",8.5,0.997175238986939
"A2","r5","PD","d=3.98",9,0.998012687902744
"A2","r5","PD","d=3.98",9.5,0.99902744253208
"A2","r5","PD","d=3.98",10,0.999022307425054
"A2","r5","PD","d=3.98",10.5,0.999099485204689
"A2","r5","PD","d=3.98",11,0.999549853592624
"A2","r5","PD","d=3.98",11.5,1.00048321343905
"A2","r5","PD","d=3.98",12,1.00031162066933
"A2","r5","PD","d=3.98",12.5,1.00152459749336
"A2","r5","PD","d=3.98",13,1.00309166604217
"A2","r5","PD","d=3.98",13.5,1.0028846942952
"A2","r5","PD","d=3.98",14,1.00145954194108
"A2","r5","PD","d=3.98",14.5,0.999675391880865
"A2","r5","PD","d=3.98",15,0.99723287217714
"A2","r5","PD","d=3.98",15.5,0.995448171793733
"A2","r5","PD","d=3.98",16,0.994571486920987
"A2","r5","PD","d=3.98",16.5,0.995877818275559
"A2","r5","PD","d=3.98",17,0.99811096119909
"A2","r5","PD","d=3.98",17.5,0.999238299507758
"A2","r5","PD","d=3.98",18,0.999786750866023
"A2","r5","PD","d=3.98",18.5,0.999214155871463
"A2","r5","PD","d=3.98",19,0.998256562349659
"A2","r5","PD","d=3.98",19.5,0.997574775356831
"A2","r5","PD","d=3.98",20,0.997578256834876
"A2","r5","PD","d=3.98",20.5,0.997958981700991
"A2","r5","PD","d=3.98",21,0.998634609826085
"A2","r5","PD","d=3.98",21.5,0.998761612977841
"A2","r5","PD","d=3.98",22,0.998864560919777
"A2","r5","PD","d=3.98",22.5,0.998582248956421
"A2","r5","PD","d=3.98",23,0.998589029873586
"A2","r5","PD","d=3.98",23.5,0.998852286834158
"A2","r5","PD","d=3.98",24,0.999048955747114
"A2","r5","PD","d=3.98",24.5,0.999919368656654
"A2","r5","PD","d=3.98",25,1.00056712529603
"A2","r5","PD","d=3.98",25.5,1.00091693668601
"A2","r5","PD","d=3.98",26,1.0008251377074
"A2","r5","PD","d=3.98",26.5,1.0005732515621
"A2","r5","PD","d=3.98",27,1.00070129447973
"A2","r5","PD","d=3.98",27.5,1.00067457794157
"A2","r5","PD","d=3.98",28,1.00071347355508
"A2","r5","PD","d=3.98",28.5,1.00091492398593
"A2","r5","PD","d=3.98",29,1.00092318495756
"A2","r5","PD","d=3.98",29.5,1.00077831664493
"A2","r5","PD","d=3.98",30,1.00025510219051
"A2","r5","NUC","d=6.30",0,1.61780322870364e-16
"A2","r5","NUC","d=6.30",0.5,2.19879117393884e-17
"A2","r5","NUC","d=6.30",1,4.5135100034289e-17
"A2","r5","NUC","d=6.30",1.5,3.06521739481381e-17
"A2","r5","NUC","d=6.30",2,4.62173575759848e-17
"A2","r5","NUC","d=6.30",2.5,0
"A2","r5","NUC","d=6.30",3,1.10592020260995e-18
"A2","r5","NUC","d=6.30",3.5,4.16863024633219e-17
"A2","r5","NUC","d=6.30",4,0
"A2","r5","NUC","d=6.30",4.5,0.00101012222781508
"A2","r5","NUC","d=6.30",5,0.0831642111800222
"A2","r5","NUC","d=6.30",5.5,0.270841257566571
"A2","r5","NUC","d=6.30",6,0.518659884515053
"A2","r5","NUC","d=6.30",6.5,0.781038140403715
"A2","r5","NUC","d=6.30",7,1.01404763335697
"A2","r5","NUC","d=6.30",7.5,1.1774707961008
"A2","r5","NUC","d=6.30",8,1.23366147127216
"A2","r5","NUC","d=6.30",8.5,1.18956136787701
"A2","r5","NUC","d=6.30",9,1.14248485534079
"A2","r5","NUC","d=6.30",9.5,1.09979589793207
"A2","r5","NUC","d=6.30",10,1.06256103091868
"A2","r5","NUC","d=6.30",10.5,1.03175820034535
"A2","r5","NUC","d=6.30",11,1.00636454072365
"A2","r5","NUC","d=6.30",11.5,0.986524957319913
"A2","r5","NUC","d=6.30",12,0.974955664393768
"A2","r5","NUC","d=6.30",12.5,0.971913111143169
"A2","r5","NUC","d=6.30",13,0.974032952112439
"A2","r5","NUC","d=6.30",13.5,0.978500649538309
"A2","r5","NUC","d=6.30",14,0.984216639674119
"A2","r5","NUC","d=6.30",14.5,0.990001573959512
"A2","r5","NUC","d=6.30",15,0.993485564140351
"A2","r5","NUC","d=6.30",15.5,0.995010622523801
"A2","r5","NUC","d=6.30",16,0.99562263223298
"A2","r5","NUC","d=6.30",16.5,0.996077107835403
"A2","r5","NUC","d=6.30",17,0.996474564587227
"A2","r5","NUC","d=6.30",17.5,0.996358327180369
"A2","r5","NUC","d=6.30",18,0.996736900726648
"A2","r5","NUC","d=6.30",18.5,0.997384081507431
"A2","r5","NUC","d=6.30",19,0.996967887432594
"A2","r5","NUC","d=6.30",19.5,0.996724829342768
"A2","r5","NUC","d=6.30",20,0.996816196446242
"A2","r5","NUC","d=6.30",20.5,0.996956576763437
"A2","r5","NUC","d=6.30",21,0.996415287827116
"A2","r5","NUC","d=6.30",21.5,0.995839548559922
"A2","r5","NUC","d=6.30",22,0.995539326558475
"A2","r5","NUC","d=6.30",22.5,0.995354282110148
"A2","r5","NUC","d=6.30",23,0.99511038503147
"A2","r5","NUC","d=6.30",23.5,0.995374499413176
"A2","r5","NUC","d=6.30",24,0.995664574655458
"A2","r5","NUC","d=6.30",24.5,0.995014079365573
"A2","r5","NUC","d=6.30",25,0.994852495702585
"A2","r5","NUC","d=6.30",25.5,0.994848208245319
"A2","r5","NUC","d=6.30",26,0.994924477920877
"A2","r5","NUC","d=6.30",26.5,0.99560911395812
"A2","r5","NUC","d=6.30",27,0.99635007561925
"A2","r5","NUC","d=6.30",27.5,0.996889078864402
"A2","r5","NUC","d=6.30",28,0.99694205091222
"A2","r5","NUC","d=6.30",28.5,0.996567021194231
"A2","r5","NUC","d=6.30",29,0.996275639855568
"A2","r5","NUC","d=6.30",29.5,0.99598302694648
"A2","r5","NUC","d=6.30",30,0.995805537555935
"A3","r1","CSR","d=0.00",0,0.962700080517336
"A3","r1","CSR","d=0.00",0.5,0.977510929374806
"A3","r1","CSR","d=0.00",1,0.988748799898218
"A3","r1","CSR","d=0.00",1.5,0.996171480379147
"A3","r1","CSR","d=0.00",2,1.00197904618374
"A3","r1","CSR","d=0.00",2.5,1.00440235717681
"A3","r1","CSR","d=0.00",3,1.00372286945598
"A3","r1","CSR","d=0.00",3.5,1.00161390133421
"A3","r1","CSR","d=0.00",4,0.99679837984997
"A3","r1","CSR","d=0.00",4.5,0.993071389147936
"A3","r1","CSR","d=0.00",5,0.993703928662387
"A3","r1","CSR","d=0.00",5.5,0.998698030699823
"A3","r1","CSR","d=0.00",6,1.00276566560826
"A3","r1","CSR","d=0.00",6.5,1.00456414138624
"A3","r1","CSR","d=0.00",7,1.00263679332857
"A3","r1","CSR","d=0.00",7.5,1.00182002593367
"A3","r1","CSR","d=0.00",8,1.00123212503416
"A3","r1","CSR","d=0.00",8.5,1.00078844958717
"A3","r1","CSR","d=0.00",9,1.00187237854409
"A3","r1","CSR","d=0.00",9.5,1.00217130741663
"A3","r1","CSR","d=0.00",10,1.00310220601189
"A3","r1","CSR","d=0.00",10.5,1.00488680259763
"A3","r1","CSR","d=0.00",11,1.0034630904354
"A3","r1","CSR","d=0.00",11.5,1.0004209882866
"A3","r1","CSR","d=0.00",12,0.997171445333952
"A3","r1","CSR","d=0.00",12.5,0.994950737347334
"A3","r1","CSR","d=0.00",13,0.994285000001484
"A3","r1","CSR","d=0.00",13.5,0.993821794825319
"A3","r1","CSR","d=0.00",14,0.99406539811511
"A3","r1","CSR","d=0.00",14.5,0.993382100328565
"A3","r1","CSR","d=0.00",15,0.994315921693839
"A3","r1","CSR","d=0.00",15.5,0.995167008254472
"A3","r1","CSR","d=0.00",16,0.995335476720458
"A3","r1","CSR","d=0.00",16.5,0.995508841766336
"A3","r1","CSR","d=0.00",17,0.997274325756364
"A3","r1","CSR","d=0.00",17.5,0.999653390660715
"A3","r1","CSR","d=0.00",18,1.00125502031523
"A3","r1","CSR","d=0.00",18.5,1.00235467366443
"A3","r1","CSR","d=0.00",19,1.00338782433894
"A3","r1","CSR","d=0.00",19.5,1.00266780630913
"A3","r1","CSR","d=0.00",20,1.00290642104536
"A3","r1","CSR","d=0.00",20.5,1.00252978791809
"A3","r1","CSR","d=0.00",21,1.00057813308294
"A3","r1","CSR","d=0.00",21.5,0.998986953024995
"A3","r1","CSR","d=0.00",22,0.998995555611121
"A3","r1","CSR","d=0.00",22.5,0.998373200774788
"A3","r1","CSR","d=0.00",23,0.997138909341543
"A3","r1","CSR","d=0.00",23.5,0.99655288146474
"A3","r1","CSR","d=0.00",24,0.995930506953678
"A3","r1","CSR","d=0.00",24.5,0.996030468291904
"A3","r1","CSR","d=0.00",25,0.997865117677172
"A3","r1","CSR","d=0.00",25.5,0.999757984633652
"A3","r1","CSR","d=0.00",26,1.00061459666101
"A3","r1","CSR","d=0.00",26.5,1.00253760051704
"A3","r1","CSR","d=0.00",27,1.0026051276949
"A3","r1","CSR","d=0.00",27.5,1.0010134104235
"A3","r1","CSR","d=0.00",28,0.999661032555374
"A3","r1","CSR","d=0.00",28.5,0.998005228349301
"A3","r1","CSR","d=0.00",29,0.997933696228629
"A3","r1","CSR","d=0.00",29.5,0.999186380607651
"A3","r1","CSR","d=0.00",30,0.999653632820269
"A3","r1","PD","d=6.76",0,6.593076063893e-17
"A3","r1","PD","d=6.76",0.5,1.39705950280269e-16
"A3","r1","PD","d=6.76",1,7.55881828161578e-17
"A3","r1","PD","d=6.76",1.5,1.02184698506797e-16
"A3","r1","PD","d=6.76",2,2.01336188289538e-18
"A3","r1","PD","d=6.76",2.5,6.03723070064331e-18
"A3","r1","PD","d=6.76",3,3.72621212568966e-17
"A3","r1","PD","d=6.76",3.5,0
"A3","r1","PD","d=6.76",4,5.26792747987764e-18
"A3","r1","PD","d=6.76",4.5,0.000892033750474642
"A3","r1","PD","d=6.76",5,0.0472512583610446
"A3","r1","PD","d=6.76",5.5,0.151941863370412
"A3","r1","PD","d=6.76",6,0.298034251239682
"A3","r1","PD","d=6.76",6.5,0.46788892453462
"A3","r1","PD","d=6.76",7,0.644634769512467
"A3","r1","PD","d=6.76",7.5,0.810148060282919
"A3","r1","PD","d=6.76",8,0.947924437609583
"A3","r1","PD","d=6.76",8.5,1.04041482187728
"A3","r1","PD","d=6.76",9,1.07332902668589
"A3","r1","PD","d=6.76",9.5,1.06253944771841
"A3","r1","PD","d=6.76",10,1.05006172356553
"A3","r1","PD","d=6.76",10.5,1.03929507072971
"A3","r1","PD","d=6.76",11,1.02968202817494
"A3","r1","PD","d=6.76",11.5,1.02268543814459
"A3","r1","PD","d=6.76",12,1.01712479776767
"A3","r1","PD","d=6.76",12.5,1.01213088650678
"A3","r1","PD","d=6.76",13,1.00697841919701
"A3","r1","PD","d=6.76",13.5,1.00227268976207
"A3","r1","PD","d=6.76",14,0.99905669236255
"A3","r1","PD","d=6.76",14.5,0.996217470199538
"A3","r1","PD","d=6.76",15,0.992267796986793
"A3","r1","PD","d=6.76",15.5,0.989186101282292
"A3","r1","PD","d=6.76",16,0.986473116464195
"A3","r1","PD","d=6.76",16.5,0.986769997691403
"A3","r1","PD","d=6.76",17,0.98856352913479
"A3","r1","PD","d=6.76",17.5,0.989972633716173
"A3","r1","PD","d=6.76",18,0.992664333732323
"A3","r1","PD","d=6.76",18.5,0.99493540086119
"A3","r1","PD","d=6.76",19,0.997686446184754
"A3","r1","PD","d=6.76",19.5,0.999859868062366
"A3","r1","PD","d=6.76",20,1.00128222294948
"A3","r1","PD","d=6.76",20.5,1.00194955675327
"A3","r1","PD","d=6.76",21,1.00311295137203
"A3","r1","PD","d=6.76",21.5,1.00511705971703
"A3","r1","PD","d=6.76",22,1.00497885922869
"A3","r1","PD","d=6.76",22.5,1.00435069159532
"A3","r1","PD","d=6.76",23,1.0024614270001
"A3","r1","PD","d=6.76",23.5,1.00040003269254
"A3","r1","PD","d=6.76",24,0.999550460851805
"A3","r1","PD","d=6.76",24.5,0.998651067779247
"A3","r1","PD","d=6.76",25,0.999588060318476
"A3","r1","PD","d=6.76",25.5,1.00102919293108
"A3","r1","PD","d=6.76",26,1.00248572900002
"A3","r1","PD","d=6.76",26.5,1.0027275325222
"A3","r1","PD","d=6.76",27,1.00193137457995
"A3","r1","PD","d=6.76",27.5,1.00103477229347
"A3","r1","PD","d=6.76",28,0.999038129293344
"A3","r1","PD","d=6.76",28.5,0.99755616027724
"A3","r1","PD","d=6.76",29,0.996803976088066
"A3","r1","PD","d=6.76",29.5,0.99669291491636
"A3","r1","PD","d=6.76",30,0.997815303170722
"A3","r1","NUC","d=6.30",0,6.09983594633657e-17
"A3","r1","NUC","d=6.30",0.5,1.23525686160909e-16
"A3","r1","NUC","d=6.30",1,5.53430412318034e-17
"A3","r1","NUC","d=6.30",1.5,8.28832752024399e-17
"A3","r1","NUC","d=6.30",2,8.01411792536774e-18
"A3","r1","NUC","d=6.30",2.5,2.29229554944193e-17
"A3","r1","NUC","d=6.30",3,4.52614243248462e-17
"A3","r1","NUC","d=6.30",3.5,5.89629722991901e-19
"A3","r1","NUC","d=6.30",4,0.000198321140933096
"A3","r1","NUC","d=6.30",4.5,0.0382910888055117
"A3","r1","NUC","d=6.30",5,0.135105504665782
"A3","r1","NUC","d=6.30",5.5,0.275103315440131
"A3","r1","NUC","d=6.30",6,0.439679731450985
"A3","r1","NUC","d=6.30",6.5,0.61222344226295
"A3","r1","NUC","d=6.30",7,0.77569933677656
"A3","r1","NUC","d=6.30",7.5,0.914127467700601
"A3","r1","NUC","d=6.30",8,1.01305871592029
"A3","r1","NUC","d=6.30",8.5,1.05444536817507
"A3","r1","NUC","d=6.30",9,1.04753521244511
"A3","r1","NUC","d=6.30",9.5,1.03880123964665
"A3","r1","NUC","d=6.30",10,1.03213463714215
"A3","r1","NUC","d=6.30",10.5,1.02749404400377
"A3","r1","NUC","d=6.30",11,1.02423247345602
"A3","r1","NUC","d=6.30",11.5,1.0199109489655
"A3","r1","NUC","d=6.30",12,1.01462360841505
"A3","r1","NUC","d=6.30",12.5,1.01077726056851
"A3","r1","NUC","d=6.30",13,1.00530518911859
"A3","r1","NUC","d=6.30",13.5,1.00119607283144
"A3","r1","NUC","d=6.30",14,0.999133994971362
"A3","r1","NUC","d=6.30",14.5,0.997208860562454
"A3","r1","NUC","d=6.30",15,0.996681453653746
"A3","r1","NUC","d=6.30",15.5,0.997407922464038
"A3","r1","NUC","d=6.30",16,0.998714504801036
"A3","r1","NUC","d=6.30",16.5,1.0005914990236
"A3","r1","NUC","d=6.30",17,1.00092941309572
"A3","r1","NUC","d=6.30",17.5,0.999109103095041
"A3","r1","NUC","d=6.30",18,0.997791390068628
"A3","r1","NUC","d=6.30",18.5,0.997855867278946
"A3","r1","NUC","d=6.30",19,0.998169716264737
"A3","r1","NUC","d=6.30",19.5,0.99911177323603
"A3","r1","NUC","d=6.30",20,1.00040484981631
"A3","r1","NUC","d=6.30",20.5,1.0014360950534
"A3","r1","NUC","d=6.30",21,1.0034064232341
"A3","r1","NUC","d=6.30",21.5,1.00459826928464
"A3","r1","NUC","d=6.30",22,1.00427404886536
"A3","r1","NUC","d=6.30",22.5,1.00385881274616
"A3","r1","NUC","d=6.30",23,1.00302149469963
"A3","r1","NUC","d=6.30",23.5,1.00167250791155
"A3","r1","NUC","d=6.30",24,0.999930233876462
"A3","r1","NUC","d=6.30",24.5,0.999591188581267
"A3","r1","NUC","d=6.30",25,0.999746276232715
"A3","r1","NUC","d=6.30",25.5,0.99951101477185
"A3","r1","NUC","d=6.30",26,0.998978081945892
"A3","r1","NUC","d=6.30",26.5,0.9982256485097
"A3","r1","NUC","d=6.30",27,0.997095583252818
"A3","r1","NUC","d=6.30",27.5,0.996315688529498
"A3","r1","NUC","d=6.30",28,0.994819085216719
"A3","r1","NUC","d=6.30",28.5,0.992788539084251
"A3","r1","NUC","d=6.30",29,0.992294987349686
"A3","r1","NUC","d=6.30",29.5,0.992378063368873
"A3","r1","NUC","d=6.30",30,0.992718188852015
"A3","r2","CSR","d=0.00",0,1.01046870595257
"A3","r2","CSR","d=0.00",0.5,1.01284184805177
"A3","r2","CSR","d=0.00",1,1.0137676951346
"A3","r2","CSR","d=0.00",1.5,1.01471968212259
"A3","r2","CSR","d=0.00",2,1.0148202515718
"A3","r2","CSR","d=0.00",2.5,1.01424193451262
"A3","r2","CSR","d=0.00",3,1.01085661655356
"A3","r2","CSR","d=0.00",3.5,1.00655853593114
"A3","r2","CSR","d=0.00",4,1.00189603404588
"A3","r2","CSR","d=0.00",4.5,0.997469147080205
"A3","r2","CSR","d=0.00",5,0.995429996712407
"A3","r2","CSR","d=0.00",5.5,0.992995436835015
"A3","r2","CSR","d=0.00",6,0.991748904212903
"A3","r2","CSR","d=0.00",6.5,0.991220843609147
"A3","r2","CSR","d=0.00",7,0.992217286455193
"A3","r2","CSR","d=0.00",7.5,0.994122969867977
"A3","r2","CSR","d=0.00",8,0.995495886853613
"A3","r2","CSR","d=0.00",8.5,0.99582913756969
"A3","r2","CSR","d=0.00",9,0.997499634474475
"A3","r2","CSR","d=0.00",9.5,0.997599070338375
"A3","r2","CSR","d=0.00",10,0.997586347410364
"A3","r2","CSR","d=0.00",10.5,0.997890017528765
"A3","r2","CSR","d=0.00",11,0.997350836644646
"A3","r2","CSR","d=0.00",11.5,0.997083286637313
"A3","r2","CSR","d=0.00",12,0.996998564015266
"A3","r2","CSR","d=0.00",12.5,0.996870168261983
"A3","r2","CSR","d=0.00",13,0.998491186732848
"A3","r2","CSR","d=0.00",13.5,0.999852028260654
"A3","r2","CSR","d=0.00",14,1.00059331303073
"A3","r2","CSR","d=0.00",14.5,1.00265851129702
"A3","r2","CSR","d=0.00",15,1.00364178276071
"A3","r2","CSR","d=0.00",15.5,1.00543940676698
"A3","r2","CSR","d=0.00",16,1.00685474284738
"A3","r2","CSR","d=0.00",16.5,1.00763788451466
"A3","r2","CSR","d=0.00",17,1.0080740480943
"A3","r2","CSR","d=0.00",17.5,1.00744667506536
"A3","r2","CSR","d=0.00",18,1.00591860796798
"A3","r2","CSR","d=0.00",18.5,1.00477719157631
"A3","r2","CSR","d=0.00",19,1.0031069743147
"A3","r2","CSR","d=0.00",19.5,1.00156943241275
"A3","r2","CSR","d=0.00",20,1.00020544566345
"A3","r2","CSR","d=0.00",20.5,0.998678016423764
"A3","r2","CSR","d=0.00",21,0.997549625817721
"A3","r2","CSR","d=0.00",21.5,0.995679662273013
"A3","r2","CSR","d=0.00",22,0.994728127634126
"A3","r2","CSR","d=0.00",22.5,0.993704062148172
"A3","r2","CSR","d=0.00",23,0.993311024510643
"A3","r2","CSR","d=0.00",23.5,0.993425053257434
"A3","r2","CSR","d=0.00",24,0.993807970405463
"A3","r2","CSR","d=0.00",24.5,0.994557436598715
"A3","r2","CSR","d=0.00",25,0.99611841656382
"A3","r2","CSR","d=0.00",25.5,0.997656117318775
"A3","r2","CSR","d=0.00",26,0.999150256118292
"A3","r2","CSR","d=0.00",26.5,1.00072467688836
"A3","r2","CSR","d=0.00",27,1.00106036171497
"A3","r2","CSR","d=0.00",27.5,1.00099685639696
"A3","r2","CSR","d=0.00",28,1.00051565604428
"A3","r2","CSR","d=0.00",28.5,1.00106967987936
"A3","r2","CSR","d=0.00",29,1.00131950645275
"A3","r2","CSR","d=0.00",29.5,1.0016235140043
"A3","r2","CSR","d=0.00",30,1.00175363186315
"A3","r2","PD","d=6.76",0,1.05729911342891e-16
"A3","r2","PD","d=6.76",0.5,2.86254138288408e-17
"A3","r2","PD","d=6.76",1,7.8200356903015e-17
"A3","r2","PD","d=6.76",1.5,2.7859464360548e-19
"A3","r2","PD","d=6.76",2,7.86788611836495e-18
"A3","r2","PD","d=6.76",2.5,2.4775221036649e-17
"A3","r2","PD","d=6.76",3,0
"A3","r2","PD","d=6.76",3.5,0
"A3","r2","PD","d=6.76",4,8.61954827147946e-12
"A3","r2","PD","d=6.76",4.5,0.019552562162069
"A3","r2","PD","d=6.76",5,0.0877684686668514
"A3","r2","PD","d=6.76",5.5,0.194118165684083
"A3","r2","PD","d=6.76",6,0.326900013577796
"A3","r2","PD","d=6.76",6.5,0.476046580089476
"A3","r2","PD","d=6.76",7,0.627470593669995
"A3","r2","PD","d=6.76",7.5,0.770872609654029
"A3","r2","PD","d=6.76",8,0.896367653313283
"A3","r2","PD","d=6.76",8.5,0.993308375587596
"A3","r2","PD","d=6.76",9,1.05105793223499
"A3","r2","PD","d=6.76",9.5,1.05992026195894
"A3","r2","PD","d=6.76",10,1.04729923738549
"A3","r2","PD","d=6.76",10.5,1.03541858504783
"A3","r2","PD","d=6.76",11,1.02551368408176
"A3","r2","PD","d=6.76",11.5,1.01709456242496
"A3","r2","PD","d=6.76",12,1.01173865851827
"A3","r2","PD","d=6.76",12.5,1.00575328081546
"A3","r2","PD","d=6.76",13,1.00085278187811
"A3","r2","PD","d=6.76",13.5,0.997422002881767
"A3","r2","PD","d=6.76",14,0.995359632042752
"A3","r2","PD","d=6.76",14.5,0.994135332931687
"A3","r2","PD","d=6.76",15,0.994474353772054
"A3","r2","PD","d=6.76",15.5,0.994368524053994
"A3","r2","PD","d=6.76",16,0.994524211243812
"A3","r2","PD","d=6.76",16.5,0.994641000741502
"A3","r2","PD","d=6.76",17,0.995669149374068
"A3","r2","PD","d=6.76",17.5,0.996186065695833
"A3","r2","PD","d=6.76",18,0.997188146946574
"A3","r2","PD","d=6.76",18.5,0.998136968887303
"A3","r2","PD","d=6.76",19,0.999100408266744
"A3","r2","PD","d=6.76",19.5,0.999623534188934
"A3","r2","PD","d=6.76",20,1.00067291199867
"A3","r2","PD","d=6.76",20.5,1.00210442965434
"A3","r2","PD","d=6.76",21,1.00358037402412
"A3","r2","PD","d=6.76",21.5,1.00400307768371
"A3","r2","PD","d=6.76",22,1.00404565085637
"A3","r2","PD","d=6.76",22.5,1.00286622281057
"A3","r2","PD","d=6.76",23,1.00129564214537
"A3","r2","PD","d=6.76",23.5,0.999452210827373
"A3","r2","PD","d=6.76",24,0.997350832409966
"A3","r2","PD","d=6.76",24.5,0.995112759945436
"A3","r2","PD","d=6.76",25,0.992975875003079
"A3","r2","PD","d=6.76",25.5,0.992414430082007
"A3","r2","PD","d=6.76",26,0.992362834897761
"A3","r2","PD","d=6.76",26.5,0.992298274349666
"A3","r2","PD","d=6.76",27,0.99291998914305
"A3","r2","PD","d=6.76",27.5,0.993427351358206
"A3","r2","PD","d=6.76",28,0.993295461604546
"A3","r2","PD","d=6.76",28.5,0.993974009754627
"A3","r2","PD","d=6.76",29,0.99518540190701
"A3","r2","PD","d=6.76",29.5,0.996591871800947
"A3","r2","PD","d=6.76",30,0.997274604159572
"A3","r2","NUC","d=6.30",0,8.92122296294178e-17
"A3","r2","NUC","d=6.30",0.5,1.2172267928505e-17
"A3","r2","NUC","d=6.30",1,8.71078215452692e-17
"A3","r2","NUC","d=6.30",1.5,1.3929732180274e-19
"A3","r2","NUC","d=6.30",2,3.234635007914e-18
"A3","r2","NUC","d=6.30",2.5,4.9579775871012e-17
"A3","r2","NUC","d=6.30",3,0
"A3","r2","NUC","d=6.30",3.5,5.25154740411846e-19
"A3","r2","NUC","d=6.30",4,0.0159972750645308
"A3","r2","NUC","d=6.30",4.5,0.0806169138270939
"A3","r2","NUC","d=6.30",5,0.185638265001571
"A3","r2","NUC","d=6.30",5.5,0.317117682916699
"A3","r2","NUC","d=6.30",6,0.462530167905766
"A3","r2","NUC","d=6.30",6.5,0.612163499157875
"A3","r2","NUC","d=6.30",7,0.755533882581386
"A3","r2","NUC","d=6.30",7.5,0.881178218536012
"A3","r2","NUC","d=6.30",8,0.979280823235903
"A3","r2","NUC","d=6.30",8.5,1.03838298129024
"A3","r2","NUC","d=6.30",9,1.04942442638614
"A3","r2","NUC","d=6.30",9.5,1.03595843833203
"A3","r2","NUC","d=6.30",10,1.02553534493777
"A3","r2","NUC","d=6.30",10.5,1.01888774719459
"A3","r2","NUC","d=6.30",11,1.01205423406489
"A3","r2","NUC","d=6.30",11.5,1.00671825134562
"A3","r2","NUC","d=6.30",12,1.00543007597012
"A3","r2","NUC","d=6.30",12.5,1.00463394319945
"A3","r2","NUC","d=6.30",13,1.00347808484049
"A3","r2","NUC","d=6.30",13.5,1.00298049304289
"A3","r2","NUC","d=6.30",14,1.00275164639896
"A3","r2","NUC","d=6.30",14.5,1.00234612931721
"A3","r2","NUC","d=6.30",15,1.00029685935366
"A3","r2","NUC","d=6.30",15.5,0.998907135371897
"A3","r2","NUC","d=6.30",16,0.996828249705714
"A3","r2","NUC","d=6.30",16.5,0.994144751729815
"A3","r2","NUC","d=6.30",17,0.994279179409451
"A3","r2","NUC","d=6.30",17.5,0.996114676557692
"A3","r2","NUC","d=6.30",18,0.996604174614348
"A3","r2","NUC","d=6.30",18.5,0.995609482915221
"A3","r2","NUC","d=6.30",19,0.994629469926876
"A3","r2","NUC","d=6.30",19.5,0.994347521252684
"A3","r2","NUC","d=6.30",20,0.994281296191915
"A3","r2","NUC","d=6.30",20.5,0.993251209915024
"A3","r2","NUC","d=6.30",21,0.993018562148578
"A3","r2","NUC","d=6.30",21.5,0.993450209703429
"A3","r2","NUC","d=6.30",22,0.995653562527781
"A3","r2","NUC","d=6.30",22.5,0.99826364281125
"A3","r2","NUC","d=6.30",23,1.00111268353009
"A3","r2","NUC","d=6.30",23.5,1.00257454172514
"A3","r2","NUC","d=6.30",24,1.00193924155291
"A3","r2","NUC","d=6.30",24.5,1.00023241906074
"A3","r2","NUC","d=6.30",25,0.999249765163859
"A3","r2","NUC","d=6.30",25.5,0.997830807223306
"A3","r2","NUC","d=6.30",26,0.995693086446318
"A3","r2","NUC","d=6.30",26.5,0.994549278219447
"A3","r2","NUC","d=6.30",27,0.994472340925174
"A3","r2","NUC","d=6.30",27.5,0.99522747169288
"A3","r2","NUC","d=6.30",28,0.995975329432024
"A3","r2","NUC","d=6.30",28.5,0.997338028370137
"A3","r2","NUC","d=6.30",29,0.998940814871688
"A3","r2","NUC","d=6.30",29.5,0.999501476789191
"A3","r2","NUC","d=6.30",30,0.999357699105654
"A3","r3","CSR","d=0.00",0,1.01249152534211
"A3","r3","CSR","d=0.00",0.5,1.00151092441954
"A3","r3","CSR","d=0.00",1,0.99019933417906
"A3","r3","CSR","d=0.00",1.5,0.982204458937617
"A3","r3","CSR","d=0.00",2,0.973602441754696
"A3","r3","CSR","d=0.00",2.5,0.965509731661618
"A3","r3","CSR","d=0.00",3,0.968027759799575
"A3","r3","CSR","d=0.00",3.5,0.972182938572457
"A3","r3","CSR","d=0.00",4,0.976119061130319
"A3","r3","CSR","d=0.00",4.5,0.978834379680544
"A3","r3","CSR","d=0.00",5,0.981537263736686
"A3","r3","CSR","d=0.00",5.5,0.980785230098921
"A3","r3","CSR","d=0.00",6,0.981919713031592
"A3","r3","CSR","d=0.00",6.5,0.982317748939085
"A3","r3","CSR","d=0.00",7,0.985277224115111
"A3","r3","CSR","d=0.00",7.5,0.990737612587892
"A3","r3","CSR","d=0.00",8,0.997780326875068
"A3","r3","CSR","d=0.00",8.5,1.00473418829031
"A3","r3","CSR","d=0.00",9,1.01078577398262
"A3","r3","CSR","d=0.00",9.5,1.0132287632726
"A3","r3","CSR","d=0.00",10,1.01231206149885
"A3","r3","CSR","d=0.00",10.5,1.00933889924963
"A3","r3","CSR","d=0.00",11,1.00523430418417
"A3","r3","CSR","d=0.00",11.5,1.00013491918849
"A3","r3","CSR","d=0.00",12,0.996556876840541
"A3","r3","CSR","d=0.00",12.5,0.993282025215359
"A3","r3","CSR","d=0.00",13,0.99275333039639
"A3","r3","CSR","d=0.00",13.5,0.994760674954183
"A3","r3","CSR","d=0.00",14,0.995557778340297
"A3","r3","CSR","d=0.00",14.5,0.995486903575385
"A3","r3","CSR","d=0.00",15,0.997550054750337
"A3","r3","CSR","d=0.00",15.5,0.99980584845485
"A3","r3","CSR","d=0.00",16,0.999824825390321
"A3","r3","CSR","d=0.00",16.5,0.999777537724695
"A3","r3","CSR","d=0.00",17,0.999945708908964
"A3","r3","CSR","d=0.00",17.5,1.00031009030029
"A3","r3","CSR","d=0.00",18,1.00137133974509
"A3","r3","CSR","d=0.00",18.5,1.00183977779107
"A3","r3","CSR","d=0.00",19,1.00036474161466
"A3","r3","CSR","d=0.00",19.5,0.999639548970891
"A3","r3","CSR","d=0.00",20,0.998878353745189
"A3","r3","CSR","d=0.00",20.5,0.996997643184761
"A3","r3","CSR","d=0.00",21,0.993893054733268
"A3","r3","CSR","d=0.00",21.5,0.991064133595753
"A3","r3","CSR","d=0.00",22,0.990076964049039
"A3","r3","CSR","d=0.00",22.5,0.990099584830904
"A3","r3","CSR","d=0.00",23,0.991847400222109
"A3","r3","CSR","d=0.00",23.5,0.99540056643002
"A3","r3","CSR","d=0.00",24,0.998089390265701
"A3","r3","CSR","d=0.00",24.5,0.999941715988028
"A3","r3","CSR","d=0.00",25,1.00200009715678
"A3","r3","CSR","d=0.00",25.5,1.00247537858972
"A3","r3","CSR","d=0.00",26,1.00128621277088
"A3","r3","CSR","d=0.00",26.5,1.00022954828752
"A3","r3","CSR","d=0.00",27,0.999334795890693
"A3","r3","CSR","d=0.00",27.5,0.99932829072314
"A3","r3","CSR","d=0.00",28,1.00042975687125
"A3","r3","CSR","d=0.00",28.5,1.0014402190815
"A3","r3","CSR","d=0.00",29,1.00182073106112
"A3","r3","CSR","d=0.00",29.5,1.00150263015142
"A3","r3","CSR","d=0.00",30,1.00106841351191
"A3","r3","PD","d=6.76",0,8.2409626554673e-17
"A3","r3","PD","d=6.76",0.5,1.05657026616688e-16
"A3","r3","PD","d=6.76",1,4.20991108398682e-17
"A3","r3","PD","d=6.76",1.5,8.29872298638668e-17
"A3","r3","PD","d=6.76",2,1.02383587046818e-18
"A3","r3","PD","d=6.76",2.5,4.15142210544624e-18
"A3","r3","PD","d=6.76",3,4.23360922621687e-17
"A3","r3","PD","d=6.76",3.5,0
"A3","r3","PD","d=6.76",4,9.13960813832639e-19
"A3","r3","PD","d=6.76",4.5,0.00037409323670487
"A3","r3","PD","d=6.76",5,0.0425565146605228
"A3","r3","PD","d=6.76",5.5,0.146104052132576
"A3","r3","PD","d=6.76",6,0.293149365224891
"A3","r3","PD","d=6.76",6.5,0.46717504557458
"A3","r3","PD","d=6.76",7,0.647288877327044
"A3","r3","PD","d=6.76",7.5,0.815594103665023
"A3","r3","PD","d=6.76",8,0.954874383860956
"A3","r3","PD","d=6.76",8.5,1.04892342182362
"A3","r3","PD","d=6.76",9,1.08036983745492
"A3","r3","PD","d=6.76",9.5,1.06713370844924
"A3","r3","PD","d=6.76",10,1.05127618260692
"A3","r3","PD","d=6.76",10.5,1.0368874780515
"A3","r3","PD","d=6.76",11,1.02773879526944
"A3","r3","PD","d=6.76",11.5,1.02009009375274
"A3","r3","PD","d=6.76",12,1.01203218581139
"A3","r3","PD","d=6.76",12.5,1.00403345451319
"A3","r3","PD","d=6.76",13,0.998058829149709
"A3","r3","PD","d=6.76",13.5,0.993888231983997
"A3","r3","PD","d=6.76",14,0.99225032525198
"A3","r3","PD","d=6.76",14.5,0.989363977468476
"A3","r3","PD","d=6.76",15,0.987741960891049
"A3","r3","PD","d=6.76",15.5,0.989095265371888
"A3","r3","PD","d=6.76",16,0.992597039738161
"A3","r3","PD","d=6.76",16.5,0.996702951254171
"A3","r3","PD","d=6.76",17,1.00056258084725
"A3","r3","PD","d=6.76",17.5,1.00285431195101
"A3","r3","PD","d=6.76",18,1.00306277593078
"A3","r3","PD","d=6.76",18.5,1.00355060100731
"A3","r3","PD","d=6.76",19,1.00321088709829
"A3","r3","PD","d=6.76",19.5,1.00192606201005
"A3","r3","PD","d=6.76",20,0.99920831596393
"A3","r3","PD","d=6.76",20.5,0.997360059294952
"A3","r3","PD","d=6.76",21,0.996468302166765
"A3","r3","PD","d=6.76",21.5,0.997429733739413
"A3","r3","PD","d=6.76",22,0.998222896881114
"A3","r3","PD","d=6.76",22.5,0.998534407299567
"A3","r3","PD","d=6.76",23,0.999278879929057
"A3","r3","PD","d=6.76",23.5,1.0013093639526
"A3","r3","PD","d=6.76",24,1.00293626460986
"A3","r3","PD","d=6.76",24.5,1.00255728041201
"A3","r3","PD","d=6.76",25,1.00263233951771
"A3","r3","PD","d=6.76",25.5,1.00272008892834
"A3","r3","PD","d=6.76",26,1.00206094924536
"A3","r3","PD","d=6.76",26.5,1.00097871128622
"A3","r3","PD","d=6.76",27,0.999021277681206
"A3","r3","PD","d=6.76",27.5,0.996710362048864
"A3","r3","PD","d=6.76",28,0.995286497429649
"A3","r3","PD","d=6.76",28.5,0.994754094974957
"A3","r3","PD","d=6.76",29,0.994195420681973
"A3","r3","PD","d=6.76",29.5,0.993410069108604
"A3","r3","PD","d=6.76",30,0.99348263485133
"A3","r3","NUC","d=6.30",0,4.38251109085686e-17
"A3","r3","NUC","d=6.30",0.5,6.53982700142344e-17
"A3","r3","NUC","d=6.30",1,2.06088716085765e-17
"A3","r3","NUC","d=6.30",1.5,4.64508330120155e-17
"A3","r3","NUC","d=6.30",2,1.02383587046818e-18
"A3","r3","NUC","d=6.30",2.5,3.16781660321322e-18
"A3","r3","NUC","d=6.30",3,2.74522000298843e-17
"A3","r3","NUC","d=6.30",3.5,7.70695360442722e-19
"A3","r3","NUC","d=6.30",4,0.000135887881839294
"A3","r3","NUC","d=6.30",4.5,0.0349442648297086
"A3","r3","NUC","d=6.30",5,0.131225551905137
"A3","r3","NUC","d=6.30",5.5,0.271184232041526
"A3","r3","NUC","d=6.30",6,0.43764602475764
"A3","r3","NUC","d=6.30",6.5,0.612424491211299
"A3","r3","NUC","d=6.30",7,0.779104011422224
"A3","r3","NUC","d=6.30",7.5,0.919284908113638
"A3","r3","NUC","d=6.30",8,1.01615435036889
"A3","r3","NUC","d=6.30",8.5,1.05431374169758
"A3","r3","NUC","d=6.30",9,1.0465039344272
"A3","r3","NUC","d=6.30",9.5,1.03754189104437
"A3","r3","NUC","d=6.30",10,1.02822164557211
"A3","r3","NUC","d=6.30",10.5,1.01935286274276
"A3","r3","NUC","d=6.30",11,1.01107105016981
"A3","r3","NUC","d=6.30",11.5,1.00576776715329
"A3","r3","NUC","d=6.30",12,1.00273405682781
"A3","r3","NUC","d=6.30",12.5,0.999900763743653
"A3","r3","NUC","d=6.30",13,0.999138346597195
"A3","r3","NUC","d=6.30",13.5,0.999882736521448
"A3","r3","NUC","d=6.30",14,1.00119331922652
"A3","r3","NUC","d=6.30",14.5,1.00267017947593
"A3","r3","NUC","d=6.30",15,1.00130346546021
"A3","r3","NUC","d=6.30",15.5,0.999752205105968
"A3","r3","NUC","d=6.30",16,0.997928011404291
"A3","r3","NUC","d=6.30",16.5,0.997801034770533
"A3","r3","NUC","d=6.30",17,0.997202371159218
"A3","r3","NUC","d=6.30",17.5,0.996376469498301
"A3","r3","NUC","d=6.30",18,0.995627598540963
"A3","r3","NUC","d=6.30",18.5,0.994761989292913
"A3","r3","NUC","d=6.30",19,0.99613600212267
"A3","r3","NUC","d=6.30",19.5,0.997428929090347
"A3","r3","NUC","d=6.30",20,0.998562743223963
"A3","r3","NUC","d=6.30",20.5,0.999737517113117
"A3","r3","NUC","d=6.30",21,1.00106159730291
"A3","r3","NUC","d=6.30",21.5,1.00185874073013
"A3","r3","NUC","d=6.30",22,1.00168703070589
"A3","r3","NUC","d=6.30",22.5,1.00078938760655
"A3","r3","NUC","d=6.30",23,1.00006500895862
"A3","r3","NUC","d=6.30",23.5,1.00032916592988
"A3","r3","NUC","d=6.30",24,1.00192225075501
"A3","r3","NUC","d=6.30",24.5,1.00219055498454
"A3","r3","NUC","d=6.30",25,1.00195683293192
"A3","r3","NUC","d=6.30",25.5,1.00084210253768
"A3","r3","NUC","d=6.30",26,0.998738464390818
"A3","r3","NUC","d=6.30",26.5,0.997017470290352
"A3","r3","NUC","d=6.30",27,0.995140614925213
"A3","r3","NUC","d=6.30",27.5,0.994037878846509
"A3","r3","NUC","d=6.30",28,0.994163280293535
"A3","r3","NUC","d=6.30",28.5,0.996047416990106
"A3","r3","NUC","d=6.30",29,0.998386716145323
"A3","r3","NUC","d=6.30",29.5,0.999868009737867
"A3","r3","NUC","d=6.30",30,1.00005421867587
"A3","r4","CSR","d=0.00",0,1.03010350914717
"A3","r4","CSR","d=0.00",0.5,1.01718045042562
"A3","r4","CSR","d=0.00",1,1.00358784576348
"A3","r4","CSR","d=0.00",1.5,0.995363094379116
"A3","r4","CSR","d=0.00",2,0.986041544275323
"A3","r4","CSR","d=0.00",2.5,0.984762419448378
"A3","r4","CSR","d=0.00",3,0.989110747394923
"A3","r4","CSR","d=0.00",3.5,0.995038541737706
"A3","r4","CSR","d=0.00",4,1.00292765366234
"A3","r4","CSR","d=0.00",4.5,1.01058709939187
"A3","r4","CSR","d=0.00",5,1.01562977429424
"A3","r4","CSR","d=0.00",5.5,1.01657159050455
"A3","r4","CSR","d=0.00",6,1.01713201703681
"A3","r4","CSR","d=0.00",6.5,1.01370202200616
"A3","r4","CSR","d=0.00",7,1.01017606950469
"A3","r4","CSR","d=0.00",7.5,1.00801568418455
"A3","r4","CSR","d=0.00",8,1.0052317305442
"A3","r4","CSR","d=0.00",8.5,1.00456528233952
"A3","r4","CSR","d=0.00",9,1.0030132569673
"A3","r4","CSR","d=0.00",9.5,1.00311278157848
"A3","r4","CSR","d=0.00",10,1.00212619429092
"A3","r4","CSR","d=0.00",10.5,1.0024888181037
"A3","r4","CSR","d=0.00",11,1.00459347437366
"A3","r4","CSR","d=0.00",11.5,1.0073729568744
"A3","r4","CSR","d=0.00",12,1.00706435824502
"A3","r4","CSR","d=0.00",12.5,1.00771474184655
"A3","r4","CSR","d=0.00",13,1.00596023461347
"A3","r4","CSR","d=0.00",13.5,1.00294344304518
"A3","r4","CSR","d=0.00",14,1.00077493150631
"A3","r4","CSR","d=0.00",14.5,0.997490694833754
"A3","r4","CSR","d=0.00",15,0.995657802548085
"A3","r4","CSR","d=0.00",15.5,0.996593788877125
"A3","r4","CSR","d=0.00",16,0.996272200729031
"A3","r4","CSR","d=0.00",16.5,0.996163752801842
"A3","r4","CSR","d=0.00",17,0.997038476032203
"A3","r4","CSR","d=0.00",17.5,0.995668734037776
"A3","r4","CSR","d=0.00",18,0.994222456658842
"A3","r4","CSR","d=0.00",18.5,0.994053971342439
"A3","r4","CSR","d=0.00",19,0.993267601233993
"A3","r4","CSR","d=0.00",19.5,0.99409144538269
"A3","r4","CSR","d=0.00",20,0.995641015331454
"A3","r4","CSR","d=0.00",20.5,0.99752535985899
"A3","r4","CSR","d=0.00",21,0.999072355487044
"A3","r4","CSR","d=0.00",21.5,1.00002540353562
"A3","r4","CSR","d=0.00",22,0.99992195006755
"A3","r4","CSR","d=0.00",22.5,1.00049072850519
"A3","r4","CSR","d=0.00",23,1.0033238280624
"A3","r4","CSR","d=0.00",23.5,1.00538185735864
"A3","r4","CSR","d=0.00",24,1.00681029952408
"A3","r4","CSR","d=0.00",24.5,1.00810921197991
"A3","r4","CSR","d=0.00",25,1.00847010808434
"A3","r4","CSR","d=0.00",25.5,1.0072749212266
"A3","r4","CSR","d=0.00",26,1.00543230561113
"A3","r4","CSR","d=0.00",26.5,1.00302427597724
"A3","r4","CSR","d=0.00",27,1.00135185829622
"A3","r4","CSR","d=0.00",27.5,1.0011472265063
"A3","r4","CSR","d=0.00",28,1.00058235622193
"A3","r4","CSR","d=0.00",28.5,0.998941565605593
"A3","r4","CSR","d=0.00",29,0.997405770885374
"A3","r4","CSR","d=0.00",29.5,0.995614219673556
"A3","r4","CSR","d=0.00",30,0.993475433096741
"A3","r4","PD","d=6.76",0,5.74639052680554e-17
"A3","r4","PD","d=6.76",0.5,1.36026918252996e-16
"A3","r4","PD","d=6.76",1,8.23782676289067e-17
"A3","r4","PD","d=6.76",1.5,8.42054271843756e-17
"A3","r4","PD","d=6.76",2,9.35190748253974e-17
"A3","r4","PD","d=6.76",2.5,4.98854453683057e-17
"A3","r4","PD","d=6.76",3,5.65226861402941e-17
"A3","r4","PD","d=6.76",3.5,1.44013435886791e-18
"A3","r4","PD","d=6.76",4,1.24739297085873e-17
"A3","r4","PD","d=6.76",4.5,1.88937008513127e-06
"A3","r4","PD","d=6.76",5,0.0283603833532188
"A3","r4","PD","d=6.76",5.5,0.128148559397274
"A3","r4","PD","d=6.76",6,0.278347413359335
"A3","r4","PD","d=6.76",6.5,0.458419462703839
"A3","r4","PD","d=6.76",7,0.645142773105436
"A3","r4","PD","d=6.76",7.5,0.820396123957109
"A3","r4","PD","d=6.76",8,0.962033927265256
"A3","r4","PD","d=6.76",8.5,1.05132130821519
"A3","r4","PD","d=6.76",9,1.06815503336396
"A3","r4","PD","d=6.76",9.5,1.05720255719039
"A3","r4","PD","d=6.76",10,1.04714114753262
"A3","r4","PD","d=6.76",10.5,1.0365603828554
"A3","r4","PD","d=6.76",11,1.02641401095425
"A3","r4","PD","d=6.76",11.5,1.01600242963986
"A3","r4","PD","d=6.76",12,1.00742306804687
"A3","r4","PD","d=6.76",12.5,0.999511212367117
"A3","r4","PD","d=6.76",13,0.994791101797615
"A3","r4","PD","d=6.76",13.5,0.991723292906369
"A3","r4","PD","d=6.76",14,0.993523388515682
"A3","r4","PD","d=6.76",14.5,0.995873918272193
"A3","r4","PD","d=6.76",15,0.996835752048035
"A3","r4","PD","d=6.76",15.5,0.998263760260652
"A3","r4","PD","d=6.76",16,0.999059587471239
"A3","r4","PD","d=6.76",16.5,0.998472179058647
"A3","r4","PD","d=6.76",17,0.996148379499634
"A3","r4","PD","d=6.76",17.5,0.993160597413174
"A3","r4","PD","d=6.76",18,0.991521164595094
"A3","r4","PD","d=6.76",18.5,0.992753038631891
"A3","r4","PD","d=6.76",19,0.992480637898425
"A3","r4","PD","d=6.76",19.5,0.992474996592084
"A3","r4","PD","d=6.76",20,0.994826915302936
"A3","r4","PD","d=6.76",20.5,0.996968887764165
"A3","r4","PD","d=6.76",21,0.998668884447266
"A3","r4","PD","d=6.76",21.5,1.00003739336011
"A3","r4","PD","d=6.76",22,1.00048519827678
"A3","r4","PD","d=6.76",22.5,1.0018412788792
"A3","r4","PD","d=6.76",23,1.00212527591173
"A3","r4","PD","d=6.76",23.5,1.00031139841087
"A3","r4","PD","d=6.76",24,0.998758527102773
"A3","r4","PD","d=6.76",24.5,0.997534738710617
"A3","r4","PD","d=6.76",25,0.996403191714306
"A3","r4","PD","d=6.76",25.5,0.995485205224329
"A3","r4","PD","d=6.76",26,0.995211779695701
"A3","r4","PD","d=6.76",26.5,0.994632352884596
"A3","r4","PD","d=6.76",27,0.995204692666057
"A3","r4","PD","d=6.76",27.5,0.996479804182692
"A3","r4","PD","d=6.76",28,0.997947567328256
"A3","r4","PD","d=6.76",28.5,1.00015851068957
"A3","r4","PD","d=6.76",29,1.00212403348933
"A3","r4","PD","d=6.76",29.5,1.00300259060842
"A3","r4","PD","d=6.76",30,1.00239876742181
"A3","r4","NUC","d=6.30",0,3.62938529849278e-17
"A3","r4","NUC","d=6.30",0.5,7.6063647762656e-17
"A3","r4","NUC","d=6.30",1,8.41555913779712e-17
"A3","r4","NUC","d=6.30",1.5,8.64075517998091e-17
"A3","r4","NUC","d=6.30",2,1.12604576911865e-16
"A3","r4","NUC","d=6.30",2.5,2.20682709166086e-17
"A3","r4","NUC","d=6.30",3,5.26113058433424e-17
"A3","r4","NUC","d=6.30",3.5,0
"A3","r4","NUC","d=6.30",4,1.36694225667461e-18
"A3","r4","NUC","d=6.30",4.5,0.0232811663128243
"A3","r4","NUC","d=6.30",5,0.117388657057892
"A3","r4","NUC","d=6.30",5.5,0.262018973256245
"A3","r4","NUC","d=6.30",6,0.435655222719103
"A3","r4","NUC","d=6.30",6.5,0.61813886313404
"A3","r4","NUC","d=6.30",7,0.792231094341939
"A3","r4","NUC","d=6.30",7.5,0.937057460746385
"A3","r4","NUC","d=6.30",8,1.02979811583788
"A3","r4","NUC","d=6.30",8.5,1.0534868141501
"A3","r4","NUC","d=6.30",9,1.04605372482455
"A3","r4","NUC","d=6.30",9.5,1.03951476210782
"A3","r4","NUC","d=6.30",10,1.03250556913486
"A3","r4","NUC","d=6.30",10.5,1.02520326622177
"A3","r4","NUC","d=6.30",11,1.0163195381785
"A3","r4","NUC","d=6.30",11.5,1.01073624297529
"A3","r4","NUC","d=6.30",12,1.00733668897648
"A3","r4","NUC","d=6.30",12.5,1.00299078692502
"A3","r4","NUC","d=6.30",13,0.998935000122604
"A3","r4","NUC","d=6.30",13.5,0.994167141910989
"A3","r4","NUC","d=6.30",14,0.989987024266434
"A3","r4","NUC","d=6.30",14.5,0.989329982598491
"A3","r4","NUC","d=6.30",15,0.991690385414693
"A3","r4","NUC","d=6.30",15.5,0.993774026673505
"A3","r4","NUC","d=6.30",16,0.995955563409413
"A3","r4","NUC","d=6.30",16.5,1.00039770327487
"A3","r4","NUC","d=6.30",17,1.00504087876445
"A3","r4","NUC","d=6.30",17.5,1.00677415485979
"A3","r4","NUC","d=6.30",18,1.00720090552837
"A3","r4","NUC","d=6.30",18.5,1.00480535425266
"A3","r4","NUC","d=6.30",19,1.00361063447528
"A3","r4","NUC","d=6.30",19.5,1.0031443974781
"A3","r4","NUC","d=6.30",20,1.00201345511521
"A3","r4","NUC","d=6.30",20.5,0.999527842305378
"A3","r4","NUC","d=6.30",21,0.997792532170086
"A3","r4","NUC","d=6.30",21.5,0.997569954763784
"A3","r4","NUC","d=6.30",22,0.998060108362775
"A3","r4","NUC","d=6.30",22.5,0.998678765760097
"A3","r4","NUC","d=6.30",23,0.997736120239133
"A3","r4","NUC","d=6.30",23.5,0.99772758877436
"A3","r4","NUC","d=6.30",24,0.998503175926796
"A3","r4","NUC","d=6.30",24.5,0.998686869537236
"A3","r4","NUC","d=6.30",25,0.998771989750151
"A3","r4","NUC","d=6.30",25.5,0.999030439574092
"A3","r4","NUC","d=6.30",26,0.999094901406421
"A3","r4","NUC","d=6.30",26.5,1.00007877158044
"A3","r4","NUC","d=6.30",27,1.0016024566032
"A3","r4","NUC","d=6.30",27.5,1.00180492724898
"A3","r4","NUC","d=6.30",28,1.00090124915555
"A3","r4","NUC","d=6.30",28.5,0.999196492855919
"A3","r4","NUC","d=6.30",29,0.997064867393811
"A3","r4","NUC","d=6.30",29.5,0.996037801990623
"A3","r4","NUC","d=6.30",30,0.995732510085222
"A3","r5","CSR","d=0.00",0,0.936457092446306
"A3","r5","CSR","d=0.00",0.5,0.9469791559819
"A3","r5","CSR","d=0.00",1,0.958996991644221
"A3","r5","CSR","d=0.00",1.5,0.971074145139236
"A3","r5","CSR","d=0.00",2,0.983843455403425
"A3","r5","CSR","d=0.00",2.5,0.99270843388237
"A3","r5","CSR","d=0.00",3,0.99545477680322
"A3","r5","CSR","d=0.00",3.5,0.99837377763305
"A3","r5","CSR","d=0.00",4,0.999120403712566
"A3","r5","CSR","d=0.00",4.5,0.996371336145943
"A3","r5","CSR","d=0.00",5,0.99165545006134
"A3","r5","CSR","d=0.00",5.5,0.990986780264949
"A3","r5","CSR","d=0.00",6,0.990414164830948
"A3","r5","CSR","d=0.00",6.5,0.990004633806326
"A3","r5","CSR","d=0.00",7,0.989835742500136
"A3","r5","CSR","d=0.00",7.5,0.992411131625931
"A3","r5","CSR","d=0.00",8,0.994387857213403
"A3","r5","CSR","d=0.00",8.5,0.994733312741469
"A3","r5","CSR","d=0.00",9,0.994228570570424
"A3","r5","CSR","d=0.00",9.5,0.996460881751727
"A3","r5","CSR","d=0.00",10,1.00027359192019
"A3","r5","CSR","d=0.00",10.5,1.00328374157138
"A3","r5","CSR","d=0.00",11,1.00463406048823
"A3","r5","CSR","d=0.00",11.5,1.00645981943466
"A3","r5","CSR","d=0.00",12,1.00900889218169
"A3","r5","CSR","d=0.00",12.5,1.01015916465655
"A3","r5","CSR","d=0.00",13,1.00786300802554
"A3","r5","CSR","d=0.00",13.5,1.00513673494095
"A3","r5","CSR","d=0.00",14,1.00328157046401
"A3","r5","CSR","d=0.00",14.5,1.0002724445952
"A3","r5","CSR","d=0.00",15,0.998327650290531
"A3","r5","CSR","d=0.00",15.5,0.997466295922093
"A3","r5","CSR","d=0.00",16,0.997957178238976
"A3","r5","CSR","d=0.00",16.5,1.00015858999661
"A3","r5","CSR","d=0.00",17,1.00165725113002
"A3","r5","CSR","d=0.00",17.5,1.00211529457945
"A3","r5","CSR","d=0.00",18,1.00141148016903
"A3","r5","CSR","d=0.00",18.5,1.00009012222081
"A3","r5","CSR","d=0.00",19,0.997619166056302
"A3","r5","CSR","d=0.00",19.5,0.996430701038953
"A3","r5","CSR","d=0.00",20,0.995103053995996
"A3","r5","CSR","d=0.00",20.5,0.994337630832302
"A3","r5","CSR","d=0.00",21,0.993281060261677
"A3","r5","CSR","d=0.00",21.5,0.991549508419863
"A3","r5","CSR","d=0.00",22,0.99162630319481
"A3","r5","CSR","d=0.00",22.5,0.991948127488682
"A3","r5","CSR","d=0.00",23,0.992260972225458
"A3","r5","CSR","d=0.00",23.5,0.993379805018317
"A3","r5","CSR","d=0.00",24,0.994067367959813
"A3","r5","CSR","d=0.00",24.5,0.995918877575221
"A3","r5","CSR","d=0.00",25,0.997673751537763
"A3","r5","CSR","d=0.00",25.5,0.998490251742301
"A3","r5","CSR","d=0.00",26,0.998624424239839
"A3","r5","CSR","d=0.00",26.5,1.00213629670221
"A3","r5","CSR","d=0.00",27,1.00650735793152
"A3","r5","CSR","d=0.00",27.5,1.00822204015664
"A3","r5","CSR","d=0.00",28,1.00826258599427
"A3","r5","CSR","d=0.00",28.5,1.00754350520377
"A3","r5","CSR","d=0.00",29,1.00523929489561
"A3","r5","CSR","d=0.00",29.5,1.00233710237097
"A3","r5","CSR","d=0.00",30,0.998304796947351
"A3","r5","PD","d=6.76",0,4.77526134534328e-17
"A3","r5","PD","d=6.76",0.5,1.02208301771666e-16
"A3","r5","PD","d=6.76",1,5.28011131605046e-17
"A3","r5","PD","d=6.76",1.5,6.22984561421759e-17
"A3","r5","PD","d=6.76",2,1.47001180389761e-16
"A3","r5","PD","d=6.76",2.5,3.52794795476935e-17
"A3","r5","PD","d=6.76",3,5.70490378891824e-17
"A3","r5","PD","d=6.76",3.5,2.81131358969625e-19
"A3","r5","PD","d=6.76",4,2.8059928883118e-18
"A3","r5","PD","d=6.76",4.5,0
"A3","r5","PD","d=6.76",5,0.0249789858582369
"A3","r5","PD","d=6.76",5.5,0.123392078263258
"A3","r5","PD","d=6.76",6,0.276313710134901
"A3","r5","PD","d=6.76",6.5,0.458903147253524
"A3","r5","PD","d=6.76",7,0.649519137390592
"A3","r5","PD","d=6.76",7.5,0.825901710142563
"A3","r5","PD","d=6.76",8,0.967521404733367
"A3","r5","PD","d=6.76",8.5,1.05404170021189
"A3","r5","PD","d=6.76",9,1.06951181120021
"A3","r5","PD","d=6.76",9.5,1.05720473341198
"A3","r5","PD","d=6.76",10,1.0475972596876
"A3","r5","PD","d=6.76",10.5,1.041049167995
"A3","r5","PD","d=6.76",11,1.03206344447278
"A3","r5","PD","d=6.76",11.5,1.02208102339557
"A3","r5","PD","d=6.76",12,1.01120784674256
"A3","r5","PD","d=6.76",12.5,1.00210258634914
"A3","r5","PD","d=6.76",13,0.994619515842876
"A3","r5","PD","d=6.76",13.5,0.990427734887413
"A3","r5","PD","d=6.76",14,0.988927212605131
"A3","r5","PD","d=6.76",14.5,0.989595156887871
"A3","r5","PD","d=6.76",15,0.991963935132197
"A3","r5","PD","d=6.76",15.5,0.99406043072037
"A3","r5","PD","d=6.76",16,0.995398629693336
"A3","r5","PD","d=6.76",16.5,0.997071612990702
"A3","r5","PD","d=6.76",17,0.998724052546757
"A3","r5","PD","d=6.76",17.5,0.999405299673653
"A3","r5","PD","d=6.76",18,1.00025996710935
"A3","r5","PD","d=6.76",18.5,1.00173719616648
"A3","r5","PD","d=6.76",19,1.00217089186572
"A3","r5","PD","d=6.76",19.5,1.00110877053176
"A3","r5","PD","d=6.76",20,0.999621880987422
"A3","r5","PD","d=6.76",20.5,0.996950655803676
"A3","r5","PD","d=6.76",21,0.994306918899218
"A3","r5","PD","d=6.76",21.5,0.991858211073472
"A3","r5","PD","d=6.76",22,0.990947409634096
"A3","r5","PD","d=6.76",22.5,0.991011761207743
"A3","r5","PD","d=6.76",23,0.993498000492985
"A3","r5","PD","d=6.76",23.5,0.996717634216699
"A3","r5","PD","d=6.76",24,1.00011071519856
"A3","r5","PD","d=6.76",24.5,1.0033192620096
"A3","r5","PD","d=6.76",25,1.00282554284096
"A3","r5","PD","d=6.76",25.5,0.999888970440041
"A3","r5","PD","d=6.76",26,0.997122935684083
"A3","r5","PD","d=6.76",26.5,0.995057111937405
"A3","r5","PD","d=6.76",27,0.992394001138579
"A3","r5","PD","d=6.76",27.5,0.991366193620896
"A3","r5","PD","d=6.76",28,0.991616175105783
"A3","r5","PD","d=6.76",28.5,0.994172753928433
"A3","r5","PD","d=6.76",29,0.997564852306296
"A3","r5","PD","d=6.76",29.5,0.999090846497308
"A3","r5","PD","d=6.76",30,0.999407499157621
"A3","r5","NUC","d=6.30",0,1.53947604139688e-17
"A3","r5","NUC","d=6.30",0.5,8.16156845768135e-17
"A3","r5","NUC","d=6.30",1,3.05407754478092e-17
"A3","r5","NUC","d=6.30",1.5,6.78731384362675e-17
"A3","r5","NUC","d=6.30",2,1.29807977569076e-16
"A3","r5","NUC","d=6.30",2.5,8.68178809548227e-18
"A3","r5","NUC","d=6.30",3,2.39584610693589e-17
"A3","r5","NUC","d=6.30",3.5,0
"A3","r5","NUC","d=6.30",4,5.6119857766236e-19
"A3","r5","NUC","d=6.30",4.5,0.0205437343058151
"A3","r5","NUC","d=6.30",5,0.115028439410382
"A3","r5","NUC","d=6.30",5.5,0.263190672868614
"A3","r5","NUC","d=6.30",6,0.443269746527008
"A3","r5","NUC","d=6.30",6.5,0.632777677241196
"A3","r5","NUC","d=6.30",7,0.809811520137868
"A3","r5","NUC","d=6.30",7.5,0.954405358292814
"A3","r5","NUC","d=6.30",8,1.04442491947541
"A3","r5","NUC","d=6.30",8.5,1.06328053093565
"A3","r5","NUC","d=6.30",9,1.05104465572227
"A3","r5","NUC","d=6.30",9.5,1.04159567890883
"A3","r5","NUC","d=6.30",10,1.03054777151675
"A3","r5","NUC","d=6.30",10.5,1.02022931054381
"A3","r5","NUC","d=6.30",11,1.01154516062259
"A3","r5","NUC","d=6.30",11.5,1.00434047317956
"A3","r5","NUC","d=6.30",12,0.999078033259261
"A3","r5","NUC","d=6.30",12.5,0.996908313847049
"A3","r5","NUC","d=6.30",13,0.996514744593583
"A3","r5","NUC","d=6.30",13.5,0.997875366445487
"A3","r5","NUC","d=6.30",14,1.00020127987918
"A3","r5","NUC","d=6.30",14.5,1.00077022252154
"A3","r5","NUC","d=6.30",15,1.00135173862778
"A3","r5","NUC","d=6.30",15.5,1.0014880746506
"A3","r5","NUC","d=6.30",16,1.00123239693486
"A3","r5","NUC","d=6.30",16.5,1.0009802823964
"A3","r5","NUC","d=6.30",17,1.00101946874596
"A3","r5","NUC","d=6.30",17.5,1.00039409335093
"A3","r5","NUC","d=6.30",18,1.00019726181699
"A3","r5","NUC","d=6.30",18.5,1.00025681516802
"A3","r5","NUC","d=6.30",19,0.999814611211129
"A3","r5","NUC","d=6.30",19.5,0.999610261328025
"A3","r5","NUC","d=6.30",20,0.999828528164102
"A3","r5","NUC","d=6.30",20.5,1.00058870249925
"A3","r5","NUC","d=6.30",21,1.00175252198054
"A3","r5","NUC","d=6.30",21.5,1.00222954752247
"A3","r5","NUC","d=6.30",22,1.00232863523236
"A3","r5","NUC","d=6.30",22.5,1.00205705407437
"A3","r5","NUC","d=6.30",23,0.999838759856433
"A3","r5","NUC","d=6.30",23.5,0.995783956063621
"A3","r5","NUC","d=6.30",24,0.992577270852141
"A3","r5","NUC","d=6.30",24.5,0.990757843788655
"A3","r5","NUC","d=6.30",25,0.989850055965931
"A3","r5","NUC","d=6.30",25.5,0.991420131324296
"A3","r5","NUC","d=6.30",26,0.993577468811608
"A3","r5","NUC","d=6.30",26.5,0.997053793374466
"A3","r5","NUC","d=6.30",27,1.00003089245795
"A3","r5","NUC","d=6.30",27.5,1.00192857089911
"A3","r5","NUC","d=6.30",28,1.00336754367392
"A3","r5","NUC","d=6.30",28.5,1.00455296932823
"A3","r5","NUC","d=6.30",29,1.00465392090965
"A3","r5","NUC","d=6.30",29.5,1.00325921616712
"A3","r5","NUC","d=6.30",30,1.00161918481675
"A4","f1","CSR","d=0.00",0,0.973550474784081
"A4","f1","CSR","d=0.00",0.5,0.98466662446202
"A4","f1","CSR","d=0.00",1,0.996503166059485
"A4","f1","CSR","d=0.00",1.5,1.00359929037041
"A4","f1","CSR","d=0.00",2,1.00304771846716
"A4","f1","CSR","d=0.00",2.5,1.00110191510447
"A4","f1","CSR","d=0.00",3,0.997628709129384
"A4","f1","CSR","d=0.00",3.5,0.997448236442305
"A4","f1","CSR","d=0.00",4,0.997872672030133
"A4","f1","CSR","d=0.00",4.5,1.00077609469489
"A4","f1","CSR","d=0.00",5,1.00083182580837
"A4","f1","CSR","d=0.00",5.5,1.00156138394912
"A4","f1","CSR","d=0.00",6,1.00115281632192
"A4","f1","CSR","d=0.00",6.5,1.00090404071968
"A4","f1","CSR","d=0.00",7,0.999528964254783
"A4","f1","CSR","d=0.00",7.5,0.998703749056169
"A4","f1","CSR","d=0.00",8,0.999056423760786
"A4","f1","CSR","d=0.00",8.5,1.00037016331896
"A4","f1","CSR","d=0.00",9,1.00166161255282
"A4","f1","CSR","d=0.00",9.5,1.00199552974381
"A4","f1","CSR","d=0.00",10,1.00318701310436
"A4","f1","CSR","d=0.00",10.5,1.00311422524006
"A4","f1","CSR","d=0.00",11,1.00103372292529
"A4","f1","CSR","d=0.00",11.5,0.998692460047078
"A4","f1","CSR","d=0.00",12,0.997772332976476
"A4","f1","CSR","d=0.00",12.5,0.998357111305271
"A4","f1","CSR","d=0.00",13,0.999439290075031
"A4","f1","CSR","d=0.00",13.5,1.00083038684396
"A4","f1","CSR","d=0.00",14,1.0008449232107
"A4","f1","CSR","d=0.00",14.5,1.00074663585344
"A4","f1","CSR","d=0.00",15,1.00075569006048
"A4","f1","CSR","d=0.00",15.5,1.00109223918846
"A4","f1","CSR","d=0.00",16,1.00131512612005
"A4","f1","CSR","d=0.00",16.5,1.00139457066136
"A4","f1","CSR","d=0.00",17,1.00082982959708
"A4","f1","CSR","d=0.00",17.5,0.999999378295156
"A4","f1","CSR","d=0.00",18,0.999864291445678
"A4","f1","CSR","d=0.00",18.5,0.999974613578664
"A4","f1","CSR","d=0.00",19,0.999340692211147
"A4","f1","CSR","d=0.00",19.5,0.998136369059239
"A4","f1","CSR","d=0.00",20,0.998514355062842
"A4","f1","CSR","d=0.00",20.5,0.999900218206468
"A4","f1","CSR","d=0.00",21,1.00093345636959
"A4","f1","CSR","d=0.00",21.5,1.00020915384182
"A4","f1","CSR","d=0.00",22,0.999155363063589
"A4","f1","CSR","d=0.00",22.5,0.999182377116813
"A4","f1","CSR","d=0.00",23,0.999924094720898
"A4","f1","CSR","d=0.00",23.5,1.00006426228371
"A4","f1","CSR","d=0.00",24,0.999387854585015
"A4","f1","CSR","d=0.00",24.5,0.999052475330544
"A4","f1","CSR","d=0.00",25,0.999154089962134
"A4","f1","CSR","d=0.00",25.5,0.999546671332592
"A4","f1","CSR","d=0.00",26,0.99990849207912
"A4","f1","CSR","d=0.00",26.5,0.999578471920666
"A4","f1","CSR","d=0.00",27,0.999189814583185
"A4","f1","CSR","d=0.00",27.5,0.999139697616724
"A4","f1","CSR","d=0.00",28,0.999303579710159
"A4","f1","CSR","d=0.00",28.5,0.998865820134255
"A4","f1","CSR","d=0.00",29,0.998357465852377
"A4","f1","CSR","d=0.00",29.5,0.998301806554256
"A4","f1","CSR","d=0.00",30,0.99823527796643
"A4","f1","PD","d=2.24",0,2.7163354955717e-17
"A4","f1","PD","d=2.24",0.5,3.33151509675679e-18
"A4","f1","PD","d=2.24",1,6.23651604008221e-17
"A4","f1","PD","d=2.24",1.5,0.042814555066958
"A4","f1","PD","d=2.24",2,0.34822982391271
"A4","f1","PD","d=2.24",2.5,0.755081038674612
"A4","f1","PD","d=2.24",3,1.03243577034727
"A4","f1","PD","d=2.24",3.5,1.03811894754347
"A4","f1","PD","d=2.24",4,1.01349471996276
"A4","f1","PD","d=2.24",4.5,1.00104688343959
"A4","f1","PD","d=2.24",5,0.998682008881501
"A4","f1","PD","d=2.24",5.5,0.997941694198578
"A4","f1","PD","d=2.24",6,0.998607264429049
"A4","f1","PD","d=2.24",6.5,0.99943189980488
"A4","f1","PD","d=2.24",7,1.00079700266578
"A4","f1","PD","d=2.24",7.5,1.00097975015828
"A4","f1","PD","d=2.24",8,1.00042626482227
"A4","f1","PD","d=2.24",8.5,0.999094167145953
"A4","f1","PD","d=2.24",9,0.998860705269595
"A4","f1","PD","d=2.24",9.5,0.999404252828636
"A4","f1","PD","d=2.24",10,1.00067215684526
"A4","f1","PD","d=2.24",10.5,1.00153178394765
"A4","f1","PD","d=2.24",11,1.00067365480623
"A4","f1","PD","d=2.24",11.5,0.999580039611435
"A4","f1","PD","d=2.24",12,0.999402078473595
"A4","f1","PD","d=2.24",12.5,0.999671135579774
"A4","f1","PD","d=2.24",13,0.99946769574108
"A4","f1","PD","d=2.24",13.5,0.999322744944119
"A4","f1","PD","d=2.24",14,0.999932658619989
"A4","f1","PD","d=2.24",14.5,1.00065480008806
"A4","f1","PD","d=2.24",15,1.00115611843997
"A4","f1","PD","d=2.24",15.5,1.00099366581417
"A4","f1","PD","d=2.24",16,1.00017800280225
"A4","f1","PD","d=2.24",16.5,0.999318465031749
"A4","f1","PD","d=2.24",17,0.999203166191584
"A4","f1","PD","d=2.24",17.5,0.999262797286857
"A4","f1","PD","d=2.24",18,1.00001576510626
"A4","f1","PD","d=2.24",18.5,1.00064817919195
"A4","f1","PD","d=2.24",19,1.00118615192668
"A4","f1","PD","d=2.24",19.5,1.00072681302939
"A4","f1","PD","d=2.24",20,0.99992559178596
"A4","f1","PD","d=2.24",20.5,0.999657668298276
"A4","f1","PD","d=2.24",21,0.999598112277551
"A4","f1","PD","d=2.24",21.5,0.999741577375295
"A4","f1","PD","d=2.24",22,0.99969275760951
"A4","f1","PD","d=2.24",22.5,0.999769482571828
"A4","f1","PD","d=2.24",23,0.999818887684496
"A4","f1","PD","d=2.24",23.5,0.9997670658236
"A4","f1","PD","d=2.24",24,1.00001148537541
"A4","f1","PD","d=2.24",24.5,0.999849471726971
"A4","f1","PD","d=2.24",25,0.99925410996403
"A4","f1","PD","d=2.24",25.5,0.999368652289776
"A4","f1","PD","d=2.24",26,1.00021990802113
"A4","f1","PD","d=2.24",26.5,1.00079337772005
"A4","f1","PD","d=2.24",27,1.00053723037017
"A4","f1","PD","d=2.24",27.5,1.00007801905508
"A4","f1","PD","d=2.24",28,1.00000570303616
"A4","f1","PD","d=2.24",28.5,0.999954342129003
"A4","f1","PD","d=2.24",29,0.999706251329489
"A4","f1","PD","d=2.24",29.5,0.999313702129631
"A4","f1","PD","d=2.24",30,0.998306863175128
"A4","f1","NUC","d=4.20",0,2.23448750312251e-18
"A4","f1","NUC","d=4.20",0.5,0
"A4","f1","NUC","d=4.20",1,8.65428744883769e-17
"A4","f1","NUC","d=4.20",1.5,1.09095669154869e-18
"A4","f1","NUC","d=4.20",2,2.92800989587384e-17
"A4","f1","NUC","d=4.20",2.5,5.77400284784854e-17
"A4","f1","NUC","d=4.20",3,4.15788190047384e-17
"A4","f1","NUC","d=4.20",3.5,0.0970677520484141
"A4","f1","NUC","d=4.20",4,0.60285649731176
"A4","f1","NUC","d=4.20",4.5,1.17846957494514
"A4","f1","NUC","d=4.20",5,1.46154212246861
"A4","f1","NUC","d=4.20",5.5,1.31745951254945
"A4","f1","NUC","d=4.20",6,1.17344296690612
"A4","f1","NUC","d=4.20",6.5,1.06549112890531
"A4","f1","NUC","d=4.20",7,0.988207190180634
"A4","f1","NUC","d=4.20",7.5,0.939316981059964
"A4","f1","NUC","d=4.20",8,0.921826738990106
"A4","f1","NUC","d=4.20",8.5,0.936220822689996
"A4","f1","NUC","d=4.20",9,0.966063502627796
"A4","f1","NUC","d=4.20",9.5,0.991736115300115
"A4","f1","NUC","d=4.20",10,1.00433189227146
"A4","f1","NUC","d=4.20",10.5,1.00783645857777
"A4","f1","NUC","d=4.20",11,1.00753049177159
"A4","f1","NUC","d=4.20",11.5,1.00435476386372
"A4","f1","NUC","d=4.20",12,1.00048544428511
"A4","f1","NUC","d=4.20",12.5,0.996278266134432
"A4","f1","NUC","d=4.20",13,0.994165221655704
"A4","f1","NUC","d=4.20",13.5,0.992956746139246
"A4","f1","NUC","d=4.20",14,0.992761036473606
"A4","f1","NUC","d=4.20",14.5,0.993413097173726
"A4","f1","NUC","d=4.20",15,0.995177985862082
"A4","f1","NUC","d=4.20",15.5,0.99625677296408
"A4","f1","NUC","d=4.20",16,0.99670625901154
"A4","f1","NUC","d=4.20",16.5,0.996150688627832
"A4","f1","NUC","d=4.20",17,0.99612550180337
"A4","f1","NUC","d=4.20",17.5,0.995843191319531
"A4","f1","NUC","d=4.20",18,0.995726382057636
"A4","f1","NUC","d=4.20",18.5,0.995620361340445
"A4","f1","NUC","d=4.20",19,0.995385824911033
"A4","f1","NUC","d=4.20",19.5,0.995286299512906
"A4","f1","NUC","d=4.20",20,0.995133020256928
"A4","f1","NUC","d=4.20",20.5,0.995234011397419
"A4","f1","NUC","d=4.20",21,0.995153727179834
"A4","f1","NUC","d=4.20",21.5,0.996046988466929
"A4","f1","NUC","d=4.20",22,0.996635430494972
"A4","f1","NUC","d=4.20",22.5,0.996165684210837
"A4","f1","NUC","d=4.20",23,0.995452061952966
"A4","f1","NUC","d=4.20",23.5,0.995247201855798
"A4","f1","NUC","d=4.20",24,0.995373787073302
"A4","f1","NUC","d=4.20",24.5,0.995628121446728
"A4","f1","NUC","d=4.20",25,0.995722127238598
"A4","f1","NUC","d=4.20",25.5,0.995837741885267
"A4","f1","NUC","d=4.20",26,0.995953759844142
"A4","f1","NUC","d=4.20",26.5,0.996107068745973
"A4","f1","NUC","d=4.20",27,0.995495748484859
"A4","f1","NUC","d=4.20",27.5,0.995112580132215
"A4","f1","NUC","d=4.20",28,0.995608136208553
"A4","f1","NUC","d=4.20",28.5,0.996214354648094
"A4","f1","NUC","d=4.20",29,0.996288700113509
"A4","f1","NUC","d=4.20",29.5,0.995896948551676
"A4","f1","NUC","d=4.20",30,0.995135158453158
"A4","f2","CSR","d=0.00",0,1.01829532978601
"A4","f2","CSR","d=0.00",0.5,1.00921830423016
"A4","f2","CSR","d=0.00",1,1.00201487890455
"A4","f2","CSR","d=0.00",1.5,1.00198263783361
"A4","f2","CSR","d=0.00",2,1.0012736269289
"A4","f2","CSR","d=0.00",2.5,1.00145290650156
"A4","f2","CSR","d=0.00",3,1.00128631094255
"A4","f2","CSR","d=0.00",3.5,1.00139119259684
"A4","f2","CSR","d=0.00",4,1.00101978838878
"A4","f2","CSR","d=0.00",4.5,1.00061534258635
"A4","f2","CSR","d=0.00",5,1.00255911958231
"A4","f2","CSR","d=0.00",5.5,1.00281770727191
"A4","f2","CSR","d=0.00",6,1.001938797447
"A4","f2","CSR","d=0.00",6.5,1.00103758523197
"A4","f2","CSR","d=0.00",7,1.00100861163314
"A4","f2","CSR","d=0.00",7.5,1.00111369805489
"A4","f2","CSR","d=0.00",8,1.00123835695863
"A4","f2","CSR","d=0.00",8.5,1.0020569506661
"A4","f2","CSR","d=0.00",9,1.0012899966533
"A4","f2","CSR","d=0.00",9.5,1.0004040172059
"A4","f2","CSR","d=0.00",10,1.00101991541835
"A4","f2","CSR","d=0.00",10.5,1.00231844117699
"A4","f2","CSR","d=0.00",11,1.00221682586591
"A4","f2","CSR","d=0.00",11.5,1.00169743898806
"A4","f2","CSR","d=0.00",12,1.00185710658902
"A4","f2","CSR","d=0.00",12.5,1.00140671026084
"A4","f2","CSR","d=0.00",13,1.00028100899571
"A4","f2","CSR","d=0.00",13.5,0.999983258880754
"A4","f2","CSR","d=0.00",14,0.999600206505357
"A4","f2","CSR","d=0.00",14.5,0.999503200954744
"A4","f2","CSR","d=0.00",15,0.999130257434449
"A4","f2","CSR","d=0.00",15.5,0.999125879179664
"A4","f2","CSR","d=0.00",16,0.999286759295082
"A4","f2","CSR","d=0.00",16.5,0.999598228055099
"A4","f2","CSR","d=0.00",17,0.999210375421137
"A4","f2","CSR","d=0.00",17.5,0.99914118067251
"A4","f2","CSR","d=0.00",18,0.999982695404859
"A4","f2","CSR","d=0.00",18.5,1.0001487685115
"A4","f2","CSR","d=0.00",19,0.999641213912602
"A4","f2","CSR","d=0.00",19.5,0.999367974930441
"A4","f2","CSR","d=0.00",20,0.999605125393699
"A4","f2","CSR","d=0.00",20.5,0.999313530564889
"A4","f2","CSR","d=0.00",21,0.999243695431864
"A4","f2","CSR","d=0.00",21.5,0.999212282123046
"A4","f2","CSR","d=0.00",22,0.999403351123243
"A4","f2","CSR","d=0.00",22.5,0.999788841391939
"A4","f2","CSR","d=0.00",23,1.00050872985699
"A4","f2","CSR","d=0.00",23.5,1.0015955868013
"A4","f2","CSR","d=0.00",24,1.00211673569262
"A4","f2","CSR","d=0.00",24.5,1.00090896772111
"A4","f2","CSR","d=0.00",25,0.999348946041967
"A4","f2","CSR","d=0.00",25.5,0.999433267131209
"A4","f2","CSR","d=0.00",26,1.00048024186276
"A4","f2","CSR","d=0.00",26.5,1.00102678372465
"A4","f2","CSR","d=0.00",27,1.00059152704003
"A4","f2","CSR","d=0.00",27.5,1.00009245079287
"A4","f2","CSR","d=0.00",28,0.99953138813009
"A4","f2","CSR","d=0.00",28.5,1.00008659500471
"A4","f2","CSR","d=0.00",29,1.00125967548763
"A4","f2","CSR","d=0.00",29.5,1.00162288620403
"A4","f2","CSR","d=0.00",30,1.00037223031482
"A4","f2","PD","d=2.24",0,6.85042261906851e-19
"A4","f2","PD","d=2.24",0.5,0
"A4","f2","PD","d=2.24",1,3.57070237018078e-17
"A4","f2","PD","d=2.24",1.5,0.0374183479431976
"A4","f2","PD","d=2.24",2,0.346029062525666
"A4","f2","PD","d=2.24",2.5,0.761705759172758
"A4","f2","PD","d=2.24",3,1.03671246660189
"A4","f2","PD","d=2.24",3.5,1.03614748210591
"A4","f2","PD","d=2.24",4,1.01210426832122
"A4","f2","PD","d=2.24",4.5,1.00045549566137
"A4","f2","PD","d=2.24",5,0.997730139114267
"A4","f2","PD","d=2.24",5.5,0.99921723071182
"A4","f2","PD","d=2.24",6,1.00058753178504
"A4","f2","PD","d=2.24",6.5,1.00091979925872
"A4","f2","PD","d=2.24",7,1.00006043103194
"A4","f2","PD","d=2.24",7.5,0.999653633497365
"A4","f2","PD","d=2.24",8,0.999755378367055
"A4","f2","PD","d=2.24",8.5,1.00060284910874
"A4","f2","PD","d=2.24",9,1.00029679073905
"A4","f2","PD","d=2.24",9.5,1.00021249383386
"A4","f2","PD","d=2.24",10,1.00111318605452
"A4","f2","PD","d=2.24",10.5,1.00079323154785
"A4","f2","PD","d=2.24",11,0.999892035533269
"A4","f2","PD","d=2.24",11.5,0.999801699762242
"A4","f2","PD","d=2.24",12,1.00009664078325
"A4","f2","PD","d=2.24",12.5,1.00040673632082
"A4","f2","PD","d=2.24",13,1.00048304752914
"A4","f2","PD","d=2.24",13.5,1.00122859622347
"A4","f2","PD","d=2.24",14,1.00053276537013
"A4","f2","PD","d=2.24",14.5,0.999804790319219
"A4","f2","PD","d=2.24",15,0.999323659533764
"A4","f2","PD","d=2.24",15.5,0.999282295097924
"A4","f2","PD","d=2.24",16,0.999059284062137
"A4","f2","PD","d=2.24",16.5,0.999991320519909
"A4","f2","PD","d=2.24",17,1.00100178828669
"A4","f2","PD","d=2.24",17.5,1.00089818326226
"A4","f2","PD","d=2.24",18,0.99984254870888
"A4","f2","PD","d=2.24",18.5,0.999305766134597
"A4","f2","PD","d=2.24",19,0.99907966111924
"A4","f2","PD","d=2.24",19.5,0.999598008625383
"A4","f2","PD","d=2.24",20,0.999844135529803
"A4","f2","PD","d=2.24",20.5,0.999902829856986
"A4","f2","PD","d=2.24",21,1.00006926579366
"A4","f2","PD","d=2.24",21.5,1.00065213598521
"A4","f2","PD","d=2.24",22,1.00051839940229
"A4","f2","PD","d=2.24",22.5,0.999806739752277
"A4","f2","PD","d=2.24",23,0.998943590211313
"A4","f2","PD","d=2.24",23.5,0.999101852990253
"A4","f2","PD","d=2.24",24,1.00033093669861
"A4","f2","PD","d=2.24",24.5,1.0011986278454
"A4","f2","PD","d=2.24",25,1.00089202685331
"A4","f2","PD","d=2.24",25.5,0.999769166246759
"A4","f2","PD","d=2.24",26,0.999027546724851
"A4","f2","PD","d=2.24",26.5,0.999097413035784
"A4","f2","PD","d=2.24",27,0.99967462069566
"A4","f2","PD","d=2.24",27.5,1.00010881736272
"A4","f2","PD","d=2.24",28,1.00006139543779
"A4","f2","PD","d=2.24",28.5,1.00029617537766
"A4","f2","PD","d=2.24",29,1.00042153778992
"A4","f2","PD","d=2.24",29.5,1.00059088850845
"A4","f2","PD","d=2.24",30,0.999872648727778
"A4","f2","NUC","d=4.20",0,1.79386612848388e-18
"A4","f2","NUC","d=4.20",0.5,0
"A4","f2","NUC","d=4.20",1,3.23781754570872e-17
"A4","f2","NUC","d=4.20",1.5,0
"A4","f2","NUC","d=4.20",2,2.71567613949513e-17
"A4","f2","NUC","d=4.20",2.5,4.02878088945421e-17
"A4","f2","NUC","d=4.20",3,5.31733637691336e-17
"A4","f2","NUC","d=4.20",3.5,0.0885558699529102
"A4","f2","NUC","d=4.20",4,0.599724328257011
"A4","f2","NUC","d=4.20",4.5,1.18966623791878
"A4","f2","NUC","d=4.20",5,1.4684203069512
"A4","f2","NUC","d=4.20",5.5,1.31807017132496
"A4","f2","NUC","d=4.20",6,1.17521391387371
"A4","f2","NUC","d=4.20",6.5,1.06644478537262
"A4","f2","NUC","d=4.20",7,0.989027699648763
"A4","f2","NUC","d=4.20",7.5,0.939075593819227
"A4","f2","NUC","d=4.20",8,0.921311921353556
"A4","f2","NUC","d=4.20",8.5,0.935341064541022
"A4","f2","NUC","d=4.20",9,0.967044496249412
"A4","f2","NUC","d=4.20",9.5,0.994045077823085
"A4","f2","NUC","d=4.20",10,1.00700590581104
"A4","f2","NUC","d=4.20",10.5,1.01035619022705
"A4","f2","NUC","d=4.20",11,1.00866892181993
"A4","f2","NUC","d=4.20",11.5,1.00515143025064
"A4","f2","NUC","d=4.20",12,0.9994700401862
"A4","f2","NUC","d=4.20",12.5,0.995780178181719
"A4","f2","NUC","d=4.20",13,0.993728346263343
"A4","f2","NUC","d=4.20",13.5,0.993835260025968
"A4","f2","NUC","d=4.20",14,0.994857485588217
"A4","f2","NUC","d=4.20",14.5,0.996763111209755
"A4","f2","NUC","d=4.20",15,0.997290663754802
"A4","f2","NUC","d=4.20",15.5,0.996889120282963
"A4","f2","NUC","d=4.20",16,0.996917865889326
"A4","f2","NUC","d=4.20",16.5,0.996971077121506
"A4","f2","NUC","d=4.20",17,0.997271990768296
"A4","f2","NUC","d=4.20",17.5,0.997159863778169
"A4","f2","NUC","d=4.20",18,0.997740096666935
"A4","f2","NUC","d=4.20",18.5,0.997376584107681
"A4","f2","NUC","d=4.20",19,0.996338550334373
"A4","f2","NUC","d=4.20",19.5,0.995054523523011
"A4","f2","NUC","d=4.20",20,0.995693871560057
"A4","f2","NUC","d=4.20",20.5,0.99656534091905
"A4","f2","NUC","d=4.20",21,0.996973255204906
"A4","f2","NUC","d=4.20",21.5,0.997370951476649
"A4","f2","NUC","d=4.20",22,0.99827535076316
"A4","f2","NUC","d=4.20",22.5,0.998114856706425
"A4","f2","NUC","d=4.20",23,0.996866571411836
"A4","f2","NUC","d=4.20",23.5,0.99601409574526
"A4","f2","NUC","d=4.20",24,0.996121670646172
"A4","f2","NUC","d=4.20",24.5,0.996391895075058
"A4","f2","NUC","d=4.20",25,0.996919217978708
"A4","f2","NUC","d=4.20",25.5,0.99774432655836
"A4","f2","NUC","d=4.20",26,0.998054137051795
"A4","f2","NUC","d=4.20",26.5,0.997344744798526
"A4","f2","NUC","d=4.20",27,0.995870737787962
"A4","f2","NUC","d=4.20",27.5,0.99579271878614
"A4","f2","NUC","d=4.20",28,0.996547184151824
"A4","f2","NUC","d=4.20",28.5,0.997073180587971
"A4","f2","NUC","d=4.20",29,0.996757503783324
"A4","f2","NUC","d=4.20",29.5,0.996779184511443
"A4","f2","NUC","d=4.20",30,0.99701076130881
"A4","p1","CSR","d=0.00",0,1.01452288609744
"A4","p1","CSR","d=0.00",0.5,1.0033303636484
"A4","p1","CSR","d=0.00",1,0.997138796951819
"A4","p1","CSR","d=0.00",1.5,0.999371881596287
"A4","p1","CSR","d=0.00",2,1.00220394712793
"A4","p1","CSR","d=0.00",2.5,1.00178361245128
"A4","p1","CSR","d=0.00",3,1.00286799231469
"A4","p1","CSR","d=0.00",3.5,1.00236049769155
"A4","p1","CSR","d=0.00",4,1.00193857305904
"A4","p1","CSR","d=0.00",4.5,1.00140656836354
"A4","p1","CSR","d=0.00",5,1.00115098738104
"A4","p1","CSR","d=0.00",5.5,1.00164592464449
"A4","p1","CSR","d=0.00",6,1.00137635857246
"A4","p1","CSR","d=0.00",6.5,1.00043784354023
"A4","p1","CSR","d=0.00",7,0.99984225336555
"A4","p1","CSR","d=0.00",7.5,1.00051393481307
"A4","p1","CSR","d=0.00",8,1.00027818022109
"A4","p1","CSR","d=0.00",8.5,1.00056087094298
"A4","p1","CSR","d=0.00",9,1.00058041901547
"A4","p1","CSR","d=0.00",9.5,1.00059204749823
"A4","p1","CSR","d=0.00",10,1.00080295293979
"A4","p1","CSR","d=0.00",10.5,1.00047895519563
"A4","p1","CSR","d=0.00",11,0.999175654125828
"A4","p1","CSR","d=0.00",11.5,0.998214140269427
"A4","p1","CSR","d=0.00",12,0.999483513229967
"A4","p1","CSR","d=0.00",12.5,1.0009468338304
"A4","p1","CSR","d=0.00",13,1.00196167818108
"A4","p1","CSR","d=0.00",13.5,1.00172242531959
"A4","p1","CSR","d=0.00",14,1.00133795042162
"A4","p1","CSR","d=0.00",14.5,1.00053453574328
"A4","p1","CSR","d=0.00",15,1.00031842399175
"A4","p1","CSR","d=0.00",15.5,0.999894778384831
"A4","p1","CSR","d=0.00",16,0.999060215154631
"A4","p1","CSR","d=0.00",16.5,0.999000915189809
"A4","p1","CSR","d=0.00",17,0.999975459702313
"A4","p1","CSR","d=0.00",17.5,0.999708538232526
"A4","p1","CSR","d=0.00",18,0.998948239902839
"A4","p1","CSR","d=0.00",18.5,0.998924951305934
"A4","p1","CSR","d=0.00",19,0.998981637390535
"A4","p1","CSR","d=0.00",19.5,0.998980746417275
"A4","p1","CSR","d=0.00",20,0.999531738215496
"A4","p1","CSR","d=0.00",20.5,0.999508720378347
"A4","p1","CSR","d=0.00",21,0.999571362721776
"A4","p1","CSR","d=0.00",21.5,1.00051286710897
"A4","p1","CSR","d=0.00",22,1.0003113643945
"A4","p1","CSR","d=0.00",22.5,1.00004465331538
"A4","p1","CSR","d=0.00",23,1.00032401797032
"A4","p1","CSR","d=0.00",23.5,0.999973013869991
"A4","p1","CSR","d=0.00",24,0.999476145007107
"A4","p1","CSR","d=0.00",24.5,0.999521364455261
"A4","p1","CSR","d=0.00",25,0.999963425008823
"A4","p1","CSR","d=0.00",25.5,0.999701332642926
"A4","p1","CSR","d=0.00",26,0.999800411452499
"A4","p1","CSR","d=0.00",26.5,0.99962534591389
"A4","p1","CSR","d=0.00",27,0.999061672376105
"A4","p1","CSR","d=0.00",27.5,0.99972806384741
"A4","p1","CSR","d=0.00",28,1.00098427686829
"A4","p1","CSR","d=0.00",28.5,1.00107542952828
"A4","p1","CSR","d=0.00",29,1.00077092177344
"A4","p1","CSR","d=0.00",29.5,1.00114855127919
"A4","p1","CSR","d=0.00",30,1.00007352351302
"A4","p1","PD","d=2.24",0,0
"A4","p1","PD","d=2.24",0.5,6.81978442320696e-17
"A4","p1","PD","d=2.24",1,2.24451707926097e-17
"A4","p1","PD","d=2.24",1.5,0.013936297005669
"A4","p1","PD","d=2.24",2,0.322197339444179
"A4","p1","PD","d=2.24",2.5,0.783265024710518
"A4","p1","PD","d=2.24",3,1.0565039287907
"A4","p1","PD","d=2.24",3.5,1.035699178294
"A4","p1","PD","d=2.24",4,1.01294724438542
"A4","p1","PD","d=2.24",4.5,1.0016420154246
"A4","p1","PD","d=2.24",5,0.999207883788947
"A4","p1","PD","d=2.24",5.5,0.998795471204785
"A4","p1","PD","d=2.24",6,0.999122579674611
"A4","p1","PD","d=2.24",6.5,1.00004230242205
"A4","p1","PD","d=2.24",7,0.999836612320741
"A4","p1","PD","d=2.24",7.5,0.998708553089561
"A4","p1","PD","d=2.24",8,0.999341156023984
"A4","p1","PD","d=2.24",8.5,0.99958587768198
"A4","p1","PD","d=2.24",9,0.999386082005313
"A4","p1","PD","d=2.24",9.5,0.999126666214488
"A4","p1","PD","d=2.24",10,0.999176429287082
"A4","p1","PD","d=2.24",10.5,0.999186869109667
"A4","p1","PD","d=2.24",11,0.999065631960092
"A4","p1","PD","d=2.24",11.5,0.999940516560642
"A4","p1","PD","d=2.24",12,0.999678064078214
"A4","p1","PD","d=2.24",12.5,0.999732417206243
"A4","p1","PD","d=2.24",13,0.99990468928361
"A4","p1","PD","d=2.24",13.5,1.00030911020059
"A4","p1","PD","d=2.24",14,0.999689082604325
"A4","p1","PD","d=2.24",14.5,0.998852984841407
"A4","p1","PD","d=2.24",15,0.998311939131754
"A4","p1","PD","d=2.24",15.5,0.99813255266061
"A4","p1","PD","d=2.24",16,0.999336649955412
"A4","p1","PD","d=2.24",16.5,1.00052673227673
"A4","p1","PD","d=2.24",17,0.999930109547579
"A4","p1","PD","d=2.24",17.5,0.999523197152358
"A4","p1","PD","d=2.24",18,0.999020860213325
"A4","p1","PD","d=2.24",18.5,0.999306279164464
"A4","p1","PD","d=2.24",19,0.999467320009899
"A4","p1","PD","d=2.24",19.5,1.00010911816293
"A4","p1","PD","d=2.24",20,0.999287765783156
"A4","p1","PD","d=2.24",20.5,0.998731180650967
"A4","p1","PD","d=2.24",21,0.998778688296485
"A4","p1","PD","d=2.24",21.5,0.999563679389656
"A4","p1","PD","d=2.24",22,0.999458781053498
"A4","p1","PD","d=2.24",22.5,0.999262635132114
"A4","p1","PD","d=2.24",23,0.999115870679459
"A4","p1","PD","d=2.24",23.5,0.998644938315738
"A4","p1","PD","d=2.24",24,0.999720215426156
"A4","p1","PD","d=2.24",24.5,1.00048442479651
"A4","p1","PD","d=2.24",25,0.999130234190499
"A4","p1","PD","d=2.24",25.5,0.998494783920899
"A4","p1","PD","d=2.24",26,0.999103572891136
"A4","p1","PD","d=2.24",26.5,0.999965882439836
"A4","p1","PD","d=2.24",27,1.00034058533547
"A4","p1","PD","d=2.24",27.5,0.99982463405448
"A4","p1","PD","d=2.24",28,0.999489712047915
"A4","p1","PD","d=2.24",28.5,0.999001681748767
"A4","p1","PD","d=2.24",29,0.999433278655615
"A4","p1","PD","d=2.24",29.5,0.998775411669379
"A4","p1","PD","d=2.24",30,0.997987748245309
"A4","p1","NUC","d=4.20",0,2.68209021305891e-18
"A4","p1","NUC","d=4.20",0.5,4.27508709568889e-17
"A4","p1","NUC","d=4.20",1,3.27910406776542e-17
"A4","p1","NUC","d=4.20",1.5,2.20447008643898e-16
"A4","p1","NUC","d=4.20",2,4.21323216065789e-17
"A4","p1","NUC","d=4.20",2.5,1.22512905274354e-16
"A4","p1","NUC","d=4.20",3,1.0437406269492e-16
"A4","p1","NUC","d=4.20",3.5,0.0434232569856635
"A4","p1","NUC","d=4.20",4,0.575540614663486
"A4","p1","NUC","d=4.20",4.5,1.2424197065539
"A4","p1","NUC","d=4.20",5,1.49538252010059
"A4","p1","NUC","d=4.20",5.5,1.31503910320261
"A4","p1","NUC","d=4.20",6,1.17229022009162
"A4","p1","NUC","d=4.20",6.5,1.06440872383778
"A4","p1","NUC","d=4.20",7,0.984505370740013
"A4","p1","NUC","d=4.20",7.5,0.933647803519303
"A4","p1","NUC","d=4.20",8,0.916615015002359
"A4","p1","NUC","d=4.20",8.5,0.934727438771646
"A4","p1","NUC","d=4.20",9,0.967997223160845
"A4","p1","NUC","d=4.20",9.5,0.994759988733611
"A4","p1","NUC","d=4.20",10,1.00749642511919
"A4","p1","NUC","d=4.20",10.5,1.01033646793062
"A4","p1","NUC","d=4.20",11,1.00769397019613
"A4","p1","NUC","d=4.20",11.5,1.00461870404712
"A4","p1","NUC","d=4.20",12,1.00096556637102
"A4","p1","NUC","d=4.20",12.5,0.995964799614094
"A4","p1","NUC","d=4.20",13,0.992178216841993
"A4","p1","NUC","d=4.20",13.5,0.992331277608552
"A4","p1","NUC","d=4.20",14,0.994613894218705
"A4","p1","NUC","d=4.20",14.5,0.99545366865385
"A4","p1","NUC","d=4.20",15,0.995832843679421
"A4","p1","NUC","d=4.20",15.5,0.997301503596241
"A4","p1","NUC","d=4.20",16,0.996641080456624
"A4","p1","NUC","d=4.20",16.5,0.995656977960044
"A4","p1","NUC","d=4.20",17,0.996008623905581
"A4","p1","NUC","d=4.20",17.5,0.996357017182783
"A4","p1","NUC","d=4.20",18,0.996107529269695
"A4","p1","NUC","d=4.20",18.5,0.99673120651095
"A4","p1","NUC","d=4.20",19,0.996255531742878
"A4","p1","NUC","d=4.20",19.5,0.995605829420162
"A4","p1","NUC","d=4.20",20,0.995622536076829
"A4","p1","NUC","d=4.20",20.5,0.995650835579175
"A4","p1","NUC","d=4.20",21,0.996005439370668
"A4","p1","NUC","d=4.20",21.5,0.996293275681957
"A4","p1","NUC","d=4.20",22,0.996984104380198
"A4","p1","NUC","d=4.20",22.5,0.997462481443729
"A4","p1","NUC","d=4.20",23,0.996339625273478
"A4","p1","NUC","d=4.20",23.5,0.995209987545962
"A4","p1","NUC","d=4.20",24,0.995311877353543
"A4","p1","NUC","d=4.20",24.5,0.995904983302594
"A4","p1","NUC","d=4.20",25,0.995882880554193
"A4","p1","NUC","d=4.20",25.5,0.995952779526178
"A4","p1","NUC","d=4.20",26,0.99600163236966
"A4","p1","NUC","d=4.20",26.5,0.996532163075539
"A4","p1","NUC","d=4.20",27,0.996703230998888
"A4","p1","NUC","d=4.20",27.5,0.996016366204914
"A4","p1","NUC","d=4.20",28,0.995368032228252
"A4","p1","NUC","d=4.20",28.5,0.99564044391929
"A4","p1","NUC","d=4.20",29,0.996983018107786
"A4","p1","NUC","d=4.20",29.5,0.996417613206708
"A4","p1","NUC","d=4.20",30,0.99464495018257
"A4","p2","CSR","d=0.00",0,0.987344964806384
"A4","p2","CSR","d=0.00",0.5,0.992370954393058
"A4","p2","CSR","d=0.00",1,0.999962384024538
"A4","p2","CSR","d=0.00",1.5,1.00321421450053
"A4","p2","CSR","d=0.00",2,1.00300474813244
"A4","p2","CSR","d=0.00",2.5,1.00241055956807
"A4","p2","CSR","d=0.00",3,1.00008855006023
"A4","p2","CSR","d=0.00",3.5,0.99952216370049
"A4","p2","CSR","d=0.00",4,0.998896091593854
"A4","p2","CSR","d=0.00",4.5,0.99792804193257
"A4","p2","CSR","d=0.00",5,0.999732985493371
"A4","p2","CSR","d=0.00",5.5,1.00005748056477
"A4","p2","CSR","d=0.00",6,1.00124335698179
"A4","p2","CSR","d=0.00",6.5,1.00050646790284
"A4","p2","CSR","d=0.00",7,0.999684158497102
"A4","p2","CSR","d=0.00",7.5,1.00152207943584
"A4","p2","CSR","d=0.00",8,1.00242029353663
"A4","p2","CSR","d=0.00",8.5,1.00097252101765
"A4","p2","CSR","d=0.00",9,0.999554598158661
"A4","p2","CSR","d=0.00",9.5,1.00067717421756
"A4","p2","CSR","d=0.00",10,1.00082492964174
"A4","p2","CSR","d=0.00",10.5,1.00004978242136
"A4","p2","CSR","d=0.00",11,0.999357517092596
"A4","p2","CSR","d=0.00",11.5,0.999371186423313
"A4","p2","CSR","d=0.00",12,1.00013223254039
"A4","p2","CSR","d=0.00",12.5,1.00169967317643
"A4","p2","CSR","d=0.00",13,1.00173424439349
"A4","p2","CSR","d=0.00",13.5,1.00163046774348
"A4","p2","CSR","d=0.00",14,1.00180950743986
"A4","p2","CSR","d=0.00",14.5,1.00185309040837
"A4","p2","CSR","d=0.00",15,1.00184282915146
"A4","p2","CSR","d=0.00",15.5,1.00173074828363
"A4","p2","CSR","d=0.00",16,1.00083778405131
"A4","p2","CSR","d=0.00",16.5,0.999735631947609
"A4","p2","CSR","d=0.00",17,1.0004507998429
"A4","p2","CSR","d=0.00",17.5,1.00188465901188
"A4","p2","CSR","d=0.00",18,1.00186397637776
"A4","p2","CSR","d=0.00",18.5,1.00170511548892
"A4","p2","CSR","d=0.00",19,1.00248409928953
"A4","p2","CSR","d=0.00",19.5,1.00205775246239
"A4","p2","CSR","d=0.00",20,1.0007463968603
"A4","p2","CSR","d=0.00",20.5,1.00037472819119
"A4","p2","CSR","d=0.00",21,1.00061394881979
"A4","p2","CSR","d=0.00",21.5,1.00066174968331
"A4","p2","CSR","d=0.00",22,1.00117412458707
"A4","p2","CSR","d=0.00",22.5,1.00109793045514
"A4","p2","CSR","d=0.00",23,1.00111222648862
"A4","p2","CSR","d=0.00",23.5,1.00099363065769
"A4","p2","CSR","d=0.00",24,1.00118614308304
"A4","p2","CSR","d=0.00",24.5,1.00109196327774
"A4","p2","CSR","d=0.00",25,1.00074504960754
"A4","p2","CSR","d=0.00",25.5,0.999816615092475
"A4","p2","CSR","d=0.00",26,1.0002214562121
"A4","p2","CSR","d=0.00",26.5,1.0006932800776
"A4","p2","CSR","d=0.00",27,1.00116118364841
"A4","p2","CSR","d=0.00",27.5,1.00137909743344
"A4","p2","CSR","d=0.00",28,1.00170615465277
"A4","p2","CSR","d=0.00",28.5,1.00138854655287
"A4","p2","CSR","d=0.00",29,1.00065763071864
"A4","p2","CSR","d=0.00",29.5,0.999870692620108
"A4","p2","CSR","d=0.00",30,0.999450770996674
"A4","p2","PD","d=2.24",0,0
"A4","p2","PD","d=2.24",0.5,1.87898457050827e-17
"A4","p2","PD","d=2.24",1,1.85334595284547e-17
"A4","p2","PD","d=2.24",1.5,0.0188306919697435
"A4","p2","PD","d=2.24",2,0.329671946394008
"A4","p2","PD","d=2.24",2.5,0.783420767298737
"A4","p2","PD","d=2.24",3,1.05729766313996
"A4","p2","PD","d=2.24",3.5,1.03889503617407
"A4","p2","PD","d=2.24",4,1.01249336924912
"A4","p2","PD","d=2.24",4.5,1.00041504894362
"A4","p2","PD","d=2.24",5,0.998208861108028
"A4","p2","PD","d=2.24",5.5,0.998998030407761
"A4","p2","PD","d=2.24",6,1.00044833925241
"A4","p2","PD","d=2.24",6.5,0.999475452419741
"A4","p2","PD","d=2.24",7,0.999005553317957
"A4","p2","PD","d=2.24",7.5,1.00040112708499
"A4","p2","PD","d=2.24",8,1.0025468572606
"A4","p2","PD","d=2.24",8.5,1.00165195077138
"A4","p2","PD","d=2.24",9,0.999494551771369
"A4","p2","PD","d=2.24",9.5,0.997800076580697
"A4","p2","PD","d=2.24",10,0.998535313191989
"A4","p2","PD","d=2.24",10.5,0.999836372683988
"A4","p2","PD","d=2.24",11,1.00127762544401
"A4","p2","PD","d=2.24",11.5,1.00159820532476
"A4","p2","PD","d=2.24",12,0.999812713763726
"A4","p2","PD","d=2.24",12.5,0.997955147715278
"A4","p2","PD","d=2.24",13,0.998533967582775
"A4","p2","PD","d=2.24",13.5,1.00080256411644
"A4","p2","PD","d=2.24",14,1.00236221453653
"A4","p2","PD","d=2.24",14.5,1.00139301701447
"A4","p2","PD","d=2.24",15,1.0005726698362
"A4","p2","PD","d=2.24",15.5,0.999874882501088
"A4","p2","PD","d=2.24",16,0.999820140758035
"A4","p2","PD","d=2.24",16.5,1.00039714414124
"A4","p2","PD","d=2.24",17,1.00032290650634
"A4","p2","PD","d=2.24",17.5,1.00006262381409
"A4","p2","PD","d=2.24",18,1.00054957566689
"A4","p2","PD","d=2.24",18.5,1.00000560095756
"A4","p2","PD","d=2.24",19,0.999881253316872
"A4","p2","PD","d=2.24",19.5,1.00052076794256
"A4","p2","PD","d=2.24",20,1.00142744270253
"A4","p2","PD","d=2.24",20.5,1.00136868359907
"A4","p2","PD","d=2.24",21,1.00096289804615
"A4","p2","PD","d=2.24",21.5,1.00020713261447
"A4","p2","PD","d=2.24",22,0.999942718199451
"A4","p2","PD","d=2.24",22.5,1.00147144441635
"A4","p2","PD","d=2.24",23,1.00215802741857
"A4","p2","PD","d=2.24",23.5,1.00154851722921
"A4","p2","PD","d=2.24",24,1.0008687286925
"A4","p2","PD","d=2.24",24.5,1.00061790062355
"A4","p2","PD","d=2.24",25,1.00074616552589
"A4","p2","PD","d=2.24",25.5,1.0009312801167
"A4","p2","PD","d=2.24",26,1.00040677194654
"A4","p2","PD","d=2.24",26.5,0.999810642247545
"A4","p2","PD","d=2.24",27,0.999823949935076
"A4","p2","PD","d=2.24",27.5,1.00057303242952
"A4","p2","PD","d=2.24",28,1.0014626362925
"A4","p2","PD","d=2.24",28.5,1.00150906557131
"A4","p2","PD","d=2.24",29,1.0005040894495
"A4","p2","PD","d=2.24",29.5,1.00000125527701
"A4","p2","PD","d=2.24",30,0.999916159090033
"A4","p2","NUC","d=4.20",0,0
"A4","p2","NUC","d=4.20",0.5,1.3000680722418e-17
"A4","p2","NUC","d=4.20",1,1.74389338027248e-17
"A4","p2","NUC","d=4.20",1.5,1.30996633959267e-16
"A4","p2","NUC","d=4.20",2,2.15872244790524e-17
"A4","p2","NUC","d=4.20",2.5,7.78430411752196e-17
"A4","p2","NUC","d=4.20",3,7.06345518024583e-17
"A4","p2","NUC","d=4.20",3.5,0.0517186306576565
"A4","p2","NUC","d=4.20",4,0.581560609159883
"A4","p2","NUC","d=4.20",4.5,1.22864030526806
"A4","p2","NUC","d=4.20",5,1.48967894042042
"A4","p2","NUC","d=4.20",5.5,1.31695714577699
"A4","p2","NUC","d=4.20",6,1.17489932172792
"A4","p2","NUC","d=4.20",6.5,1.06568273284174
"A4","p2","NUC","d=4.20",7,0.985940958441502
"A4","p2","NUC","d=4.20",7.5,0.93625108973835
"A4","p2","NUC","d=4.20",8,0.920317055256282
"A4","p2","NUC","d=4.20",8.5,0.936733907555692
"A4","p2","NUC","d=4.20",9,0.96830252876203
"A4","p2","NUC","d=4.20",9.5,0.993550001672859
"A4","p2","NUC","d=4.20",10,1.00653623289633
"A4","p2","NUC","d=4.20",10.5,1.01024508191083
"A4","p2","NUC","d=4.20",11,1.00849294303615
"A4","p2","NUC","d=4.20",11.5,1.00467545207032
"A4","p2","NUC","d=4.20",12,1.00075234552834
"A4","p2","NUC","d=4.20",12.5,0.997353493890609
"A4","p2","NUC","d=4.20",13,0.996128177052627
"A4","p2","NUC","d=4.20",13.5,0.994830136762479
"A4","p2","NUC","d=4.20",14,0.99423742510009
"A4","p2","NUC","d=4.20",14.5,0.995527354904281
"A4","p2","NUC","d=4.20",15,0.997570924736123
"A4","p2","NUC","d=4.20",15.5,0.997949840058203
"A4","p2","NUC","d=4.20",16,0.996835535381493
"A4","p2","NUC","d=4.20",16.5,0.996893312561891
"A4","p2","NUC","d=4.20",17,0.997172091865915
"A4","p2","NUC","d=4.20",17.5,0.996812566838039
"A4","p2","NUC","d=4.20",18,0.996765463857733
"A4","p2","NUC","d=4.20",18.5,0.997444795718987
"A4","p2","NUC","d=4.20",19,0.997473182845606
"A4","p2","NUC","d=4.20",19.5,0.997506364510717
"A4","p2","NUC","d=4.20",20,0.996885145882836
"A4","p2","NUC","d=4.20",20.5,0.996935802142944
"A4","p2","NUC","d=4.20",21,0.996970791996479
"A4","p2","NUC","d=4.20",21.5,0.997794795207832
"A4","p2","NUC","d=4.20",22,0.997812940319616
"A4","p2","NUC","d=4.20",22.5,0.99790189337343
"A4","p2","NUC","d=4.20",23,0.996888674733402
"A4","p2","NUC","d=4.20",23.5,0.996451943240152
"A4","p2","NUC","d=4.20",24,0.996666444149429
"A4","p2","NUC","d=4.20",24.5,0.997061595758534
"A4","p2","NUC","d=4.20",25,0.996837647300809
"A4","p2","NUC","d=4.20",25.5,0.996716116510217
"A4","p2","NUC","d=4.20",26,0.996812279126236
"A4","p2","NUC","d=4.20",26.5,0.997287642485852
"A4","p2","NUC","d=4.20",27,0.998251562877011
"A4","p2","NUC","d=4.20",27.5,0.998163326983769
"A4","p2","NUC","d=4.20",28,0.996903144826062
"A4","p2","NUC","d=4.20",28.5,0.996168731865979
"A4","p2","NUC","d=4.20",29,0.996875825465195
"A4","p2","NUC","d=4.20",29.5,0.99801150699012
"A4","p2","NUC","d=4.20",30,0.997506515336278
"A1","r2","CSR","d=0.00",0,0.990826384139936
"A1","r2","CSR","d=0.00",0.5,0.99415198752735
"A1","r2","CSR","d=0.00",1,0.997821793309049
"A1","r2","CSR","d=0.00",1.5,1.00238707194183
"A1","r2","CSR","d=0.00",2,1.00270913629883
"A1","r2","CSR","d=0.00",2.5,1.00273112722625
"A1","r2","CSR","d=0.00",3,1.0023597542196
"A1","r2","CSR","d=0.00",3.5,1.00009254980699
"A1","r2","CSR","d=0.00",4,0.998246612743568
"A1","r2","CSR","d=0.00",4.5,0.997948739513733
"A1","r2","CSR","d=0.00",5,0.998528743000546
"A1","r2","CSR","d=0.00",5.5,0.999707251100847
"A1","r2","CSR","d=0.00",6,1.00062237568416
"A1","r2","CSR","d=0.00",6.5,1.00109892758857
"A1","r2","CSR","d=0.00",7,1.00086294292049
"A1","r2","CSR","d=0.00",7.5,1.00088312633024
"A1","r2","CSR","d=0.00",8,0.999612928194614
"A1","r2","CSR","d=0.00",8.5,0.998722129305844
"A1","r2","CSR","d=0.00",9,0.998047299375092
"A1","r2","CSR","d=0.00",9.5,0.998229889272345
"A1","r2","CSR","d=0.00",10,0.998889928520676
"A1","r2","CSR","d=0.00",10.5,1.00037790089858
"A1","r2","CSR","d=0.00",11,1.0005511553357
"A1","r2","CSR","d=0.00",11.5,0.999329195983603
"A1","r2","CSR","d=0.00",12,0.998650663192476
"A1","r2","CSR","d=0.00",12.5,0.999217384652828
"A1","r2","CSR","d=0.00",13,0.999356736713498
"A1","r2","CSR","d=0.00",13.5,1.00044358770379
"A1","r2","CSR","d=0.00",14,1.00144906452014
"A1","r2","CSR","d=0.00",14.5,1.00200884374457
"A1","r2","CSR","d=0.00",15,1.00176431069714
"A1","r2","CSR","d=0.00",15.5,1.00223751036546
"A1","r2","CSR","d=0.00",16,1.00154096853347
"A1","r2","CSR","d=0.00",16.5,1.00021884039269
"A1","r2","CSR","d=0.00",17,0.998886384402493
"A1","r2","CSR","d=0.00",17.5,0.998973509412404
"A1","r2","CSR","d=0.00",18,0.99955486367132
"A1","r2","CSR","d=0.00",18.5,1.00114778608717
"A1","r2","CSR","d=0.00",19,1.00338314011222
"A1","r2","CSR","d=0.00",19.5,1.00437790526563
"A1","r2","CSR","d=0.00",20,1.00491164761668
"A1","r2","CSR","d=0.00",20.5,1.0046386676704
"A1","r2","CSR","d=0.00",21,1.0039176914658
"A1","r2","CSR","d=0.00",21.5,1.00282248415288
"A1","r2","CSR","d=0.00",22,1.00219877623507
"A1","r2","CSR","d=0.00",22.5,1.00190082417667
"A1","r2","CSR","d=0.00",23,1.00279472107347
"A1","r2","CSR","d=0.00",23.5,1.00335979875374
"A1","r2","CSR","d=0.00",24,1.00322529756177
"A1","r2","CSR","d=0.00",24.5,1.00231861916511
"A1","r2","CSR","d=0.00",25,1.00056100502694
"A1","r2","CSR","d=0.00",25.5,0.998633803409813
"A1","r2","CSR","d=0.00",26,0.997759822392474
"A1","r2","CSR","d=0.00",26.5,0.998298537266404
"A1","r2","CSR","d=0.00",27,0.99904783516306
"A1","r2","CSR","d=0.00",27.5,1.00039581552965
"A1","r2","CSR","d=0.00",28,1.00185031648251
"A1","r2","CSR","d=0.00",28.5,1.00192598172646
"A1","r2","CSR","d=0.00",29,1.00136514017127
"A1","r2","CSR","d=0.00",29.5,1.00172048610643
"A1","r2","CSR","d=0.00",30,1.00113147449126
"A1","r2","PD","d=3.38",0,1.19031256191785e-18
"A1","r2","PD","d=3.38",0.5,5.78831550486641e-17
"A1","r2","PD","d=3.38",1,4.80776405954606e-19
"A1","r2","PD","d=3.38",1.5,3.56650328661623e-18
"A1","r2","PD","d=3.38",2,0.00521730009131776
"A1","r2","PD","d=3.38",2.5,0.123292830223938
"A1","r2","PD","d=3.38",3,0.35031084902425
"A1","r2","PD","d=3.38",3.5,0.618912212584953
"A1","r2","PD","d=3.38",4,0.863254726158026
"A1","r2","PD","d=3.38",4.5,1.02132408402698
"A1","r2","PD","d=3.38",5,1.04188290465164
"A1","r2","PD","d=3.38",5.5,1.02237520257167
"A1","r2","PD","d=3.38",6,1.00801164234469
"A1","r2","PD","d=3.38",6.5,1.00039687829709
"A1","r2","PD","d=3.38",7,0.996802892058768
"A1","r2","PD","d=3.38",7.5,0.996125017524146
"A1","r2","PD","d=3.38",8,0.995197607099545
"A1","r2","PD","d=3.38",8.5,0.995006663867437
"A1","r2","PD","d=3.38",9,0.994007423868302
"A1","r2","PD","d=3.38",9.5,0.99407978853289
"A1","r2","PD","d=3.38",10,0.995521658704049
"A1","r2","PD","d=3.38",10.5,0.996967385341324
"A1","r2","PD","d=3.38",11,0.996768702724214
"A1","r2","PD","d=3.38",11.5,0.995865961081213
"A1","r2","PD","d=3.38",12,0.995805330014561
"A1","r2","PD","d=3.38",12.5,0.995676433799499
"A1","r2","PD","d=3.38",13,0.996050083838309
"A1","r2","PD","d=3.38",13.5,0.995381076100381
"A1","r2","PD","d=3.38",14,0.995306806655619
"A1","r2","PD","d=3.38",14.5,0.994259364178193
"A1","r2","PD","d=3.38",15,0.995087446204693
"A1","r2","PD","d=3.38",15.5,0.996528606650428
"A1","r2","PD","d=3.38",16,0.998264614726255
"A1","r2","PD","d=3.38",16.5,0.998934509456278
"A1","r2","PD","d=3.38",17,0.997989309521954
"A1","r2","PD","d=3.38",17.5,0.995420049742232
"A1","r2","PD","d=3.38",18,0.993556290923273
"A1","r2","PD","d=3.38",18.5,0.991651160139098
"A1","r2","PD","d=3.38",19,0.99099255034387
"A1","r2","PD","d=3.38",19.5,0.992555875452905
"A1","r2","PD","d=3.38",20,0.993889291170909
"A1","r2","PD","d=3.38",20.5,0.995722281023759
"A1","r2","PD","d=3.38",21,0.997559529944723
"A1","r2","PD","d=3.38",21.5,0.997544500772967
"A1","r2","PD","d=3.38",22,0.995951054256958
"A1","r2","PD","d=3.38",22.5,0.994693468037475
"A1","r2","PD","d=3.38",23,0.993531277021395
"A1","r2","PD","d=3.38",23.5,0.992991253368281
"A1","r2","PD","d=3.38",24,0.993360064748425
"A1","r2","PD","d=3.38",24.5,0.994526506810878
"A1","r2","PD","d=3.38",25,0.995698025092411
"A1","r2","PD","d=3.38",25.5,0.996241987536229
"A1","r2","PD","d=3.38",26,0.99617106541746
"A1","r2","PD","d=3.38",26.5,0.99469201661663
"A1","r2","PD","d=3.38",27,0.993480320764806
"A1","r2","PD","d=3.38",27.5,0.994191668223002
"A1","r2","PD","d=3.38",28,0.995614858091954
"A1","r2","PD","d=3.38",28.5,0.99672468063616
"A1","r2","PD","d=3.38",29,0.996771546566948
"A1","r2","PD","d=3.38",29.5,0.995950567010235
"A1","r2","PD","d=3.38",30,0.994607660231385
"A1","r2","NUC","d=4.10",0,6.08535224283531e-18
"A1","r2","NUC","d=4.10",0.5,5.6668446975169e-17
"A1","r2","NUC","d=4.10",1,3.49432102805678e-19
"A1","r2","NUC","d=4.10",1.5,5.93347462436331e-18
"A1","r2","NUC","d=4.10",2,2.86397281441281e-17
"A1","r2","NUC","d=4.10",2.5,3.3685484855532e-17
"A1","r2","NUC","d=4.10",3,0.0558087158540153
"A1","r2","NUC","d=4.10",3.5,0.252516436080483
"A1","r2","NUC","d=4.10",4,0.523787669732486
"A1","r2","NUC","d=4.10",4.5,0.799850184526431
"A1","r2","NUC","d=4.10",5,1.01214424666791
"A1","r2","NUC","d=4.10",5.5,1.09584683089282
"A1","r2","NUC","d=4.10",6,1.06857972180874
"A1","r2","NUC","d=4.10",6.5,1.04229350931541
"A1","r2","NUC","d=4.10",7,1.02024075379476
"A1","r2","NUC","d=4.10",7.5,1.00413145529841
"A1","r2","NUC","d=4.10",8,0.993787382397124
"A1","r2","NUC","d=4.10",8.5,0.988886510191397
"A1","r2","NUC","d=4.10",9,0.989084940985868
"A1","r2","NUC","d=4.10",9.5,0.990680839880257
"A1","r2","NUC","d=4.10",10,0.992344456253272
"A1","r2","NUC","d=4.10",10.5,0.994385420976846
"A1","r2","NUC","d=4.10",11,0.996186542688756
"A1","r2","NUC","d=4.10",11.5,0.996105603735384
"A1","r2","NUC","d=4.10",12,0.995843437800218
"A1","r2","NUC","d=4.10",12.5,0.994349876580698
"A1","r2","NUC","d=4.10",13,0.99279529147269
"A1","r2","NUC","d=4.10",13.5,0.992811935918116
"A1","r2","NUC","d=4.10",14,0.994101865245599
"A1","r2","NUC","d=4.10",14.5,0.994441849981638
"A1","r2","NUC","d=4.10",15,0.994662966349382
"A1","r2","NUC","d=4.10",15.5,0.994791884455163
"A1","r2","NUC","d=4.10",16,0.994976551417091
"A1","r2","NUC","d=4.10",16.5,0.995790513344998
"A1","r2","NUC","d=4.10",17,0.996261524067079
"A1","r2","NUC","d=4.10",17.5,0.996273571040404
"A1","r2","NUC","d=4.10",18,0.995503770680754
"A1","r2","NUC","d=4.10",18.5,0.994128024845435
"A1","r2","NUC","d=4.10",19,0.993143333281902
"A1","r2","NUC","d=4.10",19.5,0.993492162598022
"A1","r2","NUC","d=4.10",20,0.994273254578265
"A1","r2","NUC","d=4.10",20.5,0.996294680093659
"A1","r2","NUC","d=4.10",21,0.997476467886477
"A1","r2","NUC","d=4.10",21.5,0.997488884723167
"A1","r2","NUC","d=4.10",22,0.99692680275299
"A1","r2","NUC","d=4.10",22.5,0.996321960576098
"A1","r2","NUC","d=4.10",23,0.995598761936647
"A1","r2","NUC","d=4.10",23.5,0.995425298506338
"A1","r2","NUC","d=4.10",24,0.994538624217637
"A1","r2","NUC","d=4.10",24.5,0.99447687040834
"A1","r2","NUC","d=4.10",25,0.995058922237565
"A1","r2","NUC","d=4.10",25.5,0.996405264237142
"A1","r2","NUC","d=4.10",26,0.997284801392684
"A1","r2","NUC","d=4.10",26.5,0.997485597397559
"A1","r2","NUC","d=4.10",27,0.995876364386459
"A1","r2","NUC","d=4.10",27.5,0.994440467224522
"A1","r2","NUC","d=4.10",28,0.994917693614646
"A1","r2","NUC","d=4.10",28.5,0.9965129258225
"A1","r2","NUC","d=4.10",29,0.997615605353798
"A1","r2","NUC","d=4.10",29.5,0.998426888346873
"A1","r2","NUC","d=4.10",30,0.997487295286704
"A4","p3","CSR","d=0.00",0,0.994645489606271
"A4","p3","CSR","d=0.00",0.5,0.994901144299405
"A4","p3","CSR","d=0.00",1,0.999155779851235
"A4","p3","CSR","d=0.00",1.5,0.998062424129789
"A4","p3","CSR","d=0.00",2,0.999820540234749
"A4","p3","CSR","d=0.00",2.5,1.00178535819978
"A4","p3","CSR","d=0.00",3,1.00038124495932
"A4","p3","CSR","d=0.00",3.5,0.999292307590194
"A4","p3","CSR","d=0.00",4,1.0013708243067
"A4","p3","CSR","d=0.00",4.5,1.00332246824014
"A4","p3","CSR","d=0.00",5,1.00295118921917
"A4","p3","CSR","d=0.00",5.5,1.00197845522675
"A4","p3","CSR","d=0.00",6,1.00141758339513
"A4","p3","CSR","d=0.00",6.5,1.00024405367653
"A4","p3","CSR","d=0.00",7,1.00081995766461
"A4","p3","CSR","d=0.00",7.5,1.001289234617
"A4","p3","CSR","d=0.00",8,1.00189884635818
"A4","p3","CSR","d=0.00",8.5,1.00266615977593
"A4","p3","CSR","d=0.00",9,1.00332239570146
"A4","p3","CSR","d=0.00",9.5,1.00247591098414
"A4","p3","CSR","d=0.00",10,1.00135465808522
"A4","p3","CSR","d=0.00",10.5,1.00240288007907
"A4","p3","CSR","d=0.00",11,1.00269023344608
"A4","p3","CSR","d=0.00",11.5,1.00238212936966
"A4","p3","CSR","d=0.00",12,1.00093816966648
"A4","p3","CSR","d=0.00",12.5,1.00142351938494
"A4","p3","CSR","d=0.00",13,1.0018648851919
"A4","p3","CSR","d=0.00",13.5,1.00253397589493
"A4","p3","CSR","d=0.00",14,1.00208451334194
"A4","p3","CSR","d=0.00",14.5,1.00151825169552
"A4","p3","CSR","d=0.00",15,1.00171094457865
"A4","p3","CSR","d=0.00",15.5,1.00242684921598
"A4","p3","CSR","d=0.00",16,1.00212693350038
"A4","p3","CSR","d=0.00",16.5,1.00093899693051
"A4","p3","CSR","d=0.00",17,1.00055545128314
"A4","p3","CSR","d=0.00",17.5,1.00149967969884
"A4","p3","CSR","d=0.00",18,1.0026308170657
"A4","p3","CSR","d=0.00",18.5,1.00307928560049
"A4","p3","CSR","d=0.00",19,1.00267608580937
"A4","p3","CSR","d=0.00",19.5,1.00178414858941
"A4","p3","CSR","d=0.00",20,1.00097988319863
"A4","p3","CSR","d=0.00",20.5,1.0003179402242
"A4","p3","CSR","d=0.00",21,1.00032784693364
"A4","p3","CSR","d=0.00",21.5,1.00092288429911
"A4","p3","CSR","d=0.00",22,1.00099790453377
"A4","p3","CSR","d=0.00",22.5,1.00064714056037
"A4","p3","CSR","d=0.00",23,1.00077099151677
"A4","p3","CSR","d=0.00",23.5,1.00084579760316
"A4","p3","CSR","d=0.00",24,1.00055297590764
"A4","p3","CSR","d=0.00",24.5,1.00092875681739
"A4","p3","CSR","d=0.00",25,1.00124180022224
"A4","p3","CSR","d=0.00",25.5,1.00155894201945
"A4","p3","CSR","d=0.00",26,1.00169469442328
"A4","p3","CSR","d=0.00",26.5,1.00214112047575
"A4","p3","CSR","d=0.00",27,1.00099373492458
"A4","p3","CSR","d=0.00",27.5,0.999895311355081
"A4","p3","CSR","d=0.00",28,1.00010533063122
"A4","p3","CSR","d=0.00",28.5,1.00111794820123
"A4","p3","CSR","d=0.00",29,1.00122413388505
"A4","p3","CSR","d=0.00",29.5,1.00044667593501
"A4","p3","CSR","d=0.00",30,0.999356074848452
"A4","p3","PD","d=2.24",0,3.41730321842768e-20
"A4","p3","PD","d=2.24",0.5,5.31104830082026e-17
"A4","p3","PD","d=2.24",1,4.27295085976953e-17
"A4","p3","PD","d=2.24",1.5,0.0171116555235745
"A4","p3","PD","d=2.24",2,0.328740651509769
"A4","p3","PD","d=2.24",2.5,0.783113954089256
"A4","p3","PD","d=2.24",3,1.05674864371658
"A4","p3","PD","d=2.24",3.5,1.03811028531282
"A4","p3","PD","d=2.24",4,1.01409817308543
"A4","p3","PD","d=2.24",4.5,1.00154411734896
"A4","p3","PD","d=2.24",5,0.997620318465338
"A4","p3","PD","d=2.24",5.5,0.998600377036166
"A4","p3","PD","d=2.24",6,0.999952346787816
"A4","p3","PD","d=2.24",6.5,1.000785072572
"A4","p3","PD","d=2.24",7,1.00102922241
"A4","p3","PD","d=2.24",7.5,1.00041542718649
"A4","p3","PD","d=2.24",8,1.00087248191637
"A4","p3","PD","d=2.24",8.5,1.00060508240399
"A4","p3","PD","d=2.24",9,1.00022214406648
"A4","p3","PD","d=2.24",9.5,1.00032275764518
"A4","p3","PD","d=2.24",10,1.00088719310528
"A4","p3","PD","d=2.24",10.5,1.00131556928931
"A4","p3","PD","d=2.24",11,1.00057030847254
"A4","p3","PD","d=2.24",11.5,1.00039548971109
"A4","p3","PD","d=2.24",12,1.00012309521583
"A4","p3","PD","d=2.24",12.5,0.999050162456268
"A4","p3","PD","d=2.24",13,0.998996017220564
"A4","p3","PD","d=2.24",13.5,0.999757431890038
"A4","p3","PD","d=2.24",14,1.00096092478253
"A4","p3","PD","d=2.24",14.5,1.00091648316676
"A4","p3","PD","d=2.24",15,1.00032175372872
"A4","p3","PD","d=2.24",15.5,0.99862746578744
"A4","p3","PD","d=2.24",16,0.999345251973509
"A4","p3","PD","d=2.24",16.5,1.00008673726571
"A4","p3","PD","d=2.24",17,1.00040869884042
"A4","p3","PD","d=2.24",17.5,1.00023716032891
"A4","p3","PD","d=2.24",18,1.00049505119973
"A4","p3","PD","d=2.24",18.5,1.00056449360545
"A4","p3","PD","d=2.24",19,0.99984789042286
"A4","p3","PD","d=2.24",19.5,0.999720185865134
"A4","p3","PD","d=2.24",20,1.00027725216975
"A4","p3","PD","d=2.24",20.5,1.00048803101226
"A4","p3","PD","d=2.24",21,0.999514313390927
"A4","p3","PD","d=2.24",21.5,0.998507547182218
"A4","p3","PD","d=2.24",22,0.998529938628563
"A4","p3","PD","d=2.24",22.5,0.999606700724805
"A4","p3","PD","d=2.24",23,1.00070199625581
"A4","p3","PD","d=2.24",23.5,1.00094141863517
"A4","p3","PD","d=2.24",24,1.00043769680027
"A4","p3","PD","d=2.24",24.5,0.999672248348521
"A4","p3","PD","d=2.24",25,0.999064843349913
"A4","p3","PD","d=2.24",25.5,0.999549479044558
"A4","p3","PD","d=2.24",26,1.00062462958455
"A4","p3","PD","d=2.24",26.5,1.00069073246513
"A4","p3","PD","d=2.24",27,0.999486654564111
"A4","p3","PD","d=2.24",27.5,0.998742502747895
"A4","p3","PD","d=2.24",28,0.999147114795227
"A4","p3","PD","d=2.24",28.5,0.999859074710179
"A4","p3","PD","d=2.24",29,1.0000806477396
"A4","p3","PD","d=2.24",29.5,0.999996828896956
"A4","p3","PD","d=2.24",30,0.999064833105814
"A4","p3","NUC","d=4.20",0,3.58791301187491e-19
"A4","p3","NUC","d=4.20",0.5,3.24573596076564e-17
"A4","p3","NUC","d=4.20",1,4.00618522474893e-17
"A4","p3","NUC","d=4.20",1.5,2.10497840424969e-16
"A4","p3","NUC","d=4.20",2,7.07935601992091e-17
"A4","p3","NUC","d=4.20",2.5,1.60920092302055e-16
"A4","p3","NUC","d=4.20",3,1.4891249086417e-16
"A4","p3","NUC","d=4.20",3.5,0.0492309112408625
"A4","p3","NUC","d=4.20",4,0.577969997173905
"A4","p3","NUC","d=4.20",4.5,1.23166700444016
"A4","p3","NUC","d=4.20",5,1.49449089310136
"A4","p3","NUC","d=4.20",5.5,1.31999615613571
"A4","p3","NUC","d=4.20",6,1.17478372523364
"A4","p3","NUC","d=4.20",6.5,1.06537497663638
"A4","p3","NUC","d=4.20",7,0.98708636778152
"A4","p3","NUC","d=4.20",7.5,0.937599678211081
"A4","p3","NUC","d=4.20",8,0.919668944444525
"A4","p3","NUC","d=4.20",8.5,0.935202969489532
"A4","p3","NUC","d=4.20",9,0.968624946647669
"A4","p3","NUC","d=4.20",9.5,0.995186365248248
"A4","p3","NUC","d=4.20",10,1.0083962695224
"A4","p3","NUC","d=4.20",10.5,1.01103834777639
"A4","p3","NUC","d=4.20",11,1.00857590007499
"A4","p3","NUC","d=4.20",11.5,1.00351438832973
"A4","p3","NUC","d=4.20",12,1.00010733550774
"A4","p3","NUC","d=4.20",12.5,0.997511729367015
"A4","p3","NUC","d=4.20",13,0.995974787842209
"A4","p3","NUC","d=4.20",13.5,0.995936924599262
"A4","p3","NUC","d=4.20",14,0.996029737413161
"A4","p3","NUC","d=4.20",14.5,0.995991173524345
"A4","p3","NUC","d=4.20",15,0.996140388905008
"A4","p3","NUC","d=4.20",15.5,0.996700453075629
"A4","p3","NUC","d=4.20",16,0.996620462215814
"A4","p3","NUC","d=4.20",16.5,0.997071097055632
"A4","p3","NUC","d=4.20",17,0.997312568730014
"A4","p3","NUC","d=4.20",17.5,0.997254636885921
"A4","p3","NUC","d=4.20",18,0.997475612167723
"A4","p3","NUC","d=4.20",18.5,0.998005622491622
"A4","p3","NUC","d=4.20",19,0.998076381555537
"A4","p3","NUC","d=4.20",19.5,0.997679483767806
"A4","p3","NUC","d=4.20",20,0.997207318261643
"A4","p3","NUC","d=4.20",20.5,0.996742660925382
"A4","p3","NUC","d=4.20",21,0.996353823253361
"A4","p3","NUC","d=4.20",21.5,0.996396409666138
"A4","p3","NUC","d=4.20",22,0.996647661720569
"A4","p3","NUC","d=4.20",22.5,0.996633832461969
"A4","p3","NUC","d=4.20",23,0.997349398208936
"A4","p3","NUC","d=4.20",23.5,0.997923817696471
"A4","p3","NUC","d=4.20",24,0.998233942646658
"A4","p3","NUC","d=4.20",24.5,0.997317340523026
"A4","p3","NUC","d=4.20",25,0.996953264348768
"A4","p3","NUC","d=4.20",25.5,0.997004828163994
"A4","p3","NUC","d=4.20",26,0.996529724302546
"A4","p3","NUC","d=4.20",26.5,0.995856043031234
"A4","p3","NUC","d=4.20",27,0.996122166614307
"A4","p3","NUC","d=4.20",27.5,0.997025306664032
"A4","p3","NUC","d=4.20",28,0.998023979692319
"A4","p3","NUC","d=4.20",28.5,0.998538319212514
"A4","p3","NUC","d=4.20",29,0.998682221682545
"A4","p3","NUC","d=4.20",29.5,0.997892117504919
"A4","p3","NUC","d=4.20",30,0.996145623988656
"A5","r1","CSR","d=0.00",0,1.28224287861922
"A5","r1","CSR","d=0.00",0.5,1.23205336096864
"A5","r1","CSR","d=0.00",1,1.19147078711404
"A5","r1","CSR","d=0.00",1.5,1.15437126228065
"A5","r1","CSR","d=0.00",2,1.11999966924282
"A5","r1","CSR","d=0.00",2.5,1.08921848968772
"A5","r1","CSR","d=0.00",3,1.05769683361436
"A5","r1","CSR","d=0.00",3.5,1.02191774384488
"A5","r1","CSR","d=0.00",4,0.996562167630991
"A5","r1","CSR","d=0.00",4.5,0.99095725955635
"A5","r1","CSR","d=0.00",5,0.989541578982883
"A5","r1","CSR","d=0.00",5.5,0.99090979251041
"A5","r1","CSR","d=0.00",6,0.990676769700347
"A5","r1","CSR","d=0.00",6.5,0.993091079855579
"A5","r1","CSR","d=0.00",7,0.995646855853469
"A5","r1","CSR","d=0.00",7.5,0.995822027552273
"A5","r1","CSR","d=0.00",8,0.995704453814445
"A5","r1","CSR","d=0.00",8.5,0.998499295455062
"A5","r1","CSR","d=0.00",9,0.999975283572347
"A5","r1","CSR","d=0.00",9.5,1.00117436858739
"A5","r1","CSR","d=0.00",10,1.00295748423807
"A5","r1","CSR","d=0.00",10.5,1.00311764087781
"A5","r1","CSR","d=0.00",11,1.00112657843605
"A5","r1","CSR","d=0.00",11.5,0.997299274880899
"A5","r1","CSR","d=0.00",12,0.992671123620748
"A5","r1","CSR","d=0.00",12.5,0.9924592661586
"A5","r1","CSR","d=0.00",13,0.994410538236102
"A5","r1","CSR","d=0.00",13.5,0.997092328311686
"A5","r1","CSR","d=0.00",14,1.00256952704976
"A5","r1","CSR","d=0.00",14.5,1.00718790637689
"A5","r1","CSR","d=0.00",15,1.00979185071017
"A5","r1","CSR","d=0.00",15.5,1.01233459092338
"A5","r1","CSR","d=0.00",16,1.01662821928758
"A5","r1","CSR","d=0.00",16.5,1.01924040816601
"A5","r1","CSR","d=0.00",17,1.02044879057959
"A5","r1","CSR","d=0.00",17.5,1.02038113816461
"A5","r1","CSR","d=0.00",18,1.02118641346767
"A5","r1","CSR","d=0.00",18.5,1.02012570727511
"A5","r1","CSR","d=0.00",19,1.01688922904632
"A5","r1","CSR","d=0.00",19.5,1.01299809859054
"A5","r1","CSR","d=0.00",20,1.01070968615545
"A5","r1","CSR","d=0.00",20.5,1.00922275036161
"A5","r1","CSR","d=0.00",21,1.00992271715003
"A5","r1","CSR","d=0.00",21.5,1.01078191783913
"A5","r1","CSR","d=0.00",22,1.01197831832579
"A5","r1","CSR","d=0.00",22.5,1.01196280880189
"A5","r1","CSR","d=0.00",23,1.0118162326946
"A5","r1","CSR","d=0.00",23.5,1.01095502328162
"A5","r1","CSR","d=0.00",24,1.00881955358228
"A5","r1","CSR","d=0.00",24.5,1.00609652810084
"A5","r1","CSR","d=0.00",25,1.00320890491069
"A5","r1","CSR","d=0.00",25.5,1.00053926459995
"A5","r1","CSR","d=0.00",26,0.99868505638797
"A5","r1","CSR","d=0.00",26.5,0.997467875771269
"A5","r1","CSR","d=0.00",27,0.998170330269643
"A5","r1","CSR","d=0.00",27.5,0.998884677072649
"A5","r1","CSR","d=0.00",28,1.00028804501787
"A5","r1","CSR","d=0.00",28.5,1.00117019402842
"A5","r1","CSR","d=0.00",29,1.00151003415874
"A5","r1","CSR","d=0.00",29.5,1.0021520324467
"A5","r1","CSR","d=0.00",30,1.00283545567365
"A5","r1","PD","d=10.93",0,1.09851354222128e-16
"A5","r1","PD","d=10.93",0.5,2.59544662300759e-18
"A5","r1","PD","d=10.93",1,1.76227405809112e-17
"A5","r1","PD","d=10.93",1.5,1.894923693563e-17
"A5","r1","PD","d=10.93",2,3.318668368427e-19
"A5","r1","PD","d=10.93",2.5,1.02065849022594e-18
"A5","r1","PD","d=10.93",3,0
"A5","r1","PD","d=10.93",3.5,0
"A5","r1","PD","d=10.93",4,9.33222180793264e-18
"A5","r1","PD","d=10.93",4.5,9.29538866443954e-19
"A5","r1","PD","d=10.93",5,1.01030487576777e-17
"A5","r1","PD","d=10.93",5.5,5.90374068747782e-17
"A5","r1","PD","d=10.93",6,9.6805775073377e-18
"A5","r1","PD","d=10.93",6.5,1.58468498294586e-17
"A5","r1","PD","d=10.93",7,0
"A5","r1","PD","d=10.93",7.5,0.00307776305926722
"A5","r1","PD","d=10.93",8,0.0287258104589919
"A5","r1","PD","d=10.93",8.5,0.0782304465320656
"A5","r1","PD","d=10.93",9,0.149273111422202
"A5","r1","PD","d=10.93",9.5,0.237826237443655
"A5","r1","PD","d=10.93",10,0.337550329853655
"A5","r1","PD","d=10.93",10.5,0.442600938877322
"A5","r1","PD","d=10.93",11,0.551529319382919
"A5","r1","PD","d=10.93",11.5,0.660220061970286
"A5","r1","PD","d=10.93",12,0.762548970486662
"A5","r1","PD","d=10.93",12.5,0.855711843749982
"A5","r1","PD","d=10.93",13,0.93466034928435
"A5","r1","PD","d=10.93",13.5,0.994848411509518
"A5","r1","PD","d=10.93",14,1.03351919582235
"A5","r1","PD","d=10.93",14.5,1.04658281918174
"A5","r1","PD","d=10.93",15,1.04026392031425
"A5","r1","PD","d=10.93",15.5,1.03200698701191
"A5","r1","PD","d=10.93",16,1.02352805441814
"A5","r1","PD","d=10.93",16.5,1.01747592869125
"A5","r1","PD","d=10.93",17,1.01400944609393
"A5","r1","PD","d=10.93",17.5,1.01090630552441
"A5","r1","PD","d=10.93",18,1.00727816686334
"A5","r1","PD","d=10.93",18.5,1.0053792272956
"A5","r1","PD","d=10.93",19,1.00429049619194
"A5","r1","PD","d=10.93",19.5,1.00344020261203
"A5","r1","PD","d=10.93",20,1.0040405586034
"A5","r1","PD","d=10.93",20.5,1.00300146968437
"A5","r1","PD","d=10.93",21,1.00173529767171
"A5","r1","PD","d=10.93",21.5,1.00143227777221
"A5","r1","PD","d=10.93",22,0.999949074755744
"A5","r1","PD","d=10.93",22.5,0.997176836679003
"A5","r1","PD","d=10.93",23,0.99372662451509
"A5","r1","PD","d=10.93",23.5,0.992513861093585
"A5","r1","PD","d=10.93",24,0.993776115149642
"A5","r1","PD","d=10.93",24.5,0.994583957230484
"A5","r1","PD","d=10.93",25,0.997778563851781
"A5","r1","PD","d=10.93",25.5,0.999954649151022
"A5","r1","PD","d=10.93",26,1.00138714573259
"A5","r1","PD","d=10.93",26.5,1.00301788220462
"A5","r1","PD","d=10.93",27,1.00499329258136
"A5","r1","PD","d=10.93",27.5,1.00559432115077
"A5","r1","PD","d=10.93",28,1.00473706964374
"A5","r1","PD","d=10.93",28.5,1.00373120606383
"A5","r1","PD","d=10.93",29,1.00030751955216
"A5","r1","PD","d=10.93",29.5,0.99561635815549
"A5","r1","PD","d=10.93",30,0.991851147302071
"A5","r1","NUC","d=11.30",0,7.9828089334693e-17
"A5","r1","NUC","d=11.30",0.5,1.16312446852604e-17
"A5","r1","NUC","d=11.30",1,1.26809319605742e-17
"A5","r1","NUC","d=11.30",1.5,2.64082814821937e-17
"A5","r1","NUC","d=11.30",2,0
"A5","r1","NUC","d=11.30",2.5,4.96665424244975e-18
"A5","r1","NUC","d=11.30",3,0
"A5","r1","NUC","d=11.30",3.5,0
"A5","r1","NUC","d=11.30",4,2.49303577860702e-18
"A5","r1","NUC","d=11.30",4.5,3.18639540736035e-18
"A5","r1","NUC","d=11.30",5,4.7362577476211e-18
"A5","r1","NUC","d=11.30",5.5,6.23728917282304e-17
"A5","r1","NUC","d=11.30",6,2.784514470226e-18
"A5","r1","NUC","d=11.30",6.5,2.06967001644675e-17
"A5","r1","NUC","d=11.30",7,0
"A5","r1","NUC","d=11.30",7.5,3.55556688571507e-18
"A5","r1","NUC","d=11.30",8,0.00794768801136234
"A5","r1","NUC","d=11.30",8.5,0.0437319354913616
"A5","r1","NUC","d=11.30",9,0.101892406811228
"A5","r1","NUC","d=11.30",9.5,0.179100066247228
"A5","r1","NUC","d=11.30",10,0.270517206705112
"A5","r1","NUC","d=11.30",10.5,0.371164642304786
"A5","r1","NUC","d=11.30",11,0.475819663035768
"A5","r1","NUC","d=11.30",11.5,0.583166955976668
"A5","r1","NUC","d=11.30",12,0.688248920380181
"A5","r1","NUC","d=11.30",12.5,0.786582645409248
"A5","r1","NUC","d=11.30",13,0.873708560794568
"A5","r1","NUC","d=11.30",13.5,0.946346482960526
"A5","r1","NUC","d=11.30",14,0.999547395375041
"A5","r1","NUC","d=11.30",14.5,1.02852849657089
"A5","r1","NUC","d=11.30",15,1.03189842553919
"A5","r1","NUC","d=11.30",15.5,1.02791415426501
"A5","r1","NUC","d=11.30",16,1.02470680064259
"A5","r1","NUC","d=11.30",16.5,1.02183426401151
"A5","r1","NUC","d=11.30",17,1.02006947470401
"A5","r1","NUC","d=11.30",17.5,1.01832424127891
"A5","r1","NUC","d=11.30",18,1.01638486082535
"A5","r1","NUC","d=11.30",18.5,1.0136742901723
"A5","r1","NUC","d=11.30",19,1.01184108879176
"A5","r1","NUC","d=11.30",19.5,1.00942594953161
"A5","r1","NUC","d=11.30",20,1.00696158433013
"A5","r1","NUC","d=11.30",20.5,1.00314265957556
"A5","r1","NUC","d=11.30",21,1.00023152234182
"A5","r1","NUC","d=11.30",21.5,0.995936312296727
"A5","r1","NUC","d=11.30",22,0.991494295694037
"A5","r1","NUC","d=11.30",22.5,0.989902983525208
"A5","r1","NUC","d=11.30",23,0.989167147729212
"A5","r1","NUC","d=11.30",23.5,0.987707554038648
"A5","r1","NUC","d=11.30",24,0.986052013134737
"A5","r1","NUC","d=11.30",24.5,0.985571317845513
"A5","r1","NUC","d=11.30",25,0.98490859966868
"A5","r1","NUC","d=11.30",25.5,0.986267568498199
"A5","r1","NUC","d=11.30",26,0.987444203667358
"A5","r1","NUC","d=11.30",26.5,0.988406271687543
"A5","r1","NUC","d=11.30",27,0.989466674111697
"A5","r1","NUC","d=11.30",27.5,0.989736700434854
"A5","r1","NUC","d=11.30",28,0.988471065276417
"A5","r1","NUC","d=11.30",28.5,0.986547735875175
"A5","r1","NUC","d=11.30",29,0.985163241225367
"A5","r1","NUC","d=11.30",29.5,0.983317987681154
"A5","r1","NUC","d=11.30",30,0.982118171155158
"A5","r2","CSR","d=0.00",0,1.03215159144938
"A5","r2","CSR","d=0.00",0.5,1.03466894367172
"A5","r2","CSR","d=0.00",1,1.03771073442038
"A5","r2","CSR","d=0.00",1.5,1.03960740773738
"A5","r2","CSR","d=0.00",2,1.03845505221285
"A5","r2","CSR","d=0.00",2.5,1.03600264374402
"A5","r2","CSR","d=0.00",3,1.03326084046736
"A5","r2","CSR","d=0.00",3.5,1.03060977480461
"A5","r2","CSR","d=0.00",4,1.02793781904253
"A5","r2","CSR","d=0.00",4.5,1.02554930211655
"A5","r2","CSR","d=0.00",5,1.02311203520086
"A5","r2","CSR","d=0.00",5.5,1.02138531627118
"A5","r2","CSR","d=0.00",6,1.01550803988748
"A5","r2","CSR","d=0.00",6.5,1.01156419382596
"A5","r2","CSR","d=0.00",7,1.00967406486367
"A5","r2","CSR","d=0.00",7.5,1.00716256761544
"A5","r2","CSR","d=0.00",8,1.00372218470783
"A5","r2","CSR","d=0.00",8.5,0.999239781325273
"A5","r2","CSR","d=0.00",9,0.996516259782451
"A5","r2","CSR","d=0.00",9.5,0.99484935548659
"A5","r2","CSR","d=0.00",10,0.994222585790731
"A5","r2","CSR","d=0.00",10.5,0.99614914328888
"A5","r2","CSR","d=0.00",11,0.99893127152277
"A5","r2","CSR","d=0.00",11.5,1.00149426293628
"A5","r2","CSR","d=0.00",12,1.00147528045551
"A5","r2","CSR","d=0.00",12.5,1.0003416951846
"A5","r2","CSR","d=0.00",13,0.998615699486152
"A5","r2","CSR","d=0.00",13.5,0.996811651183467
"A5","r2","CSR","d=0.00",14,0.995516486400598
"A5","r2","CSR","d=0.00",14.5,0.994529145433703
"A5","r2","CSR","d=0.00",15,0.993758256082692
"A5","r2","CSR","d=0.00",15.5,0.993368093683035
"A5","r2","CSR","d=0.00",16,0.993076179105375
"A5","r2","CSR","d=0.00",16.5,0.993649275894233
"A5","r2","CSR","d=0.00",17,0.993438100633314
"A5","r2","CSR","d=0.00",17.5,0.992565483060852
"A5","r2","CSR","d=0.00",18,0.991909552630375
"A5","r2","CSR","d=0.00",18.5,0.99077953094899
"A5","r2","CSR","d=0.00",19,0.990763652416184
"A5","r2","CSR","d=0.00",19.5,0.990375691911969
"A5","r2","CSR","d=0.00",20,0.991058797384341
"A5","r2","CSR","d=0.00",20.5,0.992659143231295
"A5","r2","CSR","d=0.00",21,0.993932246191455
"A5","r2","CSR","d=0.00",21.5,0.994981400355813
"A5","r2","CSR","d=0.00",22,0.994554489280327
"A5","r2","CSR","d=0.00",22.5,0.993817742907138
"A5","r2","CSR","d=0.00",23,0.992686713396541
"A5","r2","CSR","d=0.00",23.5,0.992777592096112
"A5","r2","CSR","d=0.00",24,0.993092702719668
"A5","r2","CSR","d=0.00",24.5,0.994331340831183
"A5","r2","CSR","d=0.00",25,0.995713584642208
"A5","r2","CSR","d=0.00",25.5,0.996721452674464
"A5","r2","CSR","d=0.00",26,0.997960527068627
"A5","r2","CSR","d=0.00",26.5,0.99982650001112
"A5","r2","CSR","d=0.00",27,1.00109163236208
"A5","r2","CSR","d=0.00",27.5,1.00145938618395
"A5","r2","CSR","d=0.00",28,1.00224635459085
"A5","r2","CSR","d=0.00",28.5,1.00311248421839
"A5","r2","CSR","d=0.00",29,1.00425187810796
"A5","r2","CSR","d=0.00",29.5,1.004583778585
"A5","r2","CSR","d=0.00",30,1.0044882518151
"A5","r2","PD","d=10.93",0,1.30476733007633e-16
"A5","r2","PD","d=10.93",0.5,1.14796795890091e-17
"A5","r2","PD","d=10.93",1,5.48196016836823e-18
"A5","r2","PD","d=10.93",1.5,4.90037883138402e-17
"A5","r2","PD","d=10.93",2,4.03485346324457e-18
"A5","r2","PD","d=10.93",2.5,1.35202941746176e-17
"A5","r2","PD","d=10.93",3,4.00922692858359e-17
"A5","r2","PD","d=10.93",3.5,1.43726780973141e-17
"A5","r2","PD","d=10.93",4,4.82855177194602e-17
"A5","r2","PD","d=10.93",4.5,1.40001133412103e-16
"A5","r2","PD","d=10.93",5,1.49004325561657e-17
"A5","r2","PD","d=10.93",5.5,4.10990472410307e-17
"A5","r2","PD","d=10.93",6,4.82381107872193e-06
"A5","r2","PD","d=10.93",6.5,0.00782216219550276
"A5","r2","PD","d=10.93",7,0.0300016661515922
"A5","r2","PD","d=10.93",7.5,0.0647207152843535
"A5","r2","PD","d=10.93",8,0.111276093163142
"A5","r2","PD","d=10.93",8.5,0.1680224855716
"A5","r2","PD","d=10.93",9,0.233169423674865
"A5","r2","PD","d=10.93",9.5,0.304616050608718
"A5","r2","PD","d=10.93",10,0.380717211568047
"A5","r2","PD","d=10.93",10.5,0.459687491198317
"A5","r2","PD","d=10.93",11,0.540247452206153
"A5","r2","PD","d=10.93",11.5,0.620192310813405
"A5","r2","PD","d=10.93",12,0.697396137929258
"A5","r2","PD","d=10.93",12.5,0.770763056787497
"A5","r2","PD","d=10.93",13,0.838436471131221
"A5","r2","PD","d=10.93",13.5,0.898995158170516
"A5","r2","PD","d=10.93",14,0.951400623717624
"A5","r2","PD","d=10.93",14.5,0.993402835960911
"A5","r2","PD","d=10.93",15,1.02303213563462
"A5","r2","PD","d=10.93",15.5,1.03894913678417
"A5","r2","PD","d=10.93",16,1.0392250414822
"A5","r2","PD","d=10.93",16.5,1.03529426972456
"A5","r2","PD","d=10.93",17,1.03075100311984
"A5","r2","PD","d=10.93",17.5,1.02560383587469
"A5","r2","PD","d=10.93",18,1.02071133279198
"A5","r2","PD","d=10.93",18.5,1.01636450436774
"A5","r2","PD","d=10.93",19,1.01170632279558
"A5","r2","PD","d=10.93",19.5,1.00685878291824
"A5","r2","PD","d=10.93",20,1.00246120328043
"A5","r2","PD","d=10.93",20.5,0.998137593811257
"A5","r2","PD","d=10.93",21,0.9948191639249
"A5","r2","PD","d=10.93",21.5,0.992167176023095
"A5","r2","PD","d=10.93",22,0.989591672281141
"A5","r2","PD","d=10.93",22.5,0.987926811247606
"A5","r2","PD","d=10.93",23,0.986236386854804
"A5","r2","PD","d=10.93",23.5,0.98520515347229
"A5","r2","PD","d=10.93",24,0.985596415926687
"A5","r2","PD","d=10.93",24.5,0.986385607484591
"A5","r2","PD","d=10.93",25,0.987323653620401
"A5","r2","PD","d=10.93",25.5,0.987949430744301
"A5","r2","PD","d=10.93",26,0.988011141248755
"A5","r2","PD","d=10.93",26.5,0.988617041063177
"A5","r2","PD","d=10.93",27,0.989534644993784
"A5","r2","PD","d=10.93",27.5,0.990417420380023
"A5","r2","PD","d=10.93",28,0.991242522779697
"A5","r2","PD","d=10.93",28.5,0.991717556362761
"A5","r2","PD","d=10.93",29,0.991605218638794
"A5","r2","PD","d=10.93",29.5,0.991466731162026
"A5","r2","PD","d=10.93",30,0.990966001989683
"A5","r2","NUC","d=11.30",0,1.12198201853118e-16
"A5","r2","NUC","d=11.30",0.5,1.07758017429064e-18
"A5","r2","NUC","d=11.30",1,8.90066665394212e-18
"A5","r2","NUC","d=11.30",1.5,3.32437570487721e-17
"A5","r2","NUC","d=11.30",2,3.54511533256261e-19
"A5","r2","NUC","d=11.30",2.5,9.63706981327459e-18
"A5","r2","NUC","d=11.30",3,2.77092167149287e-17
"A5","r2","NUC","d=11.30",3.5,2.25530570249239e-17
"A5","r2","NUC","d=11.30",4,5.79681814352778e-17
"A5","r2","NUC","d=11.30",4.5,1.46167777646296e-16
"A5","r2","NUC","d=11.30",5,1.33757850954492e-17
"A5","r2","NUC","d=11.30",5.5,3.80914169150457e-17
"A5","r2","NUC","d=11.30",6,1.07878142296127e-16
"A5","r2","NUC","d=11.30",6.5,0.000616486878995423
"A5","r2","NUC","d=11.30",7,0.013133925467994
"A5","r2","NUC","d=11.30",7.5,0.0412134708576672
"A5","r2","NUC","d=11.30",8,0.082488926190737
"A5","r2","NUC","d=11.30",8.5,0.13433680927891
"A5","r2","NUC","d=11.30",9,0.195752315765191
"A5","r2","NUC","d=11.30",9.5,0.26442634035581
"A5","r2","NUC","d=11.30",10,0.338637979802375
"A5","r2","NUC","d=11.30",10.5,0.417011842471537
"A5","r2","NUC","d=11.30",11,0.496376047837909
"A5","r2","NUC","d=11.30",11.5,0.577230311293362
"A5","r2","NUC","d=11.30",12,0.657837251185963
"A5","r2","NUC","d=11.30",12.5,0.735700619731585
"A5","r2","NUC","d=11.30",13,0.808731347648802
"A5","r2","NUC","d=11.30",13.5,0.875194055698729
"A5","r2","NUC","d=11.30",14,0.933060954903372
"A5","r2","NUC","d=11.30",14.5,0.98050605654753
"A5","r2","NUC","d=11.30",15,1.01689933363311
"A5","r2","NUC","d=11.30",15.5,1.0396204130431
"A5","r2","NUC","d=11.30",16,1.04742918194194
"A5","r2","NUC","d=11.30",16.5,1.04122523495765
"A5","r2","NUC","d=11.30",17,1.03419679383021
"A5","r2","NUC","d=11.30",17.5,1.02842220517826
"A5","r2","NUC","d=11.30",18,1.02297799205817
"A5","r2","NUC","d=11.30",18.5,1.01777858341312
"A5","r2","NUC","d=11.30",19,1.01357315331878
"A5","r2","NUC","d=11.30",19.5,1.01049865450918
"A5","r2","NUC","d=11.30",20,1.00766740135531
"A5","r2","NUC","d=11.30",20.5,1.00508173747812
"A5","r2","NUC","d=11.30",21,1.00146108156493
"A5","r2","NUC","d=11.30",21.5,0.999395360498237
"A5","r2","NUC","d=11.30",22,0.999028423987081
"A5","r2","NUC","d=11.30",22.5,0.99958066370102
"A5","r2","NUC","d=11.30",23,1.00000681040227
"A5","r2","NUC","d=11.30",23.5,1.00101580985945
"A5","r2","NUC","d=11.30",24,1.00127777454266
"A5","r2","NUC","d=11.30",24.5,1.00130191796763
"A5","r2","NUC","d=11.30",25,1.00120696329325
"A5","r2","NUC","d=11.30",25.5,1.00092334244868
"A5","r2","NUC","d=11.30",26,1.00061918403274
"A5","r2","NUC","d=11.30",26.5,0.999973334471966
"A5","r2","NUC","d=11.30",27,0.99958389929972
"A5","r2","NUC","d=11.30",27.5,0.998754733138367
"A5","r2","NUC","d=11.30",28,0.997338750500344
"A5","r2","NUC","d=11.30",28.5,0.995661495024456
"A5","r2","NUC","d=11.30",29,0.994746188928096
"A5","r2","NUC","d=11.30",29.5,0.994003483777142
"A5","r2","NUC","d=11.30",30,0.993167610683529
"A5","r3","CSR","d=0.00",0,0.875145051248993
"A5","r3","CSR","d=0.00",0.5,0.886323577287566
"A5","r3","CSR","d=0.00",1,0.89746948143048
"A5","r3","CSR","d=0.00",1.5,0.906814090153417
"A5","r3","CSR","d=0.00",2,0.913572488688885
"A5","r3","CSR","d=0.00",2.5,0.921020080601444
"A5","r3","CSR","d=0.00",3,0.929225164232861
"A5","r3","CSR","d=0.00",3.5,0.93747997503055
"A5","r3","CSR","d=0.00",4,0.945543955478826
"A5","r3","CSR","d=0.00",4.5,0.954279907479054
"A5","r3","CSR","d=0.00",5,0.964173577136046
"A5","r3","CSR","d=0.00",5.5,0.974030552597832
"A5","r3","CSR","d=0.00",6,0.978782775256256
"A5","r3","CSR","d=0.00",6.5,0.980519292879641
"A5","r3","CSR","d=0.00",7,0.982260573608582
"A5","r3","CSR","d=0.00",7.5,0.986271176226206
"A5","r3","CSR","d=0.00",8,0.991794571257383
"A5","r3","CSR","d=0.00",8.5,0.996904725614144
"A5","r3","CSR","d=0.00",9,0.999816894021209
"A5","r3","CSR","d=0.00",9.5,1.00030240440332
"A5","r3","CSR","d=0.00",10,1.0000829727164
"A5","r3","CSR","d=0.00",10.5,1.00090189318606
"A5","r3","CSR","d=0.00",11,1.0017600517319
"A5","r3","CSR","d=0.00",11.5,1.00265374663778
"A5","r3","CSR","d=0.00",12,1.00178891262601
"A5","r3","CSR","d=0.00",12.5,0.999739266923663
"A5","r3","CSR","d=0.00",13,0.998479860546003
"A5","r3","CSR","d=0.00",13.5,0.997410626653143
"A5","r3","CSR","d=0.00",14,0.995880858942056
"A5","r3","CSR","d=0.00",14.5,0.99377070304307
"A5","r3","CSR","d=0.00",15,0.991481291935829
"A5","r3","CSR","d=0.00",15.5,0.990016086245409
"A5","r3","CSR","d=0.00",16,0.989068599337271
"A5","r3","CSR","d=0.00",16.5,0.987899850559932
"A5","r3","CSR","d=0.00",17,0.986528942638103
"A5","r3","CSR","d=0.00",17.5,0.984532339385538
"A5","r3","CSR","d=0.00",18,0.983248856754396
"A5","r3","CSR","d=0.00",18.5,0.982777311681589
"A5","r3","CSR","d=0.00",19,0.98355919272905
"A5","r3","CSR","d=0.00",19.5,0.983859935611399
"A5","r3","CSR","d=0.00",20,0.98478001786081
"A5","r3","CSR","d=0.00",20.5,0.986315085015465
"A5","r3","CSR","d=0.00",21,0.988750495876352
"A5","r3","CSR","d=0.00",21.5,0.990274841259418
"A5","r3","CSR","d=0.00",22,0.991763368817932
"A5","r3","CSR","d=0.00",22.5,0.992619282674978
"A5","r3","CSR","d=0.00",23,0.993694590091744
"A5","r3","CSR","d=0.00",23.5,0.99503907054462
"A5","r3","CSR","d=0.00",24,0.99647519860885
"A5","r3","CSR","d=0.00",24.5,0.997136318976767
"A5","r3","CSR","d=0.00",25,0.997685918018331
"A5","r3","CSR","d=0.00",25.5,0.99766305139837
"A5","r3","CSR","d=0.00",26,0.998093825317274
"A5","r3","CSR","d=0.00",26.5,0.999487886092627
"A5","r3","CSR","d=0.00",27,1.00053612414774
"A5","r3","CSR","d=0.00",27.5,1.00080476687799
"A5","r3","CSR","d=0.00",28,1.00125214085201
"A5","r3","CSR","d=0.00",28.5,1.00196435653012
"A5","r3","CSR","d=0.00",29,1.00296830159359
"A5","r3","CSR","d=0.00",29.5,1.0039083076733
"A5","r3","CSR","d=0.00",30,1.00326534977815
"A5","r3","PD","d=10.93",0,5.01370508183715e-20
"A5","r3","PD","d=10.93",0.5,1.42558690250026e-17
"A5","r3","PD","d=10.93",1,1.11859474853891e-17
"A5","r3","PD","d=10.93",1.5,0
"A5","r3","PD","d=10.93",2,9.59446667711887e-18
"A5","r3","PD","d=10.93",2.5,1.03398832447951e-17
"A5","r3","PD","d=10.93",3,1.11364884275496e-17
"A5","r3","PD","d=10.93",3.5,6.61622821223524e-17
"A5","r3","PD","d=10.93",4,7.47033426411535e-17
"A5","r3","PD","d=10.93",4.5,1.1577439904713e-17
"A5","r3","PD","d=10.93",5,4.33576573529237e-17
"A5","r3","PD","d=10.93",5.5,6.29124371560313e-17
"A5","r3","PD","d=10.93",6,0.00270156467343325
"A5","r3","PD","d=10.93",6.5,0.0183107601653378
"A5","r3","PD","d=10.93",7,0.0482091748908856
"A5","r3","PD","d=10.93",7.5,0.0893259978416738
"A5","r3","PD","d=10.93",8,0.140531839897322
"A5","r3","PD","d=10.93",8.5,0.199824340807599
"A5","r3","PD","d=10.93",9,0.265468960438986
"A5","r3","PD","d=10.93",9.5,0.336813510721124
"A5","r3","PD","d=10.93",10,0.41166723276461
"A5","r3","PD","d=10.93",10.5,0.488425576295796
"A5","r3","PD","d=10.93",11,0.565144694638566
"A5","r3","PD","d=10.93",11.5,0.640737236844444
"A5","r3","PD","d=10.93",12,0.713915579605602
"A5","r3","PD","d=10.93",12.5,0.783261377223206
"A5","r3","PD","d=10.93",13,0.846896353045374
"A5","r3","PD","d=10.93",13.5,0.903885639867102
"A5","r3","PD","d=10.93",14,0.953292934419443
"A5","r3","PD","d=10.93",14.5,0.993408631629045
"A5","r3","PD","d=10.93",15,1.0228279346731
"A5","r3","PD","d=10.93",15.5,1.04046600117465
"A5","r3","PD","d=10.93",16,1.04511992153171
"A5","r3","PD","d=10.93",16.5,1.03856642374406
"A5","r3","PD","d=10.93",17,1.03099464320667
"A5","r3","PD","d=10.93",17.5,1.0254119139435
"A5","r3","PD","d=10.93",18,1.01996337909082
"A5","r3","PD","d=10.93",18.5,1.01525126201374
"A5","r3","PD","d=10.93",19,1.01108482579129
"A5","r3","PD","d=10.93",19.5,1.00684084867348
"A5","r3","PD","d=10.93",20,1.00345775174897
"A5","r3","PD","d=10.93",20.5,1.00033115216218
"A5","r3","PD","d=10.93",21,0.997674212872931
"A5","r3","PD","d=10.93",21.5,0.994937695783386
"A5","r3","PD","d=10.93",22,0.99270252558617
"A5","r3","PD","d=10.93",22.5,0.99013139775718
"A5","r3","PD","d=10.93",23,0.987299941236315
"A5","r3","PD","d=10.93",23.5,0.983609939311052
"A5","r3","PD","d=10.93",24,0.98027651707574
"A5","r3","PD","d=10.93",24.5,0.977293201723369
"A5","r3","PD","d=10.93",25,0.975083340694138
"A5","r3","PD","d=10.93",25.5,0.973738946004004
"A5","r3","PD","d=10.93",26,0.973261048539584
"A5","r3","PD","d=10.93",26.5,0.973510036329398
"A5","r3","PD","d=10.93",27,0.974388540616808
"A5","r3","PD","d=10.93",27.5,0.975710340286961
"A5","r3","PD","d=10.93",28,0.978142216955181
"A5","r3","PD","d=10.93",28.5,0.981060970614547
"A5","r3","PD","d=10.93",29,0.984711299420445
"A5","r3","PD","d=10.93",29.5,0.988439455761307
"A5","r3","PD","d=10.93",30,0.991951804923592
"A5","r3","NUC","d=11.30",0,9.85032318549995e-18
"A5","r3","NUC","d=11.30",0.5,0
"A5","r3","NUC","d=11.30",1,2.22977077967122e-17
"A5","r3","NUC","d=11.30",1.5,2.64151229460844e-18
"A5","r3","NUC","d=11.30",2,1.11240445379788e-17
"A5","r3","NUC","d=11.30",2.5,1.22199420877395e-17
"A5","r3","NUC","d=11.30",3,1.05501634254786e-17
"A5","r3","NUC","d=11.30",3.5,5.30528618115945e-17
"A5","r3","NUC","d=11.30",4,5.67407961046074e-17
"A5","r3","NUC","d=11.30",4.5,1.31234330345448e-17
"A5","r3","NUC","d=11.30",5,3.59335968105505e-17
"A5","r3","NUC","d=11.30",5.5,5.99571282049801e-17
"A5","r3","NUC","d=11.30",6,1.2555604043877e-07
"A5","r3","NUC","d=11.30",6.5,0.00522995100665513
"A5","r3","NUC","d=11.30",7,0.024180901473812
"A5","r3","NUC","d=11.30",7.5,0.0552655307115442
"A5","r3","NUC","d=11.30",8,0.0980403214967605
"A5","r3","NUC","d=11.30",8.5,0.150046036768958
"A5","r3","NUC","d=11.30",9,0.209831680912668
"A5","r3","NUC","d=11.30",9.5,0.275616801065747
"A5","r3","NUC","d=11.30",10,0.345946907909876
"A5","r3","NUC","d=11.30",10.5,0.419302338968125
"A5","r3","NUC","d=11.30",11,0.494362855920434
"A5","r3","NUC","d=11.30",11.5,0.569682040011335
"A5","r3","NUC","d=11.30",12,0.644232972194605
"A5","r3","NUC","d=11.30",12.5,0.715709461555636
"A5","r3","NUC","d=11.30",13,0.783507524576305
"A5","r3","NUC","d=11.30",13.5,0.846279449516887
"A5","r3","NUC","d=11.30",14,0.902445067141799
"A5","r3","NUC","d=11.30",14.5,0.949819655699421
"A5","r3","NUC","d=11.30",15,0.987601346810788
"A5","r3","NUC","d=11.30",15.5,1.01522160292907
"A5","r3","NUC","d=11.30",16,1.03085586717711
"A5","r3","NUC","d=11.30",16.5,1.03315196960853
"A5","r3","NUC","d=11.30",17,1.02790844805831
"A5","r3","NUC","d=11.30",17.5,1.02311222673249
"A5","r3","NUC","d=11.30",18,1.01829508031193
"A5","r3","NUC","d=11.30",18.5,1.01527892573625
"A5","r3","NUC","d=11.30",19,1.01206801719029
"A5","r3","NUC","d=11.30",19.5,1.0089273428509
"A5","r3","NUC","d=11.30",20,1.00575211566887
"A5","r3","NUC","d=11.30",20.5,1.00228241372939
"A5","r3","NUC","d=11.30",21,0.999332933113502
"A5","r3","NUC","d=11.30",21.5,0.996974976925426
"A5","r3","NUC","d=11.30",22,0.995067001536793
"A5","r3","NUC","d=11.30",22.5,0.993794057168629
"A5","r3","NUC","d=11.30",23,0.99294239156858
"A5","r3","NUC","d=11.30",23.5,0.992763775124568
"A5","r3","NUC","d=11.30",24,0.993141127678204
"A5","r3","NUC","d=11.30",24.5,0.994467332363675
"A5","r3","NUC","d=11.30",25,0.995143370098497
"A5","r3","NUC","d=11.30",25.5,0.995361442551494
"A5","r3","NUC","d=11.30",26,0.996328473212869
"A5","r3","NUC","d=11.30",26.5,0.997591863433911
"A5","r3","NUC","d=11.30",27,0.998857429216029
"A5","r3","NUC","d=11.30",27.5,0.999643771329452
"A5","r3","NUC","d=11.30",28,1.00043032252622
"A5","r3","NUC","d=11.30",28.5,1.00140717967123
"A5","r3","NUC","d=11.30",29,1.00274440530627
"A5","r3","NUC","d=11.30",29.5,1.00374728733872
"A5","r3","NUC","d=11.30",30,1.00454265127451
"A5","r4","CSR","d=0.00",0,0.997849025190015
"A5","r4","CSR","d=0.00",0.5,0.997674702847381
"A5","r4","CSR","d=0.00",1,0.997283880365535
"A5","r4","CSR","d=0.00",1.5,0.995368745955047
"A5","r4","CSR","d=0.00",2,0.994671688104371
"A5","r4","CSR","d=0.00",2.5,0.993403426841905
"A5","r4","CSR","d=0.00",3,0.992212852076862
"A5","r4","CSR","d=0.00",3.5,0.990830064109301
"A5","r4","CSR","d=0.00",4,0.989371425457461
"A5","r4","CSR","d=0.00",4.5,0.987815102211678
"A5","r4","CSR","d=0.00",5,0.986820445949853
"A5","r4","CSR","d=0.00",5.5,0.986525694080636
"A5","r4","CSR","d=0.00",6,0.985032169846782
"A5","r4","CSR","d=0.00",6.5,0.984788873445916
"A5","r4","CSR","d=0.00",7,0.98569591050412
"A5","r4","CSR","d=0.00",7.5,0.985903799330285
"A5","r4","CSR","d=0.00",8,0.985324111557286
"A5","r4","CSR","d=0.00",8.5,0.985842886080777
"A5","r4","CSR","d=0.00",9,0.986643049390436
"A5","r4","CSR","d=0.00",9.5,0.986992247547871
"A5","r4","CSR","d=0.00",10,0.987602866457623
"A5","r4","CSR","d=0.00",10.5,0.988815847900555
"A5","r4","CSR","d=0.00",11,0.990540655396475
"A5","r4","CSR","d=0.00",11.5,0.992000231048087
"A5","r4","CSR","d=0.00",12,0.992619302142511
"A5","r4","CSR","d=0.00",12.5,0.992829591666411
"A5","r4","CSR","d=0.00",13,0.992202133751546
"A5","r4","CSR","d=0.00",13.5,0.991942559344309
"A5","r4","CSR","d=0.00",14,0.990836389445054
"A5","r4","CSR","d=0.00",14.5,0.989781181564124
"A5","r4","CSR","d=0.00",15,0.987877442893277
"A5","r4","CSR","d=0.00",15.5,0.986148542622309
"A5","r4","CSR","d=0.00",16,0.984942108827624
"A5","r4","CSR","d=0.00",16.5,0.984263314695494
"A5","r4","CSR","d=0.00",17,0.984634524588908
"A5","r4","CSR","d=0.00",17.5,0.985459738730423
"A5","r4","CSR","d=0.00",18,0.987643959304561
"A5","r4","CSR","d=0.00",18.5,0.990868744901781
"A5","r4","CSR","d=0.00",19,0.993181594116801
"A5","r4","CSR","d=0.00",19.5,0.994885899498674
"A5","r4","CSR","d=0.00",20,0.996039526979239
"A5","r4","CSR","d=0.00",20.5,0.99710291267887
"A5","r4","CSR","d=0.00",21,0.99794372582235
"A5","r4","CSR","d=0.00",21.5,0.999118686073605
"A5","r4","CSR","d=0.00",22,1.00063070042362
"A5","r4","CSR","d=0.00",22.5,1.00206382825273
"A5","r4","CSR","d=0.00",23,1.00336606204947
"A5","r4","CSR","d=0.00",23.5,1.00438363280878
"A5","r4","CSR","d=0.00",24,1.00515329057743
"A5","r4","CSR","d=0.00",24.5,1.00580486224893
"A5","r4","CSR","d=0.00",25,1.005834062725
"A5","r4","CSR","d=0.00",25.5,1.00556336746556
"A5","r4","CSR","d=0.00",26,1.00494638534516
"A5","r4","CSR","d=0.00",26.5,1.00365334172471
"A5","r4","CSR","d=0.00",27,1.00308039215184
"A5","r4","CSR","d=0.00",27.5,1.00318486788676
"A5","r4","CSR","d=0.00",28,1.0030815486501
"A5","r4","CSR","d=0.00",28.5,1.00366731756905
"A5","r4","CSR","d=0.00",29,1.00531996113135
"A5","r4","CSR","d=0.00",29.5,1.00784998482308
"A5","r4","CSR","d=0.00",30,1.0100029712023
"A5","r4","PD","d=10.93",0,8.37763492944359e-18
"A5","r4","PD","d=10.93",0.5,1.1316357011569e-17
"A5","r4","PD","d=10.93",1,1.6806094659232e-18
"A5","r4","PD","d=10.93",1.5,1.96511646017547e-18
"A5","r4","PD","d=10.93",2,4.71893461552847e-18
"A5","r4","PD","d=10.93",2.5,2.02166183485295e-18
"A5","r4","PD","d=10.93",3,1.08266923908853e-17
"A5","r4","PD","d=10.93",3.5,3.31350190425866e-17
"A5","r4","PD","d=10.93",4,3.17404730439124e-17
"A5","r4","PD","d=10.93",4.5,5.34026220976641e-18
"A5","r4","PD","d=10.93",5,2.08847721284824e-17
"A5","r4","PD","d=10.93",5.5,0.00146262852121318
"A5","r4","PD","d=10.93",6,0.0134920309266029
"A5","r4","PD","d=10.93",6.5,0.0366728622677577
"A5","r4","PD","d=10.93",7,0.0697973334918288
"A5","r4","PD","d=10.93",7.5,0.112131781636553
"A5","r4","PD","d=10.93",8,0.162014449337823
"A5","r4","PD","d=10.93",8.5,0.218662907205385
"A5","r4","PD","d=10.93",9,0.280271815047166
"A5","r4","PD","d=10.93",9.5,0.345399037836668
"A5","r4","PD","d=10.93",10,0.412571927126995
"A5","r4","PD","d=10.93",10.5,0.481736848725748
"A5","r4","PD","d=10.93",11,0.551632859268326
"A5","r4","PD","d=10.93",11.5,0.620156264426598
"A5","r4","PD","d=10.93",12,0.687292920396964
"A5","r4","PD","d=10.93",12.5,0.752056455824262
"A5","r4","PD","d=10.93",13,0.813297844220589
"A5","r4","PD","d=10.93",13.5,0.869896609360978
"A5","r4","PD","d=10.93",14,0.920007080700989
"A5","r4","PD","d=10.93",14.5,0.96241293060696
"A5","r4","PD","d=10.93",15,0.99615952720262
"A5","r4","PD","d=10.93",15.5,1.02051952716182
"A5","r4","PD","d=10.93",16,1.0345032956401
"A5","r4","PD","d=10.93",16.5,1.03699701315565
"A5","r4","PD","d=10.93",17,1.03108470730696
"A5","r4","PD","d=10.93",17.5,1.025850736597
"A5","r4","PD","d=10.93",18,1.02109908958703
"A5","r4","PD","d=10.93",18.5,1.01702082533118
"A5","r4","PD","d=10.93",19,1.0135713670869
"A5","r4","PD","d=10.93",19.5,1.01035971477607
"A5","r4","PD","d=10.93",20,1.00780401466313
"A5","r4","PD","d=10.93",20.5,1.00579819486395
"A5","r4","PD","d=10.93",21,1.00368199220257
"A5","r4","PD","d=10.93",21.5,1.00181521477587
"A5","r4","PD","d=10.93",22,1.00033697690852
"A5","r4","PD","d=10.93",22.5,0.998383791208061
"A5","r4","PD","d=10.93",23,0.995636821244229
"A5","r4","PD","d=10.93",23.5,0.993859671769962
"A5","r4","PD","d=10.93",24,0.993101085070991
"A5","r4","PD","d=10.93",24.5,0.992796557717365
"A5","r4","PD","d=10.93",25,0.99292560875218
"A5","r4","PD","d=10.93",25.5,0.992622281651781
"A5","r4","PD","d=10.93",26,0.991726064669904
"A5","r4","PD","d=10.93",26.5,0.990869349533547
"A5","r4","PD","d=10.93",27,0.989902871825225
"A5","r4","PD","d=10.93",27.5,0.988937359645816
"A5","r4","PD","d=10.93",28,0.98782021920069
"A5","r4","PD","d=10.93",28.5,0.986412094157591
"A5","r4","PD","d=10.93",29,0.985537874492148
"A5","r4","PD","d=10.93",29.5,0.984335427568128
"A5","r4","PD","d=10.93",30,0.983336376079476
"A5","r4","NUC","d=11.30",0,1.18114955940924e-17
"A5","r4","NUC","d=11.30",0.5,3.47061169060774e-17
"A5","r4","NUC","d=11.30",1,2.22303616828749e-18
"A5","r4","NUC","d=11.30",1.5,5.42908404721074e-18
"A5","r4","NUC","d=11.30",2,1.80427723059673e-17
"A5","r4","NUC","d=11.30",2.5,4.71367045038334e-18
"A5","r4","NUC","d=11.30",3,2.48817529300571e-17
"A5","r4","NUC","d=11.30",3.5,6.25251152838858e-17
"A5","r4","NUC","d=11.30",4,3.62531985682501e-17
"A5","r4","NUC","d=11.30",4.5,1.93619527487991e-17
"A5","r4","NUC","d=11.30",5,4.04105613990979e-17
"A5","r4","NUC","d=11.30",5.5,8.87094789441455e-17
"A5","r4","NUC","d=11.30",6,0.00396838947975719
"A5","r4","NUC","d=11.30",6.5,0.0209144398873956
"A5","r4","NUC","d=11.30",7,0.0490564366634085
"A5","r4","NUC","d=11.30",7.5,0.0868373051689724
"A5","r4","NUC","d=11.30",8,0.133462980418876
"A5","r4","NUC","d=11.30",8.5,0.186976096905575
"A5","r4","NUC","d=11.30",9,0.245702103158064
"A5","r4","NUC","d=11.30",9.5,0.308992536275731
"A5","r4","NUC","d=11.30",10,0.375301358203111
"A5","r4","NUC","d=11.30",10.5,0.443360409236255
"A5","r4","NUC","d=11.30",11,0.513062184604335
"A5","r4","NUC","d=11.30",11.5,0.583244536201334
"A5","r4","NUC","d=11.30",12,0.652227373555263
"A5","r4","NUC","d=11.30",12.5,0.718881973349784
"A5","r4","NUC","d=11.30",13,0.781415608272254
"A5","r4","NUC","d=11.30",13.5,0.839022058793081
"A5","r4","NUC","d=11.30",14,0.89037421594751
"A5","r4","NUC","d=11.30",14.5,0.935167652625313
"A5","r4","NUC","d=11.30",15,0.972133123660668
"A5","r4","NUC","d=11.30",15.5,1.00126093035683
"A5","r4","NUC","d=11.30",16,1.0212918054868
"A5","r4","NUC","d=11.30",16.5,1.03061399920335
"A5","r4","NUC","d=11.30",17,1.02824610946216
"A5","r4","NUC","d=11.30",17.5,1.02133787695605
"A5","r4","NUC","d=11.30",18,1.01634088593271
"A5","r4","NUC","d=11.30",18.5,1.01253956062956
"A5","r4","NUC","d=11.30",19,1.00950020243126
"A5","r4","NUC","d=11.30",19.5,1.00740192459512
"A5","r4","NUC","d=11.30",20,1.00533787758569
"A5","r4","NUC","d=11.30",20.5,1.00342893783532
"A5","r4","NUC","d=11.30",21,1.00184719304967
"A5","r4","NUC","d=11.30",21.5,1.00025681736987
"A5","r4","NUC","d=11.30",22,0.998783314595269
"A5","r4","NUC","d=11.30",22.5,0.997951717634844
"A5","r4","NUC","d=11.30",23,0.997703102127004
"A5","r4","NUC","d=11.30",23.5,0.997759203446222
"A5","r4","NUC","d=11.30",24,0.997925239230904
"A5","r4","NUC","d=11.30",24.5,0.997399047490848
"A5","r4","NUC","d=11.30",25,0.996129578660493
"A5","r4","NUC","d=11.30",25.5,0.993923117288575
"A5","r4","NUC","d=11.30",26,0.992218361497319
"A5","r4","NUC","d=11.30",26.5,0.99052967928371
"A5","r4","NUC","d=11.30",27,0.990242417960998
"A5","r4","NUC","d=11.30",27.5,0.99083372334727
"A5","r4","NUC","d=11.30",28,0.991704409062672
"A5","r4","NUC","d=11.30",28.5,0.992611001809692
"A5","r4","NUC","d=11.30",29,0.993141411578907
"A5","r4","NUC","d=11.30",29.5,0.993438419768741
"A5","r4","NUC","d=11.30",30,0.994060349018123
"A5","r5","CSR","d=0.00",0,1.07390695182588
"A5","r5","CSR","d=0.00",0.5,1.06054494343867
"A5","r5","CSR","d=0.00",1,1.04742698080975
"A5","r5","CSR","d=0.00",1.5,1.03630785560625
"A5","r5","CSR","d=0.00",2,1.02790406535241
"A5","r5","CSR","d=0.00",2.5,1.02098685248613
"A5","r5","CSR","d=0.00",3,1.01591579804019
"A5","r5","CSR","d=0.00",3.5,1.00986371626389
"A5","r5","CSR","d=0.00",4,1.00219382470771
"A5","r5","CSR","d=0.00",4.5,0.994163616311297
"A5","r5","CSR","d=0.00",5,0.98822936581285
"A5","r5","CSR","d=0.00",5.5,0.986083617477732
"A5","r5","CSR","d=0.00",6,0.985385492616905
"A5","r5","CSR","d=0.00",6.5,0.985286778107962
"A5","r5","CSR","d=0.00",7,0.986578548936092
"A5","r5","CSR","d=0.00",7.5,0.988886217485908
"A5","r5","CSR","d=0.00",8,0.990793728565777
"A5","r5","CSR","d=0.00",8.5,0.992915213560669
"A5","r5","CSR","d=0.00",9,0.99497142258519
"A5","r5","CSR","d=0.00",9.5,0.995678585388896
"A5","r5","CSR","d=0.00",10,0.995396392710122
"A5","r5","CSR","d=0.00",10.5,0.994870840510262
"A5","r5","CSR","d=0.00",11,0.9947572454135
"A5","r5","CSR","d=0.00",11.5,0.99515720552556
"A5","r5","CSR","d=0.00",12,0.996864027021944
"A5","r5","CSR","d=0.00",12.5,0.9983487722371
"A5","r5","CSR","d=0.00",13,0.998917084553564
"A5","r5","CSR","d=0.00",13.5,0.997841060148986
"A5","r5","CSR","d=0.00",14,0.997894366191177
"A5","r5","CSR","d=0.00",14.5,0.998619312591933
"A5","r5","CSR","d=0.00",15,0.998398737543136
"A5","r5","CSR","d=0.00",15.5,0.997705876545324
"A5","r5","CSR","d=0.00",16,0.997303720624907
"A5","r5","CSR","d=0.00",16.5,0.996644598406296
"A5","r5","CSR","d=0.00",17,0.997122917841252
"A5","r5","CSR","d=0.00",17.5,0.9987421322857
"A5","r5","CSR","d=0.00",18,1.00025734406832
"A5","r5","CSR","d=0.00",18.5,1.00072969309501
"A5","r5","CSR","d=0.00",19,1.00152553003558
"A5","r5","CSR","d=0.00",19.5,1.00240048315879
"A5","r5","CSR","d=0.00",20,1.00359571529616
"A5","r5","CSR","d=0.00",20.5,1.00462253690673
"A5","r5","CSR","d=0.00",21,1.00609298115105
"A5","r5","CSR","d=0.00",21.5,1.00672620731209
"A5","r5","CSR","d=0.00",22,1.0071213606942
"A5","r5","CSR","d=0.00",22.5,1.0074299159201
"A5","r5","CSR","d=0.00",23,1.00738248389732
"A5","r5","CSR","d=0.00",23.5,1.00677649401915
"A5","r5","CSR","d=0.00",24,1.00611925102466
"A5","r5","CSR","d=0.00",24.5,1.00540550789784
"A5","r5","CSR","d=0.00",25,1.00413581611681
"A5","r5","CSR","d=0.00",25.5,1.00222775205213
"A5","r5","CSR","d=0.00",26,1.00114727951516
"A5","r5","CSR","d=0.00",26.5,1.00051720531761
"A5","r5","CSR","d=0.00",27,1.00058672061821
"A5","r5","CSR","d=0.00",27.5,0.999656037443223
"A5","r5","CSR","d=0.00",28,0.998342326255023
"A5","r5","CSR","d=0.00",28.5,0.996783542414255
"A5","r5","CSR","d=0.00",29,0.995065329524526
"A5","r5","CSR","d=0.00",29.5,0.993903862022793
"A5","r5","CSR","d=0.00",30,0.993499843225745
"A5","r5","PD","d=10.93",0,1.43992860527001e-16
"A5","r5","PD","d=10.93",0.5,1.98367891749176e-17
"A5","r5","PD","d=10.93",1,2.09749361726946e-17
"A5","r5","PD","d=10.93",1.5,5.80052929190278e-17
"A5","r5","PD","d=10.93",2,2.74264931877153e-18
"A5","r5","PD","d=10.93",2.5,2.1563802381558e-17
"A5","r5","PD","d=10.93",3,3.53141867153533e-17
"A5","r5","PD","d=10.93",3.5,3.60962118331745e-17
"A5","r5","PD","d=10.93",4,7.40588496461615e-17
"A5","r5","PD","d=10.93",4.5,8.09583914568577e-17
"A5","r5","PD","d=10.93",5,2.32738835323025e-17
"A5","r5","PD","d=10.93",5.5,5.86957641203942e-17
"A5","r5","PD","d=10.93",6,1.07338654622829e-16
"A5","r5","PD","d=10.93",6.5,0.00104162030191207
"A5","r5","PD","d=10.93",7,0.0163284124761593
"A5","r5","PD","d=10.93",7.5,0.0487754795419696
"A5","r5","PD","d=10.93",8,0.0956739835804491
"A5","r5","PD","d=10.93",8.5,0.155875431437379
"A5","r5","PD","d=10.93",9,0.22783362845603
"A5","r5","PD","d=10.93",9.5,0.308201628442972
"A5","r5","PD","d=10.93",10,0.394230706685065
"A5","r5","PD","d=10.93",10.5,0.482389700893501
"A5","r5","PD","d=10.93",11,0.572108576215847
"A5","r5","PD","d=10.93",11.5,0.660985370113399
"A5","r5","PD","d=10.93",12,0.747141223736039
"A5","r5","PD","d=10.93",12.5,0.827081703583781
"A5","r5","PD","d=10.93",13,0.899572270532846
"A5","r5","PD","d=10.93",13.5,0.962241549198264
"A5","r5","PD","d=10.93",14,1.01202236427994
"A5","r5","PD","d=10.93",14.5,1.04743576997449
"A5","r5","PD","d=10.93",15,1.06594582636339
"A5","r5","PD","d=10.93",15.5,1.06539272542739
"A5","r5","PD","d=10.93",16,1.05409684499187
"A5","r5","PD","d=10.93",16.5,1.04343640355131
"A5","r5","PD","d=10.93",17,1.03259084258415
"A5","r5","PD","d=10.93",17.5,1.02238505606476
"A5","r5","PD","d=10.93",18,1.01484216431223
"A5","r5","PD","d=10.93",18.5,1.00913744514085
"A5","r5","PD","d=10.93",19,1.00473500876343
"A5","r5","PD","d=10.93",19.5,0.99992950738399
"A5","r5","PD","d=10.93",20,0.99575527374774
"A5","r5","PD","d=10.93",20.5,0.993131550095341
"A5","r5","PD","d=10.93",21,0.99097457553628
"A5","r5","PD","d=10.93",21.5,0.99049200339649
"A5","r5","PD","d=10.93",22,0.991330271271965
"A5","r5","PD","d=10.93",22.5,0.992860761322468
"A5","r5","PD","d=10.93",23,0.994616056947744
"A5","r5","PD","d=10.93",23.5,0.995004895279968
"A5","r5","PD","d=10.93",24,0.99589362866523
"A5","r5","PD","d=10.93",24.5,0.995565653083895
"A5","r5","PD","d=10.93",25,0.995298098591243
"A5","r5","PD","d=10.93",25.5,0.995282273621584
"A5","r5","PD","d=10.93",26,0.995397106753635
"A5","r5","PD","d=10.93",26.5,0.995723548490625
"A5","r5","PD","d=10.93",27,0.997344751812995
"A5","r5","PD","d=10.93",27.5,0.998424859360204
"A5","r5","PD","d=10.93",28,0.999357015450055
"A5","r5","PD","d=10.93",28.5,0.999076616748108
"A5","r5","PD","d=10.93",29,0.998184012804662
"A5","r5","PD","d=10.93",29.5,0.99769384637354
"A5","r5","PD","d=10.93",30,0.996044870272439
"A5","r5","NUC","d=11.30",0,1.42409574674832e-16
"A5","r5","NUC","d=11.30",0.5,2.79339463590099e-17
"A5","r5","NUC","d=11.30",1,1.98412753761249e-17
"A5","r5","NUC","d=11.30",1.5,4.99356410369321e-17
"A5","r5","NUC","d=11.30",2,5.1913404132615e-18
"A5","r5","NUC","d=11.30",2.5,1.25416779069773e-17
"A5","r5","NUC","d=11.30",3,3.33589656396854e-17
"A5","r5","NUC","d=11.30",3.5,1.37252002946768e-17
"A5","r5","NUC","d=11.30",4,6.31812472062793e-17
"A5","r5","NUC","d=11.30",4.5,1.37458903679207e-16
"A5","r5","NUC","d=11.30",5,1.87342748772861e-17
"A5","r5","NUC","d=11.30",5.5,4.16897038253265e-17
"A5","r5","NUC","d=11.30",6,1.19146587263592e-16
"A5","r5","NUC","d=11.30",6.5,2.27646723194929e-17
"A5","r5","NUC","d=11.30",7,0.00361518233042593
"A5","r5","NUC","d=11.30",7.5,0.0233267037831948
"A5","r5","NUC","d=11.30",8,0.0591218623862403
"A5","r5","NUC","d=11.30",8.5,0.108611839773052
"A5","r5","NUC","d=11.30",9,0.169064795519919
"A5","r5","NUC","d=11.30",9.5,0.240041537989782
"A5","r5","NUC","d=11.30",10,0.31825370138302
"A5","r5","NUC","d=11.30",10.5,0.402021381267049
"A5","r5","NUC","d=11.30",11,0.488528646534228
"A5","r5","NUC","d=11.30",11.5,0.575847557140528
"A5","r5","NUC","d=11.30",12,0.662267103537726
"A5","r5","NUC","d=11.30",12.5,0.7458760450634
"A5","r5","NUC","d=11.30",13,0.823455114368188
"A5","r5","NUC","d=11.30",13.5,0.892599736126514
"A5","r5","NUC","d=11.30",14,0.950798190453546
"A5","r5","NUC","d=11.30",14.5,0.997025423857378
"A5","r5","NUC","d=11.30",15,1.02950440834724
"A5","r5","NUC","d=11.30",15.5,1.04646756775711
"A5","r5","NUC","d=11.30",16,1.04649636467156
"A5","r5","NUC","d=11.30",16.5,1.04113381565899
"A5","r5","NUC","d=11.30",17,1.03579398513916
"A5","r5","NUC","d=11.30",17.5,1.03086914482507
"A5","r5","NUC","d=11.30",18,1.0254216715421
"A5","r5","NUC","d=11.30",18.5,1.02099821195264
"A5","r5","NUC","d=11.30",19,1.01716205413971
"A5","r5","NUC","d=11.30",19.5,1.01354235742203
"A5","r5","NUC","d=11.30",20,1.01106490062782
"A5","r5","NUC","d=11.30",20.5,1.0093481720547
"A5","r5","NUC","d=11.30",21,1.00804162938151
"A5","r5","NUC","d=11.30",21.5,1.00777750135431
"A5","r5","NUC","d=11.30",22,1.00869640902116
"A5","r5","NUC","d=11.30",22.5,1.00939390559903
"A5","r5","NUC","d=11.30",23,1.00927700318803
"A5","r5","NUC","d=11.30",23.5,1.0078637957705
"A5","r5","NUC","d=11.30",24,1.00669076059175
"A5","r5","NUC","d=11.30",24.5,1.00600347138346
"A5","r5","NUC","d=11.30",25,1.00612557485988
"A5","r5","NUC","d=11.30",25.5,1.0059642657508
"A5","r5","NUC","d=11.30",26,1.00581379078682
"A5","r5","NUC","d=11.30",26.5,1.00514600755616
"A5","r5","NUC","d=11.30",27,1.00353190682032
"A5","r5","NUC","d=11.30",27.5,1.00180851501089
"A5","r5","NUC","d=11.30",28,0.999536740429269
"A5","r5","NUC","d=11.30",28.5,0.997101436798793
"A5","r5","NUC","d=11.30",29,0.9943663484026
"A5","r5","NUC","d=11.30",29.5,0.99192746560399
"A5","r5","NUC","d=11.30",30,0.989520213160942
"A6","r1","CSR","d=0.00",0,1.07965847640995
"A6","r1","CSR","d=0.00",0.5,1.06239566144276
"A6","r1","CSR","d=0.00",1,1.04822548518777
"A6","r1","CSR","d=0.00",1.5,1.03736121970383
"A6","r1","CSR","d=0.00",2,1.02838943599902
"A6","r1","CSR","d=0.00",2.5,1.02034460119767
"A6","r1","CSR","d=0.00",3,1.01333869230118
"A6","r1","CSR","d=0.00",3.5,1.00677107691601
"A6","r1","CSR","d=0.00",4,0.998937371520682
"A6","r1","CSR","d=0.00",4.5,0.990588183146655
"A6","r1","CSR","d=0.00",5,0.982596732748476
"A6","r1","CSR","d=0.00",5.5,0.974280526444152
"A6","r1","CSR","d=0.00",6,0.969796436669903
"A6","r1","CSR","d=0.00",6.5,0.971699442400841
"A6","r1","CSR","d=0.00",7,0.976586891746773
"A6","r1","CSR","d=0.00",7.5,0.98095564456921
"A6","r1","CSR","d=0.00",8,0.98486229091779
"A6","r1","CSR","d=0.00",8.5,0.988425865664594
"A6","r1","CSR","d=0.00",9,0.991128525403168
"A6","r1","CSR","d=0.00",9.5,0.993379261766777
"A6","r1","CSR","d=0.00",10,0.995323966788151
"A6","r1","CSR","d=0.00",10.5,0.997557288212634
"A6","r1","CSR","d=0.00",11,0.998326932474771
"A6","r1","CSR","d=0.00",11.5,0.99780978317286
"A6","r1","CSR","d=0.00",12,0.996913015488988
"A6","r1","CSR","d=0.00",12.5,0.996248133489833
"A6","r1","CSR","d=0.00",13,0.996360797435141
"A6","r1","CSR","d=0.00",13.5,0.997062874810549
"A6","r1","CSR","d=0.00",14,0.998424307219957
"A6","r1","CSR","d=0.00",14.5,1.00026899390431
"A6","r1","CSR","d=0.00",15,1.00083496050589
"A6","r1","CSR","d=0.00",15.5,1.0002378968154
"A6","r1","CSR","d=0.00",16,0.999674825697979
"A6","r1","CSR","d=0.00",16.5,0.999781345616423
"A6","r1","CSR","d=0.00",17,0.998760980256788
"A6","r1","CSR","d=0.00",17.5,0.997957891501194
"A6","r1","CSR","d=0.00",18,0.998032542292589
"A6","r1","CSR","d=0.00",18.5,0.997594867460014
"A6","r1","CSR","d=0.00",19,0.996945758868236
"A6","r1","CSR","d=0.00",19.5,0.996259578514316
"A6","r1","CSR","d=0.00",20,0.996128118105632
"A6","r1","CSR","d=0.00",20.5,0.995462732778952
"A6","r1","CSR","d=0.00",21,0.994127460474403
"A6","r1","CSR","d=0.00",21.5,0.992793930893511
"A6","r1","CSR","d=0.00",22,0.991195031866184
"A6","r1","CSR","d=0.00",22.5,0.989819818588646
"A6","r1","CSR","d=0.00",23,0.988156519967557
"A6","r1","CSR","d=0.00",23.5,0.985454741619486
"A6","r1","CSR","d=0.00",24,0.982855535741012
"A6","r1","CSR","d=0.00",24.5,0.980919834235107
"A6","r1","CSR","d=0.00",25,0.980298239347994
"A6","r1","CSR","d=0.00",25.5,0.980623246045881
"A6","r1","CSR","d=0.00",26,0.981391899965146
"A6","r1","CSR","d=0.00",26.5,0.982415516717258
"A6","r1","CSR","d=0.00",27,0.983934717933905
"A6","r1","CSR","d=0.00",27.5,0.986335751753817
"A6","r1","CSR","d=0.00",28,0.988351727990695
"A6","r1","CSR","d=0.00",28.5,0.989637340219128
"A6","r1","CSR","d=0.00",29,0.990726869985952
"A6","r1","CSR","d=0.00",29.5,0.991925310389783
"A6","r1","CSR","d=0.00",30,0.992588697742094
"A6","r1","PD","d=11.97",0,9.77994607450298e-18
"A6","r1","PD","d=11.97",0.5,2.44264923366821e-17
"A6","r1","PD","d=11.97",1,1.29343318368621e-19
"A6","r1","PD","d=11.97",1.5,1.33829095991476e-17
"A6","r1","PD","d=11.97",2,3.55224930791378e-17
"A6","r1","PD","d=11.97",2.5,2.83579658312786e-17
"A6","r1","PD","d=11.97",3,2.28535562888574e-17
"A6","r1","PD","d=11.97",3.5,7.08586271963151e-17
"A6","r1","PD","d=11.97",4,1.26863857218539e-16
"A6","r1","PD","d=11.97",4.5,1.29755122703982e-17
"A6","r1","PD","d=11.97",5,3.87801831043052e-17
"A6","r1","PD","d=11.97",5.5,1.10779465765974e-16
"A6","r1","PD","d=11.97",6,4.89373902623978e-18
"A6","r1","PD","d=11.97",6.5,0.000291540717739478
"A6","r1","PD","d=11.97",7,0.00919504890264031
"A6","r1","PD","d=11.97",7.5,0.0296419133902688
"A6","r1","PD","d=11.97",8,0.0607271049816467
"A6","r1","PD","d=11.97",8.5,0.100267140938892
"A6","r1","PD","d=11.97",9,0.148390168998461
"A6","r1","PD","d=11.97",9.5,0.204167130563955
"A6","r1","PD","d=11.97",10,0.266091692190314
"A6","r1","PD","d=11.97",10.5,0.331733173191255
"A6","r1","PD","d=11.97",11,0.400472350584915
"A6","r1","PD","d=11.97",11.5,0.47207953715338
"A6","r1","PD","d=11.97",12,0.544542111004621
"A6","r1","PD","d=11.97",12.5,0.617048268375001
"A6","r1","PD","d=11.97",13,0.687936539762044
"A6","r1","PD","d=11.97",13.5,0.755324879523148
"A6","r1","PD","d=11.97",14,0.818324154237112
"A6","r1","PD","d=11.97",14.5,0.876251953289443
"A6","r1","PD","d=11.97",15,0.927483515903128
"A6","r1","PD","d=11.97",15.5,0.97110695617806
"A6","r1","PD","d=11.97",16,1.00605881742751
"A6","r1","PD","d=11.97",16.5,1.0311144324551
"A6","r1","PD","d=11.97",17,1.04464745252795
"A6","r1","PD","d=11.97",17.5,1.0456972062295
"A6","r1","PD","d=11.97",18,1.04048102484667
"A6","r1","PD","d=11.97",18.5,1.03546272638509
"A6","r1","PD","d=11.97",19,1.03056078569661
"A6","r1","PD","d=11.97",19.5,1.02472270882485
"A6","r1","PD","d=11.97",20,1.0196035960506
"A6","r1","PD","d=11.97",20.5,1.01566241947852
"A6","r1","PD","d=11.97",21,1.01313590564487
"A6","r1","PD","d=11.97",21.5,1.01013676736053
"A6","r1","PD","d=11.97",22,1.00681898910736
"A6","r1","PD","d=11.97",22.5,1.00485321010282
"A6","r1","PD","d=11.97",23,1.00333716344596
"A6","r1","PD","d=11.97",23.5,1.00264506475472
"A6","r1","PD","d=11.97",24,1.00266804516616
"A6","r1","PD","d=11.97",24.5,1.00247010074546
"A6","r1","PD","d=11.97",25,1.00158197735247
"A6","r1","PD","d=11.97",25.5,1.00087731700589
"A6","r1","PD","d=11.97",26,1.00021578445932
"A6","r1","PD","d=11.97",26.5,0.999381601403464
"A6","r1","PD","d=11.97",27,0.998729125708498
"A6","r1","PD","d=11.97",27.5,0.99853418557685
"A6","r1","PD","d=11.97",28,0.998132722166511
"A6","r1","PD","d=11.97",28.5,0.997798834397066
"A6","r1","PD","d=11.97",29,0.997489516662413
"A6","r1","PD","d=11.97",29.5,0.996821974248885
"A6","r1","PD","d=11.97",30,0.996537238504208
"A6","r1","NUC","d=4.80",0,0.0256399034164323
"A6","r1","NUC","d=4.80",0.5,0.06214047350001
"A6","r1","NUC","d=4.80",1,0.10668319262254
"A6","r1","NUC","d=4.80",1.5,0.155938012304278
"A6","r1","NUC","d=4.80",2,0.206972906659043
"A6","r1","NUC","d=4.80",2.5,0.258704614485748
"A6","r1","NUC","d=4.80",3,0.311303559083688
"A6","r1","NUC","d=4.80",3.5,0.365148151935101
"A6","r1","NUC","d=4.80",4,0.420948617598926
"A6","r1","NUC","d=4.80",4.5,0.477323248830802
"A6","r1","NUC","d=4.80",5,0.535900151411282
"A6","r1","NUC","d=4.80",5.5,0.599435569287931
"A6","r1","NUC","d=4.80",6,0.664914604255708
"A6","r1","NUC","d=4.80",6.5,0.727146832494176
"A6","r1","NUC","d=4.80",7,0.785963893407959
"A6","r1","NUC","d=4.80",7.5,0.840332586994948
"A6","r1","NUC","d=4.80",8,0.888969736263523
"A6","r1","NUC","d=4.80",8.5,0.930595298250077
"A6","r1","NUC","d=4.80",9,0.963991636685271
"A6","r1","NUC","d=4.80",9.5,0.988049884974846
"A6","r1","NUC","d=4.80",10,1.00107902746618
"A6","r1","NUC","d=4.80",10.5,1.00289287518639
"A6","r1","NUC","d=4.80",11,1.00079169138588
"A6","r1","NUC","d=4.80",11.5,0.998837739925267
"A6","r1","NUC","d=4.80",12,0.997245651721531
"A6","r1","NUC","d=4.80",12.5,0.99628128363217
"A6","r1","NUC","d=4.80",13,0.995757305840023
"A6","r1","NUC","d=4.80",13.5,0.994695133886771
"A6","r1","NUC","d=4.80",14,0.99375331039912
"A6","r1","NUC","d=4.80",14.5,0.9935854760773
"A6","r1","NUC","d=4.80",15,0.994546993937879
"A6","r1","NUC","d=4.80",15.5,0.994361749799667
"A6","r1","NUC","d=4.80",16,0.993590997991562
"A6","r1","NUC","d=4.80",16.5,0.994184989118606
"A6","r1","NUC","d=4.80",17,0.994153093827775
"A6","r1","NUC","d=4.80",17.5,0.993668634359299
"A6","r1","NUC","d=4.80",18,0.993400137213236
"A6","r1","NUC","d=4.80",18.5,0.994077786640071
"A6","r1","NUC","d=4.80",19,0.994945980615276
"A6","r1","NUC","d=4.80",19.5,0.995765862561954
"A6","r1","NUC","d=4.80",20,0.996062464984678
"A6","r1","NUC","d=4.80",20.5,0.996512231787582
"A6","r1","NUC","d=4.80",21,0.996506304348212
"A6","r1","NUC","d=4.80",21.5,0.996740323075714
"A6","r1","NUC","d=4.80",22,0.996635501937222
"A6","r1","NUC","d=4.80",22.5,0.996388329140977
"A6","r1","NUC","d=4.80",23,0.996239084898635
"A6","r1","NUC","d=4.80",23.5,0.995849964304816
"A6","r1","NUC","d=4.80",24,0.995780954765814
"A6","r1","NUC","d=4.80",24.5,0.995717578901951
"A6","r1","NUC","d=4.80",25,0.995508127217512
"A6","r1","NUC","d=4.80",25.5,0.99599259729115
"A6","r1","NUC","d=4.80",26,0.997306464728199
"A6","r1","NUC","d=4.80",26.5,0.998321866694846
"A6","r1","NUC","d=4.80",27,0.999678060978323
"A6","r1","NUC","d=4.80",27.5,1.00166551423985
"A6","r1","NUC","d=4.80",28,1.00298780287155
"A6","r1","NUC","d=4.80",28.5,1.00375251342238
"A6","r1","NUC","d=4.80",29,1.00483685765189
"A6","r1","NUC","d=4.80",29.5,1.00594991574199
"A6","r1","NUC","d=4.80",30,1.00648820783604
"A6","r2","CSR","d=0.00",0,1.13079662433978
"A6","r2","CSR","d=0.00",0.5,1.11601364513153
"A6","r2","CSR","d=0.00",1,1.10147564243738
"A6","r2","CSR","d=0.00",1.5,1.08676707506524
"A6","r2","CSR","d=0.00",2,1.07221174550617
"A6","r2","CSR","d=0.00",2.5,1.06015090794125
"A6","r2","CSR","d=0.00",3,1.05101778279644
"A6","r2","CSR","d=0.00",3.5,1.03949963690422
"A6","r2","CSR","d=0.00",4,1.02686976279257
"A6","r2","CSR","d=0.00",4.5,1.01378017910789
"A6","r2","CSR","d=0.00",5,0.999613751950169
"A6","r2","CSR","d=0.00",5.5,0.989412784954269
"A6","r2","CSR","d=0.00",6,0.984598884634524
"A6","r2","CSR","d=0.00",6.5,0.982419767452416
"A6","r2","CSR","d=0.00",7,0.980261863096711
"A6","r2","CSR","d=0.00",7.5,0.978772214339807
"A6","r2","CSR","d=0.00",8,0.977496053701649
"A6","r2","CSR","d=0.00",8.5,0.976313063658323
"A6","r2","CSR","d=0.00",9,0.976687033051357
"A6","r2","CSR","d=0.00",9.5,0.979948915880741
"A6","r2","CSR","d=0.00",10,0.983206128776749
"A6","r2","CSR","d=0.00",10.5,0.986886879483505
"A6","r2","CSR","d=0.00",11,0.988607980493381
"A6","r2","CSR","d=0.00",11.5,0.988922384795596
"A6","r2","CSR","d=0.00",12,0.989164462923534
"A6","r2","CSR","d=0.00",12.5,0.991611441027963
"A6","r2","CSR","d=0.00",13,0.99163952187644
"A6","r2","CSR","d=0.00",13.5,0.99046866708668
"A6","r2","CSR","d=0.00",14,0.988902687015817
"A6","r2","CSR","d=0.00",14.5,0.987185066800883
"A6","r2","CSR","d=0.00",15,0.986303377832977
"A6","r2","CSR","d=0.00",15.5,0.986471702801179
"A6","r2","CSR","d=0.00",16,0.98634498906989
"A6","r2","CSR","d=0.00",16.5,0.986972527679588
"A6","r2","CSR","d=0.00",17,0.986868572870308
"A6","r2","CSR","d=0.00",17.5,0.986148901036381
"A6","r2","CSR","d=0.00",18,0.985622067970973
"A6","r2","CSR","d=0.00",18.5,0.986345069786117
"A6","r2","CSR","d=0.00",19,0.989255880607675
"A6","r2","CSR","d=0.00",19.5,0.993109436862733
"A6","r2","CSR","d=0.00",20,0.9983600353517
"A6","r2","CSR","d=0.00",20.5,1.00349721058702
"A6","r2","CSR","d=0.00",21,1.00803407262928
"A6","r2","CSR","d=0.00",21.5,1.01223254774401
"A6","r2","CSR","d=0.00",22,1.01536774802315
"A6","r2","CSR","d=0.00",22.5,1.01718756094224
"A6","r2","CSR","d=0.00",23,1.01813599866224
"A6","r2","CSR","d=0.00",23.5,1.01815844671917
"A6","r2","CSR","d=0.00",24,1.01718385421082
"A6","r2","CSR","d=0.00",24.5,1.01648816810951
"A6","r2","CSR","d=0.00",25,1.01611329826725
"A6","r2","CSR","d=0.00",25.5,1.01473711253604
"A6","r2","CSR","d=0.00",26,1.01224310755006
"A6","r2","CSR","d=0.00",26.5,1.00898197517769
"A6","r2","CSR","d=0.00",27,1.00488009582377
"A6","r2","CSR","d=0.00",27.5,1.00022574343976
"A6","r2","CSR","d=0.00",28,0.995359398739928
"A6","r2","CSR","d=0.00",28.5,0.990360506281461
"A6","r2","CSR","d=0.00",29,0.986072713198809
"A6","r2","CSR","d=0.00",29.5,0.983153717016369
"A6","r2","CSR","d=0.00",30,0.980940133104967
"A6","r2","PD","d=11.97",0,1.02317154469345e-16
"A6","r2","PD","d=11.97",0.5,9.49747233830498e-18
"A6","r2","PD","d=11.97",1,8.18160879337669e-18
"A6","r2","PD","d=11.97",1.5,3.18139500495037e-17
"A6","r2","PD","d=11.97",2,2.80519588541867e-18
"A6","r2","PD","d=11.97",2.5,5.84641150159933e-18
"A6","r2","PD","d=11.97",3,4.32931111896044e-17
"A6","r2","PD","d=11.97",3.5,1.50373156570738e-17
"A6","r2","PD","d=11.97",4,4.86511942547342e-17
"A6","r2","PD","d=11.97",4.5,1.21357758270744e-16
"A6","r2","PD","d=11.97",5,2.30368991647761e-17
"A6","r2","PD","d=11.97",5.5,2.98435435541909e-17
"A6","r2","PD","d=11.97",6,1.29281055293998e-16
"A6","r2","PD","d=11.97",6.5,1.60262026920475e-17
"A6","r2","PD","d=11.97",7,1.63932875742812e-17
"A6","r2","PD","d=11.97",7.5,0.00376091222784464
"A6","r2","PD","d=11.97",8,0.0230546908514162
"A6","r2","PD","d=11.97",8.5,0.0563277891569758
"A6","r2","PD","d=11.97",9,0.102757177533546
"A6","r2","PD","d=11.97",9.5,0.16009320561512
"A6","r2","PD","d=11.97",10,0.226624040784244
"A6","r2","PD","d=11.97",10.5,0.300971124900523
"A6","r2","PD","d=11.97",11,0.381246357655337
"A6","r2","PD","d=11.97",11.5,0.464668014410116
"A6","r2","PD","d=11.97",12,0.550371076056881
"A6","r2","PD","d=11.97",12.5,0.635394023745117
"A6","r2","PD","d=11.97",13,0.718172789867956
"A6","r2","PD","d=11.97",13.5,0.79698959189568
"A6","r2","PD","d=11.97",14,0.86962985564094
"A6","r2","PD","d=11.97",14.5,0.933558489378828
"A6","r2","PD","d=11.97",15,0.986122990387133
"A6","r2","PD","d=11.97",15.5,1.02607719144926
"A6","r2","PD","d=11.97",16,1.05238876090378
"A6","r2","PD","d=11.97",16.5,1.06333628588927
"A6","r2","PD","d=11.97",17,1.05971654358304
"A6","r2","PD","d=11.97",17.5,1.05343236471134
"A6","r2","PD","d=11.97",18,1.04654972657001
"A6","r2","PD","d=11.97",18.5,1.03944343540551
"A6","r2","PD","d=11.97",19,1.03116382129212
"A6","r2","PD","d=11.97",19.5,1.02285366634017
"A6","r2","PD","d=11.97",20,1.01480286447552
"A6","r2","PD","d=11.97",20.5,1.00725271637053
"A6","r2","PD","d=11.97",21,0.999811551392039
"A6","r2","PD","d=11.97",21.5,0.993544090583599
"A6","r2","PD","d=11.97",22,0.989010912564642
"A6","r2","PD","d=11.97",22.5,0.986122017434722
"A6","r2","PD","d=11.97",23,0.985057083915025
"A6","r2","PD","d=11.97",23.5,0.985685272144266
"A6","r2","PD","d=11.97",24,0.98632416607237
"A6","r2","PD","d=11.97",24.5,0.986354412792894
"A6","r2","PD","d=11.97",25,0.986259764831303
"A6","r2","PD","d=11.97",25.5,0.98676029650969
"A6","r2","PD","d=11.97",26,0.987367503724
"A6","r2","PD","d=11.97",26.5,0.988504547936694
"A6","r2","PD","d=11.97",27,0.990022383956056
"A6","r2","PD","d=11.97",27.5,0.991644657582434
"A6","r2","PD","d=11.97",28,0.99354295151889
"A6","r2","PD","d=11.97",28.5,0.994651993613938
"A6","r2","PD","d=11.97",29,0.995807124638348
"A6","r2","PD","d=11.97",29.5,0.997083010074015
"A6","r2","PD","d=11.97",30,0.997217508485684
"A6","r2","NUC","d=4.80",0,2.85828580546484e-07
"A6","r2","NUC","d=4.80",0.5,0.0120791050513079
"A6","r2","NUC","d=4.80",1,0.0435443208811603
"A6","r2","NUC","d=4.80",1.5,0.0885329670720467
"A6","r2","NUC","d=4.80",2,0.139740393478199
"A6","r2","NUC","d=4.80",2.5,0.194430708754155
"A6","r2","NUC","d=4.80",3,0.253355866768703
"A6","r2","NUC","d=4.80",3.5,0.313945147636661
"A6","r2","NUC","d=4.80",4,0.378911345036333
"A6","r2","NUC","d=4.80",4.5,0.449167740900196
"A6","r2","NUC","d=4.80",5,0.525386804317251
"A6","r2","NUC","d=4.80",5.5,0.603144192589866
"A6","r2","NUC","d=4.80",6,0.678718458647495
"A6","r2","NUC","d=4.80",6.5,0.750458649631925
"A6","r2","NUC","d=4.80",7,0.815843300091161
"A6","r2","NUC","d=4.80",7.5,0.873904846700955
"A6","r2","NUC","d=4.80",8,0.922665340347934
"A6","r2","NUC","d=4.80",8.5,0.95935465098418
"A6","r2","NUC","d=4.80",9,0.982301744426302
"A6","r2","NUC","d=4.80",9.5,0.990194676010781
"A6","r2","NUC","d=4.80",10,0.987173233447718
"A6","r2","NUC","d=4.80",10.5,0.984139316580317
"A6","r2","NUC","d=4.80",11,0.982242826607446
"A6","r2","NUC","d=4.80",11.5,0.980463063732309
"A6","r2","NUC","d=4.80",12,0.977622950523738
"A6","r2","NUC","d=4.80",12.5,0.975356386469969
"A6","r2","NUC","d=4.80",13,0.972265964106706
"A6","r2","NUC","d=4.80",13.5,0.970323309764532
"A6","r2","NUC","d=4.80",14,0.969632907160527
"A6","r2","NUC","d=4.80",14.5,0.969872179894907
"A6","r2","NUC","d=4.80",15,0.970907571873062
"A6","r2","NUC","d=4.80",15.5,0.972730653025687
"A6","r2","NUC","d=4.80",16,0.976252959212311
"A6","r2","NUC","d=4.80",16.5,0.97966738871078
"A6","r2","NUC","d=4.80",17,0.983598591230402
"A6","r2","NUC","d=4.80",17.5,0.988071087542064
"A6","r2","NUC","d=4.80",18,0.992372894129108
"A6","r2","NUC","d=4.80",18.5,0.995929839233317
"A6","r2","NUC","d=4.80",19,0.999261714189834
"A6","r2","NUC","d=4.80",19.5,1.00182381604747
"A6","r2","NUC","d=4.80",20,1.00456378599337
"A6","r2","NUC","d=4.80",20.5,1.00642007224379
"A6","r2","NUC","d=4.80",21,1.00684208061746
"A6","r2","NUC","d=4.80",21.5,1.00644646736053
"A6","r2","NUC","d=4.80",22,1.00475748655153
"A6","r2","NUC","d=4.80",22.5,1.00317088077474
"A6","r2","NUC","d=4.80",23,1.00253775333371
"A6","r2","NUC","d=4.80",23.5,1.0019262670289
"A6","r2","NUC","d=4.80",24,1.00209172656293
"A6","r2","NUC","d=4.80",24.5,1.00116362346653
"A6","r2","NUC","d=4.80",25,0.998920543675829
"A6","r2","NUC","d=4.80",25.5,0.996971708065798
"A6","r2","NUC","d=4.80",26,0.994881628199057
"A6","r2","NUC","d=4.80",26.5,0.992835922129792
"A6","r2","NUC","d=4.80",27,0.990093722417923
"A6","r2","NUC","d=4.80",27.5,0.986711720299281
"A6","r2","NUC","d=4.80",28,0.98415444384181
"A6","r2","NUC","d=4.80",28.5,0.981999273363458
"A6","r2","NUC","d=4.80",29,0.980105179456615
"A6","r2","NUC","d=4.80",29.5,0.97911646764284
"A6","r2","NUC","d=4.80",30,0.978512516399974
"A6","r3","CSR","d=0.00",0,0.873194569026799
"A6","r3","CSR","d=0.00",0.5,0.888509228263387
"A6","r3","CSR","d=0.00",1,0.901592650298314
"A6","r3","CSR","d=0.00",1.5,0.912024800070949
"A6","r3","CSR","d=0.00",2,0.921859800816779
"A6","r3","CSR","d=0.00",2.5,0.930446253321282
"A6","r3","CSR","d=0.00",3,0.940049355419421
"A6","r3","CSR","d=0.00",3.5,0.94977219153291
"A6","r3","CSR","d=0.00",4,0.958718475598291
"A6","r3","CSR","d=0.00",4.5,0.967579203739622
"A6","r3","CSR","d=0.00",5,0.974735952266473
"A6","r3","CSR","d=0.00",5.5,0.980166430362153
"A6","r3","CSR","d=0.00",6,0.977406177784033
"A6","r3","CSR","d=0.00",6.5,0.973703849780427
"A6","r3","CSR","d=0.00",7,0.972549719140104
"A6","r3","CSR","d=0.00",7.5,0.972132132844907
"A6","r3","CSR","d=0.00",8,0.971439843605641
"A6","r3","CSR","d=0.00",8.5,0.969860633131877
"A6","r3","CSR","d=0.00",9,0.968883396254968
"A6","r3","CSR","d=0.00",9.5,0.969676309183389
"A6","r3","CSR","d=0.00",10,0.970092176738108
"A6","r3","CSR","d=0.00",10.5,0.970809417619713
"A6","r3","CSR","d=0.00",11,0.973104733287828
"A6","r3","CSR","d=0.00",11.5,0.975986648858037
"A6","r3","CSR","d=0.00",12,0.980125224435698
"A6","r3","CSR","d=0.00",12.5,0.986130223744694
"A6","r3","CSR","d=0.00",13,0.991094162981788
"A6","r3","CSR","d=0.00",13.5,0.994612576565476
"A6","r3","CSR","d=0.00",14,0.997838582690684
"A6","r3","CSR","d=0.00",14.5,1.00099042598363
"A6","r3","CSR","d=0.00",15,1.00372586098279
"A6","r3","CSR","d=0.00",15.5,1.00544193177758
"A6","r3","CSR","d=0.00",16,1.0069793055629
"A6","r3","CSR","d=0.00",16.5,1.00631230811545
"A6","r3","CSR","d=0.00",17,1.00577208423995
"A6","r3","CSR","d=0.00",17.5,1.00636068738325
"A6","r3","CSR","d=0.00",18,1.00689372475878
"A6","r3","CSR","d=0.00",18.5,1.00751999181953
"A6","r3","CSR","d=0.00",19,1.00747896845869
"A6","r3","CSR","d=0.00",19.5,1.0066999337802
"A6","r3","CSR","d=0.00",20,1.00671576206739
"A6","r3","CSR","d=0.00",20.5,1.00563320561228
"A6","r3","CSR","d=0.00",21,1.00339273667183
"A6","r3","CSR","d=0.00",21.5,1.00318677476404
"A6","r3","CSR","d=0.00",22,1.00298195567202
"A6","r3","CSR","d=0.00",22.5,1.00128483364981
"A6","r3","CSR","d=0.00",23,0.998648339391796
"A6","r3","CSR","d=0.00",23.5,0.996410664703348
"A6","r3","CSR","d=0.00",24,0.995047474735266
"A6","r3","CSR","d=0.00",24.5,0.994662570727737
"A6","r3","CSR","d=0.00",25,0.994168426141432
"A6","r3","CSR","d=0.00",25.5,0.992722318370719
"A6","r3","CSR","d=0.00",26,0.991680129097548
"A6","r3","CSR","d=0.00",26.5,0.991230767171978
"A6","r3","CSR","d=0.00",27,0.991343144026548
"A6","r3","CSR","d=0.00",27.5,0.992801537461505
"A6","r3","CSR","d=0.00",28,0.994886014725085
"A6","r3","CSR","d=0.00",28.5,0.996633178766595
"A6","r3","CSR","d=0.00",29,0.998820904913304
"A6","r3","CSR","d=0.00",29.5,0.999542813744868
"A6","r3","CSR","d=0.00",30,0.999477979028714
"A6","r3","PD","d=11.97",0,6.59664586480307e-17
"A6","r3","PD","d=11.97",0.5,7.85763137705002e-17
"A6","r3","PD","d=11.97",1,4.20107626825605e-18
"A6","r3","PD","d=11.97",1.5,3.72685638602611e-17
"A6","r3","PD","d=11.97",2,2.02118736276991e-17
"A6","r3","PD","d=11.97",2.5,7.62284712177819e-18
"A6","r3","PD","d=11.97",3,2.12509126015354e-17
"A6","r3","PD","d=11.97",3.5,9.77716716166057e-18
"A6","r3","PD","d=11.97",4,5.65479425629407e-17
"A6","r3","PD","d=11.97",4.5,9.35206003747438e-17
"A6","r3","PD","d=11.97",5,5.58236263335491e-18
"A6","r3","PD","d=11.97",5.5,5.12971253741155e-17
"A6","r3","PD","d=11.97",6,8.92894624815677e-17
"A6","r3","PD","d=11.97",6.5,5.59736144948662e-18
"A6","r3","PD","d=11.97",7,3.38419389414321e-17
"A6","r3","PD","d=11.97",7.5,0.000125953374270581
"A6","r3","PD","d=11.97",8,0.0113703814232851
"A6","r3","PD","d=11.97",8.5,0.040190734896561
"A6","r3","PD","d=11.97",9,0.0847982326489852
"A6","r3","PD","d=11.97",9.5,0.142786245152157
"A6","r3","PD","d=11.97",10,0.21081319058877
"A6","r3","PD","d=11.97",10.5,0.287895414770376
"A6","r3","PD","d=11.97",11,0.372724671707004
"A6","r3","PD","d=11.97",11.5,0.461609659539338
"A6","r3","PD","d=11.97",12,0.553919002065334
"A6","r3","PD","d=11.97",12.5,0.646520648053177
"A6","r3","PD","d=11.97",13,0.73644771875451
"A6","r3","PD","d=11.97",13.5,0.820622199060221
"A6","r3","PD","d=11.97",14,0.896913026356725
"A6","r3","PD","d=11.97",14.5,0.962538465421484
"A6","r3","PD","d=11.97",15,1.01556356228275
"A6","r3","PD","d=11.97",15.5,1.05401270004279
"A6","r3","PD","d=11.97",16,1.07519408432809
"A6","r3","PD","d=11.97",16.5,1.07773117490951
"A6","r3","PD","d=11.97",17,1.07168037782913
"A6","r3","PD","d=11.97",17.5,1.06479522922101
"A6","r3","PD","d=11.97",18,1.05770523855684
"A6","r3","PD","d=11.97",18.5,1.0491521914019
"A6","r3","PD","d=11.97",19,1.03811039731362
"A6","r3","PD","d=11.97",19.5,1.02784332281211
"A6","r3","PD","d=11.97",20,1.02027655688154
"A6","r3","PD","d=11.97",20.5,1.01369530333801
"A6","r3","PD","d=11.97",21,1.00933761802195
"A6","r3","PD","d=11.97",21.5,1.00654426982878
"A6","r3","PD","d=11.97",22,1.00427993379263
"A6","r3","PD","d=11.97",22.5,1.00201049504744
"A6","r3","PD","d=11.97",23,1.00043190823362
"A6","r3","PD","d=11.97",23.5,0.999555094812742
"A6","r3","PD","d=11.97",24,0.998404478510454
"A6","r3","PD","d=11.97",24.5,0.997225040698848
"A6","r3","PD","d=11.97",25,0.996149509330632
"A6","r3","PD","d=11.97",25.5,0.995214534678621
"A6","r3","PD","d=11.97",26,0.993455633238518
"A6","r3","PD","d=11.97",26.5,0.991241205116425
"A6","r3","PD","d=11.97",27,0.989675133391532
"A6","r3","PD","d=11.97",27.5,0.987770059954888
"A6","r3","PD","d=11.97",28,0.98512519771542
"A6","r3","PD","d=11.97",28.5,0.984223495013587
"A6","r3","PD","d=11.97",29,0.984436122433736
"A6","r3","PD","d=11.97",29.5,0.985919419180842
"A6","r3","PD","d=11.97",30,0.987802759498478
"A6","r3","NUC","d=4.80",0,1.06436412201529e-17
"A6","r3","NUC","d=4.80",0.5,0.00325559294643111
"A6","r3","NUC","d=4.80",1,0.0299508939075584
"A6","r3","NUC","d=4.80",1.5,0.0710063689763516
"A6","r3","NUC","d=4.80",2,0.121170283823069
"A6","r3","NUC","d=4.80",2.5,0.17812151167837
"A6","r3","NUC","d=4.80",3,0.238387720669423
"A6","r3","NUC","d=4.80",3.5,0.302256766773302
"A6","r3","NUC","d=4.80",4,0.371128801957652
"A6","r3","NUC","d=4.80",4.5,0.446551606910257
"A6","r3","NUC","d=4.80",5,0.526676553564304
"A6","r3","NUC","d=4.80",5.5,0.605610548421335
"A6","r3","NUC","d=4.80",6,0.680519226377883
"A6","r3","NUC","d=4.80",6.5,0.748912223098746
"A6","r3","NUC","d=4.80",7,0.809467181807466
"A6","r3","NUC","d=4.80",7.5,0.861577363810262
"A6","r3","NUC","d=4.80",8,0.904026145978083
"A6","r3","NUC","d=4.80",8.5,0.93366473895766
"A6","r3","NUC","d=4.80",9,0.948162149940587
"A6","r3","NUC","d=4.80",9.5,0.947885074786519
"A6","r3","NUC","d=4.80",10,0.949440158127764
"A6","r3","NUC","d=4.80",10.5,0.952900965652721
"A6","r3","NUC","d=4.80",11,0.956996786097642
"A6","r3","NUC","d=4.80",11.5,0.963044808101093
"A6","r3","NUC","d=4.80",12,0.969280251501339
"A6","r3","NUC","d=4.80",12.5,0.975483904311386
"A6","r3","NUC","d=4.80",13,0.980640975226096
"A6","r3","NUC","d=4.80",13.5,0.984194273061285
"A6","r3","NUC","d=4.80",14,0.987046328994259
"A6","r3","NUC","d=4.80",14.5,0.989624589685344
"A6","r3","NUC","d=4.80",15,0.991145405775593
"A6","r3","NUC","d=4.80",15.5,0.991201011844382
"A6","r3","NUC","d=4.80",16,0.989304698184641
"A6","r3","NUC","d=4.80",16.5,0.988389460853713
"A6","r3","NUC","d=4.80",17,0.989081774157015
"A6","r3","NUC","d=4.80",17.5,0.989053977653261
"A6","r3","NUC","d=4.80",18,0.988076130750097
"A6","r3","NUC","d=4.80",18.5,0.986405992521193
"A6","r3","NUC","d=4.80",19,0.985448583619388
"A6","r3","NUC","d=4.80",19.5,0.985990032009983
"A6","r3","NUC","d=4.80",20,0.986362651775317
"A6","r3","NUC","d=4.80",20.5,0.987373960271701
"A6","r3","NUC","d=4.80",21,0.989920196313978
"A6","r3","NUC","d=4.80",21.5,0.994340841594101
"A6","r3","NUC","d=4.80",22,0.997588529607573
"A6","r3","NUC","d=4.80",22.5,0.998864052344442
"A6","r3","NUC","d=4.80",23,0.999034071956644
"A6","r3","NUC","d=4.80",23.5,0.998899174364676
"A6","r3","NUC","d=4.80",24,0.998682857115914
"A6","r3","NUC","d=4.80",24.5,0.998003196693426
"A6","r3","NUC","d=4.80",25,0.997389779604312
"A6","r3","NUC","d=4.80",25.5,0.998650986116202
"A6","r3","NUC","d=4.80",26,1.00119038987094
"A6","r3","NUC","d=4.80",26.5,1.00384224180262
"A6","r3","NUC","d=4.80",27,1.00607776136474
"A6","r3","NUC","d=4.80",27.5,1.00935702082798
"A6","r3","NUC","d=4.80",28,1.01225694073177
"A6","r3","NUC","d=4.80",28.5,1.01561120330086
"A6","r3","NUC","d=4.80",29,1.01810376785649
"A6","r3","NUC","d=4.80",29.5,1.01921902086296
"A6","r3","NUC","d=4.80",30,1.02035274839895
"A6","r4","CSR","d=0.00",0,1.02230141306664
"A6","r4","CSR","d=0.00",0.5,1.01649703479203
"A6","r4","CSR","d=0.00",1,1.01221981860889
"A6","r4","CSR","d=0.00",1.5,1.00734316643936
"A6","r4","CSR","d=0.00",2,1.00100640281346
"A6","r4","CSR","d=0.00",2.5,0.996375169662304
"A6","r4","CSR","d=0.00",3,0.990051724779946
"A6","r4","CSR","d=0.00",3.5,0.985841112144153
"A6","r4","CSR","d=0.00",4,0.982967803604786
"A6","r4","CSR","d=0.00",4.5,0.980954380083596
"A6","r4","CSR","d=0.00",5,0.982587872310121
"A6","r4","CSR","d=0.00",5.5,0.989294982929266
"A6","r4","CSR","d=0.00",6,0.992769442125409
"A6","r4","CSR","d=0.00",6.5,0.996314821710563
"A6","r4","CSR","d=0.00",7,0.999653641098699
"A6","r4","CSR","d=0.00",7.5,1.00574691267976
"A6","r4","CSR","d=0.00",8,1.01131996613781
"A6","r4","CSR","d=0.00",8.5,1.01486937131429
"A6","r4","CSR","d=0.00",9,1.01978363438303
"A6","r4","CSR","d=0.00",9.5,1.02344874818103
"A6","r4","CSR","d=0.00",10,1.02494737949541
"A6","r4","CSR","d=0.00",10.5,1.02559016543717
"A6","r4","CSR","d=0.00",11,1.02498954882662
"A6","r4","CSR","d=0.00",11.5,1.02258463171245
"A6","r4","CSR","d=0.00",12,1.02161373768053
"A6","r4","CSR","d=0.00",12.5,1.02087259374586
"A6","r4","CSR","d=0.00",13,1.02156032634787
"A6","r4","CSR","d=0.00",13.5,1.02197561304491
"A6","r4","CSR","d=0.00",14,1.02250896879243
"A6","r4","CSR","d=0.00",14.5,1.02328269274118
"A6","r4","CSR","d=0.00",15,1.02433451138744
"A6","r4","CSR","d=0.00",15.5,1.02454816720957
"A6","r4","CSR","d=0.00",16,1.02480955434501
"A6","r4","CSR","d=0.00",16.5,1.0244583564024
"A6","r4","CSR","d=0.00",17,1.02459465616789
"A6","r4","CSR","d=0.00",17.5,1.02302435534122
"A6","r4","CSR","d=0.00",18,1.02054117033428
"A6","r4","CSR","d=0.00",18.5,1.01881156255287
"A6","r4","CSR","d=0.00",19,1.0155095586888
"A6","r4","CSR","d=0.00",19.5,1.01123264097892
"A6","r4","CSR","d=0.00",20,1.00662865407005
"A6","r4","CSR","d=0.00",20.5,1.00195355018288
"A6","r4","CSR","d=0.00",21,0.99827989467428
"A6","r4","CSR","d=0.00",21.5,0.995844115460255
"A6","r4","CSR","d=0.00",22,0.994390947136079
"A6","r4","CSR","d=0.00",22.5,0.993493868029199
"A6","r4","CSR","d=0.00",23,0.993003654228164
"A6","r4","CSR","d=0.00",23.5,0.993541860732868
"A6","r4","CSR","d=0.00",24,0.993482931814092
"A6","r4","CSR","d=0.00",24.5,0.993622856530779
"A6","r4","CSR","d=0.00",25,0.995507581187389
"A6","r4","CSR","d=0.00",25.5,0.9974836572818
"A6","r4","CSR","d=0.00",26,0.999614649239908
"A6","r4","CSR","d=0.00",26.5,1.00338403768668
"A6","r4","CSR","d=0.00",27,1.00776035550599
"A6","r4","CSR","d=0.00",27.5,1.01017247396431
"A6","r4","CSR","d=0.00",28,1.01120874454194
"A6","r4","CSR","d=0.00",28.5,1.01136556573619
"A6","r4","CSR","d=0.00",29,1.0120480894648
"A6","r4","CSR","d=0.00",29.5,1.01354053105255
"A6","r4","CSR","d=0.00",30,1.01541959037478
"A6","r4","PD","d=11.97",0,2.25992372376329e-17
"A6","r4","PD","d=11.97",0.5,4.98370801990181e-17
"A6","r4","PD","d=11.97",1,4.77048190230623e-18
"A6","r4","PD","d=11.97",1.5,6.70393785598146e-18
"A6","r4","PD","d=11.97",2,1.30315310779563e-17
"A6","r4","PD","d=11.97",2.5,0
"A6","r4","PD","d=11.97",3,8.81617139391063e-18
"A6","r4","PD","d=11.97",3.5,1.5417670133989e-17
"A6","r4","PD","d=11.97",4,8.05637300864927e-18
"A6","r4","PD","d=11.97",4.5,2.28074078107162e-17
"A6","r4","PD","d=11.97",5,1.1248207983953e-16
"A6","r4","PD","d=11.97",5.5,6.58925598400018e-18
"A6","r4","PD","d=11.97",6,4.1209311946418e-17
"A6","r4","PD","d=11.97",6.5,1.31000606706741e-16
"A6","r4","PD","d=11.97",7,9.79060240249996e-18
"A6","r4","PD","d=11.97",7.5,4.12777794042904e-17
"A6","r4","PD","d=11.97",8,0.00169521408748481
"A6","r4","PD","d=11.97",8.5,0.0222576584935858
"A6","r4","PD","d=11.97",9,0.0642410786700768
"A6","r4","PD","d=11.97",9.5,0.123778853870761
"A6","r4","PD","d=11.97",10,0.197066354865383
"A6","r4","PD","d=11.97",10.5,0.280332553953496
"A6","r4","PD","d=11.97",11,0.371350607062678
"A6","r4","PD","d=11.97",11.5,0.467123108285296
"A6","r4","PD","d=11.97",12,0.563626759128749
"A6","r4","PD","d=11.97",12.5,0.657713385978379
"A6","r4","PD","d=11.97",13,0.748475333351879
"A6","r4","PD","d=11.97",13.5,0.832068003215741
"A6","r4","PD","d=11.97",14,0.907179436633309
"A6","r4","PD","d=11.97",14.5,0.969432231493604
"A6","r4","PD","d=11.97",15,1.01675864767323
"A6","r4","PD","d=11.97",15.5,1.04578350791701
"A6","r4","PD","d=11.97",16,1.05532621124742
"A6","r4","PD","d=11.97",16.5,1.05037541466998
"A6","r4","PD","d=11.97",17,1.04605770633031
"A6","r4","PD","d=11.97",17.5,1.04383470073496
"A6","r4","PD","d=11.97",18,1.04277851710629
"A6","r4","PD","d=11.97",18.5,1.0415544241487
"A6","r4","PD","d=11.97",19,1.03956578061332
"A6","r4","PD","d=11.97",19.5,1.03690623464555
"A6","r4","PD","d=11.97",20,1.03451670358721
"A6","r4","PD","d=11.97",20.5,1.03021434586855
"A6","r4","PD","d=11.97",21,1.02545555656489
"A6","r4","PD","d=11.97",21.5,1.0205840818394
"A6","r4","PD","d=11.97",22,1.01492801057256
"A6","r4","PD","d=11.97",22.5,1.00897499639755
"A6","r4","PD","d=11.97",23,1.00308715052432
"A6","r4","PD","d=11.97",23.5,0.998259653922459
"A6","r4","PD","d=11.97",24,0.994445407657679
"A6","r4","PD","d=11.97",24.5,0.992715405928146
"A6","r4","PD","d=11.97",25,0.991233074989936
"A6","r4","PD","d=11.97",25.5,0.98947628593933
"A6","r4","PD","d=11.97",26,0.988300003850314
"A6","r4","PD","d=11.97",26.5,0.987386567935671
"A6","r4","PD","d=11.97",27,0.987571851134463
"A6","r4","PD","d=11.97",27.5,0.987787962360177
"A6","r4","PD","d=11.97",28,0.987788565900855
"A6","r4","PD","d=11.97",28.5,0.988664767484133
"A6","r4","PD","d=11.97",29,0.990364972394497
"A6","r4","PD","d=11.97",29.5,0.991410127124046
"A6","r4","PD","d=11.97",30,0.992017111353221
"A6","r4","NUC","d=4.80",0,1.13447335923192e-17
"A6","r4","NUC","d=4.80",0.5,2.07412447385076e-17
"A6","r4","NUC","d=4.80",1,0.00728953106481713
"A6","r4","NUC","d=4.80",1.5,0.0396438467912743
"A6","r4","NUC","d=4.80",2,0.0885088891223015
"A6","r4","NUC","d=4.80",2.5,0.146390206209901
"A6","r4","NUC","d=4.80",3,0.211500455005764
"A6","r4","NUC","d=4.80",3.5,0.285971497208158
"A6","r4","NUC","d=4.80",4,0.369019342545691
"A6","r4","NUC","d=4.80",4.5,0.460084549863723
"A6","r4","NUC","d=4.80",5,0.551868440578368
"A6","r4","NUC","d=4.80",5.5,0.643034218004143
"A6","r4","NUC","d=4.80",6,0.72794660195018
"A6","r4","NUC","d=4.80",6.5,0.804775096479938
"A6","r4","NUC","d=4.80",7,0.872357019460769
"A6","r4","NUC","d=4.80",7.5,0.928601776810796
"A6","r4","NUC","d=4.80",8,0.969742197599097
"A6","r4","NUC","d=4.80",8.5,0.994362024625355
"A6","r4","NUC","d=4.80",9,0.999578386075809
"A6","r4","NUC","d=4.80",9.5,0.995154756729507
"A6","r4","NUC","d=4.80",10,0.993192583837612
"A6","r4","NUC","d=4.80",10.5,0.990993053314171
"A6","r4","NUC","d=4.80",11,0.986399753461587
"A6","r4","NUC","d=4.80",11.5,0.982881351991768
"A6","r4","NUC","d=4.80",12,0.981713479550148
"A6","r4","NUC","d=4.80",12.5,0.981840532068895
"A6","r4","NUC","d=4.80",13,0.981278094506312
"A6","r4","NUC","d=4.80",13.5,0.981812973592984
"A6","r4","NUC","d=4.80",14,0.982479429209686
"A6","r4","NUC","d=4.80",14.5,0.983041747313576
"A6","r4","NUC","d=4.80",15,0.983383805366898
"A6","r4","NUC","d=4.80",15.5,0.984261929781583
"A6","r4","NUC","d=4.80",16,0.985394130803506
"A6","r4","NUC","d=4.80",16.5,0.986878287780895
"A6","r4","NUC","d=4.80",17,0.988403459398568
"A6","r4","NUC","d=4.80",17.5,0.9892058088828
"A6","r4","NUC","d=4.80",18,0.989296411244947
"A6","r4","NUC","d=4.80",18.5,0.990718276921123
"A6","r4","NUC","d=4.80",19,0.990171461878862
"A6","r4","NUC","d=4.80",19.5,0.991068131117387
"A6","r4","NUC","d=4.80",20,0.992237766205247
"A6","r4","NUC","d=4.80",20.5,0.993738263639554
"A6","r4","NUC","d=4.80",21,0.994310020914017
"A6","r4","NUC","d=4.80",21.5,0.994670741140569
"A6","r4","NUC","d=4.80",22,0.995438220857501
"A6","r4","NUC","d=4.80",22.5,0.996644889050278
"A6","r4","NUC","d=4.80",23,0.999413471430745
"A6","r4","NUC","d=4.80",23.5,1.0032451202875
"A6","r4","NUC","d=4.80",24,1.00671780254304
"A6","r4","NUC","d=4.80",24.5,1.01082203099609
"A6","r4","NUC","d=4.80",25,1.01328644814694
"A6","r4","NUC","d=4.80",25.5,1.01484879756724
"A6","r4","NUC","d=4.80",26,1.01582934074248
"A6","r4","NUC","d=4.80",26.5,1.01581321683511
"A6","r4","NUC","d=4.80",27,1.01579146006161
"A6","r4","NUC","d=4.80",27.5,1.01488639193524
"A6","r4","NUC","d=4.80",28,1.01452947859767
"A6","r4","NUC","d=4.80",28.5,1.01352895269412
"A6","r4","NUC","d=4.80",29,1.01184450056273
"A6","r4","NUC","d=4.80",29.5,1.00931507884254
"A6","r4","NUC","d=4.80",30,1.00651234028071
"A1","r3","CSR","d=0.00",0,0.987512098167481
"A1","r3","CSR","d=0.00",0.5,0.993686469740854
"A1","r3","CSR","d=0.00",1,0.997589914460989
"A1","r3","CSR","d=0.00",1.5,1.00101017919707
"A1","r3","CSR","d=0.00",2,0.99939182262629
"A1","r3","CSR","d=0.00",2.5,1.00116809468569
"A1","r3","CSR","d=0.00",3,1.00196891809615
"A1","r3","CSR","d=0.00",3.5,1.00279428737706
"A1","r3","CSR","d=0.00",4,1.00127047454307
"A1","r3","CSR","d=0.00",4.5,0.998660099725376
"A1","r3","CSR","d=0.00",5,0.997551654694638
"A1","r3","CSR","d=0.00",5.5,0.997883986849847
"A1","r3","CSR","d=0.00",6,0.999597602962576
"A1","r3","CSR","d=0.00",6.5,1.00232826344188
"A1","r3","CSR","d=0.00",7,1.00267912565329
"A1","r3","CSR","d=0.00",7.5,1.00187475156014
"A1","r3","CSR","d=0.00",8,1.00070867152979
"A1","r3","CSR","d=0.00",8.5,1.00029599217016
"A1","r3","CSR","d=0.00",9,1.00053003084822
"A1","r3","CSR","d=0.00",9.5,1.00066864196759
"A1","r3","CSR","d=0.00",10,0.999806726058162
"A1","r3","CSR","d=0.00",10.5,0.998277897868183
"A1","r3","CSR","d=0.00",11,0.997928329878546
"A1","r3","CSR","d=0.00",11.5,1.00003811572534
"A1","r3","CSR","d=0.00",12,1.00130176436954
"A1","r3","CSR","d=0.00",12.5,1.00243873054106
"A1","r3","CSR","d=0.00",13,1.00212467159628
"A1","r3","CSR","d=0.00",13.5,1.00125294367438
"A1","r3","CSR","d=0.00",14,1.00184831394917
"A1","r3","CSR","d=0.00",14.5,1.00331917635121
"A1","r3","CSR","d=0.00",15,1.00315100912396
"A1","r3","CSR","d=0.00",15.5,1.00341902528802
"A1","r3","CSR","d=0.00",16,1.0026723875238
"A1","r3","CSR","d=0.00",16.5,1.00128730142435
"A1","r3","CSR","d=0.00",17,1.00181386640107
"A1","r3","CSR","d=0.00",17.5,1.00236095461155
"A1","r3","CSR","d=0.00",18,1.00144561257352
"A1","r3","CSR","d=0.00",18.5,1.00082929076358
"A1","r3","CSR","d=0.00",19,0.999953113101352
"A1","r3","CSR","d=0.00",19.5,0.998806376961497
"A1","r3","CSR","d=0.00",20,0.998273198643166
"A1","r3","CSR","d=0.00",20.5,0.998449671495765
"A1","r3","CSR","d=0.00",21,0.997947180974736
"A1","r3","CSR","d=0.00",21.5,0.997525967576391
"A1","r3","CSR","d=0.00",22,0.997529746587441
"A1","r3","CSR","d=0.00",22.5,0.998972060482739
"A1","r3","CSR","d=0.00",23,1.00020277918839
"A1","r3","CSR","d=0.00",23.5,1.00140805932569
"A1","r3","CSR","d=0.00",24,1.00266646330023
"A1","r3","CSR","d=0.00",24.5,1.00279934203978
"A1","r3","CSR","d=0.00",25,1.00230366073685
"A1","r3","CSR","d=0.00",25.5,1.00165238973619
"A1","r3","CSR","d=0.00",26,1.00024984545153
"A1","r3","CSR","d=0.00",26.5,0.998892372580051
"A1","r3","CSR","d=0.00",27,0.998870189079516
"A1","r3","CSR","d=0.00",27.5,0.999322625758431
"A1","r3","CSR","d=0.00",28,0.999765732939642
"A1","r3","CSR","d=0.00",28.5,1.00025153079494
"A1","r3","CSR","d=0.00",29,0.999730807304085
"A1","r3","CSR","d=0.00",29.5,0.999324727298213
"A1","r3","CSR","d=0.00",30,0.998442630282321
"A1","r3","PD","d=3.38",0,5.72152360624026e-18
"A1","r3","PD","d=3.38",0.5,1.65951156043093e-16
"A1","r3","PD","d=3.38",1,1.53040870847597e-18
"A1","r3","PD","d=3.38",1.5,3.67575198769047e-17
"A1","r3","PD","d=3.38",2,0.00348299282318901
"A1","r3","PD","d=3.38",2.5,0.117785758541783
"A1","r3","PD","d=3.38",3,0.345675060323565
"A1","r3","PD","d=3.38",3.5,0.617012559712325
"A1","r3","PD","d=3.38",4,0.863931415873101
"A1","r3","PD","d=3.38",4.5,1.02172484667008
"A1","r3","PD","d=3.38",5,1.03978373220436
"A1","r3","PD","d=3.38",5.5,1.02110161714472
"A1","r3","PD","d=3.38",6,1.0093744598326
"A1","r3","PD","d=3.38",6.5,1.00376529103371
"A1","r3","PD","d=3.38",7,1.00117722481813
"A1","r3","PD","d=3.38",7.5,1.00071359940957
"A1","r3","PD","d=3.38",8,1.00042024758509
"A1","r3","PD","d=3.38",8.5,0.999641327356724
"A1","r3","PD","d=3.38",9,0.99796922188962
"A1","r3","PD","d=3.38",9.5,0.996944835843609
"A1","r3","PD","d=3.38",10,0.996057884780787
"A1","r3","PD","d=3.38",10.5,0.996473770080092
"A1","r3","PD","d=3.38",11,0.996829459317209
"A1","r3","PD","d=3.38",11.5,0.996589416654342
"A1","r3","PD","d=3.38",12,0.996328385755698
"A1","r3","PD","d=3.38",12.5,0.99656683161882
"A1","r3","PD","d=3.38",13,0.997455089117789
"A1","r3","PD","d=3.38",13.5,0.99937865669808
"A1","r3","PD","d=3.38",14,1.00083035273721
"A1","r3","PD","d=3.38",14.5,1.00151683890247
"A1","r3","PD","d=3.38",15,1.00215483052066
"A1","r3","PD","d=3.38",15.5,1.00167752198847
"A1","r3","PD","d=3.38",16,1.00003876845776
"A1","r3","PD","d=3.38",16.5,0.997745052540774
"A1","r3","PD","d=3.38",17,0.996315352528252
"A1","r3","PD","d=3.38",17.5,0.995914005149095
"A1","r3","PD","d=3.38",18,0.996937730961774
"A1","r3","PD","d=3.38",18.5,0.998575275197959
"A1","r3","PD","d=3.38",19,0.999899240321433
"A1","r3","PD","d=3.38",19.5,0.999802816112321
"A1","r3","PD","d=3.38",20,0.999638732075018
"A1","r3","PD","d=3.38",20.5,1.00000172238283
"A1","r3","PD","d=3.38",21,1.00059595146403
"A1","r3","PD","d=3.38",21.5,1.00135261715863
"A1","r3","PD","d=3.38",22,1.0019430781642
"A1","r3","PD","d=3.38",22.5,1.00136786672936
"A1","r3","PD","d=3.38",23,1.00011274203024
"A1","r3","PD","d=3.38",23.5,0.999025581151599
"A1","r3","PD","d=3.38",24,0.99843716299801
"A1","r3","PD","d=3.38",24.5,0.998342965854627
"A1","r3","PD","d=3.38",25,0.998862673855406
"A1","r3","PD","d=3.38",25.5,0.998796388299649
"A1","r3","PD","d=3.38",26,0.998398198774901
"A1","r3","PD","d=3.38",26.5,0.997428490942243
"A1","r3","PD","d=3.38",27,0.997182657983372
"A1","r3","PD","d=3.38",27.5,0.998105379442557
"A1","r3","PD","d=3.38",28,0.999093303311132
"A1","r3","PD","d=3.38",28.5,1.00009016334285
"A1","r3","PD","d=3.38",29,1.00075489838001
"A1","r3","PD","d=3.38",29.5,0.999861927558693
"A1","r3","PD","d=3.38",30,0.999036668778822
"A1","r3","NUC","d=4.10",0,1.02783697361967e-17
"A1","r3","NUC","d=4.10",0.5,1.37534695953787e-16
"A1","r3","NUC","d=4.10",1,1.744623772742e-18
"A1","r3","NUC","d=4.10",1.5,3.6713640389113e-17
"A1","r3","NUC","d=4.10",2,9.08958254623358e-17
"A1","r3","NUC","d=4.10",2.5,8.01645282284593e-17
"A1","r3","NUC","d=4.10",3,0.0514071970597944
"A1","r3","NUC","d=4.10",3.5,0.248192548241409
"A1","r3","NUC","d=4.10",4,0.523742068025927
"A1","r3","NUC","d=4.10",4.5,0.804197384522354
"A1","r3","NUC","d=4.10",5,1.0193133450555
"A1","r3","NUC","d=4.10",5.5,1.10145461673027
"A1","r3","NUC","d=4.10",6,1.07234947508432
"A1","r3","NUC","d=4.10",6.5,1.04474481155557
"A1","r3","NUC","d=4.10",7,1.02097658533688
"A1","r3","NUC","d=4.10",7.5,1.00350488320294
"A1","r3","NUC","d=4.10",8,0.992934595308519
"A1","r3","NUC","d=4.10",8.5,0.988891698983647
"A1","r3","NUC","d=4.10",9,0.989214743139972
"A1","r3","NUC","d=4.10",9.5,0.991673543051006
"A1","r3","NUC","d=4.10",10,0.992510512250077
"A1","r3","NUC","d=4.10",10.5,0.993744554813359
"A1","r3","NUC","d=4.10",11,0.99462344049662
"A1","r3","NUC","d=4.10",11.5,0.995928013460248
"A1","r3","NUC","d=4.10",12,0.996811196848173
"A1","r3","NUC","d=4.10",12.5,0.996530210531264
"A1","r3","NUC","d=4.10",13,0.99543262855529
"A1","r3","NUC","d=4.10",13.5,0.99423314683124
"A1","r3","NUC","d=4.10",14,0.993387703699496
"A1","r3","NUC","d=4.10",14.5,0.994559079908609
"A1","r3","NUC","d=4.10",15,0.996256706041724
"A1","r3","NUC","d=4.10",15.5,0.997289437875072
"A1","r3","NUC","d=4.10",16,0.997845111919734
"A1","r3","NUC","d=4.10",16.5,0.997914220692499
"A1","r3","NUC","d=4.10",17,0.99666798905081
"A1","r3","NUC","d=4.10",17.5,0.995772531934572
"A1","r3","NUC","d=4.10",18,0.995225028056433
"A1","r3","NUC","d=4.10",18.5,0.995024637027108
"A1","r3","NUC","d=4.10",19,0.995283266885879
"A1","r3","NUC","d=4.10",19.5,0.995978469582132
"A1","r3","NUC","d=4.10",20,0.996212662005299
"A1","r3","NUC","d=4.10",20.5,0.996791518115218
"A1","r3","NUC","d=4.10",21,0.997308219572307
"A1","r3","NUC","d=4.10",21.5,0.997591136056785
"A1","r3","NUC","d=4.10",22,0.998007619912123
"A1","r3","NUC","d=4.10",22.5,0.998144355603307
"A1","r3","NUC","d=4.10",23,0.997615861558593
"A1","r3","NUC","d=4.10",23.5,0.996968743141453
"A1","r3","NUC","d=4.10",24,0.996842269946759
"A1","r3","NUC","d=4.10",24.5,0.996530711818348
"A1","r3","NUC","d=4.10",25,0.996013517879335
"A1","r3","NUC","d=4.10",25.5,0.99606833494382
"A1","r3","NUC","d=4.10",26,0.996396087850526
"A1","r3","NUC","d=4.10",26.5,0.996563162200331
"A1","r3","NUC","d=4.10",27,0.996560359419592
"A1","r3","NUC","d=4.10",27.5,0.99652485723175
"A1","r3","NUC","d=4.10",28,0.996474858995493
"A1","r3","NUC","d=4.10",28.5,0.996927560564612
"A1","r3","NUC","d=4.10",29,0.998280717263243
"A1","r3","NUC","d=4.10",29.5,0.999516427802956
"A1","r3","NUC","d=4.10",30,0.999099608700124
"A6","r5","CSR","d=0.00",0,0.936861378406382
"A6","r5","CSR","d=0.00",0.5,0.949601640209271
"A6","r5","CSR","d=0.00",1,0.957183323983254
"A6","r5","CSR","d=0.00",1.5,0.961967442093339
"A6","r5","CSR","d=0.00",2,0.965536550971516
"A6","r5","CSR","d=0.00",2.5,0.970038224752844
"A6","r5","CSR","d=0.00",3,0.97435930296797
"A6","r5","CSR","d=0.00",3.5,0.977229772189099
"A6","r5","CSR","d=0.00",4,0.979610725630525
"A6","r5","CSR","d=0.00",4.5,0.982031977890625
"A6","r5","CSR","d=0.00",5,0.979341099023276
"A6","r5","CSR","d=0.00",5.5,0.9792795344693
"A6","r5","CSR","d=0.00",6,0.977290351549052
"A6","r5","CSR","d=0.00",6.5,0.973345417971469
"A6","r5","CSR","d=0.00",7,0.971394165790757
"A6","r5","CSR","d=0.00",7.5,0.969995610326053
"A6","r5","CSR","d=0.00",8,0.969896379807108
"A6","r5","CSR","d=0.00",8.5,0.971974785539967
"A6","r5","CSR","d=0.00",9,0.975890246845433
"A6","r5","CSR","d=0.00",9.5,0.978507494241714
"A6","r5","CSR","d=0.00",10,0.978897361080084
"A6","r5","CSR","d=0.00",10.5,0.978011985788808
"A6","r5","CSR","d=0.00",11,0.978878028959517
"A6","r5","CSR","d=0.00",11.5,0.981327759632552
"A6","r5","CSR","d=0.00",12,0.984185750566877
"A6","r5","CSR","d=0.00",12.5,0.986273134061356
"A6","r5","CSR","d=0.00",13,0.988274902046935
"A6","r5","CSR","d=0.00",13.5,0.991047305694261
"A6","r5","CSR","d=0.00",14,0.994103035822227
"A6","r5","CSR","d=0.00",14.5,0.997712623264649
"A6","r5","CSR","d=0.00",15,0.999377268996909
"A6","r5","CSR","d=0.00",15.5,1.00101868549877
"A6","r5","CSR","d=0.00",16,1.00296296108438
"A6","r5","CSR","d=0.00",16.5,1.00344507752964
"A6","r5","CSR","d=0.00",17,1.00374878023648
"A6","r5","CSR","d=0.00",17.5,1.00339545213938
"A6","r5","CSR","d=0.00",18,1.00137652079609
"A6","r5","CSR","d=0.00",18.5,0.998687709722993
"A6","r5","CSR","d=0.00",19,0.995977003199478
"A6","r5","CSR","d=0.00",19.5,0.993556721827585
"A6","r5","CSR","d=0.00",20,0.99300202016468
"A6","r5","CSR","d=0.00",20.5,0.992882478990121
"A6","r5","CSR","d=0.00",21,0.993664404176166
"A6","r5","CSR","d=0.00",21.5,0.994080863226071
"A6","r5","CSR","d=0.00",22,0.994748892913885
"A6","r5","CSR","d=0.00",22.5,0.995688217265708
"A6","r5","CSR","d=0.00",23,0.996345296556411
"A6","r5","CSR","d=0.00",23.5,0.997076387329922
"A6","r5","CSR","d=0.00",24,0.998396080606333
"A6","r5","CSR","d=0.00",24.5,1.00037879027979
"A6","r5","CSR","d=0.00",25,1.00198779266079
"A6","r5","CSR","d=0.00",25.5,1.0031514798303
"A6","r5","CSR","d=0.00",26,1.00331304603749
"A6","r5","CSR","d=0.00",26.5,1.00245670869513
"A6","r5","CSR","d=0.00",27,1.00185123739974
"A6","r5","CSR","d=0.00",27.5,1.00353031553467
"A6","r5","CSR","d=0.00",28,1.00563771038464
"A6","r5","CSR","d=0.00",28.5,1.00872937283685
"A6","r5","CSR","d=0.00",29,1.01210798405404
"A6","r5","CSR","d=0.00",29.5,1.01670001374777
"A6","r5","CSR","d=0.00",30,1.02099581167729
"A6","r5","PD","d=11.97",0,4.66788192659123e-17
"A6","r5","PD","d=11.97",0.5,1.18184957102906e-16
"A6","r5","PD","d=11.97",1,4.60195170140826e-18
"A6","r5","PD","d=11.97",1.5,1.79493670183469e-17
"A6","r5","PD","d=11.97",2,6.50684642810092e-17
"A6","r5","PD","d=11.97",2.5,2.44750801748105e-18
"A6","r5","PD","d=11.97",3,2.7720081893488e-17
"A6","r5","PD","d=11.97",3.5,4.17648276816943e-17
"A6","r5","PD","d=11.97",4,3.49675570528083e-17
"A6","r5","PD","d=11.97",4.5,8.64955063992574e-17
"A6","r5","PD","d=11.97",5,7.02785134264937e-17
"A6","r5","PD","d=11.97",5.5,3.84098778722927e-17
"A6","r5","PD","d=11.97",6,8.1221423590344e-17
"A6","r5","PD","d=11.97",6.5,4.45304813777178e-18
"A6","r5","PD","d=11.97",7,5.50136879453971e-17
"A6","r5","PD","d=11.97",7.5,9.338308699369e-08
"A6","r5","PD","d=11.97",8,0.00700588939884041
"A6","r5","PD","d=11.97",8.5,0.0322396187402023
"A6","r5","PD","d=11.97",9,0.07350336214417
"A6","r5","PD","d=11.97",9.5,0.12903786416002
"A6","r5","PD","d=11.97",10,0.196242758230857
"A6","r5","PD","d=11.97",10.5,0.27253597853541
"A6","r5","PD","d=11.97",11,0.35598262790601
"A6","r5","PD","d=11.97",11.5,0.444413829441247
"A6","r5","PD","d=11.97",12,0.536147971847866
"A6","r5","PD","d=11.97",12.5,0.627091302358199
"A6","r5","PD","d=11.97",13,0.715825544500268
"A6","r5","PD","d=11.97",13.5,0.799655670148185
"A6","r5","PD","d=11.97",14,0.875603257081614
"A6","r5","PD","d=11.97",14.5,0.941441106835252
"A6","r5","PD","d=11.97",15,0.99411099905004
"A6","r5","PD","d=11.97",15.5,1.03141039190807
"A6","r5","PD","d=11.97",16,1.05183887460159
"A6","r5","PD","d=11.97",16.5,1.0534731909348
"A6","r5","PD","d=11.97",17,1.04968953259622
"A6","r5","PD","d=11.97",17.5,1.04606100817861
"A6","r5","PD","d=11.97",18,1.04270155919883
"A6","r5","PD","d=11.97",18.5,1.03891035976863
"A6","r5","PD","d=11.97",19,1.03308948276433
"A6","r5","PD","d=11.97",19.5,1.02754518007508
"A6","r5","PD","d=11.97",20,1.0217281782943
"A6","r5","PD","d=11.97",20.5,1.01785777648487
"A6","r5","PD","d=11.97",21,1.0139217989724
"A6","r5","PD","d=11.97",21.5,1.0099237438386
"A6","r5","PD","d=11.97",22,1.00730938673229
"A6","r5","PD","d=11.97",22.5,1.00517747687898
"A6","r5","PD","d=11.97",23,1.00340306705724
"A6","r5","PD","d=11.97",23.5,1.00243320711148
"A6","r5","PD","d=11.97",24,1.00153851000586
"A6","r5","PD","d=11.97",24.5,1.00022155090697
"A6","r5","PD","d=11.97",25,1.00047229182873
"A6","r5","PD","d=11.97",25.5,0.99990129354759
"A6","r5","PD","d=11.97",26,0.999751574907423
"A6","r5","PD","d=11.97",26.5,0.999646338864218
"A6","r5","PD","d=11.97",27,1.00021593902928
"A6","r5","PD","d=11.97",27.5,1.00030110617033
"A6","r5","PD","d=11.97",28,1.00073482309485
"A6","r5","PD","d=11.97",28.5,1.00138211506769
"A6","r5","PD","d=11.97",29,1.00257181965799
"A6","r5","PD","d=11.97",29.5,1.00279685489718
"A6","r5","PD","d=11.97",30,1.00265606329232
"A6","r5","NUC","d=4.80",0,1.47057148430084e-17
"A6","r5","NUC","d=4.80",0.5,0.000452009340301108
"A6","r5","NUC","d=4.80",1,0.0192265493205837
"A6","r5","NUC","d=4.80",1.5,0.058720387903467
"A6","r5","NUC","d=4.80",2,0.108980167517708
"A6","r5","NUC","d=4.80",2.5,0.165627349180501
"A6","r5","NUC","d=4.80",3,0.228029565701738
"A6","r5","NUC","d=4.80",3.5,0.298887591338371
"A6","r5","NUC","d=4.80",4,0.375706655197648
"A6","r5","NUC","d=4.80",4.5,0.459525385252842
"A6","r5","NUC","d=4.80",5,0.545053659312228
"A6","r5","NUC","d=4.80",5.5,0.631266080305018
"A6","r5","NUC","d=4.80",6,0.713789599835928
"A6","r5","NUC","d=4.80",6.5,0.790003649629936
"A6","r5","NUC","d=4.80",7,0.859634043641415
"A6","r5","NUC","d=4.80",7.5,0.919919380316071
"A6","r5","NUC","d=4.80",8,0.966995302028831
"A6","r5","NUC","d=4.80",8.5,0.99953893143569
"A6","r5","NUC","d=4.80",9,1.01642605217629
"A6","r5","NUC","d=4.80",9.5,1.0176883322375
"A6","r5","NUC","d=4.80",10,1.01791946834575
"A6","r5","NUC","d=4.80",10.5,1.01883289112447
"A6","r5","NUC","d=4.80",11,1.01840214411097
"A6","r5","NUC","d=4.80",11.5,1.015790458059
"A6","r5","NUC","d=4.80",12,1.01423963490216
"A6","r5","NUC","d=4.80",12.5,1.01436506403383
"A6","r5","NUC","d=4.80",13,1.01381637547052
"A6","r5","NUC","d=4.80",13.5,1.01203884146736
"A6","r5","NUC","d=4.80",14,1.00986225486397
"A6","r5","NUC","d=4.80",14.5,1.00835897762724
"A6","r5","NUC","d=4.80",15,1.00536812150408
"A6","r5","NUC","d=4.80",15.5,1.00058979333576
"A6","r5","NUC","d=4.80",16,0.997852443636698
"A6","r5","NUC","d=4.80",16.5,0.99441228648036
"A6","r5","NUC","d=4.80",17,0.990625526999611
"A6","r5","NUC","d=4.80",17.5,0.98802855071996
"A6","r5","NUC","d=4.80",18,0.988775181370724
"A6","r5","NUC","d=4.80",18.5,0.989323658319367
"A6","r5","NUC","d=4.80",19,0.989541409218703
"A6","r5","NUC","d=4.80",19.5,0.991053220301839
"A6","r5","NUC","d=4.80",20,0.992758065759379
"A6","r5","NUC","d=4.80",20.5,0.993084273612979
"A6","r5","NUC","d=4.80",21,0.994702062712986
"A6","r5","NUC","d=4.80",21.5,0.99736219166881
"A6","r5","NUC","d=4.80",22,1.00063244385583
"A6","r5","NUC","d=4.80",22.5,1.00274043431648
"A6","r5","NUC","d=4.80",23,1.00404162507496
"A6","r5","NUC","d=4.80",23.5,1.00507607032643
"A6","r5","NUC","d=4.80",24,1.00535877830219
"A6","r5","NUC","d=4.80",24.5,1.00489392955688
"A6","r5","NUC","d=4.80",25,1.00319352189564
"A6","r5","NUC","d=4.80",25.5,1.0012235264739
"A6","r5","NUC","d=4.80",26,0.999762607507533
"A6","r5","NUC","d=4.80",26.5,0.999474675554422
"A6","r5","NUC","d=4.80",27,0.999921612805849
"A6","r5","NUC","d=4.80",27.5,0.99927003568178
"A6","r5","NUC","d=4.80",28,0.99807210326778
"A6","r5","NUC","d=4.80",28.5,0.9981409626631
"A6","r5","NUC","d=4.80",29,0.998651773757678
"A6","r5","NUC","d=4.80",29.5,0.9982370889632
"A6","r5","NUC","d=4.80",30,0.999055242715792
"A1","r4","CSR","d=0.00",0,0.976924674874775
"A1","r4","CSR","d=0.00",0.5,0.987366341379976
"A1","r4","CSR","d=0.00",1,0.994035371943366
"A1","r4","CSR","d=0.00",1.5,1.00314848787356
"A1","r4","CSR","d=0.00",2,0.99998432620291
"A1","r4","CSR","d=0.00",2.5,1.00070397192804
"A1","r4","CSR","d=0.00",3,1.00282192546391
"A1","r4","CSR","d=0.00",3.5,1.00371189078056
"A1","r4","CSR","d=0.00",4,1.00277901084955
"A1","r4","CSR","d=0.00",4.5,1.00135896488586
"A1","r4","CSR","d=0.00",5,0.998694559048439
"A1","r4","CSR","d=0.00",5.5,0.996206351647592
"A1","r4","CSR","d=0.00",6,0.995580044785956
"A1","r4","CSR","d=0.00",6.5,0.997608505354534
"A1","r4","CSR","d=0.00",7,1.00181890971391
"A1","r4","CSR","d=0.00",7.5,1.00343024191596
"A1","r4","CSR","d=0.00",8,1.00395124715311
"A1","r4","CSR","d=0.00",8.5,1.0042712369599
"A1","r4","CSR","d=0.00",9,1.0031868143333
"A1","r4","CSR","d=0.00",9.5,1.00216531662408
"A1","r4","CSR","d=0.00",10,1.00298647716435
"A1","r4","CSR","d=0.00",10.5,1.00248030047385
"A1","r4","CSR","d=0.00",11,1.00241528858804
"A1","r4","CSR","d=0.00",11.5,1.002147194939
"A1","r4","CSR","d=0.00",12,1.00209451961337
"A1","r4","CSR","d=0.00",12.5,1.00193179833383
"A1","r4","CSR","d=0.00",13,1.00274911982032
"A1","r4","CSR","d=0.00",13.5,1.0031683984297
"A1","r4","CSR","d=0.00",14,1.00329946891765
"A1","r4","CSR","d=0.00",14.5,1.00301410157965
"A1","r4","CSR","d=0.00",15,1.00265421001145
"A1","r4","CSR","d=0.00",15.5,1.00145745100399
"A1","r4","CSR","d=0.00",16,1.00048210004648
"A1","r4","CSR","d=0.00",16.5,0.999717612787957
"A1","r4","CSR","d=0.00",17,0.998397284108546
"A1","r4","CSR","d=0.00",17.5,0.998996221012106
"A1","r4","CSR","d=0.00",18,1.00130168510943
"A1","r4","CSR","d=0.00",18.5,1.00183538877762
"A1","r4","CSR","d=0.00",19,1.00237613123519
"A1","r4","CSR","d=0.00",19.5,1.00354976350971
"A1","r4","CSR","d=0.00",20,1.0030544906971
"A1","r4","CSR","d=0.00",20.5,1.0015174328991
"A1","r4","CSR","d=0.00",21,1.00134929908835
"A1","r4","CSR","d=0.00",21.5,1.00032418070787
"A1","r4","CSR","d=0.00",22,0.999762841678649
"A1","r4","CSR","d=0.00",22.5,1.00114940689036
"A1","r4","CSR","d=0.00",23,1.0021731398673
"A1","r4","CSR","d=0.00",23.5,1.00260598792945
"A1","r4","CSR","d=0.00",24,1.00250149101276
"A1","r4","CSR","d=0.00",24.5,1.00218443342738
"A1","r4","CSR","d=0.00",25,1.00230344002441
"A1","r4","CSR","d=0.00",25.5,1.00301345936509
"A1","r4","CSR","d=0.00",26,1.0027204292437
"A1","r4","CSR","d=0.00",26.5,1.00246489391772
"A1","r4","CSR","d=0.00",27,1.0023622294903
"A1","r4","CSR","d=0.00",27.5,1.00225531441894
"A1","r4","CSR","d=0.00",28,1.00251904509403
"A1","r4","CSR","d=0.00",28.5,1.00294434213322
"A1","r4","CSR","d=0.00",29,1.002845761403
"A1","r4","CSR","d=0.00",29.5,1.00235432804592
"A1","r4","CSR","d=0.00",30,1.00174416802167
"A1","r4","PD","d=3.38",0,2.48746972042119e-17
"A1","r4","PD","d=3.38",0.5,2.06164880220616e-16
"A1","r4","PD","d=3.38",1,1.29601403877511e-17
"A1","r4","PD","d=3.38",1.5,5.74116280566339e-17
"A1","r4","PD","d=3.38",2,0.00331392750753462
"A1","r4","PD","d=3.38",2.5,0.115971704018455
"A1","r4","PD","d=3.38",3,0.343575493688016
"A1","r4","PD","d=3.38",3.5,0.61725798377812
"A1","r4","PD","d=3.38",4,0.867198820886095
"A1","r4","PD","d=3.38",4.5,1.02642853782293
"A1","r4","PD","d=3.38",5,1.0433538618995
"A1","r4","PD","d=3.38",5.5,1.02119389658999
"A1","r4","PD","d=3.38",6,1.00533622160758
"A1","r4","PD","d=3.38",6.5,0.996803424953747
"A1","r4","PD","d=3.38",7,0.994035804788834
"A1","r4","PD","d=3.38",7.5,0.993481438631413
"A1","r4","PD","d=3.38",8,0.994087631505784
"A1","r4","PD","d=3.38",8.5,0.994232633971121
"A1","r4","PD","d=3.38",9,0.994379055894888
"A1","r4","PD","d=3.38",9.5,0.996044285703582
"A1","r4","PD","d=3.38",10,0.996918383346937
"A1","r4","PD","d=3.38",10.5,0.996991064517987
"A1","r4","PD","d=3.38",11,0.995356304473135
"A1","r4","PD","d=3.38",11.5,0.993400925356795
"A1","r4","PD","d=3.38",12,0.992453389839092
"A1","r4","PD","d=3.38",12.5,0.993533815626624
"A1","r4","PD","d=3.38",13,0.99423999309622
"A1","r4","PD","d=3.38",13.5,0.995777176017373
"A1","r4","PD","d=3.38",14,0.99620104920601
"A1","r4","PD","d=3.38",14.5,0.996045205984706
"A1","r4","PD","d=3.38",15,0.997192315916392
"A1","r4","PD","d=3.38",15.5,0.997426615176642
"A1","r4","PD","d=3.38",16,0.996241710154648
"A1","r4","PD","d=3.38",16.5,0.994617942290294
"A1","r4","PD","d=3.38",17,0.992842990121975
"A1","r4","PD","d=3.38",17.5,0.991607894266987
"A1","r4","PD","d=3.38",18,0.991003258261215
"A1","r4","PD","d=3.38",18.5,0.991075284285457
"A1","r4","PD","d=3.38",19,0.992792192513462
"A1","r4","PD","d=3.38",19.5,0.995650426620066
"A1","r4","PD","d=3.38",20,0.997606060267911
"A1","r4","PD","d=3.38",20.5,0.998586859622594
"A1","r4","PD","d=3.38",21,0.997920225867683
"A1","r4","PD","d=3.38",21.5,0.996571808034215
"A1","r4","PD","d=3.38",22,0.996131465000575
"A1","r4","PD","d=3.38",22.5,0.996781311655453
"A1","r4","PD","d=3.38",23,0.997581172062199
"A1","r4","PD","d=3.38",23.5,0.997675071410496
"A1","r4","PD","d=3.38",24,0.997166580470756
"A1","r4","PD","d=3.38",24.5,0.997422561841805
"A1","r4","PD","d=3.38",25,0.997044339603049
"A1","r4","PD","d=3.38",25.5,0.995744659757004
"A1","r4","PD","d=3.38",26,0.994841838815764
"A1","r4","PD","d=3.38",26.5,0.994609402353187
"A1","r4","PD","d=3.38",27,0.994677294288085
"A1","r4","PD","d=3.38",27.5,0.995464148975657
"A1","r4","PD","d=3.38",28,0.995766891497054
"A1","r4","PD","d=3.38",28.5,0.995244513038326
"A1","r4","PD","d=3.38",29,0.994820793821318
"A1","r4","PD","d=3.38",29.5,0.995191933555451
"A1","r4","PD","d=3.38",30,0.994868590787587
"A1","r4","NUC","d=4.10",0,4.51955971929166e-17
"A1","r4","NUC","d=4.10",0.5,2.03519684324671e-16
"A1","r4","NUC","d=4.10",1,6.6367599889766e-18
"A1","r4","NUC","d=4.10",1.5,5.43336641040217e-17
"A1","r4","NUC","d=4.10",2,1.13975698490282e-16
"A1","r4","NUC","d=4.10",2.5,1.33714546990578e-16
"A1","r4","NUC","d=4.10",3,0.0502200782453417
"A1","r4","NUC","d=4.10",3.5,0.248352061512661
"A1","r4","NUC","d=4.10",4,0.52443160750397
"A1","r4","NUC","d=4.10",4.5,0.804599678397145
"A1","r4","NUC","d=4.10",5,1.01793434728887
"A1","r4","NUC","d=4.10",5.5,1.09649397571489
"A1","r4","NUC","d=4.10",6,1.06570419829096
"A1","r4","NUC","d=4.10",6.5,1.040088312425
"A1","r4","NUC","d=4.10",7,1.018510759726
"A1","r4","NUC","d=4.10",7.5,1.00175407905182
"A1","r4","NUC","d=4.10",8,0.991491221759446
"A1","r4","NUC","d=4.10",8.5,0.988414717685374
"A1","r4","NUC","d=4.10",9,0.989338025468572
"A1","r4","NUC","d=4.10",9.5,0.992525332369999
"A1","r4","NUC","d=4.10",10,0.994110051967268
"A1","r4","NUC","d=4.10",10.5,0.992914562526818
"A1","r4","NUC","d=4.10",11,0.993263098712888
"A1","r4","NUC","d=4.10",11.5,0.994587065533561
"A1","r4","NUC","d=4.10",12,0.995982854576007
"A1","r4","NUC","d=4.10",12.5,0.99660606673844
"A1","r4","NUC","d=4.10",13,0.996040859338383
"A1","r4","NUC","d=4.10",13.5,0.994728976806584
"A1","r4","NUC","d=4.10",14,0.995092596135409
"A1","r4","NUC","d=4.10",14.5,0.994511231850652
"A1","r4","NUC","d=4.10",15,0.995758512539389
"A1","r4","NUC","d=4.10",15.5,0.997072528463289
"A1","r4","NUC","d=4.10",16,0.99760537732714
"A1","r4","NUC","d=4.10",16.5,0.998058892180463
"A1","r4","NUC","d=4.10",17,0.998952192718614
"A1","r4","NUC","d=4.10",17.5,0.998310245810031
"A1","r4","NUC","d=4.10",18,0.99872215173867
"A1","r4","NUC","d=4.10",18.5,0.998546138096133
"A1","r4","NUC","d=4.10",19,0.996692388805391
"A1","r4","NUC","d=4.10",19.5,0.99407910790264
"A1","r4","NUC","d=4.10",20,0.99198779282221
"A1","r4","NUC","d=4.10",20.5,0.991206472492381
"A1","r4","NUC","d=4.10",21,0.991816779015887
"A1","r4","NUC","d=4.10",21.5,0.99261465911089
"A1","r4","NUC","d=4.10",22,0.993899512455742
"A1","r4","NUC","d=4.10",22.5,0.996427285668435
"A1","r4","NUC","d=4.10",23,0.997502754311528
"A1","r4","NUC","d=4.10",23.5,0.99775394464457
"A1","r4","NUC","d=4.10",24,0.997870684304895
"A1","r4","NUC","d=4.10",24.5,0.996878414296517
"A1","r4","NUC","d=4.10",25,0.996488784227156
"A1","r4","NUC","d=4.10",25.5,0.997843389792908
"A1","r4","NUC","d=4.10",26,0.99763667875265
"A1","r4","NUC","d=4.10",26.5,0.997925074228823
"A1","r4","NUC","d=4.10",27,0.997485410448048
"A1","r4","NUC","d=4.10",27.5,0.995456242574026
"A1","r4","NUC","d=4.10",28,0.993617412202686
"A1","r4","NUC","d=4.10",28.5,0.993625917590784
"A1","r4","NUC","d=4.10",29,0.994131925355051
"A1","r4","NUC","d=4.10",29.5,0.996048612507162
"A1","r4","NUC","d=4.10",30,0.997319366826705
"A1","r5","CSR","d=0.00",0,1.0016945842966
"A1","r5","CSR","d=0.00",0.5,1.0071596893733
"A1","r5","CSR","d=0.00",1,1.00808096583226
"A1","r5","CSR","d=0.00",1.5,1.00884428941772
"A1","r5","CSR","d=0.00",2,1.0080768494817
"A1","r5","CSR","d=0.00",2.5,1.00216876830756
"A1","r5","CSR","d=0.00",3,0.997217304565022
"A1","r5","CSR","d=0.00",3.5,0.99613662480082
"A1","r5","CSR","d=0.00",4,0.996151291198306
"A1","r5","CSR","d=0.00",4.5,0.998210970440373
"A1","r5","CSR","d=0.00",5,0.998855983255136
"A1","r5","CSR","d=0.00",5.5,0.99995614350896
"A1","r5","CSR","d=0.00",6,1.00128498301892
"A1","r5","CSR","d=0.00",6.5,1.00071179280357
"A1","r5","CSR","d=0.00",7,0.99935160495808
"A1","r5","CSR","d=0.00",7.5,0.998330711397667
"A1","r5","CSR","d=0.00",8,0.997142855153958
"A1","r5","CSR","d=0.00",8.5,0.99657838849775
"A1","r5","CSR","d=0.00",9,0.997762265184294
"A1","r5","CSR","d=0.00",9.5,0.999337783322825
"A1","r5","CSR","d=0.00",10,1.00004610068292
"A1","r5","CSR","d=0.00",10.5,1.00017995725781
"A1","r5","CSR","d=0.00",11,0.999479438055976
"A1","r5","CSR","d=0.00",11.5,0.998709713963431
"A1","r5","CSR","d=0.00",12,0.999302375342623
"A1","r5","CSR","d=0.00",12.5,0.998878521413488
"A1","r5","CSR","d=0.00",13,0.99775768884248
"A1","r5","CSR","d=0.00",13.5,0.995963242410053
"A1","r5","CSR","d=0.00",14,0.994754920971852
"A1","r5","CSR","d=0.00",14.5,0.995563450807622
"A1","r5","CSR","d=0.00",15,0.997856805757173
"A1","r5","CSR","d=0.00",15.5,1.00031067303576
"A1","r5","CSR","d=0.00",16,1.00214197833366
"A1","r5","CSR","d=0.00",16.5,1.00294903996671
"A1","r5","CSR","d=0.00",17,1.00200631053144
"A1","r5","CSR","d=0.00",17.5,1.00086351102012
"A1","r5","CSR","d=0.00",18,0.998333027123355
"A1","r5","CSR","d=0.00",18.5,0.997000805772662
"A1","r5","CSR","d=0.00",19,0.997478691325963
"A1","r5","CSR","d=0.00",19.5,0.998466913248009
"A1","r5","CSR","d=0.00",20,0.99883131104871
"A1","r5","CSR","d=0.00",20.5,0.999440226590371
"A1","r5","CSR","d=0.00",21,0.998466362247271
"A1","r5","CSR","d=0.00",21.5,0.998117686410137
"A1","r5","CSR","d=0.00",22,0.999420640819259
"A1","r5","CSR","d=0.00",22.5,0.999938588763853
"A1","r5","CSR","d=0.00",23,1.00012330771185
"A1","r5","CSR","d=0.00",23.5,1.00048270030243
"A1","r5","CSR","d=0.00",24,1.00028766384186
"A1","r5","CSR","d=0.00",24.5,0.999688836976574
"A1","r5","CSR","d=0.00",25,0.99980553474696
"A1","r5","CSR","d=0.00",25.5,0.999409697731519
"A1","r5","CSR","d=0.00",26,0.998889505319949
"A1","r5","CSR","d=0.00",26.5,0.99807074263946
"A1","r5","CSR","d=0.00",27,0.99804488950357
"A1","r5","CSR","d=0.00",27.5,0.998139218732397
"A1","r5","CSR","d=0.00",28,0.998169432261172
"A1","r5","CSR","d=0.00",28.5,0.998209743401404
"A1","r5","CSR","d=0.00",29,0.998168375922392
"A1","r5","CSR","d=0.00",29.5,0.998775698909868
"A1","r5","CSR","d=0.00",30,0.999630985199556
"A1","r5","PD","d=3.38",0,3.7651345590525e-18
"A1","r5","PD","d=3.38",0.5,9.41580014439412e-17
"A1","r5","PD","d=3.38",1,2.38625421466373e-18
"A1","r5","PD","d=3.38",1.5,2.76425638662644e-17
"A1","r5","PD","d=3.38",2,0.00296299689287784
"A1","r5","PD","d=3.38",2.5,0.115051016456246
"A1","r5","PD","d=3.38",3,0.342342537878462
"A1","r5","PD","d=3.38",3.5,0.614029133670391
"A1","r5","PD","d=3.38",4,0.864256492310415
"A1","r5","PD","d=3.38",4.5,1.02604285644537
"A1","r5","PD","d=3.38",5,1.04433402072106
"A1","r5","PD","d=3.38",5.5,1.02306848450162
"A1","r5","PD","d=3.38",6,1.00724780690647
"A1","r5","PD","d=3.38",6.5,0.996607156680121
"A1","r5","PD","d=3.38",7,0.991935204485462
"A1","r5","PD","d=3.38",7.5,0.992856201749664
"A1","r5","PD","d=3.38",8,0.995262708875435
"A1","r5","PD","d=3.38",8.5,0.995918171210454
"A1","r5","PD","d=3.38",9,0.99713404400023
"A1","r5","PD","d=3.38",9.5,0.997951041656174
"A1","r5","PD","d=3.38",10,0.997557234888769
"A1","r5","PD","d=3.38",10.5,0.995848813500346
"A1","r5","PD","d=3.38",11,0.994197277178985
"A1","r5","PD","d=3.38",11.5,0.993965134003153
"A1","r5","PD","d=3.38",12,0.994935331185855
"A1","r5","PD","d=3.38",12.5,0.996531807419341
"A1","r5","PD","d=3.38",13,0.997343047773733
"A1","r5","PD","d=3.38",13.5,0.996877062223984
"A1","r5","PD","d=3.38",14,0.996443423440531
"A1","r5","PD","d=3.38",14.5,0.996654123030304
"A1","r5","PD","d=3.38",15,0.997033408109696
"A1","r5","PD","d=3.38",15.5,0.997783653149922
"A1","r5","PD","d=3.38",16,0.998181278024891
"A1","r5","PD","d=3.38",16.5,0.99715043032547
"A1","r5","PD","d=3.38",17,0.996155421464493
"A1","r5","PD","d=3.38",17.5,0.995930946968297
"A1","r5","PD","d=3.38",18,0.995846891368859
"A1","r5","PD","d=3.38",18.5,0.996081208840088
"A1","r5","PD","d=3.38",19,0.997368124334323
"A1","r5","PD","d=3.38",19.5,0.997642882544536
"A1","r5","PD","d=3.38",20,0.996889087748782
"A1","r5","PD","d=3.38",20.5,0.996692142685594
"A1","r5","PD","d=3.38",21,0.996744453204144
"A1","r5","PD","d=3.38",21.5,0.997384899135215
"A1","r5","PD","d=3.38",22,0.998413760872027
"A1","r5","PD","d=3.38",22.5,0.998881252194336
"A1","r5","PD","d=3.38",23,0.998561073068298
"A1","r5","PD","d=3.38",23.5,0.99779570889576
"A1","r5","PD","d=3.38",24,0.996936743900065
"A1","r5","PD","d=3.38",24.5,0.997020412297052
"A1","r5","PD","d=3.38",25,0.997076377308244
"A1","r5","PD","d=3.38",25.5,0.997409812198263
"A1","r5","PD","d=3.38",26,0.997766708371249
"A1","r5","PD","d=3.38",26.5,0.997929015090534
"A1","r5","PD","d=3.38",27,0.99746525830224
"A1","r5","PD","d=3.38",27.5,0.996979188161192
"A1","r5","PD","d=3.38",28,0.995506137820836
"A1","r5","PD","d=3.38",28.5,0.995009561365715
"A1","r5","PD","d=3.38",29,0.994915038486796
"A1","r5","PD","d=3.38",29.5,0.995953329046629
"A1","r5","PD","d=3.38",30,0.996520116932848
"A1","r5","NUC","d=4.10",0,6.64185993000931e-18
"A1","r5","NUC","d=4.10",0.5,1.04852822252682e-16
"A1","r5","NUC","d=4.10",1,2.34489573851871e-19
"A1","r5","NUC","d=4.10",1.5,2.26865484954254e-17
"A1","r5","NUC","d=4.10",2,6.65310675377286e-17
"A1","r5","NUC","d=4.10",2.5,6.97625073005123e-17
"A1","r5","NUC","d=4.10",3,0.050151215211064
"A1","r5","NUC","d=4.10",3.5,0.246887935620187
"A1","r5","NUC","d=4.10",4,0.522454793466924
"A1","r5","NUC","d=4.10",4.5,0.804363752318146
"A1","r5","NUC","d=4.10",5,1.01966903030884
"A1","r5","NUC","d=4.10",5.5,1.09981992570339
"A1","r5","NUC","d=4.10",6,1.07117883157088
"A1","r5","NUC","d=4.10",6.5,1.04612540449017
"A1","r5","NUC","d=4.10",7,1.02513625278715
"A1","r5","NUC","d=4.10",7.5,1.00966591130227
"A1","r5","NUC","d=4.10",8,0.998950667251099
"A1","r5","NUC","d=4.10",8.5,0.992255170406595
"A1","r5","NUC","d=4.10",9,0.989832576477459
"A1","r5","NUC","d=4.10",9.5,0.989917019978312
"A1","r5","NUC","d=4.10",10,0.990601453650969
"A1","r5","NUC","d=4.10",10.5,0.991672907429533
"A1","r5","NUC","d=4.10",11,0.992618573593616
"A1","r5","NUC","d=4.10",11.5,0.993100572289559
"A1","r5","NUC","d=4.10",12,0.995346384311652
"A1","r5","NUC","d=4.10",12.5,0.996591538731423
"A1","r5","NUC","d=4.10",13,0.996562355258203
"A1","r5","NUC","d=4.10",13.5,0.99544291525737
"A1","r5","NUC","d=4.10",14,0.994234284266852
"A1","r5","NUC","d=4.10",14.5,0.991967034332037
"A1","r5","NUC","d=4.10",15,0.991157164858944
"A1","r5","NUC","d=4.10",15.5,0.992802699005157
"A1","r5","NUC","d=4.10",16,0.995160857971648
"A1","r5","NUC","d=4.10",16.5,0.99648608620229
"A1","r5","NUC","d=4.10",17,0.997934644791027
"A1","r5","NUC","d=4.10",17.5,0.998687454806825
"A1","r5","NUC","d=4.10",18,0.99825647465886
"A1","r5","NUC","d=4.10",18.5,0.998560249633171
"A1","r5","NUC","d=4.10",19,0.99848401422299
"A1","r5","NUC","d=4.10",19.5,0.996573308114719
"A1","r5","NUC","d=4.10",20,0.995535380635065
"A1","r5","NUC","d=4.10",20.5,0.995394834921395
"A1","r5","NUC","d=4.10",21,0.994184173145774
"A1","r5","NUC","d=4.10",21.5,0.99457799479019
"A1","r5","NUC","d=4.10",22,0.995289449081682
"A1","r5","NUC","d=4.10",22.5,0.995485690013466
"A1","r5","NUC","d=4.10",23,0.996399512899857
"A1","r5","NUC","d=4.10",23.5,0.997000473937383
"A1","r5","NUC","d=4.10",24,0.996612432176314
"A1","r5","NUC","d=4.10",24.5,0.99690124615725
"A1","r5","NUC","d=4.10",25,0.99720270134967
"A1","r5","NUC","d=4.10",25.5,0.997229532729263
"A1","r5","NUC","d=4.10",26,0.997322499704802
"A1","r5","NUC","d=4.10",26.5,0.997300977262995
"A1","r5","NUC","d=4.10",27,0.996813272800576
"A1","r5","NUC","d=4.10",27.5,0.996729105951853
"A1","r5","NUC","d=4.10",28,0.996603553962045
"A1","r5","NUC","d=4.10",28.5,0.997101661828073
"A1","r5","NUC","d=4.10",29,0.997760413599552
"A1","r5","NUC","d=4.10",29.5,0.997783184879128
"A1","r5","NUC","d=4.10",30,0.996906380107669
"A2","r1","CSR","d=0.00",0,1.03987022664125
"A2","r1","CSR","d=0.00",0.5,1.02156264700444
"A2","r1","CSR","d=0.00",1,1.00838906115246
"A2","r1","CSR","d=0.00",1.5,0.997185268368871
"A2","r1","CSR","d=0.00",2,0.996998445802785
"A2","r1","CSR","d=0.00",2.5,0.999276666909469
"A2","r1","CSR","d=0.00",3,0.998724222359852
"A2","r1","CSR","d=0.00",3.5,0.999193001687009
"A2","r1","CSR","d=0.00",4,0.996639407669688
"A2","r1","CSR","d=0.00",4.5,0.994364671971836
"A2","r1","CSR","d=0.00",5,0.995708817338957
"A2","r1","CSR","d=0.00",5.5,0.998679897858021
"A2","r1","CSR","d=0.00",6,1.000482408948
"A2","r1","CSR","d=0.00",6.5,1.00232028794497
"A2","r1","CSR","d=0.00",7,1.0031900503496
"A2","r1","CSR","d=0.00",7.5,1.00377023328604
"A2","r1","CSR","d=0.00",8,1.00355330556694
"A2","r1","CSR","d=0.00",8.5,1.00366406205891
"A2","r1","CSR","d=0.00",9,1.00314487360362
"A2","r1","CSR","d=0.00",9.5,1.00311886004877
"A2","r1","CSR","d=0.00",10,1.00245883323287
"A2","r1","CSR","d=0.00",10.5,1.00288525222588
"A2","r1","CSR","d=0.00",11,1.00273837377355
"A2","r1","CSR","d=0.00",11.5,1.00368408264566
"A2","r1","CSR","d=0.00",12,1.00394422767985
"A2","r1","CSR","d=0.00",12.5,1.0028945517683
"A2","r1","CSR","d=0.00",13,1.000732301795
"A2","r1","CSR","d=0.00",13.5,0.998705304181608
"A2","r1","CSR","d=0.00",14,0.997703739495327
"A2","r1","CSR","d=0.00",14.5,0.997581222321505
"A2","r1","CSR","d=0.00",15,0.998447703443577
"A2","r1","CSR","d=0.00",15.5,0.999339114414793
"A2","r1","CSR","d=0.00",16,0.998300427263
"A2","r1","CSR","d=0.00",16.5,0.996083438594036
"A2","r1","CSR","d=0.00",17,0.996109032547268
"A2","r1","CSR","d=0.00",17.5,0.997517124641343
"A2","r1","CSR","d=0.00",18,0.997999614707895
"A2","r1","CSR","d=0.00",18.5,0.997739581355678
"A2","r1","CSR","d=0.00",19,0.997820042206097
"A2","r1","CSR","d=0.00",19.5,0.99623462718515
"A2","r1","CSR","d=0.00",20,0.995183847177035
"A2","r1","CSR","d=0.00",20.5,0.997344689778412
"A2","r1","CSR","d=0.00",21,0.998780784301934
"A2","r1","CSR","d=0.00",21.5,0.999588463557385
"A2","r1","CSR","d=0.00",22,1.0016676843444
"A2","r1","CSR","d=0.00",22.5,1.00332848578866
"A2","r1","CSR","d=0.00",23,1.00399555994052
"A2","r1","CSR","d=0.00",23.5,1.00475008449515
"A2","r1","CSR","d=0.00",24,1.00483780422197
"A2","r1","CSR","d=0.00",24.5,1.00379092185352
"A2","r1","CSR","d=0.00",25,1.00358674788833
"A2","r1","CSR","d=0.00",25.5,1.00332066908689
"A2","r1","CSR","d=0.00",26,1.00206700869613
"A2","r1","CSR","d=0.00",26.5,1.00008283200511
"A2","r1","CSR","d=0.00",27,0.997829415925024
"A2","r1","CSR","d=0.00",27.5,0.996135474754222
"A2","r1","CSR","d=0.00",28,0.995604769799325
"A2","r1","CSR","d=0.00",28.5,0.996664408712008
"A2","r1","CSR","d=0.00",29,0.998232765706849
"A2","r1","CSR","d=0.00",29.5,0.998940216349177
"A2","r1","CSR","d=0.00",30,0.999468815771982
"A2","r1","PD","d=3.98",0,9.07350019189648e-17
"A2","r1","PD","d=3.98",0.5,1.01980250755621e-19
"A2","r1","PD","d=3.98",1,2.741986467628e-17
"A2","r1","PD","d=3.98",1.5,1.03507755442552e-16
"A2","r1","PD","d=3.98",2,1.08764027884504e-16
"A2","r1","PD","d=3.98",2.5,0.00491628383393645
"A2","r1","PD","d=3.98",3,0.110399967528284
"A2","r1","PD","d=3.98",3.5,0.313110583615045
"A2","r1","PD","d=3.98",4,0.559166193197328
"A2","r1","PD","d=3.98",4.5,0.799427494814234
"A2","r1","PD","d=3.98",5,0.983154133376587
"A2","r1","PD","d=3.98",5.5,1.05947834677766
"A2","r1","PD","d=3.98",6,1.0444529042404
"A2","r1","PD","d=3.98",6.5,1.02963824976519
"A2","r1","PD","d=3.98",7,1.01539854922243
"A2","r1","PD","d=3.98",7.5,1.00390070040153
"A2","r1","PD","d=3.98",8,0.997358275924027
"A2","r1","PD","d=3.98",8.5,0.99505488755893
"A2","r1","PD","d=3.98",9,0.996040046877062
"A2","r1","PD","d=3.98",9.5,0.997918096887449
"A2","r1","PD","d=3.98",10,0.998987627393168
"A2","r1","PD","d=3.98",10.5,0.998732448463307
"A2","r1","PD","d=3.98",11,0.997495228588193
"A2","r1","PD","d=3.98",11.5,0.996062607700035
"A2","r1","PD","d=3.98",12,0.995025340323529
"A2","r1","PD","d=3.98",12.5,0.995577739510408
"A2","r1","PD","d=3.98",13,0.997108057145404
"A2","r1","PD","d=3.98",13.5,0.99742839707196
"A2","r1","PD","d=3.98",14,0.997050729106202
"A2","r1","PD","d=3.98",14.5,0.997081570035752
"A2","r1","PD","d=3.98",15,0.996913828286607
"A2","r1","PD","d=3.98",15.5,0.997848497260647
"A2","r1","PD","d=3.98",16,1.00009252854171
"A2","r1","PD","d=3.98",16.5,1.00180452774042
"A2","r1","PD","d=3.98",17,1.0013541086721
"A2","r1","PD","d=3.98",17.5,1.0000342351991
"A2","r1","PD","d=3.98",18,0.99793428112016
"A2","r1","PD","d=3.98",18.5,0.995682949188885
"A2","r1","PD","d=3.98",19,0.99377409186597
"A2","r1","PD","d=3.98",19.5,0.993699132082719
"A2","r1","PD","d=3.98",20,0.99505184445741
"A2","r1","PD","d=3.98",20.5,0.996360144300936
"A2","r1","PD","d=3.98",21,0.998579148377102
"A2","r1","PD","d=3.98",21.5,0.9997827777912
"A2","r1","PD","d=3.98",22,0.999183397323012
"A2","r1","PD","d=3.98",22.5,0.997638560067921
"A2","r1","PD","d=3.98",23,0.996923159054044
"A2","r1","PD","d=3.98",23.5,0.996229649067284
"A2","r1","PD","d=3.98",24,0.996613733799687
"A2","r1","PD","d=3.98",24.5,0.997513464727257
"A2","r1","PD","d=3.98",25,0.999023423698145
"A2","r1","PD","d=3.98",25.5,0.999057374333111
"A2","r1","PD","d=3.98",26,0.999540554162267
"A2","r1","PD","d=3.98",26.5,0.998255058732998
"A2","r1","PD","d=3.98",27,0.997848308959988
"A2","r1","PD","d=3.98",27.5,0.99738281717013
"A2","r1","PD","d=3.98",28,0.997669881890716
"A2","r1","PD","d=3.98",28.5,0.997887679343138
"A2","r1","PD","d=3.98",29,0.997585289989027
"A2","r1","PD","d=3.98",29.5,0.99681541183932
"A2","r1","PD","d=3.98",30,0.995837229426699
"A2","r1","NUC","d=6.30",0,1.0606348005721e-16
"A2","r1","NUC","d=6.30",0.5,9.28824429839185e-18
"A2","r1","NUC","d=6.30",1,4.31187388429471e-17
"A2","r1","NUC","d=6.30",1.5,1.01983119016638e-16
"A2","r1","NUC","d=6.30",2,7.62909704055538e-17
"A2","r1","NUC","d=6.30",2.5,1.2336905226526e-16
"A2","r1","NUC","d=6.30",3,0
"A2","r1","NUC","d=6.30",3.5,1.73417426708856e-17
"A2","r1","NUC","d=6.30",4,0
"A2","r1","NUC","d=6.30",4.5,3.59482405786046e-19
"A2","r1","NUC","d=6.30",5,0.0354706866454125
"A2","r1","NUC","d=6.30",5.5,0.21769655231761
"A2","r1","NUC","d=6.30",6,0.49368038567615
"A2","r1","NUC","d=6.30",6.5,0.795298443310568
"A2","r1","NUC","d=6.30",7,1.05660342827082
"A2","r1","NUC","d=6.30",7.5,1.21877679626751
"A2","r1","NUC","d=6.30",8,1.22675826955392
"A2","r1","NUC","d=6.30",8.5,1.1774856537405
"A2","r1","NUC","d=6.30",9,1.13171015143247
"A2","r1","NUC","d=6.30",9.5,1.09065996510121
"A2","r1","NUC","d=6.30",10,1.0530254477363
"A2","r1","NUC","d=6.30",10.5,1.02073007392277
"A2","r1","NUC","d=6.30",11,0.995516864243211
"A2","r1","NUC","d=6.30",11.5,0.977329031503643
"A2","r1","NUC","d=6.30",12,0.965662920075126
"A2","r1","NUC","d=6.30",12.5,0.960841339883751
"A2","r1","NUC","d=6.30",13,0.962928918074803
"A2","r1","NUC","d=6.30",13.5,0.967096490109338
"A2","r1","NUC","d=6.30",14,0.973023632113188
"A2","r1","NUC","d=6.30",14.5,0.977694668149114
"A2","r1","NUC","d=6.30",15,0.981739240965078
"A2","r1","NUC","d=6.30",15.5,0.985910287123367
"A2","r1","NUC","d=6.30",16,0.989726636525292
"A2","r1","NUC","d=6.30",16.5,0.99244789199156
"A2","r1","NUC","d=6.30",17,0.993849272124357
"A2","r1","NUC","d=6.30",17.5,0.993192113593739
"A2","r1","NUC","d=6.30",18,0.991631970682462
"A2","r1","NUC","d=6.30",18.5,0.989507290848928
"A2","r1","NUC","d=6.30",19,0.988428271102658
"A2","r1","NUC","d=6.30",19.5,0.98688510054655
"A2","r1","NUC","d=6.30",20,0.987965024559867
"A2","r1","NUC","d=6.30",20.5,0.98965094713892
"A2","r1","NUC","d=6.30",21,0.990270490579323
"A2","r1","NUC","d=6.30",21.5,0.990190698503221
"A2","r1","NUC","d=6.30",22,0.988322274147319
"A2","r1","NUC","d=6.30",22.5,0.986589714465289
"A2","r1","NUC","d=6.30",23,0.985606552884365
"A2","r1","NUC","d=6.30",23.5,0.986786987929977
"A2","r1","NUC","d=6.30",24,0.987271104263659
"A2","r1","NUC","d=6.30",24.5,0.987822929329546
"A2","r1","NUC","d=6.30",25,0.987139220119352
"A2","r1","NUC","d=6.30",25.5,0.98650471017132
"A2","r1","NUC","d=6.30",26,0.985672600044185
"A2","r1","NUC","d=6.30",26.5,0.986678517141557
"A2","r1","NUC","d=6.30",27,0.987783995063791
"A2","r1","NUC","d=6.30",27.5,0.988947878083723
"A2","r1","NUC","d=6.30",28,0.989441583895839
"A2","r1","NUC","d=6.30",28.5,0.989441408999815
"A2","r1","NUC","d=6.30",29,0.988806018969049
"A2","r1","NUC","d=6.30",29.5,0.989549058506997
"A2","r1","NUC","d=6.30",30,0.990355440564616
"A2","r2","CSR","d=0.00",0,0.968982368179475
"A2","r2","CSR","d=0.00",0.5,0.981731555408823
"A2","r2","CSR","d=0.00",1,0.988465312549392
"A2","r2","CSR","d=0.00",1.5,0.997303719359466
"A2","r2","CSR","d=0.00",2,1.0023792887964
"A2","r2","CSR","d=0.00",2.5,0.999274942003921
"A2","r2","CSR","d=0.00",3,0.995912017073263
"A2","r2","CSR","d=0.00",3.5,0.996169387234673
"A2","r2","CSR","d=0.00",4,0.997124038444138
"A2","r2","CSR","d=0.00",4.5,0.99545958773692
"A2","r2","CSR","d=0.00",5,0.997063097195297
"A2","r2","CSR","d=0.00",5.5,0.999125652469519
"A2","r2","CSR","d=0.00",6,1.00029414905884
"A2","r2","CSR","d=0.00",6.5,1.00053958586007
"A2","r2","CSR","d=0.00",7,1.00234372741468
"A2","r2","CSR","d=0.00",7.5,1.00392830048367
"A2","r2","CSR","d=0.00",8,1.00280846919849
"A2","r2","CSR","d=0.00",8.5,1.00094778806708
"A2","r2","CSR","d=0.00",9,0.99962939162804
"A2","r2","CSR","d=0.00",9.5,0.999532958143607
"A2","r2","CSR","d=0.00",10,1.00076212316989
"A2","r2","CSR","d=0.00",10.5,1.0029305839169
"A2","r2","CSR","d=0.00",11,1.00436289384981
"A2","r2","CSR","d=0.00",11.5,1.00403323917699
"A2","r2","CSR","d=0.00",12,1.00236456129723
"A2","r2","CSR","d=0.00",12.5,0.999200018626388
"A2","r2","CSR","d=0.00",13,0.996800119427901
"A2","r2","CSR","d=0.00",13.5,0.995691175565744
"A2","r2","CSR","d=0.00",14,0.995754038615338
"A2","r2","CSR","d=0.00",14.5,0.996352886768636
"A2","r2","CSR","d=0.00",15,0.997611401345111
"A2","r2","CSR","d=0.00",15.5,0.998451017053832
"A2","r2","CSR","d=0.00",16,0.999490827490011
"A2","r2","CSR","d=0.00",16.5,1.0006738907314
"A2","r2","CSR","d=0.00",17,1.00091586517918
"A2","r2","CSR","d=0.00",17.5,1.00040132283368
"A2","r2","CSR","d=0.00",18,0.998930033296418
"A2","r2","CSR","d=0.00",18.5,0.997696951426235
"A2","r2","CSR","d=0.00",19,0.996486092121714
"A2","r2","CSR","d=0.00",19.5,0.997375251541278
"A2","r2","CSR","d=0.00",20,0.998767619223874
"A2","r2","CSR","d=0.00",20.5,0.999921238768615
"A2","r2","CSR","d=0.00",21,1.00100536111259
"A2","r2","CSR","d=0.00",21.5,1.00071865751026
"A2","r2","CSR","d=0.00",22,1.00072343537025
"A2","r2","CSR","d=0.00",22.5,1.0011790911198
"A2","r2","CSR","d=0.00",23,1.00169988640914
"A2","r2","CSR","d=0.00",23.5,1.00121861803124
"A2","r2","CSR","d=0.00",24,1.00036008126239
"A2","r2","CSR","d=0.00",24.5,1.00033220510992
"A2","r2","CSR","d=0.00",25,0.999079479596969
"A2","r2","CSR","d=0.00",25.5,0.99854667652284
"A2","r2","CSR","d=0.00",26,0.998732752270952
"A2","r2","CSR","d=0.00",26.5,0.998459129100074
"A2","r2","CSR","d=0.00",27,0.998180170634215
"A2","r2","CSR","d=0.00",27.5,0.998248460938414
"A2","r2","CSR","d=0.00",28,0.999535445939907
"A2","r2","CSR","d=0.00",28.5,1.00065583264534
"A2","r2","CSR","d=0.00",29,1.00137136883323
"A2","r2","CSR","d=0.00",29.5,1.00163774507428
"A2","r2","CSR","d=0.00",30,1.00059201212787
"A2","r2","PD","d=3.98",0,1.05806282027723e-16
"A2","r2","PD","d=3.98",0.5,2.57946392554389e-18
"A2","r2","PD","d=3.98",1,2.64622972955706e-17
"A2","r2","PD","d=3.98",1.5,4.15347146400926e-17
"A2","r2","PD","d=3.98",2,9.72761106445801e-17
"A2","r2","PD","d=3.98",2.5,0.0117099761707173
"A2","r2","PD","d=3.98",3,0.124611786038845
"A2","r2","PD","d=3.98",3.5,0.321250933639019
"A2","r2","PD","d=3.98",4,0.556227030335438
"A2","r2","PD","d=3.98",4.5,0.786787611062186
"A2","r2","PD","d=3.98",5,0.969270127682138
"A2","r2","PD","d=3.98",5.5,1.06001911115403
"A2","r2","PD","d=3.98",6,1.05196533086545
"A2","r2","PD","d=3.98",6.5,1.03608143838109
"A2","r2","PD","d=3.98",7,1.02163399115973
"A2","r2","PD","d=3.98",7.5,1.00906760218734
"A2","r2","PD","d=3.98",8,1.0004390685238
"A2","r2","PD","d=3.98",8.5,0.996672652723492
"A2","r2","PD","d=3.98",9,0.995892036351639
"A2","r2","PD","d=3.98",9.5,0.995190332571874
"A2","r2","PD","d=3.98",10,0.995162530713307
"A2","r2","PD","d=3.98",10.5,0.995894980552887
"A2","r2","PD","d=3.98",11,0.996530834492844
"A2","r2","PD","d=3.98",11.5,0.996598870067467
"A2","r2","PD","d=3.98",12,0.998733610514255
"A2","r2","PD","d=3.98",12.5,0.999280116607649
"A2","r2","PD","d=3.98",13,0.997861182695916
"A2","r2","PD","d=3.98",13.5,0.997725951622623
"A2","r2","PD","d=3.98",14,0.997794746227715
"A2","r2","PD","d=3.98",14.5,0.99800686451537
"A2","r2","PD","d=3.98",15,0.998544073801144
"A2","r2","PD","d=3.98",15.5,1.00031542944771
"A2","r2","PD","d=3.98",16,1.00045091842838
"A2","r2","PD","d=3.98",16.5,0.999864525400872
"A2","r2","PD","d=3.98",17,0.99960916437669
"A2","r2","PD","d=3.98",17.5,0.999005699132564
"A2","r2","PD","d=3.98",18,0.998504017138977
"A2","r2","PD","d=3.98",18.5,0.997408784196758
"A2","r2","PD","d=3.98",19,0.996439471046916
"A2","r2","PD","d=3.98",19.5,0.995818665870259
"A2","r2","PD","d=3.98",20,0.996191106760967
"A2","r2","PD","d=3.98",20.5,0.997653697341576
"A2","r2","PD","d=3.98",21,0.998875949318123
"A2","r2","PD","d=3.98",21.5,1.00061858773131
"A2","r2","PD","d=3.98",22,1.0009073606491
"A2","r2","PD","d=3.98",22.5,1.00007056396778
"A2","r2","PD","d=3.98",23,0.998830669668251
"A2","r2","PD","d=3.98",23.5,0.997574168431292
"A2","r2","PD","d=3.98",24,0.996438604980812
"A2","r2","PD","d=3.98",24.5,0.995694307958283
"A2","r2","PD","d=3.98",25,0.99553026280104
"A2","r2","PD","d=3.98",25.5,0.99626347739577
"A2","r2","PD","d=3.98",26,0.996813448833221
"A2","r2","PD","d=3.98",26.5,0.99769047275902
"A2","r2","PD","d=3.98",27,0.998698631599389
"A2","r2","PD","d=3.98",27.5,0.999727705626119
"A2","r2","PD","d=3.98",28,1.0003631216876
"A2","r2","PD","d=3.98",28.5,1.00041361842393
"A2","r2","PD","d=3.98",29,1.00021442122934
"A2","r2","PD","d=3.98",29.5,0.999324339360079
"A2","r2","PD","d=3.98",30,0.998486679920257
"A2","r2","NUC","d=6.30",0,1.43179690363215e-16
"A2","r2","NUC","d=6.30",0.5,1.53965261440789e-17
"A2","r2","NUC","d=6.30",1,4.64723640818843e-17
"A2","r2","NUC","d=6.30",1.5,9.4058076130656e-18
"A2","r2","NUC","d=6.30",2,5.80458535969304e-17
"A2","r2","NUC","d=6.30",2.5,1.50462991228275e-16
"A2","r2","NUC","d=6.30",3,6.15078139661675e-18
"A2","r2","NUC","d=6.30",3.5,2.44783201097898e-17
"A2","r2","NUC","d=6.30",4,0
"A2","r2","NUC","d=6.30",4.5,5.35988877817262e-19
"A2","r2","NUC","d=6.30",5,0.0525621311501449
"A2","r2","NUC","d=6.30",5.5,0.24238515872022
"A2","r2","NUC","d=6.30",6,0.509648303407284
"A2","r2","NUC","d=6.30",6.5,0.796309156159289
"A2","r2","NUC","d=6.30",7,1.04747062330099
"A2","r2","NUC","d=6.30",7.5,1.20912411511068
"A2","r2","NUC","d=6.30",8,1.23254560317814
"A2","r2","NUC","d=6.30",8.5,1.18040686839899
"A2","r2","NUC","d=6.30",9,1.13568852603506
"A2","r2","NUC","d=6.30",9.5,1.09423867830432
"A2","r2","NUC","d=6.30",10,1.05783360657746
"A2","r2","NUC","d=6.30",10.5,1.02770297942887
"A2","r2","NUC","d=6.30",11,1.00384306562111
"A2","r2","NUC","d=6.30",11.5,0.986108280882625
"A2","r2","NUC","d=6.30",12,0.974687567590435
"A2","r2","NUC","d=6.30",12.5,0.969570389294398
"A2","r2","NUC","d=6.30",13,0.968535946000802
"A2","r2","NUC","d=6.30",13.5,0.969555484853654
"A2","r2","NUC","d=6.30",14,0.974449454730573
"A2","r2","NUC","d=6.30",14.5,0.980198059278785
"A2","r2","NUC","d=6.30",15,0.985504870675685
"A2","r2","NUC","d=6.30",15.5,0.990085292357718
"A2","r2","NUC","d=6.30",16,0.994905367923832
"A2","r2","NUC","d=6.30",16.5,0.997823838634842
"A2","r2","NUC","d=6.30",17,0.998926070224109
"A2","r2","NUC","d=6.30",17.5,0.999047540190018
"A2","r2","NUC","d=6.30",18,0.998124217360476
"A2","r2","NUC","d=6.30",18.5,0.996056872640585
"A2","r2","NUC","d=6.30",19,0.993584746067661
"A2","r2","NUC","d=6.30",19.5,0.991766767588072
"A2","r2","NUC","d=6.30",20,0.99036776301972
"A2","r2","NUC","d=6.30",20.5,0.99017319771813
"A2","r2","NUC","d=6.30",21,0.990213429799464
"A2","r2","NUC","d=6.30",21.5,0.991274556934861
"A2","r2","NUC","d=6.30",22,0.991708578659587
"A2","r2","NUC","d=6.30",22.5,0.992487680832383
"A2","r2","NUC","d=6.30",23,0.992710145309441
"A2","r2","NUC","d=6.30",23.5,0.992652001983907
"A2","r2","NUC","d=6.30",24,0.992587994753892
"A2","r2","NUC","d=6.30",24.5,0.992594040735769
"A2","r2","NUC","d=6.30",25,0.992927437851664
"A2","r2","NUC","d=6.30",25.5,0.992815704310803
"A2","r2","NUC","d=6.30",26,0.993100762434714
"A2","r2","NUC","d=6.30",26.5,0.992578363706388
"A2","r2","NUC","d=6.30",27,0.992593422576522
"A2","r2","NUC","d=6.30",27.5,0.992727671456064
"A2","r2","NUC","d=6.30",28,0.993811190717867
"A2","r2","NUC","d=6.30",28.5,0.994112951387513
"A2","r2","NUC","d=6.30",29,0.994791819074038
"A2","r2","NUC","d=6.30",29.5,0.99502344993849
"A2","r2","NUC","d=6.30",30,0.993893941294974
"A2","r3","CSR","d=0.00",0,1.06370655268839
"A2","r3","CSR","d=0.00",0.5,1.04331513581175
"A2","r3","CSR","d=0.00",1,1.02496300785533
"A2","r3","CSR","d=0.00",1.5,1.0073747647175
"A2","r3","CSR","d=0.00",2,0.994657182844618
"A2","r3","CSR","d=0.00",2.5,0.99389451965922
"A2","r3","CSR","d=0.00",3,0.992683980911138
"A2","r3","CSR","d=0.00",3.5,0.993302212765816
"A2","r3","CSR","d=0.00",4,0.993050003052053
"A2","r3","CSR","d=0.00",4.5,0.991873783495893
"A2","r3","CSR","d=0.00",5,0.992128429529178
"A2","r3","CSR","d=0.00",5.5,0.995755572356804
"A2","r3","CSR","d=0.00",6,0.999380095303237
"A2","r3","CSR","d=0.00",6.5,1.00436247602373
"A2","r3","CSR","d=0.00",7,1.00733235963032
"A2","r3","CSR","d=0.00",7.5,1.00801923730724
"A2","r3","CSR","d=0.00",8,1.00603224259225
"A2","r3","CSR","d=0.00",8.5,1.00412187614665
"A2","r3","CSR","d=0.00",9,1.00244067894221
"A2","r3","CSR","d=0.00",9.5,1.00040668945239
"A2","r3","CSR","d=0.00",10,0.999358039132161
"A2","r3","CSR","d=0.00",10.5,0.99879383947114
"A2","r3","CSR","d=0.00",11,0.998556361277016
"A2","r3","CSR","d=0.00",11.5,0.997926061605662
"A2","r3","CSR","d=0.00",12,0.997095579024429
"A2","r3","CSR","d=0.00",12.5,0.995512694929777
"A2","r3","CSR","d=0.00",13,0.994269306481815
"A2","r3","CSR","d=0.00",13.5,0.994715156632872
"A2","r3","CSR","d=0.00",14,0.995270252539295
"A2","r3","CSR","d=0.00",14.5,0.995973443943051
"A2","r3","CSR","d=0.00",15,0.997693930617502
"A2","r3","CSR","d=0.00",15.5,0.999101685818848
"A2","r3","CSR","d=0.00",16,0.999330013923365
"A2","r3","CSR","d=0.00",16.5,0.998908223128513
"A2","r3","CSR","d=0.00",17,0.999078050971791
"A2","r3","CSR","d=0.00",17.5,0.999729791029563
"A2","r3","CSR","d=0.00",18,1.00013562915091
"A2","r3","CSR","d=0.00",18.5,1.0006796749387
"A2","r3","CSR","d=0.00",19,1.00074350145445
"A2","r3","CSR","d=0.00",19.5,1.00062700740658
"A2","r3","CSR","d=0.00",20,0.998865620020693
"A2","r3","CSR","d=0.00",20.5,0.996433955277562
"A2","r3","CSR","d=0.00",21,0.995108631329006
"A2","r3","CSR","d=0.00",21.5,0.99444791452514
"A2","r3","CSR","d=0.00",22,0.993902624330447
"A2","r3","CSR","d=0.00",22.5,0.994357112192009
"A2","r3","CSR","d=0.00",23,0.996174790515179
"A2","r3","CSR","d=0.00",23.5,0.99689541867295
"A2","r3","CSR","d=0.00",24,0.996743767787943
"A2","r3","CSR","d=0.00",24.5,0.996958328889543
"A2","r3","CSR","d=0.00",25,0.996742336958929
"A2","r3","CSR","d=0.00",25.5,0.996594839581602
"A2","r3","CSR","d=0.00",26,0.997404173600844
"A2","r3","CSR","d=0.00",26.5,0.999446064947821
"A2","r3","CSR","d=0.00",27,1.00074679555382
"A2","r3","CSR","d=0.00",27.5,1.00177786710557
"A2","r3","CSR","d=0.00",28,1.00281892245198
"A2","r3","CSR","d=0.00",28.5,1.00254812205354
"A2","r3","CSR","d=0.00",29,1.00225521601466
"A2","r3","CSR","d=0.00",29.5,1.00153857674281
"A2","r3","CSR","d=0.00",30,1.00079010877681
"A2","r3","PD","d=3.98",0,1.09473478850286e-16
"A2","r3","PD","d=3.98",0.5,8.27749189810203e-18
"A2","r3","PD","d=3.98",1,2.43431882647072e-17
"A2","r3","PD","d=3.98",1.5,2.58249906094253e-17
"A2","r3","PD","d=3.98",2,7.9233500532425e-17
"A2","r3","PD","d=3.98",2.5,0.0123570810025435
"A2","r3","PD","d=3.98",3,0.125780074327671
"A2","r3","PD","d=3.98",3.5,0.323189475581322
"A2","r3","PD","d=3.98",4,0.558425009790486
"A2","r3","PD","d=3.98",4.5,0.785862879551726
"A2","r3","PD","d=3.98",5,0.96410336334519
"A2","r3","PD","d=3.98",5.5,1.05125014694263
"A2","r3","PD","d=3.98",6,1.0406953944691
"A2","r3","PD","d=3.98",6.5,1.02324441775835
"A2","r3","PD","d=3.98",7,1.00930987914802
"A2","r3","PD","d=3.98",7.5,1.00006779127639
"A2","r3","PD","d=3.98",8,0.995743429736275
"A2","r3","PD","d=3.98",8.5,0.993838376918805
"A2","r3","PD","d=3.98",9,0.993334435883132
"A2","r3","PD","d=3.98",9.5,0.995166867588376
"A2","r3","PD","d=3.98",10,0.997033278544943
"A2","r3","PD","d=3.98",10.5,0.997499022926812
"A2","r3","PD","d=3.98",11,0.997936948818643
"A2","r3","PD","d=3.98",11.5,0.999409633710815
"A2","r3","PD","d=3.98",12,0.999464155770941
"A2","r3","PD","d=3.98",12.5,0.997969349641434
"A2","r3","PD","d=3.98",13,0.996580094979206
"A2","r3","PD","d=3.98",13.5,0.994760259793761
"A2","r3","PD","d=3.98",14,0.99437150910984
"A2","r3","PD","d=3.98",14.5,0.994652009822597
"A2","r3","PD","d=3.98",15,0.99412590387091
"A2","r3","PD","d=3.98",15.5,0.994289026277347
"A2","r3","PD","d=3.98",16,0.995003026241571
"A2","r3","PD","d=3.98",16.5,0.995294574026096
"A2","r3","PD","d=3.98",17,0.994573156596301
"A2","r3","PD","d=3.98",17.5,0.994645240640469
"A2","r3","PD","d=3.98",18,0.996555864376701
"A2","r3","PD","d=3.98",18.5,0.997704938927274
"A2","r3","PD","d=3.98",19,0.998352312228363
"A2","r3","PD","d=3.98",19.5,0.998977529124811
"A2","r3","PD","d=3.98",20,0.999692686664888
"A2","r3","PD","d=3.98",20.5,0.99961512734501
"A2","r3","PD","d=3.98",21,0.998607675205533
"A2","r3","PD","d=3.98",21.5,0.998565039454922
"A2","r3","PD","d=3.98",22,0.998142990309385
"A2","r3","PD","d=3.98",22.5,0.997726320188717
"A2","r3","PD","d=3.98",23,0.997201110942368
"A2","r3","PD","d=3.98",23.5,0.997027317532387
"A2","r3","PD","d=3.98",24,0.997039743628605
"A2","r3","PD","d=3.98",24.5,0.997511395252845
"A2","r3","PD","d=3.98",25,0.997457163205291
"A2","r3","PD","d=3.98",25.5,0.996252017232645
"A2","r3","PD","d=3.98",26,0.996165712117952
"A2","r3","PD","d=3.98",26.5,0.996073779404747
"A2","r3","PD","d=3.98",27,0.995968101296221
"A2","r3","PD","d=3.98",27.5,0.996592687011458
"A2","r3","PD","d=3.98",28,0.998970265176448
"A2","r3","PD","d=3.98",28.5,1.00091992409866
"A2","r3","PD","d=3.98",29,1.00157048911408
"A2","r3","PD","d=3.98",29.5,1.00227126113277
"A2","r3","PD","d=3.98",30,1.00236205684449
"A2","r3","NUC","d=6.30",0,1.87941838258494e-16
"A2","r3","NUC","d=6.30",0.5,3.66964336543881e-17
"A2","r3","NUC","d=6.30",1,1.104066504519e-16
"A2","r3","NUC","d=6.30",1.5,5.17094335339578e-17
"A2","r3","NUC","d=6.30",2,1.19910192654731e-16
"A2","r3","NUC","d=6.30",2.5,1.75442620458914e-16
"A2","r3","NUC","d=6.30",3,1.0952530529301e-17
"A2","r3","NUC","d=6.30",3.5,5.6588369421394e-17
"A2","r3","NUC","d=6.30",4,0
"A2","r3","NUC","d=6.30",4.5,1.50837036721031e-18
"A2","r3","NUC","d=6.30",5,0.0526844908004396
"A2","r3","NUC","d=6.30",5.5,0.2402385989008
"A2","r3","NUC","d=6.30",6,0.504335446915951
"A2","r3","NUC","d=6.30",6.5,0.788801197919459
"A2","r3","NUC","d=6.30",7,1.03858917862156
"A2","r3","NUC","d=6.30",7.5,1.20072426286371
"A2","r3","NUC","d=6.30",8,1.22678300972211
"A2","r3","NUC","d=6.30",8.5,1.17505833984443
"A2","r3","NUC","d=6.30",9,1.12905863566262
"A2","r3","NUC","d=6.30",9.5,1.08651809777692
"A2","r3","NUC","d=6.30",10,1.04928583383617
"A2","r3","NUC","d=6.30",10.5,1.01900762920124
"A2","r3","NUC","d=6.30",11,0.995437949294727
"A2","r3","NUC","d=6.30",11.5,0.979633135380993
"A2","r3","NUC","d=6.30",12,0.969672938337832
"A2","r3","NUC","d=6.30",12.5,0.965651263550866
"A2","r3","NUC","d=6.30",13,0.965873039867425
"A2","r3","NUC","d=6.30",13.5,0.96917307937227
"A2","r3","NUC","d=6.30",14,0.974882126597338
"A2","r3","NUC","d=6.30",14.5,0.98039521653084
"A2","r3","NUC","d=6.30",15,0.985202502637351
"A2","r3","NUC","d=6.30",15.5,0.987976641894183
"A2","r3","NUC","d=6.30",16,0.988958544832535
"A2","r3","NUC","d=6.30",16.5,0.988620379861169
"A2","r3","NUC","d=6.30",17,0.987955995878326
"A2","r3","NUC","d=6.30",17.5,0.987582958764314
"A2","r3","NUC","d=6.30",18,0.987835811348968
"A2","r3","NUC","d=6.30",18.5,0.988588405417914
"A2","r3","NUC","d=6.30",19,0.988932805162264
"A2","r3","NUC","d=6.30",19.5,0.988749429012801
"A2","r3","NUC","d=6.30",20,0.988195813866249
"A2","r3","NUC","d=6.30",20.5,0.987342293362238
"A2","r3","NUC","d=6.30",21,0.986583540513665
"A2","r3","NUC","d=6.30",21.5,0.986325260886233
"A2","r3","NUC","d=6.30",22,0.986864940394264
"A2","r3","NUC","d=6.30",22.5,0.987044173665784
"A2","r3","NUC","d=6.30",23,0.987730514778025
"A2","r3","NUC","d=6.30",23.5,0.989078896002848
"A2","r3","NUC","d=6.30",24,0.990178941755807
"A2","r3","NUC","d=6.30",24.5,0.991467765983343
"A2","r3","NUC","d=6.30",25,0.991661020232131
"A2","r3","NUC","d=6.30",25.5,0.992138349791327
"A2","r3","NUC","d=6.30",26,0.991246092895707
"A2","r3","NUC","d=6.30",26.5,0.990024293157278
"A2","r3","NUC","d=6.30",27,0.988616103403784
"A2","r3","NUC","d=6.30",27.5,0.987674445455429
"A2","r3","NUC","d=6.30",28,0.987399839654877
"A2","r3","NUC","d=6.30",28.5,0.987308225396482
"A2","r3","NUC","d=6.30",29,0.988092754292547
"A2","r3","NUC","d=6.30",29.5,0.988611297544603
"A2","r3","NUC","d=6.30",30,0.988559834376629
"A2","r4","CSR","d=0.00",0,1.03460755851273
"A2","r4","CSR","d=0.00",0.5,1.02274716559407
"A2","r4","CSR","d=0.00",1,1.01412870189933
"A2","r4","CSR","d=0.00",1.5,1.00723210692177
"A2","r4","CSR","d=0.00",2,1.00254434719574
"A2","r4","CSR","d=0.00",2.5,1.00368445922148
"A2","r4","CSR","d=0.00",3,1.00309460845604
"A2","r4","CSR","d=0.00",3.5,1.00133740285297
"A2","r4","CSR","d=0.00",4,0.999309769242946
"A2","r4","CSR","d=0.00",4.5,0.998522950560711
"A2","r4","CSR","d=0.00",5,0.998882978652856
"A2","r4","CSR","d=0.00",5.5,1.00005371909049
"A2","r4","CSR","d=0.00",6,1.00142399872533
"A2","r4","CSR","d=0.00",6.5,1.00218337550221
"A2","r4","CSR","d=0.00",7,1.00063451546867
"A2","r4","CSR","d=0.00",7.5,0.999824166071704
"A2","r4","CSR","d=0.00",8,0.999082849134711
"A2","r4","CSR","d=0.00",8.5,0.997184955269832
"A2","r4","CSR","d=0.00",9,0.996234398350696
"A2","r4","CSR","d=0.00",9.5,0.996324478117556
"A2","r4","CSR","d=0.00",10,0.996760098828655
"A2","r4","CSR","d=0.00",10.5,0.996783694068973
"A2","r4","CSR","d=0.00",11,0.997798574481886
"A2","r4","CSR","d=0.00",11.5,0.998616118534373
"A2","r4","CSR","d=0.00",12,0.998814763711749
"A2","r4","CSR","d=0.00",12.5,1.00000015442215
"A2","r4","CSR","d=0.00",13,1.00059234916405
"A2","r4","CSR","d=0.00",13.5,1.00170792524611
"A2","r4","CSR","d=0.00",14,1.00262772946941
"A2","r4","CSR","d=0.00",14.5,1.0027353467648
"A2","r4","CSR","d=0.00",15,1.00191424577205
"A2","r4","CSR","d=0.00",15.5,1.00120227635947
"A2","r4","CSR","d=0.00",16,1.00137126941267
"A2","r4","CSR","d=0.00",16.5,1.00047829131815
"A2","r4","CSR","d=0.00",17,0.999708155664054
"A2","r4","CSR","d=0.00",17.5,0.998482986924165
"A2","r4","CSR","d=0.00",18,0.997878691938596
"A2","r4","CSR","d=0.00",18.5,0.997120871116742
"A2","r4","CSR","d=0.00",19,0.997049591214656
"A2","r4","CSR","d=0.00",19.5,0.997910445025137
"A2","r4","CSR","d=0.00",20,0.998575998999882
"A2","r4","CSR","d=0.00",20.5,0.999097401036446
"A2","r4","CSR","d=0.00",21,0.998935868443948
"A2","r4","CSR","d=0.00",21.5,0.998671138606076
"A2","r4","CSR","d=0.00",22,0.998824837337006
"A2","r4","CSR","d=0.00",22.5,0.999039003734685
"A2","r4","CSR","d=0.00",23,0.999690789652654
"A2","r4","CSR","d=0.00",23.5,1.00022994776315
"A2","r4","CSR","d=0.00",24,1.0011695034947
"A2","r4","CSR","d=0.00",24.5,1.00214334321173
"A2","r4","CSR","d=0.00",25,1.0028699620524
"A2","r4","CSR","d=0.00",25.5,1.00315570094828
"A2","r4","CSR","d=0.00",26,1.00234718278402
"A2","r4","CSR","d=0.00",26.5,1.00187234150419
"A2","r4","CSR","d=0.00",27,1.00126727126085
"A2","r4","CSR","d=0.00",27.5,1.0005677827297
"A2","r4","CSR","d=0.00",28,1.00010793736924
"A2","r4","CSR","d=0.00",28.5,0.999938682772226
"A2","r4","CSR","d=0.00",29,0.9995615022708
"A2","r4","CSR","d=0.00",29.5,0.998638108221765
"A2","r4","CSR","d=0.00",30,0.997526766098653
"A2","r4","PD","d=3.98",0,1.69555044527458e-16
"A2","r4","PD","d=3.98",0.5,8.83991574813685e-18
"A2","r4","PD","d=3.98",1,4.40699717792328e-17
"A2","r4","PD","d=3.98",1.5,6.36480039270484e-17
"A2","r4","PD","d=3.98",2,1.11724922229556e-16
"A2","r4","PD","d=3.98",2.5,0.0150895634409693
"A2","r4","PD","d=3.98",3,0.132677648037742
"A2","r4","PD","d=3.98",3.5,0.331518741592777
"A2","r4","PD","d=3.98",4,0.566175052963195
"A2","r4","PD","d=3.98",4.5,0.793634079232349
"A2","r4","PD","d=3.98",5,0.971753017322591
"A2","r4","PD","d=3.98",5.5,1.06029282984588
"A2","r4","PD","d=3.98",6,1.04961042971282
"A2","r4","PD","d=3.98",6.5,1.03171665319118
"A2","r4","PD","d=3.98",7,1.01747849468608
"A2","r4","PD","d=3.98",7.5,1.00717846677917
"A2","r4","PD","d=3.98",8,1.00027888839766
"A2","r4","PD","d=3.98",8.5,0.996072530992268
"A2","r4","PD","d=3.98",9,0.99474643672285
"A2","r4","PD","d=3.98",9.5,0.994966894359338
"A2","r4","PD","d=3.98",10,0.995834819976553
"A2","r4","PD","d=3.98",10.5,0.995819758834894
"A2","r4","PD","d=3.98",11,0.996089640569989
"A2","r4","PD","d=3.98",11.5,0.996399643622504
"A2","r4","PD","d=3.98",12,0.996682296208583
"A2","r4","PD","d=3.98",12.5,0.998287455735876
"A2","r4","PD","d=3.98",13,0.999998595098108
"A2","r4","PD","d=3.98",13.5,1.00132461153168
"A2","r4","PD","d=3.98",14,1.00143098499197
"A2","r4","PD","d=3.98",14.5,1.00099693281543
"A2","r4","PD","d=3.98",15,1.0004991608904
"A2","r4","PD","d=3.98",15.5,0.999311609955767
"A2","r4","PD","d=3.98",16,0.998117867083823
"A2","r4","PD","d=3.98",16.5,0.997370976664404
"A2","r4","PD","d=3.98",17,0.997164971571184
"A2","r4","PD","d=3.98",17.5,0.996931077507517
"A2","r4","PD","d=3.98",18,0.997298909941522
"A2","r4","PD","d=3.98",18.5,0.997485929731871
"A2","r4","PD","d=3.98",19,0.997751528743649
"A2","r4","PD","d=3.98",19.5,0.998606485145204
"A2","r4","PD","d=3.98",20,0.999080092865569
"A2","r4","PD","d=3.98",20.5,0.99931446513441
"A2","r4","PD","d=3.98",21,0.999892267541119
"A2","r4","PD","d=3.98",21.5,1.00103571070851
"A2","r4","PD","d=3.98",22,1.00124348185515
"A2","r4","PD","d=3.98",22.5,1.00077759092761
"A2","r4","PD","d=3.98",23,1.00088771461886
"A2","r4","PD","d=3.98",23.5,0.999735934161988
"A2","r4","PD","d=3.98",24,0.998071661170729
"A2","r4","PD","d=3.98",24.5,0.997115645345965
"A2","r4","PD","d=3.98",25,0.997867643827894
"A2","r4","PD","d=3.98",25.5,0.998746507635126
"A2","r4","PD","d=3.98",26,0.999628765054881
"A2","r4","PD","d=3.98",26.5,1.00039322828058
"A2","r4","PD","d=3.98",27,1.00058645194436
"A2","r4","PD","d=3.98",27.5,1.00032892787201
"A2","r4","PD","d=3.98",28,0.999784534221883
"A2","r4","PD","d=3.98",28.5,0.999461708891379
"A2","r4","PD","d=3.98",29,0.999030095107541
"A2","r4","PD","d=3.98",29.5,0.998901128525023
"A2","r4","PD","d=3.98",30,0.998259783384949
"A2","r4","NUC","d=6.30",0,2.10931732599208e-16
"A2","r4","NUC","d=6.30",0.5,6.19579297769367e-17
"A2","r4","NUC","d=6.30",1,1.07009888875511e-16
"A2","r4","NUC","d=6.30",1.5,7.46644339855936e-17
"A2","r4","NUC","d=6.30",2,1.06518275061038e-16
"A2","r4","NUC","d=6.30",2.5,2.12490730686598e-16
"A2","r4","NUC","d=6.30",3,4.38978300053547e-17
"A2","r4","NUC","d=6.30",3.5,9.27366087509845e-17
"A2","r4","NUC","d=6.30",4,1.51005512253978e-18
"A2","r4","NUC","d=6.30",4.5,9.47733858799032e-18
"A2","r4","NUC","d=6.30",5,0.0571796317789127
"A2","r4","NUC","d=6.30",5.5,0.246054691117573
"A2","r4","NUC","d=6.30",6,0.511423710835331
"A2","r4","NUC","d=6.30",6.5,0.796897470512674
"A2","r4","NUC","d=6.30",7,1.04688334154914
"A2","r4","NUC","d=6.30",7.5,1.21161230599826
"A2","r4","NUC","d=6.30",8,1.24080332085372
"A2","r4","NUC","d=6.30",8.5,1.18567004811597
"A2","r4","NUC","d=6.30",9,1.13599049812887
"A2","r4","NUC","d=6.30",9.5,1.0930871923317
"A2","r4","NUC","d=6.30",10,1.05654868731554
"A2","r4","NUC","d=6.30",10.5,1.02542313550763
"A2","r4","NUC","d=6.30",11,1.00083157579898
"A2","r4","NUC","d=6.30",11.5,0.98238278351789
"A2","r4","NUC","d=6.30",12,0.971677455049822
"A2","r4","NUC","d=6.30",12.5,0.968384169186454
"A2","r4","NUC","d=6.30",13,0.971753794675312
"A2","r4","NUC","d=6.30",13.5,0.977653215293982
"A2","r4","NUC","d=6.30",14,0.984145275208321
"A2","r4","NUC","d=6.30",14.5,0.989712366782947
"A2","r4","NUC","d=6.30",15,0.993642784483351
"A2","r4","NUC","d=6.30",15.5,0.996190420423348
"A2","r4","NUC","d=6.30",16,0.997016261504955
"A2","r4","NUC","d=6.30",16.5,0.99717230866781
"A2","r4","NUC","d=6.30",17,0.996348361154583
"A2","r4","NUC","d=6.30",17.5,0.994730096961903
"A2","r4","NUC","d=6.30",18,0.994425994498796
"A2","r4","NUC","d=6.30",18.5,0.993604476794631
"A2","r4","NUC","d=6.30",19,0.991974798032909
"A2","r4","NUC","d=6.30",19.5,0.992003178752876
"A2","r4","NUC","d=6.30",20,0.992703881853481
"A2","r4","NUC","d=6.30",20.5,0.993767250132023
"A2","r4","NUC","d=6.30",21,0.994856641791723
"A2","r4","NUC","d=6.30",21.5,0.99607230707115
"A2","r4","NUC","d=6.30",22,0.996489372523243
"A2","r4","NUC","d=6.30",22.5,0.995555130642774
"A2","r4","NUC","d=6.30",23,0.995364140178412
"A2","r4","NUC","d=6.30",23.5,0.995808444596356
"A2","r4","NUC","d=6.30",24,0.996219670385149
"A2","r4","NUC","d=6.30",24.5,0.996613930433286
"A2","r4","NUC","d=6.30",25,0.997057255827266
"A2","r4","NUC","d=6.30",25.5,0.997082588108824
"A2","r4","NUC","d=6.30",26,0.996020192810924
"A2","r4","NUC","d=6.30",26.5,0.994407264667675
"A2","r4","NUC","d=6.30",27,0.99328760060766
"A2","r4","NUC","d=6.30",27.5,0.992619083920268
"A2","r4","NUC","d=6.30",28,0.992084573808598
"A2","r4","NUC","d=6.30",28.5,0.991970982308556
"A2","r4","NUC","d=6.30",29,0.992563546233689
"A2","r4","NUC","d=6.30",29.5,0.992880344861634
"A2","r4","NUC","d=6.30",30,0.992545493747783
