"roi_idx","archetype","roi_id","model","d","grid","model_idx","reps","feasible","n_mean","dens_mean","dens_min","dens_max","lost_mean","key","D"
1,"A1","r1","G00.0",0,TRUE,4,20,TRUE,9914.15,12418.9607348638,12418.7728373527,12420.0254874271,0,"A1 r1",6.0441424268289
1,"A1","r1","G00.5",0.5,TRUE,5,20,TRUE,9914.15,12418.9607348638,12418.7728373527,12420.0254874271,0,"A1 r1",5.61244790476764
1,"A1","r1","G01.0",1,TRUE,6,20,TRUE,9914.15,12418.9607348638,12418.7728373527,12421.2781375014,0,"A1 r1",5.20729615219103
1,"A1","r1","G01.5",1.5,TRUE,7,20,TRUE,9914.15,12418.9607348638,12418.7728373527,12420.0254874271,0,"A1 r1",4.75402227876477
1,"A1","r1","G02.0",2,TRUE,8,20,TRUE,9914.05,12418.8354698564,12418.7728373527,12420.0254874271,0,"A1 r1",4.42310584309611
1,"A1","r1","G02.5",2.5,TRUE,9,20,TRUE,9914.25,12419.0859998713,12418.7728373527,12420.0254874271,0,"A1 r1",4.30767061943843
1,"A1","r1","G03.0",3,TRUE,10,20,TRUE,9914.2,12419.0233673676,12418.7728373527,12420.0254874271,0,"A1 r1",4.41752389885214
1,"A1","r1","G03.5",3.5,TRUE,11,20,TRUE,9914.15,12418.9607348638,12418.7728373527,12421.2781375014,0,"A1 r1",4.7948750570233
1,"A1","r1","G04.0",4,TRUE,12,20,TRUE,9914.3,12419.148632375,12418.7728373527,12420.0254874271,0,"A1 r1",5.52584457990662
1,"A1","r1","G04.5",4.5,TRUE,13,20,TRUE,9914.1,12418.8981023601,12418.7728373527,12420.0254874271,0,"A1 r1",6.44725481096565
1,"A1","r1","G05.0",5,TRUE,14,20,TRUE,9914.25,12419.0859998713,12418.7728373527,12421.2781375014,0,"A1 r1",7.5721074014638
1,"A1","r1","G05.5",5.5,TRUE,15,20,TRUE,9914.15,12418.9607348638,12418.7728373527,12420.0254874271,0,"A1 r1",8.69433097062985
1,"A1","r1","G06.0",6,TRUE,16,20,TRUE,9914.15,12418.9607348638,12418.7728373527,12420.0254874271,0,"A1 r1",9.79095368496254
1,"A1","r1","G06.5",6.5,TRUE,17,20,TRUE,9914.15,12418.9607348638,12418.7728373527,12420.0254874271,0,"A1 r1",10.8312310952119
1,"A1","r1","G07.0",7,TRUE,18,20,TRUE,9914.35,12419.2112648787,12418.7728373527,12420.0254874271,0,"A1 r1",11.8662712212782
1,"A1","r1","G07.5",7.5,TRUE,19,0,FALSE,NA,NA,Inf,-Inf,NA,"A1 r1",NA
1,"A1","r1","G08.0",8,TRUE,20,0,FALSE,NA,NA,NA,NA,NA,"A1 r1",NA
1,"A1","r1","G08.5",8.5,TRUE,21,0,FALSE,NA,NA,NA,NA,NA,"A1 r1",NA
1,"A1","r1","G09.0",9,TRUE,22,0,FALSE,NA,NA,NA,NA,NA,"A1 r1",NA
1,"A1","r1","G09.5",9.5,TRUE,23,0,FALSE,NA,NA,NA,NA,NA,"A1 r1",NA
1,"A1","r1","G10.0",10,TRUE,24,0,FALSE,NA,NA,NA,NA,NA,"A1 r1",NA
1,"A1","r1","G10.5",10.5,TRUE,25,0,FALSE,NA,NA,NA,NA,NA,"A1 r1",NA
1,"A1","r1","G11.0",11,TRUE,26,0,FALSE,NA,NA,NA,NA,NA,"A1 r1",NA
1,"A1","r1","G11.5",11.5,TRUE,27,0,FALSE,NA,NA,NA,NA,NA,"A1 r1",NA
1,"A1","r1","G12.0",12,TRUE,28,0,FALSE,NA,NA,NA,NA,NA,"A1 r1",NA
1,"A1","r1","G12.5",12.5,TRUE,29,0,FALSE,NA,NA,NA,NA,NA,"A1 r1",NA
1,"A1","r1","G13.0",13,TRUE,30,0,FALSE,NA,NA,NA,NA,NA,"A1 r1",NA
1,"A1","r1","G13.5",13.5,TRUE,31,0,FALSE,NA,NA,NA,NA,NA,"A1 r1",NA
1,"A1","r1","G14.0",14,TRUE,32,0,FALSE,NA,NA,NA,NA,NA,"A1 r1",NA
1,"A1","r1","G14.5",14.5,TRUE,33,0,FALSE,NA,NA,NA,NA,NA,"A1 r1",NA
1,"A1","r1","G15.0",15,TRUE,34,0,FALSE,NA,NA,NA,NA,NA,"A1 r1",NA
1,"A1","r1","CSR",0,FALSE,1,20,TRUE,9914.2,12419.0233673676,12418.7728373527,12420.0254874271,0,"A1 r1",5.96755152319562
1,"A1","r1","PD",3.37512988988323,FALSE,2,20,TRUE,9914.2,12419.0233673676,12418.7728373527,12420.0254874271,0,"A1 r1",4.67891750288051
1,"A1","r1","NUC",4.1,FALSE,3,20,TRUE,9914.15,12418.9607348638,12418.7728373527,12420.0254874271,0,"A1 r1",5.69572677351126
10,"A2","r5","G00.0",0,TRUE,4,20,TRUE,8700.4,8923.81822129512,8923.40794966525,8924.43362873992,0,"A2 r5",11.2159283493977
10,"A2","r5","G00.5",0.5,TRUE,5,20,TRUE,8700.6,8924.02335711005,8923.40794966525,8924.43362873992,0,"A2 r5",10.8005030050736
10,"A2","r5","G01.0",1,TRUE,6,20,TRUE,8700.65,8924.07464106379,8923.40794966525,8924.43362873992,0,"A2 r5",10.2918844160998
10,"A2","r5","G01.5",1.5,TRUE,7,20,TRUE,8700.5,8923.92078920259,8923.40794966525,8924.43362873992,0,"A2 r5",9.7807762788347
10,"A2","r5","G02.0",2,TRUE,8,20,TRUE,8700.5,8923.92078920259,8923.40794966525,8924.43362873992,0,"A2 r5",9.29885877035917
10,"A2","r5","G02.5",2.5,TRUE,9,20,TRUE,8700.65,8924.07464106379,8923.40794966525,8924.43362873992,0,"A2 r5",8.93133511827932
10,"A2","r5","G03.0",3,TRUE,10,20,TRUE,8700.65,8924.07464106379,8923.40794966525,8924.43362873992,0,"A2 r5",8.68960278516009
10,"A2","r5","G03.5",3.5,TRUE,11,20,TRUE,8700.55,8923.97207315632,8923.40794966525,8924.43362873992,0,"A2 r5",8.50376842395223
10,"A2","r5","G04.0",4,TRUE,12,20,TRUE,8700.55,8923.97207315632,8923.40794966525,8924.43362873992,0,"A2 r5",8.49529042419604
10,"A2","r5","G04.5",4.5,TRUE,13,20,TRUE,8700.5,8923.92078920259,8923.40794966525,8924.43362873992,0,"A2 r5",8.62529447653533
10,"A2","r5","G05.0",5,TRUE,14,20,TRUE,8700.85,8924.27977687872,8923.40794966525,8924.43362873992,0,"A2 r5",9.05869480148185
10,"A2","r5","G05.5",5.5,TRUE,15,20,TRUE,8700.75,8924.17720897125,8923.40794966525,8924.43362873992,0,"A2 r5",9.65553682142605
10,"A2","r5","G06.0",6,TRUE,16,20,TRUE,8700.55,8923.97207315632,8923.40794966525,8924.43362873992,0,"A2 r5",10.4174001070557
10,"A2","r5","G06.5",6.5,TRUE,17,20,TRUE,8700.35,8923.76693734138,8923.40794966525,8924.43362873992,0,"A2 r5",11.3186809609882
10,"A2","r5","G07.0",7,TRUE,18,20,TRUE,8700.4,8923.81822129512,8923.40794966525,8924.43362873992,0,"A2 r5",12.2787131578781
10,"A2","r5","G07.5",7.5,TRUE,19,20,TRUE,8700.55,8923.97207315632,8923.40794966525,8924.43362873992,0,"A2 r5",13.2817592791082
10,"A2","r5","G08.0",8,TRUE,20,20,TRUE,8700.65,8924.07464106379,8923.40794966525,8924.43362873992,0,"A2 r5",14.3344212590624
10,"A2","r5","G08.5",8.5,TRUE,21,2,FALSE,8700.5,8923.92078920259,8923.40794966525,8924.43362873992,0,"A2 r5",15.4480575793275
10,"A2","r5","G09.0",9,TRUE,22,0,FALSE,NA,NA,NA,NA,NA,"A2 r5",NA
10,"A2","r5","G09.5",9.5,TRUE,23,0,FALSE,NA,NA,NA,NA,NA,"A2 r5",NA
10,"A2","r5","G10.0",10,TRUE,24,0,FALSE,NA,NA,NA,NA,NA,"A2 r5",NA
10,"A2","r5","G10.5",10.5,TRUE,25,0,FALSE,NA,NA,NA,NA,NA,"A2 r5",NA
10,"A2","r5","G11.0",11,TRUE,26,0,FALSE,NA,NA,NA,NA,NA,"A2 r5",NA
10,"A2","r5","G11.5",11.5,TRUE,27,0,FALSE,NA,NA,NA,NA,NA,"A2 r5",NA
10,"A2","r5","G12.0",12,TRUE,28,0,FALSE,NA,NA,NA,NA,NA,"A2 r5",NA
10,"A2","r5","G12.5",12.5,TRUE,29,0,FALSE,NA,NA,NA,NA,NA,"A2 r5",NA
10,"A2","r5","G13.0",13,TRUE,30,0,FALSE,NA,NA,NA,NA,NA,"A2 r5",NA
10,"A2","r5","G13.5",13.5,TRUE,31,0,FALSE,NA,NA,NA,NA,NA,"A2 r5",NA
10,"A2","r5","G14.0",14,TRUE,32,0,FALSE,NA,NA,NA,NA,NA,"A2 r5",NA
10,"A2","r5","G14.5",14.5,TRUE,33,0,FALSE,NA,NA,NA,NA,NA,"A2 r5",NA
10,"A2","r5","G15.0",15,TRUE,34,0,FALSE,NA,NA,NA,NA,NA,"A2 r5",NA
10,"A2","r5","CSR",0,FALSE,1,20,TRUE,8700.65,8924.07464106379,8923.40794966525,8924.43362873992,0,"A2 r5",11.1347066314589
10,"A2","r5","PD",3.98156695927087,FALSE,2,20,TRUE,8700.45,8923.86950524885,8923.40794966525,8924.43362873992,0,"A2 r5",8.4853755219328
10,"A2","r5","NUC",6.3,FALSE,3,20,TRUE,8700.5,8923.92078920259,8923.40794966525,8924.43362873992,0,"A2 r5",10.9486583450219
11,"A3","r1","G00.0",0,TRUE,4,20,TRUE,3089.6,3099.94443784554,3099.34242895678,3100.34577710471,0,"A3 r1",5.47244101015024
11,"A3","r1","G00.5",0.5,TRUE,5,20,TRUE,3089.7,3100.04477266033,3099.34242895678,3100.34577710471,0,"A3 r1",5.23785662592825
11,"A3","r1","G01.0",1,TRUE,6,20,TRUE,3089.6,3099.94443784554,3099.34242895678,3100.34577710471,0,"A3 r1",4.64235837314801
11,"A3","r1","G01.5",1.5,TRUE,7,20,TRUE,3089.65,3099.99460525293,3099.34242895678,3100.34577710471,0,"A3 r1",4.00231089429154
11,"A3","r1","G02.0",2,TRUE,8,20,TRUE,3089.65,3099.99460525293,3099.34242895678,3100.34577710471,0,"A3 r1",3.60044160836352
11,"A3","r1","G02.5",2.5,TRUE,9,20,TRUE,3089.85,3100.19527488252,3099.34242895678,3100.34577710471,0,"A3 r1",3.16390387160466
11,"A3","r1","G03.0",3,TRUE,10,20,TRUE,3089.6,3099.94443784554,3099.34242895678,3100.34577710471,0,"A3 r1",2.83023862582248
11,"A3","r1","G03.5",3.5,TRUE,11,20,TRUE,3089.8,3100.14510747512,3099.34242895678,3100.34577710471,0,"A3 r1",2.59668752885322
11,"A3","r1","G04.0",4,TRUE,12,20,TRUE,3089.8,3100.14510747512,3099.34242895678,3100.34577710471,0,"A3 r1",2.35702607967557
11,"A3","r1","G04.5",4.5,TRUE,13,20,TRUE,3089.55,3099.89427043814,3099.34242895678,3100.34577710471,0,"A3 r1",2.36743157042549
11,"A3","r1","G05.0",5,TRUE,14,20,TRUE,3089.8,3100.14510747512,3099.34242895678,3100.34577710471,0,"A3 r1",2.43133907124281
11,"A3","r1","G05.5",5.5,TRUE,15,20,TRUE,3089.6,3099.94443784554,3099.34242895678,3100.34577710471,0,"A3 r1",2.63167067433946
11,"A3","r1","G06.0",6,TRUE,16,20,TRUE,3089.6,3099.94443784554,3099.34242895678,3100.34577710471,0,"A3 r1",3.04798913208056
11,"A3","r1","G06.5",6.5,TRUE,17,20,TRUE,3089.8,3100.14510747512,3099.34242895678,3100.34577710471,0,"A3 r1",3.56130779951169
11,"A3","r1","G07.0",7,TRUE,18,20,TRUE,3089.55,3099.89427043814,3099.34242895678,3100.34577710471,0,"A3 r1",4.13140416614345
11,"A3","r1","G07.5",7.5,TRUE,19,20,TRUE,3089.65,3099.99460525293,3099.34242895678,3100.34577710471,0,"A3 r1",4.92943037988099
11,"A3","r1","G08.0",8,TRUE,20,20,TRUE,3089.6,3099.94443784554,3099.34242895678,3100.34577710471,0,"A3 r1",5.7361945811411
11,"A3","r1","G08.5",8.5,TRUE,21,20,TRUE,3089.75,3100.09494006773,3099.34242895678,3100.34577710471,0,"A3 r1",6.55410056313748
11,"A3","r1","G09.0",9,TRUE,22,20,TRUE,3089.6,3099.94443784554,3099.34242895678,3100.34577710471,0,"A3 r1",7.52029239022599
11,"A3","r1","G09.5",9.5,TRUE,23,20,TRUE,3089.45,3099.79393562335,3099.34242895678,3100.34577710471,0,"A3 r1",8.34652418501715
11,"A3","r1","G10.0",10,TRUE,24,20,TRUE,3089.8,3100.14510747512,3099.34242895678,3100.34577710471,0,"A3 r1",9.27870769740163
11,"A3","r1","G10.5",10.5,TRUE,25,20,TRUE,3089.55,3099.89427043814,3099.34242895678,3100.34577710471,0,"A3 r1",10.1208388534195
11,"A3","r1","G11.0",11,TRUE,26,20,TRUE,3089.6,3099.94443784554,3099.34242895678,3100.34577710471,0,"A3 r1",10.98302059178
11,"A3","r1","G11.5",11.5,TRUE,27,20,TRUE,3089.55,3099.89427043814,3099.34242895678,3100.34577710471,0,"A3 r1",11.7674188239104
11,"A3","r1","G12.0",12,TRUE,28,20,TRUE,3089.75,3100.09494006773,3099.34242895678,3100.34577710471,0,"A3 r1",12.6351384464402
11,"A3","r1","G12.5",12.5,TRUE,29,20,TRUE,3089.75,3100.09494006773,3099.34242895678,3100.34577710471,0,"A3 r1",13.4694131134345
11,"A3","r1","G13.0",13,TRUE,30,20,TRUE,3089.55,3099.89427043814,3099.34242895678,3100.34577710471,0,"A3 r1",14.3435775457187
11,"A3","r1","G13.5",13.5,TRUE,31,20,TRUE,3089.65,3099.99460525293,3099.34242895678,3100.34577710471,0,"A3 r1",15.2982372486257
11,"A3","r1","G14.0",14,TRUE,32,20,TRUE,3089.65,3099.99460525293,3099.34242895678,3100.34577710471,0,"A3 r1",16.3399195600665
11,"A3","r1","G14.5",14.5,TRUE,33,0,FALSE,NA,NA,Inf,-Inf,NA,"A3 r1",NA
11,"A3","r1","G15.0",15,TRUE,34,0,FALSE,NA,NA,NA,NA,NA,"A3 r1",NA
11,"A3","r1","CSR",0,FALSE,1,20,TRUE,3089.6,3099.94443784554,3099.34242895678,3100.34577710471,0,"A3 r1",5.59052271958914
11,"A3","r1","PD",6.75542937023034,FALSE,2,20,TRUE,3089.75,3100.09494006773,3099.34242895678,3100.34577710471,0,"A3 r1",3.81180518430998
11,"A3","r1","NUC",6.3,FALSE,3,20,TRUE,3089.65,3099.99460525293,3099.34242895678,3100.34577710471,0,"A3 r1",3.29318414866879
12,"A3","r2","G00.0",0,TRUE,4,20,TRUE,3073.8,3099.96055966226,3099.15375100596,3100.16226182633,0,"A3 r2",6.9944393390568
12,"A3","r2","G00.5",0.5,TRUE,5,20,TRUE,3073.85,3100.01098520328,3099.15375100596,3100.16226182633,0,"A3 r2",6.36694137739441
12,"A3","r2","G01.0",1,TRUE,6,20,TRUE,3073.8,3099.96055966226,3099.15375100596,3100.16226182633,0,"A3 r2",5.94114787633812
12,"A3","r2","G01.5",1.5,TRUE,7,20,TRUE,3074.05,3100.21268736735,3100.16226182633,3101.17077264671,0,"A3 r2",5.27385483617481
12,"A3","r2","G02.0",2,TRUE,8,20,TRUE,3073.8,3099.96055966226,3099.15375100596,3100.16226182633,0,"A3 r2",4.90156845299686
12,"A3","r2","G02.5",2.5,TRUE,9,20,TRUE,3073.85,3100.01098520328,3099.15375100596,3100.16226182633,0,"A3 r2",4.61587957757393
12,"A3","r2","G03.0",3,TRUE,10,20,TRUE,3073.75,3099.91013412124,3099.15375100596,3100.16226182633,0,"A3 r2",4.36785104326897
12,"A3","r2","G03.5",3.5,TRUE,11,20,TRUE,3073.95,3100.11183628531,3099.15375100596,3100.16226182633,0,"A3 r2",4.16163567619948
12,"A3","r2","G04.0",4,TRUE,12,20,TRUE,3073.9,3100.0614107443,3099.15375100596,3100.16226182633,0,"A3 r2",4.30324836808781
12,"A3","r2","G04.5",4.5,TRUE,13,20,TRUE,3073.85,3100.01098520328,3099.15375100596,3100.16226182633,0,"A3 r2",4.44013111951769
12,"A3","r2","G05.0",5,TRUE,14,20,TRUE,3073.85,3100.01098520328,3099.15375100596,3100.16226182633,0,"A3 r2",4.69745036614707
12,"A3","r2","G05.5",5.5,TRUE,15,20,TRUE,3073.75,3099.91013412124,3099.15375100596,3100.16226182633,0,"A3 r2",5.05956591577969
12,"A3","r2","G06.0",6,TRUE,16,20,TRUE,3073.85,3100.01098520328,3099.15375100596,3100.16226182633,0,"A3 r2",5.66217658737755
12,"A3","r2","G06.5",6.5,TRUE,17,20,TRUE,3073.9,3100.0614107443,3099.15375100596,3100.16226182633,0,"A3 r2",6.3294401430861
12,"A3","r2","G07.0",7,TRUE,18,17,FALSE,3073.94117647059,3100.10293766043,3099.15375100596,3100.16226182633,0,"A3 r2",7.00155420969616
12,"A3","r2","G07.5",7.5,TRUE,19,0,FALSE,NA,NA,NA,NA,NA,"A3 r2",NA
12,"A3","r2","G08.0",8,TRUE,20,0,FALSE,NA,NA,NA,NA,NA,"A3 r2",NA
12,"A3","r2","G08.5",8.5,TRUE,21,0,FALSE,NA,NA,NA,NA,NA,"A3 r2",NA
12,"A3","r2","G09.0",9,TRUE,22,0,FALSE,NA,NA,NA,NA,NA,"A3 r2",NA
12,"A3","r2","G09.5",9.5,TRUE,23,0,FALSE,NA,NA,NA,NA,NA,"A3 r2",NA
12,"A3","r2","G10.0",10,TRUE,24,0,FALSE,NA,NA,NA,NA,NA,"A3 r2",NA
12,"A3","r2","G10.5",10.5,TRUE,25,0,FALSE,NA,NA,NA,NA,NA,"A3 r2",NA
12,"A3","r2","G11.0",11,TRUE,26,0,FALSE,NA,NA,NA,NA,NA,"A3 r2",NA
12,"A3","r2","G11.5",11.5,TRUE,27,0,FALSE,NA,NA,NA,NA,NA,"A3 r2",NA
12,"A3","r2","G12.0",12,TRUE,28,0,FALSE,NA,NA,NA,NA,NA,"A3 r2",NA
12,"A3","r2","G12.5",12.5,TRUE,29,0,FALSE,NA,NA,NA,NA,NA,"A3 r2",NA
12,"A3","r2","G13.0",13,TRUE,30,0,FALSE,NA,NA,NA,NA,NA,"A3 r2",NA
12,"A3","r2","G13.5",13.5,TRUE,31,0,FALSE,NA,NA,NA,NA,NA,"A3 r2",NA
12,"A3","r2","G14.0",14,TRUE,32,0,FALSE,NA,NA,NA,NA,NA,"A3 r2",NA
12,"A3","r2","G14.5",14.5,TRUE,33,0,FALSE,NA,NA,NA,NA,NA,"A3 r2",NA
12,"A3","r2","G15.0",15,TRUE,34,0,FALSE,NA,NA,NA,NA,NA,"A3 r2",NA
12,"A3","r2","CSR",0,FALSE,1,20,TRUE,3073.75,3099.91013412124,3099.15375100596,3100.16226182633,0,"A3 r2",6.90824651070663
12,"A3","r2","PD",6.75542937023034,FALSE,2,20,TRUE,3073.9,3100.0614107443,3099.15375100596,3100.16226182633,0,"A3 r2",6.68235723610076
12,"A3","r2","NUC",6.3,FALSE,3,20,TRUE,3073.7,3099.85970858022,3099.15375100596,3100.16226182633,0,"A3 r2",6.00709033633439
13,"A3","r3","G00.0",0,TRUE,4,20,TRUE,3098.9,3099.94529316408,3099.04498958415,3100.04532689519,0,"A3 r3",6.2368810007648
13,"A3","r3","G00.5",0.5,TRUE,5,20,TRUE,3098.95,3099.99531002964,3099.04498958415,3100.04532689519,0,"A3 r3",5.44690801911369
13,"A3","r3","G01.0",1,TRUE,6,20,TRUE,3099,3100.04532689519,3100.04532689519,3100.04532689519,0,"A3 r3",5.18208023245254
13,"A3","r3","G01.5",1.5,TRUE,7,20,TRUE,3098.95,3099.99531002964,3099.04498958415,3100.04532689519,0,"A3 r3",4.47330950614868
13,"A3","r3","G02.0",2,TRUE,8,20,TRUE,3099,3100.04532689519,3100.04532689519,3100.04532689519,0,"A3 r3",3.95970095560928
13,"A3","r3","G02.5",2.5,TRUE,9,20,TRUE,3099,3100.04532689519,3100.04532689519,3100.04532689519,0,"A3 r3",3.63916890147388
13,"A3","r3","G03.0",3,TRUE,10,20,TRUE,3098.95,3099.99531002964,3099.04498958415,3100.04532689519,0,"A3 r3",3.3481737493971
13,"A3","r3","G03.5",3.5,TRUE,11,20,TRUE,3099,3100.04532689519,3100.04532689519,3100.04532689519,0,"A3 r3",3.19566652986998
13,"A3","r3","G04.0",4,TRUE,12,20,TRUE,3098.95,3099.99531002964,3099.04498958415,3100.04532689519,0,"A3 r3",3.09307605953474
13,"A3","r3","G04.5",4.5,TRUE,13,20,TRUE,3099,3100.04532689519,3100.04532689519,3100.04532689519,0,"A3 r3",3.14831392203053
13,"A3","r3","G05.0",5,TRUE,14,20,TRUE,3098.9,3099.94529316408,3099.04498958415,3100.04532689519,0,"A3 r3",3.36250425059655
13,"A3","r3","G05.5",5.5,TRUE,15,20,TRUE,3099,3100.04532689519,3100.04532689519,3100.04532689519,0,"A3 r3",3.69647320303273
13,"A3","r3","G06.0",6,TRUE,16,20,TRUE,3098.85,3099.89527629853,3099.04498958415,3100.04532689519,0,"A3 r3",4.19938425527044
13,"A3","r3","G06.5",6.5,TRUE,17,20,TRUE,3098.9,3099.94529316408,3099.04498958415,3100.04532689519,0,"A3 r3",4.88164690105335
13,"A3","r3","G07.0",7,TRUE,18,20,TRUE,3098.95,3099.99531002964,3099.04498958415,3100.04532689519,0,"A3 r3",5.61172403211884
13,"A3","r3","G07.5",7.5,TRUE,19,20,TRUE,3099,3100.04532689519,3100.04532689519,3100.04532689519,0,"A3 r3",6.38260955710022
13,"A3","r3","G08.0",8,TRUE,20,20,TRUE,3098.85,3099.89527629853,3099.04498958415,3100.04532689519,0,"A3 r3",7.25629459241528
13,"A3","r3","G08.5",8.5,TRUE,21,20,TRUE,3099,3100.04532689519,3100.04532689519,3100.04532689519,0,"A3 r3",8.10769523981453
13,"A3","r3","G09.0",9,TRUE,22,20,TRUE,3098.95,3099.99531002964,3099.04498958415,3100.04532689519,0,"A3 r3",8.98868211814607
13,"A3","r3","G09.5",9.5,TRUE,23,20,TRUE,3099,3100.04532689519,3100.04532689519,3100.04532689519,0,"A3 r3",9.83957518122387
13,"A3","r3","G10.0",10,TRUE,24,20,TRUE,3099,3100.04532689519,3100.04532689519,3100.04532689519,0,"A3 r3",10.7085198276241
13,"A3","r3","G10.5",10.5,TRUE,25,20,TRUE,3098.85,3099.89527629853,3099.04498958415,3100.04532689519,0,"A3 r3",11.5258042539239
13,"A3","r3","G11.0",11,TRUE,26,20,TRUE,3099,3100.04532689519,3100.04532689519,3100.04532689519,0,"A3 r3",12.3096200395253
13,"A3","r3","G11.5",11.5,TRUE,27,20,TRUE,3098.9,3099.94529316408,3099.04498958415,3100.04532689519,0,"A3 r3",13.0981019548044
13,"A3","r3","G12.0",12,TRUE,28,20,TRUE,3099,3100.04532689519,3100.04532689519,3100.04532689519,0,"A3 r3",13.8961815723675
13,"A3","r3","G12.5",12.5,TRUE,29,20,TRUE,3098.95,3099.99531002964,3099.04498958415,3100.04532689519,0,"A3 r3",14.7740735100326
13,"A3","r3","G13.0",13,TRUE,30,20,TRUE,3098.95,3099.99531002964,3099.04498958415,3100.04532689519,0,"A3 r3",15.6121048320143
13,"A3","r3","G13.5",13.5,TRUE,31,20,TRUE,3099,3100.04532689519,3100.04532689519,3100.04532689519,0,"A3 r3",16.6028922004917
13,"A3","r3","G14.0",14,TRUE,32,20,TRUE,3098.95,3099.99531002964,3099.04498958415,3100.04532689519,0,"A3 r3",17.6501032935137
13,"A3","r3","G14.5",14.5,TRUE,33,0,FALSE,NA,NA,Inf,-Inf,NA,"A3 r3",NA
13,"A3","r3","G15.0",15,TRUE,34,0,FALSE,NA,NA,NA,NA,NA,"A3 r3",NA
13,"A3","r3","CSR",0,FALSE,1,20,TRUE,3098.95,3099.99531002964,3099.04498958415,3100.04532689519,0,"A3 r3",5.87615104929344
13,"A3","r3","PD",6.75542937023034,FALSE,2,20,TRUE,3099,3100.04532689519,3100.04532689519,3100.04532689519,0,"A3 r3",5.21993321905056
13,"A3","r3","NUC",6.3,FALSE,3,20,TRUE,3098.9,3099.94529316408,3099.04498958415,3100.04532689519,0,"A3 r3",4.63254947300286
14,"A3","r4","G00.0",0,TRUE,4,20,TRUE,3093.55,3099.91061473982,3099.35948389076,3100.36153997996,0,"A3 r4",15.3638425208477
14,"A3","r4","G00.5",0.5,TRUE,5,20,TRUE,3093.8,3100.16112876212,3099.35948389076,3100.36153997996,0,"A3 r4",14.9164102592107
14,"A3","r4","G01.0",1,TRUE,6,20,TRUE,3093.55,3099.91061473982,3099.35948389076,3100.36153997996,0,"A3 r4",14.3196174339591
14,"A3","r4","G01.5",1.5,TRUE,7,20,TRUE,3093.7,3100.0609231532,3099.35948389076,3100.36153997996,0,"A3 r4",13.7998359360628
14,"A3","r4","G02.0",2,TRUE,8,20,TRUE,3093.5,3099.86051193536,3099.35948389076,3100.36153997996,0,"A3 r4",13.3634644309924
14,"A3","r4","G02.5",2.5,TRUE,9,20,TRUE,3093.8,3100.16112876212,3099.35948389076,3100.36153997996,0,"A3 r4",13.0769720664672
14,"A3","r4","G03.0",3,TRUE,10,20,TRUE,3093.6,3099.96071754428,3099.35948389076,3100.36153997996,0,"A3 r4",12.9202710339322
14,"A3","r4","G03.5",3.5,TRUE,11,20,TRUE,3093.6,3099.96071754428,3099.35948389076,3100.36153997996,0,"A3 r4",12.6535622708767
14,"A3","r4","G04.0",4,TRUE,12,20,TRUE,3093.75,3100.11102595766,3099.35948389076,3100.36153997996,0,"A3 r4",12.9137843686119
14,"A3","r4","G04.5",4.5,TRUE,13,20,TRUE,3093.55,3099.91061473982,3099.35948389076,3100.36153997996,0,"A3 r4",13.2383754027443
14,"A3","r4","G05.0",5,TRUE,14,20,TRUE,3093.8,3100.16112876212,3099.35948389076,3100.36153997996,0,"A3 r4",13.810552459852
14,"A3","r4","G05.5",5.5,TRUE,15,20,TRUE,3093.45,3099.8104091309,3099.35948389076,3100.36153997996,0,"A3 r4",14.6392399314733
14,"A3","r4","G06.0",6,TRUE,16,20,TRUE,3093.75,3100.11102595766,3099.35948389076,3100.36153997996,0,"A3 r4",15.4796300620706
14,"A3","r4","G06.5",6.5,TRUE,17,20,TRUE,3093.8,3100.16112876212,3099.35948389076,3100.36153997996,0,"A3 r4",16.4520621258595
14,"A3","r4","G07.0",7,TRUE,18,20,TRUE,3093.85,3100.21123156658,3099.35948389076,3100.36153997996,0,"A3 r4",17.5998471538145
14,"A3","r4","G07.5",7.5,TRUE,19,20,TRUE,3093.55,3099.91061473982,3099.35948389076,3100.36153997996,0,"A3 r4",18.9145463249396
14,"A3","r4","G08.0",8,TRUE,20,20,TRUE,3093.7,3100.0609231532,3099.35948389076,3100.36153997996,0,"A3 r4",20.1797629973339
14,"A3","r4","G08.5",8.5,TRUE,21,20,TRUE,3093.35,3099.71020352198,3099.35948389076,3100.36153997996,0,"A3 r4",21.4547305913498
14,"A3","r4","G09.0",9,TRUE,22,20,TRUE,3093.65,3100.01082034874,3099.35948389076,3100.36153997996,0,"A3 r4",22.6137416076526
14,"A3","r4","G09.5",9.5,TRUE,23,20,TRUE,3093.65,3100.01082034874,3099.35948389076,3100.36153997996,0,"A3 r4",23.8308870808176
14,"A3","r4","G10.0",10,TRUE,24,20,TRUE,3093.7,3100.0609231532,3099.35948389076,3100.36153997996,0,"A3 r4",24.9889545509778
14,"A3","r4","G10.5",10.5,TRUE,25,20,TRUE,3093.55,3099.91061473982,3099.35948389076,3100.36153997996,0,"A3 r4",26.1686463616025
14,"A3","r4","G11.0",11,TRUE,26,20,TRUE,3093.7,3100.0609231532,3099.35948389076,3100.36153997996,0,"A3 r4",27.2007253899998
14,"A3","r4","G11.5",11.5,TRUE,27,20,TRUE,3093.45,3099.8104091309,3099.35948389076,3100.36153997996,0,"A3 r4",28.2453785846837
14,"A3","r4","G12.0",12,TRUE,28,20,TRUE,3093.8,3100.16112876212,3099.35948389076,3100.36153997996,0,"A3 r4",29.3282314597166
14,"A3","r4","G12.5",12.5,TRUE,29,20,TRUE,3093.65,3100.01082034874,3099.35948389076,3100.36153997996,0,"A3 r4",30.341521030548
14,"A3","r4","G13.0",13,TRUE,30,20,TRUE,3093.45,3099.8104091309,3099.35948389076,3100.36153997996,0,"A3 r4",31.3741149163836
14,"A3","r4","G13.5",13.5,TRUE,31,20,TRUE,3093.7,3100.0609231532,3099.35948389076,3100.36153997996,0,"A3 r4",32.5332123032179
14,"A3","r4","G14.0",14,TRUE,32,20,TRUE,3093.65,3100.01082034874,3099.35948389076,3100.36153997996,0,"A3 r4",33.7512040844731
14,"A3","r4","G14.5",14.5,TRUE,33,0,FALSE,NA,NA,Inf,-Inf,NA,"A3 r4",NA
14,"A3","r4","G15.0",15,TRUE,34,0,FALSE,NA,NA,NA,NA,NA,"A3 r4",NA
14,"A3","r4","CSR",0,FALSE,1,20,TRUE,3093.7,3100.0609231532,3099.35948389076,3100.36153997996,0,"A3 r4",15.2214216950946
14,"A3","r4","PD",6.75542937023034,FALSE,2,20,TRUE,3093.6,3099.96071754428,3099.35948389076,3100.36153997996,0,"A3 r4",17.1995695946527
14,"A3","r4","NUC",6.3,FALSE,3,20,TRUE,3093.7,3100.0609231532,3099.35948389076,3100.36153997996,0,"A3 r4",16.0958457525648
15,"A3","r5","G00.0",0,TRUE,4,20,TRUE,3074.05,3099.94259282442,3099.89217167654,3100.90059463415,0,"A3 r5",35.57631110668
15,"A3","r5","G00.5",0.5,TRUE,5,20,TRUE,3074.1,3099.9930139723,3099.89217167654,3100.90059463415,0,"A3 r5",35.0416685683399
15,"A3","r5","G01.0",1,TRUE,6,20,TRUE,3074.1,3099.9930139723,3099.89217167654,3100.90059463415,0,"A3 r5",34.6721240171782
15,"A3","r5","G01.5",1.5,TRUE,7,20,TRUE,3074.1,3099.9930139723,3099.89217167654,3100.90059463415,0,"A3 r5",33.9580823773117
15,"A3","r5","G02.0",2,TRUE,8,20,TRUE,3074.1,3099.9930139723,3099.89217167654,3100.90059463415,0,"A3 r5",33.8480283611896
15,"A3","r5","G02.5",2.5,TRUE,9,20,TRUE,3074.05,3099.94259282442,3099.89217167654,3100.90059463415,0,"A3 r5",33.338079173237
15,"A3","r5","G03.0",3,TRUE,10,20,TRUE,3074.15,3100.04343512018,3099.89217167654,3100.90059463415,0,"A3 r5",33.2739867475007
15,"A3","r5","G03.5",3.5,TRUE,11,20,TRUE,3074.15,3100.04343512018,3099.89217167654,3100.90059463415,0,"A3 r5",33.3134724582119
15,"A3","r5","G04.0",4,TRUE,12,20,TRUE,3074.1,3099.9930139723,3099.89217167654,3100.90059463415,0,"A3 r5",33.9583286654846
15,"A3","r5","G04.5",4.5,TRUE,13,20,TRUE,3074.05,3099.94259282442,3099.89217167654,3100.90059463415,0,"A3 r5",34.9180347362753
15,"A3","r5","G05.0",5,TRUE,14,20,TRUE,3074.15,3100.04343512018,3099.89217167654,3100.90059463415,0,"A3 r5",35.6850049756263
15,"A3","r5","G05.5",5.5,TRUE,15,20,TRUE,3074.15,3100.04343512018,3099.89217167654,3100.90059463415,0,"A3 r5",36.9217909052945
15,"A3","r5","G06.0",6,TRUE,16,20,TRUE,3074.05,3099.94259282442,3099.89217167654,3100.90059463415,0,"A3 r5",38.1528065790931
15,"A3","r5","G06.5",6.5,TRUE,17,20,TRUE,3074.15,3100.04343512018,3099.89217167654,3100.90059463415,0,"A3 r5",39.9359033409272
15,"A3","r5","G07.0",7,TRUE,18,20,TRUE,3074.2,3100.09385626806,3099.89217167654,3100.90059463415,0,"A3 r5",41.6379883692312
15,"A3","r5","G07.5",7.5,TRUE,19,20,TRUE,3074.15,3100.04343512018,3099.89217167654,3100.90059463415,0,"A3 r5",43.449643906314
15,"A3","r5","G08.0",8,TRUE,20,20,TRUE,3074,3099.89217167654,3099.89217167654,3099.89217167654,0,"A3 r5",45.1233551454869
15,"A3","r5","G08.5",8.5,TRUE,21,20,TRUE,3074.1,3099.9930139723,3099.89217167654,3100.90059463415,0,"A3 r5",46.627125785093
15,"A3","r5","G09.0",9,TRUE,22,20,TRUE,3074.05,3099.94259282442,3099.89217167654,3100.90059463415,0,"A3 r5",48.2485280758852
15,"A3","r5","G09.5",9.5,TRUE,23,20,TRUE,3074.1,3099.9930139723,3099.89217167654,3100.90059463415,0,"A3 r5",49.7520349406043
15,"A3","r5","G10.0",10,TRUE,24,20,TRUE,3074.1,3099.9930139723,3099.89217167654,3100.90059463415,0,"A3 r5",51.0397826714304
15,"A3","r5","G10.5",10.5,TRUE,25,20,TRUE,3074.05,3099.94259282442,3099.89217167654,3100.90059463415,0,"A3 r5",52.4873709682129
15,"A3","r5","G11.0",11,TRUE,26,20,TRUE,3074.2,3100.09385626806,3099.89217167654,3100.90059463415,0,"A3 r5",53.806731824424
15,"A3","r5","G11.5",11.5,TRUE,27,20,TRUE,3074.05,3099.94259282442,3099.89217167654,3100.90059463415,0,"A3 r5",55.1527838784925
15,"A3","r5","G12.0",12,TRUE,28,20,TRUE,3074.15,3100.04343512018,3099.89217167654,3100.90059463415,0,"A3 r5",56.3641069027801
15,"A3","r5","G12.5",12.5,TRUE,29,20,TRUE,3074,3099.89217167654,3099.89217167654,3099.89217167654,0,"A3 r5",57.707573876788
15,"A3","r5","G13.0",13,TRUE,30,20,TRUE,3074.05,3099.94259282442,3099.89217167654,3100.90059463415,0,"A3 r5",58.9942556048643
15,"A3","r5","G13.5",13.5,TRUE,31,20,TRUE,3074.3,3100.19469856382,3099.89217167654,3100.90059463415,0,"A3 r5",60.3451035908599
15,"A3","r5","G14.0",14,TRUE,32,20,TRUE,3074.15,3100.04343512018,3099.89217167654,3100.90059463415,0,"A3 r5",61.8342198791409
15,"A3","r5","G14.5",14.5,TRUE,33,0,FALSE,NA,NA,Inf,-Inf,NA,"A3 r5",NA
15,"A3","r5","G15.0",15,TRUE,34,0,FALSE,NA,NA,NA,NA,NA,"A3 r5",NA
15,"A3","r5","CSR",0,FALSE,1,20,TRUE,3074.05,3099.94259282442,3099.89217167654,3100.90059463415,0,"A3 r5",35.5831194825651
15,"A3","r5","PD",6.75542937023034,FALSE,2,20,TRUE,3074.2,3100.09385626806,3099.89217167654,3100.90059463415,0,"A3 r5",40.8777249693193
15,"A3","r5","NUC",6.3,FALSE,3,20,TRUE,3074.1,3099.9930139723,3099.89217167654,3100.90059463415,0,"A3 r5",39.1322908123073
16,"A4","f1","G00.0",0,TRUE,4,20,TRUE,27834.45,28095.9907465867,28095.5365182532,28096.5459145498,0,"A4 f1",3.03722776237081
16,"A4","f1","G00.5",0.5,TRUE,5,20,TRUE,27834.35,28095.889806957,28095.5365182532,28096.5459145498,0,"A4 f1",2.76338108068106
16,"A4","f1","G01.0",1,TRUE,6,20,TRUE,27834.4,28095.9402767719,28095.5365182532,28096.5459145498,0,"A4 f1",2.33022470417913
16,"A4","f1","G01.5",1.5,TRUE,7,20,TRUE,27834.45,28095.9907465867,28095.5365182532,28096.5459145498,0,"A4 f1",1.87163373296727
16,"A4","f1","G02.0",2,TRUE,8,20,TRUE,27834.45,28095.9907465867,28095.5365182532,28096.5459145498,0,"A4 f1",1.44360625198612
16,"A4","f1","G02.5",2.5,TRUE,9,20,TRUE,27834.35,28095.889806957,28095.5365182532,28096.5459145498,0,"A4 f1",1.0628608247893
16,"A4","f1","G03.0",3,TRUE,10,20,TRUE,27834.65,28096.192625846,28095.5365182532,28096.5459145498,0,"A4 f1",0.726075963192903
16,"A4","f1","G03.5",3.5,TRUE,11,20,TRUE,27834.45,28095.9907465867,28095.5365182532,28096.5459145498,0,"A4 f1",0.472371186316424
16,"A4","f1","G04.0",4,TRUE,12,20,TRUE,27834.55,28096.0916862163,28095.5365182532,28096.5459145498,0,"A4 f1",0.383571471048475
16,"A4","f1","G04.5",4.5,TRUE,13,20,TRUE,27834.45,28095.9907465867,28095.5365182532,28096.5459145498,0,"A4 f1",0.583391826948445
16,"A4","f1","G05.0",5,TRUE,14,0,FALSE,NA,NA,Inf,-Inf,NA,"A4 f1",NA
16,"A4","f1","G05.5",5.5,TRUE,15,0,FALSE,NA,NA,NA,NA,NA,"A4 f1",NA
16,"A4","f1","G06.0",6,TRUE,16,0,FALSE,NA,NA,NA,NA,NA,"A4 f1",NA
16,"A4","f1","G06.5",6.5,TRUE,17,0,FALSE,NA,NA,NA,NA,NA,"A4 f1",NA
16,"A4","f1","G07.0",7,TRUE,18,0,FALSE,NA,NA,NA,NA,NA,"A4 f1",NA
16,"A4","f1","G07.5",7.5,TRUE,19,0,FALSE,NA,NA,NA,NA,NA,"A4 f1",NA
16,"A4","f1","G08.0",8,TRUE,20,0,FALSE,NA,NA,NA,NA,NA,"A4 f1",NA
16,"A4","f1","G08.5",8.5,TRUE,21,0,FALSE,NA,NA,NA,NA,NA,"A4 f1",NA
16,"A4","f1","G09.0",9,TRUE,22,0,FALSE,NA,NA,NA,NA,NA,"A4 f1",NA
16,"A4","f1","G09.5",9.5,TRUE,23,0,FALSE,NA,NA,NA,NA,NA,"A4 f1",NA
16,"A4","f1","G10.0",10,TRUE,24,0,FALSE,NA,NA,NA,NA,NA,"A4 f1",NA
16,"A4","f1","G10.5",10.5,TRUE,25,0,FALSE,NA,NA,NA,NA,NA,"A4 f1",NA
16,"A4","f1","G11.0",11,TRUE,26,0,FALSE,NA,NA,NA,NA,NA,"A4 f1",NA
16,"A4","f1","G11.5",11.5,TRUE,27,0,FALSE,NA,NA,NA,NA,NA,"A4 f1",NA
16,"A4","f1","G12.0",12,TRUE,28,0,FALSE,NA,NA,NA,NA,NA,"A4 f1",NA
16,"A4","f1","G12.5",12.5,TRUE,29,0,FALSE,NA,NA,NA,NA,NA,"A4 f1",NA
16,"A4","f1","G13.0",13,TRUE,30,0,FALSE,NA,NA,NA,NA,NA,"A4 f1",NA
16,"A4","f1","G13.5",13.5,TRUE,31,0,FALSE,NA,NA,NA,NA,NA,"A4 f1",NA
16,"A4","f1","G14.0",14,TRUE,32,0,FALSE,NA,NA,NA,NA,NA,"A4 f1",NA
16,"A4","f1","G14.5",14.5,TRUE,33,0,FALSE,NA,NA,NA,NA,NA,"A4 f1",NA
16,"A4","f1","G15.0",15,TRUE,34,0,FALSE,NA,NA,NA,NA,NA,"A4 f1",NA
16,"A4","f1","CSR",0,FALSE,1,20,TRUE,27834.5,28096.0412164015,28095.5365182532,28096.5459145498,0,"A4 f1",3.06112602878947
16,"A4","f1","PD",2.24394163896715,FALSE,2,20,TRUE,27834.55,28096.0916862163,28095.5365182532,28096.5459145498,0,"A4 f1",1.25001894617278
16,"A4","f1","NUC",4.2,FALSE,3,20,TRUE,27834.45,28095.9907465867,28095.5365182532,28096.5459145498,0,"A4 f1",0.425211577659096
17,"A4","f2","G00.0",0,TRUE,4,20,TRUE,28014.4,28096.0853079703,28095.6841416371,28096.68705747,0,"A4 f2",3.0718819367827
17,"A4","f2","G00.5",0.5,TRUE,5,20,TRUE,28014.25,28095.9348705953,28095.6841416371,28096.68705747,0,"A4 f2",2.76995490410788
17,"A4","f2","G01.0",1,TRUE,6,20,TRUE,28014.3,28095.985016387,28095.6841416371,28096.68705747,0,"A4 f2",2.32750400865686
17,"A4","f2","G01.5",1.5,TRUE,7,20,TRUE,28014.45,28096.1354537619,28095.6841416371,28096.68705747,0,"A4 f2",1.87291803299448
17,"A4","f2","G02.0",2,TRUE,8,20,TRUE,28014.45,28096.1354537619,28095.6841416371,28096.68705747,0,"A4 f2",1.43858403945415
17,"A4","f2","G02.5",2.5,TRUE,9,20,TRUE,28014.2,28095.8847248037,28095.6841416371,28096.68705747,0,"A4 f2",1.06053419032777
17,"A4","f2","G03.0",3,TRUE,10,20,TRUE,28014.35,28096.0351621786,28095.6841416371,28096.68705747,0,"A4 f2",0.706317840055866
17,"A4","f2","G03.5",3.5,TRUE,11,20,TRUE,28014.3,28095.985016387,28095.6841416371,28096.68705747,0,"A4 f2",0.4333984866389
17,"A4","f2","G04.0",4,TRUE,12,20,TRUE,28014.3,28095.985016387,28095.6841416371,28096.68705747,0,"A4 f2",0.311481108521048
17,"A4","f2","G04.5",4.5,TRUE,13,20,TRUE,28014.1,28095.7844332204,28095.6841416371,28096.68705747,0,"A4 f2",0.46614891002052
17,"A4","f2","G05.0",5,TRUE,14,0,FALSE,NA,NA,Inf,-Inf,NA,"A4 f2",NA
17,"A4","f2","G05.5",5.5,TRUE,15,0,FALSE,NA,NA,NA,NA,NA,"A4 f2",NA
17,"A4","f2","G06.0",6,TRUE,16,0,FALSE,NA,NA,NA,NA,NA,"A4 f2",NA
17,"A4","f2","G06.5",6.5,TRUE,17,0,FALSE,NA,NA,NA,NA,NA,"A4 f2",NA
17,"A4","f2","G07.0",7,TRUE,18,0,FALSE,NA,NA,NA,NA,NA,"A4 f2",NA
17,"A4","f2","G07.5",7.5,TRUE,19,0,FALSE,NA,NA,NA,NA,NA,"A4 f2",NA
17,"A4","f2","G08.0",8,TRUE,20,0,FALSE,NA,NA,NA,NA,NA,"A4 f2",NA
17,"A4","f2","G08.5",8.5,TRUE,21,0,FALSE,NA,NA,NA,NA,NA,"A4 f2",NA
17,"A4","f2","G09.0",9,TRUE,22,0,FALSE,NA,NA,NA,NA,NA,"A4 f2",NA
17,"A4","f2","G09.5",9.5,TRUE,23,0,FALSE,NA,NA,NA,NA,NA,"A4 f2",NA
17,"A4","f2","G10.0",10,TRUE,24,0,FALSE,NA,NA,NA,NA,NA,"A4 f2",NA
17,"A4","f2","G10.5",10.5,TRUE,25,0,FALSE,NA,NA,NA,NA,NA,"A4 f2",NA
17,"A4","f2","G11.0",11,TRUE,26,0,FALSE,NA,NA,NA,NA,NA,"A4 f2",NA
17,"A4","f2","G11.5",11.5,TRUE,27,0,FALSE,NA,NA,NA,NA,NA,"A4 f2",NA
17,"A4","f2","G12.0",12,TRUE,28,0,FALSE,NA,NA,NA,NA,NA,"A4 f2",NA
17,"A4","f2","G12.5",12.5,TRUE,29,0,FALSE,NA,NA,NA,NA,NA,"A4 f2",NA
17,"A4","f2","G13.0",13,TRUE,30,0,FALSE,NA,NA,NA,NA,NA,"A4 f2",NA
17,"A4","f2","G13.5",13.5,TRUE,31,0,FALSE,NA,NA,NA,NA,NA,"A4 f2",NA
17,"A4","f2","G14.0",14,TRUE,32,0,FALSE,NA,NA,NA,NA,NA,"A4 f2",NA
17,"A4","f2","G14.5",14.5,TRUE,33,0,FALSE,NA,NA,NA,NA,NA,"A4 f2",NA
17,"A4","f2","G15.0",15,TRUE,34,0,FALSE,NA,NA,NA,NA,NA,"A4 f2",NA
17,"A4","f2","CSR",0,FALSE,1,20,TRUE,28014.45,28096.1354537619,28095.6841416371,28096.68705747,0,"A4 f2",3.07755086307539
17,"A4","f2","PD",2.24394163896715,FALSE,2,20,TRUE,28014.35,28096.0351621786,28095.6841416371,28096.68705747,0,"A4 f2",1.25142274141847
17,"A4","f2","NUC",4.2,FALSE,3,20,TRUE,28014.25,28095.9348705953,28095.6841416371,28096.68705747,0,"A4 f2",0.336643482182664
18,"A4","p1","G00.0",0,TRUE,4,20,TRUE,28074.65,28096.1247691522,28095.4742719564,28096.4750368731,0,"A4 p1",2.90345096439976
18,"A4","p1","G00.5",0.5,TRUE,5,20,TRUE,28074.4,28095.8745779231,28095.4742719564,28096.4750368731,0,"A4 p1",2.63944543670901
18,"A4","p1","G01.0",1,TRUE,6,20,TRUE,28074.85,28096.3249221356,28095.4742719564,28096.4750368731,0,"A4 p1",2.19208058655391
18,"A4","p1","G01.5",1.5,TRUE,7,20,TRUE,28074.7,28096.1748073981,28095.4742719564,28096.4750368731,0,"A4 p1",1.72779737167953
18,"A4","p1","G02.0",2,TRUE,8,20,TRUE,28074.5,28095.9746544147,28095.4742719564,28096.4750368731,0,"A4 p1",1.30361663030583
18,"A4","p1","G02.5",2.5,TRUE,9,20,TRUE,28074.7,28096.1748073981,28095.4742719564,28096.4750368731,0,"A4 p1",0.924314324382072
18,"A4","p1","G03.0",3,TRUE,10,20,TRUE,28074.55,28096.0246926606,28095.4742719564,28096.4750368731,0,"A4 p1",0.57015822770292
18,"A4","p1","G03.5",3.5,TRUE,11,20,TRUE,28074.55,28096.0246926606,28095.4742719564,28096.4750368731,0,"A4 p1",0.291488018682752
18,"A4","p1","G04.0",4,TRUE,12,20,TRUE,28074.45,28095.9246161689,28095.4742719564,28096.4750368731,0,"A4 p1",0.176983531005902
18,"A4","p1","G04.5",4.5,TRUE,13,20,TRUE,28074.5,28095.9746544147,28095.4742719564,28096.4750368731,0,"A4 p1",0.3836685714806
18,"A4","p1","G05.0",5,TRUE,14,0,FALSE,NA,NA,Inf,-Inf,NA,"A4 p1",NA
18,"A4","p1","G05.5",5.5,TRUE,15,0,FALSE,NA,NA,NA,NA,NA,"A4 p1",NA
18,"A4","p1","G06.0",6,TRUE,16,0,FALSE,NA,NA,NA,NA,NA,"A4 p1",NA
18,"A4","p1","G06.5",6.5,TRUE,17,0,FALSE,NA,NA,NA,NA,NA,"A4 p1",NA
18,"A4","p1","G07.0",7,TRUE,18,0,FALSE,NA,NA,NA,NA,NA,"A4 p1",NA
18,"A4","p1","G07.5",7.5,TRUE,19,0,FALSE,NA,NA,NA,NA,NA,"A4 p1",NA
18,"A4","p1","G08.0",8,TRUE,20,0,FALSE,NA,NA,NA,NA,NA,"A4 p1",NA
18,"A4","p1","G08.5",8.5,TRUE,21,0,FALSE,NA,NA,NA,NA,NA,"A4 p1",NA
18,"A4","p1","G09.0",9,TRUE,22,0,FALSE,NA,NA,NA,NA,NA,"A4 p1",NA
18,"A4","p1","G09.5",9.5,TRUE,23,0,FALSE,NA,NA,NA,NA,NA,"A4 p1",NA
18,"A4","p1","G10.0",10,TRUE,24,0,FALSE,NA,NA,NA,NA,NA,"A4 p1",NA
18,"A4","p1","G10.5",10.5,TRUE,25,0,FALSE,NA,NA,NA,NA,NA,"A4 p1",NA
18,"A4","p1","G11.0",11,TRUE,26,0,FALSE,NA,NA,NA,NA,NA,"A4 p1",NA
18,"A4","p1","G11.5",11.5,TRUE,27,0,FALSE,NA,NA,NA,NA,NA,"A4 p1",NA
18,"A4","p1","G12.0",12,TRUE,28,0,FALSE,NA,NA,NA,NA,NA,"A4 p1",NA
18,"A4","p1","G12.5",12.5,TRUE,29,0,FALSE,NA,NA,NA,NA,NA,"A4 p1",NA
18,"A4","p1","G13.0",13,TRUE,30,0,FALSE,NA,NA,NA,NA,NA,"A4 p1",NA
18,"A4","p1","G13.5",13.5,TRUE,31,0,FALSE,NA,NA,NA,NA,NA,"A4 p1",NA
18,"A4","p1","G14.0",14,TRUE,32,0,FALSE,NA,NA,NA,NA,NA,"A4 p1",NA
18,"A4","p1","G14.5",14.5,TRUE,33,0,FALSE,NA,NA,NA,NA,NA,"A4 p1",NA
18,"A4","p1","G15.0",15,TRUE,34,0,FALSE,NA,NA,NA,NA,NA,"A4 p1",NA
18,"A4","p1","CSR",0,FALSE,1,20,TRUE,28074.55,28096.0246926606,28095.4742719564,28096.4750368731,0,"A4 p1",2.9114062144484
18,"A4","p1","PD",2.24394163896715,FALSE,2,20,TRUE,28074.65,28096.1247691522,28095.4742719564,28096.4750368731,0,"A4 p1",1.1139489593467
18,"A4","p1","NUC",4.2,FALSE,3,20,TRUE,28074.3,28095.7745014314,28095.4742719564,28096.4750368731,0,"A4 p1",0.218957446246102
19,"A4","p2","G00.0",0,TRUE,4,20,TRUE,27966.1,28095.9260572662,28095.8255930397,28096.830235305,0,"A4 p2",2.90719357899173
19,"A4","p2","G00.5",0.5,TRUE,5,20,TRUE,27966.25,28096.076753606,28095.8255930397,28096.830235305,0,"A4 p2",2.61394086543063
19,"A4","p2","G01.0",1,TRUE,6,20,TRUE,27966.1,28095.9260572662,28095.8255930397,28096.830235305,0,"A4 p2",2.18395846876727
19,"A4","p2","G01.5",1.5,TRUE,7,20,TRUE,27966.3,28096.1269857193,28095.8255930397,28096.830235305,0,"A4 p2",1.72027457343182
19,"A4","p2","G02.0",2,TRUE,8,20,TRUE,27966,28095.8255930397,28095.8255930397,28095.8255930397,0,"A4 p2",1.29100883978434
19,"A4","p2","G02.5",2.5,TRUE,9,20,TRUE,27966.15,28095.9762893795,28095.8255930397,28096.830235305,0,"A4 p2",0.913497894230431
19,"A4","p2","G03.0",3,TRUE,10,20,TRUE,27966.2,28096.0265214928,28095.8255930397,28096.830235305,0,"A4 p2",0.560118299643844
19,"A4","p2","G03.5",3.5,TRUE,11,20,TRUE,27966.25,28096.076753606,28095.8255930397,28096.830235305,0,"A4 p2",0.290660808976212
19,"A4","p2","G04.0",4,TRUE,12,20,TRUE,27966.15,28095.9762893795,28095.8255930397,28096.830235305,0,"A4 p2",0.203202767329756
19,"A4","p2","G04.5",4.5,TRUE,13,20,TRUE,27966.1,28095.9260572662,28095.8255930397,28096.830235305,0,"A4 p2",0.439160053490091
19,"A4","p2","G05.0",5,TRUE,14,0,FALSE,NA,NA,Inf,-Inf,NA,"A4 p2",NA
19,"A4","p2","G05.5",5.5,TRUE,15,0,FALSE,NA,NA,NA,NA,NA,"A4 p2",NA
19,"A4","p2","G06.0",6,TRUE,16,0,FALSE,NA,NA,NA,NA,NA,"A4 p2",NA
19,"A4","p2","G06.5",6.5,TRUE,17,0,FALSE,NA,NA,NA,NA,NA,"A4 p2",NA
19,"A4","p2","G07.0",7,TRUE,18,0,FALSE,NA,NA,NA,NA,NA,"A4 p2",NA
19,"A4","p2","G07.5",7.5,TRUE,19,0,FALSE,NA,NA,NA,NA,NA,"A4 p2",NA
19,"A4","p2","G08.0",8,TRUE,20,0,FALSE,NA,NA,NA,NA,NA,"A4 p2",NA
19,"A4","p2","G08.5",8.5,TRUE,21,0,FALSE,NA,NA,NA,NA,NA,"A4 p2",NA
19,"A4","p2","G09.0",9,TRUE,22,0,FALSE,NA,NA,NA,NA,NA,"A4 p2",NA
19,"A4","p2","G09.5",9.5,TRUE,23,0,FALSE,NA,NA,NA,NA,NA,"A4 p2",NA
19,"A4","p2","G10.0",10,TRUE,24,0,FALSE,NA,NA,NA,NA,NA,"A4 p2",NA
19,"A4","p2","G10.5",10.5,TRUE,25,0,FALSE,NA,NA,NA,NA,NA,"A4 p2",NA
19,"A4","p2","G11.0",11,TRUE,26,0,FALSE,NA,NA,NA,NA,NA,"A4 p2",NA
19,"A4","p2","G11.5",11.5,TRUE,27,0,FALSE,NA,NA,NA,NA,NA,"A4 p2",NA
19,"A4","p2","G12.0",12,TRUE,28,0,FALSE,NA,NA,NA,NA,NA,"A4 p2",NA
19,"A4","p2","G12.5",12.5,TRUE,29,0,FALSE,NA,NA,NA,NA,NA,"A4 p2",NA
19,"A4","p2","G13.0",13,TRUE,30,0,FALSE,NA,NA,NA,NA,NA,"A4 p2",NA
19,"A4","p2","G13.5",13.5,TRUE,31,0,FALSE,NA,NA,NA,NA,NA,"A4 p2",NA
19,"A4","p2","G14.0",14,TRUE,32,0,FALSE,NA,NA,NA,NA,NA,"A4 p2",NA
19,"A4","p2","G14.5",14.5,TRUE,33,0,FALSE,NA,NA,NA,NA,NA,"A4 p2",NA
19,"A4","p2","G15.0",15,TRUE,34,0,FALSE,NA,NA,NA,NA,NA,"A4 p2",NA
19,"A4","p2","CSR",0,FALSE,1,20,TRUE,27966.1,28095.9260572662,28095.8255930397,28096.830235305,0,"A4 p2",2.9073685945239
19,"A4","p2","PD",2.24394163896715,FALSE,2,20,TRUE,27966.2,28096.0265214928,28095.8255930397,28096.830235305,0,"A4 p2",1.11460353429942
19,"A4","p2","NUC",4.2,FALSE,3,20,TRUE,27966.25,28096.076753606,28095.8255930397,28096.830235305,0,"A4 p2",0.257028417022266
2,"A1","r2","G00.0",0,TRUE,4,20,TRUE,8474.75,12418.8329294509,12416.2684930219,12420.6646697573,0,"A1 r2",6.82934776480627
2,"A1","r2","G00.5",0.5,TRUE,5,20,TRUE,8474.7,12418.7596598386,12417.733885267,12420.6646697573,0,"A1 r2",6.48161166924978
2,"A1","r2","G01.0",1,TRUE,6,20,TRUE,8475.05,12419.2725471244,12417.733885267,12420.6646697573,0,"A1 r2",6.01430705932396
2,"A1","r2","G01.5",1.5,TRUE,7,20,TRUE,8474.7,12418.7596598386,12416.2684930219,12420.6646697573,0,"A1 r2",5.59603557173525
2,"A1","r2","G02.0",2,TRUE,8,20,TRUE,8474.8,12418.9061990631,12417.733885267,12420.6646697573,0,"A1 r2",5.28901783580832
2,"A1","r2","G02.5",2.5,TRUE,9,20,TRUE,8474.9,12419.0527382876,12417.733885267,12420.6646697573,0,"A1 r2",5.15478935313294
2,"A1","r2","G03.0",3,TRUE,10,20,TRUE,8475.05,12419.2725471244,12416.2684930219,12420.6646697573,0,"A1 r2",5.27211587491635
2,"A1","r2","G03.5",3.5,TRUE,11,20,TRUE,8474.8,12418.9061990631,12417.733885267,12420.6646697573,0,"A1 r2",5.65581053390216
2,"A1","r2","G04.0",4,TRUE,12,20,TRUE,8474.75,12418.8329294509,12417.733885267,12420.6646697573,0,"A1 r2",6.34139055407016
2,"A1","r2","G04.5",4.5,TRUE,13,20,TRUE,8474.55,12418.5398510018,12417.733885267,12420.6646697573,0,"A1 r2",7.2508663590745
2,"A1","r2","G05.0",5,TRUE,14,20,TRUE,8474.9,12419.0527382876,12416.2684930219,12420.6646697573,0,"A1 r2",8.32253153156036
2,"A1","r2","G05.5",5.5,TRUE,15,20,TRUE,8474.85,12418.9794686754,12417.733885267,12420.6646697573,0,"A1 r2",9.42274738715262
2,"A1","r2","G06.0",6,TRUE,16,20,TRUE,8474.75,12418.8329294509,12417.733885267,12420.6646697573,0,"A1 r2",10.5313012527298
2,"A1","r2","G06.5",6.5,TRUE,17,20,TRUE,8474.85,12418.9794686754,12416.2684930219,12420.6646697573,0,"A1 r2",11.609671957257
2,"A1","r2","G07.0",7,TRUE,18,20,TRUE,8474.65,12418.6863902263,12416.2684930219,12420.6646697573,0,"A1 r2",12.6941498348231
2,"A1","r2","G07.5",7.5,TRUE,19,0,FALSE,NA,NA,Inf,-Inf,NA,"A1 r2",NA
2,"A1","r2","G08.0",8,TRUE,20,0,FALSE,NA,NA,NA,NA,NA,"A1 r2",NA
2,"A1","r2","G08.5",8.5,TRUE,21,0,FALSE,NA,NA,NA,NA,NA,"A1 r2",NA
2,"A1","r2","G09.0",9,TRUE,22,0,FALSE,NA,NA,NA,NA,NA,"A1 r2",NA
2,"A1","r2","G09.5",9.5,TRUE,23,0,FALSE,NA,NA,NA,NA,NA,"A1 r2",NA
2,"A1","r2","G10.0",10,TRUE,24,0,FALSE,NA,NA,NA,NA,NA,"A1 r2",NA
2,"A1","r2","G10.5",10.5,TRUE,25,0,FALSE,NA,NA,NA,NA,NA,"A1 r2",NA
2,"A1","r2","G11.0",11,TRUE,26,0,FALSE,NA,NA,NA,NA,NA,"A1 r2",NA
2,"A1","r2","G11.5",11.5,TRUE,27,0,FALSE,NA,NA,NA,NA,NA,"A1 r2",NA
2,"A1","r2","G12.0",12,TRUE,28,0,FALSE,NA,NA,NA,NA,NA,"A1 r2",NA
2,"A1","r2","G12.5",12.5,TRUE,29,0,FALSE,NA,NA,NA,NA,NA,"A1 r2",NA
2,"A1","r2","G13.0",13,TRUE,30,0,FALSE,NA,NA,NA,NA,NA,"A1 r2",NA
2,"A1","r2","G13.5",13.5,TRUE,31,0,FALSE,NA,NA,NA,NA,NA,"A1 r2",NA
2,"A1","r2","G14.0",14,TRUE,32,0,FALSE,NA,NA,NA,NA,NA,"A1 r2",NA
2,"A1","r2","G14.5",14.5,TRUE,33,0,FALSE,NA,NA,NA,NA,NA,"A1 r2",NA
2,"A1","r2","G15.0",15,TRUE,34,0,FALSE,NA,NA,NA,NA,NA,"A1 r2",NA
2,"A1","r2","CSR",0,FALSE,1,20,TRUE,8475.2,12419.4923559612,12417.733885267,12420.6646697573,0,"A1 r2",6.86028609328081
2,"A1","r2","PD",3.37512988988323,FALSE,2,20,TRUE,8474.85,12418.9794686754,12417.733885267,12420.6646697573,0,"A1 r2",5.56461812317332
2,"A1","r2","NUC",4.1,FALSE,3,20,TRUE,8474.95,12419.1260078999,12417.733885267,12420.6646697573,0,"A1 r2",6.49033968806643
20,"A4","p3","G00.0",0,TRUE,4,20,TRUE,28101.55,28095.919902338,28095.3700125296,28096.3698121813,0,"A4 p3",2.95917672293607
20,"A4","p3","G00.5",0.5,TRUE,5,20,TRUE,28101.7,28096.0698722858,28095.3700125296,28096.3698121813,0,"A4 p3",2.68103034567619
20,"A4","p3","G01.0",1,TRUE,6,20,TRUE,28101.75,28096.1198622684,28095.3700125296,28096.3698121813,0,"A4 p3",2.24398019984643
20,"A4","p3","G01.5",1.5,TRUE,7,20,TRUE,28101.55,28095.919902338,28095.3700125296,28096.3698121813,0,"A4 p3",1.78549727270515
20,"A4","p3","G02.0",2,TRUE,8,20,TRUE,28101.6,28095.9698923206,28095.3700125296,28096.3698121813,0,"A4 p3",1.36397396216199
20,"A4","p3","G02.5",2.5,TRUE,9,20,TRUE,28101.5,28095.8699123554,28095.3700125296,28096.3698121813,0,"A4 p3",0.978458190649207
20,"A4","p3","G03.0",3,TRUE,10,20,TRUE,28101.75,28096.1198622684,28095.3700125296,28096.3698121813,0,"A4 p3",0.626382059271402
20,"A4","p3","G03.5",3.5,TRUE,11,20,TRUE,28101.5,28095.8699123554,28095.3700125296,28096.3698121813,0,"A4 p3",0.33027160552936
20,"A4","p3","G04.0",4,TRUE,12,20,TRUE,28101.8,28096.1698522509,28095.3700125296,28096.3698121813,0,"A4 p3",0.181784407839687
20,"A4","p3","G04.5",4.5,TRUE,13,20,TRUE,28101.55,28095.919902338,28095.3700125296,28096.3698121813,0,"A4 p3",0.323062336735157
20,"A4","p3","G05.0",5,TRUE,14,0,FALSE,NA,NA,Inf,-Inf,NA,"A4 p3",NA
20,"A4","p3","G05.5",5.5,TRUE,15,0,FALSE,NA,NA,NA,NA,NA,"A4 p3",NA
20,"A4","p3","G06.0",6,TRUE,16,0,FALSE,NA,NA,NA,NA,NA,"A4 p3",NA
20,"A4","p3","G06.5",6.5,TRUE,17,0,FALSE,NA,NA,NA,NA,NA,"A4 p3",NA
20,"A4","p3","G07.0",7,TRUE,18,0,FALSE,NA,NA,NA,NA,NA,"A4 p3",NA
20,"A4","p3","G07.5",7.5,TRUE,19,0,FALSE,NA,NA,NA,NA,NA,"A4 p3",NA
20,"A4","p3","G08.0",8,TRUE,20,0,FALSE,NA,NA,NA,NA,NA,"A4 p3",NA
20,"A4","p3","G08.5",8.5,TRUE,21,0,FALSE,NA,NA,NA,NA,NA,"A4 p3",NA
20,"A4","p3","G09.0",9,TRUE,22,0,FALSE,NA,NA,NA,NA,NA,"A4 p3",NA
20,"A4","p3","G09.5",9.5,TRUE,23,0,FALSE,NA,NA,NA,NA,NA,"A4 p3",NA
20,"A4","p3","G10.0",10,TRUE,24,0,FALSE,NA,NA,NA,NA,NA,"A4 p3",NA
20,"A4","p3","G10.5",10.5,TRUE,25,0,FALSE,NA,NA,NA,NA,NA,"A4 p3",NA
20,"A4","p3","G11.0",11,TRUE,26,0,FALSE,NA,NA,NA,NA,NA,"A4 p3",NA
20,"A4","p3","G11.5",11.5,TRUE,27,0,FALSE,NA,NA,NA,NA,NA,"A4 p3",NA
20,"A4","p3","G12.0",12,TRUE,28,0,FALSE,NA,NA,NA,NA,NA,"A4 p3",NA
20,"A4","p3","G12.5",12.5,TRUE,29,0,FALSE,NA,NA,NA,NA,NA,"A4 p3",NA
20,"A4","p3","G13.0",13,TRUE,30,0,FALSE,NA,NA,NA,NA,NA,"A4 p3",NA
20,"A4","p3","G13.5",13.5,TRUE,31,0,FALSE,NA,NA,NA,NA,NA,"A4 p3",NA
20,"A4","p3","G14.0",14,TRUE,32,0,FALSE,NA,NA,NA,NA,NA,"A4 p3",NA
20,"A4","p3","G14.5",14.5,TRUE,33,0,FALSE,NA,NA,NA,NA,NA,"A4 p3",NA
20,"A4","p3","G15.0",15,TRUE,34,0,FALSE,NA,NA,NA,NA,NA,"A4 p3",NA
20,"A4","p3","CSR",0,FALSE,1,20,TRUE,28101.55,28095.919902338,28095.3700125296,28096.3698121813,0,"A4 p3",2.96187018020069
20,"A4","p3","PD",2.24394163896715,FALSE,2,20,TRUE,28101.6,28095.9698923206,28095.3700125296,28096.3698121813,0,"A4 p3",1.17813320664951
20,"A4","p3","NUC",4.2,FALSE,3,20,TRUE,28101.6,28095.9698923206,28095.3700125296,28096.3698121813,0,"A4 p3",0.199847641877535
21,"A5","r1","G00.0",0,TRUE,4,20,TRUE,883.95,1185.01201068329,1182.39786574202,1186.41962719012,0,"A5 r1",4.0309856681558
21,"A5","r1","G00.5",0.5,TRUE,5,20,TRUE,883.75,1184.74389325341,1182.39786574202,1186.41962719012,0,"A5 r1",4.17949696193151
21,"A5","r1","G01.0",1,TRUE,6,20,TRUE,883.8,1184.81092261088,1182.39786574202,1186.41962719012,0,"A5 r1",3.50465450651531
21,"A5","r1","G01.5",1.5,TRUE,7,20,TRUE,884.15,1185.28012811316,1183.73845289139,1186.41962719012,0,"A5 r1",3.26148862738092
21,"A5","r1","G02.0",2,TRUE,8,20,TRUE,883.9,1184.94498132582,1182.39786574202,1186.41962719012,0,"A5 r1",3.07068792674582
21,"A5","r1","G02.5",2.5,TRUE,9,20,TRUE,883.8,1184.81092261088,1183.73845289139,1186.41962719012,0,"A5 r1",3.13504924826601
21,"A5","r1","G03.0",3,TRUE,10,20,TRUE,883.7,1184.67686389595,1183.73845289139,1186.41962719012,0,"A5 r1",3.14919491885464
21,"A5","r1","G03.5",3.5,TRUE,11,20,TRUE,884.25,1185.4141868281,1183.73845289139,1186.41962719012,0,"A5 r1",3.49418724782401
21,"A5","r1","G04.0",4,TRUE,12,20,TRUE,884.3,1185.48121618557,1183.73845289139,1186.41962719012,0,"A5 r1",3.58092513571415
21,"A5","r1","G04.5",4.5,TRUE,13,20,TRUE,883.9,1184.94498132582,1182.39786574202,1186.41962719012,0,"A5 r1",4.26514116085376
21,"A5","r1","G05.0",5,TRUE,14,20,TRUE,883.85,1184.87795196835,1182.39786574202,1186.41962719012,0,"A5 r1",4.68472952625922
21,"A5","r1","G05.5",5.5,TRUE,15,20,TRUE,884.05,1185.14606939822,1183.73845289139,1186.41962719012,0,"A5 r1",5.19660628942717
21,"A5","r1","G06.0",6,TRUE,16,20,TRUE,883.85,1184.87795196835,1182.39786574202,1186.41962719012,0,"A5 r1",5.40380705056374
21,"A5","r1","G06.5",6.5,TRUE,17,20,TRUE,883.8,1184.81092261088,1182.39786574202,1186.41962719012,0,"A5 r1",6.36511934342117
21,"A5","r1","G07.0",7,TRUE,18,20,TRUE,884.05,1185.14606939822,1183.73845289139,1186.41962719012,0,"A5 r1",7.07577634550606
21,"A5","r1","G07.5",7.5,TRUE,19,20,TRUE,883.7,1184.67686389595,1182.39786574202,1186.41962719012,0,"A5 r1",7.42326668933345
21,"A5","r1","G08.0",8,TRUE,20,20,TRUE,883.95,1185.01201068329,1182.39786574202,1186.41962719012,0,"A5 r1",8.21566624172671
21,"A5","r1","G08.5",8.5,TRUE,21,20,TRUE,884.05,1185.14606939822,1183.73845289139,1186.41962719012,0,"A5 r1",8.94722935958654
21,"A5","r1","G09.0",9,TRUE,22,20,TRUE,884.15,1185.28012811316,1182.39786574202,1186.41962719012,0,"A5 r1",9.66332713232638
21,"A5","r1","G09.5",9.5,TRUE,23,20,TRUE,883.95,1185.01201068329,1183.73845289139,1186.41962719012,0,"A5 r1",10.3062298911413
21,"A5","r1","G10.0",10,TRUE,24,20,TRUE,884,1185.07904004076,1182.39786574202,1186.41962719012,0,"A5 r1",11.3444588256447
21,"A5","r1","G10.5",10.5,TRUE,25,20,TRUE,883.85,1184.87795196835,1182.39786574202,1186.41962719012,0,"A5 r1",12.2688554509865
21,"A5","r1","G11.0",11,TRUE,26,20,TRUE,884.15,1185.28012811316,1183.73845289139,1186.41962719012,0,"A5 r1",13.1458049105506
21,"A5","r1","G11.5",11.5,TRUE,27,20,TRUE,883.65,1184.60983453848,1182.39786574202,1186.41962719012,0,"A5 r1",13.9526754530286
21,"A5","r1","G12.0",12,TRUE,28,20,TRUE,883.6,1184.54280518101,1182.39786574202,1186.41962719012,0,"A5 r1",14.9805070740689
21,"A5","r1","G12.5",12.5,TRUE,29,20,TRUE,884.15,1185.28012811316,1182.39786574202,1186.41962719012,0,"A5 r1",15.9740560617761
21,"A5","r1","G13.0",13,TRUE,30,20,TRUE,884.2,1185.34715747063,1183.73845289139,1186.41962719012,0,"A5 r1",16.7804541027092
21,"A5","r1","G13.5",13.5,TRUE,31,20,TRUE,883.9,1184.94498132582,1182.39786574202,1186.41962719012,0,"A5 r1",17.6597242601804
21,"A5","r1","G14.0",14,TRUE,32,20,TRUE,883.7,1184.67686389595,1182.39786574202,1186.41962719012,0,"A5 r1",18.6360560626434
21,"A5","r1","G14.5",14.5,TRUE,33,20,TRUE,883.7,1184.67686389595,1182.39786574202,1186.41962719012,0,"A5 r1",19.6843390736577
21,"A5","r1","G15.0",15,TRUE,34,20,TRUE,883.9,1184.94498132582,1183.73845289139,1186.41962719012,0,"A5 r1",20.5593305506526
21,"A5","r1","CSR",0,FALSE,1,20,TRUE,884.05,1185.14606939822,1183.73845289139,1186.41962719012,0,"A5 r1",4.36677356858031
21,"A5","r1","PD",10.926337959421,FALSE,2,20,TRUE,883.85,1184.87795196835,1182.39786574202,1186.41962719012,0,"A5 r1",13.0329602502974
21,"A5","r1","NUC",11.3,FALSE,3,20,TRUE,884.05,1185.14606939822,1183.73845289139,1186.41962719012,0,"A5 r1",13.7790007900082
22,"A5","r2","G00.0",0,TRUE,4,20,TRUE,995.5,1184.97343298497,1181.99760819093,1186.75892786139,0,"A5 r2",6.85126864837976
22,"A5","r2","G00.5",0.5,TRUE,5,20,TRUE,995.5,1184.97343298497,1181.99760819093,1186.75892786139,0,"A5 r2",6.75456934196842
22,"A5","r2","G01.0",1,TRUE,6,20,TRUE,995.55,1185.03294948085,1183.18793810854,1186.75892786139,0,"A5 r2",6.50627672421277
22,"A5","r2","G01.5",1.5,TRUE,7,20,TRUE,995.55,1185.03294948085,1183.18793810854,1186.75892786139,0,"A5 r2",5.3027197360049
22,"A5","r2","G02.0",2,TRUE,8,20,TRUE,995.55,1185.03294948085,1183.18793810854,1186.75892786139,0,"A5 r2",4.65816411518693
22,"A5","r2","G02.5",2.5,TRUE,9,20,TRUE,995.5,1184.97343298497,1183.18793810854,1186.75892786139,0,"A5 r2",4.34242931443327
22,"A5","r2","G03.0",3,TRUE,10,20,TRUE,995.7,1185.21149896849,1183.18793810854,1186.75892786139,0,"A5 r2",3.26794669668408
22,"A5","r2","G03.5",3.5,TRUE,11,20,TRUE,995.8,1185.33053196025,1181.99760819093,1186.75892786139,0,"A5 r2",2.88211836865202
22,"A5","r2","G04.0",4,TRUE,12,20,TRUE,995.45,1184.91391648909,1181.99760819093,1186.75892786139,0,"A5 r2",2.57516688241524
22,"A5","r2","G04.5",4.5,TRUE,13,20,TRUE,995.45,1184.91391648909,1181.99760819093,1186.75892786139,0,"A5 r2",2.06976010462663
22,"A5","r2","G05.0",5,TRUE,14,20,TRUE,995.35,1184.79488349732,1183.18793810854,1186.75892786139,0,"A5 r2",1.86794137712458
22,"A5","r2","G05.5",5.5,TRUE,15,20,TRUE,994.95,1184.31875153028,1181.99760819093,1185.56859794377,0,"A5 r2",1.40412667293676
22,"A5","r2","G06.0",6,TRUE,16,20,TRUE,995.45,1184.91391648909,1183.18793810854,1186.75892786139,0,"A5 r2",1.27912580725723
22,"A5","r2","G06.5",6.5,TRUE,17,20,TRUE,995.75,1185.27101546437,1183.18793810854,1186.75892786139,0,"A5 r2",0.825946904228422
22,"A5","r2","G07.0",7,TRUE,18,20,TRUE,995.4,1184.8543999932,1183.18793810854,1186.75892786139,0,"A5 r2",0.679591811912798
22,"A5","r2","G07.5",7.5,TRUE,19,20,TRUE,995.5,1184.97343298497,1183.18793810854,1186.75892786139,0,"A5 r2",0.547005078931301
22,"A5","r2","G08.0",8,TRUE,20,20,TRUE,995.5,1184.97343298497,1183.18793810854,1186.75892786139,0,"A5 r2",0.385495633222653
22,"A5","r2","G08.5",8.5,TRUE,21,20,TRUE,995.35,1184.79488349732,1181.99760819093,1186.75892786139,0,"A5 r2",0.347212697645358
22,"A5","r2","G09.0",9,TRUE,22,20,TRUE,995.25,1184.67585050556,1181.99760819093,1186.75892786139,0,"A5 r2",0.296103490629385
22,"A5","r2","G09.5",9.5,TRUE,23,20,TRUE,995.45,1184.91391648909,1183.18793810854,1186.75892786139,0,"A5 r2",0.314883068961972
22,"A5","r2","G10.0",10,TRUE,24,20,TRUE,995.2,1184.61633400968,1183.18793810854,1185.56859794377,0,"A5 r2",0.381150747305531
22,"A5","r2","G10.5",10.5,TRUE,25,20,TRUE,995.35,1184.79488349732,1183.18793810854,1186.75892786139,0,"A5 r2",0.469565079354368
22,"A5","r2","G11.0",11,TRUE,26,20,TRUE,995.8,1185.33053196025,1183.18793810854,1186.75892786139,0,"A5 r2",0.602857606905583
22,"A5","r2","G11.5",11.5,TRUE,27,20,TRUE,995.25,1184.67585050556,1183.18793810854,1186.75892786139,0,"A5 r2",0.813034103875399
22,"A5","r2","G12.0",12,TRUE,28,20,TRUE,995.55,1185.03294948085,1183.18793810854,1186.75892786139,0,"A5 r2",0.967523424479874
22,"A5","r2","G12.5",12.5,TRUE,29,20,TRUE,995.25,1184.67585050556,1181.99760819093,1185.56859794377,0,"A5 r2",1.23634576049154
22,"A5","r2","G13.0",13,TRUE,30,20,TRUE,995.4,1184.8543999932,1183.18793810854,1186.75892786139,0,"A5 r2",1.54174147504545
22,"A5","r2","G13.5",13.5,TRUE,31,20,TRUE,995.95,1185.50908144789,1184.37826802616,1186.75892786139,0,"A5 r2",1.83076480581176
22,"A5","r2","G14.0",14,TRUE,32,20,TRUE,995.2,1184.61633400968,1183.18793810854,1186.75892786139,0,"A5 r2",2.18077354003105
22,"A5","r2","G14.5",14.5,TRUE,33,20,TRUE,995.6,1185.09246597673,1183.18793810854,1186.75892786139,0,"A5 r2",2.47510674061531
22,"A5","r2","G15.0",15,TRUE,34,20,TRUE,995.05,1184.43778452204,1183.18793810854,1185.56859794377,0,"A5 r2",2.83034593638042
22,"A5","r2","CSR",0,FALSE,1,20,TRUE,995.5,1184.97343298497,1183.18793810854,1186.75892786139,0,"A5 r2",7.31378054662897
22,"A5","r2","PD",10.926337959421,FALSE,2,20,TRUE,995.7,1185.21149896849,1184.37826802616,1186.75892786139,0,"A5 r2",0.63408380976882
22,"A5","r2","NUC",11.3,FALSE,3,20,TRUE,995.55,1185.03294948085,1183.18793810854,1186.75892786139,0,"A5 r2",0.706014346436546
23,"A5","r3","G00.0",0,TRUE,4,20,TRUE,924.8,1184.81330760933,1181.2260700863,1186.35069511921,0,"A5 r3",7.42483187037884
23,"A5","r3","G00.5",0.5,TRUE,5,20,TRUE,924.95,1185.00548104807,1182.50722634452,1187.63185137744,0,"A5 r3",6.26265791678137
23,"A5","r3","G01.0",1,TRUE,6,20,TRUE,925.3,1185.45388573845,1183.78838260275,1187.63185137744,0,"A5 r3",5.91876792923669
23,"A5","r3","G01.5",1.5,TRUE,7,20,TRUE,924.85,1184.87736542225,1181.2260700863,1188.91300763566,0,"A5 r3",5.42299493820406
23,"A5","r3","G02.0",2,TRUE,8,20,TRUE,925.15,1185.26171229971,1182.50722634452,1187.63185137744,0,"A5 r3",4.90303042737851
23,"A5","r3","G02.5",2.5,TRUE,9,20,TRUE,925.2,1185.32577011263,1182.50722634452,1187.63185137744,0,"A5 r3",3.73319999168753
23,"A5","r3","G03.0",3,TRUE,10,20,TRUE,924.5,1184.42896073187,1182.50722634452,1187.63185137744,0,"A5 r3",3.84638404134184
23,"A5","r3","G03.5",3.5,TRUE,11,20,TRUE,925.2,1185.32577011263,1183.78838260275,1190.19416389389,0,"A5 r3",2.96688963030837
23,"A5","r3","G04.0",4,TRUE,12,20,TRUE,925,1185.06953886098,1181.2260700863,1187.63185137744,0,"A5 r3",2.3157939533885
23,"A5","r3","G04.5",4.5,TRUE,13,20,TRUE,925.45,1185.64605917718,1182.50722634452,1188.91300763566,0,"A5 r3",2.22575029236392
23,"A5","r3","G05.0",5,TRUE,14,20,TRUE,925.55,1185.77417480301,1181.2260700863,1187.63185137744,0,"A5 r3",1.78484091390124
23,"A5","r3","G05.5",5.5,TRUE,15,20,TRUE,925.35,1185.51794355136,1182.50722634452,1188.91300763566,0,"A5 r3",1.43866671873648
23,"A5","r3","G06.0",6,TRUE,16,20,TRUE,924.7,1184.68519198351,1182.50722634452,1186.35069511921,0,"A5 r3",1.09162910168842
23,"A5","r3","G06.5",6.5,TRUE,17,20,TRUE,925.25,1185.38982792554,1182.50722634452,1188.91300763566,0,"A5 r3",0.889089255396945
23,"A5","r3","G07.0",7,TRUE,18,20,TRUE,925.65,1185.90229042883,1183.78838260275,1188.91300763566,0,"A5 r3",0.621342787250146
23,"A5","r3","G07.5",7.5,TRUE,19,20,TRUE,924.85,1184.87736542225,1181.2260700863,1187.63185137744,0,"A5 r3",0.430017114388213
23,"A5","r3","G08.0",8,TRUE,20,20,TRUE,924.8,1184.81330760933,1182.50722634452,1187.63185137744,0,"A5 r3",0.333734740642981
23,"A5","r3","G08.5",8.5,TRUE,21,20,TRUE,925.05,1185.13359667389,1182.50722634452,1187.63185137744,0,"A5 r3",0.20808240438433
23,"A5","r3","G09.0",9,TRUE,22,20,TRUE,925.35,1185.51794355136,1182.50722634452,1188.91300763566,0,"A5 r3",0.193726817200473
23,"A5","r3","G09.5",9.5,TRUE,23,20,TRUE,925.05,1185.13359667389,1183.78838260275,1187.63185137744,0,"A5 r3",0.218435856090139
23,"A5","r3","G10.0",10,TRUE,24,20,TRUE,924.8,1184.81330760933,1182.50722634452,1188.91300763566,0,"A5 r3",0.31117161422148
23,"A5","r3","G10.5",10.5,TRUE,25,20,TRUE,924.75,1184.74924979642,1182.50722634452,1187.63185137744,0,"A5 r3",0.477353143494981
23,"A5","r3","G11.0",11,TRUE,26,20,TRUE,925.05,1185.13359667389,1182.50722634452,1187.63185137744,0,"A5 r3",0.576193780068302
23,"A5","r3","G11.5",11.5,TRUE,27,20,TRUE,925,1185.06953886098,1182.50722634452,1187.63185137744,0,"A5 r3",0.81576760445686
23,"A5","r3","G12.0",12,TRUE,28,20,TRUE,925.05,1185.13359667389,1182.50722634452,1187.63185137744,0,"A5 r3",1.09573245772835
23,"A5","r3","G12.5",12.5,TRUE,29,20,TRUE,925.3,1185.45388573845,1182.50722634452,1188.91300763566,0,"A5 r3",1.39925382205808
23,"A5","r3","G13.0",13,TRUE,30,20,TRUE,924.7,1184.68519198351,1182.50722634452,1187.63185137744,0,"A5 r3",1.81257774461667
23,"A5","r3","G13.5",13.5,TRUE,31,20,TRUE,925.1,1185.1976544868,1182.50722634452,1187.63185137744,0,"A5 r3",2.14421643339257
23,"A5","r3","G14.0",14,TRUE,32,20,TRUE,924.65,1184.6211341706,1182.50722634452,1188.91300763566,0,"A5 r3",2.58091972995416
23,"A5","r3","G14.5",14.5,TRUE,33,20,TRUE,924.7,1184.68519198351,1182.50722634452,1187.63185137744,0,"A5 r3",3.00462979440918
23,"A5","r3","G15.0",15,TRUE,34,20,TRUE,925.15,1185.26171229971,1182.50722634452,1187.63185137744,0,"A5 r3",3.43918532615787
23,"A5","r3","CSR",0,FALSE,1,20,TRUE,924.7,1184.68519198351,1181.2260700863,1187.63185137744,0,"A5 r3",6.38659589037924
23,"A5","r3","PD",10.926337959421,FALSE,2,20,TRUE,924.95,1185.00548104807,1182.50722634452,1187.63185137744,0,"A5 r3",0.558472158748623
23,"A5","r3","NUC",11.3,FALSE,3,20,TRUE,925,1185.06953886098,1181.2260700863,1188.91300763566,0,"A5 r3",0.734627869923765
24,"A5","r4","G00.0",0,TRUE,4,20,TRUE,886.5,1184.79712141969,1182.79238855773,1186.80185428165,0,"A5 r4",7.85165296084882
24,"A5","r4","G00.5",0.5,TRUE,5,20,TRUE,886.7,1185.06441913462,1184.12887713237,1186.80185428165,0,"A5 r4",7.15857463477536
24,"A5","r4","G01.0",1,TRUE,6,20,TRUE,886.6,1184.93077027715,1182.79238855773,1186.80185428165,0,"A5 r4",6.59155132948219
24,"A5","r4","G01.5",1.5,TRUE,7,20,TRUE,886.55,1184.86394584842,1182.79238855773,1186.80185428165,0,"A5 r4",5.66215938039978
24,"A5","r4","G02.0",2,TRUE,8,20,TRUE,886.9,1185.33171684954,1184.12887713237,1186.80185428165,0,"A5 r4",5.02182289998243
24,"A5","r4","G02.5",2.5,TRUE,9,20,TRUE,886.75,1185.13124356335,1184.12887713237,1185.46536570701,0,"A5 r4",4.60794867608779
24,"A5","r4","G03.0",3,TRUE,10,20,TRUE,886.85,1185.26489242081,1184.12887713237,1186.80185428165,0,"A5 r4",3.95024620312062
24,"A5","r4","G03.5",3.5,TRUE,11,20,TRUE,886.75,1185.13124356335,1184.12887713237,1186.80185428165,0,"A5 r4",3.46322795212562
24,"A5","r4","G04.0",4,TRUE,12,20,TRUE,886.6,1184.93077027715,1184.12887713237,1185.46536570701,0,"A5 r4",3.10195480541923
24,"A5","r4","G04.5",4.5,TRUE,13,20,TRUE,886.8,1185.19806799208,1182.79238855773,1186.80185428165,0,"A5 r4",2.85169409712074
24,"A5","r4","G05.0",5,TRUE,14,20,TRUE,886.85,1185.26489242081,1184.12887713237,1186.80185428165,0,"A5 r4",2.39463671996063
24,"A5","r4","G05.5",5.5,TRUE,15,20,TRUE,886.5,1184.79712141969,1182.79238855773,1186.80185428165,0,"A5 r4",2.04274304019243
24,"A5","r4","G06.0",6,TRUE,16,20,TRUE,886.55,1184.86394584842,1182.79238855773,1186.80185428165,0,"A5 r4",1.64246199600033
24,"A5","r4","G06.5",6.5,TRUE,17,20,TRUE,886.95,1185.39854127828,1182.79238855773,1186.80185428165,0,"A5 r4",1.59464216051167
24,"A5","r4","G07.0",7,TRUE,18,20,TRUE,886.5,1184.79712141969,1182.79238855773,1186.80185428165,0,"A5 r4",1.38508256239618
24,"A5","r4","G07.5",7.5,TRUE,19,20,TRUE,886.55,1184.86394584842,1182.79238855773,1186.80185428165,0,"A5 r4",1.22405529120554
24,"A5","r4","G08.0",8,TRUE,20,20,TRUE,886.6,1184.93077027715,1182.79238855773,1186.80185428165,0,"A5 r4",1.1793233781875
24,"A5","r4","G08.5",8.5,TRUE,21,20,TRUE,886.4,1184.66347256222,1182.79238855773,1185.46536570701,0,"A5 r4",1.10171051710978
24,"A5","r4","G09.0",9,TRUE,22,20,TRUE,886.65,1184.99759470588,1182.79238855773,1186.80185428165,0,"A5 r4",1.00957366977321
24,"A5","r4","G09.5",9.5,TRUE,23,20,TRUE,886.8,1185.19806799208,1184.12887713237,1185.46536570701,0,"A5 r4",1.08657944798659
24,"A5","r4","G10.0",10,TRUE,24,20,TRUE,886.65,1184.99759470588,1184.12887713237,1186.80185428165,0,"A5 r4",1.1975944194041
24,"A5","r4","G10.5",10.5,TRUE,25,20,TRUE,886.8,1185.19806799208,1184.12887713237,1186.80185428165,0,"A5 r4",1.32128323815769
24,"A5","r4","G11.0",11,TRUE,26,20,TRUE,886.4,1184.66347256222,1184.12887713237,1185.46536570701,0,"A5 r4",1.44778679359859
24,"A5","r4","G11.5",11.5,TRUE,27,20,TRUE,886.65,1184.99759470588,1182.79238855773,1185.46536570701,0,"A5 r4",1.7281335906885
24,"A5","r4","G12.0",12,TRUE,28,20,TRUE,886.75,1185.13124356335,1182.79238855773,1186.80185428165,0,"A5 r4",1.93034602760118
24,"A5","r4","G12.5",12.5,TRUE,29,20,TRUE,886.75,1185.13124356335,1184.12887713237,1186.80185428165,0,"A5 r4",2.17182614084099
24,"A5","r4","G13.0",13,TRUE,30,20,TRUE,886.6,1184.93077027715,1184.12887713237,1186.80185428165,0,"A5 r4",2.57468013173696
24,"A5","r4","G13.5",13.5,TRUE,31,20,TRUE,886.7,1185.06441913462,1184.12887713237,1186.80185428165,0,"A5 r4",2.9248890465603
24,"A5","r4","G14.0",14,TRUE,32,20,TRUE,886.4,1184.66347256222,1182.79238855773,1186.80185428165,0,"A5 r4",3.37218846112025
24,"A5","r4","G14.5",14.5,TRUE,33,20,TRUE,886.65,1184.99759470588,1182.79238855773,1185.46536570701,0,"A5 r4",3.7508205729595
24,"A5","r4","G15.0",15,TRUE,34,20,TRUE,886.75,1185.13124356335,1184.12887713237,1186.80185428165,0,"A5 r4",4.36680747771215
24,"A5","r4","CSR",0,FALSE,1,20,TRUE,886.5,1184.79712141969,1182.79238855773,1186.80185428165,0,"A5 r4",7.31286418714145
24,"A5","r4","PD",10.926337959421,FALSE,2,20,TRUE,886.85,1185.26489242081,1184.12887713237,1186.80185428165,0,"A5 r4",1.43991260904899
24,"A5","r4","NUC",11.3,FALSE,3,20,TRUE,886.55,1184.86394584842,1182.79238855773,1186.80185428165,0,"A5 r4",1.57088268062519
25,"A5","r5","G00.0",0,TRUE,4,20,TRUE,1029.85,1185.002671163,1184.02461390176,1185.17526950322,0,"A5 r5",5.15199125140024
25,"A5","r5","G00.5",0.5,TRUE,5,20,TRUE,1029.9,1185.06020394307,1184.02461390176,1185.17526950322,0,"A5 r5",3.9017452759437
25,"A5","r5","G01.0",1,TRUE,6,20,TRUE,1029.8,1184.94513838292,1184.02461390176,1185.17526950322,0,"A5 r5",3.2725576041819
25,"A5","r5","G01.5",1.5,TRUE,7,20,TRUE,1029.95,1185.11773672314,1184.02461390176,1185.17526950322,0,"A5 r5",2.94525833229416
25,"A5","r5","G02.0",2,TRUE,8,20,TRUE,1029.8,1184.94513838292,1184.02461390176,1185.17526950322,0,"A5 r5",2.67655042809204
25,"A5","r5","G02.5",2.5,TRUE,9,20,TRUE,1029.75,1184.88760560285,1184.02461390176,1185.17526950322,0,"A5 r5",2.1306907257119
25,"A5","r5","G03.0",3,TRUE,10,20,TRUE,1029.9,1185.06020394307,1184.02461390176,1185.17526950322,0,"A5 r5",1.74031793433469
25,"A5","r5","G03.5",3.5,TRUE,11,20,TRUE,1029.85,1185.002671163,1184.02461390176,1185.17526950322,0,"A5 r5",1.52261432953581
25,"A5","r5","G04.0",4,TRUE,12,20,TRUE,1029.8,1184.94513838292,1184.02461390176,1185.17526950322,0,"A5 r5",1.0432423961425
25,"A5","r5","G04.5",4.5,TRUE,13,20,TRUE,1029.9,1185.06020394307,1184.02461390176,1185.17526950322,0,"A5 r5",0.849185177900069
25,"A5","r5","G05.0",5,TRUE,14,20,TRUE,1029.85,1185.002671163,1184.02461390176,1185.17526950322,0,"A5 r5",0.807365619725619
25,"A5","r5","G05.5",5.5,TRUE,15,20,TRUE,1029.75,1184.88760560285,1184.02461390176,1185.17526950322,0,"A5 r5",0.612709717119529
25,"A5","r5","G06.0",6,TRUE,16,20,TRUE,1029.75,1184.88760560285,1184.02461390176,1185.17526950322,0,"A5 r5",0.521699965847337
25,"A5","r5","G06.5",6.5,TRUE,17,20,TRUE,1029.75,1184.88760560285,1184.02461390176,1185.17526950322,0,"A5 r5",0.544639114941125
25,"A5","r5","G07.0",7,TRUE,18,20,TRUE,1029.9,1185.06020394307,1184.02461390176,1185.17526950322,0,"A5 r5",0.55460500536679
25,"A5","r5","G07.5",7.5,TRUE,19,20,TRUE,1029.85,1185.002671163,1184.02461390176,1185.17526950322,0,"A5 r5",0.738417798890576
25,"A5","r5","G08.0",8,TRUE,20,20,TRUE,1029.9,1185.06020394307,1184.02461390176,1185.17526950322,0,"A5 r5",0.75115802615065
25,"A5","r5","G08.5",8.5,TRUE,21,20,TRUE,1029.75,1184.88760560285,1184.02461390176,1185.17526950322,0,"A5 r5",1.08712183182512
25,"A5","r5","G09.0",9,TRUE,22,20,TRUE,1029.9,1185.06020394307,1184.02461390176,1185.17526950322,0,"A5 r5",1.2006729240369
25,"A5","r5","G09.5",9.5,TRUE,23,20,TRUE,1029.95,1185.11773672314,1184.02461390176,1185.17526950322,0,"A5 r5",1.6207054569079
25,"A5","r5","G10.0",10,TRUE,24,20,TRUE,1029.75,1184.88760560285,1184.02461390176,1185.17526950322,0,"A5 r5",1.96939623007912
25,"A5","r5","G10.5",10.5,TRUE,25,20,TRUE,1029.75,1184.88760560285,1184.02461390176,1185.17526950322,0,"A5 r5",2.35409535378749
25,"A5","r5","G11.0",11,TRUE,26,20,TRUE,1029.9,1185.06020394307,1184.02461390176,1185.17526950322,0,"A5 r5",2.81487233542413
25,"A5","r5","G11.5",11.5,TRUE,27,20,TRUE,1029.9,1185.06020394307,1184.02461390176,1185.17526950322,0,"A5 r5",3.26242705493922
25,"A5","r5","G12.0",12,TRUE,28,20,TRUE,1029.85,1185.002671163,1184.02461390176,1185.17526950322,0,"A5 r5",3.81917080766355
25,"A5","r5","G12.5",12.5,TRUE,29,20,TRUE,1029.95,1185.11773672314,1184.02461390176,1185.17526950322,0,"A5 r5",4.30701171125569
25,"A5","r5","G13.0",13,TRUE,30,20,TRUE,1029.9,1185.06020394307,1184.02461390176,1185.17526950322,0,"A5 r5",4.85981392491683
25,"A5","r5","G13.5",13.5,TRUE,31,20,TRUE,1029.75,1184.88760560285,1184.02461390176,1185.17526950322,0,"A5 r5",5.40521778053908
25,"A5","r5","G14.0",14,TRUE,32,20,TRUE,1029.9,1185.06020394307,1184.02461390176,1185.17526950322,0,"A5 r5",5.9802618055589
25,"A5","r5","G14.5",14.5,TRUE,33,20,TRUE,1029.9,1185.06020394307,1184.02461390176,1185.17526950322,0,"A5 r5",6.52086271041636
25,"A5","r5","G15.0",15,TRUE,34,20,TRUE,1030,1185.17526950322,1185.17526950322,1185.17526950322,0,"A5 r5",7.19016250176169
25,"A5","r5","CSR",0,FALSE,1,20,TRUE,1029.8,1184.94513838292,1184.02461390176,1185.17526950322,0,"A5 r5",4.57133484539548
25,"A5","r5","PD",10.926337959421,FALSE,2,20,TRUE,1029.9,1185.06020394307,1184.02461390176,1185.17526950322,0,"A5 r5",2.68629384925648
25,"A5","r5","NUC",11.3,FALSE,3,20,TRUE,1029.95,1185.11773672314,1184.02461390176,1185.17526950322,0,"A5 r5",3.12106786531661
26,"A6","r1","G00.0",0,TRUE,4,20,TRUE,912.7,988.081496020683,987.323681791238,988.406273547588,0,"A6 r1",1.14116545606416
26,"A6","r1","G00.5",0.5,TRUE,5,20,TRUE,912.6,987.973236845048,987.323681791238,988.406273547588,0,"A6 r1",1.17100706743901
26,"A6","r1","G01.0",1,TRUE,6,20,TRUE,912.6,987.973236845048,987.323681791238,988.406273547588,0,"A6 r1",0.916837603341897
26,"A6","r1","G01.5",1.5,TRUE,7,20,TRUE,912.45,987.810848081596,987.323681791238,988.406273547588,0,"A6 r1",0.936710960578719
26,"A6","r1","G02.0",2,TRUE,8,20,TRUE,912.6,987.973236845048,987.323681791238,988.406273547588,0,"A6 r1",0.928698861084121
26,"A6","r1","G02.5",2.5,TRUE,9,20,TRUE,912.5,987.864977669413,987.323681791238,988.406273547588,0,"A6 r1",0.999436146635513
26,"A6","r1","G03.0",3,TRUE,10,20,TRUE,912.7,988.081496020683,987.323681791238,988.406273547588,0,"A6 r1",1.08585288245658
26,"A6","r1","G03.5",3.5,TRUE,11,20,TRUE,912.7,988.081496020683,987.323681791238,989.488865303938,0,"A6 r1",1.33103234522225
26,"A6","r1","G04.0",4,TRUE,12,20,TRUE,912.65,988.027366432866,987.323681791238,988.406273547588,0,"A6 r1",1.69796037113069
26,"A6","r1","G04.5",4.5,TRUE,13,20,TRUE,912.6,987.973236845048,987.323681791238,988.406273547588,0,"A6 r1",2.11842985009818
26,"A6","r1","G05.0",5,TRUE,14,20,TRUE,912.6,987.973236845048,987.323681791238,988.406273547588,0,"A6 r1",2.66972396621377
26,"A6","r1","G05.5",5.5,TRUE,15,20,TRUE,912.7,988.081496020683,987.323681791238,988.406273547588,0,"A6 r1",3.08076540845932
26,"A6","r1","G06.0",6,TRUE,16,20,TRUE,912.7,988.081496020683,987.323681791238,988.406273547588,0,"A6 r1",3.73069674567542
26,"A6","r1","G06.5",6.5,TRUE,17,20,TRUE,912.75,988.135625608501,987.323681791238,988.406273547588,0,"A6 r1",4.25472836206625
26,"A6","r1","G07.0",7,TRUE,18,20,TRUE,912.6,987.973236845048,987.323681791238,988.406273547588,0,"A6 r1",5.06248648084414
26,"A6","r1","G07.5",7.5,TRUE,19,20,TRUE,912.7,988.081496020683,987.323681791238,989.488865303938,0,"A6 r1",5.65281901390182
26,"A6","r1","G08.0",8,TRUE,20,20,TRUE,912.45,987.810848081596,987.323681791238,988.406273547588,0,"A6 r1",6.31854686785142
26,"A6","r1","G08.5",8.5,TRUE,21,20,TRUE,912.6,987.973236845048,987.323681791238,988.406273547588,0,"A6 r1",7.00260240280393
26,"A6","r1","G09.0",9,TRUE,22,20,TRUE,912.5,987.864977669413,987.323681791238,988.406273547588,0,"A6 r1",7.88871400199125
26,"A6","r1","G09.5",9.5,TRUE,23,20,TRUE,912.85,988.243884784136,987.323681791238,988.406273547588,0,"A6 r1",8.4306798489304
26,"A6","r1","G10.0",10,TRUE,24,20,TRUE,912.65,988.027366432866,987.323681791238,988.406273547588,0,"A6 r1",9.1366499658279
26,"A6","r1","G10.5",10.5,TRUE,25,20,TRUE,912.65,988.027366432866,987.323681791238,988.406273547588,0,"A6 r1",9.96974384582868
26,"A6","r1","G11.0",11,TRUE,26,20,TRUE,912.55,987.919107257231,987.323681791238,988.406273547588,0,"A6 r1",10.6218220457994
26,"A6","r1","G11.5",11.5,TRUE,27,20,TRUE,912.7,988.081496020683,987.323681791238,988.406273547588,0,"A6 r1",11.40048024726
26,"A6","r1","G12.0",12,TRUE,28,20,TRUE,912.7,988.081496020683,987.323681791238,988.406273547588,0,"A6 r1",11.9829869991277
26,"A6","r1","G12.5",12.5,TRUE,29,20,TRUE,912.6,987.973236845048,987.323681791238,988.406273547588,0,"A6 r1",12.672891120154
26,"A6","r1","G13.0",13,TRUE,30,20,TRUE,912.5,987.864977669413,987.323681791238,988.406273547588,0,"A6 r1",13.2123355635915
26,"A6","r1","G13.5",13.5,TRUE,31,20,TRUE,912.6,987.973236845048,987.323681791238,988.406273547588,0,"A6 r1",13.8936487258218
26,"A6","r1","G14.0",14,TRUE,32,20,TRUE,912.6,987.973236845048,987.323681791238,988.406273547588,0,"A6 r1",14.5510322332509
26,"A6","r1","G14.5",14.5,TRUE,33,20,TRUE,912.45,987.810848081596,987.323681791238,988.406273547588,0,"A6 r1",15.1820497677723
26,"A6","r1","G15.0",15,TRUE,34,20,TRUE,912.45,987.810848081596,987.323681791238,988.406273547588,0,"A6 r1",15.7734578977005
26,"A6","r1","CSR",0,FALSE,1,20,TRUE,912.6,987.973236845048,987.323681791238,988.406273547588,0,"A6 r1",1.35336319450046
26,"A6","r1","PD",11.9661745147029,FALSE,2,20,TRUE,912.65,988.027366432866,987.323681791238,988.406273547588,0,"A6 r1",11.9635118586467
26,"A6","r1","NUC",4.8,FALSE,3,20,TRUE,912.75,988.135625608501,987.323681791238,988.406273547588,0,"A6 r1",2.39026184689397
27,"A6","r2","G00.0",0,TRUE,4,20,TRUE,889.25,988.033315500308,987.755543975006,988.866630076215,0,"A6 r2",1.38680288455293
27,"A6","r2","G00.5",0.5,TRUE,5,20,TRUE,889.35,988.144424110429,987.755543975006,988.866630076215,0,"A6 r2",1.02953821326189
27,"A6","r2","G01.0",1,TRUE,6,20,TRUE,889.35,988.144424110429,987.755543975006,988.866630076215,0,"A6 r2",0.595288812496325
27,"A6","r2","G01.5",1.5,TRUE,7,20,TRUE,889.35,988.144424110429,987.755543975006,988.866630076215,0,"A6 r2",0.355348469506105
27,"A6","r2","G02.0",2,TRUE,8,20,TRUE,889.1,987.866652585127,987.755543975006,988.866630076215,0,"A6 r2",0.217216412232361
27,"A6","r2","G02.5",2.5,TRUE,9,20,TRUE,889.3,988.088869805369,987.755543975006,988.866630076215,0,"A6 r2",0.196705336937784
27,"A6","r2","G03.0",3,TRUE,10,20,TRUE,889.2,987.977761195248,987.755543975006,988.866630076215,0,"A6 r2",0.183367362657303
27,"A6","r2","G03.5",3.5,TRUE,11,20,TRUE,889.05,987.811098280067,987.755543975006,988.866630076215,0,"A6 r2",0.221934478624646
27,"A6","r2","G04.0",4,TRUE,12,20,TRUE,889.2,987.977761195248,987.755543975006,988.866630076215,0,"A6 r2",0.437425088327689
27,"A6","r2","G04.5",4.5,TRUE,13,20,TRUE,889.2,987.977761195248,987.755543975006,988.866630076215,0,"A6 r2",0.767971155240522
27,"A6","r2","G05.0",5,TRUE,14,20,TRUE,889.45,988.25553272055,987.755543975006,988.866630076215,0,"A6 r2",0.934721481927811
27,"A6","r2","G05.5",5.5,TRUE,15,20,TRUE,889.1,987.866652585127,987.755543975006,988.866630076215,0,"A6 r2",1.29055762008768
27,"A6","r2","G06.0",6,TRUE,16,20,TRUE,889.15,987.922206890188,987.755543975006,988.866630076215,0,"A6 r2",1.74910619920405
27,"A6","r2","G06.5",6.5,TRUE,17,20,TRUE,889.3,988.088869805369,987.755543975006,988.866630076215,0,"A6 r2",2.09482713106796
27,"A6","r2","G07.0",7,TRUE,18,20,TRUE,889.1,987.866652585127,987.755543975006,988.866630076215,0,"A6 r2",2.59347801163026
27,"A6","r2","G07.5",7.5,TRUE,19,20,TRUE,889.25,988.033315500308,987.755543975006,988.866630076215,0,"A6 r2",2.89367809579238
27,"A6","r2","G08.0",8,TRUE,20,20,TRUE,889.25,988.033315500308,987.755543975006,988.866630076215,0,"A6 r2",3.44700498357486
27,"A6","r2","G08.5",8.5,TRUE,21,20,TRUE,889.15,987.922206890188,987.755543975006,988.866630076215,0,"A6 r2",3.99219788105553
27,"A6","r2","G09.0",9,TRUE,22,20,TRUE,889.25,988.033315500308,987.755543975006,988.866630076215,0,"A6 r2",4.50284148546762
27,"A6","r2","G09.5",9.5,TRUE,23,20,TRUE,889.25,988.033315500308,987.755543975006,988.866630076215,0,"A6 r2",5.14259158553957
27,"A6","r2","G10.0",10,TRUE,24,20,TRUE,889.25,988.033315500308,987.755543975006,988.866630076215,0,"A6 r2",5.68353144009794
27,"A6","r2","G10.5",10.5,TRUE,25,20,TRUE,889.35,988.144424110429,987.755543975006,988.866630076215,0,"A6 r2",6.04982543769733
27,"A6","r2","G11.0",11,TRUE,26,20,TRUE,889.3,988.088869805369,987.755543975006,988.866630076215,0,"A6 r2",6.60271926230766
27,"A6","r2","G11.5",11.5,TRUE,27,20,TRUE,889.2,987.977761195248,987.755543975006,988.866630076215,0,"A6 r2",7.17736583280216
27,"A6","r2","G12.0",12,TRUE,28,20,TRUE,889.15,987.922206890188,987.755543975006,988.866630076215,0,"A6 r2",7.7826078025363
27,"A6","r2","G12.5",12.5,TRUE,29,20,TRUE,889.15,987.922206890188,987.755543975006,988.866630076215,0,"A6 r2",8.30248770579062
27,"A6","r2","G13.0",13,TRUE,30,20,TRUE,889.2,987.977761195248,987.755543975006,988.866630076215,0,"A6 r2",8.89850290174348
27,"A6","r2","G13.5",13.5,TRUE,31,20,TRUE,889.25,988.033315500308,987.755543975006,988.866630076215,0,"A6 r2",9.46380113844949
27,"A6","r2","G14.0",14,TRUE,32,20,TRUE,889.2,987.977761195248,987.755543975006,988.866630076215,0,"A6 r2",10.0210592813409
27,"A6","r2","G14.5",14.5,TRUE,33,20,TRUE,889.15,987.922206890188,987.755543975006,988.866630076215,0,"A6 r2",10.5922064638807
27,"A6","r2","G15.0",15,TRUE,34,20,TRUE,889.2,987.977761195248,987.755543975006,988.866630076215,0,"A6 r2",11.1767942834906
27,"A6","r2","CSR",0,FALSE,1,20,TRUE,889.25,988.033315500308,987.755543975006,988.866630076215,0,"A6 r2",1.47184989628504
27,"A6","r2","PD",11.9661745147029,FALSE,2,20,TRUE,889.25,988.033315500308,987.755543975006,988.866630076215,0,"A6 r2",7.75368583554607
27,"A6","r2","NUC",4.8,FALSE,3,20,TRUE,889.25,988.033315500308,987.755543975006,988.866630076215,0,"A6 r2",0.88294179502135
28,"A6","r3","G00.0",0,TRUE,4,20,TRUE,954.3,987.834396697566,987.523854604923,988.558994913733,0,"A6 r3",1.24025228979268
28,"A6","r3","G00.5",0.5,TRUE,5,20,TRUE,954.4,987.937910728447,987.523854604923,988.558994913733,0,"A6 r3",0.440680004290238
28,"A6","r3","G01.0",1,TRUE,6,20,TRUE,954.55,988.093181774769,987.523854604923,988.558994913733,0,"A6 r3",0.220306350921972
28,"A6","r3","G01.5",1.5,TRUE,7,20,TRUE,954.35,987.886153713007,987.523854604923,988.558994913733,0,"A6 r3",0.143979519780028
28,"A6","r3","G02.0",2,TRUE,8,20,TRUE,954.45,987.989667743888,987.523854604923,988.558994913733,0,"A6 r3",0.0610267797869858
28,"A6","r3","G02.5",2.5,TRUE,9,20,TRUE,954.45,987.989667743888,987.523854604923,988.558994913733,0,"A6 r3",0.0698946673725556
28,"A6","r3","G03.0",3,TRUE,10,20,TRUE,954.55,988.093181774769,987.523854604923,988.558994913733,0,"A6 r3",0.206349102331187
28,"A6","r3","G03.5",3.5,TRUE,11,20,TRUE,954.6,988.144938790209,987.523854604923,988.558994913733,0,"A6 r3",0.33178777334823
28,"A6","r3","G04.0",4,TRUE,12,20,TRUE,954.35,987.886153713007,987.523854604923,988.558994913733,0,"A6 r3",0.467342621645793
28,"A6","r3","G04.5",4.5,TRUE,13,20,TRUE,954.45,987.989667743888,987.523854604923,988.558994913733,0,"A6 r3",0.916329753824108
28,"A6","r3","G05.0",5,TRUE,14,20,TRUE,954.5,988.041424759328,987.523854604923,988.558994913733,0,"A6 r3",1.32857947381631
28,"A6","r3","G05.5",5.5,TRUE,15,20,TRUE,954.7,988.24845282109,987.523854604923,988.558994913733,0,"A6 r3",1.56870371224602
28,"A6","r3","G06.0",6,TRUE,16,20,TRUE,954.4,987.937910728447,987.523854604923,988.558994913733,0,"A6 r3",2.15507664356924
28,"A6","r3","G06.5",6.5,TRUE,17,20,TRUE,954.4,987.937910728447,987.523854604923,988.558994913733,0,"A6 r3",2.55123831988246
28,"A6","r3","G07.0",7,TRUE,18,20,TRUE,954.4,987.937910728447,987.523854604923,988.558994913733,0,"A6 r3",2.947744312937
28,"A6","r3","G07.5",7.5,TRUE,19,20,TRUE,954.4,987.937910728447,987.523854604923,988.558994913733,0,"A6 r3",3.38631597981425
28,"A6","r3","G08.0",8,TRUE,20,20,TRUE,954.45,987.989667743888,987.523854604923,988.558994913733,0,"A6 r3",3.80642297892219
28,"A6","r3","G08.5",8.5,TRUE,21,20,TRUE,954.4,987.937910728447,987.523854604923,988.558994913733,0,"A6 r3",4.22629746083414
28,"A6","r3","G09.0",9,TRUE,22,20,TRUE,954.3,987.834396697566,987.523854604923,988.558994913733,0,"A6 r3",4.63551268097391
28,"A6","r3","G09.5",9.5,TRUE,23,20,TRUE,954.55,988.093181774769,987.523854604923,988.558994913733,0,"A6 r3",5.19338372472561
28,"A6","r3","G10.0",10,TRUE,24,20,TRUE,954.25,987.782639682126,987.523854604923,988.558994913733,0,"A6 r3",5.50489575051945
28,"A6","r3","G10.5",10.5,TRUE,25,20,TRUE,954.35,987.886153713007,987.523854604923,988.558994913733,0,"A6 r3",5.97428772524323
28,"A6","r3","G11.0",11,TRUE,26,20,TRUE,954.5,988.041424759328,987.523854604923,988.558994913733,0,"A6 r3",6.47976810798956
28,"A6","r3","G11.5",11.5,TRUE,27,20,TRUE,954.7,988.24845282109,987.523854604923,988.558994913733,0,"A6 r3",6.85868587193456
28,"A6","r3","G12.0",12,TRUE,28,20,TRUE,954.3,987.834396697566,987.523854604923,988.558994913733,0,"A6 r3",7.23022857601344
28,"A6","r3","G12.5",12.5,TRUE,29,20,TRUE,954.5,988.041424759328,987.523854604923,988.558994913733,0,"A6 r3",7.68069805287802
28,"A6","r3","G13.0",13,TRUE,30,20,TRUE,954.5,988.041424759328,987.523854604923,988.558994913733,0,"A6 r3",8.14467445931543
28,"A6","r3","G13.5",13.5,TRUE,31,20,TRUE,954.5,988.041424759328,987.523854604923,988.558994913733,0,"A6 r3",8.5604627199384
28,"A6","r3","G14.0",14,TRUE,32,20,TRUE,954.3,987.834396697566,987.523854604923,988.558994913733,0,"A6 r3",9.02905874857503
28,"A6","r3","G14.5",14.5,TRUE,33,20,TRUE,954.4,987.937910728447,987.523854604923,988.558994913733,0,"A6 r3",9.53084043375089
28,"A6","r3","G15.0",15,TRUE,34,20,TRUE,954.4,987.937910728447,987.523854604923,988.558994913733,0,"A6 r3",9.98474126580603
28,"A6","r3","CSR",0,FALSE,1,20,TRUE,954.35,987.886153713007,987.523854604923,988.558994913733,0,"A6 r3",0.515382993737509
28,"A6","r3","PD",11.9661745147029,FALSE,2,20,TRUE,954.3,987.834396697566,987.523854604923,988.558994913733,0,"A6 r3",7.25984080223894
28,"A6","r3","NUC",4.8,FALSE,3,20,TRUE,954.6,988.144938790209,987.523854604923,988.558994913733,0,"A6 r3",1.10828379745988
29,"A6","r4","G00.0",0,TRUE,4,20,TRUE,920.85,988.071439447482,987.159390011059,988.232389348027,0,"A6 r4",0.828048381839495
29,"A6","r4","G00.5",0.5,TRUE,5,20,TRUE,920.8,988.017789480634,987.159390011059,988.232389348027,0,"A6 r4",0.84520755592712
29,"A6","r4","G01.0",1,TRUE,6,20,TRUE,920.8,988.017789480634,987.159390011059,988.232389348027,0,"A6 r4",0.45404197285821
29,"A6","r4","G01.5",1.5,TRUE,7,20,TRUE,920.75,987.964139513785,987.159390011059,988.232389348027,0,"A6 r4",0.217961787805227
29,"A6","r4","G02.0",2,TRUE,8,20,TRUE,920.9,988.12508941433,987.159390011059,988.232389348027,0,"A6 r4",0.198523106342712
29,"A6","r4","G02.5",2.5,TRUE,9,20,TRUE,920.65,987.856839580088,987.159390011059,988.232389348027,0,"A6 r4",0.208192239971165
29,"A6","r4","G03.0",3,TRUE,10,20,TRUE,920.75,987.964139513785,987.159390011059,988.232389348027,0,"A6 r4",0.253914296871293
29,"A6","r4","G03.5",3.5,TRUE,11,20,TRUE,920.95,988.178739381179,987.159390011059,989.305388684996,0,"A6 r4",0.48474417298914
29,"A6","r4","G04.0",4,TRUE,12,20,TRUE,920.8,988.017789480634,987.159390011059,988.232389348027,0,"A6 r4",0.642979718615468
29,"A6","r4","G04.5",4.5,TRUE,13,20,TRUE,920.75,987.964139513785,987.159390011059,988.232389348027,0,"A6 r4",1.11808367935215
29,"A6","r4","G05.0",5,TRUE,14,20,TRUE,920.7,987.910489546937,987.159390011059,988.232389348027,0,"A6 r4",1.3806850806072
29,"A6","r4","G05.5",5.5,TRUE,15,20,TRUE,920.75,987.964139513785,987.159390011059,988.232389348027,0,"A6 r4",1.83808305778114
29,"A6","r4","G06.0",6,TRUE,16,20,TRUE,920.75,987.964139513785,987.159390011059,988.232389348027,0,"A6 r4",2.25707679379993
29,"A6","r4","G06.5",6.5,TRUE,17,20,TRUE,920.75,987.964139513785,987.159390011059,988.232389348027,0,"A6 r4",2.71057363030566
29,"A6","r4","G07.0",7,TRUE,18,20,TRUE,920.85,988.071439447482,987.159390011059,988.232389348027,0,"A6 r4",3.2123065887505
29,"A6","r4","G07.5",7.5,TRUE,19,20,TRUE,920.8,988.017789480634,987.159390011059,988.232389348027,0,"A6 r4",3.77160609552755
29,"A6","r4","G08.0",8,TRUE,20,20,TRUE,920.85,988.071439447482,987.159390011059,988.232389348027,0,"A6 r4",4.22971161811482
29,"A6","r4","G08.5",8.5,TRUE,21,20,TRUE,920.55,987.749539646392,987.159390011059,989.305388684996,0,"A6 r4",4.85604533921254
29,"A6","r4","G09.0",9,TRUE,22,20,TRUE,920.85,988.071439447482,987.159390011059,988.232389348027,0,"A6 r4",5.35614231983917
29,"A6","r4","G09.5",9.5,TRUE,23,20,TRUE,920.8,988.017789480634,987.159390011059,988.232389348027,0,"A6 r4",5.93767208778434
29,"A6","r4","G10.0",10,TRUE,24,20,TRUE,920.85,988.071439447482,987.159390011059,989.305388684996,0,"A6 r4",6.40580060850988
29,"A6","r4","G10.5",10.5,TRUE,25,20,TRUE,920.8,988.017789480634,987.159390011059,989.305388684996,0,"A6 r4",6.95320508755324
29,"A6","r4","G11.0",11,TRUE,26,20,TRUE,920.75,987.964139513785,987.159390011059,988.232389348027,0,"A6 r4",7.43410796079935
29,"A6","r4","G11.5",11.5,TRUE,27,20,TRUE,920.9,988.12508941433,987.159390011059,989.305388684996,0,"A6 r4",7.96527206837171
29,"A6","r4","G12.0",12,TRUE,28,20,TRUE,920.8,988.017789480634,987.159390011059,988.232389348027,0,"A6 r4",8.58714231980764
29,"A6","r4","G12.5",12.5,TRUE,29,20,TRUE,920.8,988.017789480634,987.159390011059,988.232389348027,0,"A6 r4",9.0974397366952
29,"A6","r4","G13.0",13,TRUE,30,20,TRUE,920.7,987.910489546937,987.159390011059,988.232389348027,0,"A6 r4",9.60641024300853
29,"A6","r4","G13.5",13.5,TRUE,31,20,TRUE,920.85,988.071439447482,987.159390011059,988.232389348027,0,"A6 r4",10.1725176577139
29,"A6","r4","G14.0",14,TRUE,32,20,TRUE,920.55,987.749539646392,987.159390011059,988.232389348027,0,"A6 r4",10.7068553844634
29,"A6","r4","G14.5",14.5,TRUE,33,20,TRUE,920.85,988.071439447482,987.159390011059,988.232389348027,0,"A6 r4",11.2736971271189
29,"A6","r4","G15.0",15,TRUE,34,20,TRUE,920.7,987.910489546937,987.159390011059,988.232389348027,0,"A6 r4",11.8334314737261
29,"A6","r4","CSR",0,FALSE,1,20,TRUE,920.65,987.856839580088,987.159390011059,989.305388684996,0,"A6 r4",0.952953667530503
29,"A6","r4","PD",11.9661745147029,FALSE,2,20,TRUE,920.7,987.910489546937,987.159390011059,988.232389348027,0,"A6 r4",8.49939648444678
29,"A6","r4","NUC",4.8,FALSE,3,20,TRUE,920.7,987.910489546937,987.159390011059,988.232389348027,0,"A6 r4",1.20500357235795
3,"A1","r3","G00.0",0,TRUE,4,20,TRUE,10060.25,12418.9488071336,12417.4057355391,12419.8746500903,0,"A1 r3",6.52498737859331
3,"A1","r3","G00.5",0.5,TRUE,5,20,TRUE,10060.35,12419.0722528612,12417.4057355391,12421.109107366,0,"A1 r3",6.08774356606639
3,"A1","r3","G01.0",1,TRUE,6,20,TRUE,10060.25,12418.9488071336,12416.1712782635,12421.109107366,0,"A1 r3",5.59640423972499
3,"A1","r3","G01.5",1.5,TRUE,7,20,TRUE,10060.45,12419.1956985888,12417.4057355391,12421.109107366,0,"A1 r3",5.20842964576915
3,"A1","r3","G02.0",2,TRUE,8,20,TRUE,10060.2,12418.8870842698,12417.4057355391,12421.109107366,0,"A1 r3",4.88874984843429
3,"A1","r3","G02.5",2.5,TRUE,9,20,TRUE,10060.2,12418.8870842698,12417.4057355391,12421.109107366,0,"A1 r3",4.74888943272637
3,"A1","r3","G03.0",3,TRUE,10,20,TRUE,10060.5,12419.2574214525,12417.4057355391,12421.109107366,0,"A1 r3",4.858373850128
3,"A1","r3","G03.5",3.5,TRUE,11,20,TRUE,10060.15,12418.8253614061,12417.4057355391,12419.8746500903,0,"A1 r3",5.20576079024347
3,"A1","r3","G04.0",4,TRUE,12,20,TRUE,10060.15,12418.8253614061,12417.4057355391,12421.109107366,0,"A1 r3",5.86900549163766
3,"A1","r3","G04.5",4.5,TRUE,13,20,TRUE,10060.25,12418.9488071336,12417.4057355391,12421.109107366,0,"A1 r3",6.75500283474102
3,"A1","r3","G05.0",5,TRUE,14,20,TRUE,10060.55,12419.3191443163,12417.4057355391,12421.109107366,0,"A1 r3",7.77726209505665
3,"A1","r3","G05.5",5.5,TRUE,15,20,TRUE,10060.25,12418.9488071336,12417.4057355391,12421.109107366,0,"A1 r3",8.86997883673269
3,"A1","r3","G06.0",6,TRUE,16,20,TRUE,10060.05,12418.7019156785,12417.4057355391,12419.8746500903,0,"A1 r3",9.94828827933039
3,"A1","r3","G06.5",6.5,TRUE,17,20,TRUE,10060.4,12419.133975725,12417.4057355391,12421.109107366,0,"A1 r3",10.9831811067725
3,"A1","r3","G07.0",7,TRUE,18,20,TRUE,10060.7,12419.5043129077,12417.4057355391,12421.109107366,0,"A1 r3",12.0454403775485
3,"A1","r3","G07.5",7.5,TRUE,19,0,FALSE,NA,NA,Inf,-Inf,NA,"A1 r3",NA
3,"A1","r3","G08.0",8,TRUE,20,0,FALSE,NA,NA,NA,NA,NA,"A1 r3",NA
3,"A1","r3","G08.5",8.5,TRUE,21,0,FALSE,NA,NA,NA,NA,NA,"A1 r3",NA
3,"A1","r3","G09.0",9,TRUE,22,0,FALSE,NA,NA,NA,NA,NA,"A1 r3",NA
3,"A1","r3","G09.5",9.5,TRUE,23,0,FALSE,NA,NA,NA,NA,NA,"A1 r3",NA
3,"A1","r3","G10.0",10,TRUE,24,0,FALSE,NA,NA,NA,NA,NA,"A1 r3",NA
3,"A1","r3","G10.5",10.5,TRUE,25,0,FALSE,NA,NA,NA,NA,NA,"A1 r3",NA
3,"A1","r3","G11.0",11,TRUE,26,0,FALSE,NA,NA,NA,NA,NA,"A1 r3",NA
3,"A1","r3","G11.5",11.5,TRUE,27,0,FALSE,NA,NA,NA,NA,NA,"A1 r3",NA
3,"A1","r3","G12.0",12,TRUE,28,0,FALSE,NA,NA,NA,NA,NA,"A1 r3",NA
3,"A1","r3","G12.5",12.5,TRUE,29,0,FALSE,NA,NA,NA,NA,NA,"A1 r3",NA
3,"A1","r3","G13.0",13,TRUE,30,0,FALSE,NA,NA,NA,NA,NA,"A1 r3",NA
3,"A1","r3","G13.5",13.5,TRUE,31,0,FALSE,NA,NA,NA,NA,NA,"A1 r3",NA
3,"A1","r3","G14.0",14,TRUE,32,0,FALSE,NA,NA,NA,NA,NA,"A1 r3",NA
3,"A1","r3","G14.5",14.5,TRUE,33,0,FALSE,NA,NA,NA,NA,NA,"A1 r3",NA
3,"A1","r3","G15.0",15,TRUE,34,0,FALSE,NA,NA,NA,NA,NA,"A1 r3",NA
3,"A1","r3","CSR",0,FALSE,1,20,TRUE,10060.65,12419.4425900439,12417.4057355391,12421.109107366,0,"A1 r3",6.43485796256628
3,"A1","r3","PD",3.37512988988323,FALSE,2,20,TRUE,10060.35,12419.0722528612,12417.4057355391,12421.109107366,0,"A1 r3",5.08370019040697
3,"A1","r3","NUC",4.1,FALSE,3,20,TRUE,10060.25,12418.9488071336,12417.4057355391,12421.109107366,0,"A1 r3",6.01543256718558
30,"A6","r5","G00.0",0,TRUE,4,20,TRUE,898.55,987.973007099705,987.368271521379,988.467790754699,0,"A6 r5",0.798280830947381
30,"A6","r5","G00.5",0.5,TRUE,5,20,TRUE,898.35,987.753103253041,987.368271521379,988.467790754699,0,"A6 r5",0.745392556040529
30,"A6","r5","G01.0",1,TRUE,6,20,TRUE,898.65,988.082959023037,987.368271521379,989.567309988019,0,"A6 r5",0.434399982178028
30,"A6","r5","G01.5",1.5,TRUE,7,20,TRUE,898.45,987.863055176373,987.368271521379,989.567309988019,0,"A6 r5",0.422571119634938
30,"A6","r5","G02.0",2,TRUE,8,20,TRUE,898.7,988.137934984703,987.368271521379,988.467790754699,0,"A6 r5",0.341082603617366
30,"A6","r5","G02.5",2.5,TRUE,9,20,TRUE,898.6,988.027983061371,987.368271521379,988.467790754699,0,"A6 r5",0.523320083913829
30,"A6","r5","G03.0",3,TRUE,10,20,TRUE,898.55,987.973007099705,987.368271521379,989.567309988019,0,"A6 r5",0.634905441964609
30,"A6","r5","G03.5",3.5,TRUE,11,20,TRUE,898.55,987.973007099705,987.368271521379,989.567309988019,0,"A6 r5",0.974452051461599
30,"A6","r5","G04.0",4,TRUE,12,20,TRUE,898.65,988.082959023037,987.368271521379,988.467790754699,0,"A6 r5",1.31983392637419
30,"A6","r5","G04.5",4.5,TRUE,13,20,TRUE,898.65,988.082959023037,987.368271521379,988.467790754699,0,"A6 r5",1.73958697105785
30,"A6","r5","G05.0",5,TRUE,14,20,TRUE,898.55,987.973007099705,987.368271521379,989.567309988019,0,"A6 r5",2.29859655936203
30,"A6","r5","G05.5",5.5,TRUE,15,20,TRUE,898.7,988.137934984703,987.368271521379,989.567309988019,0,"A6 r5",2.89170603040595
30,"A6","r5","G06.0",6,TRUE,16,20,TRUE,898.45,987.863055176373,987.368271521379,988.467790754699,0,"A6 r5",3.44288483326959
30,"A6","r5","G06.5",6.5,TRUE,17,20,TRUE,898.75,988.192910946369,987.368271521379,988.467790754699,0,"A6 r5",3.9491359036715
30,"A6","r5","G07.0",7,TRUE,18,20,TRUE,898.45,987.863055176373,987.368271521379,988.467790754699,0,"A6 r5",4.68159285161813
30,"A6","r5","G07.5",7.5,TRUE,19,20,TRUE,898.45,987.863055176373,987.368271521379,989.567309988019,0,"A6 r5",5.42493349408159
30,"A6","r5","G08.0",8,TRUE,20,20,TRUE,898.45,987.863055176373,987.368271521379,988.467790754699,0,"A6 r5",6.02236110757916
30,"A6","r5","G08.5",8.5,TRUE,21,20,TRUE,898.45,987.863055176373,987.368271521379,988.467790754699,0,"A6 r5",6.69165566005742
30,"A6","r5","G09.0",9,TRUE,22,20,TRUE,898.55,987.973007099705,987.368271521379,988.467790754699,0,"A6 r5",7.33769067170707
30,"A6","r5","G09.5",9.5,TRUE,23,20,TRUE,898.75,988.192910946369,987.368271521379,989.567309988019,0,"A6 r5",8.05365974495678
30,"A6","r5","G10.0",10,TRUE,24,20,TRUE,898.6,988.027983061371,987.368271521379,989.567309988019,0,"A6 r5",8.50637057996169
30,"A6","r5","G10.5",10.5,TRUE,25,20,TRUE,898.4,987.808079214707,987.368271521379,988.467790754699,0,"A6 r5",9.2141285219995
30,"A6","r5","G11.0",11,TRUE,26,20,TRUE,898.65,988.082959023037,987.368271521379,989.567309988019,0,"A6 r5",9.77878444367649
30,"A6","r5","G11.5",11.5,TRUE,27,20,TRUE,898.5,987.918031138039,987.368271521379,988.467790754699,0,"A6 r5",10.404339894763
30,"A6","r5","G12.0",12,TRUE,28,20,TRUE,898.7,988.137934984703,987.368271521379,988.467790754699,0,"A6 r5",10.8823574268714
30,"A6","r5","G12.5",12.5,TRUE,29,20,TRUE,898.55,987.973007099705,987.368271521379,989.567309988019,0,"A6 r5",11.4741603682287
30,"A6","r5","G13.0",13,TRUE,30,20,TRUE,898.45,987.863055176373,987.368271521379,988.467790754699,0,"A6 r5",11.9494365836702
30,"A6","r5","G13.5",13.5,TRUE,31,20,TRUE,898.65,988.082959023037,987.368271521379,989.567309988019,0,"A6 r5",12.4778390440222
30,"A6","r5","G14.0",14,TRUE,32,20,TRUE,898.55,987.973007099705,987.368271521379,988.467790754699,0,"A6 r5",12.9457799626144
30,"A6","r5","G14.5",14.5,TRUE,33,20,TRUE,898.55,987.973007099705,987.368271521379,989.567309988019,0,"A6 r5",13.4369534407884
30,"A6","r5","G15.0",15,TRUE,34,20,TRUE,898.7,988.137934984703,987.368271521379,989.567309988019,0,"A6 r5",13.9891922445089
30,"A6","r5","CSR",0,FALSE,1,20,TRUE,898.65,988.082959023037,987.368271521379,989.567309988019,0,"A6 r5",0.867422386141133
30,"A6","r5","PD",11.9661745147029,FALSE,2,20,TRUE,898.45,987.863055176373,987.368271521379,988.467790754699,0,"A6 r5",10.9316045416993
30,"A6","r5","NUC",4.8,FALSE,3,20,TRUE,898.75,988.192910946369,987.368271521379,989.567309988019,0,"A6 r5",2.02738610158983
4,"A1","r4","G00.0",0,TRUE,4,20,TRUE,7934.35,12419.2582187022,12417.1451283299,12421.8408847127,0,"A1 r4",6.82180326228769
4,"A1","r4","G00.5",0.5,TRUE,5,20,TRUE,7934.2,12419.023430883,12417.1451283299,12421.8408847127,0,"A1 r4",6.43361445822122
4,"A1","r4","G01.0",1,TRUE,6,20,TRUE,7934.3,12419.1799560958,12417.1451283299,12421.8408847127,0,"A1 r4",6.03419578305549
4,"A1","r4","G01.5",1.5,TRUE,7,20,TRUE,7934.45,12419.4147439149,12418.7103804575,12420.2756325851,0,"A1 r4",5.52469577492052
4,"A1","r4","G02.0",2,TRUE,8,20,TRUE,7934.2,12419.023430883,12417.1451283299,12421.8408847127,0,"A1 r4",5.25160727188178
4,"A1","r4","G02.5",2.5,TRUE,9,20,TRUE,7934.6,12419.6495317341,12417.1451283299,12421.8408847127,0,"A1 r4",5.07554313514881
4,"A1","r4","G03.0",3,TRUE,10,20,TRUE,7934,12418.7103804575,12417.1451283299,12420.2756325851,0,"A1 r4",5.13608866849143
4,"A1","r4","G03.5",3.5,TRUE,11,20,TRUE,7934.2,12419.023430883,12417.1451283299,12421.8408847127,0,"A1 r4",5.48851693011108
4,"A1","r4","G04.0",4,TRUE,12,20,TRUE,7934.3,12419.1799560958,12417.1451283299,12420.2756325851,0,"A1 r4",6.10332255533276
4,"A1","r4","G04.5",4.5,TRUE,13,20,TRUE,7934.15,12418.9451682767,12417.1451283299,12420.2756325851,0,"A1 r4",6.9996369968002
4,"A1","r4","G05.0",5,TRUE,14,20,TRUE,7934.05,12418.7886430639,12417.1451283299,12420.2756325851,0,"A1 r4",8.02032581311438
4,"A1","r4","G05.5",5.5,TRUE,15,20,TRUE,7933.9,12418.5538552448,12417.1451283299,12421.8408847127,0,"A1 r4",9.11350681646705
4,"A1","r4","G06.0",6,TRUE,16,20,TRUE,7934.15,12418.9451682767,12417.1451283299,12421.8408847127,0,"A1 r4",10.2272227743441
4,"A1","r4","G06.5",6.5,TRUE,17,20,TRUE,7934.3,12419.1799560958,12417.1451283299,12421.8408847127,0,"A1 r4",11.3071683960639
4,"A1","r4","G07.0",7,TRUE,18,20,TRUE,7934.1,12418.8669056703,12417.1451283299,12420.2756325851,0,"A1 r4",12.4239471301519
4,"A1","r4","G07.5",7.5,TRUE,19,0,FALSE,NA,NA,Inf,-Inf,NA,"A1 r4",NA
4,"A1","r4","G08.0",8,TRUE,20,0,FALSE,NA,NA,NA,NA,NA,"A1 r4",NA
4,"A1","r4","G08.5",8.5,TRUE,21,0,FALSE,NA,NA,NA,NA,NA,"A1 r4",NA
4,"A1","r4","G09.0",9,TRUE,22,0,FALSE,NA,NA,NA,NA,NA,"A1 r4",NA
4,"A1","r4","G09.5",9.5,TRUE,23,0,FALSE,NA,NA,NA,NA,NA,"A1 r4",NA
4,"A1","r4","G10.0",10,TRUE,24,0,FALSE,NA,NA,NA,NA,NA,"A1 r4",NA
4,"A1","r4","G10.5",10.5,TRUE,25,0,FALSE,NA,NA,NA,NA,NA,"A1 r4",NA
4,"A1","r4","G11.0",11,TRUE,26,0,FALSE,NA,NA,NA,NA,NA,"A1 r4",NA
4,"A1","r4","G11.5",11.5,TRUE,27,0,FALSE,NA,NA,NA,NA,NA,"A1 r4",NA
4,"A1","r4","G12.0",12,TRUE,28,0,FALSE,NA,NA,NA,NA,NA,"A1 r4",NA
4,"A1","r4","G12.5",12.5,TRUE,29,0,FALSE,NA,NA,NA,NA,NA,"A1 r4",NA
4,"A1","r4","G13.0",13,TRUE,30,0,FALSE,NA,NA,NA,NA,NA,"A1 r4",NA
4,"A1","r4","G13.5",13.5,TRUE,31,0,FALSE,NA,NA,NA,NA,NA,"A1 r4",NA
4,"A1","r4","G14.0",14,TRUE,32,0,FALSE,NA,NA,NA,NA,NA,"A1 r4",NA
4,"A1","r4","G14.5",14.5,TRUE,33,0,FALSE,NA,NA,NA,NA,NA,"A1 r4",NA
4,"A1","r4","G15.0",15,TRUE,34,0,FALSE,NA,NA,NA,NA,NA,"A1 r4",NA
4,"A1","r4","CSR",0,FALSE,1,20,TRUE,7934.4,12419.3364813086,12417.1451283299,12421.8408847127,0,"A1 r4",6.76967802109123
4,"A1","r4","PD",3.37512988988323,FALSE,2,20,TRUE,7934.3,12419.1799560958,12418.7103804575,12420.2756325851,0,"A1 r4",5.41176640451115
4,"A1","r4","NUC",4.1,FALSE,3,20,TRUE,7934.1,12418.8669056703,12417.1451283299,12420.2756325851,0,"A1 r4",6.24841349073941
5,"A1","r5","G00.0",0,TRUE,4,20,TRUE,8980.8,12419.026109866,12416.5369945313,12422.0683619417,0,"A1 r5",5.8000750540801
5,"A1","r5","G00.5",0.5,TRUE,5,20,TRUE,8981.25,12419.6483886996,12417.9198363839,12422.0683619417,0,"A1 r5",5.42330208715086
5,"A1","r5","G01.0",1,TRUE,6,20,TRUE,8980.9,12419.1643940512,12416.5369945313,12422.0683619417,0,"A1 r5",5.00015612542048
5,"A1","r5","G01.5",1.5,TRUE,7,20,TRUE,8980.9,12419.1643940512,12416.5369945313,12420.6855200891,0,"A1 r5",4.56304943225566
5,"A1","r5","G02.0",2,TRUE,8,20,TRUE,8980.7,12418.8878256807,12416.5369945313,12420.6855200891,0,"A1 r5",4.2145088046505
5,"A1","r5","G02.5",2.5,TRUE,9,20,TRUE,8980.65,12418.8186835881,12416.5369945313,12420.6855200891,0,"A1 r5",4.07180437577109
5,"A1","r5","G03.0",3,TRUE,10,20,TRUE,8980.85,12419.0952519586,12417.9198363839,12420.6855200891,0,"A1 r5",4.13454315926017
5,"A1","r5","G03.5",3.5,TRUE,11,20,TRUE,8980.8,12419.026109866,12416.5369945313,12420.6855200891,0,"A1 r5",4.42363240779189
5,"A1","r5","G04.0",4,TRUE,12,20,TRUE,8980.75,12418.9569677733,12416.5369945313,12420.6855200891,0,"A1 r5",4.99160126345108
5,"A1","r5","G04.5",4.5,TRUE,13,20,TRUE,8980.65,12418.8186835881,12416.5369945313,12420.6855200891,0,"A1 r5",5.79316275413276
5,"A1","r5","G05.0",5,TRUE,14,20,TRUE,8980.7,12418.8878256807,12416.5369945313,12420.6855200891,0,"A1 r5",6.77724513487011
5,"A1","r5","G05.5",5.5,TRUE,15,20,TRUE,8981.2,12419.579246607,12417.9198363839,12422.0683619417,0,"A1 r5",7.83224411467456
5,"A1","r5","G06.0",6,TRUE,16,20,TRUE,8980.95,12419.2335361439,12416.5369945313,12420.6855200891,0,"A1 r5",8.8703362621251
5,"A1","r5","G06.5",6.5,TRUE,17,20,TRUE,8980.95,12419.2335361439,12417.9198363839,12422.0683619417,0,"A1 r5",9.92468024530922
5,"A1","r5","G07.0",7,TRUE,18,20,TRUE,8980.7,12418.8878256807,12416.5369945313,12422.0683619417,0,"A1 r5",10.9695258818647
5,"A1","r5","G07.5",7.5,TRUE,19,0,FALSE,NA,NA,Inf,-Inf,NA,"A1 r5",NA
5,"A1","r5","G08.0",8,TRUE,20,0,FALSE,NA,NA,NA,NA,NA,"A1 r5",NA
5,"A1","r5","G08.5",8.5,TRUE,21,0,FALSE,NA,NA,NA,NA,NA,"A1 r5",NA
5,"A1","r5","G09.0",9,TRUE,22,0,FALSE,NA,NA,NA,NA,NA,"A1 r5",NA
5,"A1","r5","G09.5",9.5,TRUE,23,0,FALSE,NA,NA,NA,NA,NA,"A1 r5",NA
5,"A1","r5","G10.0",10,TRUE,24,0,FALSE,NA,NA,NA,NA,NA,"A1 r5",NA
5,"A1","r5","G10.5",10.5,TRUE,25,0,FALSE,NA,NA,NA,NA,NA,"A1 r5",NA
5,"A1","r5","G11.0",11,TRUE,26,0,FALSE,NA,NA,NA,NA,NA,"A1 r5",NA
5,"A1","r5","G11.5",11.5,TRUE,27,0,FALSE,NA,NA,NA,NA,NA,"A1 r5",NA
5,"A1","r5","G12.0",12,TRUE,28,0,FALSE,NA,NA,NA,NA,NA,"A1 r5",NA
5,"A1","r5","G12.5",12.5,TRUE,29,0,FALSE,NA,NA,NA,NA,NA,"A1 r5",NA
5,"A1","r5","G13.0",13,TRUE,30,0,FALSE,NA,NA,NA,NA,NA,"A1 r5",NA
5,"A1","r5","G13.5",13.5,TRUE,31,0,FALSE,NA,NA,NA,NA,NA,"A1 r5",NA
5,"A1","r5","G14.0",14,TRUE,32,0,FALSE,NA,NA,NA,NA,NA,"A1 r5",NA
5,"A1","r5","G14.5",14.5,TRUE,33,0,FALSE,NA,NA,NA,NA,NA,"A1 r5",NA
5,"A1","r5","G15.0",15,TRUE,34,0,FALSE,NA,NA,NA,NA,NA,"A1 r5",NA
5,"A1","r5","CSR",0,FALSE,1,20,TRUE,8981.15,12419.5101045144,12416.5369945313,12420.6855200891,0,"A1 r5",5.87471017484966
5,"A1","r5","PD",3.37512988988323,FALSE,2,20,TRUE,8980.8,12419.026109866,12417.9198363839,12420.6855200891,0,"A1 r5",4.3482988650052
5,"A1","r5","NUC",4.1,FALSE,3,20,TRUE,8980.45,12418.5421152176,12416.5369945313,12420.6855200891,0,"A1 r5",5.12301346473233
6,"A2","r1","G00.0",0,TRUE,4,20,TRUE,6642.65,8923.9162084919,8923.04298085902,8925.72983511402,0,"A2 r1",4.91020338698489
6,"A2","r1","G00.5",0.5,TRUE,5,20,TRUE,6642.55,8923.78186577915,8923.04298085902,8925.72983511402,0,"A2 r1",4.52632131499246
6,"A2","r1","G01.0",1,TRUE,6,20,TRUE,6642.7,8923.98337984827,8923.04298085902,8924.38640798652,0,"A2 r1",4.07739083819396
6,"A2","r1","G01.5",1.5,TRUE,7,20,TRUE,6642.6,8923.84903713552,8923.04298085902,8925.72983511402,0,"A2 r1",3.56629888929919
6,"A2","r1","G02.0",2,TRUE,8,20,TRUE,6642.7,8923.98337984827,8923.04298085902,8924.38640798652,0,"A2 r1",3.13514281156668
6,"A2","r1","G02.5",2.5,TRUE,9,20,TRUE,6642.65,8923.9162084919,8923.04298085902,8925.72983511402,0,"A2 r1",2.78680885329685
6,"A2","r1","G03.0",3,TRUE,10,20,TRUE,6642.55,8923.78186577915,8923.04298085902,8924.38640798652,0,"A2 r1",2.44329154208343
6,"A2","r1","G03.5",3.5,TRUE,11,20,TRUE,6642.75,8924.05055120465,8923.04298085902,8925.72983511402,0,"A2 r1",2.30273927333438
6,"A2","r1","G04.0",4,TRUE,12,20,TRUE,6642.7,8923.98337984827,8923.04298085902,8925.72983511402,0,"A2 r1",2.30808677935137
6,"A2","r1","G04.5",4.5,TRUE,13,20,TRUE,6642.85,8924.1848939174,8923.04298085902,8925.72983511402,0,"A2 r1",2.4524976088927
6,"A2","r1","G05.0",5,TRUE,14,20,TRUE,6642.8,8924.11772256102,8923.04298085902,8925.72983511402,0,"A2 r1",2.81274825869202
6,"A2","r1","G05.5",5.5,TRUE,15,20,TRUE,6642.75,8924.05055120465,8923.04298085902,8924.38640798652,0,"A2 r1",3.31079645110608
6,"A2","r1","G06.0",6,TRUE,16,20,TRUE,6642.8,8924.11772256102,8923.04298085902,8925.72983511402,0,"A2 r1",3.96459036336949
6,"A2","r1","G06.5",6.5,TRUE,17,20,TRUE,6642.85,8924.1848939174,8923.04298085902,8924.38640798652,0,"A2 r1",4.72169429603415
6,"A2","r1","G07.0",7,TRUE,18,20,TRUE,6642.7,8923.98337984827,8923.04298085902,8925.72983511402,0,"A2 r1",5.55428995699977
6,"A2","r1","G07.5",7.5,TRUE,19,20,TRUE,6642.65,8923.9162084919,8923.04298085902,8924.38640798652,0,"A2 r1",6.44076721874443
6,"A2","r1","G08.0",8,TRUE,20,20,TRUE,6642.75,8924.05055120465,8923.04298085902,8924.38640798652,0,"A2 r1",7.41779742762505
6,"A2","r1","G08.5",8.5,TRUE,21,20,TRUE,6642.6,8923.84903713552,8923.04298085902,8925.72983511402,0,"A2 r1",8.46069889522892
6,"A2","r1","G09.0",9,TRUE,22,0,FALSE,NA,NA,Inf,-Inf,NA,"A2 r1",NA
6,"A2","r1","G09.5",9.5,TRUE,23,0,FALSE,NA,NA,NA,NA,NA,"A2 r1",NA
6,"A2","r1","G10.0",10,TRUE,24,0,FALSE,NA,NA,NA,NA,NA,"A2 r1",NA
6,"A2","r1","G10.5",10.5,TRUE,25,0,FALSE,NA,NA,NA,NA,NA,"A2 r1",NA
6,"A2","r1","G11.0",11,TRUE,26,0,FALSE,NA,NA,NA,NA,NA,"A2 r1",NA
6,"A2","r1","G11.5",11.5,TRUE,27,0,FALSE,NA,NA,NA,NA,NA,"A2 r1",NA
6,"A2","r1","G12.0",12,TRUE,28,0,FALSE,NA,NA,NA,NA,NA,"A2 r1",NA
6,"A2","r1","G12.5",12.5,TRUE,29,0,FALSE,NA,NA,NA,NA,NA,"A2 r1",NA
6,"A2","r1","G13.0",13,TRUE,30,0,FALSE,NA,NA,NA,NA,NA,"A2 r1",NA
6,"A2","r1","G13.5",13.5,TRUE,31,0,FALSE,NA,NA,NA,NA,NA,"A2 r1",NA
6,"A2","r1","G14.0",14,TRUE,32,0,FALSE,NA,NA,NA,NA,NA,"A2 r1",NA
6,"A2","r1","G14.5",14.5,TRUE,33,0,FALSE,NA,NA,NA,NA,NA,"A2 r1",NA
6,"A2","r1","G15.0",15,TRUE,34,0,FALSE,NA,NA,NA,NA,NA,"A2 r1",NA
6,"A2","r1","CSR",0,FALSE,1,20,TRUE,6642.7,8923.98337984827,8923.04298085902,8924.38640798652,0,"A2 r1",4.93402779068242
6,"A2","r1","PD",3.98156695927087,FALSE,2,20,TRUE,6642.9,8924.25206527377,8923.04298085902,8925.72983511402,0,"A2 r1",2.27918128440913
6,"A2","r1","NUC",6.3,FALSE,3,20,TRUE,6642.6,8923.84903713552,8923.04298085902,8925.72983511402,0,"A2 r1",4.41632870962831
7,"A2","r2","G00.0",0,TRUE,4,20,TRUE,7689.4,8924.1382389598,8922.51343162314,8925.99516163028,0,"A2 r2",4.78412316570638
7,"A2","r2","G00.5",0.5,TRUE,5,20,TRUE,7689.35,8924.08021012635,8922.51343162314,8925.99516163028,0,"A2 r2",4.45525141199412
7,"A2","r2","G01.0",1,TRUE,6,20,TRUE,7689.15,8923.84809479254,8922.51343162314,8925.99516163028,0,"A2 r2",3.92569514375642
7,"A2","r2","G01.5",1.5,TRUE,7,20,TRUE,7689.3,8924.0221812929,8922.51343162314,8925.99516163028,0,"A2 r2",3.4803120329035
7,"A2","r2","G02.0",2,TRUE,8,20,TRUE,7689.5,8924.25429662671,8922.51343162314,8925.99516163028,0,"A2 r2",3.01332787605546
7,"A2","r2","G02.5",2.5,TRUE,9,20,TRUE,7689.45,8924.19626779326,8922.51343162314,8925.99516163028,0,"A2 r2",2.62050893744741
7,"A2","r2","G03.0",3,TRUE,10,20,TRUE,7689.3,8924.0221812929,8922.51343162314,8925.99516163028,0,"A2 r2",2.31587778088106
7,"A2","r2","G03.5",3.5,TRUE,11,20,TRUE,7689.05,8923.73203712564,8922.51343162314,8924.83458496123,0,"A2 r2",2.09517131132905
7,"A2","r2","G04.0",4,TRUE,12,20,TRUE,7689.15,8923.84809479254,8922.51343162314,8924.83458496123,0,"A2 r2",2.01735510259994
7,"A2","r2","G04.5",4.5,TRUE,13,20,TRUE,7689.25,8923.96415245945,8922.51343162314,8924.83458496123,0,"A2 r2",2.13308171593979
7,"A2","r2","G05.0",5,TRUE,14,20,TRUE,7689.35,8924.08021012635,8922.51343162314,8925.99516163028,0,"A2 r2",2.39523361975715
7,"A2","r2","G05.5",5.5,TRUE,15,20,TRUE,7689.4,8924.1382389598,8922.51343162314,8925.99516163028,0,"A2 r2",2.84459864496658
7,"A2","r2","G06.0",6,TRUE,16,20,TRUE,7689.45,8924.19626779326,8922.51343162314,8925.99516163028,0,"A2 r2",3.43240765102901
7,"A2","r2","G06.5",6.5,TRUE,17,20,TRUE,7689.5,8924.25429662671,8922.51343162314,8925.99516163028,0,"A2 r2",4.1311552829058
7,"A2","r2","G07.0",7,TRUE,18,20,TRUE,7689.3,8924.0221812929,8922.51343162314,8924.83458496123,0,"A2 r2",4.91644416578201
7,"A2","r2","G07.5",7.5,TRUE,19,20,TRUE,7689.15,8923.84809479254,8922.51343162314,8924.83458496123,0,"A2 r2",5.76911652795777
7,"A2","r2","G08.0",8,TRUE,20,20,TRUE,7689.3,8924.0221812929,8922.51343162314,8924.83458496123,0,"A2 r2",6.69293724375171
7,"A2","r2","G08.5",8.5,TRUE,21,20,TRUE,7689.4,8924.1382389598,8922.51343162314,8925.99516163028,0,"A2 r2",7.71362768361027
7,"A2","r2","G09.0",9,TRUE,22,0,FALSE,NA,NA,Inf,-Inf,NA,"A2 r2",NA
7,"A2","r2","G09.5",9.5,TRUE,23,0,FALSE,NA,NA,NA,NA,NA,"A2 r2",NA
7,"A2","r2","G10.0",10,TRUE,24,0,FALSE,NA,NA,NA,NA,NA,"A2 r2",NA
7,"A2","r2","G10.5",10.5,TRUE,25,0,FALSE,NA,NA,NA,NA,NA,"A2 r2",NA
7,"A2","r2","G11.0",11,TRUE,26,0,FALSE,NA,NA,NA,NA,NA,"A2 r2",NA
7,"A2","r2","G11.5",11.5,TRUE,27,0,FALSE,NA,NA,NA,NA,NA,"A2 r2",NA
7,"A2","r2","G12.0",12,TRUE,28,0,FALSE,NA,NA,NA,NA,NA,"A2 r2",NA
7,"A2","r2","G12.5",12.5,TRUE,29,0,FALSE,NA,NA,NA,NA,NA,"A2 r2",NA
7,"A2","r2","G13.0",13,TRUE,30,0,FALSE,NA,NA,NA,NA,NA,"A2 r2",NA
7,"A2","r2","G13.5",13.5,TRUE,31,0,FALSE,NA,NA,NA,NA,NA,"A2 r2",NA
7,"A2","r2","G14.0",14,TRUE,32,0,FALSE,NA,NA,NA,NA,NA,"A2 r2",NA
7,"A2","r2","G14.5",14.5,TRUE,33,0,FALSE,NA,NA,NA,NA,NA,"A2 r2",NA
7,"A2","r2","G15.0",15,TRUE,34,0,FALSE,NA,NA,NA,NA,NA,"A2 r2",NA
7,"A2","r2","CSR",0,FALSE,1,20,TRUE,7689.55,8924.31232546016,8922.51343162314,8924.83458496123,0,"A2 r2",4.81477474437319
7,"A2","r2","PD",3.98156695927087,FALSE,2,20,TRUE,7689.5,8924.25429662671,8922.51343162314,8924.83458496123,0,"A2 r2",2.00598554924992
7,"A2","r2","NUC",6.3,FALSE,3,20,TRUE,7689.2,8923.90612362599,8922.51343162314,8924.83458496123,0,"A2 r2",3.83639356549969
8,"A2","r3","G00.0",0,TRUE,4,20,TRUE,6109.5,8923.88007929144,8921.68909473968,8926.07106384319,0,"A2 r3",4.76648779641023
8,"A2","r3","G00.5",0.5,TRUE,5,20,TRUE,6109.65,8924.09917774661,8923.14975110752,8926.07106384319,0,"A2 r3",4.28114348097453
8,"A2","r3","G01.0",1,TRUE,6,20,TRUE,6109.6,8924.02614492822,8921.68909473968,8926.07106384319,0,"A2 r3",3.7898081512446
8,"A2","r3","G01.5",1.5,TRUE,7,20,TRUE,6109.5,8923.88007929144,8921.68909473968,8926.07106384319,0,"A2 r3",3.30464057052801
8,"A2","r3","G02.0",2,TRUE,8,20,TRUE,6109.45,8923.80704647304,8921.68909473968,8926.07106384319,0,"A2 r3",2.9015027891761
8,"A2","r3","G02.5",2.5,TRUE,9,20,TRUE,6109.85,8924.39130902018,8921.68909473968,8926.07106384319,0,"A2 r3",2.48775646815365
8,"A2","r3","G03.0",3,TRUE,10,20,TRUE,6109.45,8923.80704647304,8921.68909473968,8926.07106384319,0,"A2 r3",2.15941827705345
8,"A2","r3","G03.5",3.5,TRUE,11,20,TRUE,6109.55,8923.95311210983,8921.68909473968,8926.07106384319,0,"A2 r3",1.93949930933026
8,"A2","r3","G04.0",4,TRUE,12,20,TRUE,6109.6,8924.02614492822,8923.14975110752,8926.07106384319,0,"A2 r3",1.89999451653755
8,"A2","r3","G04.5",4.5,TRUE,13,20,TRUE,6109.65,8924.09917774661,8923.14975110752,8926.07106384319,0,"A2 r3",1.99215960407675
8,"A2","r3","G05.0",5,TRUE,14,20,TRUE,6109.6,8924.02614492822,8921.68909473968,8926.07106384319,0,"A2 r3",2.24936416770945
8,"A2","r3","G05.5",5.5,TRUE,15,20,TRUE,6109.75,8924.2452433834,8921.68909473968,8926.07106384319,0,"A2 r3",2.72717378241485
8,"A2","r3","G06.0",6,TRUE,16,20,TRUE,6109.4,8923.73401365465,8921.68909473968,8926.07106384319,0,"A2 r3",3.31131459264425
8,"A2","r3","G06.5",6.5,TRUE,17,20,TRUE,6109.8,8924.31827620179,8921.68909473968,8926.07106384319,0,"A2 r3",4.00753723445056
8,"A2","r3","G07.0",7,TRUE,18,20,TRUE,6109.5,8923.88007929144,8921.68909473968,8926.07106384319,0,"A2 r3",4.78917542252784
8,"A2","r3","G07.5",7.5,TRUE,19,20,TRUE,6109.55,8923.95311210983,8923.14975110752,8924.61040747535,0,"A2 r3",5.63363465450233
8,"A2","r3","G08.0",8,TRUE,20,20,TRUE,6109.4,8923.73401365465,8921.68909473968,8926.07106384319,0,"A2 r3",6.53453317102719
8,"A2","r3","G08.5",8.5,TRUE,21,20,TRUE,6109.25,8923.51491519948,8921.68909473968,8926.07106384319,0,"A2 r3",7.54763696360882
8,"A2","r3","G09.0",9,TRUE,22,0,FALSE,NA,NA,Inf,-Inf,NA,"A2 r3",NA
8,"A2","r3","G09.5",9.5,TRUE,23,0,FALSE,NA,NA,NA,NA,NA,"A2 r3",NA
8,"A2","r3","G10.0",10,TRUE,24,0,FALSE,NA,NA,NA,NA,NA,"A2 r3",NA
8,"A2","r3","G10.5",10.5,TRUE,25,0,FALSE,NA,NA,NA,NA,NA,"A2 r3",NA
8,"A2","r3","G11.0",11,TRUE,26,0,FALSE,NA,NA,NA,NA,NA,"A2 r3",NA
8,"A2","r3","G11.5",11.5,TRUE,27,0,FALSE,NA,NA,NA,NA,NA,"A2 r3",NA
8,"A2","r3","G12.0",12,TRUE,28,0,FALSE,NA,NA,NA,NA,NA,"A2 r3",NA
8,"A2","r3","G12.5",12.5,TRUE,29,0,FALSE,NA,NA,NA,NA,NA,"A2 r3",NA
8,"A2","r3","G13.0",13,TRUE,30,0,FALSE,NA,NA,NA,NA,NA,"A2 r3",NA
8,"A2","r3","G13.5",13.5,TRUE,31,0,FALSE,NA,NA,NA,NA,NA,"A2 r3",NA
8,"A2","r3","G14.0",14,TRUE,32,0,FALSE,NA,NA,NA,NA,NA,"A2 r3",NA
8,"A2","r3","G14.5",14.5,TRUE,33,0,FALSE,NA,NA,NA,NA,NA,"A2 r3",NA
8,"A2","r3","G15.0",15,TRUE,34,0,FALSE,NA,NA,NA,NA,NA,"A2 r3",NA
8,"A2","r3","CSR",0,FALSE,1,20,TRUE,6109.65,8924.09917774661,8921.68909473968,8926.07106384319,0,"A2 r3",4.75361443855213
8,"A2","r3","PD",3.98156695927087,FALSE,2,20,TRUE,6109.7,8924.172210565,8921.68909473968,8926.07106384319,0,"A2 r3",1.89269868073154
8,"A2","r3","NUC",6.3,FALSE,3,20,TRUE,6109.6,8924.02614492822,8921.68909473968,8926.07106384319,0,"A2 r3",3.71777991731977
9,"A2","r4","G00.0",0,TRUE,4,20,TRUE,8665.9,8924.02824109696,8923.10143310045,8924.13121976324,0,"A2 r4",12.2927991347295
9,"A2","r4","G00.5",0.5,TRUE,5,20,TRUE,8665.95,8924.0797304301,8923.10143310045,8924.13121976324,0,"A2 r4",11.8517354272311
9,"A2","r4","G01.0",1,TRUE,6,20,TRUE,8665.8,8923.92526243068,8923.10143310045,8924.13121976324,0,"A2 r4",11.3591507766751
9,"A2","r4","G01.5",1.5,TRUE,7,20,TRUE,8665.8,8923.92526243068,8923.10143310045,8924.13121976324,0,"A2 r4",10.9130569413298
9,"A2","r4","G02.0",2,TRUE,8,20,TRUE,8665.8,8923.92526243068,8923.10143310045,8924.13121976324,0,"A2 r4",10.49985959395
9,"A2","r4","G02.5",2.5,TRUE,9,20,TRUE,8666,8924.13121976324,8924.13121976324,8924.13121976324,0,"A2 r4",10.0807395409852
9,"A2","r4","G03.0",3,TRUE,10,20,TRUE,8665.8,8923.92526243068,8923.10143310045,8924.13121976324,0,"A2 r4",9.83310903258266
9,"A2","r4","G03.5",3.5,TRUE,11,20,TRUE,8665.7,8923.82228376441,8923.10143310045,8924.13121976324,0,"A2 r4",9.66822577691596
9,"A2","r4","G04.0",4,TRUE,12,20,TRUE,8665.85,8923.97675176382,8923.10143310045,8924.13121976324,0,"A2 r4",9.70256049637362
9,"A2","r4","G04.5",4.5,TRUE,13,20,TRUE,8665.9,8924.02824109696,8923.10143310045,8924.13121976324,0,"A2 r4",10.0180904224305
9,"A2","r4","G05.0",5,TRUE,14,20,TRUE,8665.8,8923.92526243068,8923.10143310045,8924.13121976324,0,"A2 r4",10.4923178489514
9,"A2","r4","G05.5",5.5,TRUE,15,20,TRUE,8665.8,8923.92526243068,8923.10143310045,8924.13121976324,0,"A2 r4",11.2095855326372
9,"A2","r4","G06.0",6,TRUE,16,20,TRUE,8665.85,8923.97675176382,8923.10143310045,8924.13121976324,0,"A2 r4",12.0894210050892
9,"A2","r4","G06.5",6.5,TRUE,17,20,TRUE,8665.85,8923.97675176382,8923.10143310045,8924.13121976324,0,"A2 r4",13.1084652432151
9,"A2","r4","G07.0",7,TRUE,18,20,TRUE,8665.85,8923.97675176382,8923.10143310045,8924.13121976324,0,"A2 r4",14.1581431292856
9,"A2","r4","G07.5",7.5,TRUE,19,20,TRUE,8665.8,8923.92526243068,8923.10143310045,8924.13121976324,0,"A2 r4",15.2541463582917
9,"A2","r4","G08.0",8,TRUE,20,20,TRUE,8665.95,8924.0797304301,8923.10143310045,8924.13121976324,0,"A2 r4",16.3571221949492
9,"A2","r4","G08.5",8.5,TRUE,21,4,FALSE,8665.75,8923.87377309754,8923.10143310045,8924.13121976324,0,"A2 r4",17.5413179473634
9,"A2","r4","G09.0",9,TRUE,22,0,FALSE,NA,NA,NA,NA,NA,"A2 r4",NA
9,"A2","r4","G09.5",9.5,TRUE,23,0,FALSE,NA,NA,NA,NA,NA,"A2 r4",NA
9,"A2","r4","G10.0",10,TRUE,24,0,FALSE,NA,NA,NA,NA,NA,"A2 r4",NA
9,"A2","r4","G10.5",10.5,TRUE,25,0,FALSE,NA,NA,NA,NA,NA,"A2 r4",NA
9,"A2","r4","G11.0",11,TRUE,26,0,FALSE,NA,NA,NA,NA,NA,"A2 r4",NA
9,"A2","r4","G11.5",11.5,TRUE,27,0,FALSE,NA,NA,NA,NA,NA,"A2 r4",NA
9,"A2","r4","G12.0",12,TRUE,28,0,FALSE,NA,NA,NA,NA,NA,"A2 r4",NA
9,"A2","r4","G12.5",12.5,TRUE,29,0,FALSE,NA,NA,NA,NA,NA,"A2 r4",NA
9,"A2","r4","G13.0",13,TRUE,30,0,FALSE,NA,NA,NA,NA,NA,"A2 r4",NA
9,"A2","r4","G13.5",13.5,TRUE,31,0,FALSE,NA,NA,NA,NA,NA,"A2 r4",NA
9,"A2","r4","G14.0",14,TRUE,32,0,FALSE,NA,NA,NA,NA,NA,"A2 r4",NA
9,"A2","r4","G14.5",14.5,TRUE,33,0,FALSE,NA,NA,NA,NA,NA,"A2 r4",NA
9,"A2","r4","G15.0",15,TRUE,34,0,FALSE,NA,NA,NA,NA,NA,"A2 r4",NA
9,"A2","r4","CSR",0,FALSE,1,20,TRUE,8665.8,8923.92526243068,8923.10143310045,8924.13121976324,0,"A2 r4",12.371096796898
9,"A2","r4","PD",3.98156695927087,FALSE,2,20,TRUE,8665.8,8923.92526243068,8923.10143310045,8924.13121976324,0,"A2 r4",9.70202744308884
9,"A2","r4","NUC",6.3,FALSE,3,20,TRUE,8665.85,8923.97675176382,8923.10143310045,8924.13121976324,0,"A2 r4",12.706807630851
