"archetype","roi_id","r_um","g_obs","g_lo","g_hi","n","intensity_per_mm2","area_mm2"
"A1","r1",0,0,0.342625873374107,1.89379264985135,8739,10946.9089999622,0.798307540514879
"A1","r1",0.5,0.000353852807952593,0.663061302279103,1.26764753383689,8739,10946.9089999622,0.798307540514879
"A1","r1",1,0.00842517193804479,0.857786184086523,1.11518232055841,8739,10946.9089999622,0.798307540514879
"A1","r1",1.5,0.0477561230599713,0.947470496969783,1.07248640318465,8739,10946.9089999622,0.798307540514879
"A1","r1",2,0.168550532455604,0.963413768473966,1.07001985515776,8739,10946.9089999622,0.798307540514879
"A1","r1",2.5,0.420573942244718,0.965395235375384,1.05061293033917,8739,10946.9089999622,0.798307540514879
"A1","r1",3,0.820874955976234,0.948286399808564,1.0368037397763,8739,10946.9089999622,0.798307540514879
"A1","r1",3.5,1.27224462938185,0.943253910475927,1.05130316962603,8739,10946.9089999622,0.798307540514879
"A1","r1",4,1.65299463475997,0.942843279783005,1.05503458657286,8739,10946.9089999622,0.798307540514879
"A1","r1",4.5,1.8589722925941,0.961342734172376,1.04869726921071,8739,10946.9089999622,0.798307540514879
"A1","r1",5,1.87417375054415,0.975169291231873,1.03932443338872,8739,10946.9089999622,0.798307540514879
"A1","r1",5.5,1.77517959157418,0.976481534284702,1.02606074547268,8739,10946.9089999622,0.798307540514879
"A1","r1",6,1.66151351220178,0.968752146077864,1.02831515532225,8739,10946.9089999622,0.798307540514879
"A1","r1",6.5,1.58123032747961,0.963949572630361,1.02698777524649,8739,10946.9089999622,0.798307540514879
"A1","r1",7,1.5469922510014,0.961842618254356,1.03701139490167,8739,10946.9089999622,0.798307540514879
"A1","r1",7.5,1.52318676758756,0.960066439057407,1.03443071081432,8739,10946.9089999622,0.798307540514879
"A1","r1",8,1.50672455115093,0.979429374066778,1.02409880920211,8739,10946.9089999622,0.798307540514879
"A1","r1",8.5,1.49712602178361,0.970641617836081,1.02333357914781,8739,10946.9089999622,0.798307540514879
"A1","r1",9,1.48334703628021,0.97232746010576,1.02155960533186,8739,10946.9089999622,0.798307540514879
"A1","r1",9.5,1.47002266641082,0.975164676153325,1.02228614585799,8739,10946.9089999622,0.798307540514879
"A1","r1",10,1.46459094783011,0.976877922877754,1.02331551998754,8739,10946.9089999622,0.798307540514879
"A1","r1",10.5,1.44892812128203,0.985071348476732,1.02226670948652,8739,10946.9089999622,0.798307540514879
"A1","r1",11,1.42657375565246,0.986924938287368,1.022898813532,8739,10946.9089999622,0.798307540514879
"A1","r1",11.5,1.40478267602794,0.988743711496202,1.02000888714808,8739,10946.9089999622,0.798307540514879
"A1","r1",12,1.38267677190016,0.987536781282302,1.02392648832819,8739,10946.9089999622,0.798307540514879
"A1","r1",12.5,1.36490290891344,0.986131796473168,1.02244201340719,8739,10946.9089999622,0.798307540514879
"A1","r1",13,1.36240852665474,0.986804158555648,1.02663390587046,8739,10946.9089999622,0.798307540514879
"A1","r1",13.5,1.37103087085873,0.984161827803575,1.03190353167226,8739,10946.9089999622,0.798307540514879
"A1","r1",14,1.37345884135862,0.977365145312602,1.03114554108886,8739,10946.9089999622,0.798307540514879
"A1","r1",14.5,1.36692070585722,0.971940338591855,1.02496859357705,8739,10946.9089999622,0.798307540514879
"A1","r1",15,1.3518908747079,0.972016918937445,1.02510856245445,8739,10946.9089999622,0.798307540514879
"A1","r1",15.5,1.33770790497173,0.968501773824214,1.01661649283821,8739,10946.9089999622,0.798307540514879
"A1","r1",16,1.33049128436377,0.974021242723353,1.01868562879218,8739,10946.9089999622,0.798307540514879
"A1","r1",16.5,1.32540120718476,0.982291949188081,1.02387784112186,8739,10946.9089999622,0.798307540514879
"A1","r1",17,1.3206450617054,0.987619680657358,1.03053524136613,8739,10946.9089999622,0.798307540514879
"A1","r1",17.5,1.31241998532671,0.986183432492897,1.03354566072952,8739,10946.9089999622,0.798307540514879
"A1","r1",18,1.30678655110955,0.981316917429988,1.02575560739843,8739,10946.9089999622,0.798307540514879
"A1","r1",18.5,1.30339626856276,0.979992521919293,1.02180618368406,8739,10946.9089999622,0.798307540514879
"A1","r1",19,1.29552118042806,0.976685412002349,1.01561248687723,8739,10946.9089999622,0.798307540514879
"A1","r1",19.5,1.28965850208366,0.980570473369868,1.01681388952162,8739,10946.9089999622,0.798307540514879
"A1","r1",20,1.28126677884359,0.982941395665774,1.02109906845887,8739,10946.9089999622,0.798307540514879
"A1","r1",20.5,1.27248686756896,0.981517297246067,1.02145664686875,8739,10946.9089999622,0.798307540514879
"A1","r1",21,1.26884527663889,0.979238120126749,1.01977156124981,8739,10946.9089999622,0.798307540514879
"A1","r1",21.5,1.2637288269323,0.982429889242063,1.02178089936746,8739,10946.9089999622,0.798307540514879
"A1","r1",22,1.25299274883234,0.984651776599023,1.01913057208501,8739,10946.9089999622,0.798307540514879
"A1","r1",22.5,1.24386872391496,0.980158678707014,1.02105880265254,8739,10946.9089999622,0.798307540514879
"A1","r1",23,1.23967863892972,0.976336627499096,1.02532483629116,8739,10946.9089999622,0.798307540514879
"A1","r1",23.5,1.23711449469414,0.975173164987677,1.0208638389355,8739,10946.9089999622,0.798307540514879
"A1","r1",24,1.23381824786319,0.980033844578065,1.01698738818014,8739,10946.9089999622,0.798307540514879
"A1","r1",24.5,1.23471982396428,0.982157277567506,1.01787364239986,8739,10946.9089999622,0.798307540514879
"A1","r1",25,1.23330208794713,0.986012148036563,1.02357543563189,8739,10946.9089999622,0.798307540514879
"A1","r1",25.5,1.22643247420243,0.983890084561139,1.02764034832982,8739,10946.9089999622,0.798307540514879
"A1","r1",26,1.22036261168594,0.984340095598064,1.03099341758143,8739,10946.9089999622,0.798307540514879
"A1","r1",26.5,1.21129105092511,0.982736489018784,1.03143705540265,8739,10946.9089999622,0.798307540514879
"A1","r1",27,1.1999783776035,0.982847744357835,1.02968784789,8739,10946.9089999622,0.798307540514879
"A1","r1",27.5,1.19556550556303,0.98374856789611,1.02388949343309,8739,10946.9089999622,0.798307540514879
"A1","r1",28,1.19275384919034,0.985596516814886,1.02312249773714,8739,10946.9089999622,0.798307540514879
"A1","r1",28.5,1.18902786047252,0.983829219652106,1.02104907990052,8739,10946.9089999622,0.798307540514879
"A1","r1",29,1.18691913407647,0.986885423954458,1.02213509944478,8739,10946.9089999622,0.798307540514879
"A1","r1",29.5,1.18318571355123,0.992505565892311,1.02080575925195,8739,10946.9089999622,0.798307540514879
"A1","r1",30,1.17370753818889,0.985312539403668,1.02013966743964,8739,10946.9089999622,0.798307540514879
"A1","r1",30.5,1.16669352600396,0.981439935097265,1.01566830721364,8739,10946.9089999622,0.798307540514879
"A1","r1",31,1.16194225916826,0.983142860365125,1.01715819986457,8739,10946.9089999622,0.798307540514879
"A1","r1",31.5,1.15980674366087,0.983424580873208,1.02203576736689,8739,10946.9089999622,0.798307540514879
"A1","r1",32,1.1624526004723,0.979817393949306,1.02448764912658,8739,10946.9089999622,0.798307540514879
"A1","r1",32.5,1.16646194281917,0.980166927445191,1.02674181311965,8739,10946.9089999622,0.798307540514879
"A1","r1",33,1.16318018341597,0.984695205436383,1.0301546188205,8739,10946.9089999622,0.798307540514879
"A1","r1",33.5,1.15831755162973,0.988070661013775,1.0314024310354,8739,10946.9089999622,0.798307540514879
"A1","r1",34,1.15605783797677,0.986104412378954,1.02814789331965,8739,10946.9089999622,0.798307540514879
"A1","r1",34.5,1.15305276827903,0.979627492799955,1.02176313955333,8739,10946.9089999622,0.798307540514879
"A1","r1",35,1.15082340727773,0.980297517066319,1.02337399585237,8739,10946.9089999622,0.798307540514879
"A1","r1",35.5,1.14703804176254,0.983570193607974,1.02232249251277,8739,10946.9089999622,0.798307540514879
"A1","r1",36,1.14071715318254,0.987377860587151,1.01664776081167,8739,10946.9089999622,0.798307540514879
"A1","r1",36.5,1.13458921152008,0.988544981225799,1.01284671335917,8739,10946.9089999622,0.798307540514879
"A1","r1",37,1.12697972026004,0.991242371864334,1.01298596451427,8739,10946.9089999622,0.798307540514879
"A1","r1",37.5,1.12107575850592,0.986018398348261,1.01513955622681,8739,10946.9089999622,0.798307540514879
"A1","r1",38,1.11995954388587,0.980893482129725,1.01667299772345,8739,10946.9089999622,0.798307540514879
"A1","r1",38.5,1.11755079476228,0.978072520318773,1.0214951706046,8739,10946.9089999622,0.798307540514879
"A1","r1",39,1.11668987350171,0.976922206227548,1.02225773821666,8739,10946.9089999622,0.798307540514879
"A1","r1",39.5,1.11540732597299,0.984199234902159,1.02217569228259,8739,10946.9089999622,0.798307540514879
"A1","r1",40,1.11274544246162,0.99081328029489,1.01997470023587,8739,10946.9089999622,0.798307540514879
"A1","r1",40.5,1.11192673616697,0.989355681188469,1.02240319100978,8739,10946.9089999622,0.798307540514879
"A1","r1",41,1.11224070669027,0.987602564132836,1.02353654649018,8739,10946.9089999622,0.798307540514879
"A1","r1",41.5,1.11009833603539,0.992345523882102,1.01777843058754,8739,10946.9089999622,0.798307540514879
"A1","r1",42,1.10622912429176,0.990390102197891,1.01956183439178,8739,10946.9089999622,0.798307540514879
"A1","r1",42.5,1.10051425545243,0.986754080308056,1.019529742808,8739,10946.9089999622,0.798307540514879
"A1","r1",43,1.09909269292954,0.987137747821437,1.02229288192292,8739,10946.9089999622,0.798307540514879
"A1","r1",43.5,1.10005741664053,0.986612034736641,1.02133920630476,8739,10946.9089999622,0.798307540514879
"A1","r1",44,1.09864225847874,0.989759537647374,1.01594049554279,8739,10946.9089999622,0.798307540514879
"A1","r1",44.5,1.09204533130171,0.990077946486698,1.01383392220774,8739,10946.9089999622,0.798307540514879
"A1","r1",45,1.08167084641235,0.990654383012777,1.01381545781651,8739,10946.9089999622,0.798307540514879
"A1","r1",45.5,1.07416276004288,0.986766155963297,1.01502907320086,8739,10946.9089999622,0.798307540514879
"A1","r1",46,1.07495419331532,0.985831051754694,1.01430135692483,8739,10946.9089999622,0.798307540514879
"A1","r1",46.5,1.07889778347718,0.982248591898503,1.01717630307588,8739,10946.9089999622,0.798307540514879
"A1","r1",47,1.08456153286175,0.982182015872249,1.0199936397379,8739,10946.9089999622,0.798307540514879
"A1","r1",47.5,1.08637632949376,0.98583110056891,1.02115046928424,8739,10946.9089999622,0.798307540514879
"A1","r1",48,1.0845509937399,0.989557355307426,1.01575458754203,8739,10946.9089999622,0.798307540514879
"A1","r1",48.5,1.08284867236593,0.987463429944919,1.01706725490913,8739,10946.9089999622,0.798307540514879
"A1","r1",49,1.08110834334229,0.986198795136336,1.01776802089167,8739,10946.9089999622,0.798307540514879
"A1","r1",49.5,1.07814785015008,0.985653559459896,1.01972597752962,8739,10946.9089999622,0.798307540514879
"A1","r1",50,1.07274968530439,0.982629382674032,1.02077177142469,8739,10946.9089999622,0.798307540514879
"A1","r1",50.5,1.06865949208625,0.981487164374108,1.01917202108869,8739,10946.9089999622,0.798307540514879
"A1","r1",51,1.06415303941743,0.980690553306545,1.01501542023973,8739,10946.9089999622,0.798307540514879
"A1","r1",51.5,1.05905572034576,0.982172213187952,1.01640429114642,8739,10946.9089999622,0.798307540514879
"A1","r1",52,1.05760632728578,0.986915018710211,1.01513852357994,8739,10946.9089999622,0.798307540514879
"A1","r1",52.5,1.0580444788863,0.985481479689297,1.0105861686875,8739,10946.9089999622,0.798307540514879
"A1","r1",53,1.06132615038703,0.984288008262626,1.01365732915457,8739,10946.9089999622,0.798307540514879
"A1","r1",53.5,1.0668662856862,0.983214957107231,1.01658768954686,8739,10946.9089999622,0.798307540514879
"A1","r1",54,1.06990134043227,0.984799733521622,1.01422399641288,8739,10946.9089999622,0.798307540514879
"A1","r1",54.5,1.06752530262364,0.985056969282416,1.01517093328168,8739,10946.9089999622,0.798307540514879
"A1","r1",55,1.06080273483583,0.983277114957729,1.01220947523628,8739,10946.9089999622,0.798307540514879
"A1","r1",55.5,1.054699200365,0.981808590596078,1.01396581364972,8739,10946.9089999622,0.798307540514879
"A1","r1",56,1.05053867610933,0.98445684031626,1.01370063267919,8739,10946.9089999622,0.798307540514879
"A1","r1",56.5,1.05015708853299,0.988376599977815,1.01134285859867,8739,10946.9089999622,0.798307540514879
"A1","r1",57,1.05307718670101,0.990333548114497,1.01220004252471,8739,10946.9089999622,0.798307540514879
"A1","r1",57.5,1.05859537840046,0.986372528767147,1.01265980543405,8739,10946.9089999622,0.798307540514879
"A1","r1",58,1.06145685308951,0.987026238915211,1.01493301572626,8739,10946.9089999622,0.798307540514879
"A1","r1",58.5,1.06435001808122,0.986641048338535,1.01895805061768,8739,10946.9089999622,0.798307540514879
"A1","r1",59,1.062406354295,0.986637915661047,1.01931944510284,8739,10946.9089999622,0.798307540514879
"A1","r1",59.5,1.05913482956915,0.984163125551494,1.01593632167165,8739,10946.9089999622,0.798307540514879
"A1","r1",60,1.05176662049094,0.980432272333236,1.0122226384055,8739,10946.9089999622,0.798307540514879
"A1","r2",0,0,0.350363848287904,4.29071693362591,7004,10263.6072849198,0.682411145084528
"A1","r2",0.5,0.000107154349231995,0.624058025436964,2.00208972637801,7004,10263.6072849198,0.682411145084528
"A1","r2",1,0.00508889623641723,0.81850673643579,1.32381641749741,7004,10263.6072849198,0.682411145084528
"A1","r2",1.5,0.0448269828778948,0.891104994156262,1.06913697870648,7004,10263.6072849198,0.682411145084528
"A1","r2",2,0.167405347216877,0.924283802824043,1.06045554400983,7004,10263.6072849198,0.682411145084528
"A1","r2",2.5,0.425360356803155,0.942495645893132,1.06342972060135,7004,10263.6072849198,0.682411145084528
"A1","r2",3,0.811881416005104,0.946079524272715,1.06761147845062,7004,10263.6072849198,0.682411145084528
"A1","r2",3.5,1.23971702154722,0.950360231571642,1.05892976671725,7004,10263.6072849198,0.682411145084528
"A1","r2",4,1.59838159727954,0.949252929647588,1.05704702649728,7004,10263.6072849198,0.682411145084528
"A1","r2",4.5,1.80760612316279,0.95037399116903,1.05484165265816,7004,10263.6072849198,0.682411145084528
"A1","r2",5,1.83720350223712,0.968730452879829,1.03848970169144,7004,10263.6072849198,0.682411145084528
"A1","r2",5.5,1.76559043798065,0.969756412280317,1.04327935588321,7004,10263.6072849198,0.682411145084528
"A1","r2",6,1.67861142314312,0.966458805923264,1.0409540772868,7004,10263.6072849198,0.682411145084528
"A1","r2",6.5,1.6091178487262,0.972103519485735,1.04440075147132,7004,10263.6072849198,0.682411145084528
"A1","r2",7,1.56624227762221,0.974152983355295,1.0351597281157,7004,10263.6072849198,0.682411145084528
"A1","r2",7.5,1.54752339543245,0.96906425803302,1.04360541788293,7004,10263.6072849198,0.682411145084528
"A1","r2",8,1.5244722860856,0.968405533047916,1.05386527693491,7004,10263.6072849198,0.682411145084528
"A1","r2",8.5,1.5034531349503,0.978446752475625,1.05768513218332,7004,10263.6072849198,0.682411145084528
"A1","r2",9,1.48755748297297,0.97571243027502,1.05062382450327,7004,10263.6072849198,0.682411145084528
"A1","r2",9.5,1.46819238480957,0.970989762534367,1.03641234347495,7004,10263.6072849198,0.682411145084528
"A1","r2",10,1.45589626201639,0.97486283419114,1.03565126981507,7004,10263.6072849198,0.682411145084528
"A1","r2",10.5,1.45011309342838,0.977423876767292,1.03974894290821,7004,10263.6072849198,0.682411145084528
"A1","r2",11,1.44860699535229,0.969948910896277,1.0372980529893,7004,10263.6072849198,0.682411145084528
"A1","r2",11.5,1.45400117611364,0.971782094611346,1.02669318918322,7004,10263.6072849198,0.682411145084528
"A1","r2",12,1.46188633420823,0.969652647118829,1.02784137306113,7004,10263.6072849198,0.682411145084528
"A1","r2",12.5,1.4546861969262,0.970257167226055,1.02278444530736,7004,10263.6072849198,0.682411145084528
"A1","r2",13,1.44235663924176,0.970796632211949,1.03105625335424,7004,10263.6072849198,0.682411145084528
"A1","r2",13.5,1.42782141066887,0.977729340006759,1.031191812274,7004,10263.6072849198,0.682411145084528
"A1","r2",14,1.41629807139137,0.972581716553765,1.0282041796574,7004,10263.6072849198,0.682411145084528
"A1","r2",14.5,1.40965281347506,0.97277214603711,1.0277673426733,7004,10263.6072849198,0.682411145084528
"A1","r2",15,1.40819201234061,0.970009337142411,1.02671471304171,7004,10263.6072849198,0.682411145084528
"A1","r2",15.5,1.40568161088973,0.96615647177805,1.02238488174423,7004,10263.6072849198,0.682411145084528
"A1","r2",16,1.3985206115954,0.968394540981594,1.02593538029981,7004,10263.6072849198,0.682411145084528
"A1","r2",16.5,1.39283136587569,0.972082755426973,1.02524693875357,7004,10263.6072849198,0.682411145084528
"A1","r2",17,1.39034886841041,0.978131328017182,1.01952692678762,7004,10263.6072849198,0.682411145084528
"A1","r2",17.5,1.39436426679578,0.981616092649797,1.0166471387689,7004,10263.6072849198,0.682411145084528
"A1","r2",18,1.39482039024558,0.980577094676921,1.02306051594377,7004,10263.6072849198,0.682411145084528
"A1","r2",18.5,1.38830670480316,0.973977318881804,1.02706160561487,7004,10263.6072849198,0.682411145084528
"A1","r2",19,1.37548252301739,0.970391823662923,1.02484831978875,7004,10263.6072849198,0.682411145084528
"A1","r2",19.5,1.36634821339074,0.970016462915238,1.02687519537303,7004,10263.6072849198,0.682411145084528
"A1","r2",20,1.362722306794,0.968704850400832,1.02720110352462,7004,10263.6072849198,0.682411145084528
"A1","r2",20.5,1.36699694784622,0.970729099284997,1.02289117696618,7004,10263.6072849198,0.682411145084528
"A1","r2",21,1.36767277801555,0.977558496769158,1.01738255251511,7004,10263.6072849198,0.682411145084528
"A1","r2",21.5,1.35450246583425,0.981154058755721,1.01821298181101,7004,10263.6072849198,0.682411145084528
"A1","r2",22,1.3351984615635,0.979861863317762,1.01973062300918,7004,10263.6072849198,0.682411145084528
"A1","r2",22.5,1.31931163482954,0.977347283749354,1.02446339118688,7004,10263.6072849198,0.682411145084528
"A1","r2",23,1.30483677100531,0.978678503752362,1.03142061523748,7004,10263.6072849198,0.682411145084528
"A1","r2",23.5,1.30473823456907,0.980557646364176,1.03094757634699,7004,10263.6072849198,0.682411145084528
"A1","r2",24,1.31201041500929,0.982519126892125,1.02542675095963,7004,10263.6072849198,0.682411145084528
"A1","r2",24.5,1.31575511876118,0.983892273927952,1.02590795110624,7004,10263.6072849198,0.682411145084528
"A1","r2",25,1.31833237290865,0.982319496584272,1.02501682753942,7004,10263.6072849198,0.682411145084528
"A1","r2",25.5,1.31958830470017,0.98313637568542,1.01784590414302,7004,10263.6072849198,0.682411145084528
"A1","r2",26,1.31265193757648,0.983344501257789,1.02173365466424,7004,10263.6072849198,0.682411145084528
"A1","r2",26.5,1.30399961728634,0.980037750382597,1.02408471532351,7004,10263.6072849198,0.682411145084528
"A1","r2",27,1.29097490031758,0.980440867122757,1.02205924765269,7004,10263.6072849198,0.682411145084528
"A1","r2",27.5,1.27921082710145,0.976601070848021,1.02075922455368,7004,10263.6072849198,0.682411145084528
"A1","r2",28,1.26943667380206,0.975513055600355,1.02151101242884,7004,10263.6072849198,0.682411145084528
"A1","r2",28.5,1.26824462094783,0.977957725371681,1.01556661279539,7004,10263.6072849198,0.682411145084528
"A1","r2",29,1.27584810858646,0.973419861257576,1.01762529126142,7004,10263.6072849198,0.682411145084528
"A1","r2",29.5,1.28377356855648,0.970366113361832,1.01981349244062,7004,10263.6072849198,0.682411145084528
"A1","r2",30,1.279240547529,0.97464515875727,1.01877586671417,7004,10263.6072849198,0.682411145084528
"A1","r2",30.5,1.27099529883555,0.981951431743706,1.02255267829354,7004,10263.6072849198,0.682411145084528
"A1","r2",31,1.25477652062596,0.980228476164586,1.02479838914844,7004,10263.6072849198,0.682411145084528
"A1","r2",31.5,1.24106546705743,0.976985689668909,1.03291558978706,7004,10263.6072849198,0.682411145084528
"A1","r2",32,1.23519772238994,0.976742280001138,1.03123961142854,7004,10263.6072849198,0.682411145084528
"A1","r2",32.5,1.23554560519514,0.978897453220219,1.02838515831857,7004,10263.6072849198,0.682411145084528
"A1","r2",33,1.23059014115713,0.982456886154593,1.02822290793686,7004,10263.6072849198,0.682411145084528
"A1","r2",33.5,1.22591502142571,0.984668141602004,1.02658901931999,7004,10263.6072849198,0.682411145084528
"A1","r2",34,1.22210961719664,0.981903685699094,1.02577049549453,7004,10263.6072849198,0.682411145084528
"A1","r2",34.5,1.21723395162609,0.983668753342631,1.02282516907234,7004,10263.6072849198,0.682411145084528
"A1","r2",35,1.2100984962489,0.982730535672028,1.01907721412457,7004,10263.6072849198,0.682411145084528
"A1","r2",35.5,1.20390183301994,0.984456151665556,1.01855035272229,7004,10263.6072849198,0.682411145084528
"A1","r2",36,1.20110945547982,0.983286045232073,1.0170331542606,7004,10263.6072849198,0.682411145084528
"A1","r2",36.5,1.1943637168485,0.98175129125355,1.01940582308702,7004,10263.6072849198,0.682411145084528
"A1","r2",37,1.19231790713235,0.981286153889095,1.02580357871347,7004,10263.6072849198,0.682411145084528
"A1","r2",37.5,1.19229152201791,0.983254984337887,1.03155097180122,7004,10263.6072849198,0.682411145084528
"A1","r2",38,1.18657245520972,0.987015438178775,1.03087061539675,7004,10263.6072849198,0.682411145084528
"A1","r2",38.5,1.18431676292261,0.984308079108266,1.02397986432176,7004,10263.6072849198,0.682411145084528
"A1","r2",39,1.18325226354181,0.983756436282913,1.02132016312645,7004,10263.6072849198,0.682411145084528
"A1","r2",39.5,1.17845575064625,0.986924447868035,1.01863354599781,7004,10263.6072849198,0.682411145084528
"A1","r2",40,1.17831648744374,0.982492025858962,1.01748024568859,7004,10263.6072849198,0.682411145084528
"A1","r2",40.5,1.18085877760252,0.979955788431753,1.01857418285005,7004,10263.6072849198,0.682411145084528
"A1","r2",41,1.17977578768188,0.976169991592375,1.01918425659055,7004,10263.6072849198,0.682411145084528
"A1","r2",41.5,1.18087046589832,0.969587262180203,1.02239173699046,7004,10263.6072849198,0.682411145084528
"A1","r2",42,1.17858400165562,0.969573464316566,1.02420091022971,7004,10263.6072849198,0.682411145084528
"A1","r2",42.5,1.17252662555594,0.973165106528649,1.02188313939689,7004,10263.6072849198,0.682411145084528
"A1","r2",43,1.16759565123501,0.97893018023265,1.01820555086032,7004,10263.6072849198,0.682411145084528
"A1","r2",43.5,1.16539053440916,0.985315005047467,1.02229164552038,7004,10263.6072849198,0.682411145084528
"A1","r2",44,1.16222047769871,0.985105820748456,1.02406679380868,7004,10263.6072849198,0.682411145084528
"A1","r2",44.5,1.15532911593571,0.985271242755866,1.02115340021953,7004,10263.6072849198,0.682411145084528
"A1","r2",45,1.14525145883371,0.984857271717433,1.02092479110592,7004,10263.6072849198,0.682411145084528
"A1","r2",45.5,1.1389609861294,0.982596798048623,1.01745505378233,7004,10263.6072849198,0.682411145084528
"A1","r2",46,1.13526198500178,0.979479846859373,1.01406801298514,7004,10263.6072849198,0.682411145084528
"A1","r2",46.5,1.13385258038682,0.97821956072726,1.01367984632975,7004,10263.6072849198,0.682411145084528
"A1","r2",47,1.13726183602507,0.977264230293201,1.01223088105581,7004,10263.6072849198,0.682411145084528
"A1","r2",47.5,1.13884156605021,0.97768029067308,1.01230323095495,7004,10263.6072849198,0.682411145084528
"A1","r2",48,1.13456921365782,0.981347301357982,1.01469717199119,7004,10263.6072849198,0.682411145084528
"A1","r2",48.5,1.13157420643134,0.982580536455923,1.01369949803746,7004,10263.6072849198,0.682411145084528
"A1","r2",49,1.12893280625146,0.984302661867203,1.01587843569546,7004,10263.6072849198,0.682411145084528
"A1","r2",49.5,1.12359433832197,0.982373557238925,1.01760070885505,7004,10263.6072849198,0.682411145084528
"A1","r2",50,1.11860769652896,0.9793699653595,1.02028105831226,7004,10263.6072849198,0.682411145084528
"A1","r2",50.5,1.1155096373784,0.978041620902007,1.02034727819671,7004,10263.6072849198,0.682411145084528
"A1","r2",51,1.11289117116848,0.978362779771782,1.0179105081572,7004,10263.6072849198,0.682411145084528
"A1","r2",51.5,1.11172071964003,0.980668933660133,1.0208186646134,7004,10263.6072849198,0.682411145084528
"A1","r2",52,1.11143245846429,0.98445700811583,1.0217913840082,7004,10263.6072849198,0.682411145084528
"A1","r2",52.5,1.11174662932294,0.982506311962421,1.02299244187547,7004,10263.6072849198,0.682411145084528
"A1","r2",53,1.10972049378338,0.980756634407085,1.02176121838547,7004,10263.6072849198,0.682411145084528
"A1","r2",53.5,1.10705184765839,0.984225564900006,1.01975752910454,7004,10263.6072849198,0.682411145084528
"A1","r2",54,1.10448588554752,0.986835602511357,1.02372878579156,7004,10263.6072849198,0.682411145084528
"A1","r2",54.5,1.1034747391882,0.98690806533083,1.02586186989549,7004,10263.6072849198,0.682411145084528
"A1","r2",55,1.10100095596836,0.985983128704877,1.02351041306589,7004,10263.6072849198,0.682411145084528
"A1","r2",55.5,1.09676622190596,0.98039935266476,1.02263295271613,7004,10263.6072849198,0.682411145084528
"A1","r2",56,1.0941555827463,0.976635388020296,1.02631336564945,7004,10263.6072849198,0.682411145084528
"A1","r2",56.5,1.08805157492278,0.97306712486325,1.02683288470639,7004,10263.6072849198,0.682411145084528
"A1","r2",57,1.08506239134309,0.975147524053216,1.02783643115807,7004,10263.6072849198,0.682411145084528
"A1","r2",57.5,1.08672740596849,0.979219292315975,1.02460753162043,7004,10263.6072849198,0.682411145084528
"A1","r2",58,1.08979669541756,0.981548594960271,1.02330762984255,7004,10263.6072849198,0.682411145084528
"A1","r2",58.5,1.08797313700135,0.985045985998659,1.02279932331896,7004,10263.6072849198,0.682411145084528
"A1","r2",59,1.08742330676329,0.983390320048172,1.02082875741112,7004,10263.6072849198,0.682411145084528
"A1","r2",59.5,1.08457209464536,0.984751463421503,1.01774426504631,7004,10263.6072849198,0.682411145084528
"A1","r2",60,1.08213626120796,0.980809017176504,1.01951952004095,7004,10263.6072849198,0.682411145084528
"A1","r3",0,0,0.474175495727249,2.80664039627836,8506,10500.2935864893,0.810072587965033
"A1","r3",0.5,0.000574116989869965,0.744798300768637,1.4554456430848,8506,10500.2935864893,0.810072587965033
"A1","r3",1,0.00822359643434001,0.90097077367572,1.10441972415181,8506,10500.2935864893,0.810072587965033
"A1","r3",1.5,0.04861551324016,0.952005499408535,1.08296825115831,8506,10500.2935864893,0.810072587965033
"A1","r3",2,0.177402956979043,0.966486202828109,1.09065985639794,8506,10500.2935864893,0.810072587965033
"A1","r3",2.5,0.428537137463653,0.970449800335726,1.07095957562473,8506,10500.2935864893,0.810072587965033
"A1","r3",3,0.801823146129714,0.969500734585478,1.05106901037205,8506,10500.2935864893,0.810072587965033
"A1","r3",3.5,1.21878833273072,0.965962531348528,1.05032860393807,8506,10500.2935864893,0.810072587965033
"A1","r3",4,1.57280126808563,0.96512867168894,1.05347205275303,8506,10500.2935864893,0.810072587965033
"A1","r3",4.5,1.7825714423456,0.964049651919068,1.04823696283269,8506,10500.2935864893,0.810072587965033
"A1","r3",5,1.83690725986363,0.96753635368714,1.03755032702685,8506,10500.2935864893,0.810072587965033
"A1","r3",5.5,1.78159188631566,0.973949896803678,1.0455260683396,8506,10500.2935864893,0.810072587965033
"A1","r3",6,1.69712936425709,0.97210826533186,1.0503314486111,8506,10500.2935864893,0.810072587965033
"A1","r3",6.5,1.62017017585639,0.976893721213723,1.04728586807685,8506,10500.2935864893,0.810072587965033
"A1","r3",7,1.57269077453681,0.95980677651148,1.04110092461379,8506,10500.2935864893,0.810072587965033
"A1","r3",7.5,1.55493403582137,0.957219536861475,1.03657656060966,8506,10500.2935864893,0.810072587965033
"A1","r3",8,1.54112083868538,0.961705821737457,1.03423012587962,8506,10500.2935864893,0.810072587965033
"A1","r3",8.5,1.53129035558687,0.978865627011701,1.03572290107398,8506,10500.2935864893,0.810072587965033
"A1","r3",9,1.5165483011414,0.987461589043223,1.02986513776677,8506,10500.2935864893,0.810072587965033
"A1","r3",9.5,1.49929385667338,0.981303889044545,1.02359645758225,8506,10500.2935864893,0.810072587965033
"A1","r3",10,1.4845762346965,0.978788271738707,1.02099478589708,8506,10500.2935864893,0.810072587965033
"A1","r3",10.5,1.47749102050569,0.976432872119322,1.02134120050669,8506,10500.2935864893,0.810072587965033
"A1","r3",11,1.46407092052587,0.97751109120304,1.02381895710844,8506,10500.2935864893,0.810072587965033
"A1","r3",11.5,1.4599004247355,0.969784141996724,1.02377050803493,8506,10500.2935864893,0.810072587965033
"A1","r3",12,1.44816063503506,0.964906068903347,1.02524176510635,8506,10500.2935864893,0.810072587965033
"A1","r3",12.5,1.43555408114854,0.965601284493976,1.02466767921663,8506,10500.2935864893,0.810072587965033
"A1","r3",13,1.41965850721588,0.965398142323951,1.02526166849435,8506,10500.2935864893,0.810072587965033
"A1","r3",13.5,1.40445739466072,0.970443948577285,1.03240591807273,8506,10500.2935864893,0.810072587965033
"A1","r3",14,1.39047106525672,0.974806409245131,1.03394857593776,8506,10500.2935864893,0.810072587965033
"A1","r3",14.5,1.38220421756649,0.975207893674059,1.03085432016018,8506,10500.2935864893,0.810072587965033
"A1","r3",15,1.38242635378278,0.982710206234167,1.03369160725273,8506,10500.2935864893,0.810072587965033
"A1","r3",15.5,1.3898490607659,0.980030442127782,1.02778398986112,8506,10500.2935864893,0.810072587965033
"A1","r3",16,1.38599545061319,0.982413263516908,1.02615887972047,8506,10500.2935864893,0.810072587965033
"A1","r3",16.5,1.37659806982143,0.985512227407583,1.02780133238244,8506,10500.2935864893,0.810072587965033
"A1","r3",17,1.36000861413104,0.980684938176409,1.03130691054796,8506,10500.2935864893,0.810072587965033
"A1","r3",17.5,1.34042048843651,0.982152746145938,1.03470883649216,8506,10500.2935864893,0.810072587965033
"A1","r3",18,1.33362078627475,0.980846296953332,1.02884129841709,8506,10500.2935864893,0.810072587965033
"A1","r3",18.5,1.33207540209954,0.974832033238298,1.02450616857376,8506,10500.2935864893,0.810072587965033
"A1","r3",19,1.32674134920336,0.975115638775381,1.02581469888972,8506,10500.2935864893,0.810072587965033
"A1","r3",19.5,1.32047071138826,0.9760250688316,1.0213323767771,8506,10500.2935864893,0.810072587965033
"A1","r3",20,1.31119300691497,0.980176576409612,1.01614836022345,8506,10500.2935864893,0.810072587965033
"A1","r3",20.5,1.30463029630578,0.980386091791946,1.01446401398462,8506,10500.2935864893,0.810072587965033
"A1","r3",21,1.30794729454897,0.986317082397549,1.01501027394372,8506,10500.2935864893,0.810072587965033
"A1","r3",21.5,1.30930075644411,0.98861011772679,1.01595672362672,8506,10500.2935864893,0.810072587965033
"A1","r3",22,1.30349859851834,0.982731969771807,1.01813682718259,8506,10500.2935864893,0.810072587965033
"A1","r3",22.5,1.29203379060443,0.980118323701341,1.0154726371896,8506,10500.2935864893,0.810072587965033
"A1","r3",23,1.28202605118595,0.98139276940115,1.01936508542097,8506,10500.2935864893,0.810072587965033
"A1","r3",23.5,1.26962332729963,0.980184103243011,1.02343896604322,8506,10500.2935864893,0.810072587965033
"A1","r3",24,1.26217341813647,0.977311284445947,1.02766287981839,8506,10500.2935864893,0.810072587965033
"A1","r3",24.5,1.2623177597863,0.981133507276767,1.02194497100147,8506,10500.2935864893,0.810072587965033
"A1","r3",25,1.26030992337395,0.981345716705971,1.02072997317822,8506,10500.2935864893,0.810072587965033
"A1","r3",25.5,1.25517061898905,0.980808745593054,1.02191428925684,8506,10500.2935864893,0.810072587965033
"A1","r3",26,1.2538988944614,0.980260506329649,1.02277093532292,8506,10500.2935864893,0.810072587965033
"A1","r3",26.5,1.24420913042402,0.980901111489106,1.02423550961947,8506,10500.2935864893,0.810072587965033
"A1","r3",27,1.23516460451472,0.982990853905907,1.03162550280008,8506,10500.2935864893,0.810072587965033
"A1","r3",27.5,1.23027062795243,0.977991003145882,1.03415501947236,8506,10500.2935864893,0.810072587965033
"A1","r3",28,1.22222994763554,0.975246879978876,1.03241510300928,8506,10500.2935864893,0.810072587965033
"A1","r3",28.5,1.21625826565772,0.977053675031988,1.03037414659893,8506,10500.2935864893,0.810072587965033
"A1","r3",29,1.21654116461757,0.979243001730188,1.0268186109103,8506,10500.2935864893,0.810072587965033
"A1","r3",29.5,1.21469558678353,0.984578230691682,1.02418619734309,8506,10500.2935864893,0.810072587965033
"A1","r3",30,1.21332187436957,0.986413565898708,1.01891948050666,8506,10500.2935864893,0.810072587965033
"A1","r3",30.5,1.21141776525465,0.982673615738906,1.01794935077183,8506,10500.2935864893,0.810072587965033
"A1","r3",31,1.20598547537324,0.975318271505855,1.01658126291742,8506,10500.2935864893,0.810072587965033
"A1","r3",31.5,1.20111126590838,0.971375847407521,1.01576292493932,8506,10500.2935864893,0.810072587965033
"A1","r3",32,1.19863239459855,0.972465090001791,1.01676294076968,8506,10500.2935864893,0.810072587965033
"A1","r3",32.5,1.19497102631267,0.976883138535613,1.0172828183185,8506,10500.2935864893,0.810072587965033
"A1","r3",33,1.18726638604756,0.98392788429303,1.01583753506254,8506,10500.2935864893,0.810072587965033
"A1","r3",33.5,1.18269513108359,0.984689095729484,1.01731448982963,8506,10500.2935864893,0.810072587965033
"A1","r3",34,1.179054163935,0.986325009276446,1.01785463365354,8506,10500.2935864893,0.810072587965033
"A1","r3",34.5,1.17824669289717,0.983836837537806,1.01501996987567,8506,10500.2935864893,0.810072587965033
"A1","r3",35,1.17990592062315,0.98480009568331,1.01448865134082,8506,10500.2935864893,0.810072587965033
"A1","r3",35.5,1.17968152620819,0.987797685557897,1.01517695362436,8506,10500.2935864893,0.810072587965033
"A1","r3",36,1.17585931169469,0.986500646604784,1.01514479155483,8506,10500.2935864893,0.810072587965033
"A1","r3",36.5,1.17244243761958,0.983797781493762,1.01424526852974,8506,10500.2935864893,0.810072587965033
"A1","r3",37,1.16876263087412,0.980292748387626,1.01924894416011,8506,10500.2935864893,0.810072587965033
"A1","r3",37.5,1.1661918256855,0.98217641847523,1.02018791138301,8506,10500.2935864893,0.810072587965033
"A1","r3",38,1.16402179537089,0.982459021673397,1.02000015252703,8506,10500.2935864893,0.810072587965033
"A1","r3",38.5,1.15972589274431,0.985605635313948,1.01848832530803,8506,10500.2935864893,0.810072587965033
"A1","r3",39,1.15829281308272,0.983095394321023,1.01479159952299,8506,10500.2935864893,0.810072587965033
"A1","r3",39.5,1.15741215847377,0.982816532976278,1.01873001809565,8506,10500.2935864893,0.810072587965033
"A1","r3",40,1.15815294564187,0.982703290776661,1.01794842156134,8506,10500.2935864893,0.810072587965033
"A1","r3",40.5,1.15962288216589,0.98319785611186,1.01653086950685,8506,10500.2935864893,0.810072587965033
"A1","r3",41,1.15642872951557,0.98205055732148,1.01471039123338,8506,10500.2935864893,0.810072587965033
"A1","r3",41.5,1.14885958931078,0.983818106216667,1.01190408359028,8506,10500.2935864893,0.810072587965033
"A1","r3",42,1.14201077708385,0.98386356232973,1.01378492388944,8506,10500.2935864893,0.810072587965033
"A1","r3",42.5,1.13624260568163,0.982066545692998,1.01701419890436,8506,10500.2935864893,0.810072587965033
"A1","r3",43,1.13441970858334,0.980204426306705,1.02039203183159,8506,10500.2935864893,0.810072587965033
"A1","r3",43.5,1.13787279951774,0.982584710554816,1.02379005801511,8506,10500.2935864893,0.810072587965033
"A1","r3",44,1.14135808327815,0.984441107019079,1.02517509875722,8506,10500.2935864893,0.810072587965033
"A1","r3",44.5,1.14266330536097,0.985853588845783,1.02503424274088,8506,10500.2935864893,0.810072587965033
"A1","r3",45,1.14245957703275,0.988862800980462,1.02401489133366,8506,10500.2935864893,0.810072587965033
"A1","r3",45.5,1.1373945767541,0.991146441848694,1.02105391782728,8506,10500.2935864893,0.810072587965033
"A1","r3",46,1.12930731506358,0.992541684686039,1.01923898191695,8506,10500.2935864893,0.810072587965033
"A1","r3",46.5,1.12239978342932,0.990130500552087,1.01619633533812,8506,10500.2935864893,0.810072587965033
"A1","r3",47,1.12002678855572,0.990142037140752,1.01510428762696,8506,10500.2935864893,0.810072587965033
"A1","r3",47.5,1.11856642375934,0.990085438892827,1.01452232721415,8506,10500.2935864893,0.810072587965033
"A1","r3",48,1.1178037167442,0.986202373150016,1.01608555367079,8506,10500.2935864893,0.810072587965033
"A1","r3",48.5,1.11650980801826,0.982044676352059,1.01845798246189,8506,10500.2935864893,0.810072587965033
"A1","r3",49,1.11155642520023,0.980511617882762,1.01730781353682,8506,10500.2935864893,0.810072587965033
"A1","r3",49.5,1.10592641820578,0.980104891757409,1.01943931443011,8506,10500.2935864893,0.810072587965033
"A1","r3",50,1.10509273136984,0.979331085588506,1.01814489345291,8506,10500.2935864893,0.810072587965033
"A1","r3",50.5,1.10516376375552,0.980382647689408,1.01595313004792,8506,10500.2935864893,0.810072587965033
"A1","r3",51,1.10582369707569,0.986463658792148,1.01677531044341,8506,10500.2935864893,0.810072587965033
"A1","r3",51.5,1.1091782310475,0.990612649020669,1.01531738905352,8506,10500.2935864893,0.810072587965033
"A1","r3",52,1.10865984454944,0.99151700468502,1.01393788377442,8506,10500.2935864893,0.810072587965033
"A1","r3",52.5,1.1070365620282,0.991733099039674,1.01251483141891,8506,10500.2935864893,0.810072587965033
"A1","r3",53,1.10297079636122,0.990558366235874,1.01380033333034,8506,10500.2935864893,0.810072587965033
"A1","r3",53.5,1.09771920173722,0.987958623365441,1.01680397244671,8506,10500.2935864893,0.810072587965033
"A1","r3",54,1.09314466885446,0.987976418795919,1.01793321645326,8506,10500.2935864893,0.810072587965033
"A1","r3",54.5,1.0909171768711,0.990567712057567,1.01864131765357,8506,10500.2935864893,0.810072587965033
"A1","r3",55,1.08944273312757,0.99103964836779,1.01796405316999,8506,10500.2935864893,0.810072587965033
"A1","r3",55.5,1.09043394831082,0.99011844898362,1.01569761933596,8506,10500.2935864893,0.810072587965033
"A1","r3",56,1.09005003223099,0.988431155714838,1.01556350868128,8506,10500.2935864893,0.810072587965033
"A1","r3",56.5,1.09076268598398,0.988472124161327,1.0154382463283,8506,10500.2935864893,0.810072587965033
"A1","r3",57,1.09067646774117,0.987468744147807,1.01375637139021,8506,10500.2935864893,0.810072587965033
"A1","r3",57.5,1.09025201839198,0.988400191653031,1.01611983264428,8506,10500.2935864893,0.810072587965033
"A1","r3",58,1.08938209336077,0.985278188799483,1.01998906191975,8506,10500.2935864893,0.810072587965033
"A1","r3",58.5,1.08928049520378,0.984929651161563,1.01967537612026,8506,10500.2935864893,0.810072587965033
"A1","r3",59,1.08911660347724,0.9864073950929,1.01907306261398,8506,10500.2935864893,0.810072587965033
"A1","r3",59.5,1.09121052474035,0.984889112051517,1.01810204342948,8506,10500.2935864893,0.810072587965033
"A1","r3",60,1.08862296437693,0.984996999562254,1.01608307084827,8506,10500.2935864893,0.810072587965033
"A1","r4",0,5.80881579810694e-06,0.49031116030169,3.29786784398737,6763,10585.8001390262,0.638874710572621
"A1","r4",0.5,0.00140920952861655,0.723923063959424,1.72315488517219,6763,10585.8001390262,0.638874710572621
"A1","r4",1,0.00734470642446825,0.864989276018909,1.2793870321823,6763,10585.8001390262,0.638874710572621
"A1","r4",1.5,0.0449152519264789,0.917032148689633,1.08775069575462,6763,10585.8001390262,0.638874710572621
"A1","r4",2,0.158042611513115,0.904652855464511,1.07047174264571,6763,10585.8001390262,0.638874710572621
"A1","r4",2.5,0.395380927859981,0.924609766263656,1.05800832676321,6763,10585.8001390262,0.638874710572621
"A1","r4",3,0.759582729622843,0.945176769238894,1.05332849125909,6763,10585.8001390262,0.638874710572621
"A1","r4",3.5,1.1773183001556,0.948802398591631,1.05161288370572,6763,10585.8001390262,0.638874710572621
"A1","r4",4,1.5308946160886,0.958593507015772,1.05045012600793,6763,10585.8001390262,0.638874710572621
"A1","r4",4.5,1.75971799282821,0.94433167151158,1.04433646380133,6763,10585.8001390262,0.638874710572621
"A1","r4",5,1.82735000550291,0.947788518290113,1.03228472835703,6763,10585.8001390262,0.638874710572621
"A1","r4",5.5,1.78511156498215,0.967441080595005,1.03866165710885,6763,10585.8001390262,0.638874710572621
"A1","r4",6,1.70653082550946,0.969854940554634,1.0441071318681,6763,10585.8001390262,0.638874710572621
"A1","r4",6.5,1.6395748159561,0.963987998223947,1.0442349136421,6763,10585.8001390262,0.638874710572621
"A1","r4",7,1.59177448515368,0.966367287358409,1.04122017658001,6763,10585.8001390262,0.638874710572621
"A1","r4",7.5,1.56131512219023,0.960768443049242,1.03486912111502,6763,10585.8001390262,0.638874710572621
"A1","r4",8,1.54333438816806,0.962193430152414,1.03255927176542,6763,10585.8001390262,0.638874710572621
"A1","r4",8.5,1.52950844685811,0.972472967458299,1.03952739325694,6763,10585.8001390262,0.638874710572621
"A1","r4",9,1.51632777712913,0.975727826221742,1.03522383240008,6763,10585.8001390262,0.638874710572621
"A1","r4",9.5,1.50678473490776,0.973615364348993,1.03876968686204,6763,10585.8001390262,0.638874710572621
"A1","r4",10,1.50176711698243,0.961962861059217,1.03207681024775,6763,10585.8001390262,0.638874710572621
"A1","r4",10.5,1.49554206109024,0.961168190887967,1.03425817765473,6763,10585.8001390262,0.638874710572621
"A1","r4",11,1.49252839480127,0.963813751119823,1.0360981695107,6763,10585.8001390262,0.638874710572621
"A1","r4",11.5,1.48926479676257,0.963494598251336,1.03105294708329,6763,10585.8001390262,0.638874710572621
"A1","r4",12,1.48019888218368,0.966149534722655,1.03094462562361,6763,10585.8001390262,0.638874710572621
"A1","r4",12.5,1.46126548688585,0.967953912747437,1.03508096057036,6763,10585.8001390262,0.638874710572621
"A1","r4",13,1.43435237294711,0.965741594361017,1.03658718857116,6763,10585.8001390262,0.638874710572621
"A1","r4",13.5,1.41710999863919,0.970661634920183,1.03025782100248,6763,10585.8001390262,0.638874710572621
"A1","r4",14,1.4086908871978,0.977069978908883,1.03005723406962,6763,10585.8001390262,0.638874710572621
"A1","r4",14.5,1.41356598103255,0.981820235301981,1.02590709799334,6763,10585.8001390262,0.638874710572621
"A1","r4",15,1.41453635590635,0.984543643867667,1.02588863451136,6763,10585.8001390262,0.638874710572621
"A1","r4",15.5,1.41366650481259,0.982485134772333,1.02342650278995,6763,10585.8001390262,0.638874710572621
"A1","r4",16,1.40930216545612,0.980161434560975,1.02828559998148,6763,10585.8001390262,0.638874710572621
"A1","r4",16.5,1.40063243796455,0.975070980402498,1.02660595421313,6763,10585.8001390262,0.638874710572621
"A1","r4",17,1.38557721696945,0.973417864715993,1.02350458797748,6763,10585.8001390262,0.638874710572621
"A1","r4",17.5,1.36903182312312,0.976824762815479,1.03024789065437,6763,10585.8001390262,0.638874710572621
"A1","r4",18,1.34891291530801,0.982966169942358,1.03714256638445,6763,10585.8001390262,0.638874710572621
"A1","r4",18.5,1.33245669016219,0.98221359891539,1.03640653265408,6763,10585.8001390262,0.638874710572621
"A1","r4",19,1.3284238728271,0.980888926871328,1.0298698151547,6763,10585.8001390262,0.638874710572621
"A1","r4",19.5,1.33355627990487,0.987418582463533,1.03044067632466,6763,10585.8001390262,0.638874710572621
"A1","r4",20,1.33922874750105,0.985919240825581,1.02410971735677,6763,10585.8001390262,0.638874710572621
"A1","r4",20.5,1.34378499019274,0.984584331412176,1.02193099092666,6763,10585.8001390262,0.638874710572621
"A1","r4",21,1.34283721036728,0.982064901419779,1.03289727685533,6763,10585.8001390262,0.638874710572621
"A1","r4",21.5,1.33470043789737,0.980381047289726,1.03156435879473,6763,10585.8001390262,0.638874710572621
"A1","r4",22,1.32162396958067,0.976652026958318,1.03043905891777,6763,10585.8001390262,0.638874710572621
"A1","r4",22.5,1.31039906942234,0.979491200982517,1.02478926486071,6763,10585.8001390262,0.638874710572621
"A1","r4",23,1.29837511683819,0.982174222618786,1.01750325104197,6763,10585.8001390262,0.638874710572621
"A1","r4",23.5,1.29210098414535,0.981112343375351,1.02173507205397,6763,10585.8001390262,0.638874710572621
"A1","r4",24,1.29020770406643,0.975398348743639,1.03083543591489,6763,10585.8001390262,0.638874710572621
"A1","r4",24.5,1.29329599813422,0.977955273727279,1.03451007351228,6763,10585.8001390262,0.638874710572621
"A1","r4",25,1.28996797529472,0.98166077456638,1.03226248941926,6763,10585.8001390262,0.638874710572621
"A1","r4",25.5,1.2853162119745,0.980574173224309,1.02394958570168,6763,10585.8001390262,0.638874710572621
"A1","r4",26,1.2783942638908,0.980365540038594,1.02157701413273,6763,10585.8001390262,0.638874710572621
"A1","r4",26.5,1.27799756167154,0.98463484615975,1.0264869436247,6763,10585.8001390262,0.638874710572621
"A1","r4",27,1.27402704561324,0.975658228899848,1.03218628189127,6763,10585.8001390262,0.638874710572621
"A1","r4",27.5,1.26701001503427,0.969309358144413,1.02895533825441,6763,10585.8001390262,0.638874710572621
"A1","r4",28,1.25819764758493,0.973763996389273,1.02621661295588,6763,10585.8001390262,0.638874710572621
"A1","r4",28.5,1.24584085360246,0.981868102340113,1.02374988547744,6763,10585.8001390262,0.638874710572621
"A1","r4",29,1.237643425789,0.979715396586786,1.02287494600845,6763,10585.8001390262,0.638874710572621
"A1","r4",29.5,1.24329963320024,0.976264376021735,1.02338881946126,6763,10585.8001390262,0.638874710572621
"A1","r4",30,1.24788866077403,0.974920376559891,1.02373463316307,6763,10585.8001390262,0.638874710572621
"A1","r4",30.5,1.24463421949273,0.976446463368948,1.02782444301021,6763,10585.8001390262,0.638874710572621
"A1","r4",31,1.23838855385755,0.977758015813777,1.02649747569939,6763,10585.8001390262,0.638874710572621
"A1","r4",31.5,1.23147957080359,0.980906094657575,1.02279927045513,6763,10585.8001390262,0.638874710572621
"A1","r4",32,1.22466789888753,0.977727471304293,1.0218870613304,6763,10585.8001390262,0.638874710572621
"A1","r4",32.5,1.22291408089352,0.977121846476722,1.02516861114182,6763,10585.8001390262,0.638874710572621
"A1","r4",33,1.22208984240764,0.981080299847868,1.02633658859428,6763,10585.8001390262,0.638874710572621
"A1","r4",33.5,1.2182667983544,0.980248506155737,1.02279964160975,6763,10585.8001390262,0.638874710572621
"A1","r4",34,1.21319044164472,0.980939966687984,1.02509655697549,6763,10585.8001390262,0.638874710572621
"A1","r4",34.5,1.21132952378343,0.984232333229193,1.02218914727315,6763,10585.8001390262,0.638874710572621
"A1","r4",35,1.20636459623379,0.982511630632076,1.02293355115293,6763,10585.8001390262,0.638874710572621
"A1","r4",35.5,1.19954121541478,0.98154061730135,1.02699736003863,6763,10585.8001390262,0.638874710572621
"A1","r4",36,1.18876212602342,0.984308857283837,1.0301497159546,6763,10585.8001390262,0.638874710572621
"A1","r4",36.5,1.18025866637723,0.974661907793661,1.02694178848521,6763,10585.8001390262,0.638874710572621
"A1","r4",37,1.17687156814913,0.970372331045769,1.02357834532343,6763,10585.8001390262,0.638874710572621
"A1","r4",37.5,1.17680526193116,0.972802448432924,1.02349926023954,6763,10585.8001390262,0.638874710572621
"A1","r4",38,1.17908562520435,0.974603375796863,1.01918928173969,6763,10585.8001390262,0.638874710572621
"A1","r4",38.5,1.18078491374449,0.978743054866665,1.02038370702678,6763,10585.8001390262,0.638874710572621
"A1","r4",39,1.17738747638047,0.982089126031381,1.0186155425275,6763,10585.8001390262,0.638874710572621
"A1","r4",39.5,1.17075946774612,0.984888862523526,1.01730619934463,6763,10585.8001390262,0.638874710572621
"A1","r4",40,1.16618386770334,0.981946675292245,1.02001003807787,6763,10585.8001390262,0.638874710572621
"A1","r4",40.5,1.16463216634291,0.974163698023418,1.02216195601996,6763,10585.8001390262,0.638874710572621
"A1","r4",41,1.16325947397923,0.976048266242566,1.02020873910715,6763,10585.8001390262,0.638874710572621
"A1","r4",41.5,1.1608812198461,0.978538255496923,1.0202989433593,6763,10585.8001390262,0.638874710572621
"A1","r4",42,1.15678512850467,0.979012425360929,1.01961685001751,6763,10585.8001390262,0.638874710572621
"A1","r4",42.5,1.14644286202564,0.971848253025276,1.02047432081389,6763,10585.8001390262,0.638874710572621
"A1","r4",43,1.13416307287369,0.970057111461882,1.0183327563084,6763,10585.8001390262,0.638874710572621
"A1","r4",43.5,1.12956213713367,0.974202949821468,1.01930081115719,6763,10585.8001390262,0.638874710572621
"A1","r4",44,1.12998815309227,0.976035193989273,1.01885415081344,6763,10585.8001390262,0.638874710572621
"A1","r4",44.5,1.1322761514412,0.975546405741273,1.01653525204162,6763,10585.8001390262,0.638874710572621
"A1","r4",45,1.13507316828098,0.972347390011587,1.01266355213592,6763,10585.8001390262,0.638874710572621
"A1","r4",45.5,1.13413961948294,0.970282208422939,1.01455915577808,6763,10585.8001390262,0.638874710572621
"A1","r4",46,1.12894278963788,0.971545658077651,1.01651514059697,6763,10585.8001390262,0.638874710572621
"A1","r4",46.5,1.12293466765777,0.977138271199163,1.02033148089147,6763,10585.8001390262,0.638874710572621
"A1","r4",47,1.11715991002931,0.978327777564404,1.02366078407245,6763,10585.8001390262,0.638874710572621
"A1","r4",47.5,1.11220813063314,0.972542645579038,1.02364747477558,6763,10585.8001390262,0.638874710572621
"A1","r4",48,1.11102047888134,0.968875101964492,1.02266239646868,6763,10585.8001390262,0.638874710572621
"A1","r4",48.5,1.10700195374589,0.970251170984564,1.01859656634765,6763,10585.8001390262,0.638874710572621
"A1","r4",49,1.10434263653428,0.97213842868156,1.01740909077989,6763,10585.8001390262,0.638874710572621
"A1","r4",49.5,1.10223827118075,0.974047530012391,1.01779918665204,6763,10585.8001390262,0.638874710572621
"A1","r4",50,1.10160289283698,0.976209518151247,1.01677001146013,6763,10585.8001390262,0.638874710572621
"A1","r4",50.5,1.09921864435493,0.9785684402393,1.01836330017475,6763,10585.8001390262,0.638874710572621
"A1","r4",51,1.10265076265817,0.97460873211226,1.01780532409799,6763,10585.8001390262,0.638874710572621
"A1","r4",51.5,1.10138571887157,0.973045302415198,1.01697354336845,6763,10585.8001390262,0.638874710572621
"A1","r4",52,1.10088971625504,0.975129035060231,1.0207665614232,6763,10585.8001390262,0.638874710572621
"A1","r4",52.5,1.10128221131428,0.972760450022086,1.02185700022326,6763,10585.8001390262,0.638874710572621
"A1","r4",53,1.09871593398248,0.971873976374771,1.01956551406315,6763,10585.8001390262,0.638874710572621
"A1","r4",53.5,1.092881099343,0.973696780463486,1.02055869646854,6763,10585.8001390262,0.638874710572621
"A1","r4",54,1.08973212412408,0.976370030361074,1.0217791439504,6763,10585.8001390262,0.638874710572621
"A1","r4",54.5,1.08732205859704,0.978276234202504,1.02334430372991,6763,10585.8001390262,0.638874710572621
"A1","r4",55,1.08847602714978,0.978152559778732,1.02325173170851,6763,10585.8001390262,0.638874710572621
"A1","r4",55.5,1.09169857875155,0.97943789088054,1.02050720634748,6763,10585.8001390262,0.638874710572621
"A1","r4",56,1.09310391672533,0.978229991880581,1.02008292177448,6763,10585.8001390262,0.638874710572621
"A1","r4",56.5,1.09621531808995,0.979592357326528,1.01322828552789,6763,10585.8001390262,0.638874710572621
"A1","r4",57,1.09907219015193,0.981237895283207,1.01483844887533,6763,10585.8001390262,0.638874710572621
"A1","r4",57.5,1.10012784744995,0.985160437262476,1.01953869296344,6763,10585.8001390262,0.638874710572621
"A1","r4",58,1.10059679002039,0.986745620607545,1.02150646253868,6763,10585.8001390262,0.638874710572621
"A1","r4",58.5,1.09709504420221,0.984434439562599,1.02041696314628,6763,10585.8001390262,0.638874710572621
"A1","r4",59,1.08990099000374,0.979538459405383,1.01749097107169,6763,10585.8001390262,0.638874710572621
"A1","r4",59.5,1.08711976739123,0.97665561520803,1.02043574058461,6763,10585.8001390262,0.638874710572621
"A1","r4",60,1.08327320309096,0.978595136826823,1.01896347822552,6763,10585.8001390262,0.638874710572621
"A1","r5",0,0,0.493487200132839,2.3492563704189,7675,10613.3112187357,0.72314849172154
"A1","r5",0.5,0.000211772681344852,0.797051684165221,1.40040686264072,7675,10613.3112187357,0.72314849172154
"A1","r5",1,0.00868722331892844,0.902159425008381,1.14882349293423,7675,10613.3112187357,0.72314849172154
"A1","r5",1.5,0.0461974817642496,0.903908508862593,1.06656880640269,7675,10613.3112187357,0.72314849172154
"A1","r5",2,0.159595261947886,0.924983947917678,1.06050859130266,7675,10613.3112187357,0.72314849172154
"A1","r5",2.5,0.387199572651115,0.935170745105355,1.06078249564132,7675,10613.3112187357,0.72314849172154
"A1","r5",3,0.727108732340263,0.934579376767168,1.04983665995945,7675,10613.3112187357,0.72314849172154
"A1","r5",3.5,1.11383190299311,0.949694135301719,1.05492477918083,7675,10613.3112187357,0.72314849172154
"A1","r5",4,1.46220924320331,0.961642646192459,1.04920496604712,7675,10613.3112187357,0.72314849172154
"A1","r5",4.5,1.68522225607269,0.96771893112651,1.03285338628397,7675,10613.3112187357,0.72314849172154
"A1","r5",5,1.76316116103856,0.9675912304381,1.03463396851711,7675,10613.3112187357,0.72314849172154
"A1","r5",5.5,1.7295430744041,0.969786420462013,1.03245786787544,7675,10613.3112187357,0.72314849172154
"A1","r5",6,1.6481691911281,0.969448627420703,1.02660544386894,7675,10613.3112187357,0.72314849172154
"A1","r5",6.5,1.57752841748229,0.971023854788564,1.03958361339098,7675,10613.3112187357,0.72314849172154
"A1","r5",7,1.53169345064115,0.968716960280577,1.0367254568056,7675,10613.3112187357,0.72314849172154
"A1","r5",7.5,1.50579946600184,0.97027149013692,1.03888220385773,7675,10613.3112187357,0.72314849172154
"A1","r5",8,1.49309101475477,0.970706632522787,1.03670423638856,7675,10613.3112187357,0.72314849172154
"A1","r5",8.5,1.48186149752791,0.960926445988883,1.03599865533821,7675,10613.3112187357,0.72314849172154
"A1","r5",9,1.46387357946526,0.96177614248318,1.0337484118718,7675,10613.3112187357,0.72314849172154
"A1","r5",9.5,1.45918337102966,0.964401495075897,1.04124405688388,7675,10613.3112187357,0.72314849172154
"A1","r5",10,1.45896116499813,0.968203329602866,1.03756386835765,7675,10613.3112187357,0.72314849172154
"A1","r5",10.5,1.45324947681649,0.971320751712032,1.03092120288248,7675,10613.3112187357,0.72314849172154
"A1","r5",11,1.43766337649413,0.963702121445614,1.02920732867194,7675,10613.3112187357,0.72314849172154
"A1","r5",11.5,1.4178751188565,0.96775833454965,1.0288590722552,7675,10613.3112187357,0.72314849172154
"A1","r5",12,1.39091227382667,0.973011295105065,1.02642926557481,7675,10613.3112187357,0.72314849172154
"A1","r5",12.5,1.37128333880462,0.983820845330878,1.02517521087098,7675,10613.3112187357,0.72314849172154
"A1","r5",13,1.36328502946607,0.985220345876584,1.02666456427908,7675,10613.3112187357,0.72314849172154
"A1","r5",13.5,1.36727695911241,0.976603879247652,1.02676813973132,7675,10613.3112187357,0.72314849172154
"A1","r5",14,1.3711605658889,0.977860728788494,1.02662466613947,7675,10613.3112187357,0.72314849172154
"A1","r5",14.5,1.37716212960507,0.978455709967278,1.02571420362679,7675,10613.3112187357,0.72314849172154
"A1","r5",15,1.37622367150485,0.976447985500404,1.02678692692687,7675,10613.3112187357,0.72314849172154
"A1","r5",15.5,1.37409195081649,0.971131328435363,1.02278499955689,7675,10613.3112187357,0.72314849172154
"A1","r5",16,1.36223445628657,0.975795744124725,1.02371511716384,7675,10613.3112187357,0.72314849172154
"A1","r5",16.5,1.3523289147972,0.977322263614923,1.02203806194879,7675,10613.3112187357,0.72314849172154
"A1","r5",17,1.34375188765693,0.979843324457546,1.0208723222808,7675,10613.3112187357,0.72314849172154
"A1","r5",17.5,1.34361088340557,0.981531019727511,1.02392254965625,7675,10613.3112187357,0.72314849172154
"A1","r5",18,1.3420940572459,0.984604578908521,1.02931048576984,7675,10613.3112187357,0.72314849172154
"A1","r5",18.5,1.33729243814288,0.986170899069894,1.03202857601556,7675,10613.3112187357,0.72314849172154
"A1","r5",19,1.32477567962493,0.98501262287163,1.02843346708974,7675,10613.3112187357,0.72314849172154
"A1","r5",19.5,1.31219409980395,0.982415088387566,1.02556575596822,7675,10613.3112187357,0.72314849172154
"A1","r5",20,1.30248207098868,0.979805858180172,1.02661679032793,7675,10613.3112187357,0.72314849172154
"A1","r5",20.5,1.30163460695161,0.975721188362377,1.02671095522939,7675,10613.3112187357,0.72314849172154
"A1","r5",21,1.30355546713608,0.972015718858918,1.03191936134799,7675,10613.3112187357,0.72314849172154
"A1","r5",21.5,1.30213069186073,0.971561456959526,1.03510418352126,7675,10613.3112187357,0.72314849172154
"A1","r5",22,1.29478057617159,0.977362629598964,1.02881423043095,7675,10613.3112187357,0.72314849172154
"A1","r5",22.5,1.28271853550804,0.977598544294289,1.03253248914659,7675,10613.3112187357,0.72314849172154
"A1","r5",23,1.27002140518028,0.982054991632659,1.02464433490213,7675,10613.3112187357,0.72314849172154
"A1","r5",23.5,1.25831386454991,0.982536206043326,1.01870033217138,7675,10613.3112187357,0.72314849172154
"A1","r5",24,1.25305271730234,0.98195339336536,1.02083613081922,7675,10613.3112187357,0.72314849172154
"A1","r5",24.5,1.24916304986759,0.975892548786724,1.0211128796423,7675,10613.3112187357,0.72314849172154
"A1","r5",25,1.24659263246047,0.974599056872149,1.01540851611487,7675,10613.3112187357,0.72314849172154
"A1","r5",25.5,1.24137515336213,0.980274349229846,1.01550599333335,7675,10613.3112187357,0.72314849172154
"A1","r5",26,1.23688067584281,0.978929140667369,1.01921124741579,7675,10613.3112187357,0.72314849172154
"A1","r5",26.5,1.22666831231058,0.979770956246249,1.02244706318728,7675,10613.3112187357,0.72314849172154
"A1","r5",27,1.21934219881145,0.980225211858912,1.02495711655623,7675,10613.3112187357,0.72314849172154
"A1","r5",27.5,1.21300122895249,0.977985113040012,1.02435490932516,7675,10613.3112187357,0.72314849172154
"A1","r5",28,1.20783901173753,0.982575574017881,1.0178174987446,7675,10613.3112187357,0.72314849172154
"A1","r5",28.5,1.2074339442781,0.983552769649006,1.02327263535286,7675,10613.3112187357,0.72314849172154
"A1","r5",29,1.21402800459065,0.985836499533241,1.0196085288006,7675,10613.3112187357,0.72314849172154
"A1","r5",29.5,1.21449876984983,0.982818617494296,1.02682282813211,7675,10613.3112187357,0.72314849172154
"A1","r5",30,1.20691227765684,0.97674943248481,1.03014580730155,7675,10613.3112187357,0.72314849172154
"A1","r5",30.5,1.19421578180703,0.97325700240576,1.02521385604772,7675,10613.3112187357,0.72314849172154
"A1","r5",31,1.18018199226567,0.97748774235412,1.02211661351326,7675,10613.3112187357,0.72314849172154
"A1","r5",31.5,1.17451421235944,0.980911008847038,1.01886718318769,7675,10613.3112187357,0.72314849172154
"A1","r5",32,1.17568088879601,0.983298709832757,1.01896926278535,7675,10613.3112187357,0.72314849172154
"A1","r5",32.5,1.17657918869663,0.984241111036699,1.021465303687,7675,10613.3112187357,0.72314849172154
"A1","r5",33,1.17318092546403,0.987713134171215,1.02131621754447,7675,10613.3112187357,0.72314849172154
"A1","r5",33.5,1.16873767479509,0.978839887445838,1.01620581860365,7675,10613.3112187357,0.72314849172154
"A1","r5",34,1.16162562033882,0.97557188308378,1.01391602104229,7675,10613.3112187357,0.72314849172154
"A1","r5",34.5,1.16113634493916,0.974499770267232,1.01581078642716,7675,10613.3112187357,0.72314849172154
"A1","r5",35,1.16115024351702,0.976149633739944,1.01765478828145,7675,10613.3112187357,0.72314849172154
"A1","r5",35.5,1.15975352106401,0.981385042964747,1.01825583730135,7675,10613.3112187357,0.72314849172154
"A1","r5",36,1.15603828452821,0.984236147153237,1.02108672419244,7675,10613.3112187357,0.72314849172154
"A1","r5",36.5,1.1547739911547,0.979877868816163,1.0185151441857,7675,10613.3112187357,0.72314849172154
"A1","r5",37,1.14924151612507,0.978142984982955,1.0152101142073,7675,10613.3112187357,0.72314849172154
"A1","r5",37.5,1.1443742656824,0.979746356847,1.01448302980828,7675,10613.3112187357,0.72314849172154
"A1","r5",38,1.13892972533461,0.979555688606711,1.01607766726195,7675,10613.3112187357,0.72314849172154
"A1","r5",38.5,1.13328811202703,0.98108457071589,1.01639082330557,7675,10613.3112187357,0.72314849172154
"A1","r5",39,1.12759100163708,0.981456900354217,1.01552481996315,7675,10613.3112187357,0.72314849172154
"A1","r5",39.5,1.12831721393063,0.978446554025523,1.01546787954808,7675,10613.3112187357,0.72314849172154
"A1","r5",40,1.1310256439242,0.97850169390532,1.01550308543851,7675,10613.3112187357,0.72314849172154
"A1","r5",40.5,1.13169286635004,0.977743258879234,1.02015143869729,7675,10613.3112187357,0.72314849172154
"A1","r5",41,1.13386698560681,0.981543743210825,1.02068765061957,7675,10613.3112187357,0.72314849172154
"A1","r5",41.5,1.13198845625501,0.983254829743692,1.02195749514132,7675,10613.3112187357,0.72314849172154
"A1","r5",42,1.12561067897603,0.984306084575372,1.02069620688648,7675,10613.3112187357,0.72314849172154
"A1","r5",42.5,1.11958761130866,0.986996322878379,1.01558830389572,7675,10613.3112187357,0.72314849172154
"A1","r5",43,1.11454150435629,0.985352121418771,1.01786838506694,7675,10613.3112187357,0.72314849172154
"A1","r5",43.5,1.11129192213626,0.982529198772623,1.02290630127666,7675,10613.3112187357,0.72314849172154
"A1","r5",44,1.11267613016602,0.978467460840305,1.02187573813911,7675,10613.3112187357,0.72314849172154
"A1","r5",44.5,1.11469326843439,0.979861690496822,1.02138174035283,7675,10613.3112187357,0.72314849172154
"A1","r5",45,1.11374725945261,0.978175208022071,1.01955474837135,7675,10613.3112187357,0.72314849172154
"A1","r5",45.5,1.10912709841113,0.978539853598679,1.0203453161195,7675,10613.3112187357,0.72314849172154
"A1","r5",46,1.10339226646738,0.976133976112367,1.0175449390456,7675,10613.3112187357,0.72314849172154
"A1","r5",46.5,1.10015684852129,0.973964187502171,1.0147482457957,7675,10613.3112187357,0.72314849172154
"A1","r5",47,1.09998313296753,0.971168576381952,1.01461866328171,7675,10613.3112187357,0.72314849172154
"A1","r5",47.5,1.10199700695723,0.971364559495344,1.01514408294772,7675,10613.3112187357,0.72314849172154
"A1","r5",48,1.10107326008144,0.975332987922645,1.01584863964697,7675,10613.3112187357,0.72314849172154
"A1","r5",48.5,1.09508422649122,0.982067293193078,1.016620966924,7675,10613.3112187357,0.72314849172154
"A1","r5",49,1.08576868523968,0.985231328356168,1.01765453503445,7675,10613.3112187357,0.72314849172154
"A1","r5",49.5,1.07858107080191,0.985797878159076,1.01698315346444,7675,10613.3112187357,0.72314849172154
"A1","r5",50,1.07591133612352,0.981663229305954,1.01698691200376,7675,10613.3112187357,0.72314849172154
"A1","r5",50.5,1.07767536026064,0.978078428826549,1.01689912911982,7675,10613.3112187357,0.72314849172154
"A1","r5",51,1.08422664008244,0.977265822220959,1.01425913094284,7675,10613.3112187357,0.72314849172154
"A1","r5",51.5,1.09109232182689,0.979295540340337,1.01553147337084,7675,10613.3112187357,0.72314849172154
"A1","r5",52,1.09600197972567,0.978979843589411,1.01800416192259,7675,10613.3112187357,0.72314849172154
"A1","r5",52.5,1.09806893714146,0.978205336726715,1.02257515277112,7675,10613.3112187357,0.72314849172154
"A1","r5",53,1.09514903413285,0.979291540224681,1.02394764769182,7675,10613.3112187357,0.72314849172154
"A1","r5",53.5,1.08898804973252,0.981294617613871,1.03121658955926,7675,10613.3112187357,0.72314849172154
"A1","r5",54,1.08253339678814,0.978438501202207,1.03211016695273,7675,10613.3112187357,0.72314849172154
"A1","r5",54.5,1.07689814946922,0.979966703375012,1.02282141861343,7675,10613.3112187357,0.72314849172154
"A1","r5",55,1.07578396415655,0.982046665867623,1.01455179208813,7675,10613.3112187357,0.72314849172154
"A1","r5",55.5,1.07511479556181,0.979402313719565,1.01735932640629,7675,10613.3112187357,0.72314849172154
"A1","r5",56,1.07527726691544,0.978474439961426,1.018529359918,7675,10613.3112187357,0.72314849172154
"A1","r5",56.5,1.07514488757217,0.976578541393758,1.01779709390283,7675,10613.3112187357,0.72314849172154
"A1","r5",57,1.0733035333031,0.977489566398992,1.01624248230116,7675,10613.3112187357,0.72314849172154
"A1","r5",57.5,1.07409026795993,0.981706033981728,1.01842479303567,7675,10613.3112187357,0.72314849172154
"A1","r5",58,1.07427120269742,0.987032100314884,1.01951547189388,7675,10613.3112187357,0.72314849172154
"A1","r5",58.5,1.07199023393478,0.9848347700742,1.01944499377916,7675,10613.3112187357,0.72314849172154
"A1","r5",59,1.06773440502346,0.984082091432423,1.01581438694767,7675,10613.3112187357,0.72314849172154
"A1","r5",59.5,1.06072678481699,0.985176608396278,1.0146098993628,7675,10613.3112187357,0.72314849172154
"A1","r5",60,1.05109903651742,0.982834930947579,1.01177980659398,7675,10613.3112187357,0.72314849172154
"A2","r1",0,0,0.348101551026996,5.99984858024775,6546,8794.07397661896,0.744364900432271
"A2","r1",0.5,2.5247320568606e-06,0.685807979942495,2.3625784256003,6546,8794.07397661896,0.744364900432271
"A2","r1",1,0.00115453652905015,0.846123013929015,1.44534119936522,6546,8794.07397661896,0.744364900432271
"A2","r1",1.5,0.00728003631529383,0.893955197864709,1.0617909087704,6546,8794.07397661896,0.744364900432271
"A2","r1",2,0.0321866046428997,0.910859959556528,1.07642032230269,6546,8794.07397661896,0.744364900432271
"A2","r1",2.5,0.0986092577258426,0.931408773818722,1.09887531421763,6546,8794.07397661896,0.744364900432271
"A2","r1",3,0.225375631292212,0.940076697215877,1.08175256949505,6546,8794.07397661896,0.744364900432271
"A2","r1",3.5,0.41263741304268,0.945619347444944,1.06936047082216,6546,8794.07397661896,0.744364900432271
"A2","r1",4,0.651077063281533,0.954719134572977,1.0463100680051,6546,8794.07397661896,0.744364900432271
"A2","r1",4.5,0.903583995571132,0.970415567173276,1.03214887589461,6546,8794.07397661896,0.744364900432271
"A2","r1",5,1.12790820088532,0.9679270018398,1.04538796419549,6546,8794.07397661896,0.744364900432271
"A2","r1",5.5,1.29916550363024,0.954899530197015,1.05147426993667,6546,8794.07397661896,0.744364900432271
"A2","r1",6,1.41707918713354,0.949104491621125,1.04953133183669,6546,8794.07397661896,0.744364900432271
"A2","r1",6.5,1.47316232090819,0.951954368326235,1.04591952548926,6546,8794.07397661896,0.744364900432271
"A2","r1",7,1.48217089276946,0.949066736240529,1.02809978831901,6546,8794.07397661896,0.744364900432271
"A2","r1",7.5,1.46986451366088,0.950579497205748,1.04252367915796,6546,8794.07397661896,0.744364900432271
"A2","r1",8,1.44928068508747,0.962357810274415,1.05222593160658,6546,8794.07397661896,0.744364900432271
"A2","r1",8.5,1.41894985443435,0.974678046099547,1.04127775495579,6546,8794.07397661896,0.744364900432271
"A2","r1",9,1.40004348630291,0.971150454457837,1.03407444879071,6546,8794.07397661896,0.744364900432271
"A2","r1",9.5,1.39247833907551,0.974295849508339,1.03795165606356,6546,8794.07397661896,0.744364900432271
"A2","r1",10,1.37312010831168,0.979309051044891,1.03661367754481,6546,8794.07397661896,0.744364900432271
"A2","r1",10.5,1.34960605128346,0.973404292382486,1.03230771394357,6546,8794.07397661896,0.744364900432271
"A2","r1",11,1.33371935026891,0.968207662663323,1.03149692439715,6546,8794.07397661896,0.744364900432271
"A2","r1",11.5,1.32542652949856,0.971130229973502,1.03164539534329,6546,8794.07397661896,0.744364900432271
"A2","r1",12,1.32123745054046,0.97103919069478,1.03322949346778,6546,8794.07397661896,0.744364900432271
"A2","r1",12.5,1.32260420124262,0.968265377834264,1.03641080713699,6546,8794.07397661896,0.744364900432271
"A2","r1",13,1.32266995164158,0.966012166765596,1.0339973344749,6546,8794.07397661896,0.744364900432271
"A2","r1",13.5,1.32063866087834,0.966105718660861,1.02555180106419,6546,8794.07397661896,0.744364900432271
"A2","r1",14,1.31330500954428,0.964606875003646,1.02606498111595,6546,8794.07397661896,0.744364900432271
"A2","r1",14.5,1.30546283607637,0.964558707833418,1.02699672044635,6546,8794.07397661896,0.744364900432271
"A2","r1",15,1.30025649806733,0.969678244667086,1.02799319548209,6546,8794.07397661896,0.744364900432271
"A2","r1",15.5,1.29334404438824,0.976866109376764,1.02574454789495,6546,8794.07397661896,0.744364900432271
"A2","r1",16,1.28102077266638,0.974311963111326,1.02767350581107,6546,8794.07397661896,0.744364900432271
"A2","r1",16.5,1.27308256819938,0.976764979256474,1.03057783239848,6546,8794.07397661896,0.744364900432271
"A2","r1",17,1.27089640758796,0.977843388849236,1.02935218017432,6546,8794.07397661896,0.744364900432271
"A2","r1",17.5,1.26923343378553,0.980311793607311,1.02839166591727,6546,8794.07397661896,0.744364900432271
"A2","r1",18,1.26905069530873,0.972696414101371,1.02938628199072,6546,8794.07397661896,0.744364900432271
"A2","r1",18.5,1.26681045909402,0.965833435770453,1.0285682875935,6546,8794.07397661896,0.744364900432271
"A2","r1",19,1.26393606486067,0.965107051862117,1.02447993518777,6546,8794.07397661896,0.744364900432271
"A2","r1",19.5,1.25870263329569,0.972597134683737,1.01751685424563,6546,8794.07397661896,0.744364900432271
"A2","r1",20,1.25387377872903,0.968930944709338,1.02059371855126,6546,8794.07397661896,0.744364900432271
"A2","r1",20.5,1.25203076151592,0.973021664632417,1.01664285902169,6546,8794.07397661896,0.744364900432271
"A2","r1",21,1.25096715260719,0.977206601156295,1.02049173507338,6546,8794.07397661896,0.744364900432271
"A2","r1",21.5,1.24732224688835,0.977951072455442,1.02539004483699,6546,8794.07397661896,0.744364900432271
"A2","r1",22,1.24479753390297,0.978615702352654,1.02648057107182,6546,8794.07397661896,0.744364900432271
"A2","r1",22.5,1.24368028656306,0.980132601843636,1.02948511178922,6546,8794.07397661896,0.744364900432271
"A2","r1",23,1.24429064925258,0.972254007159131,1.02619738823706,6546,8794.07397661896,0.744364900432271
"A2","r1",23.5,1.24376972622066,0.974155812995042,1.02775141311749,6546,8794.07397661896,0.744364900432271
"A2","r1",24,1.24370525480714,0.977281091963203,1.03042819418922,6546,8794.07397661896,0.744364900432271
"A2","r1",24.5,1.23947000054646,0.973931783300435,1.02974973307233,6546,8794.07397661896,0.744364900432271
"A2","r1",25,1.23646262181783,0.977765426396705,1.02325616472835,6546,8794.07397661896,0.744364900432271
"A2","r1",25.5,1.23053636445842,0.981929694133705,1.02031441834507,6546,8794.07397661896,0.744364900432271
"A2","r1",26,1.22433447691137,0.988105905033053,1.0190239706406,6546,8794.07397661896,0.744364900432271
"A2","r1",26.5,1.21923041470531,0.987189373413049,1.01952571285508,6546,8794.07397661896,0.744364900432271
"A2","r1",27,1.21304225014449,0.985558712104822,1.01733278247937,6546,8794.07397661896,0.744364900432271
"A2","r1",27.5,1.20613326600114,0.982971962461081,1.01526178853338,6546,8794.07397661896,0.744364900432271
"A2","r1",28,1.20400119712231,0.980661954452506,1.01945097419359,6546,8794.07397661896,0.744364900432271
"A2","r1",28.5,1.20845569204747,0.972662747407846,1.03053204955328,6546,8794.07397661896,0.744364900432271
"A2","r1",29,1.21003450985415,0.971551915095077,1.03967108423012,6546,8794.07397661896,0.744364900432271
"A2","r1",29.5,1.21065156283679,0.97543282742347,1.03964556162989,6546,8794.07397661896,0.744364900432271
"A2","r1",30,1.20674262634073,0.979726663874735,1.03579101865507,6546,8794.07397661896,0.744364900432271
"A2","r1",30.5,1.20244888718271,0.980117875447845,1.03013533584219,6546,8794.07397661896,0.744364900432271
"A2","r1",31,1.19758675913391,0.977302593767212,1.03215522821284,6546,8794.07397661896,0.744364900432271
"A2","r1",31.5,1.19944695306888,0.978620969413371,1.03188948144288,6546,8794.07397661896,0.744364900432271
"A2","r1",32,1.20329630483269,0.97819309769038,1.03302464321799,6546,8794.07397661896,0.744364900432271
"A2","r1",32.5,1.20254315537242,0.977173243812843,1.03267439959744,6546,8794.07397661896,0.744364900432271
"A2","r1",33,1.1972995847948,0.973925974377635,1.03035391787346,6546,8794.07397661896,0.744364900432271
"A2","r1",33.5,1.18989095823426,0.972786698946471,1.02423503097213,6546,8794.07397661896,0.744364900432271
"A2","r1",34,1.18430992886003,0.976163350820632,1.01771095636547,6546,8794.07397661896,0.744364900432271
"A2","r1",34.5,1.17660160940168,0.980682139438213,1.01584908947254,6546,8794.07397661896,0.744364900432271
"A2","r1",35,1.17549248057619,0.981045520917666,1.01966648029592,6546,8794.07397661896,0.744364900432271
"A2","r1",35.5,1.17302201591868,0.981989287212132,1.02361239617451,6546,8794.07397661896,0.744364900432271
"A2","r1",36,1.16565628715673,0.981501500633351,1.02409222118672,6546,8794.07397661896,0.744364900432271
"A2","r1",36.5,1.15967952997091,0.979623287616148,1.02367911123937,6546,8794.07397661896,0.744364900432271
"A2","r1",37,1.15959013745345,0.977970440995173,1.02730978176725,6546,8794.07397661896,0.744364900432271
"A2","r1",37.5,1.16305612782581,0.978067591352504,1.03026812817508,6546,8794.07397661896,0.744364900432271
"A2","r1",38,1.16437943163999,0.977049418821423,1.02861545711708,6546,8794.07397661896,0.744364900432271
"A2","r1",38.5,1.16797149796698,0.973514953477811,1.02176527873274,6546,8794.07397661896,0.744364900432271
"A2","r1",39,1.16991057124127,0.972899461677999,1.01799947347311,6546,8794.07397661896,0.744364900432271
"A2","r1",39.5,1.16736188975731,0.971286978940355,1.02174606794082,6546,8794.07397661896,0.744364900432271
"A2","r1",40,1.16002413457753,0.968663206262458,1.02090714790535,6546,8794.07397661896,0.744364900432271
"A2","r1",40.5,1.15657696377546,0.975930018444172,1.02530877046666,6546,8794.07397661896,0.744364900432271
"A2","r1",41,1.15279580966114,0.979794006630279,1.03183251305534,6546,8794.07397661896,0.744364900432271
"A2","r1",41.5,1.14739782465236,0.976890282125459,1.03215638725016,6546,8794.07397661896,0.744364900432271
"A2","r1",42,1.14644175852722,0.975888572645366,1.02846060613517,6546,8794.07397661896,0.744364900432271
"A2","r1",42.5,1.15334064415492,0.976522251864235,1.02373878096398,6546,8794.07397661896,0.744364900432271
"A2","r1",43,1.15554618866392,0.978551024943319,1.02910180475209,6546,8794.07397661896,0.744364900432271
"A2","r1",43.5,1.15591858572613,0.975460986199081,1.03646648763641,6546,8794.07397661896,0.744364900432271
"A2","r1",44,1.15474283754966,0.975371276508806,1.03692138472926,6546,8794.07397661896,0.744364900432271
"A2","r1",44.5,1.14768288925359,0.975811525043193,1.03043349550474,6546,8794.07397661896,0.744364900432271
"A2","r1",45,1.13668985507352,0.980742895855054,1.02581335200904,6546,8794.07397661896,0.744364900432271
"A2","r1",45.5,1.13203445145476,0.984395968235624,1.02124903294894,6546,8794.07397661896,0.744364900432271
"A2","r1",46,1.13224080549765,0.982521710773142,1.01965553349774,6546,8794.07397661896,0.744364900432271
"A2","r1",46.5,1.13401472977654,0.982757884752868,1.01977344919755,6546,8794.07397661896,0.744364900432271
"A2","r1",47,1.13693896176711,0.986457947008012,1.02559904305773,6546,8794.07397661896,0.744364900432271
"A2","r1",47.5,1.14151017024427,0.985203017283365,1.03148988927927,6546,8794.07397661896,0.744364900432271
"A2","r1",48,1.14262152710268,0.982392175717421,1.03520354459502,6546,8794.07397661896,0.744364900432271
"A2","r1",48.5,1.14049728383246,0.977574253158568,1.03364132047944,6546,8794.07397661896,0.744364900432271
"A2","r1",49,1.13468019267728,0.974562889460154,1.03103424967866,6546,8794.07397661896,0.744364900432271
"A2","r1",49.5,1.12604402708069,0.973058270474986,1.02757477450476,6546,8794.07397661896,0.744364900432271
"A2","r1",50,1.11576851658396,0.97192214198935,1.02495392084616,6546,8794.07397661896,0.744364900432271
"A2","r1",50.5,1.10642079504118,0.974059741311001,1.02461789090314,6546,8794.07397661896,0.744364900432271
"A2","r1",51,1.10154741739252,0.976935853807078,1.02794785352415,6546,8794.07397661896,0.744364900432271
"A2","r1",51.5,1.10449731479348,0.979923050967713,1.03076497569953,6546,8794.07397661896,0.744364900432271
"A2","r1",52,1.1083427802203,0.981350714298361,1.03173324184086,6546,8794.07397661896,0.744364900432271
"A2","r1",52.5,1.11262154916097,0.982265977054154,1.03205699628042,6546,8794.07397661896,0.744364900432271
"A2","r1",53,1.11558311713882,0.977590427174375,1.02878723487902,6546,8794.07397661896,0.744364900432271
"A2","r1",53.5,1.11619892178914,0.974233615996682,1.02357644887334,6546,8794.07397661896,0.744364900432271
"A2","r1",54,1.1133801389589,0.97247016072462,1.02526126559998,6546,8794.07397661896,0.744364900432271
"A2","r1",54.5,1.11227026939147,0.970217291358117,1.02597520367549,6546,8794.07397661896,0.744364900432271
"A2","r1",55,1.11155496848573,0.972102145068364,1.02761553724341,6546,8794.07397661896,0.744364900432271
"A2","r1",55.5,1.10884109760454,0.974601221762458,1.02801362555196,6546,8794.07397661896,0.744364900432271
"A2","r1",56,1.10535408789403,0.977986103399606,1.02745553592725,6546,8794.07397661896,0.744364900432271
"A2","r1",56.5,1.09992938692691,0.975377282171601,1.02627469593058,6546,8794.07397661896,0.744364900432271
"A2","r1",57,1.0929049024767,0.973706794687859,1.02338038179477,6546,8794.07397661896,0.744364900432271
"A2","r1",57.5,1.09020082873805,0.972431337490063,1.0260611395871,6546,8794.07397661896,0.744364900432271
"A2","r1",58,1.08752627379262,0.975431997639409,1.02824936694061,6546,8794.07397661896,0.744364900432271
"A2","r1",58.5,1.08844857800319,0.973686337727143,1.02697835532504,6546,8794.07397661896,0.744364900432271
"A2","r1",59,1.09170301131044,0.970834688889549,1.02337798748641,6546,8794.07397661896,0.744364900432271
"A2","r1",59.5,1.09392548660383,0.971846899003967,1.02196300693005,6546,8794.07397661896,0.744364900432271
"A2","r1",60,1.09294194902233,0.974597966895889,1.02210022541002,6546,8794.07397661896,0.744364900432271
"A2","r2",0,0,0.375351105732801,4.23434518167689,6844,7942.98672294859,0.861640619419212
"A2","r2",0.5,0,0.585849802696385,2.04862119485238,6844,7942.98672294859,0.861640619419212
"A2","r2",1,0.000203378551011892,0.759974515153411,1.40863241852313,6844,7942.98672294859,0.861640619419212
"A2","r2",1.5,0.0036294277821488,0.880437363086951,1.12947979866307,6844,7942.98672294859,0.861640619419212
"A2","r2",2,0.0199048137053163,0.934901472357287,1.07997120283216,6844,7942.98672294859,0.861640619419212
"A2","r2",2.5,0.0699289763989039,0.937482073803155,1.05960873129838,6844,7942.98672294859,0.861640619419212
"A2","r2",3,0.179987933299933,0.943257943990684,1.05334670887817,6844,7942.98672294859,0.861640619419212
"A2","r2",3.5,0.352499363682373,0.955769744111003,1.05327238195641,6844,7942.98672294859,0.861640619419212
"A2","r2",4,0.579811752158541,0.955026459741435,1.04346957597213,6844,7942.98672294859,0.861640619419212
"A2","r2",4.5,0.831434924128912,0.954228432216637,1.04726450348738,6844,7942.98672294859,0.861640619419212
"A2","r2",5,1.07064742301728,0.964449069641023,1.04031179188288,6844,7942.98672294859,0.861640619419212
"A2","r2",5.5,1.26462018514813,0.958783390851424,1.04237730491242,6844,7942.98672294859,0.861640619419212
"A2","r2",6,1.39297195333382,0.963439551020042,1.04450385346732,6844,7942.98672294859,0.861640619419212
"A2","r2",6.5,1.45556254010278,0.965640017638922,1.04663734871084,6844,7942.98672294859,0.861640619419212
"A2","r2",7,1.47253703228184,0.968311928398757,1.05912139122995,6844,7942.98672294859,0.861640619419212
"A2","r2",7.5,1.46042579801557,0.964533993405844,1.04520280414462,6844,7942.98672294859,0.861640619419212
"A2","r2",8,1.43573120654459,0.959013117159731,1.03222041544375,6844,7942.98672294859,0.861640619419212
"A2","r2",8.5,1.40616698917188,0.961382592527183,1.02632019716872,6844,7942.98672294859,0.861640619419212
"A2","r2",9,1.38825009828631,0.969748716324397,1.02226098170226,6844,7942.98672294859,0.861640619419212
"A2","r2",9.5,1.3726604227365,0.971106523209116,1.02166575250872,6844,7942.98672294859,0.861640619419212
"A2","r2",10,1.35915303138654,0.967834568730837,1.02540654468638,6844,7942.98672294859,0.861640619419212
"A2","r2",10.5,1.34806774025174,0.968492683419126,1.02204588269865,6844,7942.98672294859,0.861640619419212
"A2","r2",11,1.3329054791259,0.967462204251004,1.02656154567607,6844,7942.98672294859,0.861640619419212
"A2","r2",11.5,1.31817132218294,0.965044925746495,1.02701853218409,6844,7942.98672294859,0.861640619419212
"A2","r2",12,1.29898070429138,0.965184132949365,1.02592269332335,6844,7942.98672294859,0.861640619419212
"A2","r2",12.5,1.2859189401514,0.966976400739678,1.02405550529157,6844,7942.98672294859,0.861640619419212
"A2","r2",13,1.27915913167786,0.972090777630156,1.02407300525096,6844,7942.98672294859,0.861640619419212
"A2","r2",13.5,1.28384728769438,0.967073060959127,1.02588421264413,6844,7942.98672294859,0.861640619419212
"A2","r2",14,1.2966306371435,0.96859424619495,1.03025110853779,6844,7942.98672294859,0.861640619419212
"A2","r2",14.5,1.30276743977236,0.974128574479633,1.02958584590956,6844,7942.98672294859,0.861640619419212
"A2","r2",15,1.29991906510428,0.97729603652455,1.02835590585251,6844,7942.98672294859,0.861640619419212
"A2","r2",15.5,1.28780030400732,0.96682677749961,1.02548091952695,6844,7942.98672294859,0.861640619419212
"A2","r2",16,1.27365867113794,0.965502599875329,1.02235788507994,6844,7942.98672294859,0.861640619419212
"A2","r2",16.5,1.25526269706499,0.970339788646287,1.02328880153851,6844,7942.98672294859,0.861640619419212
"A2","r2",17,1.2384490553365,0.966818632653202,1.03261315596317,6844,7942.98672294859,0.861640619419212
"A2","r2",17.5,1.22797214551299,0.968684664812015,1.03447312291993,6844,7942.98672294859,0.861640619419212
"A2","r2",18,1.22580603701815,0.973618382380338,1.030665271683,6844,7942.98672294859,0.861640619419212
"A2","r2",18.5,1.23200553400837,0.978277159085132,1.0226588521726,6844,7942.98672294859,0.861640619419212
"A2","r2",19,1.24201424949792,0.979448194724093,1.01505863099778,6844,7942.98672294859,0.861640619419212
"A2","r2",19.5,1.24931068371492,0.983006773961916,1.01597579636286,6844,7942.98672294859,0.861640619419212
"A2","r2",20,1.24939790930527,0.979703067871785,1.02094372469615,6844,7942.98672294859,0.861640619419212
"A2","r2",20.5,1.24470676555093,0.978249424743574,1.02923245749931,6844,7942.98672294859,0.861640619419212
"A2","r2",21,1.23551985477736,0.980588543221665,1.02877036376182,6844,7942.98672294859,0.861640619419212
"A2","r2",21.5,1.22776559846563,0.981787321815452,1.01932484669767,6844,7942.98672294859,0.861640619419212
"A2","r2",22,1.22594720173675,0.980564222029271,1.01764567645536,6844,7942.98672294859,0.861640619419212
"A2","r2",22.5,1.22500906473209,0.98063749759688,1.01974019303938,6844,7942.98672294859,0.861640619419212
"A2","r2",23,1.22224461349393,0.975184871842017,1.01761602160839,6844,7942.98672294859,0.861640619419212
"A2","r2",23.5,1.21493034072222,0.974989660403866,1.01834642036247,6844,7942.98672294859,0.861640619419212
"A2","r2",24,1.2092127536056,0.978254553960511,1.02099855005921,6844,7942.98672294859,0.861640619419212
"A2","r2",24.5,1.20496890368693,0.982184201536107,1.02496097724178,6844,7942.98672294859,0.861640619419212
"A2","r2",25,1.2039102060116,0.978047891035912,1.03064987545737,6844,7942.98672294859,0.861640619419212
"A2","r2",25.5,1.20500343937494,0.972164416875058,1.02967581888583,6844,7942.98672294859,0.861640619419212
"A2","r2",26,1.20498591382782,0.976374371072978,1.02984033527054,6844,7942.98672294859,0.861640619419212
"A2","r2",26.5,1.20494361292435,0.978081495993117,1.02434130626064,6844,7942.98672294859,0.861640619419212
"A2","r2",27,1.20114240350537,0.977833800997779,1.02242075677405,6844,7942.98672294859,0.861640619419212
"A2","r2",27.5,1.19677969973098,0.981741030364231,1.01606573835929,6844,7942.98672294859,0.861640619419212
"A2","r2",28,1.18937597639941,0.980558469688021,1.01397146951216,6844,7942.98672294859,0.861640619419212
"A2","r2",28.5,1.18273634439763,0.980068611405071,1.01260038854721,6844,7942.98672294859,0.861640619419212
"A2","r2",29,1.17404508507007,0.979607729133008,1.01345544465789,6844,7942.98672294859,0.861640619419212
"A2","r2",29.5,1.16856232104758,0.980175337410382,1.01417970272544,6844,7942.98672294859,0.861640619419212
"A2","r2",30,1.16596381518437,0.978366820604542,1.01570750293209,6844,7942.98672294859,0.861640619419212
"A2","r2",30.5,1.1678722020735,0.978334379449806,1.01186783717596,6844,7942.98672294859,0.861640619419212
"A2","r2",31,1.17320154235144,0.975076847339627,1.01372462485612,6844,7942.98672294859,0.861640619419212
"A2","r2",31.5,1.17856363536593,0.976038840707041,1.01917694446086,6844,7942.98672294859,0.861640619419212
"A2","r2",32,1.1864117395387,0.976132801761608,1.01728846508319,6844,7942.98672294859,0.861640619419212
"A2","r2",32.5,1.18426957916712,0.975306159400513,1.01583690308997,6844,7942.98672294859,0.861640619419212
"A2","r2",33,1.18197241443351,0.976249781470861,1.01605724039499,6844,7942.98672294859,0.861640619419212
"A2","r2",33.5,1.1758502555842,0.976290479956119,1.01624404334992,6844,7942.98672294859,0.861640619419212
"A2","r2",34,1.17167068568867,0.981502826739466,1.01282129537282,6844,7942.98672294859,0.861640619419212
"A2","r2",34.5,1.16392432398904,0.980171611115827,1.01892822278924,6844,7942.98672294859,0.861640619419212
"A2","r2",35,1.15626617472678,0.981576740298816,1.01786371395129,6844,7942.98672294859,0.861640619419212
"A2","r2",35.5,1.15422507912288,0.983028689056448,1.01762166993034,6844,7942.98672294859,0.861640619419212
"A2","r2",36,1.15328841699428,0.981756308896582,1.01573883391683,6844,7942.98672294859,0.861640619419212
"A2","r2",36.5,1.1543757138017,0.982918057288641,1.01821276725915,6844,7942.98672294859,0.861640619419212
"A2","r2",37,1.15534165167331,0.983620313657249,1.01481968005446,6844,7942.98672294859,0.861640619419212
"A2","r2",37.5,1.15546924001227,0.981002640883544,1.01276882152249,6844,7942.98672294859,0.861640619419212
"A2","r2",38,1.15345394937533,0.976410843583207,1.01658105729391,6844,7942.98672294859,0.861640619419212
"A2","r2",38.5,1.15082961256683,0.973994060368561,1.02005138857847,6844,7942.98672294859,0.861640619419212
"A2","r2",39,1.1498174412076,0.97578782363558,1.02220387618616,6844,7942.98672294859,0.861640619419212
"A2","r2",39.5,1.14696931884086,0.981303426349568,1.02135746218805,6844,7942.98672294859,0.861640619419212
"A2","r2",40,1.14647947922523,0.978762097336282,1.02369940194485,6844,7942.98672294859,0.861640619419212
"A2","r2",40.5,1.14750092971635,0.97722459479684,1.02182692377259,6844,7942.98672294859,0.861640619419212
"A2","r2",41,1.14888974907615,0.978673329762203,1.01949937520187,6844,7942.98672294859,0.861640619419212
"A2","r2",41.5,1.14742467252152,0.984818065455964,1.02012596891164,6844,7942.98672294859,0.861640619419212
"A2","r2",42,1.14471864313829,0.986270539862252,1.01797453303345,6844,7942.98672294859,0.861640619419212
"A2","r2",42.5,1.14242920617742,0.98630311529242,1.01498940201695,6844,7942.98672294859,0.861640619419212
"A2","r2",43,1.13587139586948,0.982318117978652,1.01829965037969,6844,7942.98672294859,0.861640619419212
"A2","r2",43.5,1.13090769285356,0.98075520603169,1.01836672283937,6844,7942.98672294859,0.861640619419212
"A2","r2",44,1.124823098635,0.98111704480396,1.01586808462289,6844,7942.98672294859,0.861640619419212
"A2","r2",44.5,1.1210864202813,0.979839061438523,1.01657327133876,6844,7942.98672294859,0.861640619419212
"A2","r2",45,1.11810626165246,0.979377858268765,1.01624463033969,6844,7942.98672294859,0.861640619419212
"A2","r2",45.5,1.11760939977512,0.973690161405763,1.01916293076779,6844,7942.98672294859,0.861640619419212
"A2","r2",46,1.12007268538686,0.97436331021709,1.01971944222182,6844,7942.98672294859,0.861640619419212
"A2","r2",46.5,1.12295189109669,0.978221340436211,1.02028533445482,6844,7942.98672294859,0.861640619419212
"A2","r2",47,1.12848542262574,0.980124593296867,1.02631540953231,6844,7942.98672294859,0.861640619419212
"A2","r2",47.5,1.13093789108227,0.980609524125285,1.02570595708804,6844,7942.98672294859,0.861640619419212
"A2","r2",48,1.13110623489537,0.978015490189534,1.0209957872159,6844,7942.98672294859,0.861640619419212
"A2","r2",48.5,1.13142370018693,0.979674529429054,1.0235754675633,6844,7942.98672294859,0.861640619419212
"A2","r2",49,1.13034964545113,0.977076431943786,1.02335533651328,6844,7942.98672294859,0.861640619419212
"A2","r2",49.5,1.12923582097532,0.977069921976331,1.02062104448088,6844,7942.98672294859,0.861640619419212
"A2","r2",50,1.12738228715322,0.978749369480536,1.01787978497548,6844,7942.98672294859,0.861640619419212
"A2","r2",50.5,1.12284200169064,0.977296517800944,1.01366129175682,6844,7942.98672294859,0.861640619419212
"A2","r2",51,1.11725335527694,0.977101767745688,1.01745294195691,6844,7942.98672294859,0.861640619419212
"A2","r2",51.5,1.11085996895415,0.980478567058474,1.01904370036082,6844,7942.98672294859,0.861640619419212
"A2","r2",52,1.10691724366427,0.98032147404032,1.01992167831174,6844,7942.98672294859,0.861640619419212
"A2","r2",52.5,1.10289686579794,0.982286015622661,1.02098738621825,6844,7942.98672294859,0.861640619419212
"A2","r2",53,1.10052661757661,0.983209065995336,1.01753439841359,6844,7942.98672294859,0.861640619419212
"A2","r2",53.5,1.10089290240817,0.981553356147121,1.01816956017363,6844,7942.98672294859,0.861640619419212
"A2","r2",54,1.10264314393853,0.98171344693119,1.0190873372042,6844,7942.98672294859,0.861640619419212
"A2","r2",54.5,1.10424714545773,0.98238279296307,1.01729396091439,6844,7942.98672294859,0.861640619419212
"A2","r2",55,1.10372426901227,0.979004575206327,1.01539029797241,6844,7942.98672294859,0.861640619419212
"A2","r2",55.5,1.10530452448238,0.978074721127624,1.01216386044613,6844,7942.98672294859,0.861640619419212
"A2","r2",56,1.10334525608055,0.980683351041572,1.01530987545013,6844,7942.98672294859,0.861640619419212
"A2","r2",56.5,1.10011087140448,0.981460293334694,1.0158758259816,6844,7942.98672294859,0.861640619419212
"A2","r2",57,1.09743528826411,0.982260447697682,1.01656547127026,6844,7942.98672294859,0.861640619419212
"A2","r2",57.5,1.09592192893897,0.985241578191876,1.01661996156813,6844,7942.98672294859,0.861640619419212
"A2","r2",58,1.09436986380639,0.983327533971022,1.01551598986527,6844,7942.98672294859,0.861640619419212
"A2","r2",58.5,1.09689359574375,0.982900508753869,1.01224115292133,6844,7942.98672294859,0.861640619419212
"A2","r2",59,1.10295754792544,0.982610015700891,1.01355141630064,6844,7942.98672294859,0.861640619419212
"A2","r2",59.5,1.10649212678222,0.98200285526962,1.01525069214684,6844,7942.98672294859,0.861640619419212
"A2","r2",60,1.11028689499117,0.98138406307898,1.0151001066714,6844,7942.98672294859,0.861640619419212
"A2","r3",0,0,0.433016771811406,25.6207360192284,5409,7900.69029362262,0.68462372260891
"A2","r3",0.5,4.22655815910161e-18,0.707073605312016,6.43727526574903,5409,7900.69029362262,0.68462372260891
"A2","r3",1,0.00011600511644775,0.841226701087825,2.70586585021392,5409,7900.69029362262,0.68462372260891
"A2","r3",1.5,0.00444011500663752,0.911734123862677,1.35785389696637,5409,7900.69029362262,0.68462372260891
"A2","r3",2,0.0202357946792084,0.910764452342248,1.09407784512567,5409,7900.69029362262,0.68462372260891
"A2","r3",2.5,0.06494343535226,0.902664732349376,1.05546560481081,5409,7900.69029362262,0.68462372260891
"A2","r3",3,0.172045440683345,0.928316157219238,1.04966981062362,5409,7900.69029362262,0.68462372260891
"A2","r3",3.5,0.346888472147331,0.930647220223453,1.05339630380349,5409,7900.69029362262,0.68462372260891
"A2","r3",4,0.573840317439507,0.948087584757516,1.04773881583894,5409,7900.69029362262,0.68462372260891
"A2","r3",4.5,0.82254638556259,0.950893302044091,1.03630266965912,5409,7900.69029362262,0.68462372260891
"A2","r3",5,1.06083696394397,0.940292857548103,1.03421013823818,5409,7900.69029362262,0.68462372260891
"A2","r3",5.5,1.25033061911692,0.940940589639425,1.03650548724122,5409,7900.69029362262,0.68462372260891
"A2","r3",6,1.37299315544006,0.946713527845306,1.0250854390243,5409,7900.69029362262,0.68462372260891
"A2","r3",6.5,1.44130139798357,0.957963249625295,1.02451963458936,5409,7900.69029362262,0.68462372260891
"A2","r3",7,1.45963558420565,0.9583068901215,1.02434335465823,5409,7900.69029362262,0.68462372260891
"A2","r3",7.5,1.44743935730556,0.96658762338068,1.0303587734398,5409,7900.69029362262,0.68462372260891
"A2","r3",8,1.42578049027285,0.970458838174613,1.0316979830797,5409,7900.69029362262,0.68462372260891
"A2","r3",8.5,1.40127772874443,0.968235010252221,1.03358955449432,5409,7900.69029362262,0.68462372260891
"A2","r3",9,1.37855322539172,0.970427239677199,1.03962005442132,5409,7900.69029362262,0.68462372260891
"A2","r3",9.5,1.36875545801724,0.967366301697419,1.03455446290244,5409,7900.69029362262,0.68462372260891
"A2","r3",10,1.35724780458459,0.964157896602385,1.03527117410736,5409,7900.69029362262,0.68462372260891
"A2","r3",10.5,1.34715515804794,0.964765947636123,1.02988856693099,5409,7900.69029362262,0.68462372260891
"A2","r3",11,1.34544738945768,0.972077583195317,1.04037252877111,5409,7900.69029362262,0.68462372260891
"A2","r3",11.5,1.34793246495796,0.964376811560133,1.04379588615823,5409,7900.69029362262,0.68462372260891
"A2","r3",12,1.34451672915957,0.960239938025959,1.0392609641032,5409,7900.69029362262,0.68462372260891
"A2","r3",12.5,1.33494384338512,0.963944823211895,1.03870646579532,5409,7900.69029362262,0.68462372260891
"A2","r3",13,1.32530190904,0.964827829547344,1.04128457591264,5409,7900.69029362262,0.68462372260891
"A2","r3",13.5,1.29930664859036,0.965708555781455,1.0419587133401,5409,7900.69029362262,0.68462372260891
"A2","r3",14,1.27644518457893,0.968204251398517,1.04067850893325,5409,7900.69029362262,0.68462372260891
"A2","r3",14.5,1.26710939260017,0.976878204755364,1.0357728610413,5409,7900.69029362262,0.68462372260891
"A2","r3",15,1.25759108958701,0.974893994135837,1.03175631730372,5409,7900.69029362262,0.68462372260891
"A2","r3",15.5,1.24873796241711,0.973318121093537,1.03014345138794,5409,7900.69029362262,0.68462372260891
"A2","r3",16,1.24837832682096,0.970044398100711,1.0292798372913,5409,7900.69029362262,0.68462372260891
"A2","r3",16.5,1.2519490112828,0.962764692093169,1.03115786862613,5409,7900.69029362262,0.68462372260891
"A2","r3",17,1.25031153391426,0.963883468281071,1.03018518156875,5409,7900.69029362262,0.68462372260891
"A2","r3",17.5,1.2429913158485,0.973892545027696,1.02655451102957,5409,7900.69029362262,0.68462372260891
"A2","r3",18,1.23159706644354,0.971290665697016,1.02899010240771,5409,7900.69029362262,0.68462372260891
"A2","r3",18.5,1.22302494950411,0.965867634916932,1.02344461248134,5409,7900.69029362262,0.68462372260891
"A2","r3",19,1.2215992140734,0.963846099812614,1.01963179266581,5409,7900.69029362262,0.68462372260891
"A2","r3",19.5,1.22369128802759,0.970108058427689,1.02315504510091,5409,7900.69029362262,0.68462372260891
"A2","r3",20,1.2258291847963,0.974937553372314,1.0278179536866,5409,7900.69029362262,0.68462372260891
"A2","r3",20.5,1.22799858965509,0.973255073627657,1.02889912084656,5409,7900.69029362262,0.68462372260891
"A2","r3",21,1.2217408277311,0.97517411403348,1.03157603720171,5409,7900.69029362262,0.68462372260891
"A2","r3",21.5,1.21155643620787,0.982963394749354,1.02693044941514,5409,7900.69029362262,0.68462372260891
"A2","r3",22,1.20152280384801,0.982357384603491,1.01747592011098,5409,7900.69029362262,0.68462372260891
"A2","r3",22.5,1.19888995405537,0.982444696283134,1.01908022412444,5409,7900.69029362262,0.68462372260891
"A2","r3",23,1.19797416019981,0.978659682573997,1.02072833084958,5409,7900.69029362262,0.68462372260891
"A2","r3",23.5,1.19275565555337,0.979924408323952,1.02552226126143,5409,7900.69029362262,0.68462372260891
"A2","r3",24,1.18624166294502,0.971787197047878,1.0234659398519,5409,7900.69029362262,0.68462372260891
"A2","r3",24.5,1.17877207735203,0.964961837291312,1.02690090821618,5409,7900.69029362262,0.68462372260891
"A2","r3",25,1.17479285576784,0.968404571159973,1.02325355050169,5409,7900.69029362262,0.68462372260891
"A2","r3",25.5,1.16733636205235,0.974437623697843,1.01803965543448,5409,7900.69029362262,0.68462372260891
"A2","r3",26,1.16564082411981,0.974473921826167,1.02021710405519,5409,7900.69029362262,0.68462372260891
"A2","r3",26.5,1.16469486936532,0.974863773024519,1.0224178928031,5409,7900.69029362262,0.68462372260891
"A2","r3",27,1.16187010753894,0.970366039600241,1.02634027642714,5409,7900.69029362262,0.68462372260891
"A2","r3",27.5,1.16306846461356,0.968355630691767,1.02735933465879,5409,7900.69029362262,0.68462372260891
"A2","r3",28,1.15874296532885,0.969398419720084,1.02306601492231,5409,7900.69029362262,0.68462372260891
"A2","r3",28.5,1.15171302103479,0.979676198844454,1.02250789930088,5409,7900.69029362262,0.68462372260891
"A2","r3",29,1.1451125869637,0.984468384355894,1.02572405832298,5409,7900.69029362262,0.68462372260891
"A2","r3",29.5,1.14121819814266,0.979101004421297,1.03130238454047,5409,7900.69029362262,0.68462372260891
"A2","r3",30,1.13925246340224,0.975945960722767,1.03208788857485,5409,7900.69029362262,0.68462372260891
"A2","r3",30.5,1.13417112116293,0.976139927834898,1.02850081324917,5409,7900.69029362262,0.68462372260891
"A2","r3",31,1.13508383145432,0.981352233971353,1.02643459182952,5409,7900.69029362262,0.68462372260891
"A2","r3",31.5,1.1321085737234,0.97705532588578,1.0246513821589,5409,7900.69029362262,0.68462372260891
"A2","r3",32,1.12843021126672,0.97685875676389,1.02493354502515,5409,7900.69029362262,0.68462372260891
"A2","r3",32.5,1.12623073959739,0.974241619832965,1.02863623087571,5409,7900.69029362262,0.68462372260891
"A2","r3",33,1.1260915345971,0.979156951010869,1.02950922490394,5409,7900.69029362262,0.68462372260891
"A2","r3",33.5,1.12314114763906,0.976798752972985,1.02759149860898,5409,7900.69029362262,0.68462372260891
"A2","r3",34,1.1162474125759,0.977386985033705,1.02737838326881,5409,7900.69029362262,0.68462372260891
"A2","r3",34.5,1.1129515808947,0.974356897291121,1.02520227241157,5409,7900.69029362262,0.68462372260891
"A2","r3",35,1.1114543572464,0.968972809196379,1.02947551243366,5409,7900.69029362262,0.68462372260891
"A2","r3",35.5,1.11059815784865,0.968337591723638,1.03401846947363,5409,7900.69029362262,0.68462372260891
"A2","r3",36,1.11181052240144,0.970945382479504,1.03180132794403,5409,7900.69029362262,0.68462372260891
"A2","r3",36.5,1.10962236695395,0.979408530033745,1.02238668878205,5409,7900.69029362262,0.68462372260891
"A2","r3",37,1.10529039187577,0.976383288043771,1.01131076003608,5409,7900.69029362262,0.68462372260891
"A2","r3",37.5,1.10165756441805,0.970366055971972,1.01420766269091,5409,7900.69029362262,0.68462372260891
"A2","r3",38,1.09949463663907,0.967030441414726,1.01562342086079,5409,7900.69029362262,0.68462372260891
"A2","r3",38.5,1.09950435837504,0.967398326776503,1.0178949591425,5409,7900.69029362262,0.68462372260891
"A2","r3",39,1.09635422959896,0.973705070115285,1.02101353286661,5409,7900.69029362262,0.68462372260891
"A2","r3",39.5,1.09332560653118,0.976133425746218,1.02295910106107,5409,7900.69029362262,0.68462372260891
"A2","r3",40,1.08377796756748,0.973241284608208,1.02104828062578,5409,7900.69029362262,0.68462372260891
"A2","r3",40.5,1.07656657897069,0.974055550352899,1.02323774895718,5409,7900.69029362262,0.68462372260891
"A2","r3",41,1.07497034743371,0.977071934117081,1.02163170931911,5409,7900.69029362262,0.68462372260891
"A2","r3",41.5,1.07722153517787,0.982197778425193,1.02046457249652,5409,7900.69029362262,0.68462372260891
"A2","r3",42,1.08016471787421,0.987382690515601,1.0186787860618,5409,7900.69029362262,0.68462372260891
"A2","r3",42.5,1.08234277359051,0.983380488545712,1.02105395290007,5409,7900.69029362262,0.68462372260891
"A2","r3",43,1.08621878397467,0.978236066761117,1.02002501179013,5409,7900.69029362262,0.68462372260891
"A2","r3",43.5,1.08590651920219,0.980692016952415,1.01660672834526,5409,7900.69029362262,0.68462372260891
"A2","r3",44,1.07764402029499,0.981225410120708,1.01623948731544,5409,7900.69029362262,0.68462372260891
"A2","r3",44.5,1.06979718708987,0.980715595364824,1.01969272856274,5409,7900.69029362262,0.68462372260891
"A2","r3",45,1.06397268483668,0.981367313460201,1.01825739267094,5409,7900.69029362262,0.68462372260891
"A2","r3",45.5,1.0577288453346,0.982567697901426,1.01758601727036,5409,7900.69029362262,0.68462372260891
"A2","r3",46,1.05435857252266,0.982893766385234,1.0175324072948,5409,7900.69029362262,0.68462372260891
"A2","r3",46.5,1.05618126194454,0.977105054113623,1.01671170037167,5409,7900.69029362262,0.68462372260891
"A2","r3",47,1.05865052902262,0.970512434929931,1.01592877000199,5409,7900.69029362262,0.68462372260891
"A2","r3",47.5,1.05856968317071,0.968039666307151,1.01427906343839,5409,7900.69029362262,0.68462372260891
"A2","r3",48,1.05774362551987,0.970280973828401,1.01636819673076,5409,7900.69029362262,0.68462372260891
"A2","r3",48.5,1.05826822549287,0.968740473045829,1.02014260432134,5409,7900.69029362262,0.68462372260891
"A2","r3",49,1.05905332516593,0.967017020736521,1.02625310182969,5409,7900.69029362262,0.68462372260891
"A2","r3",49.5,1.05766395160973,0.967287501012687,1.02896386186164,5409,7900.69029362262,0.68462372260891
"A2","r3",50,1.05534759708217,0.964414392956071,1.02657285363707,5409,7900.69029362262,0.68462372260891
"A2","r3",50.5,1.05043244192604,0.963899722880312,1.02094351805418,5409,7900.69029362262,0.68462372260891
"A2","r3",51,1.04317866150234,0.966204405916065,1.0196353102125,5409,7900.69029362262,0.68462372260891
"A2","r3",51.5,1.03914393993225,0.968334557121019,1.0158348233775,5409,7900.69029362262,0.68462372260891
"A2","r3",52,1.03729879488718,0.971686618172765,1.01554641274483,5409,7900.69029362262,0.68462372260891
"A2","r3",52.5,1.0403881293846,0.977053189337861,1.01560033633812,5409,7900.69029362262,0.68462372260891
"A2","r3",53,1.04385731648115,0.984353777744802,1.01810859649689,5409,7900.69029362262,0.68462372260891
"A2","r3",53.5,1.04808264939914,0.982798361926527,1.01895644121333,5409,7900.69029362262,0.68462372260891
"A2","r3",54,1.04622623033604,0.981288721306422,1.0181717473339,5409,7900.69029362262,0.68462372260891
"A2","r3",54.5,1.0378433193115,0.979670795357271,1.01496496233869,5409,7900.69029362262,0.68462372260891
"A2","r3",55,1.03003396761767,0.979973073973039,1.01804533808987,5409,7900.69029362262,0.68462372260891
"A2","r3",55.5,1.02346232406353,0.976918284755502,1.01753631364061,5409,7900.69029362262,0.68462372260891
"A2","r3",56,1.02200020399931,0.977264154665459,1.01945328209639,5409,7900.69029362262,0.68462372260891
"A2","r3",56.5,1.02224804185331,0.97858992004073,1.0205394615178,5409,7900.69029362262,0.68462372260891
"A2","r3",57,1.02580376931166,0.980804292294761,1.02296847483423,5409,7900.69029362262,0.68462372260891
"A2","r3",57.5,1.02669882600139,0.982592328225906,1.02366345846477,5409,7900.69029362262,0.68462372260891
"A2","r3",58,1.02251828346262,0.977672851546058,1.01945269540991,5409,7900.69029362262,0.68462372260891
"A2","r3",58.5,1.01997360430069,0.969222240620537,1.02187972193383,5409,7900.69029362262,0.68462372260891
"A2","r3",59,1.02076195873125,0.960434523659212,1.02376937531893,5409,7900.69029362262,0.68462372260891
"A2","r3",59.5,1.02167528726086,0.955369761964279,1.02611732079819,5409,7900.69029362262,0.68462372260891
"A2","r3",60,1.02012144438055,0.953819407360872,1.02725133806253,5409,7900.69029362262,0.68462372260891
"A2","r4",0,0,0.538590307693572,1.39569351623655,7465,7687.35743774897,0.971074918845704
"A2","r4",0.5,8.52078936300916e-06,0.773161185463576,1.14695202912828,7465,7687.35743774897,0.971074918845704
"A2","r4",1,0.000546125874880757,0.862614176169992,1.06469905207919,7465,7687.35743774897,0.971074918845704
"A2","r4",1.5,0.00355765901244353,0.912623953475939,1.06368694937504,7465,7687.35743774897,0.971074918845704
"A2","r4",2,0.0213016717434022,0.948870371685858,1.05309866215419,7465,7687.35743774897,0.971074918845704
"A2","r4",2.5,0.084110678278314,0.956720811235127,1.04319037078787,7465,7687.35743774897,0.971074918845704
"A2","r4",3,0.223341370547378,0.954173430964585,1.07636419017097,7465,7687.35743774897,0.971074918845704
"A2","r4",3.5,0.456144334062039,0.956171478474021,1.0876988612418,7465,7687.35743774897,0.971074918845704
"A2","r4",4,0.774525323240271,0.957483331740327,1.0825898572288,7465,7687.35743774897,0.971074918845704
"A2","r4",4.5,1.13787358216907,0.954737699983606,1.07389688598563,7465,7687.35743774897,0.971074918845704
"A2","r4",5,1.47216644329867,0.950875908308032,1.06364458179301,7465,7687.35743774897,0.971074918845704
"A2","r4",5.5,1.71978266566912,0.944192153195356,1.05168075505522,7465,7687.35743774897,0.971074918845704
"A2","r4",6,1.86478118071509,0.945181280671434,1.03917679457785,7465,7687.35743774897,0.971074918845704
"A2","r4",6.5,1.91936803982615,0.959840167193126,1.03879791105459,7465,7687.35743774897,0.971074918845704
"A2","r4",7,1.91125293458932,0.970623357325786,1.04206023569256,7465,7687.35743774897,0.971074918845704
"A2","r4",7.5,1.86935253424033,0.970642550901603,1.03669742754442,7465,7687.35743774897,0.971074918845704
"A2","r4",8,1.82632813818228,0.964999739080623,1.0301461636734,7465,7687.35743774897,0.971074918845704
"A2","r4",8.5,1.7880482124348,0.964353659942677,1.01909543188847,7465,7687.35743774897,0.971074918845704
"A2","r4",9,1.75584464760641,0.964164322427917,1.02108971761807,7465,7687.35743774897,0.971074918845704
"A2","r4",9.5,1.73146599095759,0.966954609156672,1.02517600052401,7465,7687.35743774897,0.971074918845704
"A2","r4",10,1.71783924438865,0.974650128999913,1.0237072254355,7465,7687.35743774897,0.971074918845704
"A2","r4",10.5,1.71440598141506,0.978616019302971,1.03100999196254,7465,7687.35743774897,0.971074918845704
"A2","r4",11,1.70609504325418,0.977544990427931,1.03782442221486,7465,7687.35743774897,0.971074918845704
"A2","r4",11.5,1.69072699637193,0.971967233785156,1.04011701822153,7465,7687.35743774897,0.971074918845704
"A2","r4",12,1.67648580407136,0.976325306810514,1.03578867456112,7465,7687.35743774897,0.971074918845704
"A2","r4",12.5,1.65969670746391,0.974971039919589,1.03295282241454,7465,7687.35743774897,0.971074918845704
"A2","r4",13,1.65093864979154,0.976966470893787,1.03122362007711,7465,7687.35743774897,0.971074918845704
"A2","r4",13.5,1.63619476740545,0.979518359788475,1.03091820356574,7465,7687.35743774897,0.971074918845704
"A2","r4",14,1.63039008250307,0.979530395168267,1.03059826668948,7465,7687.35743774897,0.971074918845704
"A2","r4",14.5,1.62877119902314,0.979071630454305,1.02631957334837,7465,7687.35743774897,0.971074918845704
"A2","r4",15,1.62605815778195,0.978191739116487,1.03069307911775,7465,7687.35743774897,0.971074918845704
"A2","r4",15.5,1.61843794750063,0.975745034409375,1.02766226136655,7465,7687.35743774897,0.971074918845704
"A2","r4",16,1.60742693635772,0.979370783530345,1.03167727160508,7465,7687.35743774897,0.971074918845704
"A2","r4",16.5,1.605473039936,0.982949282259224,1.02859650601223,7465,7687.35743774897,0.971074918845704
"A2","r4",17,1.59901423672876,0.983639562685009,1.0283717894322,7465,7687.35743774897,0.971074918845704
"A2","r4",17.5,1.58978460870313,0.983092425034565,1.02306763505356,7465,7687.35743774897,0.971074918845704
"A2","r4",18,1.58009932288162,0.983690465649769,1.01876996184462,7465,7687.35743774897,0.971074918845704
"A2","r4",18.5,1.56840174349177,0.98493176393974,1.01708203225507,7465,7687.35743774897,0.971074918845704
"A2","r4",19,1.55462063190368,0.982455707738923,1.02040203827131,7465,7687.35743774897,0.971074918845704
"A2","r4",19.5,1.54328688569343,0.976547917006648,1.02343766928679,7465,7687.35743774897,0.971074918845704
"A2","r4",20,1.5407851156464,0.97641708083059,1.02373626223197,7465,7687.35743774897,0.971074918845704
"A2","r4",20.5,1.54702825522394,0.977853692449066,1.02054296458208,7465,7687.35743774897,0.971074918845704
"A2","r4",21,1.55239735235649,0.981413304112866,1.02077217785069,7465,7687.35743774897,0.971074918845704
"A2","r4",21.5,1.55181236539369,0.979929659123104,1.0218047505386,7465,7687.35743774897,0.971074918845704
"A2","r4",22,1.54355537177235,0.981573474211985,1.02171844891452,7465,7687.35743774897,0.971074918845704
"A2","r4",22.5,1.53260601784719,0.980004733630861,1.02015550549245,7465,7687.35743774897,0.971074918845704
"A2","r4",23,1.52200768306415,0.979546518301503,1.01930331888753,7465,7687.35743774897,0.971074918845704
"A2","r4",23.5,1.50672485188223,0.980624952056896,1.02543645534896,7465,7687.35743774897,0.971074918845704
"A2","r4",24,1.4959573536219,0.982072792384633,1.02817382537223,7465,7687.35743774897,0.971074918845704
"A2","r4",24.5,1.48927118549618,0.983625334474469,1.02345029649484,7465,7687.35743774897,0.971074918845704
"A2","r4",25,1.48391928154305,0.985200003763044,1.01531584492832,7465,7687.35743774897,0.971074918845704
"A2","r4",25.5,1.47946762479995,0.984940126470003,1.01808466438099,7465,7687.35743774897,0.971074918845704
"A2","r4",26,1.47668413756505,0.98561298557224,1.02099185701417,7465,7687.35743774897,0.971074918845704
"A2","r4",26.5,1.47529176833599,0.981726921077183,1.01748426520137,7465,7687.35743774897,0.971074918845704
"A2","r4",27,1.47229576381767,0.971875398556774,1.01332187860136,7465,7687.35743774897,0.971074918845704
"A2","r4",27.5,1.46702358383492,0.970313443664603,1.01655104436816,7465,7687.35743774897,0.971074918845704
"A2","r4",28,1.45935616003927,0.976095302859622,1.01567360106577,7465,7687.35743774897,0.971074918845704
"A2","r4",28.5,1.45160820907258,0.980039055472634,1.01645847928462,7465,7687.35743774897,0.971074918845704
"A2","r4",29,1.44661375017722,0.978430515601919,1.01794118052535,7465,7687.35743774897,0.971074918845704
"A2","r4",29.5,1.44044053132361,0.978440081359005,1.01972450480799,7465,7687.35743774897,0.971074918845704
"A2","r4",30,1.43384527277786,0.980184245062424,1.01978368717177,7465,7687.35743774897,0.971074918845704
"A2","r4",30.5,1.43110246665908,0.981190061237616,1.01983569408654,7465,7687.35743774897,0.971074918845704
"A2","r4",31,1.42979277616659,0.974232660867202,1.01786050684369,7465,7687.35743774897,0.971074918845704
"A2","r4",31.5,1.42312433124772,0.973872269846453,1.01776001148377,7465,7687.35743774897,0.971074918845704
"A2","r4",32,1.41343977557925,0.97674471018193,1.02121605657559,7465,7687.35743774897,0.971074918845704
"A2","r4",32.5,1.40499873425358,0.978171803670521,1.02403651578816,7465,7687.35743774897,0.971074918845704
"A2","r4",33,1.39808811653075,0.983678754304418,1.0236043211448,7465,7687.35743774897,0.971074918845704
"A2","r4",33.5,1.39655331398091,0.981164473772296,1.02230965892177,7465,7687.35743774897,0.971074918845704
"A2","r4",34,1.39984118966036,0.981219862140269,1.02053751098238,7465,7687.35743774897,0.971074918845704
"A2","r4",34.5,1.40530077831061,0.98099788916405,1.02184459618475,7465,7687.35743774897,0.971074918845704
"A2","r4",35,1.40479612583573,0.985542007081459,1.01731864148247,7465,7687.35743774897,0.971074918845704
"A2","r4",35.5,1.39855269696387,0.985951908291214,1.01741840386052,7465,7687.35743774897,0.971074918845704
"A2","r4",36,1.39032331837902,0.983789690932442,1.01587349611647,7465,7687.35743774897,0.971074918845704
"A2","r4",36.5,1.37977880276316,0.984228359211212,1.01358055548877,7465,7687.35743774897,0.971074918845704
"A2","r4",37,1.36781958427693,0.981340651684216,1.01370606551663,7465,7687.35743774897,0.971074918845704
"A2","r4",37.5,1.36206718909399,0.980673770141428,1.01266313205307,7465,7687.35743774897,0.971074918845704
"A2","r4",38,1.35647917719094,0.981879304220202,1.01346383635329,7465,7687.35743774897,0.971074918845704
"A2","r4",38.5,1.35207043503596,0.982870679267557,1.01476443316195,7465,7687.35743774897,0.971074918845704
"A2","r4",39,1.34906889872043,0.98408067599974,1.01529760909278,7465,7687.35743774897,0.971074918845704
"A2","r4",39.5,1.3479404517082,0.98561332527739,1.01441666042702,7465,7687.35743774897,0.971074918845704
"A2","r4",40,1.34756039601351,0.983305038333991,1.01300062941741,7465,7687.35743774897,0.971074918845704
"A2","r4",40.5,1.34587279060116,0.981591536768866,1.01515909752818,7465,7687.35743774897,0.971074918845704
"A2","r4",41,1.34597893298065,0.984577015566161,1.01811790277601,7465,7687.35743774897,0.971074918845704
"A2","r4",41.5,1.34153225895715,0.984234494868823,1.02295398239682,7465,7687.35743774897,0.971074918845704
"A2","r4",42,1.33798236017397,0.983467745792376,1.02404374250947,7465,7687.35743774897,0.971074918845704
"A2","r4",42.5,1.33283702152033,0.984539082691478,1.02279119145619,7465,7687.35743774897,0.971074918845704
"A2","r4",43,1.32724915458031,0.98501106513657,1.02177336308038,7465,7687.35743774897,0.971074918845704
"A2","r4",43.5,1.322549048446,0.98187021709353,1.01838784402347,7465,7687.35743774897,0.971074918845704
"A2","r4",44,1.32086776678687,0.977851292230254,1.01545558997135,7465,7687.35743774897,0.971074918845704
"A2","r4",44.5,1.32032570010666,0.975948414273621,1.02012911738768,7465,7687.35743774897,0.971074918845704
"A2","r4",45,1.31627392841815,0.972714997781167,1.02015704226945,7465,7687.35743774897,0.971074918845704
"A2","r4",45.5,1.31301248676518,0.975555470529501,1.01891490543788,7465,7687.35743774897,0.971074918845704
"A2","r4",46,1.31032412434285,0.980571231202324,1.02102036397345,7465,7687.35743774897,0.971074918845704
"A2","r4",46.5,1.30913934417598,0.982925478365599,1.02617970873301,7465,7687.35743774897,0.971074918845704
"A2","r4",47,1.30507300892099,0.985060176760576,1.02790232203283,7465,7687.35743774897,0.971074918845704
"A2","r4",47.5,1.30399379058489,0.978458981934736,1.02396433936832,7465,7687.35743774897,0.971074918845704
"A2","r4",48,1.30461227968215,0.975722604176311,1.01885026997799,7465,7687.35743774897,0.971074918845704
"A2","r4",48.5,1.30350701115475,0.978071882160634,1.01703861046511,7465,7687.35743774897,0.971074918845704
"A2","r4",49,1.3003910649326,0.981374092168869,1.01648945880482,7465,7687.35743774897,0.971074918845704
"A2","r4",49.5,1.29745646744724,0.985756145881698,1.01392542120882,7465,7687.35743774897,0.971074918845704
"A2","r4",50,1.29634941130202,0.98556876649996,1.01644963130626,7465,7687.35743774897,0.971074918845704
"A2","r4",50.5,1.29158795163902,0.983302556476788,1.02301009244741,7465,7687.35743774897,0.971074918845704
"A2","r4",51,1.28776707495212,0.979466187392037,1.02534042813152,7465,7687.35743774897,0.971074918845704
"A2","r4",51.5,1.28562368948379,0.97804210680089,1.02261335369058,7465,7687.35743774897,0.971074918845704
"A2","r4",52,1.28456032129737,0.977570627473069,1.01853354834692,7465,7687.35743774897,0.971074918845704
"A2","r4",52.5,1.28262827582307,0.977211674383762,1.0134019572407,7465,7687.35743774897,0.971074918845704
"A2","r4",53,1.28059874675457,0.981510938829844,1.01480518448952,7465,7687.35743774897,0.971074918845704
"A2","r4",53.5,1.28099104037862,0.983047662387776,1.0144669919139,7465,7687.35743774897,0.971074918845704
"A2","r4",54,1.28225948641291,0.984864919251597,1.01207485619004,7465,7687.35743774897,0.971074918845704
"A2","r4",54.5,1.28109317853846,0.983955910252741,1.01478299593874,7465,7687.35743774897,0.971074918845704
"A2","r4",55,1.27997750420897,0.985722898784175,1.01391700523977,7465,7687.35743774897,0.971074918845704
"A2","r4",55.5,1.2765325820179,0.984637886924589,1.0120657974875,7465,7687.35743774897,0.971074918845704
"A2","r4",56,1.27244764212596,0.983873248989209,1.01390606346831,7465,7687.35743774897,0.971074918845704
"A2","r4",56.5,1.26621640344278,0.986993207678103,1.0142417621062,7465,7687.35743774897,0.971074918845704
"A2","r4",57,1.25753633155168,0.985991860119941,1.01415408131655,7465,7687.35743774897,0.971074918845704
"A2","r4",57.5,1.25390860780106,0.988683860217762,1.01928566016052,7465,7687.35743774897,0.971074918845704
"A2","r4",58,1.25390950427624,0.98547058850891,1.02130714091811,7465,7687.35743774897,0.971074918845704
"A2","r4",58.5,1.25607678425729,0.98521123290811,1.02556213136502,7465,7687.35743774897,0.971074918845704
"A2","r4",59,1.25734341785192,0.982837851266545,1.02728731095759,7465,7687.35743774897,0.971074918845704
"A2","r4",59.5,1.26109719286891,0.981416826045564,1.02424947281637,7465,7687.35743774897,0.971074918845704
"A2","r4",60,1.26072074500272,0.98026407871877,1.01982650484958,7465,7687.35743774897,0.971074918845704
"A2","r5",0,0,0.391571442011583,19.8567452657231,6457,6622.80978517109,0.974963830979662
"A2","r5",0.5,0,0.636154210542585,5.82467368826189,6457,6622.80978517109,0.974963830979662
"A2","r5",1,0.000244899853418289,0.828004760930071,2.67997151871897,6457,6622.80978517109,0.974963830979662
"A2","r5",1.5,0.00253391119644072,0.904505212781136,1.5169046374073,6457,6622.80978517109,0.974963830979662
"A2","r5",2,0.0193192860926916,0.924286331920956,1.06565979715785,6457,6622.80978517109,0.974963830979662
"A2","r5",2.5,0.0729637022489374,0.937170788535032,1.05504743090172,6457,6622.80978517109,0.974963830979662
"A2","r5",3,0.196738734938544,0.943421041834027,1.05323280202923,6457,6622.80978517109,0.974963830979662
"A2","r5",3.5,0.399978410090977,0.942849212012222,1.03969912196648,6457,6622.80978517109,0.974963830979662
"A2","r5",4,0.684888981604328,0.948573588931427,1.03735022531903,6457,6622.80978517109,0.974963830979662
"A2","r5",4.5,1.0145546607196,0.951248253610847,1.04755789997022,6457,6622.80978517109,0.974963830979662
"A2","r5",5,1.32928976939472,0.947572961330096,1.05358984038222,6457,6622.80978517109,0.974963830979662
"A2","r5",5.5,1.58604663168308,0.951875415540432,1.05502732351682,6457,6622.80978517109,0.974963830979662
"A2","r5",6,1.75827980167088,0.959007306949689,1.05280939772677,6457,6622.80978517109,0.974963830979662
"A2","r5",6.5,1.84509433151474,0.961774369068068,1.04070684983714,6457,6622.80978517109,0.974963830979662
"A2","r5",7,1.86098262539466,0.962093839392689,1.0370121658466,6457,6622.80978517109,0.974963830979662
"A2","r5",7.5,1.83294872504356,0.967482639969116,1.03531094932783,6457,6622.80978517109,0.974963830979662
"A2","r5",8,1.7872529442422,0.96843271047157,1.03320880779072,6457,6622.80978517109,0.974963830979662
"A2","r5",8.5,1.74525310879832,0.955452886759523,1.03799323463225,6457,6622.80978517109,0.974963830979662
"A2","r5",9,1.70915922340578,0.959472976415556,1.04316592258116,6457,6622.80978517109,0.974963830979662
"A2","r5",9.5,1.69093467055705,0.970591413448158,1.04077881603198,6457,6622.80978517109,0.974963830979662
"A2","r5",10,1.68158826125916,0.967401012054041,1.03984276113127,6457,6622.80978517109,0.974963830979662
"A2","r5",10.5,1.67566792214704,0.965196185387024,1.03912481189672,6457,6622.80978517109,0.974963830979662
"A2","r5",11,1.66973848155771,0.964986035936848,1.02835644349843,6457,6622.80978517109,0.974963830979662
"A2","r5",11.5,1.65425355433088,0.966931163395892,1.02142822833992,6457,6622.80978517109,0.974963830979662
"A2","r5",12,1.63790360355189,0.972243397309522,1.01952672156128,6457,6622.80978517109,0.974963830979662
"A2","r5",12.5,1.62490379003654,0.965661599594542,1.0207644468034,6457,6622.80978517109,0.974963830979662
"A2","r5",13,1.61952090834683,0.966793671796176,1.02737802703053,6457,6622.80978517109,0.974963830979662
"A2","r5",13.5,1.61622338429126,0.96959500662175,1.03336822734178,6457,6622.80978517109,0.974963830979662
"A2","r5",14,1.60836783223923,0.970905644846822,1.02972161632645,6457,6622.80978517109,0.974963830979662
"A2","r5",14.5,1.5973935536766,0.96564022986333,1.03021042882736,6457,6622.80978517109,0.974963830979662
"A2","r5",15,1.5869085094047,0.966124394443014,1.0251921443677,6457,6622.80978517109,0.974963830979662
"A2","r5",15.5,1.57166219881179,0.96970474718579,1.03493572192323,6457,6622.80978517109,0.974963830979662
"A2","r5",16,1.55980146469917,0.976092433053662,1.03690565033481,6457,6622.80978517109,0.974963830979662
"A2","r5",16.5,1.55132646190945,0.970783028325631,1.03392712005348,6457,6622.80978517109,0.974963830979662
"A2","r5",17,1.5461627503795,0.969274214413104,1.04060049625769,6457,6622.80978517109,0.974963830979662
"A2","r5",17.5,1.54238812326718,0.971655959995075,1.03727958016913,6457,6622.80978517109,0.974963830979662
"A2","r5",18,1.54144255647484,0.972627543131558,1.02772847926539,6457,6622.80978517109,0.974963830979662
"A2","r5",18.5,1.5418583685868,0.973788062274885,1.02678408003157,6457,6622.80978517109,0.974963830979662
"A2","r5",19,1.54321341386249,0.97338252635112,1.03326408161795,6457,6622.80978517109,0.974963830979662
"A2","r5",19.5,1.53727957421999,0.971348146125884,1.03268828094681,6457,6622.80978517109,0.974963830979662
"A2","r5",20,1.53252506249311,0.972421749756422,1.0278378871672,6457,6622.80978517109,0.974963830979662
"A2","r5",20.5,1.52650666458284,0.974264832259866,1.02347361952572,6457,6622.80978517109,0.974963830979662
"A2","r5",21,1.5228712067458,0.970247206104224,1.02665063866622,6457,6622.80978517109,0.974963830979662
"A2","r5",21.5,1.52010605995726,0.967953437429386,1.02681296024688,6457,6622.80978517109,0.974963830979662
"A2","r5",22,1.51394156846413,0.969579754253476,1.01865539221473,6457,6622.80978517109,0.974963830979662
"A2","r5",22.5,1.50589110928063,0.978382692910827,1.01028805983356,6457,6622.80978517109,0.974963830979662
"A2","r5",23,1.49463685066009,0.980672378979843,1.0137589372677,6457,6622.80978517109,0.974963830979662
"A2","r5",23.5,1.48082081500246,0.979183633677678,1.01693048680271,6457,6622.80978517109,0.974963830979662
"A2","r5",24,1.46747938770394,0.979538875637459,1.01949424905116,6457,6622.80978517109,0.974963830979662
"A2","r5",24.5,1.45883570721394,0.98217521119341,1.01800956311243,6457,6622.80978517109,0.974963830979662
"A2","r5",25,1.45716151940304,0.98134917634485,1.01781051385428,6457,6622.80978517109,0.974963830979662
"A2","r5",25.5,1.45244229128077,0.985023359479164,1.02418842164951,6457,6622.80978517109,0.974963830979662
"A2","r5",26,1.44667571106927,0.983362892858042,1.0298246442729,6457,6622.80978517109,0.974963830979662
"A2","r5",26.5,1.43822246297548,0.980436506793002,1.02673293263684,6457,6622.80978517109,0.974963830979662
"A2","r5",27,1.42802969541577,0.981631797698568,1.0234094149483,6457,6622.80978517109,0.974963830979662
"A2","r5",27.5,1.42066459056734,0.983091502045081,1.02544071205068,6457,6622.80978517109,0.974963830979662
"A2","r5",28,1.41578140987296,0.981663484070336,1.03201244011922,6457,6622.80978517109,0.974963830979662
"A2","r5",28.5,1.41542836229246,0.983051017558794,1.02978980605744,6457,6622.80978517109,0.974963830979662
"A2","r5",29,1.41280883127395,0.977662904014207,1.02574127935796,6457,6622.80978517109,0.974963830979662
"A2","r5",29.5,1.41032748760883,0.979856735558081,1.01915719248313,6457,6622.80978517109,0.974963830979662
"A2","r5",30,1.41018796267168,0.978393337233865,1.02156805409995,6457,6622.80978517109,0.974963830979662
"A2","r5",30.5,1.40962568508324,0.976108872109465,1.02326610897355,6457,6622.80978517109,0.974963830979662
"A2","r5",31,1.40668608171437,0.978879460036321,1.02275041550483,6457,6622.80978517109,0.974963830979662
"A2","r5",31.5,1.40430475336636,0.983736963830278,1.02289946757692,6457,6622.80978517109,0.974963830979662
"A2","r5",32,1.40243000874734,0.982493731236436,1.02052804533971,6457,6622.80978517109,0.974963830979662
"A2","r5",32.5,1.4013990553067,0.982288346079415,1.01778710969112,6457,6622.80978517109,0.974963830979662
"A2","r5",33,1.39726259106263,0.98241224918427,1.01723804205288,6457,6622.80978517109,0.974963830979662
"A2","r5",33.5,1.39382234061855,0.982453109827103,1.01484715276083,6457,6622.80978517109,0.974963830979662
"A2","r5",34,1.39429844172928,0.981391911839436,1.01909126100642,6457,6622.80978517109,0.974963830979662
"A2","r5",34.5,1.39263649318894,0.982150440920388,1.02336903116689,6457,6622.80978517109,0.974963830979662
"A2","r5",35,1.38796455589674,0.982587361417515,1.02099179341058,6457,6622.80978517109,0.974963830979662
"A2","r5",35.5,1.38236519590628,0.982399212925657,1.01565265539919,6457,6622.80978517109,0.974963830979662
"A2","r5",36,1.37791625492629,0.984556169466591,1.01596095865612,6457,6622.80978517109,0.974963830979662
"A2","r5",36.5,1.3729937610631,0.988130085895411,1.01534349783904,6457,6622.80978517109,0.974963830979662
"A2","r5",37,1.36432964438325,0.986674063204441,1.02038931500174,6457,6622.80978517109,0.974963830979662
"A2","r5",37.5,1.35796950080059,0.985171515971444,1.02157803521889,6457,6622.80978517109,0.974963830979662
"A2","r5",38,1.35260110136243,0.985040990596338,1.01964934168818,6457,6622.80978517109,0.974963830979662
"A2","r5",38.5,1.3498344393404,0.985304940278744,1.01645910566441,6457,6622.80978517109,0.974963830979662
"A2","r5",39,1.35079336249735,0.982625765774245,1.01457917784203,6457,6622.80978517109,0.974963830979662
"A2","r5",39.5,1.35458453929669,0.982517537011774,1.01822131960999,6457,6622.80978517109,0.974963830979662
"A2","r5",40,1.35573312644312,0.986103656439402,1.01989272758891,6457,6622.80978517109,0.974963830979662
"A2","r5",40.5,1.3528977717375,0.982819553581504,1.02059130167778,6457,6622.80978517109,0.974963830979662
"A2","r5",41,1.34617940520792,0.982328624233768,1.0210033604928,6457,6622.80978517109,0.974963830979662
"A2","r5",41.5,1.3369092688219,0.981606470695053,1.02093935298894,6457,6622.80978517109,0.974963830979662
"A2","r5",42,1.33098370848391,0.981950199752497,1.02083787212999,6457,6622.80978517109,0.974963830979662
"A2","r5",42.5,1.32992095039208,0.976920922681002,1.01739386304564,6457,6622.80978517109,0.974963830979662
"A2","r5",43,1.33382403762328,0.975575892950332,1.0162326323666,6457,6622.80978517109,0.974963830979662
"A2","r5",43.5,1.33468406315527,0.975214422172388,1.01659807781887,6457,6622.80978517109,0.974963830979662
"A2","r5",44,1.33338590160236,0.97231634576644,1.01723315687703,6457,6622.80978517109,0.974963830979662
"A2","r5",44.5,1.32842650513768,0.973586986302311,1.01612752427065,6457,6622.80978517109,0.974963830979662
"A2","r5",45,1.31798115978312,0.97935803008908,1.01741494081478,6457,6622.80978517109,0.974963830979662
"A2","r5",45.5,1.30979364085867,0.980551159133211,1.01754203916614,6457,6622.80978517109,0.974963830979662
"A2","r5",46,1.30642533005879,0.98270173032119,1.01763856861185,6457,6622.80978517109,0.974963830979662
"A2","r5",46.5,1.30685461637412,0.98231137800486,1.01665784692005,6457,6622.80978517109,0.974963830979662
"A2","r5",47,1.30968690291424,0.982403747559216,1.01600701541607,6457,6622.80978517109,0.974963830979662
"A2","r5",47.5,1.31251973695654,0.985776879012362,1.0194308069532,6457,6622.80978517109,0.974963830979662
"A2","r5",48,1.31382728818033,0.984432462325179,1.0211804715153,6457,6622.80978517109,0.974963830979662
"A2","r5",48.5,1.30981384589296,0.982194525632867,1.02142933751617,6457,6622.80978517109,0.974963830979662
"A2","r5",49,1.30244956451979,0.981615750368747,1.01912132485968,6457,6622.80978517109,0.974963830979662
"A2","r5",49.5,1.29689454627976,0.984042735660107,1.01582326808891,6457,6622.80978517109,0.974963830979662
"A2","r5",50,1.29479272958462,0.986602239034132,1.01314912180455,6457,6622.80978517109,0.974963830979662
"A2","r5",50.5,1.29354248717759,0.987751515926464,1.01448328977747,6457,6622.80978517109,0.974963830979662
"A2","r5",51,1.29401645011309,0.988316329119211,1.01930933334471,6457,6622.80978517109,0.974963830979662
"A2","r5",51.5,1.29621644501131,0.986380511552483,1.02163305965229,6457,6622.80978517109,0.974963830979662
"A2","r5",52,1.29888260912095,0.984896666173058,1.01941497610505,6457,6622.80978517109,0.974963830979662
"A2","r5",52.5,1.29873780896391,0.984385141999539,1.01589434848981,6457,6622.80978517109,0.974963830979662
"A2","r5",53,1.29603900320427,0.982864118320633,1.01372301209463,6457,6622.80978517109,0.974963830979662
"A2","r5",53.5,1.29217490748967,0.981398999463171,1.01795832195631,6457,6622.80978517109,0.974963830979662
"A2","r5",54,1.28662160021192,0.984382300778818,1.02144503424771,6457,6622.80978517109,0.974963830979662
"A2","r5",54.5,1.28091157035488,0.984884003159714,1.02302254660202,6457,6622.80978517109,0.974963830979662
"A2","r5",55,1.27624009673809,0.984371150945342,1.02229069597391,6457,6622.80978517109,0.974963830979662
"A2","r5",55.5,1.26903738236513,0.989231642928603,1.02093507893605,6457,6622.80978517109,0.974963830979662
"A2","r5",56,1.26611722070863,0.987617986313583,1.02348010032363,6457,6622.80978517109,0.974963830979662
"A2","r5",56.5,1.26632400282873,0.98120580607028,1.02150198218907,6457,6622.80978517109,0.974963830979662
"A2","r5",57,1.26685628931514,0.976879428121229,1.01806496563787,6457,6622.80978517109,0.974963830979662
"A2","r5",57.5,1.2698480609106,0.978771304721808,1.01338680114962,6457,6622.80978517109,0.974963830979662
"A2","r5",58,1.27215729396565,0.984942655177077,1.01215005744278,6457,6622.80978517109,0.974963830979662
"A2","r5",58.5,1.27760284502459,0.983555940399093,1.01424062742368,6457,6622.80978517109,0.974963830979662
"A2","r5",59,1.27888474797357,0.98140074295809,1.01354857043202,6457,6622.80978517109,0.974963830979662
"A2","r5",59.5,1.27544269319204,0.978768201790049,1.0118651272997,6457,6622.80978517109,0.974963830979662
"A2","r5",60,1.27143479256861,0.975541557868559,1.01044097935313,6457,6622.80978517109,0.974963830979662
"A3","r1",0,3.11194131528458e-16,0.359636722285977,15.6992911782956,4165,4178.94503612981,0.996663024756428
"A3","r1",0.5,0,0.536420144570007,5.69087636442579,4165,4178.94503612981,0.996663024756428
"A3","r1",1,0.00078489618370389,0.670418624077619,2.91645537840499,4165,4178.94503612981,0.996663024756428
"A3","r1",1.5,0.0075465938298142,0.791355918120061,1.79160671779457,4165,4178.94503612981,0.996663024756428
"A3","r1",2,0.0222814168458497,0.892643462028952,1.21119590770227,4165,4178.94503612981,0.996663024756428
"A3","r1",2.5,0.0534243119552536,0.924239952977491,1.13926118410127,4165,4178.94503612981,0.996663024756428
"A3","r1",3,0.111240449502021,0.913996978774858,1.10379832883012,4165,4178.94503612981,0.996663024756428
"A3","r1",3.5,0.209642906141634,0.91347649124145,1.08569756716775,4165,4178.94503612981,0.996663024756428
"A3","r1",4,0.348039506841688,0.914194038055431,1.07443002745147,4165,4178.94503612981,0.996663024756428
"A3","r1",4.5,0.515795396853439,0.918103484991058,1.06438309761794,4165,4178.94503612981,0.996663024756428
"A3","r1",5,0.698402220378509,0.929567531214113,1.05841232725063,4165,4178.94503612981,0.996663024756428
"A3","r1",5.5,0.886352079237684,0.947099645839327,1.04942438101141,4165,4178.94503612981,0.996663024756428
"A3","r1",6,1.07180713912515,0.955465526066061,1.04115091659744,4165,4178.94503612981,0.996663024756428
"A3","r1",6.5,1.24282393881348,0.958776984881654,1.06168841271491,4165,4178.94503612981,0.996663024756428
"A3","r1",7,1.37471390879869,0.952196339498794,1.07508973889495,4165,4178.94503612981,0.996663024756428
"A3","r1",7.5,1.45799945158249,0.948749093864516,1.07164972195916,4165,4178.94503612981,0.996663024756428
"A3","r1",8,1.5071646805973,0.929828269456702,1.05534022122081,4165,4178.94503612981,0.996663024756428
"A3","r1",8.5,1.52740764315852,0.917418227477632,1.04986268548201,4165,4178.94503612981,0.996663024756428
"A3","r1",9,1.52355404061353,0.90484618460386,1.05889477805108,4165,4178.94503612981,0.996663024756428
"A3","r1",9.5,1.49817581390973,0.902535013640983,1.06525071140723,4165,4178.94503612981,0.996663024756428
"A3","r1",10,1.46029187089157,0.912395714320438,1.05953572441911,4165,4178.94503612981,0.996663024756428
"A3","r1",10.5,1.42291433963955,0.931622089650619,1.04442310232231,4165,4178.94503612981,0.996663024756428
"A3","r1",11,1.39573466508497,0.949778092707599,1.03213350012434,4165,4178.94503612981,0.996663024756428
"A3","r1",11.5,1.38165486554188,0.956161971252121,1.03593325743115,4165,4178.94503612981,0.996663024756428
"A3","r1",12,1.36793106980637,0.9523981773721,1.04084748439126,4165,4178.94503612981,0.996663024756428
"A3","r1",12.5,1.35440255190483,0.949457523592792,1.04597351405148,4165,4178.94503612981,0.996663024756428
"A3","r1",13,1.33787054391229,0.94737665290822,1.04964608472091,4165,4178.94503612981,0.996663024756428
"A3","r1",13.5,1.31774305563101,0.951816843122164,1.04914342727489,4165,4178.94503612981,0.996663024756428
"A3","r1",14,1.30299620096144,0.95867497094267,1.04900420380456,4165,4178.94503612981,0.996663024756428
"A3","r1",14.5,1.2949661517058,0.953891551985169,1.05071166012379,4165,4178.94503612981,0.996663024756428
"A3","r1",15,1.29068670130856,0.955047921301116,1.04617526380539,4165,4178.94503612981,0.996663024756428
"A3","r1",15.5,1.28907164337716,0.956842522666335,1.03653096590863,4165,4178.94503612981,0.996663024756428
"A3","r1",16,1.29651929173246,0.961885378262903,1.035785727703,4165,4178.94503612981,0.996663024756428
"A3","r1",16.5,1.3047257162192,0.964392113840162,1.03383564350877,4165,4178.94503612981,0.996663024756428
"A3","r1",17,1.31004302611954,0.964310501867401,1.03565314069961,4165,4178.94503612981,0.996663024756428
"A3","r1",17.5,1.30463875966855,0.966171954407516,1.04196600758632,4165,4178.94503612981,0.996663024756428
"A3","r1",18,1.28919133961315,0.971092056320696,1.03957775032308,4165,4178.94503612981,0.996663024756428
"A3","r1",18.5,1.27180227318355,0.975843969590136,1.04031834904722,4165,4178.94503612981,0.996663024756428
"A3","r1",19,1.26167700355764,0.97767095294565,1.04057235407114,4165,4178.94503612981,0.996663024756428
"A3","r1",19.5,1.25621214867874,0.98074234561419,1.04119374064577,4165,4178.94503612981,0.996663024756428
"A3","r1",20,1.25480740451984,0.976464845078325,1.03527508347091,4165,4178.94503612981,0.996663024756428
"A3","r1",20.5,1.26148550088601,0.97337564518651,1.02447940452182,4165,4178.94503612981,0.996663024756428
"A3","r1",21,1.27019496122758,0.970246226980139,1.02786015558235,4165,4178.94503612981,0.996663024756428
"A3","r1",21.5,1.27370713716564,0.973666154911933,1.02731412696702,4165,4178.94503612981,0.996663024756428
"A3","r1",22,1.27178198216136,0.97577449587091,1.02569138753854,4165,4178.94503612981,0.996663024756428
"A3","r1",22.5,1.26302868138604,0.971507346987835,1.03210654219395,4165,4178.94503612981,0.996663024756428
"A3","r1",23,1.2470965165096,0.969498837513415,1.03314995836279,4165,4178.94503612981,0.996663024756428
"A3","r1",23.5,1.22899377990079,0.96657050282443,1.03308317467144,4165,4178.94503612981,0.996663024756428
"A3","r1",24,1.21495738215518,0.964278737745166,1.02795599311425,4165,4178.94503612981,0.996663024756428
"A3","r1",24.5,1.20276823345189,0.963965054424194,1.02622923680292,4165,4178.94503612981,0.996663024756428
"A3","r1",25,1.19588898032336,0.96353524987701,1.02566700195669,4165,4178.94503612981,0.996663024756428
"A3","r1",25.5,1.19588154770883,0.963007490900895,1.02622922832654,4165,4178.94503612981,0.996663024756428
"A3","r1",26,1.19789295342714,0.966906150305804,1.02250889055991,4165,4178.94503612981,0.996663024756428
"A3","r1",26.5,1.20147294619237,0.972839139026109,1.01863504447531,4165,4178.94503612981,0.996663024756428
"A3","r1",27,1.20694452559974,0.981059039177965,1.02013188514416,4165,4178.94503612981,0.996663024756428
"A3","r1",27.5,1.21271971609028,0.980619821985941,1.02178463584783,4165,4178.94503612981,0.996663024756428
"A3","r1",28,1.21359873779157,0.97593195759873,1.01864281637932,4165,4178.94503612981,0.996663024756428
"A3","r1",28.5,1.21188487224062,0.975054758165959,1.01952108784296,4165,4178.94503612981,0.996663024756428
"A3","r1",29,1.20666605302756,0.973386888589209,1.02031867164388,4165,4178.94503612981,0.996663024756428
"A3","r1",29.5,1.20185901352218,0.973178884563811,1.02237144296614,4165,4178.94503612981,0.996663024756428
"A3","r1",30,1.19727165244506,0.972719819989492,1.02385271359005,4165,4178.94503612981,0.996663024756428
"A3","r1",30.5,1.19360033905678,0.972448793107404,1.02457744985559,4165,4178.94503612981,0.996663024756428
"A3","r1",31,1.19173992159406,0.972218647096103,1.02145700751549,4165,4178.94503612981,0.996663024756428
"A3","r1",31.5,1.19395816529578,0.968365419818668,1.02669561325576,4165,4178.94503612981,0.996663024756428
"A3","r1",32,1.19956837526606,0.970273689267125,1.03000757080839,4165,4178.94503612981,0.996663024756428
"A3","r1",32.5,1.20285597052193,0.970737542240377,1.02750824695082,4165,4178.94503612981,0.996663024756428
"A3","r1",33,1.20327875615526,0.966846676301938,1.02547524083648,4165,4178.94503612981,0.996663024756428
"A3","r1",33.5,1.19964301161431,0.963205056154819,1.02217465510583,4165,4178.94503612981,0.996663024756428
"A3","r1",34,1.19399292011835,0.965362624560657,1.01977769793803,4165,4178.94503612981,0.996663024756428
"A3","r1",34.5,1.18981858556447,0.968299896148806,1.02452982626806,4165,4178.94503612981,0.996663024756428
"A3","r1",35,1.18607039824026,0.970977685476374,1.02508572211202,4165,4178.94503612981,0.996663024756428
"A3","r1",35.5,1.18245457848816,0.973221854980005,1.03110946100455,4165,4178.94503612981,0.996663024756428
"A3","r1",36,1.17986141965883,0.974892806545525,1.03552813744512,4165,4178.94503612981,0.996663024756428
"A3","r1",36.5,1.17967577170736,0.973970005039456,1.03847288645833,4165,4178.94503612981,0.996663024756428
"A3","r1",37,1.17673714567311,0.972440304653863,1.03710644873102,4165,4178.94503612981,0.996663024756428
"A3","r1",37.5,1.1732811961519,0.97179653036433,1.03227012285021,4165,4178.94503612981,0.996663024756428
"A3","r1",38,1.16816829972936,0.975300141535941,1.03492466408436,4165,4178.94503612981,0.996663024756428
"A3","r1",38.5,1.16373246778231,0.98090624299468,1.0372990161956,4165,4178.94503612981,0.996663024756428
"A3","r1",39,1.16106822746189,0.975950819208648,1.03413790969549,4165,4178.94503612981,0.996663024756428
"A3","r1",39.5,1.15914474281149,0.97225904176702,1.02855880955122,4165,4178.94503612981,0.996663024756428
"A3","r1",40,1.15812934995287,0.973207836877926,1.02635712663163,4165,4178.94503612981,0.996663024756428
"A3","r1",40.5,1.15564787636599,0.972786977063616,1.02632787423146,4165,4178.94503612981,0.996663024756428
"A3","r1",41,1.15346882959904,0.967462991719448,1.02036806405031,4165,4178.94503612981,0.996663024756428
"A3","r1",41.5,1.150164862823,0.961512444345829,1.02372160010803,4165,4178.94503612981,0.996663024756428
"A3","r1",42,1.14615233458817,0.958601139370853,1.02463715350508,4165,4178.94503612981,0.996663024756428
"A3","r1",42.5,1.14121012395667,0.959272936156824,1.02446100089532,4165,4178.94503612981,0.996663024756428
"A3","r1",43,1.13473897574208,0.967167303238515,1.02429243722384,4165,4178.94503612981,0.996663024756428
"A3","r1",43.5,1.13126120793026,0.976620911052561,1.02715433695775,4165,4178.94503612981,0.996663024756428
"A3","r1",44,1.12803338639854,0.98267290639834,1.02480699734525,4165,4178.94503612981,0.996663024756428
"A3","r1",44.5,1.12387006569378,0.977878458524927,1.02407379852406,4165,4178.94503612981,0.996663024756428
"A3","r1",45,1.11897557550827,0.974156414116438,1.02796441884756,4165,4178.94503612981,0.996663024756428
"A3","r1",45.5,1.1187741754069,0.974937630166606,1.02758816679676,4165,4178.94503612981,0.996663024756428
"A3","r1",46,1.12150324221499,0.975392728073376,1.02521025241143,4165,4178.94503612981,0.996663024756428
"A3","r1",46.5,1.12528104118675,0.976867484261403,1.02202930538203,4165,4178.94503612981,0.996663024756428
"A3","r1",47,1.13107142717096,0.97899644674578,1.02004935806977,4165,4178.94503612981,0.996663024756428
"A3","r1",47.5,1.13646462535399,0.979167923876621,1.02580400312159,4165,4178.94503612981,0.996663024756428
"A3","r1",48,1.14037114612331,0.978856242405869,1.03262572753656,4165,4178.94503612981,0.996663024756428
"A3","r1",48.5,1.14258085423425,0.98074392405763,1.03183750216968,4165,4178.94503612981,0.996663024756428
"A3","r1",49,1.14207047134452,0.984563819720364,1.03218621087459,4165,4178.94503612981,0.996663024756428
"A3","r1",49.5,1.14018237401597,0.984823571269216,1.03294170727687,4165,4178.94503612981,0.996663024756428
"A3","r1",50,1.13964614657991,0.982116906361965,1.03189344019006,4165,4178.94503612981,0.996663024756428
"A3","r1",50.5,1.13940490355432,0.982949701896837,1.0308816812212,4165,4178.94503612981,0.996663024756428
"A3","r1",51,1.13858963883345,0.988810590240214,1.03458921615931,4165,4178.94503612981,0.996663024756428
"A3","r1",51.5,1.14092636130913,0.989480760538397,1.03577350737253,4165,4178.94503612981,0.996663024756428
"A3","r1",52,1.14197260979924,0.984764507261261,1.03334589761622,4165,4178.94503612981,0.996663024756428
"A3","r1",52.5,1.14195023617792,0.982018073088763,1.03065638338706,4165,4178.94503612981,0.996663024756428
"A3","r1",53,1.13692770075406,0.982839553971749,1.02670471388726,4165,4178.94503612981,0.996663024756428
"A3","r1",53.5,1.12963933695896,0.98664212155171,1.02217165895906,4165,4178.94503612981,0.996663024756428
"A3","r1",54,1.12315848140816,0.981969158284286,1.01972971557067,4165,4178.94503612981,0.996663024756428
"A3","r1",54.5,1.11652388263605,0.976146307419033,1.01617457459663,4165,4178.94503612981,0.996663024756428
"A3","r1",55,1.11173225010632,0.974915791287734,1.01920959165118,4165,4178.94503612981,0.996663024756428
"A3","r1",55.5,1.10890611993777,0.976853566871816,1.02135154538358,4165,4178.94503612981,0.996663024756428
"A3","r1",56,1.11002575904875,0.980227681616295,1.02090139042549,4165,4178.94503612981,0.996663024756428
"A3","r1",56.5,1.11527309949271,0.984118447274214,1.0205670170008,4165,4178.94503612981,0.996663024756428
"A3","r1",57,1.12198644079069,0.985735120670389,1.02340805255836,4165,4178.94503612981,0.996663024756428
"A3","r1",57.5,1.12846680536897,0.97878519851852,1.02195718166819,4165,4178.94503612981,0.996663024756428
"A3","r1",58,1.13235099646865,0.976450801578515,1.01832469922945,4165,4178.94503612981,0.996663024756428
"A3","r1",58.5,1.1360302333583,0.978720291410119,1.01959023677085,4165,4178.94503612981,0.996663024756428
"A3","r1",59,1.13527281424005,0.983480369135306,1.02330644283261,4165,4178.94503612981,0.996663024756428
"A3","r1",59.5,1.13186606213905,0.980989438801703,1.02551421870992,4165,4178.94503612981,0.996663024756428
"A3","r1",60,1.12986325293793,0.981335266298627,1.02222179265213,4165,4178.94503612981,0.996663024756428
"A3","r2",0,0,0.450735425212185,28.725608484514,3126,3152.60482448572,0.991561002419622
"A3","r2",0.5,0.00396840042694507,0.632015761283069,11.0361787495304,3126,3152.60482448572,0.991561002419622
"A3","r2",1,0.0167319279625791,0.73198482111313,5.51028874926803,3126,3152.60482448572,0.991561002419622
"A3","r2",1.5,0.0381629394338631,0.786853309434347,3.19789808799282,3126,3152.60482448572,0.991561002419622
"A3","r2",2,0.0754863125773433,0.819163594171506,2.00053198574917,3126,3152.60482448572,0.991561002419622
"A3","r2",2.5,0.144633470041521,0.857277432883993,1.23457075956244,3126,3152.60482448572,0.991561002419622
"A3","r2",3,0.25474147079442,0.888470752251144,1.12243796419921,3126,3152.60482448572,0.991561002419622
"A3","r2",3.5,0.401600229074036,0.901052946418665,1.10611203021004,3126,3152.60482448572,0.991561002419622
"A3","r2",4,0.574305116720517,0.903519603901469,1.08516268573836,3126,3152.60482448572,0.991561002419622
"A3","r2",4.5,0.755169420156282,0.912878087411272,1.07221449887144,3126,3152.60482448572,0.991561002419622
"A3","r2",5,0.933746588540136,0.914989962211739,1.06773007555943,3126,3152.60482448572,0.991561002419622
"A3","r2",5.5,1.11001336724512,0.915882005201525,1.06866068906867,3126,3152.60482448572,0.991561002419622
"A3","r2",6,1.2658967231936,0.926037176183536,1.06676855609639,3126,3152.60482448572,0.991561002419622
"A3","r2",6.5,1.38400928848801,0.942939508510873,1.06091139216345,3126,3152.60482448572,0.991561002419622
"A3","r2",7,1.46165665714528,0.955319754960226,1.04632120705143,3126,3152.60482448572,0.991561002419622
"A3","r2",7.5,1.50287597957407,0.960985804434176,1.03971318619874,3126,3152.60482448572,0.991561002419622
"A3","r2",8,1.52713813483818,0.965574071155967,1.04983223066723,3126,3152.60482448572,0.991561002419622
"A3","r2",8.5,1.53239970686358,0.960555488636785,1.06447112602986,3126,3152.60482448572,0.991561002419622
"A3","r2",9,1.53508742833131,0.955812158288861,1.07721158373942,3126,3152.60482448572,0.991561002419622
"A3","r2",9.5,1.53404892867366,0.961073517815336,1.0842486945851,3126,3152.60482448572,0.991561002419622
"A3","r2",10,1.53206382313314,0.968496399134635,1.08349575015588,3126,3152.60482448572,0.991561002419622
"A3","r2",10.5,1.52711951624977,0.96813114867407,1.07723604000251,3126,3152.60482448572,0.991561002419622
"A3","r2",11,1.52565697609089,0.961050024460093,1.08530023311596,3126,3152.60482448572,0.991561002419622
"A3","r2",11.5,1.52566219757614,0.95225296940681,1.08905292083448,3126,3152.60482448572,0.991561002419622
"A3","r2",12,1.51859187027212,0.955272039841361,1.08652334012042,3126,3152.60482448572,0.991561002419622
"A3","r2",12.5,1.51112612796732,0.964336372267806,1.07833034306284,3126,3152.60482448572,0.991561002419622
"A3","r2",13,1.50349044448122,0.961964398937867,1.07293895442244,3126,3152.60482448572,0.991561002419622
"A3","r2",13.5,1.49745676428522,0.95588973270914,1.06011269748558,3126,3152.60482448572,0.991561002419622
"A3","r2",14,1.48500783865782,0.955714501433115,1.0546274811156,3126,3152.60482448572,0.991561002419622
"A3","r2",14.5,1.47084372329256,0.959266578796857,1.05607863505488,3126,3152.60482448572,0.991561002419622
"A3","r2",15,1.46113741604733,0.962736369958119,1.05695762507211,3126,3152.60482448572,0.991561002419622
"A3","r2",15.5,1.45221117835575,0.958061016334823,1.0501143350921,3126,3152.60482448572,0.991561002419622
"A3","r2",16,1.44535348485606,0.961466534758576,1.05880775878277,3126,3152.60482448572,0.991561002419622
"A3","r2",16.5,1.43753965450281,0.968202855298457,1.06282070763816,3126,3152.60482448572,0.991561002419622
"A3","r2",17,1.43409201092578,0.966632681420203,1.06121687857622,3126,3152.60482448572,0.991561002419622
"A3","r2",17.5,1.42270939598752,0.963713272491402,1.06014570096354,3126,3152.60482448572,0.991561002419622
"A3","r2",18,1.40710251743043,0.958554485286196,1.05828756633845,3126,3152.60482448572,0.991561002419622
"A3","r2",18.5,1.39447519947249,0.947855112675484,1.05378346317404,3126,3152.60482448572,0.991561002419622
"A3","r2",19,1.38669417616109,0.943651111004806,1.04591305919819,3126,3152.60482448572,0.991561002419622
"A3","r2",19.5,1.37997726762252,0.944965604169906,1.04124215410013,3126,3152.60482448572,0.991561002419622
"A3","r2",20,1.37230513556591,0.943934934674372,1.03313087021788,3126,3152.60482448572,0.991561002419622
"A3","r2",20.5,1.36533530696389,0.939000450762798,1.03098286623238,3126,3152.60482448572,0.991561002419622
"A3","r2",21,1.35238801321217,0.939299686182984,1.03516052887338,3126,3152.60482448572,0.991561002419622
"A3","r2",21.5,1.34412559636097,0.948613401465163,1.04656117859064,3126,3152.60482448572,0.991561002419622
"A3","r2",22,1.34110514515709,0.955736740199183,1.05424805278386,3126,3152.60482448572,0.991561002419622
"A3","r2",22.5,1.34241853591386,0.964453496635768,1.06044041629075,3126,3152.60482448572,0.991561002419622
"A3","r2",23,1.33583299150197,0.970741790693483,1.06355538045555,3126,3152.60482448572,0.991561002419622
"A3","r2",23.5,1.32986707823564,0.970865816885923,1.05988103126448,3126,3152.60482448572,0.991561002419622
"A3","r2",24,1.33097343882876,0.971864211519191,1.05233986173093,3126,3152.60482448572,0.991561002419622
"A3","r2",24.5,1.33601427344553,0.971999012968893,1.04450588916096,3126,3152.60482448572,0.991561002419622
"A3","r2",25,1.33972153713347,0.970745080774444,1.03807953621466,3126,3152.60482448572,0.991561002419622
"A3","r2",25.5,1.34244403765729,0.976857787476019,1.03406436443759,3126,3152.60482448572,0.991561002419622
"A3","r2",26,1.34283686811857,0.982932327925849,1.03122693508603,3126,3152.60482448572,0.991561002419622
"A3","r2",26.5,1.3381477394846,0.978611071799095,1.03662325993889,3126,3152.60482448572,0.991561002419622
"A3","r2",27,1.3328710233601,0.975968440886248,1.04078673085626,3126,3152.60482448572,0.991561002419622
"A3","r2",27.5,1.32580247170928,0.976320120567757,1.0437728623446,3126,3152.60482448572,0.991561002419622
"A3","r2",28,1.31657730353402,0.972480300871664,1.0467542399361,3126,3152.60482448572,0.991561002419622
"A3","r2",28.5,1.30408995649964,0.965517235861365,1.04750670949716,3126,3152.60482448572,0.991561002419622
"A3","r2",29,1.29641446499899,0.960109307448099,1.04319503909956,3126,3152.60482448572,0.991561002419622
"A3","r2",29.5,1.29244429703961,0.95986389111258,1.04038548645273,3126,3152.60482448572,0.991561002419622
"A3","r2",30,1.29224442857915,0.962099793145199,1.04187918907965,3126,3152.60482448572,0.991561002419622
"A3","r2",30.5,1.29338935424289,0.962568315063695,1.03648172177257,3126,3152.60482448572,0.991561002419622
"A3","r2",31,1.2981331996521,0.964871695214311,1.02785191830735,3126,3152.60482448572,0.991561002419622
"A3","r2",31.5,1.30048010416947,0.968583585069518,1.02618611429045,3126,3152.60482448572,0.991561002419622
"A3","r2",32,1.30209606488562,0.968716978672852,1.02547038531107,3126,3152.60482448572,0.991561002419622
"A3","r2",32.5,1.30393454126453,0.973293691584476,1.02453876176468,3126,3152.60482448572,0.991561002419622
"A3","r2",33,1.30015308692472,0.977489296195936,1.02954680280337,3126,3152.60482448572,0.991561002419622
"A3","r2",33.5,1.29880299329277,0.974897544279151,1.0375306431339,3126,3152.60482448572,0.991561002419622
"A3","r2",34,1.29719508647661,0.973830072701376,1.04330475913997,3126,3152.60482448572,0.991561002419622
"A3","r2",34.5,1.29650534823866,0.969181719534103,1.04459497239037,3126,3152.60482448572,0.991561002419622
"A3","r2",35,1.29387626541854,0.96343295605981,1.04353283547278,3126,3152.60482448572,0.991561002419622
"A3","r2",35.5,1.29057036475137,0.955853585672779,1.04246937037223,3126,3152.60482448572,0.991561002419622
"A3","r2",36,1.28630552849835,0.950750023668636,1.03954131918563,3126,3152.60482448572,0.991561002419622
"A3","r2",36.5,1.27809764088022,0.951827853822963,1.03947348314992,3126,3152.60482448572,0.991561002419622
"A3","r2",37,1.26017036858178,0.953810219919924,1.04254869594527,3126,3152.60482448572,0.991561002419622
"A3","r2",37.5,1.24338704648175,0.958007121289027,1.04305455392745,3126,3152.60482448572,0.991561002419622
"A3","r2",38,1.22809244177934,0.964028870956214,1.03906764680148,3126,3152.60482448572,0.991561002419622
"A3","r2",38.5,1.21278603470915,0.970794614709734,1.02965707254446,3126,3152.60482448572,0.991561002419622
"A3","r2",39,1.20402930723986,0.979081625317991,1.02297813523121,3126,3152.60482448572,0.991561002419622
"A3","r2",39.5,1.19870379177181,0.977537005407965,1.0198142785544,3126,3152.60482448572,0.991561002419622
"A3","r2",40,1.19790993987013,0.97629210536738,1.02650885578354,3126,3152.60482448572,0.991561002419622
"A3","r2",40.5,1.20196052252868,0.972739530611662,1.03266196684986,3126,3152.60482448572,0.991561002419622
"A3","r2",41,1.21068506691508,0.971525508805737,1.03745831210572,3126,3152.60482448572,0.991561002419622
"A3","r2",41.5,1.22429445673159,0.973402991929725,1.04161969723277,3126,3152.60482448572,0.991561002419622
"A3","r2",42,1.23313733374195,0.973980998871987,1.04500148231641,3126,3152.60482448572,0.991561002419622
"A3","r2",42.5,1.2312517234907,0.974396411094445,1.04316898921994,3126,3152.60482448572,0.991561002419622
"A3","r2",43,1.22609695545666,0.974600873678013,1.03740336033986,3126,3152.60482448572,0.991561002419622
"A3","r2",43.5,1.21726469806673,0.973011633685154,1.03160833112468,3126,3152.60482448572,0.991561002419622
"A3","r2",44,1.20970869530739,0.973678301789027,1.02774230493082,3126,3152.60482448572,0.991561002419622
"A3","r2",44.5,1.20533777406403,0.97104643619085,1.02801701465839,3126,3152.60482448572,0.991561002419622
"A3","r2",45,1.20163269842476,0.966485483545768,1.02770060846334,3126,3152.60482448572,0.991561002419622
"A3","r2",45.5,1.19700474358272,0.965678769144736,1.02957197482544,3126,3152.60482448572,0.991561002419622
"A3","r2",46,1.19593913832288,0.970393759431377,1.03165407926627,3126,3152.60482448572,0.991561002419622
"A3","r2",46.5,1.19620099042166,0.976297867568543,1.03314157889203,3126,3152.60482448572,0.991561002419622
"A3","r2",47,1.20107494472332,0.976587275090856,1.03478815421154,3126,3152.60482448572,0.991561002419622
"A3","r2",47.5,1.20578560053603,0.979570973335921,1.03319643917911,3126,3152.60482448572,0.991561002419622
"A3","r2",48,1.20634447819113,0.984297649886472,1.03631475999902,3126,3152.60482448572,0.991561002419622
"A3","r2",48.5,1.20458885087927,0.984539120483997,1.03540599273264,3126,3152.60482448572,0.991561002419622
"A3","r2",49,1.1994984926621,0.983581743792373,1.03496890732246,3126,3152.60482448572,0.991561002419622
"A3","r2",49.5,1.19558264976813,0.982295803126143,1.03257528525954,3126,3152.60482448572,0.991561002419622
"A3","r2",50,1.19614125298344,0.982293896617938,1.02878437053517,3126,3152.60482448572,0.991561002419622
"A3","r2",50.5,1.19682224604432,0.978210601162112,1.02582425303318,3126,3152.60482448572,0.991561002419622
"A3","r2",51,1.19699493634986,0.977019874452574,1.02841147005626,3126,3152.60482448572,0.991561002419622
"A3","r2",51.5,1.19760301087813,0.975731558326493,1.02979472456142,3126,3152.60482448572,0.991561002419622
"A3","r2",52,1.19680028586382,0.970442017466581,1.03139866075151,3126,3152.60482448572,0.991561002419622
"A3","r2",52.5,1.19710539163227,0.968920949655025,1.03038214784362,3126,3152.60482448572,0.991561002419622
"A3","r2",53,1.19549719756708,0.970581221676588,1.02702749879215,3126,3152.60482448572,0.991561002419622
"A3","r2",53.5,1.19246925389011,0.970529032208993,1.02545981613571,3126,3152.60482448572,0.991561002419622
"A3","r2",54,1.18859084435339,0.971466121292604,1.02331274814942,3126,3152.60482448572,0.991561002419622
"A3","r2",54.5,1.18292539084037,0.971873868400176,1.02475138312439,3126,3152.60482448572,0.991561002419622
"A3","r2",55,1.17967024396253,0.973053517259708,1.02627485100697,3126,3152.60482448572,0.991561002419622
"A3","r2",55.5,1.17721381970725,0.976223227160841,1.03031555666912,3126,3152.60482448572,0.991561002419622
"A3","r2",56,1.17656765856955,0.980314004098909,1.03640443304314,3126,3152.60482448572,0.991561002419622
"A3","r2",56.5,1.17332667992313,0.98564899705357,1.04179639046181,3126,3152.60482448572,0.991561002419622
"A3","r2",57,1.17109693521479,0.986657367936456,1.04307277910205,3126,3152.60482448572,0.991561002419622
"A3","r2",57.5,1.16992493356825,0.986740467695962,1.03910177427727,3126,3152.60482448572,0.991561002419622
"A3","r2",58,1.16887012373619,0.985710442356136,1.03490952902849,3126,3152.60482448572,0.991561002419622
"A3","r2",58.5,1.16808795657536,0.981358655135035,1.03135465898921,3126,3152.60482448572,0.991561002419622
"A3","r2",59,1.16812480691575,0.977700860294374,1.02805077775609,3126,3152.60482448572,0.991561002419622
"A3","r2",59.5,1.16720102850897,0.973916011413908,1.02716744693702,3126,3152.60482448572,0.991561002419622
"A3","r2",60,1.1681853167152,0.969180725895562,1.02393156339796,3126,3152.60482448572,0.991561002419622
"A3","r3",0,4.90058872767512e-16,0.355336958168749,1.99290311702168,4299,4300.4501001363,0.999662802706103
"A3","r3",0.5,0.000439719975113223,0.560707560808754,1.55213346443707,4299,4300.4501001363,0.999662802706103
"A3","r3",1,0.00430848228669752,0.712196160194589,1.29140694984951,4299,4300.4501001363,0.999662802706103
"A3","r3",1.5,0.0145373712077734,0.770070242414537,1.13981712220338,4299,4300.4501001363,0.999662802706103
"A3","r3",2,0.0381673441958383,0.823770162418064,1.11727938481287,4299,4300.4501001363,0.999662802706103
"A3","r3",2.5,0.0882144339086715,0.8719771964862,1.09914022844241,4299,4300.4501001363,0.999662802706103
"A3","r3",3,0.176202375862968,0.886892432440076,1.06948892001202,4299,4300.4501001363,0.999662802706103
"A3","r3",3.5,0.308172264667688,0.889994956329224,1.06973182083838,4299,4300.4501001363,0.999662802706103
"A3","r3",4,0.474799437149683,0.909804118952445,1.06590116681574,4299,4300.4501001363,0.999662802706103
"A3","r3",4.5,0.663563424097449,0.929073998230087,1.06441037628565,4299,4300.4501001363,0.999662802706103
"A3","r3",5,0.861462737059914,0.943405846173886,1.05778154002332,4299,4300.4501001363,0.999662802706103
"A3","r3",5.5,1.05538971456948,0.937883205761036,1.06449525013312,4299,4300.4501001363,0.999662802706103
"A3","r3",6,1.22547102407448,0.944361094191029,1.06590911277494,4299,4300.4501001363,0.999662802706103
"A3","r3",6.5,1.35266517687261,0.934090114636234,1.05892195976757,4299,4300.4501001363,0.999662802706103
"A3","r3",7,1.43778519667233,0.937302014373788,1.05242049400523,4299,4300.4501001363,0.999662802706103
"A3","r3",7.5,1.48536329277393,0.948735723226058,1.04838728943636,4299,4300.4501001363,0.999662802706103
"A3","r3",8,1.50197878997887,0.950933721009286,1.04578243233601,4299,4300.4501001363,0.999662802706103
"A3","r3",8.5,1.50061108444879,0.956725366007693,1.0467559991611,4299,4300.4501001363,0.999662802706103
"A3","r3",9,1.48472085286195,0.962124661079122,1.0498912397575,4299,4300.4501001363,0.999662802706103
"A3","r3",9.5,1.45660431943801,0.960245189389443,1.05073920692484,4299,4300.4501001363,0.999662802706103
"A3","r3",10,1.42761037896428,0.94935598527523,1.04245010990769,4299,4300.4501001363,0.999662802706103
"A3","r3",10.5,1.41118039737169,0.938917933834201,1.02715866719382,4299,4300.4501001363,0.999662802706103
"A3","r3",11,1.40117335173603,0.938497682611713,1.03020913423072,4299,4300.4501001363,0.999662802706103
"A3","r3",11.5,1.39264562515242,0.940838342326274,1.02903259435008,4299,4300.4501001363,0.999662802706103
"A3","r3",12,1.39455564141823,0.951008415333092,1.0315248749232,4299,4300.4501001363,0.999662802706103
"A3","r3",12.5,1.39269085881633,0.95592883367061,1.02699507187387,4299,4300.4501001363,0.999662802706103
"A3","r3",13,1.38855329556819,0.962258789873792,1.03064083393276,4299,4300.4501001363,0.999662802706103
"A3","r3",13.5,1.38862419098949,0.962266758652327,1.03126861319181,4299,4300.4501001363,0.999662802706103
"A3","r3",14,1.38643683098015,0.966728313315475,1.03378158617954,4299,4300.4501001363,0.999662802706103
"A3","r3",14.5,1.37451063578376,0.968809239118345,1.04719067112835,4299,4300.4501001363,0.999662802706103
"A3","r3",15,1.36558254723639,0.968482093349165,1.05150864032837,4299,4300.4501001363,0.999662802706103
"A3","r3",15.5,1.36678530627325,0.961485518141438,1.04941545082719,4299,4300.4501001363,0.999662802706103
"A3","r3",16,1.36719187544317,0.957060991509079,1.03981412512,4299,4300.4501001363,0.999662802706103
"A3","r3",16.5,1.36985663460061,0.9633797283136,1.02961757916841,4299,4300.4501001363,0.999662802706103
"A3","r3",17,1.36801781190863,0.971108946246403,1.02396450078967,4299,4300.4501001363,0.999662802706103
"A3","r3",17.5,1.36567276993135,0.973900951791155,1.02505652505157,4299,4300.4501001363,0.999662802706103
"A3","r3",18,1.36474050374126,0.976911844211414,1.02719047076662,4299,4300.4501001363,0.999662802706103
"A3","r3",18.5,1.36261229745096,0.973611203983771,1.03162273206935,4299,4300.4501001363,0.999662802706103
"A3","r3",19,1.35308429628468,0.965409316933622,1.03253807153157,4299,4300.4501001363,0.999662802706103
"A3","r3",19.5,1.34074808402007,0.963484650095191,1.0304091497694,4299,4300.4501001363,0.999662802706103
"A3","r3",20,1.3300501414727,0.964260114405667,1.03083128829995,4299,4300.4501001363,0.999662802706103
"A3","r3",20.5,1.32462221166971,0.968624443491928,1.03140199670514,4299,4300.4501001363,0.999662802706103
"A3","r3",21,1.32126063604453,0.973029104543743,1.03197600833121,4299,4300.4501001363,0.999662802706103
"A3","r3",21.5,1.30968952932765,0.971889227368274,1.0314203772635,4299,4300.4501001363,0.999662802706103
"A3","r3",22,1.30067004819547,0.971405970881669,1.02956679343707,4299,4300.4501001363,0.999662802706103
"A3","r3",22.5,1.29864842850925,0.972597122022932,1.02684785793389,4299,4300.4501001363,0.999662802706103
"A3","r3",23,1.30001025200454,0.971027489233761,1.0276748536781,4299,4300.4501001363,0.999662802706103
"A3","r3",23.5,1.30030167884019,0.965400049360576,1.02825751814054,4299,4300.4501001363,0.999662802706103
"A3","r3",24,1.30128610539912,0.964291117705059,1.02300460676282,4299,4300.4501001363,0.999662802706103
"A3","r3",24.5,1.29831866456342,0.965442987975985,1.02079041801059,4299,4300.4501001363,0.999662802706103
"A3","r3",25,1.29425289280003,0.965986782263487,1.02407082332652,4299,4300.4501001363,0.999662802706103
"A3","r3",25.5,1.29369395269793,0.964080521739978,1.02659738556997,4299,4300.4501001363,0.999662802706103
"A3","r3",26,1.29231035453901,0.963419249573502,1.0231771245359,4299,4300.4501001363,0.999662802706103
"A3","r3",26.5,1.2856079097062,0.959416393602285,1.02106711750671,4299,4300.4501001363,0.999662802706103
"A3","r3",27,1.27849268568067,0.961530474986352,1.02429716771032,4299,4300.4501001363,0.999662802706103
"A3","r3",27.5,1.27488507765239,0.967112068680498,1.02921020551866,4299,4300.4501001363,0.999662802706103
"A3","r3",28,1.27111875584367,0.969632345429345,1.03023240440982,4299,4300.4501001363,0.999662802706103
"A3","r3",28.5,1.26808421855481,0.96053823167714,1.0270528043181,4299,4300.4501001363,0.999662802706103
"A3","r3",29,1.26371654198607,0.95524082454747,1.02681806329809,4299,4300.4501001363,0.999662802706103
"A3","r3",29.5,1.26127363484032,0.95386771528853,1.02551744483196,4299,4300.4501001363,0.999662802706103
"A3","r3",30,1.2590549193712,0.953109981636655,1.02323393942344,4299,4300.4501001363,0.999662802706103
"A3","r3",30.5,1.26396754500663,0.95414415836592,1.02255422730571,4299,4300.4501001363,0.999662802706103
"A3","r3",31,1.2699577845681,0.957765759833063,1.029450506563,4299,4300.4501001363,0.999662802706103
"A3","r3",31.5,1.2710190015397,0.964308523208263,1.02870733695436,4299,4300.4501001363,0.999662802706103
"A3","r3",32,1.27111379725892,0.965559989521709,1.02710763911847,4299,4300.4501001363,0.999662802706103
"A3","r3",32.5,1.2672628530438,0.969071281819258,1.02549870588875,4299,4300.4501001363,0.999662802706103
"A3","r3",33,1.25512195102464,0.971420602889351,1.02337242197203,4299,4300.4501001363,0.999662802706103
"A3","r3",33.5,1.24168531408613,0.976102354434634,1.0240853859768,4299,4300.4501001363,0.999662802706103
"A3","r3",34,1.22756973776224,0.975072890253634,1.02390687055542,4299,4300.4501001363,0.999662802706103
"A3","r3",34.5,1.21557586512855,0.973917988494916,1.02094869203726,4299,4300.4501001363,0.999662802706103
"A3","r3",35,1.21164978089268,0.974647117848869,1.02695075784808,4299,4300.4501001363,0.999662802706103
"A3","r3",35.5,1.21338295690655,0.977204409973828,1.03180326609483,4299,4300.4501001363,0.999662802706103
"A3","r3",36,1.21646907812952,0.969335080162501,1.03512558163498,4299,4300.4501001363,0.999662802706103
"A3","r3",36.5,1.22375176363082,0.964766991571905,1.03570174833892,4299,4300.4501001363,0.999662802706103
"A3","r3",37,1.22976714301799,0.967112723847308,1.03537932977683,4299,4300.4501001363,0.999662802706103
"A3","r3",37.5,1.23162451052463,0.971265827797956,1.03168611267173,4299,4300.4501001363,0.999662802706103
"A3","r3",38,1.23243008278627,0.976690752865133,1.02669946617688,4299,4300.4501001363,0.999662802706103
"A3","r3",38.5,1.22966844239737,0.979538166932019,1.02388115553718,4299,4300.4501001363,0.999662802706103
"A3","r3",39,1.22517363186269,0.97955520897313,1.02826905914864,4299,4300.4501001363,0.999662802706103
"A3","r3",39.5,1.22076783218635,0.978514949963136,1.03272209154383,4299,4300.4501001363,0.999662802706103
"A3","r3",40,1.21618924935248,0.981779733843913,1.03182016037089,4299,4300.4501001363,0.999662802706103
"A3","r3",40.5,1.20786610812718,0.982585903078834,1.02404449380508,4299,4300.4501001363,0.999662802706103
"A3","r3",41,1.20207089814129,0.977660248473358,1.03024212433975,4299,4300.4501001363,0.999662802706103
"A3","r3",41.5,1.19678597627011,0.974084664093516,1.03326060965468,4299,4300.4501001363,0.999662802706103
"A3","r3",42,1.19387549482174,0.975890352683577,1.03746364196018,4299,4300.4501001363,0.999662802706103
"A3","r3",42.5,1.19373472726117,0.978737956656245,1.042497159906,4299,4300.4501001363,0.999662802706103
"A3","r3",43,1.19932602533069,0.972409906611092,1.04505144682284,4299,4300.4501001363,0.999662802706103
"A3","r3",43.5,1.20599963115972,0.966140240146595,1.04657281360028,4299,4300.4501001363,0.999662802706103
"A3","r3",44,1.2099571402989,0.964021091498278,1.0425951034285,4299,4300.4501001363,0.999662802706103
"A3","r3",44.5,1.21216733097007,0.966769057748935,1.03661099070788,4299,4300.4501001363,0.999662802706103
"A3","r3",45,1.21042051927516,0.973557665127609,1.02683155670903,4299,4300.4501001363,0.999662802706103
"A3","r3",45.5,1.20651554109164,0.976022938024026,1.02608574283661,4299,4300.4501001363,0.999662802706103
"A3","r3",46,1.2021546178131,0.975311122152411,1.02523853672275,4299,4300.4501001363,0.999662802706103
"A3","r3",46.5,1.19838445815916,0.979585410400362,1.02505492597176,4299,4300.4501001363,0.999662802706103
"A3","r3",47,1.19520458761775,0.980458765968645,1.02290639587901,4299,4300.4501001363,0.999662802706103
"A3","r3",47.5,1.1930131611147,0.981673753630699,1.022560182967,4299,4300.4501001363,0.999662802706103
"A3","r3",48,1.19228892142838,0.981188608590488,1.02012176079863,4299,4300.4501001363,0.999662802706103
"A3","r3",48.5,1.19212443173751,0.978520749942537,1.01803598002648,4299,4300.4501001363,0.999662802706103
"A3","r3",49,1.18997680315722,0.975374343382405,1.01895784801154,4299,4300.4501001363,0.999662802706103
"A3","r3",49.5,1.18545048102084,0.975766661134651,1.02285312695703,4299,4300.4501001363,0.999662802706103
"A3","r3",50,1.18066649862937,0.979222214076256,1.02651584936613,4299,4300.4501001363,0.999662802706103
"A3","r3",50.5,1.17647888189187,0.974199717719725,1.02967704612222,4299,4300.4501001363,0.999662802706103
"A3","r3",51,1.17806752821289,0.971955498776268,1.02585339033251,4299,4300.4501001363,0.999662802706103
"A3","r3",51.5,1.18147754655274,0.971848944146749,1.02606137176188,4299,4300.4501001363,0.999662802706103
"A3","r3",52,1.18384078861188,0.972982808233648,1.02427192745323,4299,4300.4501001363,0.999662802706103
"A3","r3",52.5,1.18604938610789,0.9714850442454,1.02436796900192,4299,4300.4501001363,0.999662802706103
"A3","r3",53,1.18877322397666,0.969823507960109,1.02416198190379,4299,4300.4501001363,0.999662802706103
"A3","r3",53.5,1.18925359545571,0.968239783824414,1.02304723418333,4299,4300.4501001363,0.999662802706103
"A3","r3",54,1.18446362621787,0.969004280613441,1.02392487950436,4299,4300.4501001363,0.999662802706103
"A3","r3",54.5,1.1757510834779,0.969452878460254,1.02721530089327,4299,4300.4501001363,0.999662802706103
"A3","r3",55,1.16560481649539,0.969817572945793,1.030084200646,4299,4300.4501001363,0.999662802706103
"A3","r3",55.5,1.15771213714351,0.970937503037665,1.03071151261771,4299,4300.4501001363,0.999662802706103
"A3","r3",56,1.15123427133334,0.972460392360277,1.02749587503487,4299,4300.4501001363,0.999662802706103
"A3","r3",56.5,1.14738400802098,0.974502429420612,1.02446942292041,4299,4300.4501001363,0.999662802706103
"A3","r3",57,1.14572739236664,0.974167696897203,1.02526107058668,4299,4300.4501001363,0.999662802706103
"A3","r3",57.5,1.14507955292883,0.97215671899712,1.02987450571234,4299,4300.4501001363,0.999662802706103
"A3","r3",58,1.14615904180103,0.97323733989481,1.03196599258263,4299,4300.4501001363,0.999662802706103
"A3","r3",58.5,1.14864399836163,0.975530637837057,1.03129412991765,4299,4300.4501001363,0.999662802706103
"A3","r3",59,1.15095682601811,0.978425868731538,1.02764367953683,4299,4300.4501001363,0.999662802706103
"A3","r3",59.5,1.15335817700009,0.982254814038429,1.02306841086806,4299,4300.4501001363,0.999662802706103
"A3","r3",60,1.15159993558256,0.98133757163537,1.02255896131884,4299,4300.4501001363,0.999662802706103
"A3","r4",0,1.3770328022514e-18,0.384464973735427,14.5806573960047,4824,4833.91857429325,0.997948129630069
"A3","r4",0.5,0,0.528237670743531,5.11425749007889,4824,4833.91857429325,0.997948129630069
"A3","r4",1,0.000764133134918697,0.647592966837559,2.60225919937852,4824,4833.91857429325,0.997948129630069
"A3","r4",1.5,0.00943078087976038,0.745861471925794,1.62804674017233,4824,4833.91857429325,0.997948129630069
"A3","r4",2,0.0419476363210449,0.832689092048568,1.10512510010067,4824,4833.91857429325,0.997948129630069
"A3","r4",2.5,0.114449061862649,0.900900270754205,1.09671123881908,4824,4833.91857429325,0.997948129630069
"A3","r4",3,0.247983870885826,0.91349995750276,1.08121272411615,4824,4833.91857429325,0.997948129630069
"A3","r4",3.5,0.454223041757012,0.907032968400632,1.06452240147744,4824,4833.91857429325,0.997948129630069
"A3","r4",4,0.715029626259276,0.899467157273374,1.07347526520143,4824,4833.91857429325,0.997948129630069
"A3","r4",4.5,1.01338435255345,0.908422145021848,1.0728610342767,4824,4833.91857429325,0.997948129630069
"A3","r4",5,1.30796203727334,0.923233940980587,1.060016404904,4824,4833.91857429325,0.997948129630069
"A3","r4",5.5,1.5691194098471,0.936747345756824,1.05404213856408,4824,4833.91857429325,0.997948129630069
"A3","r4",6,1.76662212449491,0.948186039560925,1.05481547093831,4824,4833.91857429325,0.997948129630069
"A3","r4",6.5,1.89153986721212,0.948966516891344,1.05475610553616,4824,4833.91857429325,0.997948129630069
"A3","r4",7,1.93827860076183,0.954597659588226,1.05085706973962,4824,4833.91857429325,0.997948129630069
"A3","r4",7.5,1.94134082489337,0.960429453352047,1.0537020229497,4824,4833.91857429325,0.997948129630069
"A3","r4",8,1.92787246162602,0.962049028155818,1.05830449133308,4824,4833.91857429325,0.997948129630069
"A3","r4",8.5,1.91359655685327,0.960562212635687,1.05556859222507,4824,4833.91857429325,0.997948129630069
"A3","r4",9,1.89512452820822,0.960471627841136,1.05434367732339,4824,4833.91857429325,0.997948129630069
"A3","r4",9.5,1.87672771734292,0.956280728521304,1.0562955524326,4824,4833.91857429325,0.997948129630069
"A3","r4",10,1.86131648156749,0.955716449556972,1.05074397776812,4824,4833.91857429325,0.997948129630069
"A3","r4",10.5,1.83717151719803,0.963281916120316,1.04624816598561,4824,4833.91857429325,0.997948129630069
"A3","r4",11,1.81186239586215,0.967465007061615,1.03907459549407,4824,4833.91857429325,0.997948129630069
"A3","r4",11.5,1.78006050546355,0.964218886095517,1.03864621264962,4824,4833.91857429325,0.997948129630069
"A3","r4",12,1.75250436461568,0.96679265090962,1.03749986537125,4824,4833.91857429325,0.997948129630069
"A3","r4",12.5,1.73518406082101,0.971558336217279,1.04450683834795,4824,4833.91857429325,0.997948129630069
"A3","r4",13,1.7246778875895,0.973220495233883,1.04793724796262,4824,4833.91857429325,0.997948129630069
"A3","r4",13.5,1.71723186216118,0.965253450088195,1.04891338674503,4824,4833.91857429325,0.997948129630069
"A3","r4",14,1.72590748561325,0.963472546310588,1.04589108642049,4824,4833.91857429325,0.997948129630069
"A3","r4",14.5,1.73168163849382,0.972341369178217,1.04659361590969,4824,4833.91857429325,0.997948129630069
"A3","r4",15,1.73220361988036,0.972966468170461,1.04138580087704,4824,4833.91857429325,0.997948129630069
"A3","r4",15.5,1.73387115953418,0.963966119046973,1.03513920952957,4824,4833.91857429325,0.997948129630069
"A3","r4",16,1.73585942207725,0.95964033431873,1.03636575489832,4824,4833.91857429325,0.997948129630069
"A3","r4",16.5,1.73386687298138,0.960230094102319,1.03802406767114,4824,4833.91857429325,0.997948129630069
"A3","r4",17,1.72711600679301,0.963212241476319,1.03906243149078,4824,4833.91857429325,0.997948129630069
"A3","r4",17.5,1.70853286835588,0.958451726606806,1.03487292874916,4824,4833.91857429325,0.997948129630069
"A3","r4",18,1.68569705302055,0.959300281793858,1.02414745603618,4824,4833.91857429325,0.997948129630069
"A3","r4",18.5,1.66733414799242,0.957541413422296,1.02444051818406,4824,4833.91857429325,0.997948129630069
"A3","r4",19,1.65560931601902,0.952226277314431,1.0260588356688,4824,4833.91857429325,0.997948129630069
"A3","r4",19.5,1.64783428123164,0.950490282871027,1.02410945701057,4824,4833.91857429325,0.997948129630069
"A3","r4",20,1.64592178680011,0.954183393019282,1.02745000020879,4824,4833.91857429325,0.997948129630069
"A3","r4",20.5,1.64658093422172,0.960279629266432,1.0333446293999,4824,4833.91857429325,0.997948129630069
"A3","r4",21,1.65047547994864,0.964496148764637,1.03591412207467,4824,4833.91857429325,0.997948129630069
"A3","r4",21.5,1.6537504520717,0.964813374474949,1.03646437099369,4824,4833.91857429325,0.997948129630069
"A3","r4",22,1.65765131439176,0.969869485565977,1.03677338952517,4824,4833.91857429325,0.997948129630069
"A3","r4",22.5,1.65402985898598,0.964712327956881,1.0331782395455,4824,4833.91857429325,0.997948129630069
"A3","r4",23,1.64439291933495,0.960674230363854,1.02574072540933,4824,4833.91857429325,0.997948129630069
"A3","r4",23.5,1.63623042203587,0.956347574264134,1.02470342009588,4824,4833.91857429325,0.997948129630069
"A3","r4",24,1.62610176065708,0.959022493591616,1.0259955741685,4824,4833.91857429325,0.997948129630069
"A3","r4",24.5,1.61854701498853,0.967298738294228,1.02444684680875,4824,4833.91857429325,0.997948129630069
"A3","r4",25,1.61351422442856,0.967394381284999,1.02744185800201,4824,4833.91857429325,0.997948129630069
"A3","r4",25.5,1.60931224583578,0.968149480383292,1.02865111346884,4824,4833.91857429325,0.997948129630069
"A3","r4",26,1.60476359120146,0.972813977715737,1.03075941745533,4824,4833.91857429325,0.997948129630069
"A3","r4",26.5,1.6061350435486,0.976694513120186,1.02988018080058,4824,4833.91857429325,0.997948129630069
"A3","r4",27,1.60818731098696,0.979195170701314,1.02638996806455,4824,4833.91857429325,0.997948129630069
"A3","r4",27.5,1.60466216149944,0.981739097147758,1.02997340765747,4824,4833.91857429325,0.997948129630069
"A3","r4",28,1.5966716838915,0.985903408847029,1.03088040749379,4824,4833.91857429325,0.997948129630069
"A3","r4",28.5,1.58557932220978,0.988467150100311,1.03187365071511,4824,4833.91857429325,0.997948129630069
"A3","r4",29,1.57251738822971,0.984036125839161,1.0295750016505,4824,4833.91857429325,0.997948129630069
"A3","r4",29.5,1.56604301840569,0.981837078636989,1.02502911169896,4824,4833.91857429325,0.997948129630069
"A3","r4",30,1.55964351714218,0.979359685870282,1.02159228314196,4824,4833.91857429325,0.997948129630069
"A3","r4",30.5,1.55492730730459,0.980398184012808,1.02320431120561,4824,4833.91857429325,0.997948129630069
"A3","r4",31,1.55271556451854,0.981309734533571,1.02523939552186,4824,4833.91857429325,0.997948129630069
"A3","r4",31.5,1.55134026463585,0.977315826857162,1.03231882303334,4824,4833.91857429325,0.997948129630069
"A3","r4",32,1.54892503419897,0.977955107281854,1.03766417642481,4824,4833.91857429325,0.997948129630069
"A3","r4",32.5,1.54186318300601,0.97656907437191,1.03906944235599,4824,4833.91857429325,0.997948129630069
"A3","r4",33,1.53366854860111,0.972910620475103,1.0340290195152,4824,4833.91857429325,0.997948129630069
"A3","r4",33.5,1.52769783414815,0.971589125178473,1.0277300713206,4824,4833.91857429325,0.997948129630069
"A3","r4",34,1.52454758682522,0.971102057788131,1.02782401320031,4824,4833.91857429325,0.997948129630069
"A3","r4",34.5,1.51962467555317,0.97102649525283,1.0270892747849,4824,4833.91857429325,0.997948129630069
"A3","r4",35,1.5174920684601,0.973127246256894,1.03043368111772,4824,4833.91857429325,0.997948129630069
"A3","r4",35.5,1.51322396404892,0.973067444464326,1.03055879382062,4824,4833.91857429325,0.997948129630069
"A3","r4",36,1.50986706580781,0.972452641280985,1.02815876565027,4824,4833.91857429325,0.997948129630069
"A3","r4",36.5,1.50477007289821,0.971569394224606,1.02150013605025,4824,4833.91857429325,0.997948129630069
"A3","r4",37,1.50026781751062,0.971232210435601,1.01889953970847,4824,4833.91857429325,0.997948129630069
"A3","r4",37.5,1.49595859818447,0.973580914767585,1.02553464358387,4824,4833.91857429325,0.997948129630069
"A3","r4",38,1.49636626424051,0.975536584702081,1.03342297245725,4824,4833.91857429325,0.997948129630069
"A3","r4",38.5,1.49384765233841,0.976213572680283,1.03715659406376,4824,4833.91857429325,0.997948129630069
"A3","r4",39,1.48702598740998,0.977727328318997,1.03494979567285,4824,4833.91857429325,0.997948129630069
"A3","r4",39.5,1.48236267193616,0.98117792231259,1.02778929007148,4824,4833.91857429325,0.997948129630069
"A3","r4",40,1.48060850507705,0.98453819658045,1.01940372475083,4824,4833.91857429325,0.997948129630069
"A3","r4",40.5,1.48123345998801,0.984520773967142,1.02345144413292,4824,4833.91857429325,0.997948129630069
"A3","r4",41,1.48692891689999,0.982463028849782,1.02343323782025,4824,4833.91857429325,0.997948129630069
"A3","r4",41.5,1.49501734025235,0.980547726905049,1.02188190297314,4824,4833.91857429325,0.997948129630069
"A3","r4",42,1.49760367361947,0.983066329509818,1.0202186308152,4824,4833.91857429325,0.997948129630069
"A3","r4",42.5,1.49555158470291,0.979307311542278,1.02044223931581,4824,4833.91857429325,0.997948129630069
"A3","r4",43,1.48864407587462,0.979674874786051,1.02241996181494,4824,4833.91857429325,0.997948129630069
"A3","r4",43.5,1.47729464275612,0.980007758990656,1.02372670421557,4824,4833.91857429325,0.997948129630069
"A3","r4",44,1.46486151646843,0.974829675535242,1.02386438870827,4824,4833.91857429325,0.997948129630069
"A3","r4",44.5,1.4541450090353,0.976508859062632,1.02415946083132,4824,4833.91857429325,0.997948129630069
"A3","r4",45,1.44761193515736,0.978636113510194,1.02531229498649,4824,4833.91857429325,0.997948129630069
"A3","r4",45.5,1.44427216405074,0.977564579951958,1.02548820958201,4824,4833.91857429325,0.997948129630069
"A3","r4",46,1.44249342229164,0.972978168726276,1.02385286807756,4824,4833.91857429325,0.997948129630069
"A3","r4",46.5,1.43912978289689,0.972525268400525,1.01844184503948,4824,4833.91857429325,0.997948129630069
"A3","r4",47,1.43566729928349,0.975113943899654,1.01427072227606,4824,4833.91857429325,0.997948129630069
"A3","r4",47.5,1.43361431842367,0.978222264584574,1.01500641861081,4824,4833.91857429325,0.997948129630069
"A3","r4",48,1.43272516196369,0.980445935450988,1.01531130819082,4824,4833.91857429325,0.997948129630069
"A3","r4",48.5,1.43262198079364,0.981402397612745,1.01388597727141,4824,4833.91857429325,0.997948129630069
"A3","r4",49,1.43181583290054,0.975811846514709,1.01504153357058,4824,4833.91857429325,0.997948129630069
"A3","r4",49.5,1.43149359026817,0.974476316448996,1.01496837122802,4824,4833.91857429325,0.997948129630069
"A3","r4",50,1.42922499685823,0.975453403507864,1.01372601352081,4824,4833.91857429325,0.997948129630069
"A3","r4",50.5,1.42691145674166,0.977418193689558,1.01417704501242,4824,4833.91857429325,0.997948129630069
"A3","r4",51,1.42264548124644,0.978353870999559,1.0132638134801,4824,4833.91857429325,0.997948129630069
"A3","r4",51.5,1.41798894811869,0.979241131607586,1.01547084720299,4824,4833.91857429325,0.997948129630069
"A3","r4",52,1.41085976942686,0.979243589567142,1.017220502852,4824,4833.91857429325,0.997948129630069
"A3","r4",52.5,1.40271708143153,0.975459879554154,1.01854579151648,4824,4833.91857429325,0.997948129630069
"A3","r4",53,1.39835530954019,0.972582311200384,1.01559690184335,4824,4833.91857429325,0.997948129630069
"A3","r4",53.5,1.39490742269223,0.972035114863333,1.01515559315264,4824,4833.91857429325,0.997948129630069
"A3","r4",54,1.39254062535739,0.975735058914277,1.01733939812704,4824,4833.91857429325,0.997948129630069
"A3","r4",54.5,1.39050426850682,0.976797857903403,1.01609418205602,4824,4833.91857429325,0.997948129630069
"A3","r4",55,1.39084339887685,0.979769315526195,1.01979733872627,4824,4833.91857429325,0.997948129630069
"A3","r4",55.5,1.38975028173977,0.979554284791889,1.02077980432007,4824,4833.91857429325,0.997948129630069
"A3","r4",56,1.38847729212341,0.97922115215217,1.02478823871675,4824,4833.91857429325,0.997948129630069
"A3","r4",56.5,1.38578833928153,0.980826686435077,1.03045205473236,4824,4833.91857429325,0.997948129630069
"A3","r4",57,1.38066190622685,0.982770941772759,1.03377553491517,4824,4833.91857429325,0.997948129630069
"A3","r4",57.5,1.37583884605441,0.980797767935476,1.03371710401794,4824,4833.91857429325,0.997948129630069
"A3","r4",58,1.3692843529054,0.977278455720231,1.02911152884659,4824,4833.91857429325,0.997948129630069
"A3","r4",58.5,1.36533041817963,0.974958846765393,1.02466743015285,4824,4833.91857429325,0.997948129630069
"A3","r4",59,1.36380073351566,0.973742679930528,1.02133482330297,4824,4833.91857429325,0.997948129630069
"A3","r4",59.5,1.36151913729492,0.9755442008601,1.01927844236864,4824,4833.91857429325,0.997948129630069
"A3","r4",60,1.35660924000619,0.977989963212349,1.0170663402902,4824,4833.91857429325,0.997948129630069
"A3","r5",0,6.30754799032459e-16,0.429851181975068,1.6525449594981,4884,4925.13772494087,0.991647396024572
"A3","r5",0.5,0,0.61352509237043,1.30253178893335,4884,4925.13772494087,0.991647396024572
"A3","r5",1,0.00156256059539899,0.753607860649738,1.18809720437739,4884,4925.13772494087,0.991647396024572
"A3","r5",1.5,0.0137215318186959,0.862595229017634,1.12454308435018,4884,4925.13772494087,0.991647396024572
"A3","r5",2,0.0533969817398375,0.93666728613335,1.09148910774214,4884,4925.13772494087,0.991647396024572
"A3","r5",2.5,0.158672551743178,0.943288956633081,1.07899981219544,4884,4925.13772494087,0.991647396024572
"A3","r5",3,0.362355370835352,0.942152737617458,1.0795846019797,4884,4925.13772494087,0.991647396024572
"A3","r5",3.5,0.670358706932227,0.942670746151369,1.06986010549338,4884,4925.13772494087,0.991647396024572
"A3","r5",4,1.06348861653084,0.933357102383125,1.07061858945184,4884,4925.13772494087,0.991647396024572
"A3","r5",4.5,1.49124267142853,0.938020707152288,1.05916599635431,4884,4925.13772494087,0.991647396024572
"A3","r5",5,1.88959952257947,0.932707902387954,1.06241879434286,4884,4925.13772494087,0.991647396024572
"A3","r5",5.5,2.21196034892243,0.914875421781616,1.0696959912072,4884,4925.13772494087,0.991647396024572
"A3","r5",6,2.43023484025233,0.913311684276949,1.07865193581853,4884,4925.13772494087,0.991647396024572
"A3","r5",6.5,2.52689232260593,0.925914989778201,1.08966892768721,4884,4925.13772494087,0.991647396024572
"A3","r5",7,2.52256147695022,0.93099014913903,1.09071819962112,4884,4925.13772494087,0.991647396024572
"A3","r5",7.5,2.4658827231054,0.929814757665483,1.08134150557994,4884,4925.13772494087,0.991647396024572
"A3","r5",8,2.39447668426957,0.934331743663487,1.0628119877638,4884,4925.13772494087,0.991647396024572
"A3","r5",8.5,2.33503489478459,0.947277098384215,1.04959533253051,4884,4925.13772494087,0.991647396024572
"A3","r5",9,2.28998456517319,0.965804227733938,1.04263238917236,4884,4925.13772494087,0.991647396024572
"A3","r5",9.5,2.25552151350494,0.972574826320005,1.04131354318141,4884,4925.13772494087,0.991647396024572
"A3","r5",10,2.23757662010915,0.967755980062103,1.04651174237148,4884,4925.13772494087,0.991647396024572
"A3","r5",10.5,2.24023440467045,0.961369570898734,1.04658182889594,4884,4925.13772494087,0.991647396024572
"A3","r5",11,2.24325087417133,0.96216357015384,1.04713522505479,4884,4925.13772494087,0.991647396024572
"A3","r5",11.5,2.23661758734397,0.960147865826786,1.04143572626438,4884,4925.13772494087,0.991647396024572
"A3","r5",12,2.22905710240292,0.963650896457654,1.03634704993466,4884,4925.13772494087,0.991647396024572
"A3","r5",12.5,2.21836511737042,0.962643666453428,1.03495175569176,4884,4925.13772494087,0.991647396024572
"A3","r5",13,2.20441554393068,0.965879430780905,1.0392970777609,4884,4925.13772494087,0.991647396024572
"A3","r5",13.5,2.18954643707176,0.96927004473645,1.04452661228304,4884,4925.13772494087,0.991647396024572
"A3","r5",14,2.17555785982082,0.965947185410432,1.04250862654397,4884,4925.13772494087,0.991647396024572
"A3","r5",14.5,2.15957989137434,0.968787836186059,1.03791196043497,4884,4925.13772494087,0.991647396024572
"A3","r5",15,2.14862348357763,0.971090749494309,1.02793746813238,4884,4925.13772494087,0.991647396024572
"A3","r5",15.5,2.1394386577261,0.969247625972979,1.03297508938087,4884,4925.13772494087,0.991647396024572
"A3","r5",16,2.13403953878625,0.965432125984158,1.03094255006391,4884,4925.13772494087,0.991647396024572
"A3","r5",16.5,2.13394112596276,0.971303115566808,1.02501193968171,4884,4925.13772494087,0.991647396024572
"A3","r5",17,2.13167300976162,0.977419376317068,1.01543028173522,4884,4925.13772494087,0.991647396024572
"A3","r5",17.5,2.12770389001914,0.974526531106498,1.01484441574259,4884,4925.13772494087,0.991647396024572
"A3","r5",18,2.12400877537134,0.973823016767865,1.02001883737286,4884,4925.13772494087,0.991647396024572
"A3","r5",18.5,2.11188286342039,0.962695817033789,1.02102686055439,4884,4925.13772494087,0.991647396024572
"A3","r5",19,2.09492111370838,0.955769098434272,1.01994021418108,4884,4925.13772494087,0.991647396024572
"A3","r5",19.5,2.07457981215711,0.953978174676635,1.01989080808081,4884,4925.13772494087,0.991647396024572
"A3","r5",20,2.05921201955307,0.953852827289611,1.02310361937281,4884,4925.13772494087,0.991647396024572
"A3","r5",20.5,2.04955530546613,0.959538388443421,1.02266316681004,4884,4925.13772494087,0.991647396024572
"A3","r5",21,2.05011888590155,0.963055763480385,1.01842814244545,4884,4925.13772494087,0.991647396024572
"A3","r5",21.5,2.04752386130637,0.964121432664994,1.01638773758056,4884,4925.13772494087,0.991647396024572
"A3","r5",22,2.04576919522466,0.962756143915225,1.02461391330507,4884,4925.13772494087,0.991647396024572
"A3","r5",22.5,2.04363857083765,0.958380467600739,1.03051447686293,4884,4925.13772494087,0.991647396024572
"A3","r5",23,2.03953448361831,0.962909303786322,1.03329870951047,4884,4925.13772494087,0.991647396024572
"A3","r5",23.5,2.03353061632137,0.97123650291188,1.0315944580327,4884,4925.13772494087,0.991647396024572
"A3","r5",24,2.02555445147689,0.973162867802997,1.02927942654529,4884,4925.13772494087,0.991647396024572
"A3","r5",24.5,2.01627809477624,0.975652541304551,1.02741103421794,4884,4925.13772494087,0.991647396024572
"A3","r5",25,2.01164767060747,0.977545342836995,1.02219819368562,4884,4925.13772494087,0.991647396024572
"A3","r5",25.5,2.0112334255037,0.976891174821537,1.02174177953391,4884,4925.13772494087,0.991647396024572
"A3","r5",26,2.01031385284769,0.979502117151456,1.02343455229393,4884,4925.13772494087,0.991647396024572
"A3","r5",26.5,2.00545192181451,0.981305979859385,1.02604395855792,4884,4925.13772494087,0.991647396024572
"A3","r5",27,1.99676836856825,0.982721053260678,1.02745553252794,4884,4925.13772494087,0.991647396024572
"A3","r5",27.5,1.98591591316365,0.984151586921925,1.0272242884243,4884,4925.13772494087,0.991647396024572
"A3","r5",28,1.97430324918129,0.980991506631395,1.02642087965925,4884,4925.13772494087,0.991647396024572
"A3","r5",28.5,1.96515619196657,0.979863421787454,1.02502165961797,4884,4925.13772494087,0.991647396024572
"A3","r5",29,1.95441346487945,0.978899372891633,1.02325490514123,4884,4925.13772494087,0.991647396024572
"A3","r5",29.5,1.94077448737455,0.978233629700254,1.02150914192746,4884,4925.13772494087,0.991647396024572
"A3","r5",30,1.93325818526474,0.97721460359377,1.02454263295035,4884,4925.13772494087,0.991647396024572
"A3","r5",30.5,1.93121315960825,0.977643098024378,1.02641858392194,4884,4925.13772494087,0.991647396024572
"A3","r5",31,1.92883213075987,0.977438194551381,1.02573813757912,4884,4925.13772494087,0.991647396024572
"A3","r5",31.5,1.92550390502955,0.978970859946355,1.028591433994,4884,4925.13772494087,0.991647396024572
"A3","r5",32,1.92013424191032,0.979388141391235,1.02628739133935,4884,4925.13772494087,0.991647396024572
"A3","r5",32.5,1.91876298125626,0.982086704637464,1.02457774080591,4884,4925.13772494087,0.991647396024572
"A3","r5",33,1.92079107867919,0.985688307806664,1.02402473622176,4884,4925.13772494087,0.991647396024572
"A3","r5",33.5,1.91972916111529,0.987329295743509,1.02380343401564,4884,4925.13772494087,0.991647396024572
"A3","r5",34,1.91696304400786,0.979372837095953,1.01820990435388,4884,4925.13772494087,0.991647396024572
"A3","r5",34.5,1.91614224688779,0.971760470023735,1.01734414108412,4884,4925.13772494087,0.991647396024572
"A3","r5",35,1.91489495202388,0.970068757817324,1.01941094649943,4884,4925.13772494087,0.991647396024572
"A3","r5",35.5,1.91240471535271,0.972768848434602,1.01791510062366,4884,4925.13772494087,0.991647396024572
"A3","r5",36,1.90741479770033,0.978105710270493,1.01939720071335,4884,4925.13772494087,0.991647396024572
"A3","r5",36.5,1.90124405082659,0.981886540730418,1.02203045446532,4884,4925.13772494087,0.991647396024572
"A3","r5",37,1.89413110585703,0.977517912018334,1.02378474514891,4884,4925.13772494087,0.991647396024572
"A3","r5",37.5,1.88006670969057,0.974743616241558,1.02243979487458,4884,4925.13772494087,0.991647396024572
"A3","r5",38,1.86435247943801,0.973478895253531,1.02063415608093,4884,4925.13772494087,0.991647396024572
"A3","r5",38.5,1.85531839965183,0.973111716126022,1.01688867206423,4884,4925.13772494087,0.991647396024572
"A3","r5",39,1.84848083606261,0.972167471717713,1.01942038430723,4884,4925.13772494087,0.991647396024572
"A3","r5",39.5,1.84469617232992,0.976876918482402,1.01919148926855,4884,4925.13772494087,0.991647396024572
"A3","r5",40,1.84150551070292,0.974513745890165,1.01588946121394,4884,4925.13772494087,0.991647396024572
"A3","r5",40.5,1.84288938134694,0.97476245447668,1.01943224709349,4884,4925.13772494087,0.991647396024572
"A3","r5",41,1.84810940732141,0.975616661337132,1.02221558136448,4884,4925.13772494087,0.991647396024572
"A3","r5",41.5,1.85157996172009,0.980494518091611,1.02304983122424,4884,4925.13772494087,0.991647396024572
"A3","r5",42,1.84832143924468,0.975755380462817,1.02343555767108,4884,4925.13772494087,0.991647396024572
"A3","r5",42.5,1.84377185927905,0.968792690172016,1.01970833758243,4884,4925.13772494087,0.991647396024572
"A3","r5",43,1.83796218116289,0.964177165917876,1.01805529559247,4884,4925.13772494087,0.991647396024572
"A3","r5",43.5,1.8290095898261,0.962127268671549,1.01530888883704,4884,4925.13772494087,0.991647396024572
"A3","r5",44,1.81955085643033,0.962087432170202,1.01681843553546,4884,4925.13772494087,0.991647396024572
"A3","r5",44.5,1.81002366751646,0.964045901221472,1.01936532669394,4884,4925.13772494087,0.991647396024572
"A3","r5",45,1.80460605892797,0.970290831033269,1.02173874082385,4884,4925.13772494087,0.991647396024572
"A3","r5",45.5,1.80437268507152,0.979011568880479,1.02448332092037,4884,4925.13772494087,0.991647396024572
"A3","r5",46,1.80870548785524,0.981987842225497,1.0271183257455,4884,4925.13772494087,0.991647396024572
"A3","r5",46.5,1.81122652301154,0.980382029196435,1.02856819730473,4884,4925.13772494087,0.991647396024572
"A3","r5",47,1.8133574682982,0.977354587690915,1.02940604123949,4884,4925.13772494087,0.991647396024572
"A3","r5",47.5,1.81128711460689,0.978082539976212,1.02687863341275,4884,4925.13772494087,0.991647396024572
"A3","r5",48,1.80564944863478,0.982797569336492,1.02267059888235,4884,4925.13772494087,0.991647396024572
"A3","r5",48.5,1.79928877450911,0.980065995691497,1.0229114278841,4884,4925.13772494087,0.991647396024572
"A3","r5",49,1.787961123107,0.978038956214288,1.02220302391191,4884,4925.13772494087,0.991647396024572
"A3","r5",49.5,1.7777934741095,0.977048198988787,1.02345975132859,4884,4925.13772494087,0.991647396024572
"A3","r5",50,1.77308760994057,0.976815564172753,1.02355084524548,4884,4925.13772494087,0.991647396024572
"A3","r5",50.5,1.77163526303722,0.978338520646695,1.02393601629028,4884,4925.13772494087,0.991647396024572
"A3","r5",51,1.76818557043658,0.980860921303583,1.02252437439718,4884,4925.13772494087,0.991647396024572
"A3","r5",51.5,1.76451998088634,0.979678367084884,1.02057293182957,4884,4925.13772494087,0.991647396024572
"A3","r5",52,1.75941542647129,0.975960368962594,1.02296104002035,4884,4925.13772494087,0.991647396024572
"A3","r5",52.5,1.75784829938728,0.979243647421642,1.02404515695348,4884,4925.13772494087,0.991647396024572
"A3","r5",53,1.75834611724537,0.980635758187852,1.02683278296565,4884,4925.13772494087,0.991647396024572
"A3","r5",53.5,1.75760306277497,0.978673082561892,1.0327515427652,4884,4925.13772494087,0.991647396024572
"A3","r5",54,1.75633849672747,0.980636001635078,1.03568377074422,4884,4925.13772494087,0.991647396024572
"A3","r5",54.5,1.75679954719575,0.981362414218005,1.03402836297049,4884,4925.13772494087,0.991647396024572
"A3","r5",55,1.75504876709674,0.980339401229401,1.02899467618399,4884,4925.13772494087,0.991647396024572
"A3","r5",55.5,1.75209834981807,0.97980004208647,1.02452362383595,4884,4925.13772494087,0.991647396024572
"A3","r5",56,1.74691653220743,0.977432069370355,1.0236640094616,4884,4925.13772494087,0.991647396024572
"A3","r5",56.5,1.73897336193405,0.975272970201552,1.01794736614484,4884,4925.13772494087,0.991647396024572
"A3","r5",57,1.73181612885684,0.975936142520658,1.0156873064689,4884,4925.13772494087,0.991647396024572
"A3","r5",57.5,1.72516130450937,0.980382301133426,1.01737463731333,4884,4925.13772494087,0.991647396024572
"A3","r5",58,1.72281730510474,0.983988699864687,1.0198120226514,4884,4925.13772494087,0.991647396024572
"A3","r5",58.5,1.7216839910953,0.981641362079521,1.02076737812557,4884,4925.13772494087,0.991647396024572
"A3","r5",59,1.72169559907578,0.982075616542947,1.02657053120201,4884,4925.13772494087,0.991647396024572
"A3","r5",59.5,1.72282081040999,0.982063480752011,1.0289511364459,4884,4925.13772494087,0.991647396024572
"A3","r5",60,1.72235387148547,0.981288559840688,1.02884038694495,4884,4925.13772494087,0.991647396024572
"A4","f1",0,2.21286491553707e-16,0.633963207230108,1.77373535474745,19421,19603.4854753537,0.990691171955968
"A4","f1",0.5,0,0.868002451113331,1.22107269610223,19421,19603.4854753537,0.990691171955968
"A4","f1",1,0.000107641712941031,0.95102618811155,1.06514128955623,19421,19603.4854753537,0.990691171955968
"A4","f1",1.5,0.0019698358004969,0.971544174597664,1.04673865893553,19421,19603.4854753537,0.990691171955968
"A4","f1",2,0.0137997561962405,0.977318766637153,1.03469587531063,19421,19603.4854753537,0.990691171955968
"A4","f1",2.5,0.0547582340853904,0.984717342188738,1.03259565967673,19421,19603.4854753537,0.990691171955968
"A4","f1",3,0.152706048320602,0.980648897950477,1.01885056133867,19421,19603.4854753537,0.990691171955968
"A4","f1",3.5,0.327741402125916,0.978049215293792,1.02009945829918,19421,19603.4854753537,0.990691171955968
"A4","f1",4,0.596326700050601,0.978346370668447,1.02308150316401,19421,19603.4854753537,0.990691171955968
"A4","f1",4.5,0.937914514051612,0.981326833065809,1.03089686737783,19421,19603.4854753537,0.990691171955968
"A4","f1",5,1.26777153045014,0.980291853378652,1.03021500121219,19421,19603.4854753537,0.990691171955968
"A4","f1",5.5,1.45692657305967,0.981416799163193,1.02511341129771,19421,19603.4854753537,0.990691171955968
"A4","f1",6,1.46064032430543,0.983109115845701,1.02297070940708,19421,19603.4854753537,0.990691171955968
"A4","f1",6.5,1.34184094483159,0.985410733337839,1.02301406647365,19421,19603.4854753537,0.990691171955968
"A4","f1",7,1.20632470081298,0.984601454678097,1.02559814027723,19421,19603.4854753537,0.990691171955968
"A4","f1",7.5,1.11058040796974,0.985499491904459,1.02141138529097,19421,19603.4854753537,0.990691171955968
"A4","f1",8,1.05943709874784,0.985196218736802,1.02082946724404,19421,19603.4854753537,0.990691171955968
"A4","f1",8.5,1.04432069157745,0.984232726924181,1.01935480502244,19421,19603.4854753537,0.990691171955968
"A4","f1",9,1.05924829177374,0.989567206804401,1.02103995559359,19421,19603.4854753537,0.990691171955968
"A4","f1",9.5,1.08823261137468,0.987294507725676,1.01938128335704,19421,19603.4854753537,0.990691171955968
"A4","f1",10,1.116955556219,0.988555494831681,1.0166668415678,19421,19603.4854753537,0.990691171955968
"A4","f1",10.5,1.13190693330948,0.98419313585003,1.02120084488135,19421,19603.4854753537,0.990691171955968
"A4","f1",11,1.12856801809673,0.98833602212262,1.01794310284893,19421,19603.4854753537,0.990691171955968
"A4","f1",11.5,1.12043013181089,0.990351585387795,1.01622104618757,19421,19603.4854753537,0.990691171955968
"A4","f1",12,1.11220601418302,0.989976309023466,1.01472744897175,19421,19603.4854753537,0.990691171955968
"A4","f1",12.5,1.10978270196962,0.987518993554932,1.01708425203483,19421,19603.4854753537,0.990691171955968
"A4","f1",13,1.10161020707185,0.987084343253897,1.01539430810986,19421,19603.4854753537,0.990691171955968
"A4","f1",13.5,1.09416863601461,0.985526286900158,1.01935840706034,19421,19603.4854753537,0.990691171955968
"A4","f1",14,1.09220065104002,0.989498835344439,1.02131005167017,19421,19603.4854753537,0.990691171955968
"A4","f1",14.5,1.09541645679359,0.990215619890852,1.01265759335632,19421,19603.4854753537,0.990691171955968
"A4","f1",15,1.09763842170308,0.991331014496664,1.01452564326557,19421,19603.4854753537,0.990691171955968
"A4","f1",15.5,1.10111719223016,0.989925813597348,1.01510993861775,19421,19603.4854753537,0.990691171955968
"A4","f1",16,1.10202738177741,0.989677556299349,1.01327794541118,19421,19603.4854753537,0.990691171955968
"A4","f1",16.5,1.10391419871963,0.992790153735566,1.0111974141312,19421,19603.4854753537,0.990691171955968
"A4","f1",17,1.10361813532751,0.99184284924774,1.0131440028922,19421,19603.4854753537,0.990691171955968
"A4","f1",17.5,1.10123754308981,0.989730521714049,1.01434754935595,19421,19603.4854753537,0.990691171955968
"A4","f1",18,1.09885172622941,0.986628506333294,1.0117163071861,19421,19603.4854753537,0.990691171955968
"A4","f1",18.5,1.09426718076754,0.989999135600154,1.01040535911489,19421,19603.4854753537,0.990691171955968
"A4","f1",19,1.0942856244072,0.986725711082952,1.01200234643992,19421,19603.4854753537,0.990691171955968
"A4","f1",19.5,1.0958970815214,0.986426711079094,1.01436348825384,19421,19603.4854753537,0.990691171955968
"A4","f1",20,1.0965490610603,0.986324704930518,1.01155434524173,19421,19603.4854753537,0.990691171955968
"A4","f1",20.5,1.09824036702683,0.986796639531873,1.01124569045836,19421,19603.4854753537,0.990691171955968
"A4","f1",21,1.09394535952716,0.98801655116001,1.00910958478928,19421,19603.4854753537,0.990691171955968
"A4","f1",21.5,1.09067989697618,0.99183814053178,1.01089766351411,19421,19603.4854753537,0.990691171955968
"A4","f1",22,1.09173588101495,0.991228615633063,1.01296644930378,19421,19603.4854753537,0.990691171955968
"A4","f1",22.5,1.09641367308714,0.991343624395241,1.01524269308667,19421,19603.4854753537,0.990691171955968
"A4","f1",23,1.09922614792954,0.993309244120532,1.01446326840494,19421,19603.4854753537,0.990691171955968
"A4","f1",23.5,1.09661077821809,0.993624216415497,1.01252452317597,19421,19603.4854753537,0.990691171955968
"A4","f1",24,1.09414671626408,0.991704977074141,1.01122556163524,19421,19603.4854753537,0.990691171955968
"A4","f1",24.5,1.09202726402547,0.992855053285141,1.01024724504661,19421,19603.4854753537,0.990691171955968
"A4","f1",25,1.09143958245982,0.993739453393729,1.01060290481564,19421,19603.4854753537,0.990691171955968
"A4","f1",25.5,1.09009369438572,0.995018226141726,1.01374533199943,19421,19603.4854753537,0.990691171955968
"A4","f1",26,1.08846031799368,0.99375646623881,1.01474612440654,19421,19603.4854753537,0.990691171955968
"A4","f1",26.5,1.0897495114528,0.992907645568052,1.01432965423425,19421,19603.4854753537,0.990691171955968
"A4","f1",27,1.08894304400319,0.990181540596341,1.01149584460613,19421,19603.4854753537,0.990691171955968
"A4","f1",27.5,1.08894585206892,0.990596035860854,1.01104306718611,19421,19603.4854753537,0.990691171955968
"A4","f1",28,1.0880754734785,0.992263978621382,1.01052744514388,19421,19603.4854753537,0.990691171955968
"A4","f1",28.5,1.08945909823307,0.993764425050903,1.0126378268315,19421,19603.4854753537,0.990691171955968
"A4","f1",29,1.09347198316993,0.995384122636517,1.01300249048147,19421,19603.4854753537,0.990691171955968
"A4","f1",29.5,1.09372507869153,0.992553413779536,1.01006815503442,19421,19603.4854753537,0.990691171955968
"A4","f1",30,1.0936752840163,0.992189498622307,1.00981633465738,19421,19603.4854753537,0.990691171955968
"A4","f1",30.5,1.09062555761869,0.992423662373708,1.00949890245154,19421,19603.4854753537,0.990691171955968
"A4","f1",31,1.08920072989868,0.990836144430033,1.00757907205057,19421,19603.4854753537,0.990691171955968
"A4","f1",31.5,1.08740826310686,0.990883213311444,1.01014867630538,19421,19603.4854753537,0.990691171955968
"A4","f1",32,1.08427461269872,0.991602768264899,1.01310861925875,19421,19603.4854753537,0.990691171955968
"A4","f1",32.5,1.08236459093063,0.990281754740577,1.01281633415351,19421,19603.4854753537,0.990691171955968
"A4","f1",33,1.08662057711644,0.990852703907012,1.01195703211473,19421,19603.4854753537,0.990691171955968
"A4","f1",33.5,1.08988068886251,0.993763661605983,1.0106851594561,19421,19603.4854753537,0.990691171955968
"A4","f1",34,1.09264143258936,0.993644624879791,1.0093043024222,19421,19603.4854753537,0.990691171955968
"A4","f1",34.5,1.09384815904505,0.99452303925721,1.00979459916343,19421,19603.4854753537,0.990691171955968
"A4","f1",35,1.09276747818546,0.993561467882872,1.01102011215859,19421,19603.4854753537,0.990691171955968
"A4","f1",35.5,1.09244269014527,0.990129295206897,1.0094961848638,19421,19603.4854753537,0.990691171955968
"A4","f1",36,1.08851292666323,0.989271644464237,1.01243108927602,19421,19603.4854753537,0.990691171955968
"A4","f1",36.5,1.08600260256036,0.993163570139309,1.01082312922613,19421,19603.4854753537,0.990691171955968
"A4","f1",37,1.0829884725513,0.995491494414439,1.00916914680255,19421,19603.4854753537,0.990691171955968
"A4","f1",37.5,1.08188003049527,0.992694923265102,1.00990063318436,19421,19603.4854753537,0.990691171955968
"A4","f1",38,1.08273546053235,0.992067702176345,1.01256093526996,19421,19603.4854753537,0.990691171955968
"A4","f1",38.5,1.08250810587464,0.994557391338868,1.01563223466961,19421,19603.4854753537,0.990691171955968
"A4","f1",39,1.08332297453845,0.995029656145809,1.01378678923832,19421,19603.4854753537,0.990691171955968
"A4","f1",39.5,1.08668023408516,0.993964515334603,1.00933723748423,19421,19603.4854753537,0.990691171955968
"A4","f1",40,1.09166433456065,0.992625021923579,1.00850771213727,19421,19603.4854753537,0.990691171955968
"A4","f1",40.5,1.09364372145313,0.99330273350259,1.00944980786786,19421,19603.4854753537,0.990691171955968
"A4","f1",41,1.09176352374203,0.994604835617107,1.01080280562225,19421,19603.4854753537,0.990691171955968
"A4","f1",41.5,1.08784433300577,0.995095281229345,1.01069907149828,19421,19603.4854753537,0.990691171955968
"A4","f1",42,1.08546159592186,0.996795281152053,1.00833347190309,19421,19603.4854753537,0.990691171955968
"A4","f1",42.5,1.08435466976814,0.996186993265,1.01160463014769,19421,19603.4854753537,0.990691171955968
"A4","f1",43,1.0828633307725,0.995267375882757,1.00967989457355,19421,19603.4854753537,0.990691171955968
"A4","f1",43.5,1.08315988436552,0.992918575866226,1.00621512882969,19421,19603.4854753537,0.990691171955968
"A4","f1",44,1.08462674240788,0.990826874169267,1.00688929219989,19421,19603.4854753537,0.990691171955968
"A4","f1",44.5,1.08389078233816,0.989909851155922,1.00848099722255,19421,19603.4854753537,0.990691171955968
"A4","f1",45,1.08326731539717,0.989879905583086,1.00892865843107,19421,19603.4854753537,0.990691171955968
"A4","f1",45.5,1.08383660652153,0.992815418249559,1.00841169479637,19421,19603.4854753537,0.990691171955968
"A4","f1",46,1.08530454712215,0.992605313335481,1.00827642633388,19421,19603.4854753537,0.990691171955968
"A4","f1",46.5,1.08471924088816,0.993521792906031,1.00812216422609,19421,19603.4854753537,0.990691171955968
"A4","f1",47,1.08142600947635,0.992910606476131,1.00812076326057,19421,19603.4854753537,0.990691171955968
"A4","f1",47.5,1.07942857542725,0.991076211324775,1.01094768871944,19421,19603.4854753537,0.990691171955968
"A4","f1",48,1.08052415465551,0.990515378274402,1.01286481437491,19421,19603.4854753537,0.990691171955968
"A4","f1",48.5,1.08418682510345,0.994975652329891,1.01090197900499,19421,19603.4854753537,0.990691171955968
"A4","f1",49,1.08461745779605,0.993910824722802,1.00861897010931,19421,19603.4854753537,0.990691171955968
"A4","f1",49.5,1.0841280187956,0.993264375568011,1.00844100198139,19421,19603.4854753537,0.990691171955968
"A4","f1",50,1.08270180357295,0.993169525330759,1.00907842696568,19421,19603.4854753537,0.990691171955968
"A4","f1",50.5,1.08291002670781,0.992144052078343,1.00974920068676,19421,19603.4854753537,0.990691171955968
"A4","f1",51,1.08536194415786,0.992767542045661,1.00809800725808,19421,19603.4854753537,0.990691171955968
"A4","f1",51.5,1.0863536573522,0.990550500611618,1.01052545827531,19421,19603.4854753537,0.990691171955968
"A4","f1",52,1.08461582699107,0.989827199732035,1.01133890878702,19421,19603.4854753537,0.990691171955968
"A4","f1",52.5,1.08221607175047,0.992386161818861,1.00952804728671,19421,19603.4854753537,0.990691171955968
"A4","f1",53,1.08108682984099,0.994144096357268,1.0080435901972,19421,19603.4854753537,0.990691171955968
"A4","f1",53.5,1.08118812387794,0.994246848704941,1.00768045093662,19421,19603.4854753537,0.990691171955968
"A4","f1",54,1.07903022839838,0.992240756058625,1.00661715667465,19421,19603.4854753537,0.990691171955968
"A4","f1",54.5,1.07796411085851,0.990817694654843,1.00655468294579,19421,19603.4854753537,0.990691171955968
"A4","f1",55,1.07993159419103,0.99235954738653,1.00774800219299,19421,19603.4854753537,0.990691171955968
"A4","f1",55.5,1.08407714654815,0.992444973449886,1.00807977758988,19421,19603.4854753537,0.990691171955968
"A4","f1",56,1.08457839379446,0.991611847636509,1.00792540669992,19421,19603.4854753537,0.990691171955968
"A4","f1",56.5,1.08025450430634,0.990711813698673,1.00552000561915,19421,19603.4854753537,0.990691171955968
"A4","f1",57,1.07694429246771,0.991461903009585,1.00612572941431,19421,19603.4854753537,0.990691171955968
"A4","f1",57.5,1.07780618969121,0.991205272149775,1.00737939724955,19421,19603.4854753537,0.990691171955968
"A4","f1",58,1.08042682095152,0.993637753061279,1.00768460326496,19421,19603.4854753537,0.990691171955968
"A4","f1",58.5,1.08056793730968,0.994650195922645,1.0074165191035,19421,19603.4854753537,0.990691171955968
"A4","f1",59,1.07905877019388,0.994415857246135,1.00638783632681,19421,19603.4854753537,0.990691171955968
"A4","f1",59.5,1.07880357634821,0.995784607817284,1.00565458351829,19421,19603.4854753537,0.990691171955968
"A4","f1",60,1.07616913086234,0.993386153211339,1.00698680088072,19421,19603.4854753537,0.990691171955968
"A4","f2",0,2.07397447295995e-16,0.6256386204353,1.73010214036009,20413,20472.5208960962,0.997092644506347
"A4","f2",0.5,0,0.881386943927057,1.15689280986321,20413,20472.5208960962,0.997092644506347
"A4","f2",1,1.31990857930451e-06,0.966523208212817,1.05296079673535,20413,20472.5208960962,0.997092644506347
"A4","f2",1.5,0.00101009499155371,0.975314742108495,1.03618325045909,20413,20472.5208960962,0.997092644506347
"A4","f2",2,0.0106621253655934,0.975122018443539,1.03135602041871,20413,20472.5208960962,0.997092644506347
"A4","f2",2.5,0.048994430872748,0.96564187395753,1.02894801283285,20413,20472.5208960962,0.997092644506347
"A4","f2",3,0.141536121493146,0.967980043441355,1.01866523888679,20413,20472.5208960962,0.997092644506347
"A4","f2",3.5,0.300047452904327,0.969413595216517,1.02647898596644,20413,20472.5208960962,0.997092644506347
"A4","f2",4,0.54433573321083,0.965087668314936,1.02097418088566,20413,20472.5208960962,0.997092644506347
"A4","f2",4.5,0.879661076372831,0.96785079922665,1.02294813502832,20413,20472.5208960962,0.997092644506347
"A4","f2",5,1.23178754184785,0.973938211658586,1.01914237005951,20413,20472.5208960962,0.997092644506347
"A4","f2",5.5,1.47866207391268,0.980450107175418,1.02186304614653,20413,20472.5208960962,0.997092644506347
"A4","f2",6,1.5359844949871,0.980922982231487,1.02317154446752,20413,20472.5208960962,0.997092644506347
"A4","f2",6.5,1.42918642131769,0.982374939316028,1.01980231695666,20413,20472.5208960962,0.997092644506347
"A4","f2",7,1.25898218097039,0.981820180486766,1.01857917041999,20413,20472.5208960962,0.997092644506347
"A4","f2",7.5,1.11165989080322,0.982346710765926,1.01638424199727,20413,20472.5208960962,0.997092644506347
"A4","f2",8,1.03078105404244,0.980874728557344,1.02233415825293,20413,20472.5208960962,0.997092644506347
"A4","f2",8.5,0.99803389676561,0.982212175377973,1.01806774287758,20413,20472.5208960962,0.997092644506347
"A4","f2",9,0.999475172660345,0.984350722269446,1.017891415711,20413,20472.5208960962,0.997092644506347
"A4","f2",9.5,1.03222985391494,0.984402687947278,1.02008268512562,20413,20472.5208960962,0.997092644506347
"A4","f2",10,1.07633177781296,0.989833469131132,1.01727512012645,20413,20472.5208960962,0.997092644506347
"A4","f2",10.5,1.11011051456984,0.991496165441379,1.01540038383388,20413,20472.5208960962,0.997092644506347
"A4","f2",11,1.12132253813118,0.988631078904368,1.01478564752011,20413,20472.5208960962,0.997092644506347
"A4","f2",11.5,1.1225198956705,0.988160064509837,1.01768532811926,20413,20472.5208960962,0.997092644506347
"A4","f2",12,1.11832760240654,0.991515843228894,1.01043823698243,20413,20472.5208960962,0.997092644506347
"A4","f2",12.5,1.11084470446611,0.990927652088597,1.01244827330681,20413,20472.5208960962,0.997092644506347
"A4","f2",13,1.09568433702559,0.9872176378032,1.01527779637084,20413,20472.5208960962,0.997092644506347
"A4","f2",13.5,1.08350373473924,0.985830546326846,1.01622711017336,20413,20472.5208960962,0.997092644506347
"A4","f2",14,1.07190749905086,0.988620543073602,1.01677294347637,20413,20472.5208960962,0.997092644506347
"A4","f2",14.5,1.06557277163976,0.990602049180657,1.01698319686024,20413,20472.5208960962,0.997092644506347
"A4","f2",15,1.06479755157653,0.990805120189688,1.01788055357635,20413,20472.5208960962,0.997092644506347
"A4","f2",15.5,1.07125330208707,0.988445542913798,1.0167482683326,20413,20472.5208960962,0.997092644506347
"A4","f2",16,1.07913686835585,0.987347797146432,1.01434220098607,20413,20472.5208960962,0.997092644506347
"A4","f2",16.5,1.08287864303297,0.991495575185544,1.01283777807876,20413,20472.5208960962,0.997092644506347
"A4","f2",17,1.08390856361882,0.992533489431837,1.0108233845665,20413,20472.5208960962,0.997092644506347
"A4","f2",17.5,1.08106023419472,0.992711653365228,1.01248411328492,20413,20472.5208960962,0.997092644506347
"A4","f2",18,1.07734358625326,0.992454070179582,1.01164634626724,20413,20472.5208960962,0.997092644506347
"A4","f2",18.5,1.07448910137958,0.993337789011467,1.0147353475255,20413,20472.5208960962,0.997092644506347
"A4","f2",19,1.07566444929786,0.993153649973965,1.01527354166608,20413,20472.5208960962,0.997092644506347
"A4","f2",19.5,1.07326683712729,0.991259194118889,1.01291903546351,20413,20472.5208960962,0.997092644506347
"A4","f2",20,1.07342865559414,0.992859690285291,1.01398057741494,20413,20472.5208960962,0.997092644506347
"A4","f2",20.5,1.07059108953239,0.993655785275827,1.01131078549223,20413,20472.5208960962,0.997092644506347
"A4","f2",21,1.07044465349638,0.995496653754835,1.01053048516868,20413,20472.5208960962,0.997092644506347
"A4","f2",21.5,1.0692796538509,0.995246820403047,1.00944572337258,20413,20472.5208960962,0.997092644506347
"A4","f2",22,1.06827625457838,0.995954796661644,1.0106788437333,20413,20472.5208960962,0.997092644506347
"A4","f2",22.5,1.06676831758719,0.995085781361065,1.00905314074896,20413,20472.5208960962,0.997092644506347
"A4","f2",23,1.06893523913921,0.98925297991912,1.01324225260536,20413,20472.5208960962,0.997092644506347
"A4","f2",23.5,1.07151839882298,0.988058942449438,1.01516712063355,20413,20472.5208960962,0.997092644506347
"A4","f2",24,1.07146595041346,0.991388218559943,1.01420573325434,20413,20472.5208960962,0.997092644506347
"A4","f2",24.5,1.06922859062339,0.992942607988269,1.01185355057438,20413,20472.5208960962,0.997092644506347
"A4","f2",25,1.06835550413527,0.993649809550037,1.01225668821846,20413,20472.5208960962,0.997092644506347
"A4","f2",25.5,1.06992565326079,0.993571299967764,1.01136133287402,20413,20472.5208960962,0.997092644506347
"A4","f2",26,1.06786369458965,0.993861809210482,1.01040427506628,20413,20472.5208960962,0.997092644506347
"A4","f2",26.5,1.0650710722398,0.992788510909995,1.01305969199255,20413,20472.5208960962,0.997092644506347
"A4","f2",27,1.06525239825858,0.993135267337237,1.01208811283834,20413,20472.5208960962,0.997092644506347
"A4","f2",27.5,1.06771673127435,0.993674566762718,1.01004132244486,20413,20472.5208960962,0.997092644506347
"A4","f2",28,1.07047676684912,0.991104391511415,1.00904010944756,20413,20472.5208960962,0.997092644506347
"A4","f2",28.5,1.06923890965977,0.992862197519583,1.01295169423976,20413,20472.5208960962,0.997092644506347
"A4","f2",29,1.06686054382605,0.990148571921876,1.01366385630137,20413,20472.5208960962,0.997092644506347
"A4","f2",29.5,1.06703107735769,0.987063818337345,1.00848257426941,20413,20472.5208960962,0.997092644506347
"A4","f2",30,1.06411345464436,0.98981989812192,1.00730373717221,20413,20472.5208960962,0.997092644506347
"A4","f2",30.5,1.06122716378163,0.993009030030693,1.00867119430726,20413,20472.5208960962,0.997092644506347
"A4","f2",31,1.05913465300346,0.994314413422339,1.01067685815498,20413,20472.5208960962,0.997092644506347
"A4","f2",31.5,1.06147862630192,0.994106773358505,1.00897681437711,20413,20472.5208960962,0.997092644506347
"A4","f2",32,1.06390852454919,0.993851112292683,1.009622302829,20413,20472.5208960962,0.997092644506347
"A4","f2",32.5,1.06443443817878,0.994035839676951,1.01138899112164,20413,20472.5208960962,0.997092644506347
"A4","f2",33,1.06770166223132,0.992968721258176,1.00979262641095,20413,20472.5208960962,0.997092644506347
"A4","f2",33.5,1.06765728126658,0.99411728467684,1.00870383505537,20413,20472.5208960962,0.997092644506347
"A4","f2",34,1.06302515345684,0.992376720882218,1.01005877126556,20413,20472.5208960962,0.997092644506347
"A4","f2",34.5,1.05782013555994,0.993416226276482,1.0136654025808,20413,20472.5208960962,0.997092644506347
"A4","f2",35,1.05760313475799,0.993747408526794,1.01210752738488,20413,20472.5208960962,0.997092644506347
"A4","f2",35.5,1.05936592135061,0.993410973631173,1.00813230077649,20413,20472.5208960962,0.997092644506347
"A4","f2",36,1.06185338030078,0.99359599447914,1.00957635504402,20413,20472.5208960962,0.997092644506347
"A4","f2",36.5,1.06302938220222,0.992562771371109,1.00924366185408,20413,20472.5208960962,0.997092644506347
"A4","f2",37,1.06346474140281,0.990671479374307,1.01213767834452,20413,20472.5208960962,0.997092644506347
"A4","f2",37.5,1.06121009523776,0.993000800386176,1.01080347820866,20413,20472.5208960962,0.997092644506347
"A4","f2",38,1.05833055009779,0.994662606374241,1.01035814809704,20413,20472.5208960962,0.997092644506347
"A4","f2",38.5,1.05718462561089,0.994954409608031,1.00809653820812,20413,20472.5208960962,0.997092644506347
"A4","f2",39,1.05689657029415,0.993553213704189,1.0061870111757,20413,20472.5208960962,0.997092644506347
"A4","f2",39.5,1.05866839325538,0.992805843527383,1.00700583414572,20413,20472.5208960962,0.997092644506347
"A4","f2",40,1.05732784965178,0.992677877431104,1.00854307674962,20413,20472.5208960962,0.997092644506347
"A4","f2",40.5,1.05475969041339,0.992902588167881,1.00997115516015,20413,20472.5208960962,0.997092644506347
"A4","f2",41,1.05413503730366,0.991848818539404,1.00961188623364,20413,20472.5208960962,0.997092644506347
"A4","f2",41.5,1.0573887625548,0.988962410038882,1.0077549297975,20413,20472.5208960962,0.997092644506347
"A4","f2",42,1.05980791091811,0.990716927109268,1.01001773372299,20413,20472.5208960962,0.997092644506347
"A4","f2",42.5,1.06173172882534,0.989630699904151,1.0116381427716,20413,20472.5208960962,0.997092644506347
"A4","f2",43,1.06003710105242,0.993067067737347,1.00984214527546,20413,20472.5208960962,0.997092644506347
"A4","f2",43.5,1.05626351021562,0.991491364772841,1.00901477877862,20413,20472.5208960962,0.997092644506347
"A4","f2",44,1.05087747885583,0.99372698497009,1.00699889608678,20413,20472.5208960962,0.997092644506347
"A4","f2",44.5,1.05087619136277,0.994138873083795,1.00942716382989,20413,20472.5208960962,0.997092644506347
"A4","f2",45,1.05433614591008,0.995871625206098,1.00750124954112,20413,20472.5208960962,0.997092644506347
"A4","f2",45.5,1.05571682212292,0.993518324198603,1.00714282643127,20413,20472.5208960962,0.997092644506347
"A4","f2",46,1.05500767541572,0.993753418842327,1.00793686233229,20413,20472.5208960962,0.997092644506347
"A4","f2",46.5,1.0536377295956,0.993775434898321,1.00876017589703,20413,20472.5208960962,0.997092644506347
"A4","f2",47,1.05616836284449,0.992213222162753,1.00962171507794,20413,20472.5208960962,0.997092644506347
"A4","f2",47.5,1.05808922067434,0.994868844107816,1.01104943833605,20413,20472.5208960962,0.997092644506347
"A4","f2",48,1.05643227009879,0.994171740910089,1.00870907255324,20413,20472.5208960962,0.997092644506347
"A4","f2",48.5,1.05273785730788,0.994847389281725,1.00655852365762,20413,20472.5208960962,0.997092644506347
"A4","f2",49,1.05281203648748,0.99441492825113,1.00697529723697,20413,20472.5208960962,0.997092644506347
"A4","f2",49.5,1.05242123809662,0.993177946413469,1.00752075922732,20413,20472.5208960962,0.997092644506347
"A4","f2",50,1.05245544161103,0.994625002877908,1.00760667343783,20413,20472.5208960962,0.997092644506347
"A4","f2",50.5,1.04987276816465,0.995306814035586,1.0065251152096,20413,20472.5208960962,0.997092644506347
"A4","f2",51,1.05221851355174,0.995632691736335,1.00626275143148,20413,20472.5208960962,0.997092644506347
"A4","f2",51.5,1.05388616233116,0.995848534359648,1.00724675844365,20413,20472.5208960962,0.997092644506347
"A4","f2",52,1.05436701401353,0.994752789271132,1.00781402059242,20413,20472.5208960962,0.997092644506347
"A4","f2",52.5,1.05368846979878,0.992954672937536,1.00752770968084,20413,20472.5208960962,0.997092644506347
"A4","f2",53,1.05493974043803,0.993543016758511,1.00831989603981,20413,20472.5208960962,0.997092644506347
"A4","f2",53.5,1.05571078659135,0.993175427276524,1.00726678739942,20413,20472.5208960962,0.997092644506347
"A4","f2",54,1.05208301588713,0.993926215862344,1.0091126774666,20413,20472.5208960962,0.997092644506347
"A4","f2",54.5,1.05018155346653,0.992611050441084,1.01109015496527,20413,20472.5208960962,0.997092644506347
"A4","f2",55,1.05031026528517,0.993351430034593,1.0107231421897,20413,20472.5208960962,0.997092644506347
"A4","f2",55.5,1.05101045677482,0.992956480342535,1.01019323579699,20413,20472.5208960962,0.997092644506347
"A4","f2",56,1.04945557786518,0.99472561222463,1.00880331624751,20413,20472.5208960962,0.997092644506347
"A4","f2",56.5,1.04860832721013,0.994168879393722,1.00821319881739,20413,20472.5208960962,0.997092644506347
"A4","f2",57,1.05037568857955,0.994178729360608,1.00739258794562,20413,20472.5208960962,0.997092644506347
"A4","f2",57.5,1.05117312694933,0.99328178426301,1.00713244683347,20413,20472.5208960962,0.997092644506347
"A4","f2",58,1.0500845684398,0.994382078943569,1.00732294937101,20413,20472.5208960962,0.997092644506347
"A4","f2",58.5,1.04678974934999,0.994362745183303,1.00867748929078,20413,20472.5208960962,0.997092644506347
"A4","f2",59,1.04596664410065,0.993920414199042,1.00807829639962,20413,20472.5208960962,0.997092644506347
"A4","f2",59.5,1.04848400415638,0.991963004411979,1.00954606104353,20413,20472.5208960962,0.997092644506347
"A4","f2",60,1.05143260594084,0.989722492560986,1.00683705061292,20413,20472.5208960962,0.997092644506347
"A4","p1",0,5.45641859534555e-16,0.63690967104255,2.28078138935103,25529,25548.5275589077,0.999235667931835
"A4","p1",0.5,0,0.881296945715924,1.22089569313869,25529,25548.5275589077,0.999235667931835
"A4","p1",1,2.02943767328479e-06,0.969118795078594,1.04060966406043,25529,25548.5275589077,0.999235667931835
"A4","p1",1.5,0.00103588082607521,0.965811150372079,1.0225135792137,25529,25548.5275589077,0.999235667931835
"A4","p1",2,0.00952813706206787,0.97448462685064,1.02391234857323,25529,25548.5275589077,0.999235667931835
"A4","p1",2.5,0.0400527141600014,0.966456436055657,1.02903320859806,25529,25548.5275589077,0.999235667931835
"A4","p1",3,0.129041794002406,0.978814116933811,1.03650245244557,25529,25548.5275589077,0.999235667931835
"A4","p1",3.5,0.29074582299385,0.985744512528585,1.02529530617245,25529,25548.5275589077,0.999235667931835
"A4","p1",4,0.54181731180893,0.987753373782056,1.01952263017507,25529,25548.5275589077,0.999235667931835
"A4","p1",4.5,0.90961344429301,0.982785510534761,1.0205616157782,25529,25548.5275589077,0.999235667931835
"A4","p1",5,1.30639600710696,0.988112209008201,1.01297095519722,25529,25548.5275589077,0.999235667931835
"A4","p1",5.5,1.53799926295626,0.984459763408002,1.01974976799673,25529,25548.5275589077,0.999235667931835
"A4","p1",6,1.50427854703747,0.982820104919711,1.01466052702876,25529,25548.5275589077,0.999235667931835
"A4","p1",6.5,1.30914131120228,0.984661934640603,1.01598830124421,25529,25548.5275589077,0.999235667931835
"A4","p1",7,1.09783524798738,0.983055683147892,1.01434947056925,25529,25548.5275589077,0.999235667931835
"A4","p1",7.5,0.95191933327309,0.983944394031924,1.01458714001664,25529,25548.5275589077,0.999235667931835
"A4","p1",8,0.879616983092761,0.988921476186041,1.01481297586602,25529,25548.5275589077,0.999235667931835
"A4","p1",8.5,0.871584113963729,0.991492841776764,1.01618617545758,25529,25548.5275589077,0.999235667931835
"A4","p1",9,0.911080960377568,0.992917143909632,1.01555386555333,25529,25548.5275589077,0.999235667931835
"A4","p1",9.5,0.97511924892519,0.99145747295363,1.01819222618806,25529,25548.5275589077,0.999235667931835
"A4","p1",10,1.03028767388598,0.99020116389351,1.01799240814262,25529,25548.5275589077,0.999235667931835
"A4","p1",10.5,1.06579452948751,0.984320002759458,1.01091608578089,25529,25548.5275589077,0.999235667931835
"A4","p1",11,1.08198304393536,0.985048444989804,1.0107022049665,25529,25548.5275589077,0.999235667931835
"A4","p1",11.5,1.08371172845004,0.990390492911743,1.01435153006755,25529,25548.5275589077,0.999235667931835
"A4","p1",12,1.06704411038467,0.988455780390923,1.01097615373997,25529,25548.5275589077,0.999235667931835
"A4","p1",12.5,1.03772043327871,0.992341545952524,1.00956314243033,25529,25548.5275589077,0.999235667931835
"A4","p1",13,1.01112970791984,0.990936622878626,1.0133436789754,25529,25548.5275589077,0.999235667931835
"A4","p1",13.5,0.998466987441093,0.989442496687305,1.01622606222143,25529,25548.5275589077,0.999235667931835
"A4","p1",14,0.998979961379558,0.99086639706821,1.0108824305707,25529,25548.5275589077,0.999235667931835
"A4","p1",14.5,1.00613111586477,0.990784423140173,1.00739988717598,25529,25548.5275589077,0.999235667931835
"A4","p1",15,1.01042405986245,0.992682425649115,1.0101097022862,25529,25548.5275589077,0.999235667931835
"A4","p1",15.5,1.01433795152718,0.992463468121626,1.01399280228021,25529,25548.5275589077,0.999235667931835
"A4","p1",16,1.01887258525456,0.99417533287046,1.01348284205547,25529,25548.5275589077,0.999235667931835
"A4","p1",16.5,1.02543137655846,0.99642696681112,1.01031781784991,25529,25548.5275589077,0.999235667931835
"A4","p1",17,1.02861171918379,0.99276523818776,1.01310913500653,25529,25548.5275589077,0.999235667931835
"A4","p1",17.5,1.02905788458174,0.993440111074186,1.01210462307498,25529,25548.5275589077,0.999235667931835
"A4","p1",18,1.02580284034676,0.993186484895113,1.01287419179863,25529,25548.5275589077,0.999235667931835
"A4","p1",18.5,1.02265960452171,0.995051035039991,1.00997384903716,25529,25548.5275589077,0.999235667931835
"A4","p1",19,1.01907468281793,0.991474560918648,1.00770959208213,25529,25548.5275589077,0.999235667931835
"A4","p1",19.5,1.01609815106814,0.989509909845125,1.00961428789011,25529,25548.5275589077,0.999235667931835
"A4","p1",20,1.01285918049967,0.994598953784749,1.0084468583777,25529,25548.5275589077,0.999235667931835
"A4","p1",20.5,1.01304463688179,0.992176922607505,1.01009375953758,25529,25548.5275589077,0.999235667931835
"A4","p1",21,1.01332287679931,0.990660992144361,1.00877279490688,25529,25548.5275589077,0.999235667931835
"A4","p1",21.5,1.0189461829316,0.993990204507501,1.00952054874626,25529,25548.5275589077,0.999235667931835
"A4","p1",22,1.02115183363765,0.994662217441923,1.00923691802081,25529,25548.5275589077,0.999235667931835
"A4","p1",22.5,1.01742367361295,0.991752603497887,1.00908811123233,25529,25548.5275589077,0.999235667931835
"A4","p1",23,1.01216033442572,0.994282791803996,1.00774586761818,25529,25548.5275589077,0.999235667931835
"A4","p1",23.5,1.01282247913218,0.997201720199036,1.00945724513995,25529,25548.5275589077,0.999235667931835
"A4","p1",24,1.0177493577632,0.993961763651891,1.00968630198678,25529,25548.5275589077,0.999235667931835
"A4","p1",24.5,1.02112282375516,0.992176175780395,1.0129896610607,25529,25548.5275589077,0.999235667931835
"A4","p1",25,1.02046480370254,0.993146810490595,1.00962334947077,25529,25548.5275589077,0.999235667931835
"A4","p1",25.5,1.01613491981195,0.994479495321863,1.01204031328698,25529,25548.5275589077,0.999235667931835
"A4","p1",26,1.01422016593144,0.991728163011236,1.0083406138361,25529,25548.5275589077,0.999235667931835
"A4","p1",26.5,1.01162148933086,0.991843695431868,1.00838921967782,25529,25548.5275589077,0.999235667931835
"A4","p1",27,1.01159047106419,0.990113065404453,1.00981634933307,25529,25548.5275589077,0.999235667931835
"A4","p1",27.5,1.01399928081415,0.987993101215849,1.00665931325616,25529,25548.5275589077,0.999235667931835
"A4","p1",28,1.01815397053061,0.991618742362295,1.006992873937,25529,25548.5275589077,0.999235667931835
"A4","p1",28.5,1.01954479405974,0.994376292049099,1.00851446837022,25529,25548.5275589077,0.999235667931835
"A4","p1",29,1.01669957446298,0.99552675305487,1.00679125155209,25529,25548.5275589077,0.999235667931835
"A4","p1",29.5,1.01406018171769,0.997152675630446,1.00774787736045,25529,25548.5275589077,0.999235667931835
"A4","p1",30,1.01432470844658,0.995944279685544,1.00790057360748,25529,25548.5275589077,0.999235667931835
"A4","p1",30.5,1.01633631794525,0.993115630941909,1.01293723974285,25529,25548.5275589077,0.999235667931835
"A4","p1",31,1.01773558277963,0.992338207350176,1.01506312126946,25529,25548.5275589077,0.999235667931835
"A4","p1",31.5,1.01906712632932,0.993032209770437,1.01302492855196,25529,25548.5275589077,0.999235667931835
"A4","p1",32,1.01822987784036,0.991621032788991,1.01082585981951,25529,25548.5275589077,0.999235667931835
"A4","p1",32.5,1.01518290977723,0.99247598429203,1.00817811865414,25529,25548.5275589077,0.999235667931835
"A4","p1",33,1.01574799297372,0.995795523836443,1.00811867912033,25529,25548.5275589077,0.999235667931835
"A4","p1",33.5,1.01391398912569,0.995534466671266,1.00840387518368,25529,25548.5275589077,0.999235667931835
"A4","p1",34,1.01199572861844,0.994369806219787,1.00737210543737,25529,25548.5275589077,0.999235667931835
"A4","p1",34.5,1.01362101270071,0.994148873307934,1.00799191622494,25529,25548.5275589077,0.999235667931835
"A4","p1",35,1.01537340193436,0.994752267245032,1.00943021403769,25529,25548.5275589077,0.999235667931835
"A4","p1",35.5,1.01342227901223,0.994908761374041,1.01118607172821,25529,25548.5275589077,0.999235667931835
"A4","p1",36,1.01359174323444,0.994216234593673,1.00904514521319,25529,25548.5275589077,0.999235667931835
"A4","p1",36.5,1.0166054968304,0.994885337048411,1.00823596118947,25529,25548.5275589077,0.999235667931835
"A4","p1",37,1.02105812230023,0.996611057052169,1.00879976490298,25529,25548.5275589077,0.999235667931835
"A4","p1",37.5,1.02245171275307,0.994674279675822,1.00859114497662,25529,25548.5275589077,0.999235667931835
"A4","p1",38,1.02017262332547,0.993864761068225,1.00703268286732,25529,25548.5275589077,0.999235667931835
"A4","p1",38.5,1.01490960290521,0.993727977757249,1.00612719382847,25529,25548.5275589077,0.999235667931835
"A4","p1",39,1.01343201980442,0.992488793571657,1.00765108568093,25529,25548.5275589077,0.999235667931835
"A4","p1",39.5,1.01300131411654,0.99481925928828,1.00880339105055,25529,25548.5275589077,0.999235667931835
"A4","p1",40,1.01390208612563,0.994127390366702,1.00752640201369,25529,25548.5275589077,0.999235667931835
"A4","p1",40.5,1.01292277863507,0.994925447548086,1.00654219985297,25529,25548.5275589077,0.999235667931835
"A4","p1",41,1.01401836944814,0.99235799815745,1.0066127064683,25529,25548.5275589077,0.999235667931835
"A4","p1",41.5,1.01572063461599,0.995785257954382,1.00972001322222,25529,25548.5275589077,0.999235667931835
"A4","p1",42,1.01824153312899,0.997036420513411,1.01005396789331,25529,25548.5275589077,0.999235667931835
"A4","p1",42.5,1.01842350838098,0.994230020783508,1.00627876253209,25529,25548.5275589077,0.999235667931835
"A4","p1",43,1.01781465884824,0.992813587259642,1.01038021872777,25529,25548.5275589077,0.999235667931835
"A4","p1",43.5,1.01470703826847,0.993785778728154,1.01011912341815,25529,25548.5275589077,0.999235667931835
"A4","p1",44,1.01356133144846,0.995555375703119,1.00602810214207,25529,25548.5275589077,0.999235667931835
"A4","p1",44.5,1.01512864590582,0.995223897854108,1.00757400404593,25529,25548.5275589077,0.999235667931835
"A4","p1",45,1.01646329154701,0.99430454388261,1.00936201816476,25529,25548.5275589077,0.999235667931835
"A4","p1",45.5,1.01530940660855,0.995029624112654,1.00697446548706,25529,25548.5275589077,0.999235667931835
"A4","p1",46,1.01569815674049,0.992863759960164,1.00750943585509,25529,25548.5275589077,0.999235667931835
"A4","p1",46.5,1.01639992340512,0.989405842008674,1.00629485557174,25529,25548.5275589077,0.999235667931835
"A4","p1",47,1.01490363667236,0.990794611536672,1.00931902132908,25529,25548.5275589077,0.999235667931835
"A4","p1",47.5,1.01537632012091,0.99523086130632,1.00857608805211,25529,25548.5275589077,0.999235667931835
"A4","p1",48,1.01583543644422,0.996519385133297,1.01029004228733,25529,25548.5275589077,0.999235667931835
"A4","p1",48.5,1.01644236344473,0.995719867900551,1.00913531162569,25529,25548.5275589077,0.999235667931835
"A4","p1",49,1.0157690093479,0.993424066682334,1.00691963605562,25529,25548.5275589077,0.999235667931835
"A4","p1",49.5,1.01518691761522,0.994132097122012,1.00678726292739,25529,25548.5275589077,0.999235667931835
"A4","p1",50,1.01417950643232,0.994838592096848,1.00660127978342,25529,25548.5275589077,0.999235667931835
"A4","p1",50.5,1.0146264083849,0.995083574748831,1.00854886578168,25529,25548.5275589077,0.999235667931835
"A4","p1",51,1.01599906786001,0.994814166977812,1.00754765384819,25529,25548.5275589077,0.999235667931835
"A4","p1",51.5,1.01535528908669,0.993791881026718,1.00853298921364,25529,25548.5275589077,0.999235667931835
"A4","p1",52,1.01276624193346,0.996393967587829,1.00878924582963,25529,25548.5275589077,0.999235667931835
"A4","p1",52.5,1.01083911204627,0.995893541318168,1.00827448724601,25529,25548.5275589077,0.999235667931835
"A4","p1",53,1.01163500632094,0.995914333754706,1.00868895703022,25529,25548.5275589077,0.999235667931835
"A4","p1",53.5,1.01554281124854,0.997041053487768,1.00819368012371,25529,25548.5275589077,0.999235667931835
"A4","p1",54,1.01745179562007,0.99598660892327,1.00964386064651,25529,25548.5275589077,0.999235667931835
"A4","p1",54.5,1.01841226566352,0.995485028258172,1.01014411298311,25529,25548.5275589077,0.999235667931835
"A4","p1",55,1.01622658505077,0.995075381544751,1.00930235653782,25529,25548.5275589077,0.999235667931835
"A4","p1",55.5,1.0143536178575,0.994293105658843,1.00986007138284,25529,25548.5275589077,0.999235667931835
"A4","p1",56,1.01421907020435,0.993711127656042,1.00947438480953,25529,25548.5275589077,0.999235667931835
"A4","p1",56.5,1.01573994829328,0.996360198873865,1.00928597386876,25529,25548.5275589077,0.999235667931835
"A4","p1",57,1.01567296977316,0.995663311623051,1.00907756723583,25529,25548.5275589077,0.999235667931835
"A4","p1",57.5,1.01326696176492,0.995082438648995,1.00991903951256,25529,25548.5275589077,0.999235667931835
"A4","p1",58,1.01116558544333,0.994684283765863,1.00907665372429,25529,25548.5275589077,0.999235667931835
"A4","p1",58.5,1.01095098299332,0.994781095935602,1.00803558106989,25529,25548.5275589077,0.999235667931835
"A4","p1",59,1.0117240166096,0.994594786244296,1.00759548400765,25529,25548.5275589077,0.999235667931835
"A4","p1",59.5,1.01541340398655,0.995092292750099,1.00720951910328,25529,25548.5275589077,0.999235667931835
"A4","p1",60,1.01327743630104,0.992034671717663,1.00385082552031,25529,25548.5275589077,0.999235667931835
"A4","p2",0,2.88058470284666e-16,0.517502555861002,1.83141982462081,24254,24366.5935040258,0.995379185686864
"A4","p2",0.5,0,0.862391804012433,1.16270563623543,24254,24366.5935040258,0.995379185686864
"A4","p2",1,3.4963176275197e-05,0.951885244974706,1.05532848895309,24254,24366.5935040258,0.995379185686864
"A4","p2",1.5,0.00121302700092103,0.975308983562824,1.0345463600293,24254,24366.5935040258,0.995379185686864
"A4","p2",2,0.0118030027135414,0.969439270164045,1.0339587063271,24254,24366.5935040258,0.995379185686864
"A4","p2",2.5,0.054896648887704,0.975389494665843,1.0415530001798,24254,24366.5935040258,0.995379185686864
"A4","p2",3,0.159343667357536,0.983823913317153,1.03880556006031,24254,24366.5935040258,0.995379185686864
"A4","p2",3.5,0.338983755586351,0.979882868192297,1.02976216407707,24254,24366.5935040258,0.995379185686864
"A4","p2",4,0.60753591456613,0.980712394740461,1.0182945541321,24254,24366.5935040258,0.995379185686864
"A4","p2",4.5,0.971818338972582,0.977926908337258,1.01661483925357,24254,24366.5935040258,0.995379185686864
"A4","p2",5,1.32611490031394,0.987256508147101,1.01883540190933,24254,24366.5935040258,0.995379185686864
"A4","p2",5.5,1.51786894975085,0.982646270635762,1.02345779197557,24254,24366.5935040258,0.995379185686864
"A4","p2",6,1.48044730811053,0.98926355158142,1.01843339029434,24254,24366.5935040258,0.995379185686864
"A4","p2",6.5,1.30309336292935,0.986424659399781,1.0189469101471,24254,24366.5935040258,0.995379185686864
"A4","p2",7,1.11145722973423,0.98368756916451,1.0169478121677,24254,24366.5935040258,0.995379185686864
"A4","p2",7.5,0.984532709985073,0.983259839753465,1.01653982091377,24254,24366.5935040258,0.995379185686864
"A4","p2",8,0.933830384169469,0.986253651913516,1.01873338738379,24254,24366.5935040258,0.995379185686864
"A4","p2",8.5,0.929786152819324,0.982344555265331,1.02021435107516,24254,24366.5935040258,0.995379185686864
"A4","p2",9,0.959163833089172,0.978769627085987,1.01520433515126,24254,24366.5935040258,0.995379185686864
"A4","p2",9.5,1.01047650364171,0.984125268200254,1.01560463202899,24254,24366.5935040258,0.995379185686864
"A4","p2",10,1.06563821361223,0.98769287424334,1.01312148105013,24254,24366.5935040258,0.995379185686864
"A4","p2",10.5,1.09666821511975,0.987686865363134,1.00889437055578,24254,24366.5935040258,0.995379185686864
"A4","p2",11,1.09724229987181,0.990620742805932,1.00992788566239,24254,24366.5935040258,0.995379185686864
"A4","p2",11.5,1.07915068888369,0.989515450150627,1.01004127071588,24254,24366.5935040258,0.995379185686864
"A4","p2",12,1.05985129933579,0.990483488426298,1.00962918372314,24254,24366.5935040258,0.995379185686864
"A4","p2",12.5,1.04549738707419,0.987534303531573,1.00793006894429,24254,24366.5935040258,0.995379185686864
"A4","p2",13,1.03738115138552,0.987557284083785,1.00816161772129,24254,24366.5935040258,0.995379185686864
"A4","p2",13.5,1.03539202397994,0.988450342066157,1.01075230122961,24254,24366.5935040258,0.995379185686864
"A4","p2",14,1.03363515239262,0.992585869248571,1.00873757529212,24254,24366.5935040258,0.995379185686864
"A4","p2",14.5,1.03300803063525,0.990256673432032,1.01245417328872,24254,24366.5935040258,0.995379185686864
"A4","p2",15,1.03458173469249,0.989198847224235,1.01324143222407,24254,24366.5935040258,0.995379185686864
"A4","p2",15.5,1.04116956147023,0.99143699968664,1.01263981429651,24254,24366.5935040258,0.995379185686864
"A4","p2",16,1.04656528889691,0.992306791927324,1.009356298285,24254,24366.5935040258,0.995379185686864
"A4","p2",16.5,1.04885197921339,0.989785092596721,1.00923252981995,24254,24366.5935040258,0.995379185686864
"A4","p2",17,1.04780573734449,0.986195153287592,1.00898143122939,24254,24366.5935040258,0.995379185686864
"A4","p2",17.5,1.04507502979559,0.991696141456986,1.00887048620134,24254,24366.5935040258,0.995379185686864
"A4","p2",18,1.03838581834711,0.991071003298978,1.00630654171474,24254,24366.5935040258,0.995379185686864
"A4","p2",18.5,1.03302900232477,0.991584693118016,1.01048415484905,24254,24366.5935040258,0.995379185686864
"A4","p2",19,1.03382832745623,0.989441064034662,1.01514995133913,24254,24366.5935040258,0.995379185686864
"A4","p2",19.5,1.03581521577886,0.992097327062909,1.01547022431422,24254,24366.5935040258,0.995379185686864
"A4","p2",20,1.03422211662931,0.995856380205912,1.00989147856686,24254,24366.5935040258,0.995379185686864
"A4","p2",20.5,1.03406838017445,0.994352941639113,1.01192654044004,24254,24366.5935040258,0.995379185686864
"A4","p2",21,1.0375470806021,0.993501667845107,1.01043762400751,24254,24366.5935040258,0.995379185686864
"A4","p2",21.5,1.0405574250451,0.993206065916622,1.01046309983408,24254,24366.5935040258,0.995379185686864
"A4","p2",22,1.04311936937742,0.993675798737506,1.0089962406499,24254,24366.5935040258,0.995379185686864
"A4","p2",22.5,1.04191746837522,0.991741170165701,1.00790123041454,24254,24366.5935040258,0.995379185686864
"A4","p2",23,1.03680055605309,0.994904750441262,1.0126308414306,24254,24366.5935040258,0.995379185686864
"A4","p2",23.5,1.03140939997131,0.991789916098986,1.01069150453331,24254,24366.5935040258,0.995379185686864
"A4","p2",24,1.03267967047835,0.990834219010958,1.00885739279521,24254,24366.5935040258,0.995379185686864
"A4","p2",24.5,1.03507515558055,0.99370520995598,1.00718819678719,24254,24366.5935040258,0.995379185686864
"A4","p2",25,1.0404098429223,0.992567243012927,1.0085012053967,24254,24366.5935040258,0.995379185686864
"A4","p2",25.5,1.04100872860191,0.993624141863828,1.01049372798477,24254,24366.5935040258,0.995379185686864
"A4","p2",26,1.03932430756665,0.991020666775068,1.01400469810249,24254,24366.5935040258,0.995379185686864
"A4","p2",26.5,1.03343287635494,0.991858558689195,1.01078653988679,24254,24366.5935040258,0.995379185686864
"A4","p2",27,1.03202938698613,0.993129210069568,1.00957079596823,24254,24366.5935040258,0.995379185686864
"A4","p2",27.5,1.03127761889487,0.99104870248409,1.00706508900212,24254,24366.5935040258,0.995379185686864
"A4","p2",28,1.03264568532583,0.993460293120902,1.00761542645531,24254,24366.5935040258,0.995379185686864
"A4","p2",28.5,1.03303490190261,0.99332796417564,1.00884767493823,24254,24366.5935040258,0.995379185686864
"A4","p2",29,1.03339159324964,0.995083660813113,1.00837228495438,24254,24366.5935040258,0.995379185686864
"A4","p2",29.5,1.03409964816635,0.991546409220689,1.00855193499219,24254,24366.5935040258,0.995379185686864
"A4","p2",30,1.03537085145173,0.991587001295875,1.00784164070744,24254,24366.5935040258,0.995379185686864
"A4","p2",30.5,1.03763146016302,0.993323340517273,1.00807210626197,24254,24366.5935040258,0.995379185686864
"A4","p2",31,1.03783409737998,0.990915683545693,1.00814123152897,24254,24366.5935040258,0.995379185686864
"A4","p2",31.5,1.03572284873718,0.990974924967052,1.00620522999488,24254,24366.5935040258,0.995379185686864
"A4","p2",32,1.03247314012498,0.991911462698287,1.0073104525301,24254,24366.5935040258,0.995379185686864
"A4","p2",32.5,1.03109429577738,0.991853415433583,1.00706460810166,24254,24366.5935040258,0.995379185686864
"A4","p2",33,1.03230427813248,0.992575513230739,1.00811231346656,24254,24366.5935040258,0.995379185686864
"A4","p2",33.5,1.03451122579431,0.994423963783717,1.0104769095168,24254,24366.5935040258,0.995379185686864
"A4","p2",34,1.03295967745594,0.992539451331495,1.00860146323867,24254,24366.5935040258,0.995379185686864
"A4","p2",34.5,1.0327805348284,0.992594816834485,1.00907025511808,24254,24366.5935040258,0.995379185686864
"A4","p2",35,1.03342151311659,0.9909867061718,1.00710202485988,24254,24366.5935040258,0.995379185686864
"A4","p2",35.5,1.03418041549232,0.989085448426081,1.00838491561136,24254,24366.5935040258,0.995379185686864
"A4","p2",36,1.03150287263024,0.990025115887522,1.00778313100929,24254,24366.5935040258,0.995379185686864
"A4","p2",36.5,1.03236693642769,0.990905444219221,1.00584411257648,24254,24366.5935040258,0.995379185686864
"A4","p2",37,1.03404258624739,0.994079446029035,1.00450493073247,24254,24366.5935040258,0.995379185686864
"A4","p2",37.5,1.03341461647871,0.994422820474365,1.00692093159705,24254,24366.5935040258,0.995379185686864
"A4","p2",38,1.03275736674684,0.994058911203534,1.00927059599763,24254,24366.5935040258,0.995379185686864
"A4","p2",38.5,1.03281704627259,0.994982090721928,1.0096604229311,24254,24366.5935040258,0.995379185686864
"A4","p2",39,1.03385355323328,0.993979078144465,1.0080298295221,24254,24366.5935040258,0.995379185686864
"A4","p2",39.5,1.03338168277859,0.992581316938608,1.00755589187685,24254,24366.5935040258,0.995379185686864
"A4","p2",40,1.0334509343786,0.993334017439545,1.00883434259296,24254,24366.5935040258,0.995379185686864
"A4","p2",40.5,1.03306142121214,0.991768315474017,1.00696760652489,24254,24366.5935040258,0.995379185686864
"A4","p2",41,1.03112649138339,0.991761504510452,1.00575410832779,24254,24366.5935040258,0.995379185686864
"A4","p2",41.5,1.02719247512994,0.992240847433276,1.00691915250662,24254,24366.5935040258,0.995379185686864
"A4","p2",42,1.02661199298571,0.9935158030425,1.00782186452745,24254,24366.5935040258,0.995379185686864
"A4","p2",42.5,1.03139608141729,0.994615105359397,1.0084204483112,24254,24366.5935040258,0.995379185686864
"A4","p2",43,1.03548428495524,0.992523002267741,1.00871336698855,24254,24366.5935040258,0.995379185686864
"A4","p2",43.5,1.03465067849447,0.992024384062271,1.00652910646742,24254,24366.5935040258,0.995379185686864
"A4","p2",44,1.03124959841444,0.994094934258367,1.00836957629658,24254,24366.5935040258,0.995379185686864
"A4","p2",44.5,1.02971652979534,0.991975063342807,1.00656229507945,24254,24366.5935040258,0.995379185686864
"A4","p2",45,1.03016069239038,0.990869897970069,1.00809841454146,24254,24366.5935040258,0.995379185686864
"A4","p2",45.5,1.03109448727935,0.993756732452106,1.00787969046421,24254,24366.5935040258,0.995379185686864
"A4","p2",46,1.03095922930635,0.995344114265111,1.01020469834267,24254,24366.5935040258,0.995379185686864
"A4","p2",46.5,1.02952803951072,0.993845418660887,1.01160253173261,24254,24366.5935040258,0.995379185686864
"A4","p2",47,1.03176103360084,0.994172000074408,1.01013559014172,24254,24366.5935040258,0.995379185686864
"A4","p2",47.5,1.03229848630776,0.992803854748462,1.00962572079677,24254,24366.5935040258,0.995379185686864
"A4","p2",48,1.02938928011444,0.994023846072784,1.01046127594616,24254,24366.5935040258,0.995379185686864
"A4","p2",48.5,1.02545031767718,0.994706980254455,1.00667360791331,24254,24366.5935040258,0.995379185686864
"A4","p2",49,1.02776965341534,0.995279510342389,1.00786871358443,24254,24366.5935040258,0.995379185686864
"A4","p2",49.5,1.03194632770915,0.994881102468485,1.00873209971607,24254,24366.5935040258,0.995379185686864
"A4","p2",50,1.03288540865647,0.993878308681292,1.00828039611817,24254,24366.5935040258,0.995379185686864
"A4","p2",50.5,1.02976135334529,0.992757740297615,1.00832184849357,24254,24366.5935040258,0.995379185686864
"A4","p2",51,1.02927922816502,0.99455767504454,1.00630960624,24254,24366.5935040258,0.995379185686864
"A4","p2",51.5,1.030860274298,0.995016303045764,1.0075623174963,24254,24366.5935040258,0.995379185686864
"A4","p2",52,1.03196225912917,0.99586813602863,1.00658250949707,24254,24366.5935040258,0.995379185686864
"A4","p2",52.5,1.03026633418399,0.994405786728989,1.00677332258812,24254,24366.5935040258,0.995379185686864
"A4","p2",53,1.02978523032266,0.99511486774934,1.00765939033085,24254,24366.5935040258,0.995379185686864
"A4","p2",53.5,1.02967335059235,0.993408439843059,1.00686265019276,24254,24366.5935040258,0.995379185686864
"A4","p2",54,1.02981330441896,0.991007553554031,1.00665326756768,24254,24366.5935040258,0.995379185686864
"A4","p2",54.5,1.03035724180958,0.993301193364533,1.00652502153688,24254,24366.5935040258,0.995379185686864
"A4","p2",55,1.03104166663527,0.994746925400229,1.00681431884451,24254,24366.5935040258,0.995379185686864
"A4","p2",55.5,1.03073390301398,0.994737671298618,1.00913936898556,24254,24366.5935040258,0.995379185686864
"A4","p2",56,1.02974991544464,0.992933945753274,1.01154360753799,24254,24366.5935040258,0.995379185686864
"A4","p2",56.5,1.02928895311956,0.991591666608251,1.0091487986705,24254,24366.5935040258,0.995379185686864
"A4","p2",57,1.02869573174084,0.994460990216771,1.00839678104124,24254,24366.5935040258,0.995379185686864
"A4","p2",57.5,1.02822110531428,0.995623553309499,1.00744088539284,24254,24366.5935040258,0.995379185686864
"A4","p2",58,1.02901365057146,0.99631475744117,1.00929668948031,24254,24366.5935040258,0.995379185686864
"A4","p2",58.5,1.02921537272767,0.995995750468568,1.00914491369344,24254,24366.5935040258,0.995379185686864
"A4","p2",59,1.02750378851176,0.99611570551101,1.0087713940646,24254,24366.5935040258,0.995379185686864
"A4","p2",59.5,1.02813878569329,0.99569431709062,1.00882638779043,24254,24366.5935040258,0.995379185686864
"A4","p2",60,1.0291705376239,0.992550370679038,1.00766383617338,24254,24366.5935040258,0.995379185686864
"A4","p3",0,3.04208382797005e-16,0.66669657124177,2.88631562253362,25156,25150.9600382618,1.00020038844364
"A4","p3",0.5,0,0.909568406183561,1.28161077692553,25156,25150.9600382618,1.00020038844364
"A4","p3",1,0,0.97343993617566,1.05995386801578,25156,25150.9600382618,1.00020038844364
"A4","p3",1.5,0.000600126577256247,0.976604767453933,1.05273156655864,25156,25150.9600382618,1.00020038844364
"A4","p3",2,0.0086227713036852,0.97573859173961,1.02014561880146,25156,25150.9600382618,1.00020038844364
"A4","p3",2.5,0.0445026443429377,0.978103100986327,1.01139594906406,25156,25150.9600382618,1.00020038844364
"A4","p3",3,0.134249264323877,0.976966017089997,1.0183189891588,25156,25150.9600382618,1.00020038844364
"A4","p3",3.5,0.287404022147027,0.982587398765634,1.02291564755209,25156,25150.9600382618,1.00020038844364
"A4","p3",4,0.532944011515532,0.987668278104429,1.02284084635498,25156,25150.9600382618,1.00020038844364
"A4","p3",4.5,0.897588628479461,0.99006785880105,1.02032903721067,25156,25150.9600382618,1.00020038844364
"A4","p3",5,1.29664096561777,0.984308973081899,1.01624664039657,25156,25150.9600382618,1.00020038844364
"A4","p3",5.5,1.54317006682001,0.986884176149824,1.01155453482567,25156,25150.9600382618,1.00020038844364
"A4","p3",6,1.52588114826806,0.98721338667926,1.0185500043872,25156,25150.9600382618,1.00020038844364
"A4","p3",6.5,1.32610929408541,0.985062780462691,1.01890033168822,25156,25150.9600382618,1.00020038844364
"A4","p3",7,1.10345383733869,0.983542119700921,1.01780338327047,25156,25150.9600382618,1.00020038844364
"A4","p3",7.5,0.95534742616943,0.98884370609406,1.0186012551758,25156,25150.9600382618,1.00020038844364
"A4","p3",8,0.88786339547754,0.99484454098679,1.01234785257708,25156,25150.9600382618,1.00020038844364
"A4","p3",8.5,0.877565967835687,0.987427821339421,1.0135526325213,25156,25150.9600382618,1.00020038844364
"A4","p3",9,0.910756967859899,0.988718111818972,1.01285362549367,25156,25150.9600382618,1.00020038844364
"A4","p3",9.5,0.974646444280242,0.988344031499615,1.01477077017668,25156,25150.9600382618,1.00020038844364
"A4","p3",10,1.03920989883285,0.984861260613879,1.01575368636732,25156,25150.9600382618,1.00020038844364
"A4","p3",10.5,1.0766252694214,0.984246750290096,1.0131497526552,25156,25150.9600382618,1.00020038844364
"A4","p3",11,1.08306330709541,0.990815488588996,1.01102844478112,25156,25150.9600382618,1.00020038844364
"A4","p3",11.5,1.07207844573885,0.991256453410571,1.01380312887033,25156,25150.9600382618,1.00020038844364
"A4","p3",12,1.0493427932444,0.990417678843654,1.01309163346641,25156,25150.9600382618,1.00020038844364
"A4","p3",12.5,1.02792924812747,0.992477172796971,1.01157567425483,25156,25150.9600382618,1.00020038844364
"A4","p3",13,1.01031020545858,0.993487396193063,1.01137812699482,25156,25150.9600382618,1.00020038844364
"A4","p3",13.5,1.00264902058659,0.993356623098754,1.01056653946951,25156,25150.9600382618,1.00020038844364
"A4","p3",14,1.00112260430694,0.991899231680907,1.00839316123064,25156,25150.9600382618,1.00020038844364
"A4","p3",14.5,1.00579934484602,0.992756665789944,1.00778418666526,25156,25150.9600382618,1.00020038844364
"A4","p3",15,1.00999826904892,0.992594824169296,1.00881785177199,25156,25150.9600382618,1.00020038844364
"A4","p3",15.5,1.01481174323786,0.993567192380365,1.01157078343976,25156,25150.9600382618,1.00020038844364
"A4","p3",16,1.01919458819432,0.988651982398542,1.00986513940824,25156,25150.9600382618,1.00020038844364
"A4","p3",16.5,1.02209974007939,0.98580622122673,1.01238004775347,25156,25150.9600382618,1.00020038844364
"A4","p3",17,1.02450931976912,0.990596045858081,1.01275275719984,25156,25150.9600382618,1.00020038844364
"A4","p3",17.5,1.02766781519465,0.994067790556536,1.00987658962651,25156,25150.9600382618,1.00020038844364
"A4","p3",18,1.02552871961285,0.988986772667964,1.00821345108167,25156,25150.9600382618,1.00020038844364
"A4","p3",18.5,1.01826021555622,0.98971547139976,1.00886541955089,25156,25150.9600382618,1.00020038844364
"A4","p3",19,1.01214012826089,0.993835754379659,1.00996105448471,25156,25150.9600382618,1.00020038844364
"A4","p3",19.5,1.01372165031917,0.994979984211418,1.01094764325751,25156,25150.9600382618,1.00020038844364
"A4","p3",20,1.01225047345578,0.995527058793484,1.01024419877698,25156,25150.9600382618,1.00020038844364
"A4","p3",20.5,1.00890702854524,0.990599081369282,1.01100037578408,25156,25150.9600382618,1.00020038844364
"A4","p3",21,1.01092865308978,0.993026241362557,1.00886434420587,25156,25150.9600382618,1.00020038844364
"A4","p3",21.5,1.0172230213238,0.993833557954696,1.01273508482727,25156,25150.9600382618,1.00020038844364
"A4","p3",22,1.01820154262326,0.993896735755103,1.00964784075419,25156,25150.9600382618,1.00020038844364
"A4","p3",22.5,1.01707485849024,0.992762935236668,1.00854227953742,25156,25150.9600382618,1.00020038844364
"A4","p3",23,1.01748662057076,0.99236353823524,1.00850690599304,25156,25150.9600382618,1.00020038844364
"A4","p3",23.5,1.01810532672582,0.990268276656368,1.01034647906837,25156,25150.9600382618,1.00020038844364
"A4","p3",24,1.01597908006313,0.993201464444119,1.01217675492233,25156,25150.9600382618,1.00020038844364
"A4","p3",24.5,1.01463035667188,0.991708087986679,1.00956769537988,25156,25150.9600382618,1.00020038844364
"A4","p3",25,1.01348709048003,0.99324680813228,1.01205513185779,25156,25150.9600382618,1.00020038844364
"A4","p3",25.5,1.013946091403,0.995466475715899,1.0098366952809,25156,25150.9600382618,1.00020038844364
"A4","p3",26,1.01410707076272,0.992625730605161,1.00983314367831,25156,25150.9600382618,1.00020038844364
"A4","p3",26.5,1.01426571995762,0.992671819104674,1.01005004954648,25156,25150.9600382618,1.00020038844364
"A4","p3",27,1.01232270046322,0.994324222318964,1.0083174434345,25156,25150.9600382618,1.00020038844364
"A4","p3",27.5,1.00971391626697,0.994334899420948,1.00778231878764,25156,25150.9600382618,1.00020038844364
"A4","p3",28,1.01152464919728,0.995127704973574,1.0078679909925,25156,25150.9600382618,1.00020038844364
"A4","p3",28.5,1.01411683714747,0.995400571815035,1.00799641737842,25156,25150.9600382618,1.00020038844364
"A4","p3",29,1.01584308682204,0.994219970907595,1.00666461332653,25156,25150.9600382618,1.00020038844364
"A4","p3",29.5,1.01466914472804,0.993875788555834,1.0103925595013,25156,25150.9600382618,1.00020038844364
"A4","p3",30,1.01624433740855,0.992978356245598,1.01302832570498,25156,25150.9600382618,1.00020038844364
"A4","p3",30.5,1.01701731073631,0.99535303942541,1.00939454938473,25156,25150.9600382618,1.00020038844364
"A4","p3",31,1.01572143389999,0.991932480761206,1.00887002227472,25156,25150.9600382618,1.00020038844364
"A4","p3",31.5,1.01286699176193,0.992792015847621,1.00816815036601,25156,25150.9600382618,1.00020038844364
"A4","p3",32,1.01046921363735,0.996199042154009,1.00913691262636,25156,25150.9600382618,1.00020038844364
"A4","p3",32.5,1.01053103131799,0.994375896307181,1.00957844848473,25156,25150.9600382618,1.00020038844364
"A4","p3",33,1.01068637980745,0.995541611902039,1.00743453240663,25156,25150.9600382618,1.00020038844364
"A4","p3",33.5,1.01144177194816,0.992604270953575,1.00937341772835,25156,25150.9600382618,1.00020038844364
"A4","p3",34,1.01250973295454,0.993837956795802,1.00961151086616,25156,25150.9600382618,1.00020038844364
"A4","p3",34.5,1.01429341071375,0.994026152196544,1.012860695572,25156,25150.9600382618,1.00020038844364
"A4","p3",35,1.01432663492894,0.996262500573041,1.0118290174142,25156,25150.9600382618,1.00020038844364
"A4","p3",35.5,1.01402074312793,0.997509637233741,1.00833071212118,25156,25150.9600382618,1.00020038844364
"A4","p3",36,1.0143381287293,0.996296810647245,1.01035165455596,25156,25150.9600382618,1.00020038844364
"A4","p3",36.5,1.01476243148226,0.992856180451027,1.00955561916604,25156,25150.9600382618,1.00020038844364
"A4","p3",37,1.01432013651871,0.993768553798235,1.01120858219714,25156,25150.9600382618,1.00020038844364
"A4","p3",37.5,1.01387186017157,0.995137924785128,1.01089279516611,25156,25150.9600382618,1.00020038844364
"A4","p3",38,1.01258498009445,0.995599366656374,1.00955905538486,25156,25150.9600382618,1.00020038844364
"A4","p3",38.5,1.00967841953423,0.994202912432275,1.00987848760535,25156,25150.9600382618,1.00020038844364
"A4","p3",39,1.0094410143637,0.994314801178615,1.00910385589644,25156,25150.9600382618,1.00020038844364
"A4","p3",39.5,1.01192084906999,0.99635932904815,1.00888329740242,25156,25150.9600382618,1.00020038844364
"A4","p3",40,1.01345902557225,0.996025867021925,1.0117256614997,25156,25150.9600382618,1.00020038844364
"A4","p3",40.5,1.01344813534277,0.996746129504632,1.0106393050634,25156,25150.9600382618,1.00020038844364
"A4","p3",41,1.01003815319565,0.994639097337128,1.0119972160281,25156,25150.9600382618,1.00020038844364
"A4","p3",41.5,1.00865310091793,0.994916706472565,1.00884637868787,25156,25150.9600382618,1.00020038844364
"A4","p3",42,1.0094354756573,0.995878388918367,1.00891233470159,25156,25150.9600382618,1.00020038844364
"A4","p3",42.5,1.01465590715453,0.995688483644714,1.00800085543594,25156,25150.9600382618,1.00020038844364
"A4","p3",43,1.01491702615518,0.996182768510438,1.01035491981223,25156,25150.9600382618,1.00020038844364
"A4","p3",43.5,1.01344891197036,0.99697150209686,1.01227420676605,25156,25150.9600382618,1.00020038844364
"A4","p3",44,1.00910082498564,0.994298430407209,1.00852701821968,25156,25150.9600382618,1.00020038844364
"A4","p3",44.5,1.00949098629189,0.995464613342819,1.00746693340782,25156,25150.9600382618,1.00020038844364
"A4","p3",45,1.00892904053017,0.996734358791387,1.00688348958519,25156,25150.9600382618,1.00020038844364
"A4","p3",45.5,1.01005008892857,0.995712409390309,1.00739633030679,25156,25150.9600382618,1.00020038844364
"A4","p3",46,1.01058809358648,0.997548410673092,1.00862156272723,25156,25150.9600382618,1.00020038844364
"A4","p3",46.5,1.01113211440565,0.997031719974893,1.00880032352583,25156,25150.9600382618,1.00020038844364
"A4","p3",47,1.00912691276466,0.997610270791289,1.00956612194675,25156,25150.9600382618,1.00020038844364
"A4","p3",47.5,1.00740929368871,0.996482753955732,1.00766280757281,25156,25150.9600382618,1.00020038844364
"A4","p3",48,1.00873252007775,0.996970902792927,1.00840943862309,25156,25150.9600382618,1.00020038844364
"A4","p3",48.5,1.01055433210973,0.997385765998581,1.00891990991363,25156,25150.9600382618,1.00020038844364
"A4","p3",49,1.01152844909712,0.996975703903661,1.00881313130316,25156,25150.9600382618,1.00020038844364
"A4","p3",49.5,1.01154444949217,0.996686685093549,1.01105055339954,25156,25150.9600382618,1.00020038844364
"A4","p3",50,1.00977616496223,0.996540167059336,1.01032632810011,25156,25150.9600382618,1.00020038844364
"A4","p3",50.5,1.00835315102201,0.995475994858414,1.00953730781261,25156,25150.9600382618,1.00020038844364
"A4","p3",51,1.00771827224835,0.994269959134329,1.00853121173438,25156,25150.9600382618,1.00020038844364
"A4","p3",51.5,1.01053180305305,0.992791635220608,1.00771551279345,25156,25150.9600382618,1.00020038844364
"A4","p3",52,1.01119241706168,0.996778833115824,1.0097860816105,25156,25150.9600382618,1.00020038844364
"A4","p3",52.5,1.01107641536359,0.996616529437358,1.00884095843585,25156,25150.9600382618,1.00020038844364
"A4","p3",53,1.00974428204023,0.996566312045263,1.00716295307665,25156,25150.9600382618,1.00020038844364
"A4","p3",53.5,1.00840642247513,0.996879072278118,1.00901715257422,25156,25150.9600382618,1.00020038844364
"A4","p3",54,1.00718493968287,0.995599192034583,1.0091390262072,25156,25150.9600382618,1.00020038844364
"A4","p3",54.5,1.00677897423099,0.996100302655216,1.00796468492563,25156,25150.9600382618,1.00020038844364
"A4","p3",55,1.00921011471529,0.99761295514099,1.00737646124446,25156,25150.9600382618,1.00020038844364
"A4","p3",55.5,1.01058846341615,0.996454955819261,1.00951613700904,25156,25150.9600382618,1.00020038844364
"A4","p3",56,1.00894402558243,0.996421311733131,1.00883608293816,25156,25150.9600382618,1.00020038844364
"A4","p3",56.5,1.00689990225557,0.995444175858576,1.00879030547226,25156,25150.9600382618,1.00020038844364
"A4","p3",57,1.00760503909836,0.995424978322709,1.01107220808525,25156,25150.9600382618,1.00020038844364
"A4","p3",57.5,1.00872726614516,0.996931729965811,1.01198298938443,25156,25150.9600382618,1.00020038844364
"A4","p3",58,1.00729715476139,0.995950204948726,1.0084787477565,25156,25150.9600382618,1.00020038844364
"A4","p3",58.5,1.00696313801428,0.996006729187151,1.00652917774358,25156,25150.9600382618,1.00020038844364
"A4","p3",59,1.00837890221998,0.993790744666187,1.00897550869389,25156,25150.9600382618,1.00020038844364
"A4","p3",59.5,1.0102798329012,0.993993584279274,1.00940411453428,25156,25150.9600382618,1.00020038844364
"A4","p3",60,1.00633237550919,0.994238913917546,1.0048852931391,25156,25150.9600382618,1.00020038844364
"A5","r1",0,0.218445928735656,0.149516714092432,6.37125467229175,1267,1698.52391824846,0.745941806522541
"A5","r1",0.5,0.288652582639903,0.237421861447498,3.57405119362575,1267,1698.52391824846,0.745941806522541
"A5","r1",1,0.354399266217355,0.359564113872177,2.3876815322061,1267,1698.52391824846,0.745941806522541
"A5","r1",1.5,0.433541874759632,0.485871796691605,1.78770996816745,1267,1698.52391824846,0.745941806522541
"A5","r1",2,0.514045280000383,0.608508950024867,1.48176121552194,1267,1698.52391824846,0.745941806522541
"A5","r1",2.5,0.588958698551954,0.721249210091602,1.31551386881502,1267,1698.52391824846,0.745941806522541
"A5","r1",3,0.660904577953534,0.804151064029825,1.29577061903656,1267,1698.52391824846,0.745941806522541
"A5","r1",3.5,0.749821453668752,0.815230419255662,1.29695654596149,1267,1698.52391824846,0.745941806522541
"A5","r1",4,0.849495689922213,0.83428491014513,1.29745552991798,1267,1698.52391824846,0.745941806522541
"A5","r1",4.5,0.937160405191074,0.864117544142704,1.28783856213654,1267,1698.52391824846,0.745941806522541
"A5","r1",5,1.0106457561428,0.851692045330401,1.25107261229534,1267,1698.52391824846,0.745941806522541
"A5","r1",5.5,1.07031746397067,0.819575936423297,1.2059056096958,1267,1698.52391824846,0.745941806522541
"A5","r1",6,1.11268714578953,0.807367400173768,1.18834222196067,1267,1698.52391824846,0.745941806522541
"A5","r1",6.5,1.14633955286395,0.811021896360008,1.168877202734,1267,1698.52391824846,0.745941806522541
"A5","r1",7,1.18077104624548,0.829375024162709,1.14812343813954,1267,1698.52391824846,0.745941806522541
"A5","r1",7.5,1.21817955669347,0.85395776370777,1.1226510335796,1267,1698.52391824846,0.745941806522541
"A5","r1",8,1.24974046849407,0.882313945285857,1.11605635277291,1267,1698.52391824846,0.745941806522541
"A5","r1",8.5,1.29212205481733,0.885354111512789,1.11907827149664,1267,1698.52391824846,0.745941806522541
"A5","r1",9,1.34602693348815,0.881555647434354,1.14068376299786,1267,1698.52391824846,0.745941806522541
"A5","r1",9.5,1.39754361238071,0.875216360938671,1.15153222536381,1267,1698.52391824846,0.745941806522541
"A5","r1",10,1.4378420072215,0.87146553785814,1.1462934230305,1267,1698.52391824846,0.745941806522541
"A5","r1",10.5,1.46963977016259,0.868597645005905,1.12304166906578,1267,1698.52391824846,0.745941806522541
"A5","r1",11,1.50272756329212,0.859925089235802,1.09032472259518,1267,1698.52391824846,0.745941806522541
"A5","r1",11.5,1.53561864824183,0.848223209403359,1.07855950952108,1267,1698.52391824846,0.745941806522541
"A5","r1",12,1.54672063313761,0.839160695674118,1.08622895427051,1267,1698.52391824846,0.745941806522541
"A5","r1",12.5,1.55033503689029,0.832959908326415,1.09305161445607,1267,1698.52391824846,0.745941806522541
"A5","r1",13,1.54797685338544,0.834937922017687,1.11128432711569,1267,1698.52391824846,0.745941806522541
"A5","r1",13.5,1.53182648039255,0.846351079895299,1.1179157173647,1267,1698.52391824846,0.745941806522541
"A5","r1",14,1.51210365585922,0.869878156756662,1.11404057968974,1267,1698.52391824846,0.745941806522541
"A5","r1",14.5,1.48961633059272,0.894556192746944,1.11072808318532,1267,1698.52391824846,0.745941806522541
"A5","r1",15,1.45988555469385,0.915737804965478,1.10577019856862,1267,1698.52391824846,0.745941806522541
"A5","r1",15.5,1.42604639255503,0.909119183242724,1.10173440628019,1267,1698.52391824846,0.745941806522541
"A5","r1",16,1.39683135557925,0.904262756710663,1.09303246697444,1267,1698.52391824846,0.745941806522541
"A5","r1",16.5,1.36995779730156,0.905096195827982,1.08543749347514,1267,1698.52391824846,0.745941806522541
"A5","r1",17,1.35479077896061,0.904906000547687,1.07904792085216,1267,1698.52391824846,0.745941806522541
"A5","r1",17.5,1.34466895654247,0.904147546008912,1.06758209846742,1267,1698.52391824846,0.745941806522541
"A5","r1",18,1.33331806798666,0.90898496827449,1.07823089502109,1267,1698.52391824846,0.745941806522541
"A5","r1",18.5,1.33333212992807,0.905964055740288,1.08216631831744,1267,1698.52391824846,0.745941806522541
"A5","r1",19,1.33401151946928,0.900833954678276,1.08815454107322,1267,1698.52391824846,0.745941806522541
"A5","r1",19.5,1.32698550079118,0.903610400690537,1.09416214085902,1267,1698.52391824846,0.745941806522541
"A5","r1",20,1.32321227243754,0.912233174645818,1.0984215127167,1267,1698.52391824846,0.745941806522541
"A5","r1",20.5,1.3202682169743,0.910165688152402,1.1014760402162,1267,1698.52391824846,0.745941806522541
"A5","r1",21,1.3190375283749,0.914291722352649,1.09973213308174,1267,1698.52391824846,0.745941806522541
"A5","r1",21.5,1.32064294677573,0.920954530780385,1.09679088660917,1267,1698.52391824846,0.745941806522541
"A5","r1",22,1.32135743950233,0.931818571160454,1.09807808375434,1267,1698.52391824846,0.745941806522541
"A5","r1",22.5,1.32395957052396,0.92494928517102,1.1061798970257,1267,1698.52391824846,0.745941806522541
"A5","r1",23,1.3202975125954,0.918547843809225,1.11423471115713,1267,1698.52391824846,0.745941806522541
"A5","r1",23.5,1.30901630276175,0.915828615234268,1.11964253923331,1267,1698.52391824846,0.745941806522541
"A5","r1",24,1.29513130496717,0.90574832089511,1.12159502245449,1267,1698.52391824846,0.745941806522541
"A5","r1",24.5,1.28499135662443,0.898336305280866,1.12416991099231,1267,1698.52391824846,0.745941806522541
"A5","r1",25,1.28263895030525,0.892993202224996,1.11924438442838,1267,1698.52391824846,0.745941806522541
"A5","r1",25.5,1.27741866199465,0.892217898991154,1.1116603846638,1267,1698.52391824846,0.745941806522541
"A5","r1",26,1.27792381730572,0.89304084964609,1.10998268511601,1267,1698.52391824846,0.745941806522541
"A5","r1",26.5,1.27563848468502,0.898947606374419,1.10825329791763,1267,1698.52391824846,0.745941806522541
"A5","r1",27,1.27488651557254,0.907568074382579,1.10597266403737,1267,1698.52391824846,0.745941806522541
"A5","r1",27.5,1.2806485260009,0.918313161451839,1.09954688449909,1267,1698.52391824846,0.745941806522541
"A5","r1",28,1.28739663285858,0.927148032958839,1.08705146041294,1267,1698.52391824846,0.745941806522541
"A5","r1",28.5,1.28668998005782,0.932427003456061,1.07654108121982,1267,1698.52391824846,0.745941806522541
"A5","r1",29,1.28029706909817,0.934737618981904,1.06742187635853,1267,1698.52391824846,0.745941806522541
"A5","r1",29.5,1.27450229780386,0.931063009315562,1.05443885853964,1267,1698.52391824846,0.745941806522541
"A5","r1",30,1.2699051449238,0.925177355371056,1.04965469775945,1267,1698.52391824846,0.745941806522541
"A5","r1",30.5,1.26586030778803,0.924065238971306,1.05046426997521,1267,1698.52391824846,0.745941806522541
"A5","r1",31,1.25588128015717,0.92838323408475,1.05080700076616,1267,1698.52391824846,0.745941806522541
"A5","r1",31.5,1.24164996055817,0.93703955093889,1.05568508149478,1267,1698.52391824846,0.745941806522541
"A5","r1",32,1.22892755784171,0.945687955658367,1.06082035206168,1267,1698.52391824846,0.745941806522541
"A5","r1",32.5,1.22357236425371,0.951301678426548,1.06367735201228,1267,1698.52391824846,0.745941806522541
"A5","r1",33,1.21844956965452,0.951027894679571,1.06250636094303,1267,1698.52391824846,0.745941806522541
"A5","r1",33.5,1.2102367498302,0.950076251496916,1.06126140119984,1267,1698.52391824846,0.745941806522541
"A5","r1",34,1.20574611689348,0.950356908558167,1.06270134683725,1267,1698.52391824846,0.745941806522541
"A5","r1",34.5,1.20547987744796,0.941321965239397,1.06202164553275,1267,1698.52391824846,0.745941806522541
"A5","r1",35,1.20834715239706,0.932623986056679,1.05992977858735,1267,1698.52391824846,0.745941806522541
"A5","r1",35.5,1.21144049102992,0.926704365466139,1.05811686569969,1267,1698.52391824846,0.745941806522541
"A5","r1",36,1.20735304489207,0.923670550645804,1.05916927752608,1267,1698.52391824846,0.745941806522541
"A5","r1",36.5,1.20027894429833,0.921762766266799,1.06129168346108,1267,1698.52391824846,0.745941806522541
"A5","r1",37,1.19684186296778,0.922589162739528,1.06076045189985,1267,1698.52391824846,0.745941806522541
"A5","r1",37.5,1.19726030320697,0.923062974514349,1.05951245868565,1267,1698.52391824846,0.745941806522541
"A5","r1",38,1.19909710485629,0.923463834133345,1.06264238714486,1267,1698.52391824846,0.745941806522541
"A5","r1",38.5,1.19893324336022,0.930578251755699,1.0669222905626,1267,1698.52391824846,0.745941806522541
"A5","r1",39,1.19762365313816,0.940594139798468,1.06893979908215,1267,1698.52391824846,0.745941806522541
"A5","r1",39.5,1.19434081044224,0.939576571704517,1.06562540570856,1267,1698.52391824846,0.745941806522541
"A5","r1",40,1.18903524969157,0.942728101790154,1.06481040709826,1267,1698.52391824846,0.745941806522541
"A5","r1",40.5,1.1827746713834,0.935637568405288,1.06247712524614,1267,1698.52391824846,0.745941806522541
"A5","r1",41,1.17615829067739,0.93214044820751,1.06433156864462,1267,1698.52391824846,0.745941806522541
"A5","r1",41.5,1.1728918343056,0.930769181072688,1.06151373624755,1267,1698.52391824846,0.745941806522541
"A5","r1",42,1.17112637838952,0.92827007048135,1.05779487543129,1267,1698.52391824846,0.745941806522541
"A5","r1",42.5,1.16878198212753,0.928675128395982,1.06892252731559,1267,1698.52391824846,0.745941806522541
"A5","r1",43,1.16350038381124,0.931481250942678,1.07742911834257,1267,1698.52391824846,0.745941806522541
"A5","r1",43.5,1.15536066395506,0.935462426853093,1.08052016988807,1267,1698.52391824846,0.745941806522541
"A5","r1",44,1.14821205506121,0.945888712648113,1.08379237692827,1267,1698.52391824846,0.745941806522541
"A5","r1",44.5,1.14581058298695,0.945311290254473,1.08716788684407,1267,1698.52391824846,0.745941806522541
"A5","r1",45,1.14833097702423,0.945110180896575,1.08971059380409,1267,1698.52391824846,0.745941806522541
"A5","r1",45.5,1.15264574956003,0.943885627620573,1.0884264836337,1267,1698.52391824846,0.745941806522541
"A5","r1",46,1.15840377774186,0.944297995190617,1.08800427556718,1267,1698.52391824846,0.745941806522541
"A5","r1",46.5,1.16493111962287,0.947835463322954,1.09522037024892,1267,1698.52391824846,0.745941806522541
"A5","r1",47,1.169254955702,0.947737006353611,1.10462635536214,1267,1698.52391824846,0.745941806522541
"A5","r1",47.5,1.16800644763189,0.936017604954303,1.1129953405767,1267,1698.52391824846,0.745941806522541
"A5","r1",48,1.1671820809581,0.930130478510924,1.11568532748525,1267,1698.52391824846,0.745941806522541
"A5","r1",48.5,1.16186497273767,0.929415367937362,1.11211480631485,1267,1698.52391824846,0.745941806522541
"A5","r1",49,1.15950522610982,0.932503849615812,1.11080270808332,1267,1698.52391824846,0.745941806522541
"A5","r1",49.5,1.16009179276546,0.936944724803833,1.11248903964728,1267,1698.52391824846,0.745941806522541
"A5","r1",50,1.16494553001585,0.943686327981548,1.11350267360482,1267,1698.52391824846,0.745941806522541
"A5","r1",50.5,1.16893042246374,0.947197527170205,1.1135943447686,1267,1698.52391824846,0.745941806522541
"A5","r1",51,1.17288230013836,0.948954462196646,1.11441876981443,1267,1698.52391824846,0.745941806522541
"A5","r1",51.5,1.17622486340178,0.949351432762251,1.11125875001589,1267,1698.52391824846,0.745941806522541
"A5","r1",52,1.17712830114481,0.949082846536844,1.10534459501325,1267,1698.52391824846,0.745941806522541
"A5","r1",52.5,1.17549974249618,0.944021927031055,1.09564316770445,1267,1698.52391824846,0.745941806522541
"A5","r1",53,1.1695439066621,0.938571478796987,1.08243676412037,1267,1698.52391824846,0.745941806522541
"A5","r1",53.5,1.16171586991877,0.938949392175219,1.0674732931633,1267,1698.52391824846,0.745941806522541
"A5","r1",54,1.15305789154066,0.942659486163556,1.0708701612963,1267,1698.52391824846,0.745941806522541
"A5","r1",54.5,1.14352801568784,0.938758558869633,1.07388642745345,1267,1698.52391824846,0.745941806522541
"A5","r1",55,1.1306863427664,0.941457701043893,1.07457350649146,1267,1698.52391824846,0.745941806522541
"A5","r1",55.5,1.11700287333157,0.9422926427234,1.07480589029999,1267,1698.52391824846,0.745941806522541
"A5","r1",56,1.1015195505744,0.936529454644359,1.08073911447075,1267,1698.52391824846,0.745941806522541
"A5","r1",56.5,1.08166641482048,0.933043316426889,1.08319171274407,1267,1698.52391824846,0.745941806522541
"A5","r1",57,1.06688587302128,0.925502906249606,1.08757662537974,1267,1698.52391824846,0.745941806522541
"A5","r1",57.5,1.05724513408401,0.91971326105452,1.08627187086416,1267,1698.52391824846,0.745941806522541
"A5","r1",58,1.04949069890899,0.919040092368967,1.08472125345893,1267,1698.52391824846,0.745941806522541
"A5","r1",58.5,1.04356135221755,0.92603119750317,1.08146421468329,1267,1698.52391824846,0.745941806522541
"A5","r1",59,1.04165823145496,0.931906372736756,1.07474368138764,1267,1698.52391824846,0.745941806522541
"A5","r1",59.5,1.04020197838472,0.935210034241043,1.0640140344746,1267,1698.52391824846,0.745941806522541
"A5","r1",60,1.0402278847086,0.93906048793554,1.04947586996573,1267,1698.52391824846,0.745941806522541
"A5","r2",0,3.2987591525658e-19,0.16537598483424,7.02408474106318,777,924.886345986257,0.840103222814304
"A5","r2",0.5,1.0821758164474e-16,0.260677898321245,4.78079218544156,777,924.886345986257,0.840103222814304
"A5","r2",1,0.000176244692025312,0.338917643528673,3.39842604448231,777,924.886345986257,0.840103222814304
"A5","r2",1.5,0.0028041873720908,0.40302579437606,2.5205975717744,777,924.886345986257,0.840103222814304
"A5","r2",2,0.00634534130957929,0.455838269839916,1.95638543739479,777,924.886345986257,0.840103222814304
"A5","r2",2.5,0.0104912917699456,0.509433437615454,1.57031404167063,777,924.886345986257,0.840103222814304
"A5","r2",3,0.0193507128857746,0.568857013536732,1.32488398978963,777,924.886345986257,0.840103222814304
"A5","r2",3.5,0.0323201810368695,0.630791634493811,1.2933846276766,777,924.886345986257,0.840103222814304
"A5","r2",4,0.0517979009458989,0.691129647033225,1.26749797605794,777,924.886345986257,0.840103222814304
"A5","r2",4.5,0.07705131898301,0.74323219021026,1.24619877721467,777,924.886345986257,0.840103222814304
"A5","r2",5,0.105580489692311,0.76257772195914,1.22239333004517,777,924.886345986257,0.840103222814304
"A5","r2",5.5,0.139182729830284,0.756661960887721,1.18802428930529,777,924.886345986257,0.840103222814304
"A5","r2",6,0.179880721012872,0.7889945321882,1.1870550546272,777,924.886345986257,0.840103222814304
"A5","r2",6.5,0.228371266323053,0.809549889200318,1.20132162423677,777,924.886345986257,0.840103222814304
"A5","r2",7,0.28035917531733,0.826461131496986,1.2017101987134,777,924.886345986257,0.840103222814304
"A5","r2",7.5,0.337289246843724,0.831370832182458,1.19422187031481,777,924.886345986257,0.840103222814304
"A5","r2",8,0.392682231007286,0.831076725667583,1.18685092345558,777,924.886345986257,0.840103222814304
"A5","r2",8.5,0.450894150428801,0.825580640712661,1.17669896729897,777,924.886345986257,0.840103222814304
"A5","r2",9,0.509500146459586,0.799246267318006,1.17044871082527,777,924.886345986257,0.840103222814304
"A5","r2",9.5,0.568170530482992,0.769066501392181,1.17675833300338,777,924.886345986257,0.840103222814304
"A5","r2",10,0.627339741697601,0.751808827899593,1.17972195876211,777,924.886345986257,0.840103222814304
"A5","r2",10.5,0.681380568352517,0.755856526283861,1.18123330186716,777,924.886345986257,0.840103222814304
"A5","r2",11,0.729474863825636,0.779184028984485,1.18336827331233,777,924.886345986257,0.840103222814304
"A5","r2",11.5,0.773280726340422,0.807557045382829,1.18172517552841,777,924.886345986257,0.840103222814304
"A5","r2",12,0.812161517823862,0.835619950966668,1.17789351481983,777,924.886345986257,0.840103222814304
"A5","r2",12.5,0.845888757619199,0.866629592553129,1.17811631816087,777,924.886345986257,0.840103222814304
"A5","r2",13,0.882860362854304,0.895922802424362,1.18631341916,777,924.886345986257,0.840103222814304
"A5","r2",13.5,0.913413024622994,0.888910932711256,1.18882203699441,777,924.886345986257,0.840103222814304
"A5","r2",14,0.939748808004504,0.88101793922035,1.18199411161846,777,924.886345986257,0.840103222814304
"A5","r2",14.5,0.962086591307534,0.877151541494535,1.17305144347536,777,924.886345986257,0.840103222814304
"A5","r2",15,0.979439888999607,0.876325282286915,1.17189758405594,777,924.886345986257,0.840103222814304
"A5","r2",15.5,0.993959614014896,0.866264634198684,1.17160815454184,777,924.886345986257,0.840103222814304
"A5","r2",16,1.00907767317797,0.861418962455811,1.16706836273782,777,924.886345986257,0.840103222814304
"A5","r2",16.5,1.02212588971878,0.85870018740737,1.15490179739508,777,924.886345986257,0.840103222814304
"A5","r2",17,1.03729936104709,0.85234935342535,1.14365229090502,777,924.886345986257,0.840103222814304
"A5","r2",17.5,1.05589570777963,0.845894450185146,1.1290590569207,777,924.886345986257,0.840103222814304
"A5","r2",18,1.0697673557811,0.839731716411349,1.12020777812076,777,924.886345986257,0.840103222814304
"A5","r2",18.5,1.08660190731348,0.837830351593767,1.1225039755654,777,924.886345986257,0.840103222814304
"A5","r2",19,1.10467358330761,0.837596496857746,1.12970924840833,777,924.886345986257,0.840103222814304
"A5","r2",19.5,1.1264556703602,0.835147676338301,1.12996388601183,777,924.886345986257,0.840103222814304
"A5","r2",20,1.14422846760482,0.839436644710614,1.12111566662823,777,924.886345986257,0.840103222814304
"A5","r2",20.5,1.15651704474194,0.846960083517489,1.10832874641586,777,924.886345986257,0.840103222814304
"A5","r2",21,1.16488323231808,0.862120914434594,1.10660538271039,777,924.886345986257,0.840103222814304
"A5","r2",21.5,1.17414306185828,0.878142491571625,1.10572241080266,777,924.886345986257,0.840103222814304
"A5","r2",22,1.18071468575641,0.897069490703475,1.10191347505235,777,924.886345986257,0.840103222814304
"A5","r2",22.5,1.18505400166507,0.913413800045472,1.09477500535362,777,924.886345986257,0.840103222814304
"A5","r2",23,1.19070999164395,0.901354760086578,1.09363953571984,777,924.886345986257,0.840103222814304
"A5","r2",23.5,1.18918239041942,0.892929859414278,1.09381284996351,777,924.886345986257,0.840103222814304
"A5","r2",24,1.18153574950096,0.889375408811966,1.08886501761633,777,924.886345986257,0.840103222814304
"A5","r2",24.5,1.17196619224992,0.886385254103061,1.08066060854598,777,924.886345986257,0.840103222814304
"A5","r2",25,1.16006362762373,0.883490835661689,1.09228897148236,777,924.886345986257,0.840103222814304
"A5","r2",25.5,1.14667305212286,0.882377729842807,1.1073196986775,777,924.886345986257,0.840103222814304
"A5","r2",26,1.1306310251372,0.878888891300431,1.12014472031647,777,924.886345986257,0.840103222814304
"A5","r2",26.5,1.11121982083145,0.874574370695781,1.12883438839933,777,924.886345986257,0.840103222814304
"A5","r2",27,1.0954841506868,0.870373685894093,1.1312383301192,777,924.886345986257,0.840103222814304
"A5","r2",27.5,1.08704446219745,0.870646774755696,1.12443977095769,777,924.886345986257,0.840103222814304
"A5","r2",28,1.07709151823403,0.876690404942008,1.11720093980038,777,924.886345986257,0.840103222814304
"A5","r2",28.5,1.06801055208156,0.884931118562484,1.11389065212692,777,924.886345986257,0.840103222814304
"A5","r2",29,1.06683180355941,0.896337606428515,1.11803678690233,777,924.886345986257,0.840103222814304
"A5","r2",29.5,1.07061423705876,0.906043596001025,1.11768939322651,777,924.886345986257,0.840103222814304
"A5","r2",30,1.072988216429,0.915394334791926,1.11399224232341,777,924.886345986257,0.840103222814304
"A5","r2",30.5,1.07741149527507,0.929714193341084,1.10921354628333,777,924.886345986257,0.840103222814304
"A5","r2",31,1.08582132528117,0.928617950498269,1.10479061299038,777,924.886345986257,0.840103222814304
"A5","r2",31.5,1.09543417477116,0.923709726798486,1.10094950443012,777,924.886345986257,0.840103222814304
"A5","r2",32,1.1029763893195,0.924161511442703,1.09911860254571,777,924.886345986257,0.840103222814304
"A5","r2",32.5,1.10857607668607,0.921313033048017,1.10339735256854,777,924.886345986257,0.840103222814304
"A5","r2",33,1.11114933245912,0.905345135856094,1.10203698859228,777,924.886345986257,0.840103222814304
"A5","r2",33.5,1.11144350004527,0.895388543267487,1.09648452219621,777,924.886345986257,0.840103222814304
"A5","r2",34,1.10826434234019,0.893231332761854,1.09476303930584,777,924.886345986257,0.840103222814304
"A5","r2",34.5,1.10649662855129,0.89261691130768,1.09303324410757,777,924.886345986257,0.840103222814304
"A5","r2",35,1.09853342334643,0.890559339476969,1.08772219513099,777,924.886345986257,0.840103222814304
"A5","r2",35.5,1.08994471123673,0.890491446134284,1.08333749266739,777,924.886345986257,0.840103222814304
"A5","r2",36,1.08401338514394,0.894335254429928,1.08282774806068,777,924.886345986257,0.840103222814304
"A5","r2",36.5,1.07627602980404,0.900958676588056,1.08300389117456,777,924.886345986257,0.840103222814304
"A5","r2",37,1.06690254971131,0.913206401601582,1.08089575410507,777,924.886345986257,0.840103222814304
"A5","r2",37.5,1.05768172416176,0.926868599842772,1.08411006596151,777,924.886345986257,0.840103222814304
"A5","r2",38,1.04616234079807,0.932842597305942,1.09133578087368,777,924.886345986257,0.840103222814304
"A5","r2",38.5,1.03634857115972,0.930606674872896,1.09317988563684,777,924.886345986257,0.840103222814304
"A5","r2",39,1.02913959495554,0.925894285521492,1.09055655342439,777,924.886345986257,0.840103222814304
"A5","r2",39.5,1.02368079957145,0.918558203980554,1.08474505480274,777,924.886345986257,0.840103222814304
"A5","r2",40,1.02310750309753,0.914099814699023,1.0852473002306,777,924.886345986257,0.840103222814304
"A5","r2",40.5,1.02823659664507,0.912504173693545,1.0918056802564,777,924.886345986257,0.840103222814304
"A5","r2",41,1.03445797644714,0.912222604312768,1.09871132551102,777,924.886345986257,0.840103222814304
"A5","r2",41.5,1.03777608835534,0.909117145236492,1.10117669115373,777,924.886345986257,0.840103222814304
"A5","r2",42,1.0432994094469,0.904737164018835,1.09964555429623,777,924.886345986257,0.840103222814304
"A5","r2",42.5,1.05180672112431,0.901138461994386,1.10491025241236,777,924.886345986257,0.840103222814304
"A5","r2",43,1.05936231891721,0.899454000976857,1.10999058783058,777,924.886345986257,0.840103222814304
"A5","r2",43.5,1.06601865041462,0.899230096888629,1.10940958220433,777,924.886345986257,0.840103222814304
"A5","r2",44,1.07180375057018,0.901243779239816,1.10539939992762,777,924.886345986257,0.840103222814304
"A5","r2",44.5,1.0784660443654,0.901925863555659,1.10083175762981,777,924.886345986257,0.840103222814304
"A5","r2",45,1.07992950602156,0.901102119509079,1.09080616724834,777,924.886345986257,0.840103222814304
"A5","r2",45.5,1.08131709904001,0.905641128173795,1.07624726127055,777,924.886345986257,0.840103222814304
"A5","r2",46,1.08535975571193,0.914125526045501,1.07590290244391,777,924.886345986257,0.840103222814304
"A5","r2",46.5,1.08801914585735,0.917782448115094,1.07292612352027,777,924.886345986257,0.840103222814304
"A5","r2",47,1.08644795964836,0.911739613063725,1.06565786067776,777,924.886345986257,0.840103222814304
"A5","r2",47.5,1.0797718397117,0.906765635196874,1.05915344532834,777,924.886345986257,0.840103222814304
"A5","r2",48,1.071603232262,0.903654061694386,1.05945558214956,777,924.886345986257,0.840103222814304
"A5","r2",48.5,1.06263197895523,0.903503739905538,1.05769463923566,777,924.886345986257,0.840103222814304
"A5","r2",49,1.05289412813966,0.902396901747727,1.05851432392846,777,924.886345986257,0.840103222814304
"A5","r2",49.5,1.04325256151104,0.901957315552582,1.06227257054631,777,924.886345986257,0.840103222814304
"A5","r2",50,1.03376201505982,0.903344358164066,1.06627415098777,777,924.886345986257,0.840103222814304
"A5","r2",50.5,1.02763587713161,0.903717359851242,1.07007736596904,777,924.886345986257,0.840103222814304
"A5","r2",51,1.01923108986364,0.904929739194702,1.07338716940572,777,924.886345986257,0.840103222814304
"A5","r2",51.5,1.01154265166526,0.907085533006519,1.07228330643693,777,924.886345986257,0.840103222814304
"A5","r2",52,1.00794891762952,0.911534681557058,1.06894159286583,777,924.886345986257,0.840103222814304
"A5","r2",52.5,1.00490211073544,0.918753457020502,1.08133303020861,777,924.886345986257,0.840103222814304
"A5","r2",53,1.00151039169906,0.927376642889704,1.08811780988626,777,924.886345986257,0.840103222814304
"A5","r2",53.5,0.999370048789108,0.931456128275165,1.09325100693652,777,924.886345986257,0.840103222814304
"A5","r2",54,0.999307652970206,0.936662357395453,1.09668896392574,777,924.886345986257,0.840103222814304
"A5","r2",54.5,1.0010506319874,0.937559267579776,1.09866917558926,777,924.886345986257,0.840103222814304
"A5","r2",55,0.999238365048892,0.931160750716321,1.09552160512597,777,924.886345986257,0.840103222814304
"A5","r2",55.5,0.995978332846691,0.926666801596142,1.08610001762909,777,924.886345986257,0.840103222814304
"A5","r2",56,0.993996502296,0.928675772946828,1.07592671600439,777,924.886345986257,0.840103222814304
"A5","r2",56.5,0.994441493477854,0.932407431384553,1.08131376259307,777,924.886345986257,0.840103222814304
"A5","r2",57,0.998965441833992,0.93155722934716,1.08539849112619,777,924.886345986257,0.840103222814304
"A5","r2",57.5,1.00334473933056,0.932481199315965,1.08507958232127,777,924.886345986257,0.840103222814304
"A5","r2",58,1.00572514097601,0.933653491639769,1.08269405062784,777,924.886345986257,0.840103222814304
"A5","r2",58.5,1.00738154707821,0.933285264389853,1.08498632233722,777,924.886345986257,0.840103222814304
"A5","r2",59,1.00792247876847,0.934864109122955,1.09256232854814,777,924.886345986257,0.840103222814304
"A5","r2",59.5,1.00679156896124,0.939829289659241,1.09594079967328,777,924.886345986257,0.840103222814304
"A5","r2",60,1.00446323655354,0.939074573911152,1.09906604572969,777,924.886345986257,0.840103222814304
"A5","r3",0,0,0.110857271127182,61.0520277741321,645,826.345786557116,0.780544912907858
"A5","r3",0.5,0,0.166127344789295,33.5870007425512,645,826.345786557116,0.780544912907858
"A5","r3",1,0,0.231961203294743,20.2488477992917,645,826.345786557116,0.780544912907858
"A5","r3",1.5,0,0.298305439503372,13.0937148295022,645,826.345786557116,0.780544912907858
"A5","r3",2,4.33714157372723e-17,0.364366650312348,8.95464093770996,645,826.345786557116,0.780544912907858
"A5","r3",2.5,0,0.434325910503712,6.36589444603281,645,826.345786557116,0.780544912907858
"A5","r3",3,0.00251069366133423,0.504206066158885,4.64829711630244,645,826.345786557116,0.780544912907858
"A5","r3",3.5,0.00909023350045252,0.576490975369807,3.45715797314825,645,826.345786557116,0.780544912907858
"A5","r3",4,0.0198486664790207,0.650002800763479,2.58252756464672,645,826.345786557116,0.780544912907858
"A5","r3",4.5,0.0399487425841646,0.715008040917948,1.88451940136845,645,826.345786557116,0.780544912907858
"A5","r3",5,0.0644201329164252,0.741799218510923,1.25860076555184,645,826.345786557116,0.780544912907858
"A5","r3",5.5,0.0976917706149272,0.754601560967353,1.21383409289697,645,826.345786557116,0.780544912907858
"A5","r3",6,0.137729492082085,0.764590831638669,1.2024339213996,645,826.345786557116,0.780544912907858
"A5","r3",6.5,0.18816890699572,0.794208526897326,1.17345341363694,645,826.345786557116,0.780544912907858
"A5","r3",7,0.246713739991591,0.822346407779901,1.20314306284947,645,826.345786557116,0.780544912907858
"A5","r3",7.5,0.312246157074178,0.845304171868199,1.22938518058315,645,826.345786557116,0.780544912907858
"A5","r3",8,0.3815895770031,0.834211454112604,1.24644915652999,645,826.345786557116,0.780544912907858
"A5","r3",8.5,0.450074326704591,0.842061126585558,1.24923618267582,645,826.345786557116,0.780544912907858
"A5","r3",9,0.517869312706851,0.844722038346688,1.24156694098566,645,826.345786557116,0.780544912907858
"A5","r3",9.5,0.587908179873807,0.851226333432839,1.23366274749378,645,826.345786557116,0.780544912907858
"A5","r3",10,0.658649021304727,0.869378491059713,1.22136950341771,645,826.345786557116,0.780544912907858
"A5","r3",10.5,0.727568820774688,0.87502569217031,1.19568513105019,645,826.345786557116,0.780544912907858
"A5","r3",11,0.791239776494812,0.859741430693906,1.17530293673365,645,826.345786557116,0.780544912907858
"A5","r3",11.5,0.850120203494795,0.849637475710357,1.15412708408159,645,826.345786557116,0.780544912907858
"A5","r3",12,0.905188401571877,0.850709110109513,1.14331906579311,645,826.345786557116,0.780544912907858
"A5","r3",12.5,0.952336175655001,0.846508074022892,1.16968606509522,645,826.345786557116,0.780544912907858
"A5","r3",13,0.993315850183246,0.847282770689538,1.18823304582905,645,826.345786557116,0.780544912907858
"A5","r3",13.5,1.02619764517332,0.852971520388062,1.20334857199126,645,826.345786557116,0.780544912907858
"A5","r3",14,1.04778394934092,0.854230272482759,1.2127435227956,645,826.345786557116,0.780544912907858
"A5","r3",14.5,1.06100489248112,0.848413767523051,1.21599003684113,645,826.345786557116,0.780544912907858
"A5","r3",15,1.07310531475496,0.856433373543436,1.21139401696023,645,826.345786557116,0.780544912907858
"A5","r3",15.5,1.0790025422404,0.871162193686116,1.19992436047175,645,826.345786557116,0.780544912907858
"A5","r3",16,1.0872064728604,0.881611283374445,1.18282774803555,645,826.345786557116,0.780544912907858
"A5","r3",16.5,1.08922740645442,0.883341865447637,1.1658249900173,645,826.345786557116,0.780544912907858
"A5","r3",17,1.08904034174075,0.880008654900715,1.15187279104268,645,826.345786557116,0.780544912907858
"A5","r3",17.5,1.09196652774216,0.878127635746498,1.1501091100631,645,826.345786557116,0.780544912907858
"A5","r3",18,1.10180305882658,0.876588248026753,1.14537214155046,645,826.345786557116,0.780544912907858
"A5","r3",18.5,1.11146859334545,0.872463401237309,1.14161491671306,645,826.345786557116,0.780544912907858
"A5","r3",19,1.11602161359363,0.870762953124174,1.13948977738285,645,826.345786557116,0.780544912907858
"A5","r3",19.5,1.1139607175453,0.871485230305151,1.12567228840622,645,826.345786557116,0.780544912907858
"A5","r3",20,1.11157134162166,0.871796216363459,1.10790900796515,645,826.345786557116,0.780544912907858
"A5","r3",20.5,1.11221555379133,0.878870372041495,1.11074721069513,645,826.345786557116,0.780544912907858
"A5","r3",21,1.11244216320379,0.882073224500969,1.11688194405563,645,826.345786557116,0.780544912907858
"A5","r3",21.5,1.10844465492197,0.882136251595036,1.12080521536016,645,826.345786557116,0.780544912907858
"A5","r3",22,1.10250808439265,0.88176591425753,1.12540854917773,645,826.345786557116,0.780544912907858
"A5","r3",22.5,1.09946760211184,0.879506300341777,1.13267495560238,645,826.345786557116,0.780544912907858
"A5","r3",23,1.09572652903058,0.877187844025149,1.1303795335132,645,826.345786557116,0.780544912907858
"A5","r3",23.5,1.09841826760165,0.878028962875015,1.13356295784757,645,826.345786557116,0.780544912907858
"A5","r3",24,1.10677664340345,0.874544712447118,1.14924704719308,645,826.345786557116,0.780544912907858
"A5","r3",24.5,1.11352895356549,0.873454624089409,1.15664751425419,645,826.345786557116,0.780544912907858
"A5","r3",25,1.11378603575618,0.87290269251213,1.1588552692739,645,826.345786557116,0.780544912907858
"A5","r3",25.5,1.11179572666054,0.876423447595103,1.15620787628953,645,826.345786557116,0.780544912907858
"A5","r3",26,1.11399604077999,0.884495992075471,1.15097518773332,645,826.345786557116,0.780544912907858
"A5","r3",26.5,1.11920108843375,0.885419883984656,1.14012083308897,645,826.345786557116,0.780544912907858
"A5","r3",27,1.11974219424628,0.891316612449767,1.12866728583485,645,826.345786557116,0.780544912907858
"A5","r3",27.5,1.11756482682344,0.894642804473026,1.11745517255577,645,826.345786557116,0.780544912907858
"A5","r3",28,1.11425296658726,0.892059333962309,1.1093889084242,645,826.345786557116,0.780544912907858
"A5","r3",28.5,1.11638044228412,0.887218230064636,1.10105518370054,645,826.345786557116,0.780544912907858
"A5","r3",29,1.11855563656913,0.890216749677005,1.09853299572369,645,826.345786557116,0.780544912907858
"A5","r3",29.5,1.11960073391272,0.899159911898233,1.08973169827,645,826.345786557116,0.780544912907858
"A5","r3",30,1.11503628728841,0.886861255344958,1.07666532177378,645,826.345786557116,0.780544912907858
"A5","r3",30.5,1.10613177887885,0.875530934958238,1.06902941489093,645,826.345786557116,0.780544912907858
"A5","r3",31,1.09570832891605,0.864576177429141,1.06701039875873,645,826.345786557116,0.780544912907858
"A5","r3",31.5,1.08407395906476,0.857347039785414,1.06774668528798,645,826.345786557116,0.780544912907858
"A5","r3",32,1.06847754985561,0.858350136996811,1.06716661101167,645,826.345786557116,0.780544912907858
"A5","r3",32.5,1.05360727057119,0.867177870522221,1.07273499305037,645,826.345786557116,0.780544912907858
"A5","r3",33,1.04030756047855,0.880087991706632,1.07624014141811,645,826.345786557116,0.780544912907858
"A5","r3",33.5,1.02656972612236,0.89067995030684,1.07507486408909,645,826.345786557116,0.780544912907858
"A5","r3",34,1.0160970719527,0.898929166968413,1.07808729627716,645,826.345786557116,0.780544912907858
"A5","r3",34.5,1.0170473579569,0.906515314318669,1.08336322013311,645,826.345786557116,0.780544912907858
"A5","r3",35,1.0215667553221,0.90732405614286,1.09240080141968,645,826.345786557116,0.780544912907858
"A5","r3",35.5,1.02319760020724,0.906453834106517,1.10445036886321,645,826.345786557116,0.780544912907858
"A5","r3",36,1.02403815105843,0.910771673780546,1.11438882968942,645,826.345786557116,0.780544912907858
"A5","r3",36.5,1.03186424152711,0.916683435101589,1.11449119074606,645,826.345786557116,0.780544912907858
"A5","r3",37,1.04272179811322,0.895043238854509,1.10740558632444,645,826.345786557116,0.780544912907858
"A5","r3",37.5,1.05551179911382,0.875033845635129,1.1019566858351,645,826.345786557116,0.780544912907858
"A5","r3",38,1.07065042129169,0.86082335151528,1.09446415639624,645,826.345786557116,0.780544912907858
"A5","r3",38.5,1.08123000180013,0.851414959410707,1.09169917238937,645,826.345786557116,0.780544912907858
"A5","r3",39,1.09187617377223,0.846028626502746,1.08755132685746,645,826.345786557116,0.780544912907858
"A5","r3",39.5,1.10360259496939,0.841630827406262,1.07974049354627,645,826.345786557116,0.780544912907858
"A5","r3",40,1.11680696562613,0.840972656822413,1.08394183796562,645,826.345786557116,0.780544912907858
"A5","r3",40.5,1.12894726868084,0.846501901945843,1.09245840862737,645,826.345786557116,0.780544912907858
"A5","r3",41,1.14087921579066,0.856578684174801,1.10034384468022,645,826.345786557116,0.780544912907858
"A5","r3",41.5,1.14955100841323,0.866760434457262,1.10617133885714,645,826.345786557116,0.780544912907858
"A5","r3",42,1.15449958136471,0.879424097265857,1.113824180947,645,826.345786557116,0.780544912907858
"A5","r3",42.5,1.15452223313224,0.894482067528135,1.12173175238237,645,826.345786557116,0.780544912907858
"A5","r3",43,1.15593469458693,0.907615580171071,1.12464864142251,645,826.345786557116,0.780544912907858
"A5","r3",43.5,1.15550667483681,0.913605400184267,1.12297743239329,645,826.345786557116,0.780544912907858
"A5","r3",44,1.15377775569487,0.910173075215578,1.12012398718689,645,826.345786557116,0.780544912907858
"A5","r3",44.5,1.14723155368122,0.910260136620484,1.11908089530948,645,826.345786557116,0.780544912907858
"A5","r3",45,1.14108947728487,0.911517939324428,1.11700965081975,645,826.345786557116,0.780544912907858
"A5","r3",45.5,1.13369501051309,0.918364981425691,1.11718119719408,645,826.345786557116,0.780544912907858
"A5","r3",46,1.12448488076645,0.929347036445444,1.11757895502835,645,826.345786557116,0.780544912907858
"A5","r3",46.5,1.11449215074373,0.927621779379329,1.1164774539299,645,826.345786557116,0.780544912907858
"A5","r3",47,1.1063298325948,0.923513723205317,1.12437341392462,645,826.345786557116,0.780544912907858
"A5","r3",47.5,1.09591786579976,0.917200612121043,1.13156881427732,645,826.345786557116,0.780544912907858
"A5","r3",48,1.09031119592754,0.913591216304586,1.13119381365614,645,826.345786557116,0.780544912907858
"A5","r3",48.5,1.08371886518936,0.910990530791755,1.12609605173739,645,826.345786557116,0.780544912907858
"A5","r3",49,1.07565956205901,0.908150644173984,1.11996994092502,645,826.345786557116,0.780544912907858
"A5","r3",49.5,1.06711159087249,0.906596811369084,1.11373477212927,645,826.345786557116,0.780544912907858
"A5","r3",50,1.05756366688541,0.908616389728628,1.10910987035788,645,826.345786557116,0.780544912907858
"A5","r3",50.5,1.04835422950162,0.907221458796872,1.11075391850474,645,826.345786557116,0.780544912907858
"A5","r3",51,1.03869254213033,0.901636427832627,1.1158937955283,645,826.345786557116,0.780544912907858
"A5","r3",51.5,1.03631400528063,0.899916877142332,1.11808664005381,645,826.345786557116,0.780544912907858
"A5","r3",52,1.03389383909114,0.899750957131087,1.1222533595595,645,826.345786557116,0.780544912907858
"A5","r3",52.5,1.03191017564672,0.901713560125289,1.12596142685322,645,826.345786557116,0.780544912907858
"A5","r3",53,1.0319075862483,0.904797089591245,1.12674136299094,645,826.345786557116,0.780544912907858
"A5","r3",53.5,1.03151248321026,0.910079715809446,1.12565012620571,645,826.345786557116,0.780544912907858
"A5","r3",54,1.03169675194117,0.916708986124392,1.12361745272796,645,826.345786557116,0.780544912907858
"A5","r3",54.5,1.0319332364471,0.92146753854572,1.12122128755834,645,826.345786557116,0.780544912907858
"A5","r3",55,1.03273495566257,0.927757502961682,1.11798024456816,645,826.345786557116,0.780544912907858
"A5","r3",55.5,1.03245816529273,0.928792399667738,1.11403288774904,645,826.345786557116,0.780544912907858
"A5","r3",56,1.03456559409854,0.928848142948638,1.10922718118752,645,826.345786557116,0.780544912907858
"A5","r3",56.5,1.03432940478426,0.926689365958634,1.10484706317742,645,826.345786557116,0.780544912907858
"A5","r3",57,1.03457428502951,0.925801720581972,1.10124206167126,645,826.345786557116,0.780544912907858
"A5","r3",57.5,1.03525061436538,0.925668752393708,1.09283370047992,645,826.345786557116,0.780544912907858
"A5","r3",58,1.03129722438892,0.92451606548507,1.08436651942286,645,826.345786557116,0.780544912907858
"A5","r3",58.5,1.03251797894505,0.925225593148921,1.07450012390151,645,826.345786557116,0.780544912907858
"A5","r3",59,1.03489726568532,0.924589914802601,1.07611195735128,645,826.345786557116,0.780544912907858
"A5","r3",59.5,1.03810647701618,0.924123974091406,1.07796423546664,645,826.345786557116,0.780544912907858
"A5","r3",60,1.04498289739146,0.920647811168989,1.08047931217144,645,826.345786557116,0.780544912907858
"A5","r4",0,0,0.0150279860150668,6.46982510972412,524,700.320013112145,0.748229366845311
"A5","r4",0.5,6.53038410288634e-17,0.0455000952876137,4.70763061163494,524,700.320013112145,0.748229366845311
"A5","r4",1,9.78181907502537e-17,0.105160816827891,3.64772796751331,524,700.320013112145,0.748229366845311
"A5","r4",1.5,9.11898257597338e-05,0.194060940294926,2.95412221528713,524,700.320013112145,0.748229366845311
"A5","r4",2,0.00330403611196443,0.30484135908892,2.44899965038779,524,700.320013112145,0.748229366845311
"A5","r4",2.5,0.00954913012227954,0.418675682678113,2.08773083005067,524,700.320013112145,0.748229366845311
"A5","r4",3,0.0218225194955825,0.473470546614752,1.91271223276735,524,700.320013112145,0.748229366845311
"A5","r4",3.5,0.0448274976207274,0.519369136580023,1.7698559466112,524,700.320013112145,0.748229366845311
"A5","r4",4,0.0727750784473407,0.557074248430964,1.65680946967002,524,700.320013112145,0.748229366845311
"A5","r4",4.5,0.102406432873152,0.585547580830234,1.56353552948409,524,700.320013112145,0.748229366845311
"A5","r4",5,0.132938685935621,0.608918140551759,1.48252964675414,524,700.320013112145,0.748229366845311
"A5","r4",5.5,0.167494608298831,0.633928821370134,1.4063470086626,524,700.320013112145,0.748229366845311
"A5","r4",6,0.204739956635434,0.661040874509461,1.32792257918694,524,700.320013112145,0.748229366845311
"A5","r4",6.5,0.246888878760097,0.691155254403753,1.29553925872309,524,700.320013112145,0.748229366845311
"A5","r4",7,0.29494949551275,0.71938724328135,1.31950022792163,524,700.320013112145,0.748229366845311
"A5","r4",7.5,0.352199051939453,0.744531183326271,1.3633660755051,524,700.320013112145,0.748229366845311
"A5","r4",8,0.413363830893536,0.772216300243066,1.38899875006565,524,700.320013112145,0.748229366845311
"A5","r4",8.5,0.471653240495806,0.793338930290624,1.39551512840867,524,700.320013112145,0.748229366845311
"A5","r4",9,0.531085906575983,0.81078256747544,1.38158290274704,524,700.320013112145,0.748229366845311
"A5","r4",9.5,0.593812174603491,0.803026675522233,1.34727529728741,524,700.320013112145,0.748229366845311
"A5","r4",10,0.65767724209602,0.793891824877972,1.29724211305572,524,700.320013112145,0.748229366845311
"A5","r4",10.5,0.719579289459199,0.789759263168547,1.25242114231169,524,700.320013112145,0.748229366845311
"A5","r4",11,0.777119833268369,0.785771692443519,1.20002764205396,524,700.320013112145,0.748229366845311
"A5","r4",11.5,0.833470323183298,0.789198880836528,1.19588479972684,524,700.320013112145,0.748229366845311
"A5","r4",12,0.890900310269525,0.80255387268543,1.20334890146687,524,700.320013112145,0.748229366845311
"A5","r4",12.5,0.941752059856928,0.822358201507135,1.20117980397621,524,700.320013112145,0.748229366845311
"A5","r4",13,0.9885272640087,0.827205065143404,1.18374321915457,524,700.320013112145,0.748229366845311
"A5","r4",13.5,1.02691984516232,0.835052218628548,1.16127847937044,524,700.320013112145,0.748229366845311
"A5","r4",14,1.06255801699191,0.823390499868649,1.14305454170371,524,700.320013112145,0.748229366845311
"A5","r4",14.5,1.09742290621035,0.815723754753273,1.13502964866992,524,700.320013112145,0.748229366845311
"A5","r4",15,1.13753605918036,0.817860578384136,1.14473404719331,524,700.320013112145,0.748229366845311
"A5","r4",15.5,1.17109190777994,0.828714011398985,1.1487793059243,524,700.320013112145,0.748229366845311
"A5","r4",16,1.19969315892206,0.847636008459081,1.15219356130274,524,700.320013112145,0.748229366845311
"A5","r4",16.5,1.2257800474291,0.872751282173034,1.14698004749746,524,700.320013112145,0.748229366845311
"A5","r4",17,1.24924820066878,0.874445256622704,1.13841496617782,524,700.320013112145,0.748229366845311
"A5","r4",17.5,1.26758832261799,0.861986372393974,1.13187175193697,524,700.320013112145,0.748229366845311
"A5","r4",18,1.28400943712404,0.852095730299296,1.13517989165082,524,700.320013112145,0.748229366845311
"A5","r4",18.5,1.30107487319776,0.848267053382739,1.13551187402145,524,700.320013112145,0.748229366845311
"A5","r4",19,1.31748292383146,0.849164793114809,1.1295661930682,524,700.320013112145,0.748229366845311
"A5","r4",19.5,1.32637823926313,0.848965913323623,1.11802963750646,524,700.320013112145,0.748229366845311
"A5","r4",20,1.32544048896987,0.85415736033935,1.10109343349052,524,700.320013112145,0.748229366845311
"A5","r4",20.5,1.32259946822401,0.860337858883696,1.07986456644286,524,700.320013112145,0.748229366845311
"A5","r4",21,1.31604638931256,0.853154760203073,1.06400946960946,524,700.320013112145,0.748229366845311
"A5","r4",21.5,1.30256511319047,0.849577712591168,1.0774330782226,524,700.320013112145,0.748229366845311
"A5","r4",22,1.28829577992072,0.851490466280675,1.08380865536217,524,700.320013112145,0.748229366845311
"A5","r4",22.5,1.27705045845377,0.857072723885282,1.08979524887356,524,700.320013112145,0.748229366845311
"A5","r4",23,1.26914579441766,0.864128390460255,1.09007689594964,524,700.320013112145,0.748229366845311
"A5","r4",23.5,1.26513055590029,0.875727406465514,1.09223777876384,524,700.320013112145,0.748229366845311
"A5","r4",24,1.26114424827219,0.886529224847565,1.09313337162178,524,700.320013112145,0.748229366845311
"A5","r4",24.5,1.25493602700072,0.886816930015189,1.09624874780639,524,700.320013112145,0.748229366845311
"A5","r4",25,1.24613228697524,0.880255279957132,1.09997489949125,524,700.320013112145,0.748229366845311
"A5","r4",25.5,1.23983873080033,0.87129044735749,1.10049074547039,524,700.320013112145,0.748229366845311
"A5","r4",26,1.23510387863297,0.861631723101365,1.10053889179201,524,700.320013112145,0.748229366845311
"A5","r4",26.5,1.2304556270775,0.852846361620357,1.09985704183829,524,700.320013112145,0.748229366845311
"A5","r4",27,1.22167081559101,0.847833446425776,1.09779312950295,524,700.320013112145,0.748229366845311
"A5","r4",27.5,1.21380709370985,0.850577191357658,1.12128057290846,524,700.320013112145,0.748229366845311
"A5","r4",28,1.21254776617954,0.857233724042587,1.14019341117863,524,700.320013112145,0.748229366845311
"A5","r4",28.5,1.21362072242253,0.868576609427086,1.15014238762193,524,700.320013112145,0.748229366845311
"A5","r4",29,1.21878452252202,0.886745606521669,1.15622402066232,524,700.320013112145,0.748229366845311
"A5","r4",29.5,1.22837033269998,0.906428344062245,1.15791885775686,524,700.320013112145,0.748229366845311
"A5","r4",30,1.2396962684277,0.894777385531825,1.14971548100997,524,700.320013112145,0.748229366845311
"A5","r4",30.5,1.24760880066674,0.890417381278945,1.13758061786439,524,700.320013112145,0.748229366845311
"A5","r4",31,1.25110885749122,0.885620106079542,1.12512297928243,524,700.320013112145,0.748229366845311
"A5","r4",31.5,1.25133185927778,0.885665994148859,1.11651032308653,524,700.320013112145,0.748229366845311
"A5","r4",32,1.25159445758419,0.888631678041753,1.1022872967796,524,700.320013112145,0.748229366845311
"A5","r4",32.5,1.24952634606848,0.879653914450753,1.09552957095203,524,700.320013112145,0.748229366845311
"A5","r4",33,1.24265473713708,0.868250136035619,1.11054875328581,524,700.320013112145,0.748229366845311
"A5","r4",33.5,1.23946514734917,0.856680149053735,1.12306412419639,524,700.320013112145,0.748229366845311
"A5","r4",34,1.24206801495494,0.847498689323022,1.13448482743864,524,700.320013112145,0.748229366845311
"A5","r4",34.5,1.24383809502062,0.847606171155257,1.13928108020087,524,700.320013112145,0.748229366845311
"A5","r4",35,1.2458698145449,0.852005898105959,1.13965475852729,524,700.320013112145,0.748229366845311
"A5","r4",35.5,1.2462392461356,0.850690983145757,1.13897181637016,524,700.320013112145,0.748229366845311
"A5","r4",36,1.24420548607035,0.85148706315776,1.13879564585857,524,700.320013112145,0.748229366845311
"A5","r4",36.5,1.24346538316141,0.854157830954616,1.13729604929459,524,700.320013112145,0.748229366845311
"A5","r4",37,1.24543048220315,0.855330144438566,1.1311287836034,524,700.320013112145,0.748229366845311
"A5","r4",37.5,1.24736128082164,0.852464107907056,1.11535209260476,524,700.320013112145,0.748229366845311
"A5","r4",38,1.24672661359318,0.848273356965279,1.09587015608721,524,700.320013112145,0.748229366845311
"A5","r4",38.5,1.24425107581283,0.851111723035185,1.08993080641078,524,700.320013112145,0.748229366845311
"A5","r4",39,1.24056568618904,0.853433668522483,1.09193273900266,524,700.320013112145,0.748229366845311
"A5","r4",39.5,1.23401339810617,0.855617015608548,1.09387335544724,524,700.320013112145,0.748229366845311
"A5","r4",40,1.22461318066192,0.858995490485698,1.09322845440262,524,700.320013112145,0.748229366845311
"A5","r4",40.5,1.21440706708151,0.863884763241672,1.0988236916173,524,700.320013112145,0.748229366845311
"A5","r4",41,1.2047052532786,0.871218607279741,1.10392475202235,524,700.320013112145,0.748229366845311
"A5","r4",41.5,1.1935491312996,0.882068961235022,1.1074751885221,524,700.320013112145,0.748229366845311
"A5","r4",42,1.17860529031635,0.89426350883681,1.11028423403149,524,700.320013112145,0.748229366845311
"A5","r4",42.5,1.16364398372992,0.892601449075711,1.11316097071432,524,700.320013112145,0.748229366845311
"A5","r4",43,1.14572183621993,0.892393415886519,1.11223429790366,524,700.320013112145,0.748229366845311
"A5","r4",43.5,1.13175575447846,0.888826654177467,1.10750988648792,524,700.320013112145,0.748229366845311
"A5","r4",44,1.12058131932858,0.88482624213736,1.1122234827461,524,700.320013112145,0.748229366845311
"A5","r4",44.5,1.11367600119235,0.880093679680427,1.12051049076644,524,700.320013112145,0.748229366845311
"A5","r4",45,1.10962444595188,0.877370286135319,1.1343152601394,524,700.320013112145,0.748229366845311
"A5","r4",45.5,1.10846144448097,0.878223293700618,1.14654188015323,524,700.320013112145,0.748229366845311
"A5","r4",46,1.11007640372968,0.880934291851413,1.15280013776519,524,700.320013112145,0.748229366845311
"A5","r4",46.5,1.11056655007852,0.881254640206147,1.15267469590268,524,700.320013112145,0.748229366845311
"A5","r4",47,1.11332498290812,0.879991710031919,1.15036676480998,524,700.320013112145,0.748229366845311
"A5","r4",47.5,1.1190880373898,0.879700766723228,1.14776515645106,524,700.320013112145,0.748229366845311
"A5","r4",48,1.12940771725512,0.88202494068025,1.14362013436824,524,700.320013112145,0.748229366845311
"A5","r4",48.5,1.14624612461454,0.889015789413519,1.1386623966327,524,700.320013112145,0.748229366845311
"A5","r4",49,1.16222584556786,0.9011388685125,1.13339578512563,524,700.320013112145,0.748229366845311
"A5","r4",49.5,1.17657459849143,0.91400667811013,1.12640774473466,524,700.320013112145,0.748229366845311
"A5","r4",50,1.19404394827946,0.918808649803243,1.13289462551149,524,700.320013112145,0.748229366845311
"A5","r4",50.5,1.21324200467795,0.914906935814171,1.14199524708354,524,700.320013112145,0.748229366845311
"A5","r4",51,1.2294373720071,0.909904526337193,1.14977519638656,524,700.320013112145,0.748229366845311
"A5","r4",51.5,1.24426377035767,0.904557437650203,1.15530162386864,524,700.320013112145,0.748229366845311
"A5","r4",52,1.25532168816407,0.899966106464002,1.15408890555346,524,700.320013112145,0.748229366845311
"A5","r4",52.5,1.25928443644047,0.899673320825998,1.15179974538841,524,700.320013112145,0.748229366845311
"A5","r4",53,1.25806886687893,0.904699763299424,1.14686705917958,524,700.320013112145,0.748229366845311
"A5","r4",53.5,1.25479474318254,0.907769004897158,1.14062572503681,524,700.320013112145,0.748229366845311
"A5","r4",54,1.25126440697731,0.909264903917299,1.13164170801478,524,700.320013112145,0.748229366845311
"A5","r4",54.5,1.24314815062363,0.910736645876342,1.12031031727294,524,700.320013112145,0.748229366845311
"A5","r4",55,1.23330532386065,0.905752260364936,1.10604386779228,524,700.320013112145,0.748229366845311
"A5","r4",55.5,1.22274895789872,0.903105210056687,1.10476395692733,524,700.320013112145,0.748229366845311
"A5","r4",56,1.21266801884728,0.904479741998778,1.10610596929366,524,700.320013112145,0.748229366845311
"A5","r4",56.5,1.20185609288633,0.907131537457165,1.10744257554634,524,700.320013112145,0.748229366845311
"A5","r4",57,1.1895810640845,0.904573563702615,1.10791955596242,524,700.320013112145,0.748229366845311
"A5","r4",57.5,1.17743662875236,0.895293378915574,1.10727995396095,524,700.320013112145,0.748229366845311
"A5","r4",58,1.16865153752731,0.889180075439518,1.10375174315876,524,700.320013112145,0.748229366845311
"A5","r4",58.5,1.16245820175865,0.890525874955051,1.09496364730497,524,700.320013112145,0.748229366845311
"A5","r4",59,1.16067259807971,0.895486765184961,1.08284634986277,524,700.320013112145,0.748229366845311
"A5","r4",59.5,1.16166092523363,0.905069100465344,1.07117695303733,524,700.320013112145,0.748229366845311
"A5","r4",60,1.16388858411308,0.917179658086419,1.06776447832697,524,700.320013112145,0.748229366845311
"A5","r5",0,0.0718734060776065,0.195009781775267,4.72639094527379,929,1068.95905375581,0.869069770947668
"A5","r5",0.5,0.0850465391183959,0.313184703452266,3.39993186603315,929,1068.95905375581,0.869069770947668
"A5","r5",1,0.0974508179986463,0.441225075720605,2.61470778316716,929,1068.95905375581,0.869069770947668
"A5","r5",1.5,0.110563902575152,0.530960437730174,2.10461488129968,929,1068.95905375581,0.869069770947668
"A5","r5",2,0.122517193628252,0.612462106405334,1.76879750555193,929,1068.95905375581,0.869069770947668
"A5","r5",2.5,0.140837168886141,0.666834031462342,1.53572258577365,929,1068.95905375581,0.869069770947668
"A5","r5",3,0.164397126151954,0.705633689315966,1.36425336601828,929,1068.95905375581,0.869069770947668
"A5","r5",3.5,0.190568954709277,0.711668226962516,1.3069445086392,929,1068.95905375581,0.869069770947668
"A5","r5",4,0.221089867642368,0.722538574611857,1.26615856218674,929,1068.95905375581,0.869069770947668
"A5","r5",4.5,0.260545277242959,0.736999836437704,1.22594010003813,929,1068.95905375581,0.869069770947668
"A5","r5",5,0.312480620249267,0.750642989048086,1.19871480665072,929,1068.95905375581,0.869069770947668
"A5","r5",5.5,0.36554047329014,0.753427612856854,1.17404256744513,929,1068.95905375581,0.869069770947668
"A5","r5",6,0.42328713317441,0.784292337254923,1.15593213179744,929,1068.95905375581,0.869069770947668
"A5","r5",6.5,0.486888557954669,0.826268108624607,1.12429438523551,929,1068.95905375581,0.869069770947668
"A5","r5",7,0.559277887689041,0.841202344292058,1.13086075437184,929,1068.95905375581,0.869069770947668
"A5","r5",7.5,0.640875701121953,0.836691077768741,1.13864277653684,929,1068.95905375581,0.869069770947668
"A5","r5",8,0.721494224410981,0.834799408279135,1.14135124894032,929,1068.95905375581,0.869069770947668
"A5","r5",8.5,0.791822923367245,0.840528857278529,1.13865661561149,929,1068.95905375581,0.869069770947668
"A5","r5",9,0.859936367576601,0.854865127127061,1.14684349315514,929,1068.95905375581,0.869069770947668
"A5","r5",9.5,0.926894677728565,0.86870223059348,1.17722738478167,929,1068.95905375581,0.869069770947668
"A5","r5",10,0.990680422249523,0.877015545546215,1.19543205765506,929,1068.95905375581,0.869069770947668
"A5","r5",10.5,1.043680316642,0.886950120765466,1.19612728898164,929,1068.95905375581,0.869069770947668
"A5","r5",11,1.08632743163812,0.896498534370052,1.18399892641397,929,1068.95905375581,0.869069770947668
"A5","r5",11.5,1.11753622585618,0.903195174647143,1.17092569515114,929,1068.95905375581,0.869069770947668
"A5","r5",12,1.14085641185386,0.906849743066493,1.15798659673264,929,1068.95905375581,0.869069770947668
"A5","r5",12.5,1.15233446890063,0.898432738224008,1.14293678582917,929,1068.95905375581,0.869069770947668
"A5","r5",13,1.15393798877537,0.900500563482535,1.13514177991758,929,1068.95905375581,0.869069770947668
"A5","r5",13.5,1.15480720954374,0.899331432222227,1.12757610491944,929,1068.95905375581,0.869069770947668
"A5","r5",14,1.16033231626278,0.896084904873302,1.11707495954356,929,1068.95905375581,0.869069770947668
"A5","r5",14.5,1.15904688090101,0.896947959633495,1.12036737169848,929,1068.95905375581,0.869069770947668
"A5","r5",15,1.14770691367011,0.894661378617969,1.12299605849396,929,1068.95905375581,0.869069770947668
"A5","r5",15.5,1.14049609697162,0.892934314735526,1.12386520363213,929,1068.95905375581,0.869069770947668
"A5","r5",16,1.13625773779263,0.894412808154042,1.12257249184418,929,1068.95905375581,0.869069770947668
"A5","r5",16.5,1.1400340600322,0.888239194947155,1.11940214095397,929,1068.95905375581,0.869069770947668
"A5","r5",17,1.15097039699254,0.883138927279027,1.11436525088112,929,1068.95905375581,0.869069770947668
"A5","r5",17.5,1.15467893971241,0.877265218828422,1.10830951362739,929,1068.95905375581,0.869069770947668
"A5","r5",18,1.16314206522115,0.875247477846276,1.11126845576879,929,1068.95905375581,0.869069770947668
"A5","r5",18.5,1.17317979053244,0.87842020704895,1.11684646430136,929,1068.95905375581,0.869069770947668
"A5","r5",19,1.18750430505379,0.888664168924999,1.11923679869775,929,1068.95905375581,0.869069770947668
"A5","r5",19.5,1.19727841813147,0.892922668894354,1.11571391796715,929,1068.95905375581,0.869069770947668
"A5","r5",20,1.20412107846455,0.879470498538435,1.10883746485002,929,1068.95905375581,0.869069770947668
"A5","r5",20.5,1.20506474114552,0.869122205220471,1.10627035030794,929,1068.95905375581,0.869069770947668
"A5","r5",21,1.20069876685472,0.860723219977165,1.11104865749673,929,1068.95905375581,0.869069770947668
"A5","r5",21.5,1.19575604136674,0.855954804419194,1.11846243147709,929,1068.95905375581,0.869069770947668
"A5","r5",22,1.18414763085483,0.857199362247113,1.12751349269696,929,1068.95905375581,0.869069770947668
"A5","r5",22.5,1.17256476664401,0.861252226278436,1.13342655565533,929,1068.95905375581,0.869069770947668
"A5","r5",23,1.16625587685751,0.869236575131292,1.13370302898487,929,1068.95905375581,0.869069770947668
"A5","r5",23.5,1.16347757025572,0.880116425783512,1.13039757162718,929,1068.95905375581,0.869069770947668
"A5","r5",24,1.15327953391351,0.896090185679049,1.12828625835879,929,1068.95905375581,0.869069770947668
"A5","r5",24.5,1.14314905917846,0.909935012496296,1.12906012953768,929,1068.95905375581,0.869069770947668
"A5","r5",25,1.13546465724073,0.923529850344317,1.1289124299328,929,1068.95905375581,0.869069770947668
"A5","r5",25.5,1.12598445221014,0.934049593792257,1.12946991957903,929,1068.95905375581,0.869069770947668
"A5","r5",26,1.12011496678093,0.943750950757858,1.13046186404746,929,1068.95905375581,0.869069770947668
"A5","r5",26.5,1.11772978104923,0.936665869355474,1.12850217130636,929,1068.95905375581,0.869069770947668
"A5","r5",27,1.11756376842991,0.926223889053726,1.12697567510009,929,1068.95905375581,0.869069770947668
"A5","r5",27.5,1.12395583376716,0.918758155105963,1.11831765023884,929,1068.95905375581,0.869069770947668
"A5","r5",28,1.13298573986862,0.919389690389882,1.10906681744114,929,1068.95905375581,0.869069770947668
"A5","r5",28.5,1.14054526853012,0.922783613383427,1.11151826502703,929,1068.95905375581,0.869069770947668
"A5","r5",29,1.14689274320903,0.924209240526682,1.1152773172329,929,1068.95905375581,0.869069770947668
"A5","r5",29.5,1.15020784084907,0.922602908852215,1.11714863570459,929,1068.95905375581,0.869069770947668
"A5","r5",30,1.14906909875089,0.911478957499147,1.11319879420938,929,1068.95905375581,0.869069770947668
"A5","r5",30.5,1.15214765007485,0.907179539054936,1.10648635341983,929,1068.95905375581,0.869069770947668
"A5","r5",31,1.15431515448506,0.904432359974302,1.09783465984348,929,1068.95905375581,0.869069770947668
"A5","r5",31.5,1.15222810476832,0.905179440064625,1.09980447715007,929,1068.95905375581,0.869069770947668
"A5","r5",32,1.14704332281637,0.9087213191817,1.10032261012145,929,1068.95905375581,0.869069770947668
"A5","r5",32.5,1.1429752611645,0.916116146372905,1.09873457874142,929,1068.95905375581,0.869069770947668
"A5","r5",33,1.14124813945455,0.924158626882,1.09692491606998,929,1068.95905375581,0.869069770947668
"A5","r5",33.5,1.13875955383279,0.928601640174545,1.09141809064154,929,1068.95905375581,0.869069770947668
"A5","r5",34,1.13491015797644,0.927551406815319,1.07972260840736,929,1068.95905375581,0.869069770947668
"A5","r5",34.5,1.13217418197149,0.925464006186261,1.0790007675561,929,1068.95905375581,0.869069770947668
"A5","r5",35,1.12889864458676,0.931274158893806,1.08232803562945,929,1068.95905375581,0.869069770947668
"A5","r5",35.5,1.12436212031513,0.937870913504482,1.08430456860473,929,1068.95905375581,0.869069770947668
"A5","r5",36,1.11749599489572,0.931478280902717,1.07917291415277,929,1068.95905375581,0.869069770947668
"A5","r5",36.5,1.11117436853276,0.922086895615454,1.07962117172128,929,1068.95905375581,0.869069770947668
"A5","r5",37,1.1082594401495,0.912331846892858,1.08706857999311,929,1068.95905375581,0.869069770947668
"A5","r5",37.5,1.1057231431158,0.905806365879431,1.09045701187749,929,1068.95905375581,0.869069770947668
"A5","r5",38,1.10414261396808,0.905553171283722,1.0925979234131,929,1068.95905375581,0.869069770947668
"A5","r5",38.5,1.10390014155189,0.91309138352198,1.09073470870895,929,1068.95905375581,0.869069770947668
"A5","r5",39,1.10907907110938,0.927466290128447,1.0874825097622,929,1068.95905375581,0.869069770947668
"A5","r5",39.5,1.11531940258139,0.938949332994181,1.08458530367984,929,1068.95905375581,0.869069770947668
"A5","r5",40,1.12669491600876,0.943246387535604,1.08591747358362,929,1068.95905375581,0.869069770947668
"A5","r5",40.5,1.13532162013959,0.942612821880977,1.08655059136566,929,1068.95905375581,0.869069770947668
"A5","r5",41,1.14107613903527,0.934393243895165,1.08278914677997,929,1068.95905375581,0.869069770947668
"A5","r5",41.5,1.14440934542454,0.929758042997597,1.07721666606227,929,1068.95905375581,0.869069770947668
"A5","r5",42,1.15132572407624,0.927728455146845,1.06885599743447,929,1068.95905375581,0.869069770947668
"A5","r5",42.5,1.15884371562784,0.925053306481218,1.07205320830966,929,1068.95905375581,0.869069770947668
"A5","r5",43,1.16636904327298,0.927245060381954,1.0811310654808,929,1068.95905375581,0.869069770947668
"A5","r5",43.5,1.17292897815203,0.928750715948665,1.08668698350572,929,1068.95905375581,0.869069770947668
"A5","r5",44,1.1795817264219,0.931495573926568,1.08976452929909,929,1068.95905375581,0.869069770947668
"A5","r5",44.5,1.18157301329556,0.936283370211483,1.08887062801772,929,1068.95905375581,0.869069770947668
"A5","r5",45,1.18030061925067,0.943263290558815,1.09085803737735,929,1068.95905375581,0.869069770947668
"A5","r5",45.5,1.17771773004377,0.95051620571692,1.09047325045531,929,1068.95905375581,0.869069770947668
"A5","r5",46,1.17134570230255,0.955367783117814,1.08708280652537,929,1068.95905375581,0.869069770947668
"A5","r5",46.5,1.16188909746521,0.951596686678276,1.08258585922254,929,1068.95905375581,0.869069770947668
"A5","r5",47,1.15080540729913,0.950306374758375,1.07828012758524,929,1068.95905375581,0.869069770947668
"A5","r5",47.5,1.13874388761671,0.942521569627586,1.0737152606487,929,1068.95905375581,0.869069770947668
"A5","r5",48,1.1275410200503,0.938216815251739,1.06918009829732,929,1068.95905375581,0.869069770947668
"A5","r5",48.5,1.11829510181274,0.936506866161144,1.06182686923629,929,1068.95905375581,0.869069770947668
"A5","r5",49,1.10874998708578,0.933176169567604,1.05840806024471,929,1068.95905375581,0.869069770947668
"A5","r5",49.5,1.09998211453397,0.927298012546729,1.05634923468924,929,1068.95905375581,0.869069770947668
"A5","r5",50,1.0858889080956,0.925311013862419,1.0563862233984,929,1068.95905375581,0.869069770947668
"A5","r5",50.5,1.06928207195731,0.924500558147528,1.06538057582367,929,1068.95905375581,0.869069770947668
"A5","r5",51,1.057497126968,0.922264005069842,1.07135010621421,929,1068.95905375581,0.869069770947668
"A5","r5",51.5,1.04783685557442,0.922550418741036,1.0757520330882,929,1068.95905375581,0.869069770947668
"A5","r5",52,1.03893931761068,0.926135042759087,1.07561790822483,929,1068.95905375581,0.869069770947668
"A5","r5",52.5,1.03329797112504,0.932548691383364,1.07508433771866,929,1068.95905375581,0.869069770947668
"A5","r5",53,1.02972036592346,0.94080940735638,1.07459476453491,929,1068.95905375581,0.869069770947668
"A5","r5",53.5,1.02549080927701,0.947118535899649,1.07296978700458,929,1068.95905375581,0.869069770947668
"A5","r5",54,1.02385426627598,0.951493411103148,1.06972951471442,929,1068.95905375581,0.869069770947668
"A5","r5",54.5,1.02615491652277,0.946359884262864,1.070348923813,929,1068.95905375581,0.869069770947668
"A5","r5",55,1.02754545916471,0.94115354532221,1.07202992128426,929,1068.95905375581,0.869069770947668
"A5","r5",55.5,1.02641607217938,0.934038783681475,1.07378563125698,929,1068.95905375581,0.869069770947668
"A5","r5",56,1.02575909047946,0.927188711790473,1.07298733705532,929,1068.95905375581,0.869069770947668
"A5","r5",56.5,1.02583624115425,0.920521303640572,1.06974368952887,929,1068.95905375581,0.869069770947668
"A5","r5",57,1.02706403346182,0.915029479408001,1.06617555063422,929,1068.95905375581,0.869069770947668
"A5","r5",57.5,1.02642554442034,0.91265683814081,1.06738049437516,929,1068.95905375581,0.869069770947668
"A5","r5",58,1.02740038221422,0.911372583232381,1.0655332997948,929,1068.95905375581,0.869069770947668
"A5","r5",58.5,1.02918405625924,0.909222099335494,1.06564328533173,929,1068.95905375581,0.869069770947668
"A5","r5",59,1.03148724668723,0.906881223048116,1.06782141354206,929,1068.95905375581,0.869069770947668
"A5","r5",59.5,1.02989154925213,0.903924610574742,1.07093939592223,929,1068.95905375581,0.869069770947668
"A5","r5",60,1.03033454150442,0.903169699044964,1.07322289637877,929,1068.95905375581,0.869069770947668
"A6","r1",0,0.29501831318852,0.113445829371329,8.35053298076484,669,724.253884998178,0.923709232159221
"A6","r1",0.5,0.365262393490079,0.187977435903783,6.05630219251969,669,724.253884998178,0.923709232159221
"A6","r1",1,0.444971634912934,0.261042270178379,4.65053819181403,669,724.253884998178,0.923709232159221
"A6","r1",1.5,0.514900708406976,0.336043348780046,3.70763920912355,669,724.253884998178,0.923709232159221
"A6","r1",2,0.574098646170934,0.419768109877011,3.04641913651315,669,724.253884998178,0.923709232159221
"A6","r1",2.5,0.629590599199115,0.512009523469082,2.58360454087883,669,724.253884998178,0.923709232159221
"A6","r1",3,0.683822187368567,0.608385691268185,2.25595976338227,669,724.253884998178,0.923709232159221
"A6","r1",3.5,0.741283555386739,0.69640035474045,2.01634919378943,669,724.253884998178,0.923709232159221
"A6","r1",4,0.795913248619266,0.717211641655666,1.83063682372363,669,724.253884998178,0.923709232159221
"A6","r1",4.5,0.849605525422014,0.735672048709364,1.67717898064541,669,724.253884998178,0.923709232159221
"A6","r1",5,0.914423010158505,0.754637384891781,1.53909469578614,669,724.253884998178,0.923709232159221
"A6","r1",5.5,0.983393830450758,0.776606034054762,1.41442351584968,669,724.253884998178,0.923709232159221
"A6","r1",6,1.05241789912359,0.779555532169604,1.32044413380437,669,724.253884998178,0.923709232159221
"A6","r1",6.5,1.11218888727798,0.780526565277812,1.31163892498576,669,724.253884998178,0.923709232159221
"A6","r1",7,1.16391852666697,0.806997599790014,1.28453588460097,669,724.253884998178,0.923709232159221
"A6","r1",7.5,1.20358675866482,0.839888331136542,1.26316077301318,669,724.253884998178,0.923709232159221
"A6","r1",8,1.24350518809178,0.86560325007403,1.24896676359736,669,724.253884998178,0.923709232159221
"A6","r1",8.5,1.2762574550422,0.849364740151419,1.2375881423489,669,724.253884998178,0.923709232159221
"A6","r1",9,1.2941284003484,0.836274759217389,1.22175975998877,669,724.253884998178,0.923709232159221
"A6","r1",9.5,1.30236490398647,0.820171336584259,1.21067835293899,669,724.253884998178,0.923709232159221
"A6","r1",10,1.31116724015135,0.817376678934406,1.19838117465971,669,724.253884998178,0.923709232159221
"A6","r1",10.5,1.31674735979419,0.822547526000918,1.18998427696253,669,724.253884998178,0.923709232159221
"A6","r1",11,1.32665987218568,0.823694492098155,1.18631865351902,669,724.253884998178,0.923709232159221
"A6","r1",11.5,1.3345648096827,0.823049490586495,1.19110711990948,669,724.253884998178,0.923709232159221
"A6","r1",12,1.3384004653989,0.82428574173096,1.19048834194442,669,724.253884998178,0.923709232159221
"A6","r1",12.5,1.34345086285304,0.825472547222948,1.18581470432742,669,724.253884998178,0.923709232159221
"A6","r1",13,1.34026009219992,0.822796062019077,1.17749032869829,669,724.253884998178,0.923709232159221
"A6","r1",13.5,1.33270480115024,0.820831750137249,1.16890962469214,669,724.253884998178,0.923709232159221
"A6","r1",14,1.32743851923648,0.822949769858478,1.16163986573492,669,724.253884998178,0.923709232159221
"A6","r1",14.5,1.32456115582639,0.828522848998585,1.15457525584026,669,724.253884998178,0.923709232159221
"A6","r1",15,1.31435862697081,0.833608610115275,1.14584737205851,669,724.253884998178,0.923709232159221
"A6","r1",15.5,1.29475858885246,0.83926443581189,1.12971336966714,669,724.253884998178,0.923709232159221
"A6","r1",16,1.27562977469331,0.84373911007914,1.13217698613688,669,724.253884998178,0.923709232159221
"A6","r1",16.5,1.2619131482404,0.849656825055494,1.13307473305442,669,724.253884998178,0.923709232159221
"A6","r1",17,1.24712257908202,0.859685427974341,1.13193123814355,669,724.253884998178,0.923709232159221
"A6","r1",17.5,1.23359636499698,0.867587159809754,1.12656836933868,669,724.253884998178,0.923709232159221
"A6","r1",18,1.22026913088111,0.864421536805778,1.12227424551759,669,724.253884998178,0.923709232159221
"A6","r1",18.5,1.20327333246067,0.858443653286382,1.11838027160189,669,724.253884998178,0.923709232159221
"A6","r1",19,1.19095179481731,0.853916385576437,1.11624015642182,669,724.253884998178,0.923709232159221
"A6","r1",19.5,1.1890421886867,0.85141674705954,1.11102518431518,669,724.253884998178,0.923709232159221
"A6","r1",20,1.18445906556727,0.85065251933787,1.1065457977678,669,724.253884998178,0.923709232159221
"A6","r1",20.5,1.18352523621944,0.847522150656718,1.10071614766664,669,724.253884998178,0.923709232159221
"A6","r1",21,1.18649841616268,0.851930081863497,1.1168552426872,669,724.253884998178,0.923709232159221
"A6","r1",21.5,1.18774952704144,0.85573645904952,1.12750809774146,669,724.253884998178,0.923709232159221
"A6","r1",22,1.19021708830678,0.860952864035715,1.13257541962981,669,724.253884998178,0.923709232159221
"A6","r1",22.5,1.19680915734128,0.87317585778288,1.13260386925351,669,724.253884998178,0.923709232159221
"A6","r1",23,1.19867192738443,0.884444643303989,1.12633466107755,669,724.253884998178,0.923709232159221
"A6","r1",23.5,1.1986483178188,0.871460441266964,1.12615212122137,669,724.253884998178,0.923709232159221
"A6","r1",24,1.20118160303458,0.860371129242514,1.13705710369416,669,724.253884998178,0.923709232159221
"A6","r1",24.5,1.20249141663965,0.855485957023571,1.14648021497842,669,724.253884998178,0.923709232159221
"A6","r1",25,1.20689020990555,0.848774549305531,1.151133807189,669,724.253884998178,0.923709232159221
"A6","r1",25.5,1.21800518061427,0.847010479557095,1.1569262883361,669,724.253884998178,0.923709232159221
"A6","r1",26,1.23002177993298,0.848696565731974,1.16049480879541,669,724.253884998178,0.923709232159221
"A6","r1",26.5,1.2359539520034,0.850657074924826,1.16223555486548,669,724.253884998178,0.923709232159221
"A6","r1",27,1.23780202229373,0.854639901543163,1.16189825051385,669,724.253884998178,0.923709232159221
"A6","r1",27.5,1.23512070745773,0.865708609537899,1.15738819336321,669,724.253884998178,0.923709232159221
"A6","r1",28,1.23141184770749,0.87610460552758,1.15198806335153,669,724.253884998178,0.923709232159221
"A6","r1",28.5,1.23422825681252,0.873336818034883,1.14188113262123,669,724.253884998178,0.923709232159221
"A6","r1",29,1.24141058905528,0.869918483431001,1.12991664335025,669,724.253884998178,0.923709232159221
"A6","r1",29.5,1.24474064384907,0.866173743698552,1.11825936133004,669,724.253884998178,0.923709232159221
"A6","r1",30,1.24548628937333,0.866018635625943,1.1061088693913,669,724.253884998178,0.923709232159221
"A6","r1",30.5,1.24858390694652,0.871802785460972,1.09640697119686,669,724.253884998178,0.923709232159221
"A6","r1",31,1.25091111330032,0.874512121786204,1.10047733258935,669,724.253884998178,0.923709232159221
"A6","r1",31.5,1.2486345869573,0.881114859634199,1.10019599669652,669,724.253884998178,0.923709232159221
"A6","r1",32,1.25422411470517,0.888869993798074,1.09955520490841,669,724.253884998178,0.923709232159221
"A6","r1",32.5,1.25698715946008,0.894985873465098,1.09927566970994,669,724.253884998178,0.923709232159221
"A6","r1",33,1.25569856579456,0.901282977914021,1.10106160783611,669,724.253884998178,0.923709232159221
"A6","r1",33.5,1.25283998539183,0.903070609769808,1.10050502342557,669,724.253884998178,0.923709232159221
"A6","r1",34,1.24931936696189,0.901058931214244,1.10426119928258,669,724.253884998178,0.923709232159221
"A6","r1",34.5,1.24430218649456,0.897535850090558,1.10752957823412,669,724.253884998178,0.923709232159221
"A6","r1",35,1.23975912276777,0.895764033642071,1.10978398296088,669,724.253884998178,0.923709232159221
"A6","r1",35.5,1.23798206919506,0.893121995085121,1.11093652843423,669,724.253884998178,0.923709232159221
"A6","r1",36,1.23005821810682,0.894826779942925,1.10732352494482,669,724.253884998178,0.923709232159221
"A6","r1",36.5,1.21912130489511,0.900418910890191,1.09953533754242,669,724.253884998178,0.923709232159221
"A6","r1",37,1.2099359873172,0.910667741231585,1.08701254803041,669,724.253884998178,0.923709232159221
"A6","r1",37.5,1.2002290209165,0.918638034845562,1.08831517031091,669,724.253884998178,0.923709232159221
"A6","r1",38,1.19225832716792,0.911641679329393,1.09404278963605,669,724.253884998178,0.923709232159221
"A6","r1",38.5,1.17851904416341,0.901687172061297,1.10052611909335,669,724.253884998178,0.923709232159221
"A6","r1",39,1.16435965838342,0.890463875810718,1.10986550050827,669,724.253884998178,0.923709232159221
"A6","r1",39.5,1.15537634161555,0.879532041750384,1.11737783927007,669,724.253884998178,0.923709232159221
"A6","r1",40,1.15262309786119,0.875509136112153,1.11992877033781,669,724.253884998178,0.923709232159221
"A6","r1",40.5,1.14828117279982,0.875952267010153,1.13281448884065,669,724.253884998178,0.923709232159221
"A6","r1",41,1.14116737279369,0.879623639813798,1.14389072819316,669,724.253884998178,0.923709232159221
"A6","r1",41.5,1.13715940429324,0.884406553190446,1.1537518602396,669,724.253884998178,0.923709232159221
"A6","r1",42,1.13347710251462,0.871241644958404,1.15805197723405,669,724.253884998178,0.923709232159221
"A6","r1",42.5,1.12549452360007,0.859567025904628,1.15695784704578,669,724.253884998178,0.923709232159221
"A6","r1",43,1.12087817174519,0.853294242788145,1.15181784663168,669,724.253884998178,0.923709232159221
"A6","r1",43.5,1.12209908602963,0.854238541692251,1.1421162976244,669,724.253884998178,0.923709232159221
"A6","r1",44,1.12408609746349,0.856998830964842,1.13111787172302,669,724.253884998178,0.923709232159221
"A6","r1",44.5,1.12711504049973,0.858337326457969,1.1204257626809,669,724.253884998178,0.923709232159221
"A6","r1",45,1.12768868534754,0.85882748878117,1.10855625776697,669,724.253884998178,0.923709232159221
"A6","r1",45.5,1.13113305529733,0.864417961014449,1.10012884645827,669,724.253884998178,0.923709232159221
"A6","r1",46,1.13437590786653,0.872031949670599,1.09103415476008,669,724.253884998178,0.923709232159221
"A6","r1",46.5,1.14064851275053,0.87983175120296,1.08234243959242,669,724.253884998178,0.923709232159221
"A6","r1",47,1.14654619624225,0.884457820525327,1.07250171962818,669,724.253884998178,0.923709232159221
"A6","r1",47.5,1.14724033608107,0.888748694331154,1.07269000291392,669,724.253884998178,0.923709232159221
"A6","r1",48,1.14786127831211,0.893429624932918,1.08020330259742,669,724.253884998178,0.923709232159221
"A6","r1",48.5,1.14670109583795,0.898694266619685,1.08034423518544,669,724.253884998178,0.923709232159221
"A6","r1",49,1.14508878606518,0.904917290494194,1.0817144336902,669,724.253884998178,0.923709232159221
"A6","r1",49.5,1.14276579483518,0.910707763549224,1.08335362124374,669,724.253884998178,0.923709232159221
"A6","r1",50,1.14136517449884,0.916704449063333,1.08220176186085,669,724.253884998178,0.923709232159221
"A6","r1",50.5,1.13938008053539,0.907308685772172,1.08175285298148,669,724.253884998178,0.923709232159221
"A6","r1",51,1.13792132431947,0.904587933679195,1.07980062755828,669,724.253884998178,0.923709232159221
"A6","r1",51.5,1.13583988772112,0.903710116232776,1.08230465119352,669,724.253884998178,0.923709232159221
"A6","r1",52,1.13193386441939,0.906930879448112,1.08597330002183,669,724.253884998178,0.923709232159221
"A6","r1",52.5,1.12888714563283,0.909958661408248,1.09029887490819,669,724.253884998178,0.923709232159221
"A6","r1",53,1.12685632502656,0.912197416701395,1.09335430911895,669,724.253884998178,0.923709232159221
"A6","r1",53.5,1.12346869475215,0.913931477697333,1.09167974220297,669,724.253884998178,0.923709232159221
"A6","r1",54,1.11722716718273,0.917616097471059,1.08588912650471,669,724.253884998178,0.923709232159221
"A6","r1",54.5,1.11296365718463,0.92255406605797,1.07648492659108,669,724.253884998178,0.923709232159221
"A6","r1",55,1.11049082157417,0.925914481898207,1.06678090826783,669,724.253884998178,0.923709232159221
"A6","r1",55.5,1.11052893606251,0.92967144333953,1.06818750738661,669,724.253884998178,0.923709232159221
"A6","r1",56,1.11208919395737,0.93418564215872,1.07555479057261,669,724.253884998178,0.923709232159221
"A6","r1",56.5,1.11606977011299,0.939185251045129,1.08760171959512,669,724.253884998178,0.923709232159221
"A6","r1",57,1.11900303662458,0.939027863535408,1.09540525610585,669,724.253884998178,0.923709232159221
"A6","r1",57.5,1.12095722200816,0.935254505284756,1.10103744460837,669,724.253884998178,0.923709232159221
"A6","r1",58,1.12248294800843,0.933565230600174,1.10511397405729,669,724.253884998178,0.923709232159221
"A6","r1",58.5,1.12659374991574,0.927236080932661,1.10519336779772,669,724.253884998178,0.923709232159221
"A6","r1",59,1.13060593589124,0.914495286896793,1.10276478878924,669,724.253884998178,0.923709232159221
"A6","r1",59.5,1.13393283014178,0.904355429625137,1.09931235218807,669,724.253884998178,0.923709232159221
"A6","r1",60,1.13381667288451,0.898872737871968,1.09516495309174,669,724.253884998178,0.923709232159221
"A6","r2",0,0.392563259591852,0.0886297034181257,3.23037198177356,539,598.875408551775,0.900020258476519
"A6","r2",0.5,0.453743860009238,0.169302523687446,2.6765824204218,539,598.875408551775,0.900020258476519
"A6","r2",1,0.509033944355254,0.2653528685712,2.28510563465512,539,598.875408551775,0.900020258476519
"A6","r2",1.5,0.577361647775564,0.361731589222011,1.97217058406523,539,598.875408551775,0.900020258476519
"A6","r2",2,0.648630038588257,0.445270603769692,1.74242912335564,539,598.875408551775,0.900020258476519
"A6","r2",2.5,0.713299869836062,0.508909853535007,1.57052016500897,539,598.875408551775,0.900020258476519
"A6","r2",3,0.770063877841483,0.560561397674196,1.44527625294099,539,598.875408551775,0.900020258476519
"A6","r2",3.5,0.826815988618494,0.604990885176001,1.35536191108505,539,598.875408551775,0.900020258476519
"A6","r2",4,0.878121582553612,0.642624191520094,1.29088135331083,539,598.875408551775,0.900020258476519
"A6","r2",4.5,0.930359336055726,0.671098078587734,1.23938501974583,539,598.875408551775,0.900020258476519
"A6","r2",5,0.9866777289568,0.700062753863634,1.2000031737484,539,598.875408551775,0.900020258476519
"A6","r2",5.5,1.04509891578459,0.728197661388571,1.17820183757872,539,598.875408551775,0.900020258476519
"A6","r2",6,1.11261372858026,0.752648809825028,1.18692654579419,539,598.875408551775,0.900020258476519
"A6","r2",6.5,1.18834943241495,0.773261434591814,1.21557875625846,539,598.875408551775,0.900020258476519
"A6","r2",7,1.25942169314173,0.787707239164237,1.23380946737309,539,598.875408551775,0.900020258476519
"A6","r2",7.5,1.32807073070513,0.79197389267839,1.25149602518199,539,598.875408551775,0.900020258476519
"A6","r2",8,1.3922419043929,0.787769379354729,1.26370693658081,539,598.875408551775,0.900020258476519
"A6","r2",8.5,1.45588108872044,0.78839704336692,1.2638654039546,539,598.875408551775,0.900020258476519
"A6","r2",9,1.51341809246374,0.792576451051635,1.25458620084328,539,598.875408551775,0.900020258476519
"A6","r2",9.5,1.55629903329957,0.792886664484466,1.2488988127992,539,598.875408551775,0.900020258476519
"A6","r2",10,1.59270604897692,0.789892525505067,1.2475538847177,539,598.875408551775,0.900020258476519
"A6","r2",10.5,1.6229464516665,0.800583099852615,1.24043332676203,539,598.875408551775,0.900020258476519
"A6","r2",11,1.64974380829274,0.813553600787932,1.22959892774326,539,598.875408551775,0.900020258476519
"A6","r2",11.5,1.66591540906637,0.814997776176776,1.20961671949133,539,598.875408551775,0.900020258476519
"A6","r2",12,1.68986993543939,0.81878958264778,1.20149266254395,539,598.875408551775,0.900020258476519
"A6","r2",12.5,1.70600768957759,0.823326078304506,1.19488552595426,539,598.875408551775,0.900020258476519
"A6","r2",13,1.71937113377651,0.826926744397367,1.18735146717294,539,598.875408551775,0.900020258476519
"A6","r2",13.5,1.73385886949551,0.82866893909129,1.18293994522892,539,598.875408551775,0.900020258476519
"A6","r2",14,1.75907134382879,0.836971480408089,1.18161970758681,539,598.875408551775,0.900020258476519
"A6","r2",14.5,1.78656374128934,0.830751828035751,1.20183964197243,539,598.875408551775,0.900020258476519
"A6","r2",15,1.8066649229392,0.813243379162247,1.22070034995298,539,598.875408551775,0.900020258476519
"A6","r2",15.5,1.8219379993073,0.799496429651312,1.23310245688292,539,598.875408551775,0.900020258476519
"A6","r2",16,1.82978319427319,0.793578715306571,1.23727350248213,539,598.875408551775,0.900020258476519
"A6","r2",16.5,1.82912044173232,0.789725191634375,1.24120294686959,539,598.875408551775,0.900020258476519
"A6","r2",17,1.82140017746102,0.795864867561343,1.24274315158216,539,598.875408551775,0.900020258476519
"A6","r2",17.5,1.80480664834061,0.803066475055321,1.24513295710273,539,598.875408551775,0.900020258476519
"A6","r2",18,1.77499905953086,0.809433826477241,1.24858771665983,539,598.875408551775,0.900020258476519
"A6","r2",18.5,1.74513595264705,0.81551164249535,1.25327093545148,539,598.875408551775,0.900020258476519
"A6","r2",19,1.7123450269789,0.826454526486614,1.25229137749944,539,598.875408551775,0.900020258476519
"A6","r2",19.5,1.68053992874221,0.841941218867666,1.2478877404245,539,598.875408551775,0.900020258476519
"A6","r2",20,1.65015621821928,0.853843076344064,1.23637992183073,539,598.875408551775,0.900020258476519
"A6","r2",20.5,1.62674500012245,0.863996522130102,1.21457506260841,539,598.875408551775,0.900020258476519
"A6","r2",21,1.60654088519699,0.873053331201855,1.18954791845892,539,598.875408551775,0.900020258476519
"A6","r2",21.5,1.58462772155091,0.884614143599798,1.16099807364555,539,598.875408551775,0.900020258476519
"A6","r2",22,1.55702851080519,0.884852570770817,1.17550698640428,539,598.875408551775,0.900020258476519
"A6","r2",22.5,1.53905689894341,0.886793391543289,1.18681603410371,539,598.875408551775,0.900020258476519
"A6","r2",23,1.52816237315469,0.888731418489654,1.1924558358398,539,598.875408551775,0.900020258476519
"A6","r2",23.5,1.51248972351806,0.885422685046918,1.19328891448431,539,598.875408551775,0.900020258476519
"A6","r2",24,1.4924227719801,0.880325575409799,1.19712230998953,539,598.875408551775,0.900020258476519
"A6","r2",24.5,1.47294884409211,0.879085529877913,1.19562286495748,539,598.875408551775,0.900020258476519
"A6","r2",25,1.45483031933171,0.882382333274088,1.1929426363906,539,598.875408551775,0.900020258476519
"A6","r2",25.5,1.44103416213499,0.886684152849326,1.18817764693941,539,598.875408551775,0.900020258476519
"A6","r2",26,1.4299211697577,0.888249533929505,1.18735306101388,539,598.875408551775,0.900020258476519
"A6","r2",26.5,1.42354995662946,0.889234578029683,1.18491933066439,539,598.875408551775,0.900020258476519
"A6","r2",27,1.4176370665854,0.891829771222348,1.18547888729101,539,598.875408551775,0.900020258476519
"A6","r2",27.5,1.42056025703476,0.888149569457438,1.18079231937758,539,598.875408551775,0.900020258476519
"A6","r2",28,1.42973784296061,0.881733003853857,1.16973317241983,539,598.875408551775,0.900020258476519
"A6","r2",28.5,1.43884306572849,0.877332242080953,1.15225455222224,539,598.875408551775,0.900020258476519
"A6","r2",29,1.45062667623264,0.874352684592969,1.13749849552316,539,598.875408551775,0.900020258476519
"A6","r2",29.5,1.4615638259925,0.876599732214486,1.12522420326966,539,598.875408551775,0.900020258476519
"A6","r2",30,1.47053157353683,0.879991884267199,1.11832441481361,539,598.875408551775,0.900020258476519
"A6","r2",30.5,1.47466774936387,0.883284052450704,1.12739940225841,539,598.875408551775,0.900020258476519
"A6","r2",31,1.4770486412613,0.887274306441971,1.13100935868088,539,598.875408551775,0.900020258476519
"A6","r2",31.5,1.47359789120335,0.893302326086548,1.13192930444691,539,598.875408551775,0.900020258476519
"A6","r2",32,1.47042187333379,0.883132564793051,1.12881483378065,539,598.875408551775,0.900020258476519
"A6","r2",32.5,1.46784289380254,0.876613267995767,1.12182976585929,539,598.875408551775,0.900020258476519
"A6","r2",33,1.4643225672515,0.870520189103361,1.11048502987371,539,598.875408551775,0.900020258476519
"A6","r2",33.5,1.45995050088033,0.869148545701978,1.10740759627944,539,598.875408551775,0.900020258476519
"A6","r2",34,1.45627536123537,0.865735743779931,1.1023804650332,539,598.875408551775,0.900020258476519
"A6","r2",34.5,1.45225655466477,0.862583549375125,1.09077514041448,539,598.875408551775,0.900020258476519
"A6","r2",35,1.4561200090765,0.864215244898725,1.0920621976247,539,598.875408551775,0.900020258476519
"A6","r2",35.5,1.46974902248587,0.875099986265974,1.09720483349119,539,598.875408551775,0.900020258476519
"A6","r2",36,1.4792257401196,0.889191601470949,1.1118259956,539,598.875408551775,0.900020258476519
"A6","r2",36.5,1.48875162449395,0.902683077831058,1.1231726256125,539,598.875408551775,0.900020258476519
"A6","r2",37,1.49815877794055,0.901914462491721,1.12661587108518,539,598.875408551775,0.900020258476519
"A6","r2",37.5,1.50489394813514,0.899092701119024,1.12613216457459,539,598.875408551775,0.900020258476519
"A6","r2",38,1.51124227592328,0.897597329352915,1.12443224256105,539,598.875408551775,0.900020258476519
"A6","r2",38.5,1.51836624056476,0.900527890274951,1.13144564029265,539,598.875408551775,0.900020258476519
"A6","r2",39,1.52009516954653,0.899560351214197,1.13459190570452,539,598.875408551775,0.900020258476519
"A6","r2",39.5,1.52034535736967,0.887278978619555,1.13642143934426,539,598.875408551775,0.900020258476519
"A6","r2",40,1.52693076348507,0.873568261126415,1.13978432776093,539,598.875408551775,0.900020258476519
"A6","r2",40.5,1.53420254908683,0.861727318260735,1.14263688501412,539,598.875408551775,0.900020258476519
"A6","r2",41,1.53411106632888,0.859985653231765,1.14145211575727,539,598.875408551775,0.900020258476519
"A6","r2",41.5,1.529716448609,0.859213768742806,1.13849398111655,539,598.875408551775,0.900020258476519
"A6","r2",42,1.52402513724599,0.859812377986867,1.13312976490283,539,598.875408551775,0.900020258476519
"A6","r2",42.5,1.51957636666788,0.860551448263825,1.13194271936208,539,598.875408551775,0.900020258476519
"A6","r2",43,1.51432582250295,0.863472170202888,1.13178871042731,539,598.875408551775,0.900020258476519
"A6","r2",43.5,1.50963002263796,0.865587793294964,1.13010927608719,539,598.875408551775,0.900020258476519
"A6","r2",44,1.50038554625255,0.864834008785216,1.12800889232219,539,598.875408551775,0.900020258476519
"A6","r2",44.5,1.49165014001483,0.863983007353618,1.11931823678472,539,598.875408551775,0.900020258476519
"A6","r2",45,1.48111349254069,0.866629663307711,1.1078509408591,539,598.875408551775,0.900020258476519
"A6","r2",45.5,1.46974841340857,0.872335059656394,1.09558559113354,539,598.875408551775,0.900020258476519
"A6","r2",46,1.46061591467861,0.881048931239992,1.1012734011073,539,598.875408551775,0.900020258476519
"A6","r2",46.5,1.4476586902566,0.890936388950202,1.1054045294645,539,598.875408551775,0.900020258476519
"A6","r2",47,1.43528227956827,0.898248750108385,1.10942827659887,539,598.875408551775,0.900020258476519
"A6","r2",47.5,1.42639501367671,0.905008291493685,1.1111504238582,539,598.875408551775,0.900020258476519
"A6","r2",48,1.41696619637172,0.906627397984457,1.11245387577303,539,598.875408551775,0.900020258476519
"A6","r2",48.5,1.40885810820926,0.895959020427341,1.11921918562114,539,598.875408551775,0.900020258476519
"A6","r2",49,1.40029109122561,0.887570982880754,1.1254901249655,539,598.875408551775,0.900020258476519
"A6","r2",49.5,1.39027836002278,0.883846568173343,1.12994005225209,539,598.875408551775,0.900020258476519
"A6","r2",50,1.38125402170245,0.883042260429535,1.13169953396067,539,598.875408551775,0.900020258476519
"A6","r2",50.5,1.37350942864829,0.884673885543798,1.12860893984344,539,598.875408551775,0.900020258476519
"A6","r2",51,1.36708667376706,0.886792379556877,1.12466480884905,539,598.875408551775,0.900020258476519
"A6","r2",51.5,1.35678787017965,0.891528677831193,1.11937188708309,539,598.875408551775,0.900020258476519
"A6","r2",52,1.34529469404067,0.899044062948206,1.1152244108546,539,598.875408551775,0.900020258476519
"A6","r2",52.5,1.33750504652089,0.910852538246862,1.10916437073329,539,598.875408551775,0.900020258476519
"A6","r2",53,1.33053714779888,0.923053393349016,1.10714509806342,539,598.875408551775,0.900020258476519
"A6","r2",53.5,1.31822585318753,0.932135336369478,1.10395043328452,539,598.875408551775,0.900020258476519
"A6","r2",54,1.30183599598051,0.935613878047734,1.09900912510613,539,598.875408551775,0.900020258476519
"A6","r2",54.5,1.28493848417388,0.932395386130382,1.08952764237513,539,598.875408551775,0.900020258476519
"A6","r2",55,1.26816841840375,0.930287609283872,1.08018521688443,539,598.875408551775,0.900020258476519
"A6","r2",55.5,1.25070428507782,0.930894200978623,1.08690254233687,539,598.875408551775,0.900020258476519
"A6","r2",56,1.2383179691299,0.931645419162694,1.0895568554949,539,598.875408551775,0.900020258476519
"A6","r2",56.5,1.22743711109196,0.938606522983295,1.09154220414662,539,598.875408551775,0.900020258476519
"A6","r2",57,1.21693154263142,0.942038340272212,1.0926852942675,539,598.875408551775,0.900020258476519
"A6","r2",57.5,1.2054355587502,0.938173607117937,1.09764255654892,539,598.875408551775,0.900020258476519
"A6","r2",58,1.19920709877493,0.932724224451662,1.10145649773746,539,598.875408551775,0.900020258476519
"A6","r2",58.5,1.19072721305987,0.930420297387647,1.10414818037502,539,598.875408551775,0.900020258476519
"A6","r2",59,1.17837429818978,0.928682515476963,1.10547932220185,539,598.875408551775,0.900020258476519
"A6","r2",59.5,1.16357549914991,0.927661058426369,1.10282518232323,539,598.875408551775,0.900020258476519
"A6","r2",60,1.15261020313342,0.926043314808846,1.0970245641871,539,598.875408551775,0.900020258476519
"A6","r3",0,0.335222878435867,0.100843875405625,9.810501421458,296,306.401531407817,0.966052612857301
"A6","r3",0.5,0.48708360757402,0.152071959149965,8.18721127564051,296,306.401531407817,0.966052612857301
"A6","r3",1,0.656409867158624,0.210180040022839,6.92085905561838,296,306.401531407817,0.966052612857301
"A6","r3",1.5,0.828123279677545,0.266987614838176,5.89165533615626,296,306.401531407817,0.966052612857301
"A6","r3",2,0.994614572361929,0.324199053982051,5.05461291822481,296,306.401531407817,0.966052612857301
"A6","r3",2.5,1.16015364831046,0.383199231279833,4.37816928939878,296,306.401531407817,0.966052612857301
"A6","r3",3,1.32188972640703,0.422996961251333,3.83942641309979,296,306.401531407817,0.966052612857301
"A6","r3",3.5,1.48397345805584,0.454573592476527,3.40480717908301,296,306.401531407817,0.966052612857301
"A6","r3",4,1.64159122909308,0.48367173011155,3.04871843278092,296,306.401531407817,0.966052612857301
"A6","r3",4.5,1.79061530683291,0.512959337930708,2.75246833235423,296,306.401531407817,0.966052612857301
"A6","r3",5,1.92604804750337,0.543876707572863,2.50167118993411,296,306.401531407817,0.966052612857301
"A6","r3",5.5,2.04599419947994,0.573858102052616,2.28548950632007,296,306.401531407817,0.966052612857301
"A6","r3",6,2.15612159581858,0.604950699731211,2.09966089045336,296,306.401531407817,0.966052612857301
"A6","r3",6.5,2.2571880655047,0.639105782555914,1.93735121964268,296,306.401531407817,0.966052612857301
"A6","r3",7,2.34989289978128,0.674631092237055,1.79559934523439,296,306.401531407817,0.966052612857301
"A6","r3",7.5,2.43757291391601,0.706807767107415,1.66322734929466,296,306.401531407817,0.966052612857301
"A6","r3",8,2.5277743829677,0.741421457481571,1.53753003196008,296,306.401531407817,0.966052612857301
"A6","r3",8.5,2.61338820401769,0.75620281799188,1.41622921069004,296,306.401531407817,0.966052612857301
"A6","r3",9,2.69787832181269,0.756879026016345,1.38091752434445,296,306.401531407817,0.966052612857301
"A6","r3",9.5,2.77300053865382,0.751885114280322,1.35686506074981,296,306.401531407817,0.966052612857301
"A6","r3",10,2.84584900970337,0.744195800407453,1.32451866954279,296,306.401531407817,0.966052612857301
"A6","r3",10.5,2.91110407471956,0.731945492956157,1.31964566912884,296,306.401531407817,0.966052612857301
"A6","r3",11,2.96133582378867,0.728674711547417,1.31958785516716,296,306.401531407817,0.966052612857301
"A6","r3",11.5,2.99678058402891,0.72705588467551,1.31551392900164,296,306.401531407817,0.966052612857301
"A6","r3",12,3.01820317985369,0.724074485572812,1.3173330027227,296,306.401531407817,0.966052612857301
"A6","r3",12.5,3.03138064473455,0.708813216350628,1.33822821687412,296,306.401531407817,0.966052612857301
"A6","r3",13,3.03305276803983,0.681914415788126,1.36662723877319,296,306.401531407817,0.966052612857301
"A6","r3",13.5,3.03104311837472,0.661705748687285,1.38851378574173,296,306.401531407817,0.966052612857301
"A6","r3",14,3.03769264394224,0.660760044721918,1.40176666679295,296,306.401531407817,0.966052612857301
"A6","r3",14.5,3.03672921422547,0.661102759921645,1.41123731859098,296,306.401531407817,0.966052612857301
"A6","r3",15,3.04039741414551,0.660577470105112,1.41382768313135,296,306.401531407817,0.966052612857301
"A6","r3",15.5,3.04702120578309,0.656746357959264,1.41145619145093,296,306.401531407817,0.966052612857301
"A6","r3",16,3.04363931928484,0.649446791383924,1.40781803540572,296,306.401531407817,0.966052612857301
"A6","r3",16.5,3.03323716948344,0.645506152067007,1.40413207068445,296,306.401531407817,0.966052612857301
"A6","r3",17,3.01959832125169,0.645481644006026,1.39368344701891,296,306.401531407817,0.966052612857301
"A6","r3",17.5,2.99513428965359,0.657097399843258,1.37954735101132,296,306.401531407817,0.966052612857301
"A6","r3",18,2.96149901640629,0.6677366646894,1.36202985519112,296,306.401531407817,0.966052612857301
"A6","r3",18.5,2.92243643302461,0.676619775212665,1.34628011351433,296,306.401531407817,0.966052612857301
"A6","r3",19,2.88963829391869,0.696264827307023,1.3340736147164,296,306.401531407817,0.966052612857301
"A6","r3",19.5,2.85802451125222,0.721544066447757,1.31405447288255,296,306.401531407817,0.966052612857301
"A6","r3",20,2.83352109646325,0.738944149735878,1.3045709142143,296,306.401531407817,0.966052612857301
"A6","r3",20.5,2.80860880513497,0.748334082954764,1.29088905698556,296,306.401531407817,0.966052612857301
"A6","r3",21,2.77668789552624,0.760596803734946,1.27831724460434,296,306.401531407817,0.966052612857301
"A6","r3",21.5,2.73914477231136,0.775379814175625,1.27097085591893,296,306.401531407817,0.966052612857301
"A6","r3",22,2.69093772910904,0.793902401246355,1.26174283755416,296,306.401531407817,0.966052612857301
"A6","r3",22.5,2.63095177751447,0.793733169493448,1.26888438977736,296,306.401531407817,0.966052612857301
"A6","r3",23,2.56647395625577,0.794740018687416,1.27182333973972,296,306.401531407817,0.966052612857301
"A6","r3",23.5,2.4986283749981,0.796308706229848,1.26945720171386,296,306.401531407817,0.966052612857301
"A6","r3",24,2.43127195787704,0.800542430102447,1.26706606095757,296,306.401531407817,0.966052612857301
"A6","r3",24.5,2.36597801360988,0.80575251944992,1.26125661448027,296,306.401531407817,0.966052612857301
"A6","r3",25,2.31086924098284,0.811672631569724,1.25108580941197,296,306.401531407817,0.966052612857301
"A6","r3",25.5,2.26158563835213,0.821608409439662,1.24078040467845,296,306.401531407817,0.966052612857301
"A6","r3",26,2.22206614491215,0.83153630537119,1.23368107896632,296,306.401531407817,0.966052612857301
"A6","r3",26.5,2.18192288089386,0.836172373592363,1.22500206893691,296,306.401531407817,0.966052612857301
"A6","r3",27,2.14973880604601,0.838628319674349,1.21153512095225,296,306.401531407817,0.966052612857301
"A6","r3",27.5,2.1282877280939,0.838514365335703,1.19765661094699,296,306.401531407817,0.966052612857301
"A6","r3",28,2.11422790709508,0.838112693783194,1.18491903447278,296,306.401531407817,0.966052612857301
"A6","r3",28.5,2.10019881842188,0.834454823013832,1.17566072207235,296,306.401531407817,0.966052612857301
"A6","r3",29,2.08450911034578,0.836470090424751,1.18008165154873,296,306.401531407817,0.966052612857301
"A6","r3",29.5,2.06922256652751,0.837049924789151,1.19413386903439,296,306.401531407817,0.966052612857301
"A6","r3",30,2.05429920195519,0.834910411383758,1.21085644371743,296,306.401531407817,0.966052612857301
"A6","r3",30.5,2.03995731579763,0.834911155858694,1.22958943557191,296,306.401531407817,0.966052612857301
"A6","r3",31,2.03011340722935,0.837731713813141,1.24984660787259,296,306.401531407817,0.966052612857301
"A6","r3",31.5,2.02659920048225,0.842534057532327,1.26284378676798,296,306.401531407817,0.966052612857301
"A6","r3",32,2.02298362798204,0.846584755212708,1.26862339679345,296,306.401531407817,0.966052612857301
"A6","r3",32.5,2.01619028849182,0.841704637139525,1.27203914128786,296,306.401531407817,0.966052612857301
"A6","r3",33,2.00775019665211,0.832676823765186,1.2725962576784,296,306.401531407817,0.966052612857301
"A6","r3",33.5,1.99365140277999,0.826876782126957,1.27207990726348,296,306.401531407817,0.966052612857301
"A6","r3",34,1.98091378156207,0.823486040255995,1.27053395829582,296,306.401531407817,0.966052612857301
"A6","r3",34.5,1.972827851932,0.821273675030601,1.2718678292934,296,306.401531407817,0.966052612857301
"A6","r3",35,1.96322360115113,0.821175261697826,1.2680441286442,296,306.401531407817,0.966052612857301
"A6","r3",35.5,1.9566127427898,0.820959487876278,1.26042542020978,296,306.401531407817,0.966052612857301
"A6","r3",36,1.9538957019919,0.818270739419513,1.25425506887593,296,306.401531407817,0.966052612857301
"A6","r3",36.5,1.95328827149026,0.813741659662105,1.24752277871579,296,306.401531407817,0.966052612857301
"A6","r3",37,1.94979971355164,0.809437882087044,1.24494892238474,296,306.401531407817,0.966052612857301
"A6","r3",37.5,1.94944928892256,0.803055709103474,1.23775374082561,296,306.401531407817,0.966052612857301
"A6","r3",38,1.9465773318067,0.798445220841277,1.22861443701159,296,306.401531407817,0.966052612857301
"A6","r3",38.5,1.94000863502742,0.793567272673762,1.2219302396312,296,306.401531407817,0.966052612857301
"A6","r3",39,1.93164218248317,0.790224698535648,1.21355699727822,296,306.401531407817,0.966052612857301
"A6","r3",39.5,1.9229243779546,0.788577865222606,1.19967231443673,296,306.401531407817,0.966052612857301
"A6","r3",40,1.91446475996811,0.789187046578182,1.18605681252046,296,306.401531407817,0.966052612857301
"A6","r3",40.5,1.90163282256768,0.791372754242766,1.17668089529563,296,306.401531407817,0.966052612857301
"A6","r3",41,1.88723679445762,0.797069138253504,1.16228464135639,296,306.401531407817,0.966052612857301
"A6","r3",41.5,1.87173161143298,0.802426146348232,1.14570446915322,296,306.401531407817,0.966052612857301
"A6","r3",42,1.85676926357474,0.810396519214995,1.13643206601542,296,306.401531407817,0.966052612857301
"A6","r3",42.5,1.84524142261634,0.816780508890259,1.1461577997968,296,306.401531407817,0.966052612857301
"A6","r3",43,1.84021406437023,0.815582083983218,1.15355905590899,296,306.401531407817,0.966052612857301
"A6","r3",43.5,1.83074194252363,0.817110310653609,1.16228720295205,296,306.401531407817,0.966052612857301
"A6","r3",44,1.81887500571354,0.819708559728796,1.17199162939952,296,306.401531407817,0.966052612857301
"A6","r3",44.5,1.80588867093545,0.820111020607961,1.17945175726303,296,306.401531407817,0.966052612857301
"A6","r3",45,1.79698075709457,0.818541890288326,1.18985623721918,296,306.401531407817,0.966052612857301
"A6","r3",45.5,1.78511312600089,0.817450983983115,1.20250552074873,296,306.401531407817,0.966052612857301
"A6","r3",46,1.76959579946621,0.818553909051933,1.21700636175715,296,306.401531407817,0.966052612857301
"A6","r3",46.5,1.75145514261193,0.822429080946171,1.22880317987713,296,306.401531407817,0.966052612857301
"A6","r3",47,1.72994026835853,0.826066613527692,1.2377175732501,296,306.401531407817,0.966052612857301
"A6","r3",47.5,1.7092476280509,0.83116036866743,1.24625510521226,296,306.401531407817,0.966052612857301
"A6","r3",48,1.69169755355603,0.833868851120082,1.25091350126215,296,306.401531407817,0.966052612857301
"A6","r3",48.5,1.6767834971572,0.834335578326767,1.25313222512845,296,306.401531407817,0.966052612857301
"A6","r3",49,1.66016709848019,0.833485508000959,1.25472092815586,296,306.401531407817,0.966052612857301
"A6","r3",49.5,1.64043416540171,0.838084984122447,1.25502048247905,296,306.401531407817,0.966052612857301
"A6","r3",50,1.61888266664406,0.845405578893508,1.25221593482955,296,306.401531407817,0.966052612857301
"A6","r3",50.5,1.59456711403484,0.853618092959938,1.24970787421765,296,306.401531407817,0.966052612857301
"A6","r3",51,1.5691775549912,0.854363178708452,1.24761323163186,296,306.401531407817,0.966052612857301
"A6","r3",51.5,1.54334627420847,0.849423887752792,1.24760795629832,296,306.401531407817,0.966052612857301
"A6","r3",52,1.5169716047698,0.848507854772706,1.24888141776036,296,306.401531407817,0.966052612857301
"A6","r3",52.5,1.488700843231,0.848343221829493,1.24900308687419,296,306.401531407817,0.966052612857301
"A6","r3",53,1.46275889146675,0.847565077700544,1.24949632572447,296,306.401531407817,0.966052612857301
"A6","r3",53.5,1.43614706960404,0.84759172988626,1.25406289818128,296,306.401531407817,0.966052612857301
"A6","r3",54,1.40624166627032,0.848641615833638,1.26107896838433,296,306.401531407817,0.966052612857301
"A6","r3",54.5,1.3770207742017,0.846170383716479,1.26627044087081,296,306.401531407817,0.966052612857301
"A6","r3",55,1.3502308769866,0.839455932543996,1.26965253049573,296,306.401531407817,0.966052612857301
"A6","r3",55.5,1.32474875404244,0.834318059937536,1.27047319924076,296,306.401531407817,0.966052612857301
"A6","r3",56,1.29967587149668,0.832220840274481,1.26839448842302,296,306.401531407817,0.966052612857301
"A6","r3",56.5,1.27695430296564,0.829039102939491,1.26560129875745,296,306.401531407817,0.966052612857301
"A6","r3",57,1.25674843798847,0.827347440134476,1.25836363079895,296,306.401531407817,0.966052612857301
"A6","r3",57.5,1.24057573312,0.82625878002863,1.24771549674363,296,306.401531407817,0.966052612857301
"A6","r3",58,1.22449352361396,0.826498964671627,1.23566371976673,296,306.401531407817,0.966052612857301
"A6","r3",58.5,1.20729689253971,0.826415287300994,1.223126029886,296,306.401531407817,0.966052612857301
"A6","r3",59,1.18985296281816,0.825783063069117,1.20792100640882,296,306.401531407817,0.966052612857301
"A6","r3",59.5,1.17379931770526,0.827798250476322,1.19663036449079,296,306.401531407817,0.966052612857301
"A6","r3",60,1.16350994458517,0.832600007085763,1.18453409638136,296,306.401531407817,0.966052612857301
"A6","r4",0,0.400161109945896,0.0609107958628857,11.166330580881,614,658.821592898685,0.931967025091757
"A6","r4",0.5,0.482805946905253,0.116484453851055,7.54184946040278,614,658.821592898685,0.931967025091757
"A6","r4",1,0.558677491973243,0.19507258512709,5.46529682054772,614,658.821592898685,0.931967025091757
"A6","r4",1.5,0.635914243732449,0.288063614894538,4.10659352713066,614,658.821592898685,0.931967025091757
"A6","r4",2,0.707855940491834,0.390526240961153,3.20219836218254,614,658.821592898685,0.931967025091757
"A6","r4",2.5,0.776280405714155,0.491368305727624,2.58019640595438,614,658.821592898685,0.931967025091757
"A6","r4",3,0.84584960020758,0.53820519486162,2.13393962700072,614,658.821592898685,0.931967025091757
"A6","r4",3.5,0.915288852477548,0.573317784482095,1.8047346341941,614,658.821592898685,0.931967025091757
"A6","r4",4,0.977890176114745,0.607211784999567,1.55437497505458,614,658.821592898685,0.931967025091757
"A6","r4",4.5,1.04093646295029,0.639312652496566,1.4580345422943,614,658.821592898685,0.931967025091757
"A6","r4",5,1.1087784362597,0.672211641137435,1.39511105728102,614,658.821592898685,0.931967025091757
"A6","r4",5.5,1.17951268380419,0.705207011610443,1.36123165074387,614,658.821592898685,0.931967025091757
"A6","r4",6,1.25743043468312,0.743057845484809,1.36300128424263,614,658.821592898685,0.931967025091757
"A6","r4",6.5,1.33114931116041,0.773717918645887,1.35293814241216,614,658.821592898685,0.931967025091757
"A6","r4",7,1.39312737569521,0.78569273932504,1.32723207433671,614,658.821592898685,0.931967025091757
"A6","r4",7.5,1.45163743653797,0.794818331081839,1.29336085415987,614,658.821592898685,0.931967025091757
"A6","r4",8,1.50687936090717,0.808571194156782,1.26828964253797,614,658.821592898685,0.931967025091757
"A6","r4",8.5,1.54960623079794,0.827397682993008,1.24103205916939,614,658.821592898685,0.931967025091757
"A6","r4",9,1.57944640294141,0.852854550665179,1.21528720421867,614,658.821592898685,0.931967025091757
"A6","r4",9.5,1.60776362716739,0.871415866740141,1.18427505208584,614,658.821592898685,0.931967025091757
"A6","r4",10,1.63637748753371,0.876263314353038,1.21006403873112,614,658.821592898685,0.931967025091757
"A6","r4",10.5,1.65591209072475,0.871760039952348,1.23249399379015,614,658.821592898685,0.931967025091757
"A6","r4",11,1.66976237491421,0.874192354420715,1.24079474107072,614,658.821592898685,0.931967025091757
"A6","r4",11.5,1.68994986493973,0.88017037552852,1.23717903814865,614,658.821592898685,0.931967025091757
"A6","r4",12,1.70980152216379,0.88858936077143,1.23091248925136,614,658.821592898685,0.931967025091757
"A6","r4",12.5,1.72361289464953,0.885945028065877,1.20896888816978,614,658.821592898685,0.931967025091757
"A6","r4",13,1.73444427829681,0.890750360990445,1.19043804250843,614,658.821592898685,0.931967025091757
"A6","r4",13.5,1.74401612122851,0.895101017359274,1.1746931073258,614,658.821592898685,0.931967025091757
"A6","r4",14,1.74631787520508,0.899705155515697,1.15999499797281,614,658.821592898685,0.931967025091757
"A6","r4",14.5,1.74788711510679,0.908114643143035,1.15735959963265,614,658.821592898685,0.931967025091757
"A6","r4",15,1.75502290086807,0.916929128312493,1.16895404944689,614,658.821592898685,0.931967025091757
"A6","r4",15.5,1.75426953090125,0.909544255762486,1.1758950395467,614,658.821592898685,0.931967025091757
"A6","r4",16,1.75028495313217,0.901290764208173,1.17770977255028,614,658.821592898685,0.931967025091757
"A6","r4",16.5,1.75043538845381,0.897043900160319,1.16893353486603,614,658.821592898685,0.931967025091757
"A6","r4",17,1.74661398538665,0.89258282250892,1.16842100649515,614,658.821592898685,0.931967025091757
"A6","r4",17.5,1.74424124715939,0.895424336260181,1.16830811346707,614,658.821592898685,0.931967025091757
"A6","r4",18,1.74521335332601,0.90000121032189,1.16786942047796,614,658.821592898685,0.931967025091757
"A6","r4",18.5,1.74152842121508,0.892007562455611,1.16758232851276,614,658.821592898685,0.931967025091757
"A6","r4",19,1.73602130055795,0.891094056582763,1.16351800758253,614,658.821592898685,0.931967025091757
"A6","r4",19.5,1.73101921955147,0.884269961388594,1.15240729075044,614,658.821592898685,0.931967025091757
"A6","r4",20,1.72894222877823,0.8754829475189,1.14229635850835,614,658.821592898685,0.931967025091757
"A6","r4",20.5,1.72533040444889,0.869715419845896,1.13483592705761,614,658.821592898685,0.931967025091757
"A6","r4",21,1.71955568596306,0.867543944796015,1.14375551593105,614,658.821592898685,0.931967025091757
"A6","r4",21.5,1.71865706065496,0.871878699070023,1.14628439598804,614,658.821592898685,0.931967025091757
"A6","r4",22,1.71752734995445,0.87729656777162,1.14136065857971,614,658.821592898685,0.931967025091757
"A6","r4",22.5,1.71153933438232,0.873709634493732,1.12545780890049,614,658.821592898685,0.931967025091757
"A6","r4",23,1.71312326560789,0.875473670678918,1.11511993238748,614,658.821592898685,0.931967025091757
"A6","r4",23.5,1.71589347640542,0.879748884291497,1.10518076987707,614,658.821592898685,0.931967025091757
"A6","r4",24,1.71520476446723,0.88043147536359,1.098624203149,614,658.821592898685,0.931967025091757
"A6","r4",24.5,1.7084051619762,0.885663695875316,1.09368007391205,614,658.821592898685,0.931967025091757
"A6","r4",25,1.69694121604709,0.893439449499164,1.08869062562098,614,658.821592898685,0.931967025091757
"A6","r4",25.5,1.68569156869869,0.902542251182091,1.09571581215919,614,658.821592898685,0.931967025091757
"A6","r4",26,1.67246147183644,0.907475422605287,1.10424045270168,614,658.821592898685,0.931967025091757
"A6","r4",26.5,1.66138609031178,0.911503724998338,1.11188443167343,614,658.821592898685,0.931967025091757
"A6","r4",27,1.64885439028522,0.912881801591868,1.11974003660301,614,658.821592898685,0.931967025091757
"A6","r4",27.5,1.6349821100802,0.907053292711945,1.1268640185557,614,658.821592898685,0.931967025091757
"A6","r4",28,1.62310403061927,0.904394182997807,1.12503502736664,614,658.821592898685,0.931967025091757
"A6","r4",28.5,1.61206584293832,0.907432424945191,1.11684823026877,614,658.821592898685,0.931967025091757
"A6","r4",29,1.60191011029894,0.909468518175762,1.1049430546888,614,658.821592898685,0.931967025091757
"A6","r4",29.5,1.59695649039406,0.911526362633665,1.10371415570785,614,658.821592898685,0.931967025091757
"A6","r4",30,1.59689661974145,0.909656640259821,1.10818630253007,614,658.821592898685,0.931967025091757
"A6","r4",30.5,1.5974482815931,0.9074333349672,1.11840856447156,614,658.821592898685,0.931967025091757
"A6","r4",31,1.59236084049904,0.909333025025572,1.1237196018341,614,658.821592898685,0.931967025091757
"A6","r4",31.5,1.58010848350447,0.906628916200587,1.12748330968459,614,658.821592898685,0.931967025091757
"A6","r4",32,1.56723564644647,0.899819812241917,1.12611691776206,614,658.821592898685,0.931967025091757
"A6","r4",32.5,1.55491006050662,0.894374927126833,1.12410877172971,614,658.821592898685,0.931967025091757
"A6","r4",33,1.54429339308614,0.893683859155685,1.12590505163957,614,658.821592898685,0.931967025091757
"A6","r4",33.5,1.5351776516683,0.894559519606359,1.12640358154919,614,658.821592898685,0.931967025091757
"A6","r4",34,1.52769586985971,0.896481457664567,1.12712276743238,614,658.821592898685,0.931967025091757
"A6","r4",34.5,1.52435241031238,0.901435898436501,1.12747184320785,614,658.821592898685,0.931967025091757
"A6","r4",35,1.52454635653941,0.905702568591998,1.12211795496291,614,658.821592898685,0.931967025091757
"A6","r4",35.5,1.52371109445396,0.908074595749045,1.12244781942538,614,658.821592898685,0.931967025091757
"A6","r4",36,1.52342546791887,0.903389079618072,1.12366227247358,614,658.821592898685,0.931967025091757
"A6","r4",36.5,1.51420292224634,0.900932223135216,1.1199094357609,614,658.821592898685,0.931967025091757
"A6","r4",37,1.50769777074614,0.898571559225142,1.11963022862371,614,658.821592898685,0.931967025091757
"A6","r4",37.5,1.49980676730481,0.898010707205236,1.11756050367305,614,658.821592898685,0.931967025091757
"A6","r4",38,1.49288967789947,0.901957519803907,1.11507813233214,614,658.821592898685,0.931967025091757
"A6","r4",38.5,1.49390930813414,0.904924955001648,1.11163764282014,614,658.821592898685,0.931967025091757
"A6","r4",39,1.49303244033316,0.909168497757578,1.10562736548413,614,658.821592898685,0.931967025091757
"A6","r4",39.5,1.49065137529883,0.914955449502389,1.09337111806016,614,658.821592898685,0.931967025091757
"A6","r4",40,1.48516698172013,0.919373194029191,1.09941192208254,614,658.821592898685,0.931967025091757
"A6","r4",40.5,1.48309333972991,0.925036200137659,1.11184081556608,614,658.821592898685,0.931967025091757
"A6","r4",41,1.48373820216833,0.928233265252279,1.12088301069021,614,658.821592898685,0.931967025091757
"A6","r4",41.5,1.4841724481728,0.925022963457966,1.12980986881001,614,658.821592898685,0.931967025091757
"A6","r4",42,1.48180903178207,0.92265218794517,1.13713913072451,614,658.821592898685,0.931967025091757
"A6","r4",42.5,1.47673140023257,0.922165496392172,1.13916114188996,614,658.821592898685,0.931967025091757
"A6","r4",43,1.46970288872857,0.923840159317813,1.13785063408646,614,658.821592898685,0.931967025091757
"A6","r4",43.5,1.45586176749293,0.923587867443762,1.13217376777755,614,658.821592898685,0.931967025091757
"A6","r4",44,1.44366665074178,0.922474442621631,1.12381918990581,614,658.821592898685,0.931967025091757
"A6","r4",44.5,1.43179081903686,0.918840297624941,1.12305875804333,614,658.821592898685,0.931967025091757
"A6","r4",45,1.41935686041307,0.914028539442257,1.11815438610899,614,658.821592898685,0.931967025091757
"A6","r4",45.5,1.4132845322505,0.905446801635719,1.11999816074423,614,658.821592898685,0.931967025091757
"A6","r4",46,1.41266474024232,0.898236449621097,1.12304214738559,614,658.821592898685,0.931967025091757
"A6","r4",46.5,1.41480001544287,0.892887071170388,1.12425825797255,614,658.821592898685,0.931967025091757
"A6","r4",47,1.41691066189046,0.88848133116425,1.12171873419494,614,658.821592898685,0.931967025091757
"A6","r4",47.5,1.41842583335045,0.889855206431606,1.11642819090231,614,658.821592898685,0.931967025091757
"A6","r4",48,1.41272677096405,0.893089960428466,1.10951156386186,614,658.821592898685,0.931967025091757
"A6","r4",48.5,1.40410612794989,0.898537352082524,1.10120622564703,614,658.821592898685,0.931967025091757
"A6","r4",49,1.39678597358192,0.905879325350261,1.11218271036355,614,658.821592898685,0.931967025091757
"A6","r4",49.5,1.38849163502709,0.914349238515497,1.12126937651006,614,658.821592898685,0.931967025091757
"A6","r4",50,1.38437893540835,0.923264994267132,1.1293157426098,614,658.821592898685,0.931967025091757
"A6","r4",50.5,1.37981650845117,0.921344137865021,1.13420737978191,614,658.821592898685,0.931967025091757
"A6","r4",51,1.37363413784218,0.916219850874181,1.13600379441193,614,658.821592898685,0.931967025091757
"A6","r4",51.5,1.36908154807932,0.912641367341351,1.13478463666507,614,658.821592898685,0.931967025091757
"A6","r4",52,1.36500580319316,0.912823967071695,1.13417845918991,614,658.821592898685,0.931967025091757
"A6","r4",52.5,1.36115917222037,0.915920918476695,1.13206840491454,614,658.821592898685,0.931967025091757
"A6","r4",53,1.35767558603046,0.912009212592815,1.12719220528294,614,658.821592898685,0.931967025091757
"A6","r4",53.5,1.35349913490544,0.907288300672007,1.11975107414017,614,658.821592898685,0.931967025091757
"A6","r4",54,1.34791322252303,0.905456888999789,1.10888714858955,614,658.821592898685,0.931967025091757
"A6","r4",54.5,1.34126618268435,0.904987017914943,1.09389809598129,614,658.821592898685,0.931967025091757
"A6","r4",55,1.33307609304794,0.906656917438762,1.07727973944799,614,658.821592898685,0.931967025091757
"A6","r4",55.5,1.3239482148451,0.907984088724732,1.07457226076076,614,658.821592898685,0.931967025091757
"A6","r4",56,1.31563966340086,0.904525629920955,1.07765892731956,614,658.821592898685,0.931967025091757
"A6","r4",56.5,1.30578274592948,0.9044172329443,1.08532845340702,614,658.821592898685,0.931967025091757
"A6","r4",57,1.2980763190085,0.902829020058997,1.09260789149512,614,658.821592898685,0.931967025091757
"A6","r4",57.5,1.29418901108938,0.901784983723955,1.09891251110969,614,658.821592898685,0.931967025091757
"A6","r4",58,1.29148347026796,0.902066669208164,1.10158063266667,614,658.821592898685,0.931967025091757
"A6","r4",58.5,1.28955346284188,0.902584080631363,1.10591945740276,614,658.821592898685,0.931967025091757
"A6","r4",59,1.28949026495718,0.903465412037637,1.11295728960181,614,658.821592898685,0.931967025091757
"A6","r4",59.5,1.28645992961371,0.901759141702822,1.1189450068526,614,658.821592898685,0.931967025091757
"A6","r4",60,1.28278082134421,0.902975435740059,1.12428755776613,614,658.821592898685,0.931967025091757
"A6","r5",0,0.467293249893879,0.0420537280601057,12.267069458788,573,630.024520692372,0.909488410657883
"A6","r5",0.5,0.540562449378267,0.0779622461637404,9.23562399374924,573,630.024520692372,0.909488410657883
"A6","r5",1,0.610743926565552,0.122243500054936,7.11095689854858,573,630.024520692372,0.909488410657883
"A6","r5",1.5,0.684526309940131,0.172685075485687,5.57358739784972,573,630.024520692372,0.909488410657883
"A6","r5",2,0.760503934927743,0.226619301175233,4.52001040685431,573,630.024520692372,0.909488410657883
"A6","r5",2.5,0.825647639038634,0.287043314622374,3.7519288809339,573,630.024520692372,0.909488410657883
"A6","r5",3,0.891617200360036,0.352413248582753,3.16709396340329,573,630.024520692372,0.909488410657883
"A6","r5",3.5,0.958367700891216,0.417547149358689,2.72113039880191,573,630.024520692372,0.909488410657883
"A6","r5",4,1.01967564997164,0.479583220392473,2.37129889300031,573,630.024520692372,0.909488410657883
"A6","r5",4.5,1.08254432756997,0.538651437528332,2.08466160813285,573,630.024520692372,0.909488410657883
"A6","r5",5,1.15275078171456,0.597467575378823,1.83870517873921,573,630.024520692372,0.909488410657883
"A6","r5",5.5,1.22546314964498,0.647739179548197,1.61991859431304,573,630.024520692372,0.909488410657883
"A6","r5",6,1.29810536888608,0.692959637725244,1.4448470049771,573,630.024520692372,0.909488410657883
"A6","r5",6.5,1.37279829176034,0.73896844872891,1.43725880779938,573,630.024520692372,0.909488410657883
"A6","r5",7,1.43958946177505,0.782552415550802,1.47203885565668,573,630.024520692372,0.909488410657883
"A6","r5",7.5,1.4974284569102,0.815782832495257,1.48882946424847,573,630.024520692372,0.909488410657883
"A6","r5",8,1.5378490417677,0.832532167712871,1.48492493166819,573,630.024520692372,0.909488410657883
"A6","r5",8.5,1.56112194020216,0.849532033658699,1.47530868491785,573,630.024520692372,0.909488410657883
"A6","r5",9,1.57882955888298,0.838398016854872,1.47016060644973,573,630.024520692372,0.909488410657883
"A6","r5",9.5,1.58615943344487,0.825447296277901,1.45314814809863,573,630.024520692372,0.909488410657883
"A6","r5",10,1.58997494223393,0.82870776810591,1.42414762034262,573,630.024520692372,0.909488410657883
"A6","r5",10.5,1.58773468997108,0.814253171055709,1.39721891901116,573,630.024520692372,0.909488410657883
"A6","r5",11,1.59085917233656,0.803850407741323,1.36252435849478,573,630.024520692372,0.909488410657883
"A6","r5",11.5,1.58918534472004,0.799315360881037,1.3231030870036,573,630.024520692372,0.909488410657883
"A6","r5",12,1.58086281430004,0.800465474885184,1.27982224898231,573,630.024520692372,0.909488410657883
"A6","r5",12.5,1.56730936729665,0.80392980909007,1.27197696574719,573,630.024520692372,0.909488410657883
"A6","r5",13,1.55867034063365,0.801786449655892,1.2638811736882,573,630.024520692372,0.909488410657883
"A6","r5",13.5,1.55729355949078,0.805422721195172,1.24641512269236,573,630.024520692372,0.909488410657883
"A6","r5",14,1.56289483702219,0.807612664265395,1.22275511695857,573,630.024520692372,0.909488410657883
"A6","r5",14.5,1.5670388446094,0.820766498584981,1.18419619200929,573,630.024520692372,0.909488410657883
"A6","r5",15,1.57778247349354,0.841225105925258,1.13931548280128,573,630.024520692372,0.909488410657883
"A6","r5",15.5,1.59571058532795,0.865951788402865,1.14052209474416,573,630.024520692372,0.909488410657883
"A6","r5",16,1.61349321292959,0.885147369900766,1.14259143800177,573,630.024520692372,0.909488410657883
"A6","r5",16.5,1.62833793422418,0.894634594103866,1.1482422308699,573,630.024520692372,0.909488410657883
"A6","r5",17,1.6449737210614,0.894892926352652,1.15376291164906,573,630.024520692372,0.909488410657883
"A6","r5",17.5,1.65893015285102,0.884505292682517,1.15136582601508,573,630.024520692372,0.909488410657883
"A6","r5",18,1.66760861728648,0.869662592322391,1.14651157493783,573,630.024520692372,0.909488410657883
"A6","r5",18.5,1.67581431768623,0.862316990493594,1.13681007818931,573,630.024520692372,0.909488410657883
"A6","r5",19,1.68046214050323,0.858937832339307,1.12345754254416,573,630.024520692372,0.909488410657883
"A6","r5",19.5,1.68376420626794,0.862763466394704,1.11218811364106,573,630.024520692372,0.909488410657883
"A6","r5",20,1.68629417180023,0.871090648354284,1.10418141174735,573,630.024520692372,0.909488410657883
"A6","r5",20.5,1.68832117009217,0.859383995828927,1.10019021661355,573,630.024520692372,0.909488410657883
"A6","r5",21,1.70282462233002,0.849450502134585,1.09182483916105,573,630.024520692372,0.909488410657883
"A6","r5",21.5,1.71704678273959,0.843821571670126,1.09464805695869,573,630.024520692372,0.909488410657883
"A6","r5",22,1.72774654641946,0.841824454830208,1.09113501770612,573,630.024520692372,0.909488410657883
"A6","r5",22.5,1.73048740329312,0.846666165952242,1.09819319364244,573,630.024520692372,0.909488410657883
"A6","r5",23,1.72686171516057,0.851708254182619,1.10435567117461,573,630.024520692372,0.909488410657883
"A6","r5",23.5,1.71495596461842,0.855597734078559,1.11220777689418,573,630.024520692372,0.909488410657883
"A6","r5",24,1.69817153730843,0.870909549597412,1.11620751888568,573,630.024520692372,0.909488410657883
"A6","r5",24.5,1.68079014610953,0.887623919139873,1.12020345843389,573,630.024520692372,0.909488410657883
"A6","r5",25,1.66209303897317,0.893360079304456,1.12682416536876,573,630.024520692372,0.909488410657883
"A6","r5",25.5,1.64230516007596,0.892249734948644,1.13335020824132,573,630.024520692372,0.909488410657883
"A6","r5",26,1.62327044300803,0.893270376681574,1.13567686321487,573,630.024520692372,0.909488410657883
"A6","r5",26.5,1.61003256551836,0.893685489791368,1.13453108527813,573,630.024520692372,0.909488410657883
"A6","r5",27,1.60110763061526,0.897428779448858,1.13261338212358,573,630.024520692372,0.909488410657883
"A6","r5",27.5,1.6006914755468,0.902676271302338,1.1283373650938,573,630.024520692372,0.909488410657883
"A6","r5",28,1.6048146416842,0.909620340380696,1.12648935279402,573,630.024520692372,0.909488410657883
"A6","r5",28.5,1.6085739996027,0.921464308506705,1.12311022081124,573,630.024520692372,0.909488410657883
"A6","r5",29,1.61170477708884,0.917579844731354,1.11679744120988,573,630.024520692372,0.909488410657883
"A6","r5",29.5,1.61132404211883,0.909723333155243,1.1113249910478,573,630.024520692372,0.909488410657883
"A6","r5",30,1.60605002856243,0.905499953456262,1.10834487579979,573,630.024520692372,0.909488410657883
"A6","r5",30.5,1.5923968722991,0.906282921432604,1.10124281749085,573,630.024520692372,0.909488410657883
"A6","r5",31,1.57386543624218,0.910620186461732,1.09064514817295,573,630.024520692372,0.909488410657883
"A6","r5",31.5,1.55287520862923,0.910309790800409,1.08325064641756,573,630.024520692372,0.909488410657883
"A6","r5",32,1.53609009355965,0.905345126574304,1.08386426737052,573,630.024520692372,0.909488410657883
"A6","r5",32.5,1.52255121565619,0.905433315673545,1.09148817334972,573,630.024520692372,0.909488410657883
"A6","r5",33,1.51219325259985,0.906927171034188,1.10020178530338,573,630.024520692372,0.909488410657883
"A6","r5",33.5,1.50553193383212,0.900007250574474,1.10522789448892,573,630.024520692372,0.909488410657883
"A6","r5",34,1.49519664820141,0.888394397800574,1.10897254920987,573,630.024520692372,0.909488410657883
"A6","r5",34.5,1.48167747971531,0.880818585856595,1.11408169759415,573,630.024520692372,0.909488410657883
"A6","r5",35,1.46779177637862,0.877682648148132,1.11569874934425,573,630.024520692372,0.909488410657883
"A6","r5",35.5,1.45354093131648,0.874956741772596,1.11637209089632,573,630.024520692372,0.909488410657883
"A6","r5",36,1.4388291676623,0.875642471898924,1.11863875101957,573,630.024520692372,0.909488410657883
"A6","r5",36.5,1.42946768174339,0.88066055183246,1.11615210066615,573,630.024520692372,0.909488410657883
"A6","r5",37,1.41984015281866,0.889896857232493,1.10893539787021,573,630.024520692372,0.909488410657883
"A6","r5",37.5,1.40815348367359,0.899640519401238,1.09871060984267,573,630.024520692372,0.909488410657883
"A6","r5",38,1.39394684800228,0.908706089550152,1.09196538532295,573,630.024520692372,0.909488410657883
"A6","r5",38.5,1.38364545115352,0.920604114498771,1.09317182507842,573,630.024520692372,0.909488410657883
"A6","r5",39,1.37779268271387,0.910373239258879,1.09738258425345,573,630.024520692372,0.909488410657883
"A6","r5",39.5,1.37521190281628,0.900453976819272,1.09671340920741,573,630.024520692372,0.909488410657883
"A6","r5",40,1.37335054614042,0.894195606432628,1.09379662450473,573,630.024520692372,0.909488410657883
"A6","r5",40.5,1.37460758376976,0.890165405762678,1.09953100148799,573,630.024520692372,0.909488410657883
"A6","r5",41,1.37783973666023,0.88409795673564,1.10452152015368,573,630.024520692372,0.909488410657883
"A6","r5",41.5,1.37763831524937,0.876192009218504,1.10535063659045,573,630.024520692372,0.909488410657883
"A6","r5",42,1.37369701966507,0.868086229205216,1.10271080431019,573,630.024520692372,0.909488410657883
"A6","r5",42.5,1.36656269010452,0.862583272991618,1.10157238762244,573,630.024520692372,0.909488410657883
"A6","r5",43,1.36020022705502,0.861462986609267,1.10552186513796,573,630.024520692372,0.909488410657883
"A6","r5",43.5,1.36038024373316,0.862499235675721,1.11114120736003,573,630.024520692372,0.909488410657883
"A6","r5",44,1.36521706634498,0.866740835137549,1.11624858894288,573,630.024520692372,0.909488410657883
"A6","r5",44.5,1.37170314687635,0.874001602563525,1.11933503250647,573,630.024520692372,0.909488410657883
"A6","r5",45,1.37831475354088,0.883858979084619,1.1213069076455,573,630.024520692372,0.909488410657883
"A6","r5",45.5,1.38650560100853,0.88645089869833,1.11851004913685,573,630.024520692372,0.909488410657883
"A6","r5",46,1.39482977355748,0.877551844006471,1.11362963679433,573,630.024520692372,0.909488410657883
"A6","r5",46.5,1.40303291661933,0.870201343562094,1.10550345833578,573,630.024520692372,0.909488410657883
"A6","r5",47,1.41061752729306,0.867171211772461,1.09644455291999,573,630.024520692372,0.909488410657883
"A6","r5",47.5,1.41778701747182,0.864799823513551,1.08856074357305,573,630.024520692372,0.909488410657883
"A6","r5",48,1.42284482642382,0.863137845859405,1.08242100677091,573,630.024520692372,0.909488410657883
"A6","r5",48.5,1.42760887033721,0.863721512975107,1.07740198503692,573,630.024520692372,0.909488410657883
"A6","r5",49,1.43550800938741,0.867948431321015,1.07333047135088,573,630.024520692372,0.909488410657883
"A6","r5",49.5,1.44215000162199,0.875870019445152,1.06920234364409,573,630.024520692372,0.909488410657883
"A6","r5",50,1.44424983592997,0.885997264993384,1.06660158252139,573,630.024520692372,0.909488410657883
"A6","r5",50.5,1.44705760217891,0.884187639365778,1.07134750339919,573,630.024520692372,0.909488410657883
"A6","r5",51,1.45104975623983,0.878335211615394,1.08076945895992,573,630.024520692372,0.909488410657883
"A6","r5",51.5,1.45177683100338,0.874461237192107,1.09010219634376,573,630.024520692372,0.909488410657883
"A6","r5",52,1.45082025694431,0.876178930642241,1.09601143786633,573,630.024520692372,0.909488410657883
"A6","r5",52.5,1.4462086181966,0.870887648650721,1.09840057521884,573,630.024520692372,0.909488410657883
"A6","r5",53,1.43591498923277,0.86571099671572,1.0992965209751,573,630.024520692372,0.909488410657883
"A6","r5",53.5,1.42210819389872,0.861557258649188,1.09725974461435,573,630.024520692372,0.909488410657883
"A6","r5",54,1.40639819502154,0.860343658715229,1.09763080924133,573,630.024520692372,0.909488410657883
"A6","r5",54.5,1.38658507126087,0.862325683961808,1.09677628465597,573,630.024520692372,0.909488410657883
"A6","r5",55,1.36557515423949,0.862950119742012,1.09315578860749,573,630.024520692372,0.909488410657883
"A6","r5",55.5,1.34763215962518,0.86617801705487,1.08647500663487,573,630.024520692372,0.909488410657883
"A6","r5",56,1.33263307654567,0.871948861829738,1.08466404129215,573,630.024520692372,0.909488410657883
"A6","r5",56.5,1.31789398118071,0.874011706144758,1.09514947853642,573,630.024520692372,0.909488410657883
"A6","r5",57,1.30438140058815,0.873033513776056,1.10104259124715,573,630.024520692372,0.909488410657883
"A6","r5",57.5,1.2918923524936,0.873535806707623,1.10134007020391,573,630.024520692372,0.909488410657883
"A6","r5",58,1.28237292906136,0.874812941800251,1.10080278861327,573,630.024520692372,0.909488410657883
"A6","r5",58.5,1.27238645238816,0.877365145709644,1.09789183240912,573,630.024520692372,0.909488410657883
"A6","r5",59,1.26215256976549,0.878689041042607,1.09302792072147,573,630.024520692372,0.909488410657883
"A6","r5",59.5,1.25229043425399,0.88016030063394,1.09768303369793,573,630.024520692372,0.909488410657883
"A6","r5",60,1.24106885040356,0.886233952065631,1.10057293560361,573,630.024520692372,0.909488410657883
