"archetype","roi_id","model","rep","n_failed","conserv","n","n_interior","frac_interior","mean_area","median_area","cv","median_eq_r","median_ecc_T","mean_nsides","var_nsides","var_norm_area","cv_loc"
"A1","r1","CSR",1,0,2.81152878756075e-11,8739,7245,0.829042224510814,89.9921102803461,81.8568444334368,0.535578350277731,5.10449241697659,0.772884473357202,5.93429951690821,1.76487114440203,0.286844169286217,0.522631579954757
"A1","r1","CSR",2,0,1.22124532708767e-15,8739,7241,0.828584506236411,89.1841732249056,80.8345005042427,0.531164249083132,5.07251620551665,0.772346764446642,5.93163927634305,1.78192837593782,0.282135459504047,0.521050856656821
"A1","r1","CSR",3,0,1.22124532708767e-15,8739,7277,0.83270397070603,89.4742917207547,80.7683968150608,0.534170665208564,5.07044171620671,0.772303332656661,5.92799230452109,1.74934963820355,0.28533829956936,0.522841047576289
"A1","r1","CSR",4,0,1.22124532708767e-15,8739,7273,0.832246252431628,89.6836896290992,81.683526302847,0.528716593578227,5.09908560043366,0.768031209756416,5.92891516568129,1.71868112495286,0.279541236324964,0.515305541273022
"A1","r1","CSR",5,0,9.99200722162641e-16,8739,7260,0.830758668039821,90.0793839955529,81.2701813694393,0.524540026290513,5.08616773026409,0.77546051721239,5.93209366391185,1.77428325889359,0.275142239180852,0.514093338453047
"A1","r1","CSR",6,0,9.99200722162641e-16,8739,7265,0.831330815882824,89.0326546236651,80.7702337119293,0.528923948845545,5.07049937381737,0.769017009890536,5.93158981417756,1.75564429207685,0.279760543662365,0.517297669330339
"A1","r1","CSR",7,0,1.22124532708767e-15,8739,7268,0.831674104588626,89.1424182211317,81.0966474026042,0.539006552705212,5.08073465147272,0.772529336527833,5.92294991744634,1.76563257929957,0.290528063859156,0.525339982205913
"A1","r1","CSR",8,0,9.99200722162641e-16,8739,7282,0.833276118549033,89.1834477913971,81.0637019616137,0.528899927026034,5.07970252244661,0.773057516530231,5.92708047239769,1.73716244071462,0.279735132808144,0.517375643716919
"A1","r1","CSR",9,0,1.22124532708767e-15,8739,7265,0.831330815882824,89.366170517818,81.7898226355714,0.527972249366789,5.10240229050211,0.770264268123595,5.92993805918789,1.76119747688968,0.278754696101427,0.515914427437906
"A1","r1","CSR",10,0,1.22124532708767e-15,8739,7254,0.830072090628218,89.4267207357214,81.0644296690548,0.537217663526852,5.07972530186433,0.773248483392201,5.92638544251447,1.75550666293985,0.28860281800525,0.523837661807582
"A1","r1","CSR",11,0,1.22124532708767e-15,8739,7246,0.829156654079414,89.4350587219773,81.7185473058935,0.535903278284375,5.10017857413012,0.774804403628098,5.93348054098813,1.77031575165718,0.28719232367594,0.521848007944044
"A1","r1","CSR",12,0,1.22124532708767e-15,8739,7266,0.831445245451425,89.4021879683743,80.9793664557606,0.530675587781621,5.07705942575165,0.775777062963714,5.92678227360308,1.73145879828725,0.281616579467369,0.5191799736868
"A1","r1","CSR",13,0,9.99200722162641e-16,8739,7250,0.829614372353816,89.6504083072214,81.0982073171444,0.549837397157523,5.08078351560008,0.770504984442224,5.93448275862069,1.7475347372527,0.30232116331296,0.536427027463356
"A1","r1","CSR",14,0,1.22124532708767e-15,8739,7285,0.833619407254835,89.2399910151875,81.5726593042699,0.536080552861265,5.09562399504234,0.769830075225358,5.93067947838023,1.77210229771856,0.287382359156039,0.520258359774344
"A1","r1","CSR",15,0,1.22124532708767e-15,8739,7264,0.831216386314224,89.1667961205946,80.3870009885112,0.540802965486666,5.05845600264281,0.773314160292394,5.93447136563877,1.76246845243619,0.292467847479172,0.52521193734784
"A1","r1","CSR",16,0,1.22124532708767e-15,8739,7220,0.8261814852958,89.7805880312844,81.2914766838773,0.536772822319754,5.08683404218159,0.774108617347709,5.9314404432133,1.75579207915093,0.288125062781114,0.524138407647409
"A1","r1","CSR",17,0,1.22124532708767e-15,8739,7219,0.8260670557272,90.3311000453038,82.3806440767363,0.526404903277485,5.12079812527435,0.771573422774855,5.93170799279679,1.7496996453933,0.277102122194579,0.513233416645043
"A1","r1","CSR",18,0,1.22124532708767e-15,8739,7240,0.828470076667811,89.6778012037561,82.2503564681399,0.521718709403004,5.11674716786866,0.773511364421516,5.93508287292818,1.75127627438545,0.272190411741136,0.511252400940681
"A1","r1","CSR",19,0,1.22124532708767e-15,8739,7265,0.831330815882824,89.4161486997298,80.7159980061176,0.537780564280136,5.06879671505362,0.774258212439796,5.93021335168617,1.72461703872589,0.289207935317461,0.526513243422385
"A1","r1","CSR",20,0,1.22124532708767e-15,8739,7262,0.830987527177023,89.345781007589,81.2765189330074,0.528998313895831,5.08636602788321,0.767546911831056,5.93059763150647,1.72634915387402,0.279839216104632,0.516830276091351
"A1","r1","RSA",1,0,1.22124532708767e-15,8739,7224,0.826639203570202,89.8583286819296,82.9602042255073,0.459025501804666,5.13877934564942,0.755380426002397,5.93687707641196,1.50065290694225,0.210704411307026,0.445266252036785
"A1","r1","RSA",2,0,9.99200722162641e-16,8739,7250,0.829614372353816,89.7053910914015,82.5370256937688,0.46267971204821,5.12565617612593,0.753893609123335,5.936,1.47114139881363,0.214072515941015,0.453567619161171
"A1","r1","RSA",3,0,1.22124532708767e-15,8739,7206,0.824579471335393,90.1116623478035,82.575113051327,0.46662501916674,5.12683867643736,0.754122204713216,5.94032750485706,1.54980441736135,0.217738908512361,0.4543326982125
"A1","r1","RSA",4,0,1.22124532708767e-15,8740,7233,0.827574370709382,89.9930377406797,83.4829456699714,0.464183479716456,5.154943931266,0.757513459897637,5.93502004700677,1.48305578292218,0.215466302841677,0.452809590943802
"A1","r1","RSA",5,0,1.22124532708767e-15,8739,7270,0.831902963725827,89.3984533940169,82.1611978810773,0.472337617197306,5.11397316323073,0.757521448791339,5.92998624484182,1.51731503626695,0.223102824619629,0.457215686222998
"A1","r1","RSA",6,0,1.22124532708767e-15,8740,7225,0.826659038901602,89.7443504080457,81.9317178590088,0.475865185213247,5.1068263908756,0.754824584804007,5.93647058823529,1.51132890365449,0.226447674498038,0.464217794418765
"A1","r1","RSA",7,0,1.22124532708767e-15,8740,7236,0.8279176201373,90.4947130979004,83.0695029615824,0.474443311401518,5.14216336113292,0.757934079204925,5.9349087893864,1.56383442153435,0.225096455733638,0.465573212586336
"A1","r1","RSA",8,0,9.99200722162641e-16,8739,7227,0.826982492276004,90.344451047962,82.2371208557166,0.480968188406839,5.11633546394935,0.756180260908578,5.93967067939671,1.55462170166302,0.231330398259357,0.466792392372624
"A1","r1","RSA",9,0,1.33226762955019e-15,8739,7253,0.829957661059618,89.7500028524879,81.5123512231627,0.47393100158319,5.09374000518461,0.759521864736009,5.93078726044395,1.50651616171303,0.224610594261646,0.459482123062954
"A1","r1","RSA",10,0,1.22124532708767e-15,8737,7215,0.825798328945862,90.2039840041445,82.6191261360478,0.469649970663494,5.12820481620709,0.756511830936293,5.93873873873874,1.53298066572256,0.220571094944221,0.456667535487051
"A1","r1","RSA",11,0,1.22124532708767e-15,8738,7305,0.836003662165255,89.3606123328339,82.5382445538505,0.474561598787573,5.12569402420258,0.757549911429804,5.93127994524298,1.56920899952245,0.225208711043817,0.463647513401053
"A1","r1","RSA",12,0,1.22124532708767e-15,8738,7273,0.832341496910048,89.4505566055854,81.5668629122778,0.470165135504695,5.09544294933973,0.749981204771663,5.94087721710436,1.51218058351965,0.221055254644148,0.46053962225357
"A1","r1","RSA",13,0,1.22124532708767e-15,8740,7249,0.829405034324943,89.5174828044591,82.9323053747109,0.462442275336892,5.13791520801809,0.758946624566389,5.94026762312043,1.55092934337902,0.213852858018762,0.451739554339443
"A1","r1","RSA",14,0,1.22124532708767e-15,8740,7209,0.824828375286041,90.1695827221266,83.1255864161748,0.463326336565957,5.14389890560589,0.754190142365032,5.93674573449854,1.56425583447993,0.21467129415563,0.448519340748072
"A1","r1","RSA",15,0,1.22124532708767e-15,8739,7250,0.829614372353816,89.9021227943448,82.4276831612746,0.470836513672194,5.12225989217049,0.759817138335666,5.93931034482759,1.57060236608141,0.221687022606986,0.455462257518857
"A1","r1","RSA",16,0,1.22124532708767e-15,8739,7228,0.827096921844605,89.9307430590784,82.7361055236473,0.458551976958966,5.1318339808275,0.757964777955103,5.93649695628113,1.52315651071441,0.210269915572976,0.450319842865218
"A1","r1","RSA",17,0,1.22124532708767e-15,8739,7258,0.83052980890262,89.5029844283429,82.4456941172928,0.467204179183881,5.12281948838499,0.757722551555881,5.93744833287407,1.5691885824893,0.218279745046884,0.454317746854745
"A1","r1","RSA",18,0,1.22124532708767e-15,8738,7203,0.824330510414282,90.1215870164044,82.8252606908938,0.481018362054729,5.13459826117499,0.756552387996528,5.93599888935166,1.54700020660804,0.231378664633814,0.467885478075324
"A1","r1","RSA",19,0,1.22124532708767e-15,8738,7213,0.825474937056535,90.2377692756059,82.0583703566362,0.483153863687196,5.11077200906558,0.757539266498112,5.94121724663801,1.51706546208743,0.233437655995865,0.469772316129789
"A1","r1","RSA",20,0,1.22124532708767e-15,8739,7231,0.827440210550406,89.9529142427847,82.2215822138188,0.479125252629314,5.11585207725281,0.755250688884484,5.94136357350297,1.47401634234651,0.229561007707104,0.464801714657491
"A1","r2","CSR",1,0,1.22124532708767e-15,7004,5614,0.801541976013706,94.4797938396746,84.895604654518,0.547911069898292,5.19837573185113,0.772320133291473,5.90648379052369,1.66611508819258,0.300206540517091,0.533178946949443
"A1","r2","CSR",2,0,9.99200722162641e-16,7004,5559,0.793689320388349,95.8750525005534,85.8676031247419,0.542993081557743,5.22805001673774,0.775618420464642,5.91869041194459,1.76380857614231,0.294841486619573,0.528106980079164
"A1","r2","CSR",3,0,9.99200722162641e-16,7004,5578,0.796402055968018,93.8877568052501,86.0435427454908,0.524298385694804,5.23340331878223,0.772675716232295,5.91107923987092,1.76221898923722,0.274888797242177,0.513568475919725
"A1","r2","CSR",4,0,9.99200722162641e-16,7004,5601,0.799685893774986,94.4678425740891,84.8995061382298,0.545670271821326,5.19849517994582,0.775964044736343,5.91787180860561,1.76896804142117,0.297756045549559,0.529012672277056
"A1","r2","CSR",5,0,9.99200722162641e-16,7004,5559,0.793689320388349,94.9280749869132,86.4476862457018,0.539677574815157,5.24567947645692,0.77375768723171,5.91365353480842,1.77303952801512,0.29125188475837,0.52347623200361
"A1","r2","CSR",6,0,9.99200722162641e-16,7004,5557,0.7934037692747,95.7557232136397,86.7995936206494,0.542659222380958,5.25634557142015,0.773488880314696,5.9217203527083,1.71867320976028,0.294479031635106,0.528736258435397
"A1","r2","CSR",7,0,9.99200722162641e-16,7004,5594,0.798686464877213,94.4339437983468,86.0000031323871,0.529833660053858,5.23207905206142,0.774375297329804,5.92348945298534,1.7320317335737,0.280723707326068,0.517498069438175
"A1","r2","CSR",8,0,9.99200722162641e-16,7004,5586,0.797544260422616,95.2703920974906,86.2114717297577,0.539081670761099,5.23850777796099,0.773898825204545,5.91657715717866,1.75776633039306,0.290609047750577,0.527002265526513
"A1","r2","CSR",9,0,9.99200722162641e-16,7004,5591,0.798258138206739,95.0198684108195,85.6420133682286,0.54254220399205,5.22117798277281,0.772806469940164,5.91218028975139,1.74917361757924,0.294352043112551,0.52991252095878
"A1","r2","CSR",10,0,9.99200722162641e-16,7004,5574,0.79583095374072,95.2028441767375,86.2913765765441,0.525843575206996,5.24093486472078,0.772038087420452,5.9124506637962,1.70738846652298,0.276511465586475,0.510106640755051
"A1","r2","CSR",11,0,9.99200722162641e-16,7004,5553,0.792832667047402,94.3140735091677,85.5062620696012,0.531004027589334,5.21703829268831,0.770397022056796,5.91572123176661,1.76847217875842,0.281965277316095,0.517286741897853
"A1","r2","CSR",12,0,9.99200722162641e-16,7004,5604,0.80011422044546,94.7481836730967,86.1944771308118,0.532296767799513,5.23799142840075,0.772517086967639,5.92201998572448,1.70817824982359,0.283339849009808,0.516744882238873
"A1","r2","CSR",13,0,9.99200722162641e-16,7004,5539,0.790833809251856,95.1022596227651,86.0557924372359,0.541129406826073,5.23377583548937,0.769741862946157,5.90648131431666,1.75109377407296,0.292821034931937,0.52651288807845
"A1","r2","CSR",14,0,1.22124532708767e-15,7004,5565,0.794545973729298,94.4869419653321,86.129759467724,0.53690953483061,5.23602463069154,0.772141152552878,5.90206648697215,1.73465604518329,0.288271848592022,0.522381302420603
"A1","r2","CSR",15,0,1.22124532708767e-15,7004,5607,0.800542547115934,94.6770734363437,85.6518690106552,0.540294432667628,5.22147839947755,0.773094127458962,5.90601034421259,1.72377228886908,0.291918073971634,0.525733189070035
"A1","r2","CSR",16,0,1.22124532708767e-15,7004,5583,0.797115933752142,94.8782106388111,87.1291411565081,0.523176697279453,5.26631436631156,0.774082409977645,5.91438294823572,1.75153619657053,0.273713856576236,0.508532339282661
"A1","r2","CSR",17,0,1.22124532708767e-15,7004,5529,0.789406053683609,95.3412055388716,86.8019271548774,0.534236376476586,5.25641622716492,0.776440287596583,5.90631217218303,1.71517179905767,0.285408505950833,0.518649118924975
"A1","r2","CSR",18,0,1.22124532708767e-15,7004,5587,0.79768703597944,94.8212895886706,86.5128133701126,0.536155865690471,5.24765507415265,0.771755921214359,5.90746375514587,1.73203701421597,0.287463112314298,0.522651978242877
"A1","r2","CSR",19,0,9.99200722162641e-16,7004,5590,0.798115362649914,95.2142054054548,86.3538960966713,0.529757019554675,5.24283309216669,0.767002451582182,5.91788908765653,1.74866900898807,0.280642499767453,0.516098076558578
"A1","r2","CSR",20,0,8.88178419700125e-16,7004,5549,0.792261564820103,95.1888843741522,86.8284594235086,0.535557713621945,5.25721951573366,0.774866921966113,5.91872409443143,1.7531262737182,0.286822064619966,0.52339891664974
"A1","r2","RSA",1,0,9.99200722162641e-16,7004,5549,0.792261564820103,95.785184988429,87.6701108640559,0.483879991219483,5.28263788375258,0.753455701871611,5.91836366912957,1.54290171991992,0.234139845902567,0.468444523678168
"A1","r2","RSA",2,0,9.99200722162641e-16,7004,5566,0.794688749286122,95.5266109540506,87.0243575103133,0.473829710712024,5.26314669642465,0.760329992235242,5.93118936399569,1.57639632100815,0.22451459475344,0.463603188052112
"A1","r2","RSA",3,0,9.99200722162641e-16,7004,5571,0.795402627070246,95.3772212786943,87.1927057955166,0.486375091517168,5.26823502302504,0.760846991668058,5.91437802907916,1.58710203229278,0.236560729648334,0.469966226071142
"A1","r2","RSA",4,0,1.22124532708767e-15,7003,5584,0.797372554619449,95.193674932763,88.0256014461206,0.46784732731905,5.29333721367665,0.755494476435034,5.92460601719198,1.52413740520111,0.218881121679578,0.456875178320259
"A1","r2","RSA",5,0,9.99200722162641e-16,7004,5549,0.792261564820103,96.0879513857208,87.3688888591534,0.475256782708937,5.27355487965769,0.759698808388802,5.92286898540278,1.53478513441824,0.22586900951085,0.462762678805229
"A1","r2","RSA",6,0,9.99200722162641e-16,7004,5551,0.792547115933752,95.4014498740531,87.6233752796721,0.479643737553008,5.28122964964713,0.753949830402232,5.92271662763466,1.51780998797392,0.230058114973818,0.465464859869311
"A1","r2","RSA",7,0,9.99200722162641e-16,7004,5555,0.793118218161051,95.4783022663516,88.4347473196956,0.471452308180377,5.30562478451168,0.758214522538755,5.92439243924392,1.61221548874369,0.222267278888606,0.460615424060668
"A1","r2","RSA",8,0,9.99200722162641e-16,7003,5536,0.79051834927888,95.8136149651967,87.4219288103565,0.486768001390574,5.27515536290948,0.757879270378555,5.92756502890173,1.5338669515067,0.236943087177774,0.474460227457895
"A1","r2","RSA",9,0,1.22124532708767e-15,7003,5562,0.794231043838355,95.9794244629903,86.8222656257286,0.489707466142649,5.25703200366926,0.758118316244457,5.92646530025171,1.54665065775993,0.239813402395853,0.476756465070644
"A1","r2","RSA",10,0,9.99200722162641e-16,7003,5559,0.793802656004569,96.0808403145631,88.4458518305795,0.47364894759087,5.30595788049813,0.76002607722053,5.92030940816694,1.52711354224864,0.224343325553939,0.461655761212804
"A1","r2","RSA",11,0,9.99200722162641e-16,7003,5555,0.793231472226189,95.9201855326819,87.6411650755188,0.471306058095235,5.28176573507413,0.754123416307508,5.92277227722772,1.56281406318522,0.222129400397269,0.458362053152076
"A1","r2","RSA",12,0,1.22124532708767e-15,7004,5578,0.796402055968018,95.4431344530359,87.5180583696287,0.489684821442317,5.27805486768261,0.757124764447559,5.91484403011832,1.53605001153061,0.239791224350994,0.472980594281722
"A1","r2","RSA",13,0,9.99200722162641e-16,7004,5582,0.796973158195317,95.3281971285664,88.1515985636616,0.463062574061846,5.29712423344584,0.756639009257855,5.92153350053744,1.50432389773076,0.214426947496783,0.453165167436226
"A1","r2","RSA",14,0,1.22124532708767e-15,7004,5573,0.795688178183895,94.8112933093008,87.1071593365579,0.481424944472798,5.26565000491042,0.755528693486989,5.92391889467073,1.54553869550258,0.231769977160636,0.467980649953531
"A1","r2","RSA",15,0,1.22124532708767e-15,7003,5567,0.794945023561331,96.0156894781016,88.3662753993317,0.474753540291249,5.3035704072678,0.75583961998536,5.92096281659781,1.54818965851654,0.225390924019075,0.462554380559958
"A1","r2","RSA",16,0,1.22124532708767e-15,7003,5581,0.796944166785663,95.4785767310107,87.4944635316477,0.470458913875658,5.27734334002163,0.75984597392172,5.92098190288479,1.55594140128534,0.221331589645064,0.459399943001735
"A1","r2","RSA",17,0,9.99200722162641e-16,7006,5584,0.797031116186126,95.0569715488113,87.1305271506343,0.472810026328826,5.2663562450662,0.757142752341783,5.92782951289398,1.56186911941542,0.223549320997065,0.461618918526226
"A1","r2","RSA",18,0,8.88178419700125e-16,7004,5516,0.787549971444889,95.9793558215231,88.2833022466502,0.482325078836611,5.30107987802959,0.754510768747601,5.93509789702683,1.53051043465741,0.232637481674743,0.467835131886566
"A1","r2","RSA",19,0,9.99200722162641e-16,7004,5571,0.795402627070246,95.6911617217144,87.8057717943396,0.477178342175586,5.28672348682396,0.755452072909808,5.91635253993897,1.5545817385299,0.227699170241441,0.465395183614525
"A1","r2","RSA",20,0,9.99200722162641e-16,7004,5537,0.790548258138207,95.5489941241169,87.7424542416185,0.473173251372197,5.28481699050554,0.754589646611317,5.92739750767564,1.49870191439408,0.223892925814136,0.459661552814158
"A1","r3","CSR",1,0,1.77635683940025e-15,8506,7071,0.831295556078062,93.142346912713,84.8930666128844,0.53063130383585,5.19829802640635,0.773926644724759,5.92787441663131,1.79366562269901,0.281569580610534,0.519765243947677
"A1","r3","CSR",2,0,1.55431223447522e-15,8506,7091,0.833646837526452,92.8291441326245,84.7662796710462,0.528137454335699,5.19441477303402,0.772632099667699,5.92441122549711,1.75846042551008,0.278929170672192,0.515278442724366
"A1","r3","CSR",3,0,1.55431223447522e-15,8506,7099,0.834587350105808,92.7035208788055,83.9948917416107,0.529746296138626,5.1707257160182,0.774179958519803,5.92675024651359,1.75456609301029,0.280631138272593,0.515972122658541
"A1","r3","CSR",4,0,1.43725031875874e-11,8506,7109,0.835762990830002,92.3379295464052,83.258188413723,0.536659228716413,5.14800004641033,0.769785970477702,5.92769728513152,1.77473781718593,0.288003127766495,0.522331415565454
"A1","r3","CSR",5,0,1.77635683940025e-15,8506,7083,0.832706324947096,93.1178658286517,84.5448603744624,0.53988970317287,5.18762613178895,0.772366329787731,5.92206692079627,1.76178776338316,0.29148089159209,0.526337894112154
"A1","r3","CSR",6,0,1.55431223447522e-15,8506,7079,0.832236068657418,93.5121269684656,85.1560863637003,0.525335309798079,5.20634460617874,0.773026155475617,5.92626077129538,1.76624867513651,0.275977187720643,0.516353868978958
"A1","r3","CSR",7,0,1.77635683940025e-15,8506,7080,0.832353632729838,93.8813067817236,85.9911193067888,0.524820890785658,5.23180880439131,0.772593233660023,5.93305084745763,1.72033706762183,0.275436967405052,0.510826832418035
"A1","r3","CSR",8,0,1.77635683940025e-15,8506,7062,0.830237479426287,92.4086545880762,83.5321067453293,0.536899042316323,5.15646151834062,0.774407880376304,5.92707448314925,1.75038144155528,0.288260581640185,0.52312148976039
"A1","r3","CSR",9,0,1.20574883410995e-10,8506,7105,0.835292734540324,92.7514255952073,84.8106709023754,0.537654068515294,5.19577472588122,0.774882277640026,5.92512315270936,1.73791744330537,0.289071897391048,0.523204632212503
"A1","r3","CSR",10,0,1.55431223447522e-15,8506,7091,0.833646837526452,93.163935216464,84.2653012191543,0.546607834970654,5.17904223194905,0.774110282981661,5.93019320265125,1.75267216294956,0.298780125251306,0.535025960500044
"A1","r3","CSR",11,0,1.55431223447522e-15,8506,7081,0.832471196802257,92.9731955675891,84.1365485495369,0.54267247184246,5.17508407590641,0.77342470848172,5.92854116650191,1.74828274438559,0.294493411695606,0.530439629149678
"A1","r3","CSR",12,0,1.55431223447522e-15,8506,7082,0.832588760874677,92.8338150648864,85.2487939420065,0.523833460822193,5.20917785072686,0.770837684308646,5.93010449025699,1.74924470027923,0.274401494676956,0.512784801975815
"A1","r3","CSR",13,0,1.55431223447522e-15,8506,7024,0.825770044674348,93.9522816503793,85.6292163312195,0.539359924393187,5.22078788146447,0.76839297994486,5.92867312072893,1.74644243677705,0.290909128041424,0.523984540801255
"A1","r3","CSR",14,0,1.77635683940025e-15,8506,7069,0.831060427933224,93.9224879323417,84.7534020002389,0.545906088179789,5.19402019098743,0.771432664645678,5.92827839864196,1.7324048030718,0.29801345711176,0.530553012709869
"A1","r3","CSR",15,0,1.55431223447522e-15,8506,7087,0.833176581236774,93.0331237657352,84.1004292657759,0.536112529347163,5.17397314136796,0.773305076381713,5.9311415267391,1.77397644158181,0.287416644123013,0.521852670074096
"A1","r3","CSR",16,0,1.55431223447522e-15,8506,7071,0.831295556078062,93.045780558166,84.6271436420377,0.541572381521402,5.19014994588368,0.773050912574245,5.93112713901853,1.74787254833126,0.293300644426763,0.530882631056176
"A1","r3","CSR",17,0,6.40474340229957e-11,8506,7116,0.836585939336939,92.4787845450803,84.3049272413303,0.529333036373836,5.18025981866827,0.770163828083595,5.92594154019112,1.74588491801556,0.280193463396745,0.51641994925246
"A1","r3","CSR",18,0,1.55431223447522e-15,8506,7092,0.833764401598871,92.3436612246159,84.0973822205807,0.530405134363979,5.17387941116076,0.772916793784305,5.93034404963339,1.78304751946395,0.281329606559671,0.518741293455643
"A1","r3","CSR",19,0,1.77635683940025e-15,8506,7063,0.830355043498707,93.0364663257232,84.1130698665733,0.534565092145395,5.1743619602612,0.770929135056867,5.9268016423616,1.74471204320319,0.285759837740415,0.521225179231497
"A1","r3","CSR",20,0,1.77635683940025e-15,8506,7103,0.835057606395486,93.1048934692065,84.9887262087852,0.532446537361768,5.20122598686346,0.769597992262573,5.93101506405744,1.73700329222587,0.283499315148536,0.517229713701055
"A1","r3","RSA",1,0,1.55431223447522e-15,8507,7030,0.826378276713295,94.4849241942696,86.9230037097156,0.468304459436697,5.26008092796671,0.758796893815075,5.94210526315789,1.5776692050228,0.219309066728297,0.457677972780523
"A1","r3","RSA",2,0,3.0508373605187e-11,8507,7069,0.830962736569884,94.0050248412911,86.5453121004191,0.471549614795758,5.24864062824128,0.75390836129681,5.93308813127741,1.57687474336364,0.222359039214028,0.461566428554702
"A1","r3","RSA",3,0,1.55431223447522e-15,8507,7101,0.834724344657341,93.3210587206385,85.5338122750123,0.472939719192608,5.21787869254593,0.757545779640986,5.93676946908886,1.52994499881984,0.223671977989983,0.458821466918112
"A1","r3","RSA",4,0,1.55431223447522e-15,8507,7077,0.831903138591748,93.7068798943688,85.6776134790901,0.48348809041289,5.22226305302864,0.758325569223295,5.94093542461495,1.5519094131556,0.233760733571103,0.470687529774512
"A1","r3","RSA",5,0,1.55431223447522e-15,8506,7080,0.832353632729838,93.888731069235,86.630413888961,0.471941286937998,5.25122054053017,0.756725406307565,5.94110169491525,1.51666046147474,0.222728578316693,0.46007037310592
"A1","r3","RSA",6,0,1.77635683940025e-15,8507,7056,0.829434583284354,93.7553867635682,86.5083550317926,0.464320358806228,5.24751980951641,0.754831713134895,5.92942176870748,1.52442977190876,0.215593395601945,0.454003566457702
"A1","r3","RSA",7,0,1.77635683940025e-15,8505,7076,0.831981187536743,94.0798491149986,86.1625315480779,0.474661146272858,5.23702067663459,0.759046201073911,5.93654607122668,1.55286348918456,0.225303203781063,0.463427843565346
"A1","r3","RSA",8,0,1.55431223447522e-15,8505,7076,0.831981187536743,93.8030117510908,86.792696349706,0.472997318112738,5.25613668887401,0.762412964299243,5.93499152063313,1.61047294692456,0.223726462941843,0.461146180603319
"A1","r3","RSA",9,0,1.77635683940025e-15,8504,7064,0.830667920978363,93.9111822559113,85.8007686894556,0.474623798286706,5.22601499411738,0.756201476260321,5.93629671574179,1.53013358658981,0.2252677499001,0.46390712135764
"A1","r3","RSA",10,0,1.77635683940025e-15,8505,7060,0.830099941211052,94.0291913827773,86.3847180968247,0.477583900675942,5.24376866246161,0.762292062633677,5.93512747875354,1.55096874702778,0.228086382184848,0.46517308383272
"A1","r3","RSA",11,0,1.77635683940025e-15,8506,7076,0.83188337644016,94.0853237949913,86.2089643094728,0.481914773459372,5.23843159798382,0.755293078490519,5.93612210288298,1.53994730607818,0.232241848878397,0.467521434825208
"A1","r3","RSA",12,0,1.55431223447522e-15,8506,7040,0.827651069833059,94.208011061136,86.8941294648668,0.471806304868306,5.25920720688557,0.758481291119325,5.934375,1.55926711890894,0.222601189313485,0.459887085929905
"A1","r3","RSA",13,0,1.77635683940025e-15,8504,7073,0.831726246472248,94.0451931036679,86.1414272586323,0.481015428271715,5.23637927449918,0.755385986793973,5.93043970026863,1.52626927779018,0.231375842235421,0.469345025732485
"A1","r3","RSA",14,0,1.77635683940025e-15,8507,7091,0.833548842130011,93.7006166094705,86.7619956376718,0.467276574237182,5.25520703269679,0.754536753279407,5.93456494147511,1.56384176767905,0.218347396830837,0.456390810274557
"A1","r3","RSA",15,0,1.55431223447522e-15,8506,7077,0.832000940512579,93.5066649939464,86.2874790674465,0.466557789563796,5.24081650518744,0.756558297982806,5.92934859403702,1.5235548752146,0.217676171002655,0.454085274366326
"A1","r3","RSA",16,0,1.77635683940025e-15,8504,7082,0.832784571966134,93.4035888762638,86.0269384246111,0.462216076046239,5.23289833257626,0.753850900702201,5.9419655464558,1.54994320570447,0.213643700955583,0.452268560909157
"A1","r3","RSA",17,0,1.55431223447522e-15,8506,7051,0.828944274629673,94.0478653319087,86.9864474295595,0.471517986222794,5.26200020722495,0.756940545870848,5.93703020848107,1.60880020036391,0.222329211331599,0.460693342691385
"A1","r3","RSA",18,0,1.77635683940025e-15,8506,7057,0.82964965906419,94.1430013727537,86.1624837248657,0.466112714319256,5.23701922736347,0.761379932225798,5.93495819753436,1.51972021154596,0.217261062450065,0.45427668700509
"A1","r3","RSA",19,0,1.77635683940025e-15,8506,7074,0.831648248295321,93.3986644504123,85.3398837989576,0.474433103516735,5.21196014208398,0.758244827085496,5.92733955329375,1.53522586319709,0.225086769712521,0.461316508750625
"A1","r3","RSA",20,0,1.77635683940025e-15,8506,7093,0.833881965671291,93.6029449586001,86.4057108405572,0.471878558615055,5.24440577980836,0.758665818036134,5.9382489778655,1.5633041528913,0.222669374080622,0.458295025623205
"A1","r4","CSR",1,0,8.88178419700125e-16,6763,5384,0.796096406920006,92.6643168141289,83.5648421319466,0.537490902755583,5.15747178940939,0.770777354457394,5.92347696879643,1.72812047392609,0.288896470545011,0.521571271287583
"A1","r4","CSR",2,0,8.88178419700125e-16,6763,5440,0.804376755877569,91.9614464789417,83.2000031312345,0.534921603419926,5.14620088268197,0.772630221935972,5.90919117647059,1.74869285552059,0.286141121805345,0.519151667986809
"A1","r4","CSR",3,0,8.88178419700125e-16,6763,5434,0.803489575632116,92.0496365790348,83.4432968214572,0.537372253273935,5.15371965243917,0.77124180451544,5.92896577107103,1.74058177574699,0.288768938588706,0.523100063309424
"A1","r4","CSR",4,0,8.88178419700125e-16,6763,5417,0.800975898269998,92.5582070515558,84.0288846305987,0.530985363801187,5.17177191133917,0.763889235797487,5.92375853793613,1.69636489589506,0.281945456571079,0.517822089152876
"A1","r4","CSR",5,0,1.11022302462516e-15,6763,5456,0.806742569865444,91.8146630355692,83.524082338041,0.539233230767761,5.15621381622946,0.772866418077616,5.90707478005865,1.70740365050224,0.290772477164237,0.523368624992487
"A1","r4","CSR",6,0,8.88178419700125e-16,6763,5461,0.807481886736655,91.590231240228,83.0230340846211,0.526882922772116,5.14072490317355,0.772090073544507,5.92089360922908,1.72817326725036,0.277605614308887,0.515287345044571
"A1","r4","CSR",7,0,8.88178419700125e-16,6763,5442,0.804672482626054,91.7715292117514,83.285493466867,0.537447948114237,5.14884413688364,0.777417500244365,5.92245497978684,1.76608638145011,0.288850296932204,0.526008639215187
"A1","r4","CSR",8,0,8.88178419700125e-16,6763,5433,0.803341712257874,91.6917696742707,83.837660929085,0.513068594571512,5.16588388451118,0.774127481119011,5.92030185900976,1.76260874538866,0.263239382735587,0.501833957509802
"A1","r4","CSR",9,0,8.88178419700125e-16,6763,5416,0.800828034895756,92.5548733460142,83.4750018710173,0.534739824923391,5.15469863757221,0.778225582754412,5.91598966026588,1.83652360026241,0.285946680359099,0.520488178256627
"A1","r4","CSR",10,0,8.88178419700125e-16,6763,5434,0.803489575632116,91.9645761064581,83.2570426401318,0.542351487726989,5.14796462369021,0.772733043601289,5.91332351858668,1.77658298863507,0.294145136239679,0.533197336108759
"A1","r4","CSR",11,0,6.48203712927398e-11,6763,5459,0.807186159988171,90.8579216067529,83.1433917930648,0.526848392524173,5.14444978385296,0.775242937266887,5.91866642242169,1.72698568918198,0.277569228705305,0.515451828038041
"A1","r4","CSR",12,0,8.88178419700125e-16,6763,5452,0.806151116368475,91.849856473808,83.7948165912301,0.540747182005686,5.16456352094624,0.767500972760644,5.91617754952311,1.76237261789251,0.29240751484709,0.526145013487756
"A1","r4","CSR",13,0,8.88178419700125e-16,6763,5433,0.803341712257874,91.7264833867381,83.3580507055805,0.525332940042315,5.15108645167172,0.775360822178614,5.93152954168967,1.7250605650789,0.275974697893503,0.509819803673223
"A1","r4","CSR",14,0,1.11022302462516e-15,6763,5419,0.801271625018483,91.6284764030628,82.7335742666119,0.552253118859827,5.13175550941229,0.76927759576802,5.91492895368149,1.71609122326452,0.304983507290406,0.536502735184047
"A1","r4","CSR",15,0,8.88178419700125e-16,6763,5413,0.80038444477303,92.5468277114304,84.8342480645853,0.527114510689033,5.19649688212411,0.771352346828658,5.91834472566045,1.74203776214743,0.277849707378939,0.513234125545655
"A1","r4","CSR",16,0,8.88178419700125e-16,6763,5465,0.808073340233624,91.3621473557516,83.546028353425,0.525048792817123,5.15689119298502,0.772867913379484,5.91784080512351,1.7459938728954,0.275676234838718,0.513887747558864
"A1","r4","CSR",17,0,8.88178419700125e-16,6763,5420,0.801419488392725,92.3958573157842,84.7610586647456,0.524750271875461,5.19425480068205,0.77042606873356,5.92047970479705,1.77057146203497,0.27536284783337,0.514551326540074
"A1","r4","CSR",18,0,8.88178419700125e-16,6763,5420,0.801419488392725,92.2871844592672,83.6229786392719,0.529879086095762,5.15926552428022,0.778284322829365,5.91992619926199,1.77989444002209,0.28077184588168,0.518285466915439
"A1","r4","CSR",19,0,1.11022302462516e-15,6763,5467,0.808369066982109,92.0468363936517,83.4571641540045,0.532020918463227,5.15414788525544,0.770707604051222,5.91220047558076,1.69810761585781,0.283046257682456,0.515419021435335
"A1","r4","CSR",20,0,8.88178419700125e-16,6763,5445,0.80511607274878,92.0763684920847,83.6675204406867,0.531044851792327,5.16063938952868,0.775357718361042,5.91753902662994,1.70388960744982,0.282008634615134,0.513779145120908
"A1","r4","RSA",1,0,8.88178419700125e-16,6762,5408,0.799763383614315,92.5018902003453,84.8901275266785,0.475427644476428,5.19820803905511,0.754412692901061,5.92640532544379,1.56883841677948,0.226031445132404,0.461194192797501
"A1","r4","RSA",2,0,8.88178419700125e-16,6763,5403,0.798905811030608,93.0887172002202,85.3895842031236,0.473318249893725,5.2134776137409,0.757815067663976,5.93300018508236,1.56492892761937,0.224030165682458,0.463699316132805
"A1","r4","RSA",3,0,1.11022302462516e-15,6763,5398,0.798166494159397,92.8672746785278,84.8466770081769,0.484161242435551,5.19687752102667,0.757601890149003,5.93071507965913,1.55236009631138,0.234412108676736,0.46730447486548
"A1","r4","RSA",4,0,8.88178419700125e-16,6763,5404,0.79905367440485,92.7752839840751,85.3736845865362,0.4592156819971,5.21299220630548,0.754360849689538,5.92949666913398,1.49993304292801,0.210879042592062,0.446767731540642
"A1","r4","RSA",5,0,1.11022302462516e-15,6763,5382,0.795800680171522,93.5800990762675,86.4058580983398,0.469418011814135,5.24441018740096,0.755090138035689,5.92827945001858,1.5447529952996,0.220353269815536,0.454120815692762
"A1","r4","RSA",6,0,8.88178419700125e-16,6763,5413,0.80038444477303,93.1211346743289,85.8318346279348,0.473786228791532,5.22696102064707,0.7559996419491,5.9355255865509,1.56069815774321,0.224473390592502,0.45824940211716
"A1","r4","RSA",7,0,8.88178419700125e-16,6763,5426,0.802306668638178,93.0628651949028,85.4782660746852,0.480567307796484,5.21618414919676,0.755983082014194,5.92388499815702,1.53687824962928,0.23094493732276,0.468656049127793
"A1","r4","RSA",8,0,8.88178419700125e-16,6763,5414,0.800532308147272,92.5651437218197,85.2522345537304,0.475167308833636,5.20928287901434,0.753305543145403,5.92777983007019,1.51501236164002,0.2257839713842,0.459769230785901
"A1","r4","RSA",9,0,8.88178419700125e-16,6762,5403,0.799023957409051,93.2450871202501,85.3776126648785,0.474918619783593,5.21311213863669,0.758654194139754,5.92319081991486,1.58147430401049,0.225547695417153,0.461828951654939
"A1","r4","RSA",10,0,1.11022302462516e-15,6763,5425,0.802158805263936,92.325229164703,84.7986669206525,0.46516444692161,5.19540701158726,0.754900041391833,5.9236866359447,1.53805425281731,0.216377962679887,0.455397211597453
"A1","r4","RSA",11,0,8.03305200136606e-11,6763,5416,0.800828034895756,92.3531791229056,84.7762731896334,0.477777229328695,5.19472096167331,0.758434726715836,5.92596011816839,1.52046352860305,0.228271080865004,0.465590035094088
"A1","r4","RSA",12,0,1.11022302462516e-15,6763,5440,0.804376755877569,92.5307032838812,84.2556487352161,0.475311297107697,5.17874551972371,0.751758684437751,5.92941176470588,1.54088878794761,0.225920829158202,0.46486188578826
"A1","r4","RSA",13,0,8.88178419700125e-16,6762,5402,0.798876072167998,92.9987014161015,85.8656143986807,0.474395331198364,5.22798946244628,0.76034503472013,5.92021473528323,1.54167979094743,0.225050930262806,0.459844635531126
"A1","r4","RSA",14,0,8.88178419700125e-16,6764,5443,0.804701360141928,92.6304644470747,85.0305688272167,0.478456667931503,5.20250619274349,0.753816645029114,5.93275767040235,1.51183191976613,0.228920783088116,0.462039571981987
"A1","r4","RSA",15,0,1.11022302462516e-15,6762,5450,0.805974563738539,93.1732510692117,85.1404362301854,0.472637464793903,5.20586615793297,0.760962217066057,5.93155963302752,1.53926807544857,0.223386173126808,0.461490702208542
"A1","r4","RSA",16,0,8.88178419700125e-16,6763,5420,0.801419488392725,93.2563663917855,85.8748912121221,0.482437127476469,5.2282718780655,0.759122787238882,5.92324723247232,1.54863828173251,0.232745581967746,0.466308013084375
"A1","r4","RSA",17,0,8.88178419700125e-16,6763,5445,0.80511607274878,92.382890710048,84.9022523620784,0.46951632737602,5.19857925650082,0.761107579565199,5.92653810835629,1.55301529084176,0.220445581672666,0.459145316158955
"A1","r4","RSA",18,0,1.11022302462516e-15,6764,5410,0.799822590183323,92.8960182864404,85.2784501281679,0.479796949690328,5.21008385220008,0.758596799746637,5.9264325323475,1.53978926749386,0.230205112932143,0.468929628036632
"A1","r4","RSA",19,0,1.11022302462516e-15,6763,5420,0.801419488392725,92.8854828513024,85.8062101326609,0.472239591088368,5.2261807252142,0.761803626157252,5.91918819188192,1.56386868943426,0.223010231391309,0.462889578814352
"A1","r4","RSA",20,0,1.11022302462516e-15,6763,5409,0.799792991276061,93.2807564798129,85.6167013599896,0.47295307552709,5.22040635059474,0.75394967710406,5.92956184137549,1.5140834063543,0.223684611650533,0.462327484441297
"A1","r5","CSR",1,0,2.22044604925031e-16,7675,6179,0.805081433224756,91.4932631515219,82.5856582783162,0.540988414145743,5.12716602881009,0.775748297866603,5.91891891891892,1.7268336643539,0.292668464239926,0.524727664419314
"A1","r5","CSR",2,0,2.22044604925031e-16,7675,6196,0.807296416938111,91.7444678141532,83.4982682256446,0.535448142754619,5.1554169816944,0.775255419311322,5.92075532601678,1.74464743584734,0.286704713579371,0.522532800431432
"A1","r5","CSR",3,0,2.22044604925031e-16,7675,6166,0.803387622149837,91.8227940297163,82.8699171344023,0.539449066756699,5.13598226834902,0.7740862332835,5.92134284787545,1.76623702858388,0.291005295624673,0.525299160605651
"A1","r5","CSR",4,0,2.22044604925031e-16,7675,6187,0.806123778501629,91.8755803140043,83.1963721362249,0.542261558444352,5.14608858703249,0.773122714864344,5.92112493938904,1.75679097484996,0.294047597766497,0.527462257674948
"A1","r5","CSR",5,0,2.22044604925031e-16,7675,6227,0.811335504885993,91.3306196019868,83.2609402305706,0.532892478450648,5.14808512054223,0.772030501416291,5.92291633210214,1.82669448111292,0.283974393589275,0.51976712237477
"A1","r5","CSR",6,0,2.22044604925031e-16,7675,6188,0.806254071661238,91.5910495559429,82.6482947671013,0.540620238104322,5.12910998891787,0.775772979102456,5.91903684550743,1.76506181664768,0.292270241847974,0.525114640901645
"A1","r5","CSR",7,0,2.22044604925031e-16,7675,6190,0.806514657980456,91.793652068769,83.5903277841227,0.53605193398442,5.15825820569622,0.771100164955098,5.91777059773829,1.79530541836303,0.287351675928437,0.523854573908413
"A1","r5","CSR",8,0,2.22044604925031e-16,7675,6173,0.804299674267101,92.3818563429387,84.0239468330923,0.537457591458252,5.17161995443927,0.772224085879025,5.92369998380042,1.79148779850454,0.288860662616105,0.527064268729481
"A1","r5","CSR",9,0,2.22044604925031e-16,7675,6175,0.804560260586319,91.6505887744356,83.8021955959653,0.532402856521384,5.16479112279514,0.773098669263634,5.92113360323887,1.69008617829241,0.28345280163213,0.519149004942937
"A1","r5","CSR",10,0,2.22044604925031e-16,7675,6168,0.803648208469055,92.6546381889869,83.5688464919618,0.543280724469108,5.15759537030058,0.776798141386607,5.91488326848249,1.83270856428625,0.295153945579679,0.529968008407931
"A1","r5","CSR",11,0,2.22044604925031e-16,7675,6204,0.808338762214984,91.4329888267424,82.4845747570929,0.543841406714604,5.1240272473782,0.77949140474755,5.91795615731786,1.75515713107767,0.295763475657319,0.52685325425492
"A1","r5","CSR",12,0,2.22044604925031e-16,7675,6175,0.804560260586319,91.4729172314414,82.013963017346,0.546763052916564,5.10938892956223,0.776037257603144,5.92275303643725,1.77488713935545,0.298949836034642,0.531877688007186
"A1","r5","CSR",13,0,2.22044604925031e-16,7675,6186,0.80599348534202,91.7403591735083,82.9577785899915,0.533771831606722,5.13870421237603,0.775288980621013,5.92321370837375,1.75853298487915,0.284912368216795,0.52205356968033
"A1","r5","CSR",14,0,9.97494309373792e-11,7675,6202,0.808078175895765,91.6656726218635,83.1853637375159,0.532892955547937,5.14574807857523,0.776024851590256,5.92583037729765,1.73486243727736,0.283974902072616,0.519702188002237
"A1","r5","CSR",15,0,2.22044604925031e-16,7675,6197,0.80742671009772,91.764225199134,82.8475340068741,0.539967931668167,5.1352886112015,0.77283308524249,5.92286590285622,1.73969172071744,0.291565367229998,0.526513220206075
"A1","r5","CSR",16,0,2.22044604925031e-16,7675,6171,0.804039087947883,91.8113633717479,82.5513400952729,0.547689475236027,5.12610063011308,0.770281146570804,5.91751742019122,1.72301723936423,0.299963761284314,0.535409723223527
"A1","r5","CSR",17,0,2.22044604925031e-16,7675,6230,0.811726384364821,91.0221721739053,82.3786598312723,0.53152739321769,5.12073645316919,0.777916731847822,5.91637239165329,1.74336651405544,0.282521369740793,0.519584862803023
"A1","r5","CSR",18,0,2.22044604925031e-16,7675,6177,0.804820846905537,92.1966430680402,84.1273247308814,0.519143104365096,5.17480039808625,0.771363311970943,5.92650153796341,1.77018000295262,0.269509562809829,0.510503767557294
"A1","r5","CSR",19,0,2.22044604925031e-16,7675,6192,0.806775244299674,92.2065719374898,83.0631499373386,0.538767878268609,5.14196668256514,0.773870091201757,5.9250645994832,1.71882248007757,0.290270826654058,0.521404403907472
"A1","r5","CSR",20,0,2.22044604925031e-16,7675,6160,0.802605863192182,92.2779691056362,83.4246097578703,0.539594359677902,5.15314253994151,0.770427560819186,5.92418831168831,1.73982723519377,0.291162072996205,0.523928767879869
"A1","r5","RSA",1,0,2.22044604925031e-16,7676,6132,0.798853569567483,92.7863223496099,85.3460287670674,0.467661825151864,5.21214780067866,0.75548594866091,5.94210697977821,1.54533485203413,0.218707582704373,0.456458299907643
"A1","r5","RSA",2,0,2.22044604925031e-16,7675,6169,0.803778501628664,92.8261485499944,84.7535104610347,0.478961381143413,5.1940235144374,0.759854584272774,5.92721672880532,1.5506355887214,0.229404004626806,0.468109050687064
"A1","r5","RSA",3,0,2.22044604925031e-16,7675,6166,0.803387622149837,92.4097009064987,85.1558566679948,0.46187234675667,5.20633758445894,0.755222923446397,5.93058709049627,1.52835219379277,0.213326064698514,0.450671980365352
"A1","r5","RSA",4,0,2.22044604925031e-16,7676,6172,0.804064616988015,92.3812761246161,84.5518095018537,0.481674626057975,5.18783932349871,0.758836252751658,5.92028515878159,1.56356835166432,0.23201044538809,0.470065335194502
"A1","r5","RSA",5,0,2.22044604925031e-16,7677,6165,0.803048065650645,92.254242274821,85.2206353090484,0.46285032559662,5.20831745631289,0.755845650637593,5.92895377128954,1.5179886034758,0.214230423904897,0.45254125266081
"A1","r5","RSA",6,0,2.22044604925031e-16,7675,6195,0.807166123778502,92.230301088889,84.44490152025,0.47382396016108,5.18455851463866,0.75949855174851,5.92929782082324,1.5539283896546,0.224509145222729,0.463364693309196
"A1","r5","RSA",7,0,2.22044604925031e-16,7675,6172,0.804169381107492,93.1063013965089,85.1895198366574,0.477201874953033,5.20736654677376,0.750282634359794,5.92952041477641,1.58845266252273,0.22772162945869,0.462746881307415
"A1","r5","RSA",8,0,2.22044604925031e-16,7674,6182,0.80557727391191,93.1167445842801,86.1433527968511,0.466347531028337,5.23643779451497,0.755464624468088,5.92186994500162,1.50869813677977,0.217480019696226,0.453643187109458
"A1","r5","RSA",9,0,2.22044604925031e-16,7674,6180,0.805316653635653,92.41911441598,85.4726218185334,0.472727669383209,5.21601193436164,0.756544146578203,5.92912621359223,1.54053362705185,0.223471449400481,0.460350650911677
"A1","r5","RSA",10,0,9.23864318380652e-11,7674,6201,0.808053166536357,92.3757170302654,83.7345370510753,0.479062601280084,5.16270577879276,0.761687390286858,5.91969037252056,1.58064609766375,0.22950097594524,0.466566908976326
"A1","r5","RSA",11,0,2.22044604925031e-16,7673,6159,0.802684738694122,92.8106391497605,85.4312268980806,0.466203168100628,5.21474871019397,0.754629752625314,5.93229420360448,1.57141388160167,0.217345393947062,0.453596065921157
"A1","r5","RSA",12,0,2.22044604925031e-16,7673,6196,0.807506842173856,91.766516868035,83.7728663423667,0.48785258072845,5.16388714680269,0.75514397665265,5.92059393156875,1.51362909028762,0.238000140523409,0.472069223007614
"A1","r5","RSA",13,0,2.22044604925031e-16,7676,6181,0.805237102657634,91.9400518013864,85.6762976370537,0.464855465046341,5.22222295095672,0.756857760176759,5.92913767998706,1.51148257343598,0.21609060338345,0.453967333035675
"A1","r5","RSA",14,0,2.22044604925031e-16,7675,6157,0.802214983713355,92.8179723517881,85.5578876432874,0.480609334191531,5.21861298410414,0.75684015874793,5.92821179145688,1.54390344571539,0.230985332112026,0.467669027374163
"A1","r5","RSA",15,0,2.22044604925031e-16,7676,6165,0.803152683689422,92.5353851129626,85.4943092967681,0.473561440706143,5.21667363955385,0.756501483024557,5.92619626926196,1.52878314447018,0.224260438123678,0.459849250498751
"A1","r5","RSA",16,0,2.22044604925031e-16,7676,6190,0.806409588327254,92.3004158078934,84.9092704061691,0.472138600722471,5.19879410596327,0.754153893617997,5.92568659127625,1.52008657812039,0.222914858292173,0.461789740439871
"A1","r5","RSA",17,0,2.22044604925031e-16,7673,6196,0.807506842173856,92.6568277645534,84.2870540060456,0.484293721614698,5.17971065118718,0.757638230123282,5.93576500968367,1.5890935389595,0.234540408795415,0.471359244293566
"A1","r5","RSA",18,0,2.22044604925031e-16,7674,6180,0.805316653635653,93.1819851298435,86.0702674895085,0.476856212541439,5.23421597960455,0.756187293541299,5.92653721682848,1.54695709604145,0.227391847439366,0.464687507263343
"A1","r5","RSA",19,0,2.22044604925031e-16,7675,6146,0.800781758957655,93.0105215478617,85.3572397968555,0.481573720567267,5.21249012310569,0.750964933650215,5.92873413602343,1.52396835664414,0.231913248341,0.468558469184234
"A1","r5","RSA",20,0,2.22044604925031e-16,7674,6209,0.809095647641387,92.0298041364335,84.7237636865803,0.47627076448555,5.19311193564492,0.75528349293008,5.92398131744242,1.53191352800142,0.22683384110365,0.462464478689947
"A2","r1","CSR",1,0,6.88338275267597e-15,6546,5581,0.852581729300336,112.220444636108,101.72138243347,0.536409652025369,5.69024794405794,0.771913952813878,5.94320014334349,1.770429112086,0.287735314785977,0.521430267933926
"A2","r1","CSR",2,0,6.66133814775094e-15,6546,5556,0.848762603116407,112.231183552608,101.874967029448,0.533212642645307,5.69454204854385,0.766005370236735,5.94510439164867,1.73757998910042,0.284315722276791,0.521730185424017
"A2","r1","CSR",3,0,6.88338275267597e-15,6546,5556,0.848762603116407,112.25804238955,101.207200941732,0.532528235738489,5.67584818443353,0.775026457474821,5.94186465082793,1.79445945674481,0.283586321858748,0.521086097444632
"A2","r1","CSR",4,0,6.66133814775094e-15,6546,5576,0.85181790406355,111.9143751007,102.139659530271,0.536506152782256,5.70193505611334,0.772790151835509,5.93884505021521,1.79590065688312,0.287838851973218,0.523148185123482
"A2","r1","CSR",5,0,6.88338275267597e-15,6546,5567,0.850443018637336,112.36789440503,101.704553517874,0.532151948432836,5.68977722363957,0.771993052286331,5.94323693192024,1.79196242732425,0.283185696220864,0.521383475998736
"A2","r1","CSR",6,0,3.18638448959518e-11,6546,5575,0.851665139016193,112.473317062519,102.832473232005,0.533571564270058,5.72124049926913,0.77208155031784,5.94439461883408,1.77911057262981,0.284698614197597,0.520359347639326
"A2","r1","CSR",7,0,6.88338275267597e-15,6546,5601,0.855637030247479,111.428686421057,102.402151196251,0.518583260910856,5.70925714014125,0.768115772473644,5.94108194965185,1.7204566148902,0.268928598496937,0.508598839611636
"A2","r1","CSR",8,0,6.88338275267597e-15,6546,5575,0.851665139016193,112.073158362438,101.401845918953,0.532089515540708,5.68130355053207,0.773977088120112,5.94762331838565,1.76905382292225,0.283119252548345,0.516138211169737
"A2","r1","CSR",9,0,6.88338275267597e-15,6546,5580,0.852428964252979,111.483417036046,101.892156205956,0.524117229593259,5.69502242411798,0.773461308352983,5.94641577060932,1.73310240462667,0.274698870356513,0.509699573110501
"A2","r1","CSR",10,0,6.66133814775094e-15,6546,5589,0.853803849679193,111.453451613914,101.853246892349,0.521017069670764,5.6939349685216,0.770093518340285,5.94238683127572,1.78157633494466,0.27145878688831,0.509153580182923
"A2","r1","CSR",11,0,6.66133814775094e-15,6546,5580,0.852428964252979,111.976705183022,102.034149614932,0.521939163266689,5.69898925694624,0.775783551225833,5.93655913978495,1.70631689110663,0.272420490151532,0.511222904058672
"A2","r1","CSR",12,0,6.88338275267597e-15,6546,5574,0.851512373968836,112.09676660594,103.34136136472,0.529443460701685,5.73537940553936,0.771306262729559,5.94384642985289,1.76196374170895,0.280310378079777,0.517081670395866
"A2","r1","CSR",13,0,6.66133814775094e-15,6546,5598,0.855178735105408,111.039600373685,100.369046584048,0.542842306600019,5.65229684273178,0.773232380128586,5.94051446945338,1.76472955482008,0.294677769834829,0.529624297007066
"A2","r1","CSR",14,0,6.88338275267597e-15,6546,5586,0.853345554537122,111.725649980381,100.674795220408,0.547993531438762,5.66089945196544,0.770578252813484,5.94253490870032,1.75050200639083,0.300296910498725,0.53282037640227
"A2","r1","CSR",15,0,6.88338275267597e-15,6546,5573,0.851359608921479,112.181530949165,102.429415720318,0.524633564534334,5.71001713305718,0.768326845097711,5.94670733895568,1.73531444358755,0.275240377036001,0.512141914775204
"A2","r1","CSR",16,0,6.88338275267597e-15,6546,5603,0.855942560342194,111.092783034054,100.657654475204,0.535380749075275,5.66041752342789,0.770692137257795,5.94556487595931,1.75016017264684,0.286632546480403,0.522479878848475
"A2","r1","CSR",17,0,6.66133814775094e-15,6546,5562,0.84967919340055,111.884307432136,101.570395570426,0.53335243043513,5.6860233058569,0.777236257326378,5.94857964760877,1.79343531365152,0.28446481505106,0.521892054441786
"A2","r1","CSR",18,0,6.88338275267597e-15,6546,5581,0.852581729300336,111.658735565485,101.413270672427,0.538427954522896,5.6816235923604,0.776321154918636,5.94140834975811,1.78240869719909,0.289904662211709,0.527222487955682
"A2","r1","CSR",19,0,6.88338275267597e-15,6546,5572,0.851206843874122,111.863602326522,102.703295008981,0.515811506457178,5.71764585608277,0.770077197167512,5.94041636755205,1.77314992533249,0.266061510193624,0.503284927975854
"A2","r1","CSR",20,0,6.66133814775094e-15,6546,5576,0.85181790406355,111.951328248697,102.111091113719,0.527325933009187,5.70113756771825,0.769640978081999,5.94709469153515,1.75594492089738,0.27807263962401,0.513272723241375
"A2","r1","RSA",1,0,6.88338275267597e-15,6546,5566,0.850290253589979,112.259170282325,104.60629783329,0.430870136770315,5.77037421449344,0.747188155534738,5.94825727632052,1.44925392553105,0.18564907476047,0.4199654266294
"A2","r1","RSA",2,0,6.88338275267597e-15,6546,5582,0.852734494347693,112.667435578809,103.962921161062,0.442165989891435,5.75260161042913,0.745403563293365,5.94858473665353,1.47540652560824,0.195510762616673,0.427280968812577
"A2","r1","RSA",3,0,6.88338275267597e-15,6546,5582,0.852734494347693,112.312159461438,103.787263359435,0.429201767119021,5.74773971638407,0.744257531353136,5.94858473665353,1.43992901261773,0.184214156898091,0.418505688629425
"A2","r1","RSA",4,0,6.88338275267597e-15,6546,5597,0.855025970058051,111.845173710695,103.720281494356,0.436345978174526,5.74588470102031,0.745293402671025,5.94586385563695,1.48080713871658,0.190397812669084,0.426899068628384
"A2","r1","RSA",5,0,6.88338275267597e-15,6546,5561,0.849526428353193,112.430009971792,103.311283341266,0.435884731205975,5.73454469350967,0.744086575534157,5.95360546664269,1.40324284359601,0.189995498898505,0.422832078342383
"A2","r1","RSA",6,0,6.88338275267597e-15,6546,5584,0.853040024442408,112.837105698848,103.512186277701,0.451831138604369,5.7401177607935,0.749306272387066,5.94896131805158,1.47097509862882,0.20415137781252,0.441274667784985
"A2","r1","RSA",7,0,6.88338275267597e-15,6546,5608,0.856706385578979,112.502027563364,103.607193592536,0.439975132587735,5.7427514209815,0.743872429043604,5.9425820256776,1.46843435210776,0.193578117295595,0.427730116018339
"A2","r1","RSA",8,0,6.88338275267597e-15,6546,5559,0.849220898258478,112.502342123817,104.761410306016,0.428996688008585,5.77465086312251,0.74193341343941,5.9487317862925,1.4243232384119,0.184038158322335,0.417641497469131
"A2","r1","RSA",9,0,6.88338275267597e-15,6546,5593,0.854414909868622,112.823476940942,105.109082964502,0.428515625267414,5.78422511969523,0.745943216338903,5.95208296084391,1.48017851099896,0.183625641098323,0.416542459965987
"A2","r1","RSA",10,0,2.78969070066637e-11,6546,5590,0.853956614726551,112.260778372162,104.822924201103,0.439306882009803,5.77634599544892,0.746871868073334,5.9520572450805,1.45985889097899,0.192990536581175,0.42849308051958
"A2","r1","RSA",11,0,6.66133814775094e-15,6546,5569,0.85074854873205,112.870204443609,104.729173202181,0.439715494145923,5.77376230911083,0.742976102496599,5.94756688813072,1.45199165433444,0.193349715791993,0.42798028790755
"A2","r1","RSA",12,0,6.88338275267597e-15,6546,5578,0.852123434158265,112.608352692368,104.695287311034,0.432546325385648,5.77282815642775,0.747320848490983,5.95069917533166,1.41105294481194,0.187096323604626,0.422070591265678
"A2","r1","RSA",13,0,6.88338275267597e-15,6546,5574,0.851512373968836,112.615223196006,104.84886066222,0.430554900567969,5.77706057283149,0.744170060671741,5.9578399712953,1.43568856868014,0.185377522403093,0.419908892574388
"A2","r1","RSA",14,0,6.88338275267597e-15,6546,5617,0.858081271005194,111.675499911263,102.824816148866,0.457073270465528,5.72102748859108,0.747187958492561,5.94997329535339,1.47523904843203,0.208915974574054,0.446342607449111
"A2","r1","RSA",15,0,6.88338275267597e-15,6547,5593,0.854284405071025,112.375778884329,104.104634710533,0.443425281317834,5.75652103495809,0.745215373809675,5.95333452529948,1.45222108567653,0.1966259801118,0.429943405547606
"A2","r1","RSA",16,0,6.66133814775094e-15,6545,5572,0.851336898395722,112.108083035504,103.943208316933,0.430988452457443,5.75205620168414,0.749757469826857,5.95495333811917,1.43631184488744,0.185751046151661,0.418554662549487
"A2","r1","RSA",17,0,6.66133814775094e-15,6546,5548,0.84754048273755,113.507700362315,104.447106014971,0.44139780538324,5.76598181332457,0.739363723473589,5.9563806777217,1.46231190265164,0.194832022597141,0.428480006596327
"A2","r1","RSA",18,0,6.88338275267597e-15,6546,5568,0.850595783684693,112.840783311596,103.943965750105,0.441227619172534,5.7520771819084,0.746889381921127,5.95851293103448,1.44088674098598,0.194681811920663,0.429662956998872
"A2","r1","RSA",19,0,6.88338275267597e-15,6546,5528,0.844485181790406,113.303697385131,104.798405600256,0.438474772312853,5.77567033326209,0.743225800144331,5.95640376266281,1.42183703759756,0.192260125954808,0.429725537573366
"A2","r1","RSA",20,0,6.88338275267597e-15,6545,5569,0.850878533231474,112.473553981238,104.204394324525,0.441413344481616,5.75927850492494,0.743498203267755,5.94792601903394,1.41323608935342,0.194845740686446,0.430539589366856
"A2","r2","CSR",1,0,1.33226762955019e-15,6844,6206,0.906779661016949,124.541924213247,114.353593705826,0.524321724526023,6.0332312355657,0.771353584607874,5.96374476313245,1.77289968923526,0.274913270809943,0.513858885577305
"A2","r2","CSR",2,0,1.33226762955019e-15,6844,6212,0.907656341320865,124.816375139831,113.776654317383,0.518182893047363,6.01799251179742,0.768669833925076,5.96555054732775,1.75408594705009,0.268513510646935,0.506586053545389
"A2","r2","CSR",3,0,1.11022302462516e-15,6844,6231,0.910432495616598,124.013735829609,112.533949128939,0.541545278539645,5.98503705410795,0.770616469100533,5.97175413256299,1.782829651257,0.293271288708582,0.528814608162632
"A2","r2","CSR",4,0,1.11022302462516e-15,6844,6215,0.908094681472823,124.257914366266,113.294696947872,0.53545477762192,6.0052328922952,0.767434623113185,5.96106194690265,1.76417396059711,0.28671181887814,0.523943743681796
"A2","r2","CSR",5,0,1.11022302462516e-15,6844,6226,0.909701928696669,124.471876457598,112.367699238552,0.534284414624163,5.98061442746069,0.777497264733361,5.96498554449084,1.75716736525285,0.285459835710284,0.520591669525963
"A2","r2","CSR",6,0,1.33226762955019e-15,6844,6221,0.908971361776739,124.346442697734,113.437241527748,0.522706357034467,6.00900952235063,0.771179598014083,5.96109950168783,1.72549615424573,0.273221935684244,0.512544206497716
"A2","r2","CSR",7,0,1.11022302462516e-15,6844,6226,0.909701928696669,124.096910386143,112.141871425133,0.529523159246417,5.97460176257749,0.772351996915633,5.958882107292,1.76987531236414,0.280394776178306,0.517738997569005
"A2","r2","CSR",8,0,1.33226762955019e-15,6844,6208,0.907071887784921,124.640940339398,113.178012656452,0.530823572484874,6.00213959964819,0.772284505765461,5.96552835051546,1.73459369534563,0.281773665105604,0.518556924437394
"A2","r2","CSR",9,0,1.11022302462516e-15,6844,6205,0.906633547632963,124.535612624523,111.907163658815,0.538116254930916,5.9683462137671,0.766949030395832,5.96615632554392,1.72161393107096,0.289569103820875,0.527448065871192
"A2","r2","CSR",10,0,1.11022302462516e-15,6844,6187,0.904003506721216,124.953934208771,114.378964813605,0.525884550906242,6.03390050229852,0.769652703420794,5.96605786326168,1.79871842083494,0.27655456088186,0.513622549239036
"A2","r2","CSR",11,0,1.11022302462516e-15,6844,6212,0.907656341320865,124.59809274,113.699415095744,0.533849159750453,6.01594945098778,0.769822957559776,5.96426271732131,1.753673534575,0.284994925366265,0.521564346173709
"A2","r2","CSR",12,0,1.33226762955019e-15,6844,6239,0.911601402688486,123.720456941759,113.487708948208,0.535378300396951,6.01034605647324,0.765423794583655,5.96585991344767,1.73512795151721,0.286629924535928,0.520382309564739
"A2","r2","CSR",13,0,1.33226762955019e-15,6844,6209,0.907218001168907,124.417345083012,112.972736701914,0.528286598585297,5.99669400265325,0.76981397547139,5.96408439362216,1.82168022225801,0.279086730244823,0.516792377098968
"A2","r2","CSR",14,0,1.33226762955019e-15,6844,6235,0.911016949152542,123.990524206493,112.486632469295,0.529110414810157,5.98377867058093,0.771442930457626,5.96391339214114,1.84743030369454,0.279957831060576,0.519947295830079
"A2","r2","CSR",15,0,1.33226762955019e-15,6844,6219,0.908679135008767,124.46469372962,113.126361651462,0.528504239027301,6.00076989241073,0.770181227406164,5.95980061103071,1.79156483640362,0.279316730669827,0.516850483205574
"A2","r2","CSR",16,0,1.33226762955019e-15,6844,6219,0.908679135008767,124.64420251564,113.533425663046,0.534231922647648,6.0115565206409,0.775538370412832,5.95835343302782,1.78002790915957,0.285403747175802,0.517714261820076
"A2","r2","CSR",17,0,1.11022302462516e-15,6844,6216,0.908240794856809,124.253252226728,112.615454987678,0.533513854557992,5.98720407588551,0.771511269442708,5.96509009009009,1.76080845527748,0.284637033005326,0.522096385012713
"A2","r2","CSR",18,0,1.33226762955019e-15,6844,6234,0.910870835768556,124.233499499382,113.041720028223,0.53067270069843,5.99852457143384,0.773114183606262,5.96246390760346,1.70370873646386,0.281613515266566,0.517674401109417
"A2","r2","CSR",19,0,8.11120060006942e-11,6844,6214,0.907948568088837,124.382613977684,112.657291938219,0.527169722742419,5.98831610157869,0.772641444668812,5.96379143868684,1.79154242293651,0.277907916576319,0.515987279363913
"A2","r2","CSR",20,0,1.33226762955019e-15,6844,6208,0.907071887784921,124.651211206092,113.95013109221,0.525644764378192,6.02257861366609,0.771099208928563,5.96730025773196,1.81285032259056,0.276302418318205,0.514153019707967
"A2","r2","RSA",1,0,1.33226762955019e-15,6843,6183,0.903551074090311,125.353479446645,115.873144758521,0.441826858345282,6.07318429819502,0.746654904385124,5.97137311984474,1.51632692368368,0.195210972755262,0.431517292738487
"A2","r2","RSA",2,0,1.33226762955019e-15,6844,6206,0.906779661016949,124.671664496506,114.608202845084,0.442154217632828,6.03994403911506,0.744424950567248,5.97276828875282,1.45050730713928,0.195500352170498,0.432317031409129
"A2","r2","RSA",3,0,1.33226762955019e-15,6845,6231,0.910299488677867,124.784030540366,115.357715963646,0.458527905773462,6.05966182544951,0.750236047891922,5.96934681431552,1.44544867440357,0.210247840372997,0.449917703113158
"A2","r2","RSA",4,0,1.11022302462516e-15,6844,6211,0.907510227936879,124.843413184598,114.664424211676,0.446333499659792,6.04142531362828,0.747534157382111,5.96731605216551,1.47670936531233,0.199213592918558,0.430670869117621
"A2","r2","RSA",5,0,1.11022302462516e-15,6843,6206,0.906912173023528,125.294205303085,115.853981788747,0.451086657297856,6.07268208046522,0.754400202805405,5.96986786980342,1.5073916666645,0.203479172392154,0.440102186177932
"A2","r2","RSA",6,0,1.33226762955019e-15,6845,6181,0.902994886778671,125.87915889091,115.603976629653,0.45251989227519,6.06612632932899,0.748852485030175,5.9686134929623,1.50063285074995,0.204774252904749,0.440296014164881
"A2","r2","RSA",7,0,1.33226762955019e-15,6844,6211,0.907510227936879,124.756101510542,116.516923489997,0.44226879402006,6.09003190915994,0.747833248207135,5.96796007084205,1.46483479132006,0.195601686163959,0.431352956887023
"A2","r2","RSA",8,0,1.11022302462516e-15,6843,6202,0.90632763407862,125.286102617178,115.508325864048,0.445774429230389,6.06361624954371,0.744127094003774,5.96871976781683,1.44362709804168,0.198714841755679,0.434021583990235
"A2","r2","RSA",9,0,1.33226762955019e-15,6843,6186,0.903989478298992,125.688516104825,117.726047411249,0.437071296771327,6.12154915201547,0.744692442806265,5.97203362431296,1.46841743201393,0.191031318461369,0.425104190235864
"A2","r2","RSA",10,0,1.33226762955019e-15,6844,6197,0.905464640561075,125.435689368022,116.259719839926,0.442785406300914,6.08330651784094,0.747693483948533,5.9725673713087,1.515709563125,0.196058916033066,0.435096337489735
"A2","r2","RSA",11,0,1.33226762955019e-15,6843,6193,0.905012421452579,125.320179548154,115.757298350383,0.449509413589256,6.07014764753327,0.75210837172817,5.97367996124657,1.53144538657674,0.202058712905357,0.440705242260191
"A2","r2","RSA",12,0,1.33226762955019e-15,6843,6212,0.907788981440888,124.950677445459,115.73719169937,0.437895208221472,6.06962044220097,0.748929642484171,5.97182871860914,1.44840927801588,0.191752213383327,0.428962939469001
"A2","r2","RSA",13,0,1.33226762955019e-15,6846,6221,0.908705813613789,124.779097818808,114.926512060129,0.4462424101812,6.04832579920754,0.744586288851863,5.97138723677865,1.46027442574704,0.199132288644326,0.433016517932003
"A2","r2","RSA",14,0,1.33226762955019e-15,6844,6210,0.907364114552893,125.089254407734,115.915116742884,0.441238212083518,6.07428411357061,0.74894013646993,5.96924315619968,1.45001215056114,0.19469115980266,0.431593826634837
"A2","r2","RSA",15,0,1.11022302462516e-15,6844,6219,0.908679135008767,124.802820340098,114.968431450281,0.449410903480566,6.04942876060772,0.748499075012586,5.97169963016562,1.47266309664026,0.201970160167218,0.43526463174401
"A2","r2","RSA",16,0,1.11022302462516e-15,6844,6184,0.903565166569258,125.373703464617,116.381262562303,0.443088349894239,6.08648546726636,0.749648923527538,5.97428848641656,1.5068594322077,0.196327285812,0.431662636199935
"A2","r2","RSA",17,0,6.52393694622333e-11,6845,6197,0.905332359386413,125.196825882053,116.096628531574,0.442054998284437,6.07903813232052,0.746914460395893,5.97095368726803,1.48592183081153,0.195412621508253,0.432301744451374
"A2","r2","RSA",18,0,1.33226762955019e-15,6844,6194,0.905026300409117,125.029342073393,115.06243945048,0.449223277419289,6.05190151726838,0.743576050089808,5.96948659993542,1.42277296421569,0.201801552975327,0.441280143011359
"A2","r2","RSA",19,0,1.33226762955019e-15,6843,6218,0.908665789858249,124.680941570554,115.480134520119,0.442114629472102,6.06287625433543,0.749893355637968,5.96928272756513,1.45618996315987,0.195465345593254,0.430888707308941
"A2","r2","RSA",20,0,1.33226762955019e-15,6844,6213,0.907802454704851,124.797535999519,116.221471585497,0.43850784448756,6.08230576282484,0.751504316528221,5.97199420569773,1.50887427427421,0.192289129677126,0.428670914615243
"A2","r3","CSR",1,0,1.66533453693773e-15,5409,4600,0.85043446108338,124.921829550513,113.758082819754,0.529731170843574,6.01750133612231,0.770906421793688,5.94021739130435,1.75354637586621,0.280615113363304,0.514842743770789
"A2","r3","CSR",2,0,1.66533453693773e-15,5409,4584,0.847476428175263,124.598470389238,113.856885936343,0.527514411505601,6.02011397744807,0.773106611117811,5.93913612565445,1.74296726577735,0.2782714543461,0.518119709445837
"A2","r3","CSR",3,0,1.66533453693773e-15,5409,4616,0.853392493991496,123.698207700687,113.30618760203,0.53164290550059,6.00553737878153,0.777239812437839,5.9367417677643,1.77237889408173,0.282644178969109,0.51762581189401
"A2","r3","CSR",4,0,1.66533453693773e-15,5409,4589,0.84840081345905,124.720789988644,113.156971682499,0.536981561852715,6.00158168961805,0.772759784541614,5.93833079102201,1.71437393501727,0.288349197769781,0.520639479277135
"A2","r3","CSR",5,0,1.66533453693773e-15,5409,4573,0.845442780550934,124.297875321594,113.25470874311,0.534897765961073,6.00417300298698,0.771023673358308,5.93527225016401,1.77621185171665,0.286115620030146,0.523391082045422
"A2","r3","CSR",6,0,1.66533453693773e-15,5409,4580,0.846736919948234,125.496763156947,113.65118761015,0.53440832821386,6.01467343417714,0.77330576379593,5.94650655021834,1.77460015392083,0.285592261264333,0.517690570589949
"A2","r3","CSR",7,0,1.66533453693773e-15,5409,4588,0.848215936402292,123.967423228835,113.078891522838,0.527040636297904,5.99951073564845,0.772089986387758,5.9295989537925,1.78597350383148,0.277771832309299,0.516463160672365
"A2","r3","CSR",8,0,1.66533453693773e-15,5409,4586,0.847846182288778,124.228075618161,112.601663256654,0.535044415834949,5.98683743592512,0.772762344226198,5.94570431748801,1.78614621048081,0.286272526916161,0.521417685385305
"A2","r3","CSR",9,0,1.66533453693773e-15,5409,4593,0.849140321686079,124.150376721305,114.046270620798,0.529447323841011,6.02511870596688,0.771799237395743,5.94295667319835,1.75197183109276,0.280314468722409,0.515170920872278
"A2","r3","CSR",10,0,1.66533453693773e-15,5409,4611,0.852468108707709,124.363109849276,112.735324130126,0.540697027691692,5.99038965283172,0.769428081180566,5.94252873563218,1.76697833295933,0.292353275754631,0.523884367734037
"A2","r3","CSR",11,0,1.66533453693773e-15,5409,4599,0.850249584026622,123.771694629345,112.377353757375,0.545240228970923,5.98087139839552,0.773374316050249,5.9415090237008,1.74755674801555,0.297286907288264,0.528375943550948
"A2","r3","CSR",12,0,1.66533453693773e-15,5409,4629,0.85579589572934,123.57325019118,112.629389000944,0.533165806962446,5.98757446666346,0.774094253919973,5.9349751566213,1.70687716554516,0.284265777713917,0.517035420675584
"A2","r3","CSR",13,0,1.66533453693773e-15,5409,4611,0.852468108707709,124.121688379681,114.06442646173,0.530429001924264,6.02559827773579,0.771425902094666,5.93472131858599,1.75560761754759,0.281354926082371,0.516821060509062
"A2","r3","CSR",14,0,1.66533453693773e-15,5409,4601,0.850619338140137,124.04857189075,112.789892440951,0.537069718750815,5.99183926900256,0.775983543025528,5.93805694414258,1.79333613675666,0.28844388279908,0.522876771362184
"A2","r3","CSR",15,0,1.66533453693773e-15,5409,4617,0.853577371048253,124.237988631978,113.407104428407,0.538883049073211,6.00821125652548,0.770019959934406,5.93393978774096,1.77228155009987,0.290394940578441,0.525133204500954
"A2","r3","CSR",16,0,1.66533453693773e-15,5409,4604,0.851173969310409,124.293224044495,113.833431066961,0.543375402880196,6.0194937900408,0.77178364815501,5.93505647263249,1.7539825951156,0.295256828455216,0.529510872854415
"A2","r3","CSR",17,0,1.66533453693773e-15,5409,4610,0.852283231650952,122.791346110421,112.151100088462,0.523238990819736,5.97484757700224,0.771058501011674,5.9409978308026,1.72704521804693,0.273779041514056,0.510612391068664
"A2","r3","CSR",18,0,1.66533453693773e-15,5409,4595,0.849510075799593,124.0631765242,112.183508199214,0.53153197117209,5.97571081350079,0.769007448261474,5.94515778019587,1.77148013944479,0.282526236378088,0.516159488749798
"A2","r3","CSR",19,0,1.66533453693773e-15,5409,4603,0.850989092253651,123.136585508591,111.079070340877,0.519305370477909,5.94622285468731,0.773735517759685,5.93808385835325,1.71911210335304,0.269678067807198,0.505414617859614
"A2","r3","CSR",20,0,1.66533453693773e-15,5409,4600,0.85043446108338,123.56615899027,112.88902769847,0.521515528534783,5.9944719161044,0.774068219259976,5.93347826086957,1.71159911890108,0.271978446502914,0.507991602278171
"A2","r3","RSA",1,0,1.66533453693773e-15,5409,4592,0.848955444629321,125.563640035576,116.829127555814,0.444459109068071,6.09818548489882,0.749376021533363,5.94381533101045,1.49891186133755,0.197543899633584,0.432647325084445
"A2","r3","RSA",2,0,1.66533453693773e-15,5409,4581,0.846921797004992,125.364674947402,116.995315031147,0.444117255333962,6.10252123401477,0.747779814407606,5.94629993451212,1.45650431962663,0.197240136485371,0.433101141710589
"A2","r3","RSA",3,0,1.66533453693773e-15,5410,4621,0.854158964879852,124.105025588072,114.663603058966,0.441608401522986,6.0414036811922,0.744644795836311,5.93962345812595,1.45674349454916,0.195017980295687,0.431116933084722
"A2","r3","RSA",4,0,1.66533453693773e-15,5408,4579,0.846708579881657,125.453039171414,116.482859142455,0.438094297721202,6.08914161733799,0.750764711091885,5.94627647958069,1.5152433407551,0.191926613695833,0.42777755051809
"A2","r3","RSA",5,0,1.66533453693773e-15,5409,4592,0.848955444629321,124.779720470958,114.442286586473,0.447669775676428,6.03557049481279,0.746466837089577,5.94120209059233,1.5373828282422,0.200408228054183,0.433881691298085
"A2","r3","RSA",6,0,1.66533453693773e-15,5408,4578,0.846523668639053,125.50337240756,114.597834093895,0.468565480909236,6.0396707524959,0.751994524785681,5.94692005242464,1.47872002900135,0.219553609899703,0.453750603804867
"A2","r3","RSA",7,0,1.66533453693773e-15,5408,4601,0.850776627218935,124.458703032939,114.748199485381,0.449834348021988,6.04363188140928,0.748822869320585,5.95348837209302,1.44305358948433,0.202350940660367,0.439506089516749
"A2","r3","RSA",8,0,1.66533453693773e-15,5409,4564,0.843778887040118,125.604921572461,115.974276367895,0.452900453806618,6.07583391088555,0.747207304375034,5.95245398773006,1.48864398758217,0.20511882105824,0.442537647759184
"A2","r3","RSA",9,0,1.66533453693773e-15,5410,4585,0.847504621072089,124.884415741226,114.793396256607,0.445469923486221,6.04482199052143,0.747776144750588,5.95070883315158,1.43037962397301,0.19844345273082,0.433256577455738
"A2","r3","RSA",10,0,1.66533453693773e-15,5410,4605,0.851201478743068,125.291253528246,116.361384295413,0.43862396503728,6.08596574023065,0.752267364838108,5.94679695982628,1.51823745767972,0.192390982705025,0.429948097318606
"A2","r3","RSA",11,0,1.66533453693773e-15,5408,4572,0.845414201183432,124.902231873274,116.455186182473,0.443691924716435,6.08841826843841,0.749083953585281,5.94225721784777,1.45455171855432,0.196862524058574,0.430673404869575
"A2","r3","RSA",12,0,1.66533453693773e-15,5410,4582,0.846950092421442,125.107292510824,115.100764008204,0.445659917351021,6.05290928189025,0.749959366084512,5.94587516368398,1.4578862782348,0.198612761933319,0.432570644384303
"A2","r3","RSA",13,0,1.66533453693773e-15,5409,4585,0.847661305232021,125.436186627577,116.970365542603,0.438711121118468,6.10187051179737,0.749053567952441,5.94830970556161,1.43297325484688,0.192467447793023,0.427540379413746
"A2","r3","RSA",14,0,1.66533453693773e-15,5410,4607,0.851571164510166,123.808083710653,114.16807597413,0.456548864795903,6.02833536468797,0.747747105769824,5.94899066637725,1.45527850772876,0.208436865946428,0.444000406813411
"A2","r3","RSA",15,0,1.66533453693773e-15,5409,4612,0.852652985764467,124.743194222859,114.974353797726,0.446203592521617,6.0495844757297,0.745786061075285,5.94947961838682,1.47543455889918,0.199097645979197,0.435963131868163
"A2","r3","RSA",16,0,1.66533453693773e-15,5408,4575,0.845968934911243,126.677002132464,117.010597200649,0.45221661339345,6.10291978295929,0.751381193845838,5.95016393442623,1.49773445060105,0.204499865429041,0.440321747119428
"A2","r3","RSA",17,0,1.66533453693773e-15,5409,4576,0.845997411721205,125.555943141158,115.463005196247,0.438716654162523,6.06242656129195,0.749811878303407,5.94711538461539,1.42277637662884,0.192472302639559,0.424593296544262
"A2","r3","RSA",18,0,1.66533453693773e-15,5410,4584,0.84731977818854,125.943137545424,116.2790259032,0.446718794433399,6.0838115147804,0.751327029284251,5.94480802792321,1.51364530461806,0.19955768130003,0.436066854998723
"A2","r3","RSA",19,0,1.66533453693773e-15,5409,4573,0.845442780550934,125.601599853177,117.312084036087,0.444151838689243,6.11077704694829,0.749863586289761,5.95342226109775,1.48448795748334,0.197270855811035,0.432904689658377
"A2","r3","RSA",20,0,1.66533453693773e-15,5408,4610,0.852440828402367,124.202197384034,115.81766262034,0.438935410198118,6.07173014661523,0.75651608714956,5.94533622559653,1.56871875219144,0.19266429432579,0.426950401037297
"A2","r4","CSR",1,0,8.88178419700125e-16,7465,6911,0.925787006028131,129.195915903446,117.829459331281,0.530218841877469,6.12423724139076,0.77179999328751,5.97250759658515,1.76914275591189,0.281132020281884,0.519719862292117
"A2","r4","CSR",2,0,8.88178419700125e-16,7465,6929,0.928198258539853,128.532995550354,117.119949318556,0.531427690373754,6.10577085530082,0.771070912815804,5.97229037379131,1.75933599188336,0.282415390095982,0.52317789045588
"A2","r4","CSR",3,0,8.88178419700125e-16,7465,6909,0.925519089082384,129.484869796992,117.353384606608,0.539221849947683,6.11185262399316,0.773129523917028,5.97568389057751,1.73652502802794,0.290760203461001,0.524829700429712
"A2","r4","CSR",4,0,6.66133814775094e-16,7465,6924,0.927528466175486,128.679693143733,116.834111891379,0.530021003182903,6.09831557450847,0.76971735525739,5.9712593876372,1.76242678291778,0.280922263815011,0.517807839689632
"A2","r4","CSR",5,0,6.66133814775094e-16,7465,6915,0.926322839919625,129.319774974263,116.938696955793,0.531499183829418,6.10104444488642,0.770198125092227,5.97180043383948,1.75260357023412,0.282491382411337,0.52323993250331
"A2","r4","CSR",6,0,1.05877528966403e-10,7465,6901,0.924447421299397,129.315482997954,118.213772698537,0.520605313660974,6.13421653783333,0.770360633115592,5.96783074916679,1.74157368497319,0.271029892612041,0.510540026655931
"A2","r4","CSR",7,0,9.15544307034111e-11,7465,6926,0.927796383121232,128.872357939899,118.167356147447,0.530245106235986,6.13301210045159,0.76978135519041,5.9702570025989,1.73976504585348,0.281159872687212,0.516214914874986
"A2","r4","CSR",8,0,8.88178419700125e-16,7465,6920,0.926992632283992,128.963681773174,116.046792190922,0.539551846129611,6.0777332230941,0.768344285025199,5.9728323699422,1.763678636443,0.291116194661872,0.529627859601205
"A2","r4","CSR",9,0,6.23445739478257e-12,7465,6910,0.925653047555258,129.188038066389,116.388043845126,0.530306254515856,6.08666287559573,0.768323718588257,5.97496382054993,1.74564607627083,0.281224723578635,0.516546234775555
"A2","r4","CSR",10,0,8.88178419700125e-16,7465,6921,0.927126590756865,128.745692600957,117.019469185055,0.530101818455867,6.10315114654573,0.771376427044852,5.97355873428695,1.76996549832002,0.281007937930217,0.516916178014146
"A2","r4","CSR",11,0,8.88178419700125e-16,7465,6918,0.926724715338245,128.973611852479,117.386259809572,0.522022939601737,6.11270864637422,0.768406223768321,5.9705117085863,1.78545386562839,0.272507949470439,0.509253454881941
"A2","r4","CSR",12,0,8.88178419700125e-16,7465,6924,0.927528466175486,128.723999387201,115.798110691969,0.534490098768296,6.07121760326844,0.76956667628581,5.97414789139226,1.78454029648407,0.285679665681343,0.521085260473664
"A2","r4","CSR",13,0,8.88178419700125e-16,7465,6912,0.925920964501005,129.343870126178,118.171876523528,0.532088109982447,6.13312942428002,0.771543818544728,5.97352430555556,1.76416653854966,0.283117756784693,0.519098900746092
"A2","r4","CSR",14,0,5.31286126204122e-12,7465,6915,0.926322839919625,128.807880328799,116.854665876532,0.530821521156626,6.09885197354419,0.770237651774046,5.97237888647867,1.80499339995913,0.281771487323034,0.517768510560838
"A2","r4","CSR",15,0,8.88178419700125e-16,7465,6916,0.926456798392498,129.384577089338,116.638099232101,0.53890879347609,6.09319785195267,0.771748575621507,5.96746674378253,1.80617209216935,0.290422687685856,0.525710466469831
"A2","r4","CSR",16,0,8.88178419700125e-16,7465,6911,0.925787006028131,129.135611704169,117.486346110992,0.529347759356877,6.11531401145838,0.768428186564289,5.96917956880336,1.75693708366934,0.280209050336146,0.516617883929456
"A2","r4","CSR",17,0,8.88178419700125e-16,7465,6921,0.927126590756865,128.945680421188,117.080926971331,0.535519176617254,6.10475360178748,0.774845989153682,5.97168039300679,1.76769499379037,0.286780788524821,0.520650102412647
"A2","r4","CSR",18,0,8.88178419700125e-16,7465,6929,0.928198258539853,129.017013530918,117.82029441503,0.522216091667982,6.1239990615111,0.770977754828841,5.97560975609756,1.85116600011266,0.272709646396982,0.512816449179707
"A2","r4","CSR",19,0,8.88178419700125e-16,7465,6900,0.924313462826524,129.186139113414,118.546050719328,0.525833984644281,6.142831533104,0.770120372064569,5.96826086956522,1.76895914341713,0.276501379406882,0.512350204608786
"A2","r4","CSR",20,0,8.88178419700125e-16,7465,6911,0.925787006028131,129.323482501414,117.733209708794,0.536274103437278,6.12173542244832,0.7720747116809,5.96990305310375,1.76436177062888,0.287589914017456,0.52549197173222
"A2","r4","RSA",1,0,8.88178419700125e-16,7465,6934,0.92886805090422,128.889996776369,119.604708058104,0.447257095207181,6.17019943022163,0.751445357685359,5.9779348139602,1.48559411892917,0.200038909213165,0.437572584316964
"A2","r4","RSA",2,0,8.88178419700125e-16,7465,6924,0.927528466175486,129.37136816607,119.856626863679,0.443154933362042,6.1766939213151,0.743947376104742,5.973714615829,1.45012509895723,0.196386294963116,0.431671994238282
"A2","r4","RSA",3,0,8.88178419700125e-16,7465,6915,0.926322839919625,129.494033708672,120.189539161054,0.447875310519585,6.18526624575187,0.747915041841168,5.97151120751988,1.46476536127877,0.200592293773015,0.437339702898842
"A2","r4","RSA",4,0,8.88178419700125e-16,7465,6921,0.927126590756865,128.905538914076,119.10778825293,0.447934334156459,6.15736847382007,0.750776827450037,5.97572605114868,1.52975751106835,0.200645167716191,0.437973196312214
"A2","r4","RSA",5,0,8.88178419700125e-16,7465,6910,0.925653047555258,129.181618904217,118.214237274527,0.456112826153133,6.13422857846431,0.749235607891111,5.97380607814761,1.46681993054635,0.208038910181398,0.445869260048078
"A2","r4","RSA",6,0,8.88178419700125e-16,7465,6922,0.927260549229739,129.008361221033,118.918392198455,0.444393128766638,6.15247103748379,0.749652443006417,5.97486275642878,1.52400319601483,0.197485252895002,0.436415224192188
"A2","r4","RSA",7,0,8.88178419700125e-16,7465,6902,0.924581379772271,129.711693627586,119.827496707465,0.451760218173628,6.17594339647995,0.753400742509301,5.97392060272385,1.52779390066516,0.204087294724284,0.440873459951615
"A2","r4","RSA",8,0,8.88178419700125e-16,7465,6898,0.924045545880777,130.079069030984,120.344728173637,0.442512471034323,6.18925817195612,0.742587091396045,5.97419541896202,1.45097967008485,0.195817287020902,0.432598882771378
"A2","r4","RSA",9,0,8.88178419700125e-16,7465,6913,0.926054922973878,129.217885056872,120.311874817575,0.447985962112386,6.18841330065637,0.751485264834642,5.97830175032547,1.4677004141419,0.20069142224976,0.437019544919601
"A2","r4","RSA",10,0,8.88178419700125e-16,7465,6907,0.925251172136638,129.539110717762,119.546367390797,0.452581092481619,6.16869439977782,0.753854792502255,5.97871724337628,1.53632659061343,0.204829645271856,0.442611072009437
"A2","r4","RSA",11,0,8.88178419700125e-16,7465,6902,0.924581379772271,129.669842561823,119.393354827018,0.448512923120274,6.16474533974569,0.748758157817416,5.97667342799189,1.52024988000387,0.201163842205892,0.437914095683698
"A2","r4","RSA",12,0,8.88178419700125e-16,7465,6938,0.929403884795713,128.888831513786,119.519619393477,0.44409560907836,6.16800425144606,0.748268615063437,5.97189391755549,1.52364412770986,0.19722091000268,0.435567903250223
"A2","r4","RSA",13,0,8.88178419700125e-16,7465,6902,0.924581379772271,129.289889748238,119.462716738956,0.44431216390867,6.16653578775361,0.744327503700271,5.97276151840046,1.45701770257344,0.197413298997205,0.434707002117901
"A2","r4","RSA",14,0,6.66133814775094e-16,7465,6910,0.925653047555258,129.824549763861,120.335166951906,0.4453813906796,6.18901230375079,0.755608932816786,5.97467438494935,1.50131249346738,0.198364583163695,0.435784469090261
"A2","r4","RSA",15,0,6.66133814775094e-16,7465,6909,0.925519089082384,129.681139267711,118.930246745006,0.447063869864866,6.15277769021544,0.752212130157899,5.97684180055001,1.49714746498089,0.199866103738549,0.435406273002693
"A2","r4","RSA",16,0,8.88178419700125e-16,7465,6918,0.926724715338245,129.696172777773,119.98746607889,0.4410823533252,6.18006444772974,0.747428745553268,5.97557097427002,1.47648857809045,0.194553642414897,0.42951499875817
"A2","r4","RSA",17,0,8.88178419700125e-16,7465,6915,0.926322839919625,129.590903532982,120.211728618215,0.45436610650709,6.1858371829867,0.750177002656922,5.97411424439624,1.50627226637936,0.206448558742412,0.442055463024275
"A2","r4","RSA",18,0,8.88178419700125e-16,7465,6919,0.926858673811119,129.600683508652,119.209363819292,0.449267692330854,6.15999342770435,0.753228606946437,5.97687527099292,1.46780862147425,0.201841459372291,0.438168436974862
"A2","r4","RSA",19,0,8.88178419700125e-16,7465,6921,0.927126590756865,129.297082484645,120.261422551922,0.443007875803809,6.18711562238845,0.746287483076322,5.97298078312383,1.49507910497748,0.196255978024203,0.433949259378611
"A2","r4","RSA",20,0,8.88178419700125e-16,7465,6923,0.927394507702612,129.090306544865,119.214908430731,0.449745967825398,6.16013668143793,0.7493539269995,5.97587750975011,1.48670493269695,0.202271435575204,0.440756658439062
"A2","r5","CSR",1,0,2.22044604925031e-16,6457,6038,0.935109183831501,149.386790321525,135.543604892089,0.530490100476645,6.56847542041416,0.771073547937606,5.97267307055316,1.78441130638418,0.28141974670372,0.519697520087464
"A2","r5","CSR",2,0,2.22044604925031e-16,6457,6041,0.93557379588044,150.134584088859,136.570189991409,0.532513384404338,6.59330278633281,0.770787691496631,5.97202449925509,1.73415101661823,0.283570504569763,0.520496333105429
"A2","r5","CSR",3,0,2.22044604925031e-16,6457,6018,0.932011770171907,150.006901441221,136.770446467593,0.527432896386247,6.59813498247992,0.770990130202805,5.97557328015952,1.77454034771206,0.278185460190386,0.516897354529809
"A2","r5","CSR",4,0,2.22044604925031e-16,6457,6019,0.932166640854886,150.689099389866,137.214985561569,0.54052168010061,6.60884910077492,0.768944122570543,5.97640804120286,1.79904452340492,0.292163686658786,0.528613291689365
"A2","r5","CSR",5,0,2.22044604925031e-16,6457,6013,0.931237416757008,149.950467380857,137.4975559003,0.523103317564338,6.61565048722905,0.770647059602182,5.97239314817895,1.77568484075145,0.273637080846816,0.511722829340271
"A2","r5","CSR",6,0,2.22044604925031e-16,6457,6034,0.934489701099582,150.324905535525,137.034177199343,0.528840351348927,6.60449341386689,0.768322285027776,5.97696387139543,1.71818298990949,0.279672117214856,0.517989658284088
"A2","r5","CSR",7,0,2.22044604925031e-16,6457,6035,0.934644571782562,150.233755794763,135.980223027728,0.531743115508427,6.5790462314231,0.77272355779919,5.97249378624689,1.80501060134521,0.282750740890608,0.520780092475808
"A2","r5","CSR",8,0,2.22044604925031e-16,6457,6052,0.937277373393217,149.338503718313,134.884437732447,0.533162462833238,6.55248426309348,0.768851695425419,5.97257105089227,1.77581338529964,0.284262211774404,0.520118071260346
"A2","r5","CSR",9,0,2.22044604925031e-16,6457,6025,0.933095864952764,149.984209098874,136.567835244542,0.531104813209942,6.59324594513635,0.761724944513239,5.97394190871369,1.74849084987849,0.282072322614768,0.520280405714386
"A2","r5","CSR",10,0,2.22044604925031e-16,6457,6034,0.934489701099582,149.757003382953,136.199590975112,0.537085058186395,6.58435086139576,0.770689457839042,5.97497514086841,1.76814540796803,0.288460359727083,0.525335632692178
"A2","r5","CSR",11,0,2.22044604925031e-16,6457,6031,0.934025089050643,150.411303324304,137.773469070581,0.525784382497736,6.62228489714861,0.770229165078448,5.97181230310065,1.70301958400118,0.276449216878526,0.513390974376822
"A2","r5","CSR",12,0,2.22044604925031e-16,6457,6025,0.933095864952764,150.193372063299,136.131548174711,0.536370226177961,6.58270594858342,0.769810982965365,5.97477178423236,1.80049224953574,0.287693019530197,0.523916807009176
"A2","r5","CSR",13,0,2.22044604925031e-16,6457,6026,0.933250735635744,149.906967899142,136.195891289753,0.526527150825743,6.58426143280577,0.764804346184854,5.97477597079323,1.7384507796781,0.277230840556674,0.515636514091278
"A2","r5","CSR",14,0,2.22044604925031e-16,6457,6029,0.933715347684683,149.661148221059,136.667708753016,0.540891458530034,6.59565635992142,0.7725188094316,5.97495438712888,1.77160220843671,0.292563569910747,0.527812377848769
"A2","r5","CSR",15,0,2.22044604925031e-16,6457,6053,0.937432244076196,148.57455380204,137.051297629291,0.526510622253728,6.60490597584253,0.772029650543805,5.96861060631092,1.80271579894235,0.277213435346008,0.517456848402174
"A2","r5","CSR",16,0,2.22044604925031e-16,6457,6053,0.937432244076196,149.412375202197,135.670033928062,0.534971831671934,6.5715381044465,0.772683913318955,5.97455807037832,1.75844050608696,0.286194860682424,0.523108312652497
"A2","r5","CSR",17,0,2.22044604925031e-16,6457,6019,0.932166640854886,150.158955171437,136.280217811512,0.531781443124339,6.5862994633318,0.768195658405266,5.97059312178103,1.68358175183703,0.282791503251404,0.520751174221321
"A2","r5","CSR",18,0,2.22044604925031e-16,6457,6044,0.936038407929379,149.708867353126,136.164728032297,0.537086212401022,6.58350809916848,0.774132124460682,5.97220383851754,1.75795635361095,0.288461599551276,0.528784781852145
"A2","r5","CSR",19,0,2.22044604925031e-16,6457,5994,0.928294873780393,150.683994911907,136.112399840378,0.544299273233582,6.58224296886826,0.771125639011321,5.97347347347347,1.784545683678,0.296261698842605,0.529312901539705
"A2","r5","CSR",20,0,2.22044604925031e-16,6457,6050,0.936967632027257,149.81012296791,135.960923259146,0.515905556698511,6.57857932912035,0.76977133795997,5.97074380165289,1.71529536334808,0.266158543432401,0.504159128181384
"A2","r5","RSA",1,0,2.22044604925031e-16,6457,6036,0.934799442465541,150.205031421592,139.033324440789,0.451706257899967,6.6524943772056,0.753974260707631,5.97664015904573,1.54858430197605,0.204038543425991,0.443028947779639
"A2","r5","RSA",2,0,2.22044604925031e-16,6457,6018,0.932011770171907,150.453491305594,138.410749093763,0.453389397122707,6.63758312857243,0.756392584025154,5.97756729810568,1.50107555014862,0.205561945423292,0.444489222759611
"A2","r5","RSA",3,0,2.22044604925031e-16,6457,6033,0.934334830416602,149.840609565424,137.833770026152,0.457742534851044,6.62373396577091,0.758520132858191,5.9769600530416,1.56826880758833,0.209528228211859,0.447979684129683
"A2","r5","RSA",4,0,2.22044604925031e-16,6457,6026,0.933250735635744,150.271866810481,139.001659906618,0.459884216318624,6.65173680460717,0.75269825970353,5.97875871224693,1.46842840085769,0.211493492418995,0.450056611146164
"A2","r5","RSA",5,0,2.22044604925031e-16,6457,6036,0.934799442465541,150.07706972118,138.257014680353,0.45384026146478,6.63389588363371,0.755599708570368,5.97813121272366,1.51402043414739,0.20597098292642,0.440216036049225
"A2","r5","RSA",6,0,2.22044604925031e-16,6457,6024,0.932940994269785,150.370264797991,137.556553318109,0.469485081275668,6.61706962556458,0.749557363109745,5.98173970783533,1.53843456215539,0.22041624154042,0.456980472929535
"A2","r5","RSA",7,0,2.22044604925031e-16,6457,6036,0.934799442465541,149.811910366088,138.04770318834,0.473153808977234,6.62887234449085,0.750058151543272,5.97813121272366,1.5329102435923,0.223874526949665,0.463250448102946
"A2","r5","RSA",8,0,2.22044604925031e-16,6457,6033,0.934334830416602,150.463877432094,139.036385197418,0.460182521082843,6.65256762067067,0.75071684890588,5.97745731808387,1.54856336128306,0.211767952710162,0.446533996074334
"A2","r5","RSA",9,0,2.22044604925031e-16,6457,6024,0.932940994269785,150.513991961118,140.323273237921,0.450286058923119,6.6832840080485,0.750557057204059,5.98057768924303,1.53922091808757,0.202757534860514,0.437215153365879
"A2","r5","RSA",10,0,2.22044604925031e-16,6457,6028,0.933560477001704,150.206274399017,139.139008570617,0.458279507050847,6.65502231260775,0.750130055574086,5.97876575978766,1.50510735311976,0.210020106582767,0.446521565232067
"A2","r5","RSA",11,0,2.22044604925031e-16,6457,6023,0.932786123586805,150.278806630405,137.973319120537,0.457021325467483,6.6270862002586,0.752183219238613,5.97941225303005,1.50837713706007,0.208868491932055,0.445359759937107
"A2","r5","RSA",12,0,2.22044604925031e-16,6457,6025,0.933095864952764,150.508633820971,138.88452214399,0.44911963286311,6.64893348111889,0.754239928928504,5.97775933609959,1.46862877673263,0.201708444623095,0.440368282677924
"A2","r5","RSA",13,0,2.22044604925031e-16,6457,6037,0.934954313148521,150.144367241369,137.896750260532,0.456540055281923,6.62524708071665,0.750626904383897,5.97581580255094,1.53420628018099,0.208428822076821,0.443311632867362
"A2","r5","RSA",14,0,2.22044604925031e-16,6457,6033,0.934334830416602,150.381949623497,138.405728397203,0.453614544160863,6.63746274214012,0.750471733585053,5.97961213326703,1.54351662672279,0.205766154674268,0.444303409651325
"A2","r5","RSA",15,0,2.22044604925031e-16,6457,6031,0.934025089050643,150.484404583526,138.344549291256,0.460488872575796,6.6359956102342,0.751505600484587,5.98292157187863,1.46455073331733,0.212050001766128,0.449933482489698
"A2","r5","RSA",16,0,2.22044604925031e-16,6457,6005,0.92999845129317,150.793719338446,140.12177954406,0.459164467724024,6.67848393713275,0.748685970033456,5.98168193172356,1.47734593812285,0.210832008420286,0.448190697486976
"A2","r5","RSA",17,0,2.22044604925031e-16,6457,6025,0.933095864952764,150.38571887141,137.280949399437,0.461656729596771,6.61043745742575,0.752818933841367,5.98091286307054,1.49482154370072,0.213126935981986,0.449874923845101
"A2","r5","RSA",18,0,2.22044604925031e-16,6457,6039,0.93526405451448,149.819396286368,138.607647034577,0.453476141821342,6.64230263927949,0.75012452847371,5.97466467958271,1.54871210599141,0.20564061120117,0.444646442542725
"A2","r5","RSA",19,0,2.22044604925031e-16,6457,6020,0.932321511537866,150.20787224019,139.15602348393,0.459293436368819,6.6554291957601,0.747322176300887,5.97607973421927,1.5332373287469,0.210950460691478,0.450478930020004
"A2","r5","RSA",20,0,2.22044604925031e-16,6457,6029,0.933715347684683,150.327292382721,137.726239991073,0.462445536083675,6.62114973219001,0.753571515192676,5.97694476695969,1.53413990089705,0.213855873843718,0.450561953402394
"A3","r1","CSR",1,0,1.11022302462516e-16,4165,3915,0.939975990396158,237.141074974684,217.177405035433,0.528402214540605,8.31442812696819,0.773986468132876,5.97215836526181,1.78997579504689,0.279208900331415,0.517876173225333
"A3","r1","CSR",2,0,1.11022302462516e-16,4165,3912,0.939255702280912,237.212398816695,215.301439348953,0.536760689342718,8.27844031201891,0.772199329773266,5.98006134969325,1.73419708137972,0.28811203762367,0.52319688674989
"A3","r1","CSR",3,0,1.11022302462516e-16,4165,3898,0.935894357743097,237.877280848331,216.069589655962,0.539821322765943,8.29319519131558,0.771249382413278,5.97460236018471,1.73684517158283,0.291407060512773,0.527811747148921
"A3","r1","CSR",4,0,1.11022302462516e-16,4165,3913,0.939495798319328,235.952025337073,214.533013399595,0.52025281294167,8.26365409960331,0.771149301789466,5.97291081012011,1.6981412438325,0.27066298937372,0.508038002125057
"A3","r1","CSR",5,0,2.22044604925031e-16,4165,3912,0.939255702280912,238.614929610245,216.616383195339,0.528539610534004,8.30368209100225,0.766843192681121,5.97341513292434,1.81826519402305,0.279354119903437,0.518094443210957
"A3","r1","CSR",6,0,1.11022302462516e-16,4165,3902,0.936854741896759,239.395181244247,219.662138550022,0.517758840614073,8.36185565603698,0.764470972594758,5.97770374167094,1.75007952461558,0.268074217034029,0.508735528200696
"A3","r1","CSR",7,0,1.11022302462516e-16,4165,3917,0.940456182472989,236.854081410085,215.199301822391,0.542580414756022,8.27647662172235,0.772134826463981,5.96706663262701,1.72082522870503,0.294393506476816,0.527404538119197
"A3","r1","CSR",8,0,2.22044604925031e-16,4165,3897,0.935654261704682,238.015990065168,214.812601335684,0.538211957225394,8.26903710730612,0.774794947495108,5.97998460354119,1.75319271023517,0.28967211090039,0.523594562544395
"A3","r1","CSR",9,0,1.11022302462516e-16,4165,3899,0.936134453781513,237.526851144549,217.304984904235,0.532985297615598,8.31686990472,0.773324329033691,5.9738394460118,1.80331750217886,0.284073327474388,0.518697662886044
"A3","r1","CSR",10,0,1.11022302462516e-16,4165,3918,0.940696278511405,236.098346998738,214.283115920344,0.543834894658266,8.2588396897748,0.770709902817122,5.97294538029607,1.77971207820051,0.295756392647968,0.52806101048822
"A3","r1","CSR",11,0,1.11022302462516e-16,4165,3900,0.936374549819928,237.157696987989,215.896414033748,0.540860200903066,8.28987106449522,0.772913626236468,5.97589743589744,1.74499470607191,0.292529756920905,0.52478154654989
"A3","r1","CSR",12,0,1.11022302462516e-16,4165,3913,0.939495798319328,237.332323448218,219.253892320841,0.523683590074257,8.354081727515,0.765145248180175,5.97674418604651,1.76863080800875,0.274244502513063,0.508817547726485
"A3","r1","CSR",13,0,1.11022302462516e-16,4165,3922,0.941656662665066,237.323078581981,216.261592090585,0.514158019545228,8.2968790974702,0.769260225488571,5.97679755226925,1.70591394472239,0.264358469062671,0.500186320646917
"A3","r1","CSR",14,0,1.11022302462516e-16,4165,3900,0.936374549819928,237.810926696097,215.449784508129,0.54392921109794,8.28129191166094,0.769159700048657,5.97846153846154,1.71176988182374,0.295858986685627,0.532987751122434
"A3","r1","CSR",15,0,1.11022302462516e-16,4165,3909,0.938535414165666,236.763173085159,215.287058222516,0.540507611827407,8.2781639872409,0.773677706243293,5.97365055001279,1.79331781132326,0.292148478443367,0.526755346672726
"A3","r1","CSR",16,0,2.22044604925031e-16,4165,3915,0.939975990396158,237.437745260541,214.367983754007,0.533668817251355,8.26047507775351,0.771863766887909,5.97752234993614,1.75575420715237,0.28480240650646,0.51735609031724
"A3","r1","CSR",17,0,2.22044604925031e-16,4165,3904,0.937334933973589,238.132837213248,215.86311438276,0.53190638874063,8.28923158649119,0.773502398051305,5.97745901639344,1.73559220943957,0.282924406383098,0.5191020033571
"A3","r1","CSR",18,0,2.22044604925031e-16,4165,3894,0.934933973589436,237.833771113389,215.602189212228,0.530736921323452,8.28422043375275,0.76806073422586,5.97663071391885,1.8075708695008,0.281681679655896,0.516009269449952
"A3","r1","CSR",19,0,1.11022302462516e-16,4165,3904,0.937334933973589,238.587248952782,216.118670137904,0.54156727866552,8.29413670870137,0.76788682575345,5.97361680327869,1.7720426673681,0.293295117321177,0.528528098793034
"A3","r1","CSR",20,0,2.22044604925031e-16,4165,3902,0.936854741896759,237.67056308582,218.876241388533,0.52979750631934,8.34688374657299,0.772610080226005,5.97411583803178,1.83347492941328,0.280685397702191,0.518829599228744
"A3","r1","RSA",1,0,1.11022302462516e-16,4165,3897,0.935654261704682,238.06874625491,219.302720586483,0.473338595034222,8.35501191080414,0.757241575319834,5.98024121118809,1.56916801161742,0.224049425548971,0.464811198024255
"A3","r1","RSA",2,0,2.22044604925031e-16,4165,3897,0.935654261704682,237.969116555353,220.985700706085,0.474202139401812,8.38700979133799,0.759686204749536,5.97279958942776,1.62811005043104,0.224867669013255,0.460162464295375
"A3","r1","RSA",3,0,1.11022302462516e-16,4165,3906,0.93781512605042,237.823626548786,219.79311866339,0.473149618164867,8.36434827933249,0.761949345004098,5.98387096774194,1.64250547271901,0.223870561169559,0.463035531051666
"A3","r1","RSA",4,0,2.22044604925031e-16,4165,3904,0.937334933973589,237.585395113672,216.006803106664,0.485018768433563,8.2919901648552,0.754969919579098,5.97617827868852,1.64611441965617,0.23524320573281,0.474381034385686
"A3","r1","RSA",5,0,2.22044604925031e-16,4165,3911,0.939015606242497,236.867760919181,213.715233615856,0.482334995800216,8.24788892311272,0.758518088880055,5.97903349526975,1.59802576639696,0.232647048173595,0.471866564191152
"A3","r1","RSA",6,0,1.11022302462516e-16,4165,3904,0.937334933973589,238.050929558981,216.03795151846,0.487137643486327,8.29258800030561,0.755431951353478,5.97925204918033,1.53505493619872,0.237303083701412,0.474778212786308
"A3","r1","RSA",7,0,1.11022302462516e-16,4165,3896,0.935414165666267,237.026612640497,218.996500657244,0.48978866313484,8.34917665196701,0.757607923096889,5.97869609856263,1.62239583470621,0.239892934535414,0.478339457550625
"A3","r1","RSA",8,0,1.11022302462516e-16,4165,3900,0.936374549819928,237.975285043171,216.511778114271,0.491735000519942,8.3016767167928,0.755947334976917,5.97897435897436,1.63536186135827,0.241803310736347,0.481147192227545
"A3","r1","RSA",9,0,1.11022302462516e-16,4165,3903,0.937094837935174,237.638485557336,216.379152706133,0.496666767267296,8.29913389881343,0.763554536810568,5.98078401229823,1.62520727855519,0.246677877707747,0.485110527412905
"A3","r1","RSA",10,0,2.22044604925031e-16,4165,3900,0.936374549819928,238.049608770662,216.282471324115,0.492278346497999,8.29727957436971,0.761348852236122,5.97871794871795,1.6371463425862,0.242337970430803,0.475390940442501
"A3","r1","RSA",11,0,1.11022302462516e-16,4165,3903,0.937094837935174,237.388604416358,214.328450871811,0.497178968211404,8.25971336082279,0.761653630903847,5.97847809377402,1.6304951716753,0.247186926431756,0.48137560699722
"A3","r1","RSA",12,0,2.22044604925031e-16,4165,3889,0.933733493397359,237.833339259662,220.779706118133,0.467623147530301,8.38309985185395,0.761550993113238,5.98097197222936,1.6200082114056,0.218671408106146,0.459510519438526
"A3","r1","RSA",13,0,1.11022302462516e-16,4165,3885,0.932773109243697,238.651983529211,218.443459897903,0.495872493872097,8.33862775627351,0.760629539337954,5.97528957528958,1.6167939750844,0.245889530178933,0.484601325051066
"A3","r1","RSA",14,0,2.22044604925031e-16,4165,3914,0.939735894357743,237.438437290426,217.678097389313,0.475228266589299,8.32400682569966,0.762064767872279,5.97266223811957,1.62537052376151,0.22584190536547,0.467983663176484
"A3","r1","RSA",15,0,1.11022302462516e-16,4165,3901,0.936614645858343,237.862150484623,214.375362217759,0.492957081763558,8.26061723772164,0.760197305431624,5.9728274801333,1.61874864433183,0.243006684460843,0.477811533343189
"A3","r1","RSA",16,0,2.22044604925031e-16,4165,3914,0.939735894357743,236.544204896605,216.443681941822,0.482177299893029,8.30037129657887,0.759647576538561,5.97470618293306,1.63058929519815,0.232494948532132,0.470734929682725
"A3","r1","RSA",17,0,1.11022302462516e-16,4165,3903,0.937094837935174,237.570395681982,216.158356739958,0.497450462980313,8.29489854860029,0.764079718294418,5.98206507814502,1.67010367900311,0.247456963119328,0.488284950852379
"A3","r1","RSA",18,0,1.11022302462516e-16,4165,3898,0.935894357743097,238.108775229052,218.552951187267,0.476657910571477,8.34071729561367,0.753360810996215,5.97408927655208,1.55565384062914,0.227202763710367,0.466767742098977
"A3","r1","RSA",19,0,2.22044604925031e-16,4165,3905,0.937575030012005,238.039270891682,223.175298338465,0.466248363740773,8.42845797362425,0.754164177987838,5.96978233034571,1.57695551100942,0.217387536690948,0.457466692506816
"A3","r1","RSA",20,0,1.11022302462516e-16,4165,3899,0.936134453781513,237.945155648147,219.979435381335,0.475996308300379,8.36789274781932,0.753152190540675,5.97640420620672,1.5622958406801,0.22657248551559,0.466953130168646
"A3","r2","CSR",1,0,1.11022302462516e-16,3126,2879,0.920985284708893,314.896558301562,288.92596436929,0.519224871982254,9.58999430833672,0.771994869979461,5.96526571726294,1.78336573027321,0.269594467684989,0.506191820817955
"A3","r2","CSR",2,0,1.11022302462516e-16,3126,2887,0.923544465770953,314.057803197781,287.573380220325,0.512483697403403,9.56752057366064,0.774873739675977,5.971596813301,1.74555472581105,0.262639540104263,0.503648440409803
"A3","r2","CSR",3,0,1.11022302462516e-16,3126,2874,0.919385796545106,314.404035698163,289.959739132716,0.515715141605958,9.60713540338541,0.773630555622898,5.97355601948504,1.78071362947472,0.265962107281653,0.501210310391334
"A3","r2","CSR",4,0,1.11022302462516e-16,3126,2889,0.924184261036468,314.351667206563,283.607838019814,0.535098645853056,9.50132509921211,0.767797691903629,5.96953963309103,1.74630176167313,0.286330560793774,0.524353192572878
"A3","r2","CSR",5,0,1.11022302462516e-16,3126,2862,0.915547024952015,317.833199059482,289.171541655669,0.538996264852055,9.59406897193417,0.768070367376371,5.9748427672956,1.79733962923638,0.290516973524467,0.527015519079384
"A3","r2","CSR",6,0,1.11022302462516e-16,3126,2909,0.930582213691619,311.858712462984,285.882711532272,0.517122619567473,9.53935497660879,0.765989178153344,5.96287383980749,1.70632406282641,0.267415803668325,0.507063271549197
"A3","r2","CSR",7,0,1.11022302462516e-16,3126,2883,0.922264875239923,314.202008590803,282.955864826259,0.54122236114409,9.49039773286045,0.779392890219436,5.97121054457163,1.87182875614138,0.292921644202384,0.530042865720196
"A3","r2","CSR",8,0,1.11022302462516e-16,3126,2868,0.917466410748561,315.459046356811,289.988784796759,0.511498416164396,9.60761661774844,0.777025285768949,5.96966527196653,1.81665883455218,0.261630629738686,0.50387353249925
"A3","r2","CSR",9,0,1.11022302462516e-16,3126,2887,0.923544465770953,313.831631273094,287.190984478442,0.521950313645391,9.56115733488073,0.767642953692211,5.97679251818497,1.72122144792737,0.272432129914522,0.511703627400207
"A3","r2","CSR",10,0,1.11022302462516e-16,3126,2884,0.922584772872681,312.728145190104,284.175661539465,0.5347765894363,9.51083184125113,0.771982582910113,5.96983356449376,1.83155585158202,0.285986000609121,0.523461298498251
"A3","r2","CSR",11,0,1.11022302462516e-16,3126,2897,0.926743442098528,312.049282205194,284.603809048134,0.538284477681569,9.51799380466204,0.773266178562774,5.96030376251294,1.77846510106664,0.28975017891292,0.52910730048552
"A3","r2","CSR",12,0,1.11022302462516e-16,3126,2885,0.922904670505438,313.280180561726,281.377865372654,0.541906708114546,9.46389752170887,0.768712533834024,5.9684575389948,1.83638336894887,0.293662880299543,0.525700938710071
"A3","r2","CSR",13,0,1.11022302462516e-16,3126,2890,0.924504158669226,313.31581736098,283.801379045848,0.527348639067103,9.50456633395429,0.770811182481578,5.97370242214533,1.78677791072449,0.278096587125926,0.518167162614438
"A3","r2","CSR",14,0,1.11022302462516e-16,3126,2894,0.925783749200256,311.76632369626,286.336775848161,0.533362774371286,9.54692755567534,0.774468538896126,5.96821008984105,1.7964311539113,0.284475849085035,0.526083018906814
"A3","r2","CSR",15,0,1.11022302462516e-16,3126,2880,0.921305182341651,314.487436807128,290.23883955944,0.510567680532869,9.61175800680655,0.772405718716026,5.975,1.76387634595346,0.260679356404714,0.498235049108165
"A3","r2","CSR",16,0,1.11022302462516e-16,3126,2882,0.921944977607166,313.547561031926,285.730787960235,0.529379543618183,9.53681984298215,0.772290705320677,5.96946564885496,1.79844254671962,0.280242701201395,0.516193703149803
"A3","r2","CSR",17,0,0,3126,2882,0.921944977607166,313.60602210667,282.720742266217,0.539656469884472,9.48645385112121,0.762688403145426,5.97328244274809,1.70251397018105,0.29122910548817,0.528734203566844
"A3","r2","CSR",18,0,1.11022302462516e-16,3126,2874,0.919385796545106,315.446857150448,289.523884327769,0.526024076273868,9.59991220328463,0.771429934379204,5.9714683368128,1.80426745688084,0.276701328819776,0.516352526591808
"A3","r2","CSR",19,0,1.11022302462516e-16,3126,2867,0.917146513115803,315.927997103559,288.328967246068,0.531789574092082,9.58008145829595,0.769263070812834,5.98011859086153,1.7745522539006,0.282800151113038,0.520296336669072
"A3","r2","CSR",20,0,1.11022302462516e-16,3126,2868,0.917466410748561,316.676352908667,287.456714083664,0.535430132595545,9.56557949329576,0.769112108371979,5.97384937238494,1.78480596544432,0.286685426891283,0.521250876683907
"A3","r2","RSA",1,0,1.11022302462516e-16,3126,2893,0.925463851567498,314.328739728148,287.94287542676,0.502677759412081,9.57366512389718,0.762191579579225,5.97614932595921,1.66021933039114,0.25268492980755,0.486870000370075
"A3","r2","RSA",2,0,1.11022302462516e-16,3126,2877,0.920345489443378,315.79816975369,287.576594878697,0.493023056824677,9.56757404909731,0.762770604762703,5.97636426833507,1.59401695766578,0.243071734560749,0.483768874962949
"A3","r2","RSA",3,0,1.11022302462516e-16,3126,2903,0.928662827895074,313.325701071532,290.945092937611,0.486791565794059,9.62344529878481,0.756975938854334,5.96761970375474,1.63299664098999,0.236966028528232,0.477028636286822
"A3","r2","RSA",4,0,1.11022302462516e-16,3126,2894,0.925783749200256,314.321149924487,287.357734261794,0.493728115022939,9.56393263748,0.762308471981221,5.9713199723566,1.59440703688406,0.243767451564105,0.482495231906026
"A3","r2","RSA",5,0,1.11022302462516e-16,3126,2893,0.925463851567498,314.448204352935,285.132357825561,0.498651453189829,9.5268278228784,0.761396056091374,5.96785343933633,1.69640745845722,0.248653271768329,0.486138508617896
"A3","r2","RSA",6,0,0,3126,2893,0.925463851567498,313.519485901811,283.120728220176,0.502083170590631,9.49316210627609,0.760128977028832,5.97096439681991,1.59735857860749,0.25208751019034,0.488471206421961
"A3","r2","RSA",7,0,1.11022302462516e-16,3126,2894,0.925783749200256,312.954111059871,283.762084524912,0.494833341230914,9.50390846191576,0.761687863077156,5.96648237733241,1.64802930888394,0.24486003559375,0.482797253531562
"A3","r2","RSA",8,0,1.11022302462516e-16,3126,2885,0.922904670505438,315.425622365482,284.757960103776,0.503063398435126,9.52057108951776,0.759909435253746,5.96603119584055,1.67984433328446,0.253072782845099,0.491031560864662
"A3","r2","RSA",9,0,1.11022302462516e-16,3126,2895,0.926103646833013,312.908617482629,282.714229477154,0.504767714276386,9.48634461778672,0.758482030221401,5.9699481865285,1.65597287222805,0.254790445375807,0.490300136646603
"A3","r2","RSA",10,0,0,3126,2884,0.922584772872681,314.786041376994,281.614304095037,0.524098975366618,9.46787281662503,0.753466331647531,5.96775312066574,1.59278565390979,0.274679735980339,0.511440603860914
"A3","r2","RSA",11,0,1.11022302462516e-16,3126,2902,0.928342930262316,312.77456437811,288.879639228792,0.484108681863748,9.58922546504755,0.766258823333509,5.97002067539628,1.70575380860375,0.234361215855855,0.476318548958953
"A3","r2","RSA",12,0,0,3126,2874,0.919385796545106,314.607043497318,290.210052621332,0.49489766863025,9.61128132173742,0.762258911531142,5.97286012526096,1.67904040715989,0.244923702415656,0.482630440919479
"A3","r2","RSA",13,0,1.11022302462516e-16,3126,2881,0.921625079974408,314.624312154372,289.195115557056,0.494857102757816,9.59446008475071,0.769029159984196,5.96841374522735,1.618099184311,0.24488355214986,0.487181640353177
"A3","r2","RSA",14,0,0,3126,2887,0.923544465770953,315.516293504777,287.242998656328,0.506899149658342,9.56202312324052,0.764669782851066,5.96847939037063,1.63968524758272,0.25694674792435,0.496409548973838
"A3","r2","RSA",15,0,1.11022302462516e-16,3126,2896,0.926423544465771,312.708287917709,290.760792384976,0.480066132628252,9.62039680701946,0.759284068446942,5.97824585635359,1.57638324316072,0.230463491696647,0.470170739025659
"A3","r2","RSA",16,0,1.11022302462516e-16,3126,2874,0.919385796545106,316.885547353228,291.09280100293,0.478402577548796,9.62588781858778,0.756100708905715,5.9714683368128,1.58568061385961,0.228869026205332,0.466052097188031
"A3","r2","RSA",17,0,1.11022302462516e-16,3126,2882,0.921944977607166,316.668066621201,288.254158915055,0.494413424019459,9.57883856466525,0.762100701475343,5.97085357390701,1.69717171128365,0.244444633850645,0.482749870492696
"A3","r2","RSA",18,0,1.11022302462516e-16,3126,2870,0.918106206014075,314.742281265584,292.126675934209,0.477500369154715,9.64296662569586,0.765404289710268,5.9808362369338,1.65839874277845,0.228006602542889,0.465726215420839
"A3","r2","RSA",19,0,1.11022302462516e-16,3126,2876,0.920025591810621,315.51083789119,287.819814206691,0.506312149240226,9.57161909515197,0.766536014229523,5.96662030598053,1.66775497369535,0.256351992468257,0.496106873463512
"A3","r2","RSA",20,0,1.11022302462516e-16,3126,2875,0.919705694177863,316.682904953965,290.733041394938,0.49595669328844,9.61993769815012,0.766651594887647,5.97252173913043,1.62241796012224,0.245973041617603,0.484023064966632
"A3","r3","CSR",1,0,1.11022302462516e-16,4299,4045,0.94091649220749,231.942084018881,210.477406774331,0.535185541538252,8.18517192211604,0.776570415379216,5.97948084054388,1.75402989855716,0.286423563871593,0.521443473398108
"A3","r3","CSR",2,0,1.11022302462516e-16,4299,4054,0.943010002326122,230.699318550897,212.148525187593,0.515796782670567,8.21760140272048,0.766773334733146,5.97409965466206,1.7380410717344,0.266046321013308,0.500027219164932
"A3","r3","CSR",3,0,1.11022302462516e-16,4299,4046,0.941149104442894,231.622056124722,211.945566534953,0.533886289172604,8.21366963765577,0.768721218877055,5.9814631735047,1.75960685735794,0.285034569766493,0.517686238537983
"A3","r3","CSR",4,0,1.11022302462516e-16,4299,4068,0.946266573621772,230.113725661756,211.112362495679,0.537462439922791,8.19750876442098,0.764515483461778,5.97566371681416,1.74049439586049,0.288865874327759,0.522728429277246
"A3","r3","CSR",5,0,1.11022302462516e-16,4299,4050,0.942079553384508,230.751929075425,211.71470455526,0.525180914101542,8.20919504999138,0.769423771173021,5.97679012345679,1.76187164030747,0.275814992536531,0.513182959266272
"A3","r3","CSR",6,0,3.579381235852e-11,4299,4059,0.94417306350314,230.71128542573,208.511747638264,0.535169941503412,8.14686139925794,0.769923857830814,5.97831978319783,1.74078170057206,0.286406866288765,0.52096296728699
"A3","r3","CSR",7,0,1.11022302462516e-16,4299,4060,0.944405675738544,230.599033639502,209.574458154159,0.540551957851201,8.1675958460724,0.770376431901221,5.97783251231527,1.7708807406032,0.292196419136767,0.531465546471189
"A3","r3","CSR",8,0,1.11022302462516e-16,4299,4069,0.946499185857176,229.735767067513,206.979471918109,0.534161429852538,8.11687206678992,0.770573134969842,5.97886458589334,1.81420411858083,0.285328433142108,0.523434467931986
"A3","r3","CSR",9,0,1.11022302462516e-16,4299,4054,0.943010002326122,231.333368713127,209.964434911458,0.540263212681267,8.1751914450668,0.768225611067352,5.97878638381845,1.85348522798134,0.291884338976684,0.526943629698621
"A3","r3","CSR",10,0,1.11022302462516e-16,4299,4062,0.944870900209351,231.275022081114,210.552413984296,0.550792961546309,8.18662999638854,0.766634277866405,5.98178237321517,1.70860672140308,0.303372886488954,0.53822420848933
"A3","r3","CSR",11,0,1.11022302462516e-16,4299,4058,0.943940451267737,231.352256695644,210.815740994603,0.530180585860518,8.1917479212098,0.772503198833127,5.98225726959093,1.8089037523812,0.281091453623402,0.519869494814167
"A3","r3","CSR",12,0,1.11022302462516e-16,4299,4068,0.946266573621772,230.703533000969,210.789093881257,0.531006030089545,8.19123019848155,0.769360168368906,5.9803343166175,1.75668225850243,0.281967403991458,0.522943690800201
"A3","r3","CSR",13,0,1.11022302462516e-16,4299,4058,0.943940451267737,231.257024543081,210.13971414601,0.53188411890964,8.17860287343598,0.764131346087686,5.97757516017743,1.71431090450484,0.282900715948284,0.521196104680603
"A3","r3","CSR",14,0,1.11022302462516e-16,4299,4063,0.945103512444755,230.60332820366,210.657877057972,0.531996620837824,8.18868028866935,0.769268172607452,5.97686438592173,1.81482650228376,0.283020404582864,0.522044690612387
"A3","r3","CSR",15,0,1.11022302462516e-16,4299,4050,0.942079553384508,231.940075416605,207.039652729312,0.527734177728281,8.11805199885492,0.773408351963616,5.98098765432099,1.81020895267541,0.278503362342545,0.51085292676431
"A3","r3","CSR",16,0,1.11022302462516e-16,4299,4062,0.944870900209351,230.563681566265,209.782493841154,0.536370788465219,8.17164845227453,0.77583766290799,5.98030526834072,1.83216558026773,0.287693622718801,0.524829711643459
"A3","r3","CSR",17,0,1.11022302462516e-16,4299,4076,0.948127471505001,229.338842979772,208.784629702805,0.524554953706156,8.1521905869362,0.770584863826378,5.97448478900883,1.73775372222256,0.275157899457667,0.514257177677039
"A3","r3","CSR",18,0,1.11022302462516e-16,4299,4061,0.944638287973947,230.850709838623,210.016775318987,0.52155768560831,8.17621035984725,0.767601677699573,5.97956168431421,1.73234079305371,0.272022419417097,0.510329052075393
"A3","r3","CSR",19,0,1.11022302462516e-16,4299,4053,0.942777390090719,231.195108421341,210.106711847396,0.51946241567538,8.17796084208008,0.77188435886581,5.97902788058228,1.72438730746532,0.269841201299301,0.508526157836641
"A3","r3","CSR",20,0,1.11022302462516e-16,4299,4063,0.945103512444755,230.338689718543,207.577137688255,0.539840292417646,8.12858259919315,0.774208716242513,5.97440315038149,1.82455389651395,0.29142754131757,0.523424832960733
"A3","r3","RSA",1,0,1.56590962419045e-10,4299,4055,0.943242614561526,232.112287793806,211.044134524992,0.498161764856609,8.1961841390007,0.757455504986122,5.9810110974106,1.68316177960055,0.248165143965051,0.484500942386014
"A3","r3","RSA",2,0,1.11022302462516e-16,4299,4068,0.946266573621772,231.63817080581,212.137383169964,0.480433948346041,8.21738561132572,0.754337944959815,5.98205506391347,1.54651832300607,0.230816778723366,0.47117000503265
"A3","r3","RSA",3,0,1.11022302462516e-16,4299,4060,0.944405675738544,230.681506147868,210.178476614901,0.480550631108696,8.1793573558828,0.757420017542553,5.97832512315271,1.59696787653053,0.230928909058966,0.470034686849857
"A3","r3","RSA",4,0,1.11022302462516e-16,4299,4061,0.944638287973947,231.490850890969,212.620269128099,0.479044238031247,8.22673286709446,0.758066638840492,5.97882295001231,1.53846767825149,0.229483381990938,0.468908692537421
"A3","r3","RSA",5,0,1.86262116841363e-11,4299,4057,0.943707839032333,231.442056226369,215.241361566579,0.480318463856107,8.2772853824368,0.757604154553108,5.97978802070495,1.57059729233181,0.23070582672109,0.469220749922564
"A3","r3","RSA",6,0,1.11022302462516e-16,4299,4078,0.948592695975808,230.364118558662,212.711062826895,0.479587432178921,8.22848917976923,0.761983117506576,5.97621383030897,1.61655451104733,0.230004105103971,0.467771788616636
"A3","r3","RSA",7,0,1.11022302462516e-16,4299,4067,0.946033961386369,230.84937464169,213.791237058498,0.48556585153933,8.24935538907025,0.756239860833428,5.97713302188345,1.6081833180116,0.235774196181114,0.47620579028198
"A3","r3","RSA",8,0,1.11022302462516e-16,4299,4060,0.944405675738544,230.303558637762,210.949334883537,0.478606239507312,8.19434309393924,0.758934733206545,5.97980295566502,1.62659370346502,0.22906393249533,0.469892809596052
"A3","r3","RSA",9,0,1.11022302462516e-16,4299,4057,0.943707839032333,232.242715264928,215.410671811774,0.474026454784261,8.28054022556378,0.754352269084855,5.98373182154301,1.58652029098172,0.224701079835335,0.462548256646981
"A3","r3","RSA",10,0,1.11022302462516e-16,4299,4058,0.943940451267737,231.681033839868,213.112211582489,0.47685083687194,8.23624451577287,0.752526977000776,5.98028585510103,1.55051093626031,0.227386720625469,0.463694363259377
"A3","r3","RSA",11,0,1.11022302462516e-16,4299,4077,0.948360083740405,230.538071599055,212.337448984839,0.481002796954722,8.22125958834294,0.762372663306237,5.97620799607555,1.49673507743359,0.231363690678266,0.46905706446748
"A3","r3","RSA",12,0,1.11022302462516e-16,4299,4064,0.945336124680158,231.910341185063,211.842656819586,0.49226622056007,8.21167534359265,0.755416385023408,5.97760826771654,1.58970276947138,0.242326031904495,0.478608487746562
"A3","r3","RSA",13,0,1.11022302462516e-16,4299,4051,0.942312165619912,231.739634870535,210.17246087502,0.49182730707522,8.17924031314002,0.760164071692912,5.98148605282646,1.59249665529926,0.241894099984863,0.480873211970181
"A3","r3","RSA",14,0,1.11022302462516e-16,4299,4056,0.94347522679693,231.022021906727,213.923938521956,0.472520129881069,8.25191503544075,0.757566514756421,5.97830374753452,1.58226651782566,0.223275273142822,0.4603300780995
"A3","r3","RSA",15,0,1.11022302462516e-16,4299,4067,0.946033961386369,230.99023423446,211.041072054896,0.485596193958733,8.19612467120279,0.758261270157754,5.98401770346693,1.64239083884047,0.235803663587208,0.475477064001867
"A3","r3","RSA",16,0,1.11022302462516e-16,4299,4069,0.946499185857176,230.535550828885,212.240676974918,0.481266259371476,8.21938597046377,0.756807087827736,5.97837306463505,1.54279666413173,0.231617212409413,0.469585358600876
"A3","r3","RSA",17,0,1.11022302462516e-16,4299,4074,0.947662247034194,230.355027875818,211.466067632869,0.48757906109686,8.20437319538712,0.766429025515381,5.97864506627393,1.62954631003335,0.237733340820096,0.472657483611154
"A3","r3","RSA",18,0,1.11022302462516e-16,4299,4076,0.948127471505001,229.730130954427,210.071979199924,0.48217615838083,8.17728485439973,0.762579457234588,5.97252208047105,1.66697484000313,0.232493847710896,0.472176452448997
"A3","r3","RSA",19,0,1.11022302462516e-16,4299,4055,0.943242614561526,231.09306271237,213.410659783232,0.471774696872758,8.24200963515623,0.756722791730447,5.97854500616523,1.65198160225367,0.222571364609383,0.460261622109745
"A3","r3","RSA",20,0,1.11022302462516e-16,4299,4058,0.943940451267737,230.709220663798,213.528002128096,0.481744482625552,8.24427437065687,0.762004212785256,5.97609659931001,1.60726679076487,0.23207774654016,0.466849267437115
"A3","r4","CSR",1,0,1.11022302462516e-16,4824,4552,0.943615257048093,206.027301151923,185.577087764522,0.538902838847002,7.68576747270048,0.76779339752698,5.97759226713532,1.73362215144975,0.290416269717358,0.530656236643501
"A3","r4","CSR",2,0,1.11022302462516e-16,4824,4550,0.943200663349917,206.042654958537,188.559809985533,0.524976185328012,7.74728672295724,0.770801767030836,5.97758241758242,1.78450503552284,0.275599995161552,0.509537191938388
"A3","r4","CSR",3,0,1.11022302462516e-16,4824,4566,0.946517412935323,205.098172473858,186.887819686087,0.533888937290572,7.71286202374393,0.76948702677283,5.97525186158563,1.80026362767999,0.285037397361256,0.52488647802376
"A3","r4","CSR",4,0,1.11022302462516e-16,4824,4541,0.941334991708126,206.463427977499,189.946011476471,0.51450803611578,7.77571175482608,0.762861685332776,5.97885928209645,1.73743843415887,0.264718519227717,0.500808961618094
"A3","r4","CSR",5,0,1.11022302462516e-16,4824,4551,0.943407960199005,205.725840381651,190.154267737158,0.528173925120621,7.77997322108353,0.769864272857424,5.98110305427379,1.7829395302566,0.278967695177324,0.516923390939123
"A3","r4","CSR",6,0,1.11022302462516e-16,4824,4536,0.940298507462687,207.351440846602,189.475806504233,0.516486727591425,7.76608152958132,0.771157989582018,5.98015873015873,1.79982674436919,0.266758539778099,0.503990025526481
"A3","r4","CSR",7,0,1.11022302462516e-16,4824,4562,0.945688225538972,205.217559403343,187.519797114283,0.529988081653053,7.72589186425668,0.772005025155624,5.98114861902674,1.78784888867273,0.280887366694283,0.515051580127979
"A3","r4","CSR",8,0,1.11022302462516e-16,4824,4548,0.942786069651741,205.483829146203,186.977982135828,0.524150537960221,7.71472229436806,0.770953961962312,5.98460861917326,1.74420994135521,0.27473378644399,0.511234513996748
"A3","r4","CSR",9,0,1.11022302462516e-16,4824,4553,0.943822553897181,205.401101803264,188.477273010202,0.517956372136976,7.74559096003066,0.768316385502909,5.97759718866681,1.75564914614324,0.268278803437297,0.507893859117143
"A3","r4","CSR",10,0,1.11022302462516e-16,4824,4555,0.944237147595357,204.510234658516,188.103025325254,0.527816199715773,7.73789716797195,0.770344629742859,5.98111964873765,1.76995526785056,0.278589940682401,0.518100747341013
"A3","r4","CSR",11,0,1.11022302462516e-16,4824,4563,0.94589552238806,206.386003268457,190.895817959668,0.53038927080874,7.79512835607623,0.766804172843015,5.98159105851414,1.76423797652678,0.281312778589027,0.519965017160983
"A3","r4","CSR",12,0,1.11022302462516e-16,4824,4561,0.945480928689884,205.943844453268,185.088078658573,0.546096911075565,7.67563451786149,0.773472190714274,5.97675948256961,1.78674046165622,0.298221836286273,0.53154765963802
"A3","r4","CSR",13,0,1.11022302462516e-16,4824,4558,0.94485903814262,205.184011147656,188.445612661113,0.529304820028324,7.74494033586925,0.767828308652166,5.97827994734533,1.7232498825515,0.280163592505216,0.518437353928691
"A3","r4","CSR",14,0,1.11022302462516e-16,4824,4577,0.94879767827529,204.585797305215,187.049183614713,0.537690120608948,7.71619105175412,0.766486163400199,5.9801179812104,1.79571475880466,0.289110665800465,0.523669440374347
"A3","r4","CSR",15,0,1.11022302462516e-16,4824,4551,0.943407960199005,206.467016506172,187.821814845657,0.545814512166172,7.73211099935549,0.770614617352459,5.98110305427379,1.83832414564122,0.297913481691196,0.529986905487898
"A3","r4","CSR",16,0,1.11022302462516e-16,4824,4564,0.946102819237148,205.123579188729,188.776991691015,0.517545687795955,7.75174707572716,0.771913696259804,5.98093777388256,1.76623747234885,0.267853538956188,0.505718312717517
"A3","r4","CSR",17,0,1.11022302462516e-16,4824,4564,0.946102819237148,204.987051734438,186.05786094945,0.540775366474075,7.69571676232362,0.77566322912448,5.97852760736196,1.81544942045178,0.29243799698517,0.529412235022856
"A3","r4","CSR",18,0,1.11022302462516e-16,4824,4554,0.944029850746269,205.727542985646,186.606173975664,0.52395305613151,7.7070480688392,0.768860662951845,5.97738252086078,1.78490454637572,0.274526805029549,0.513131004564453
"A3","r4","CSR",19,0,1.11022302462516e-16,4824,4574,0.948175787728027,204.15080675246,186.908807259519,0.525893233176012,7.71329509090693,0.769207381995133,5.980323567993,1.73632825740638,0.27656369270032,0.51527830777448
"A3","r4","CSR",20,0,1.11022302462516e-16,4824,4554,0.944029850746269,206.35274391811,187.208383236592,0.523286014960515,7.71947396244245,0.776226232329343,5.98045674132631,1.73935002195872,0.273828253453257,0.512852382298654
"A3","r4","RSA",1,0,1.11022302462516e-16,4824,4545,0.942164179104478,205.614859067378,189.197806747387,0.466676771592468,7.76038222847198,0.754281884022414,5.98481848184819,1.56645080881328,0.217787209143968,0.456410798134424
"A3","r4","RSA",2,0,1.11022302462516e-16,4824,4547,0.942578772802653,205.4344229104,189.908008902173,0.470600227967106,7.77493387103975,0.75604948338966,5.97866725313393,1.55981758107215,0.221464574562692,0.459257487002146
"A3","r4","RSA",3,0,1.11022302462516e-16,4824,4562,0.945688225538972,205.801040546797,190.559135948067,0.471056709674131,7.78825114996329,0.75868964478849,5.98027181060938,1.60890692018304,0.221894423729018,0.461803584502088
"A3","r4","RSA",4,0,1.11022302462516e-16,4824,4565,0.946310116086235,204.800889201276,187.436305657243,0.485631801415329,7.72417174333062,0.756554968705234,5.97787513691128,1.60884430079493,0.235838246545897,0.47682331212749
"A3","r4","RSA",5,0,1.11022302462516e-16,4824,4570,0.947346600331675,204.924189249419,189.962999457252,0.458241981823216,7.77605946066852,0.75546067587658,5.97877461706783,1.54102454319448,0.209985713905269,0.44985748070514
"A3","r4","RSA",6,0,1.11022302462516e-16,4824,4555,0.944237147595357,206.309286791098,188.20151647219,0.481453126666805,7.73992269262941,0.756354499126152,5.98485181119649,1.55291057860618,0.231797113177243,0.4705161493959
"A3","r4","RSA",7,0,1.11022302462516e-16,4824,4567,0.946724709784411,204.836474201093,188.365416364296,0.482105658593952,7.74329220964063,0.75564349443236,5.97788482592512,1.5844867208538,0.232425866048309,0.47111306913901
"A3","r4","RSA",8,0,1.11022302462516e-16,4824,4565,0.946310116086235,205.48798502551,190.381903674806,0.465934045181597,7.7846285775354,0.750690033310938,5.97787513691128,1.53259539632516,0.217094534459286,0.457830982946179
"A3","r4","RSA",9,0,1.11022302462516e-16,4824,4544,0.94195688225539,206.768396138078,189.864711611063,0.483387392460047,7.77404751303952,0.760777394100396,5.98327464788732,1.65985667471702,0.233663371189323,0.471139897646979
"A3","r4","RSA",10,0,1.11022302462516e-16,4824,4557,0.944651741293532,205.274506476534,186.017003311943,0.503157067713549,7.6948717437313,0.756017212365927,5.98112793504499,1.56812489078443,0.253167034790097,0.491781126584652
"A3","r4","RSA",11,0,1.11022302462516e-16,4824,4567,0.946724709784411,204.746813698784,187.950687465607,0.475805287933671,7.73476321132992,0.756329228088684,5.98226406831618,1.56495037002488,0.226390672025643,0.467628206770293
"A3","r4","RSA",12,0,1.11022302462516e-16,4824,4528,0.938640132669983,206.633294736657,189.142404034541,0.487061274142115,7.7592459028776,0.757138714541626,5.988074204947,1.61770620876235,0.237228684768941,0.475969274603981
"A3","r4","RSA",13,0,1.11022302462516e-16,4824,4569,0.947139303482587,205.311188929651,188.751948820344,0.479702075994025,7.75123289199676,0.760603009084394,5.97680017509302,1.5887786380385,0.230114081712977,0.467978173807443
"A3","r4","RSA",14,0,1.11022302462516e-16,4824,4551,0.943407960199005,206.143759107976,190.857645377682,0.471069431650102,7.79434893865269,0.757248556841496,5.98417930125247,1.63007932081103,0.22190640943515,0.458692009223087
"A3","r4","RSA",15,0,1.11022302462516e-16,4824,4560,0.945273631840796,206.184858538896,189.46715351033,0.473893921077418,7.76590414039566,0.754094124183554,5.97741228070175,1.55750679204042,0.22457544843413,0.462450470356419
"A3","r4","RSA",16,0,1.11022302462516e-16,4824,4557,0.944651741293532,205.31753499659,188.509266121207,0.473378948837027,7.7462483205505,0.761595348279681,5.98003072196621,1.57532545998659,0.224087629202048,0.463873596990423
"A3","r4","RSA",17,0,1.11022302462516e-16,4824,4546,0.942371475953566,204.87841497217,186.820431006234,0.481749326258059,7.71147131663271,0.749982840589108,5.98350197976243,1.56342412507859,0.232082413350094,0.470976230091072
"A3","r4","RSA",18,0,1.11022302462516e-16,4824,4560,0.945273631840796,205.865533871178,189.319340909108,0.472835909920497,7.76287432506346,0.755249130722065,5.98026315789474,1.54687950958774,0.223573797710344,0.459520522292509
"A3","r4","RSA",19,0,1.11022302462516e-16,4824,4562,0.945688225538972,205.789192631698,188.483200762137,0.472542314603861,7.74571275818354,0.757689635791968,5.98180622533976,1.59515236060145,0.223296239091175,0.463045329384271
"A3","r4","RSA",20,0,1.11022302462516e-16,4824,4549,0.942993366500829,206.656046645229,192.440565851983,0.465064304319709,7.82660428369091,0.755139440785814,5.98285337436799,1.57578332524202,0.216284807152375,0.454082555083769
"A3","r5","CSR",1,0,1.11022302462516e-16,4884,4582,0.938165438165438,201.254306765999,182.425532822018,0.539942362993242,7.62022633784996,0.77303649855947,5.97861195984286,1.8572154490427,0.291537755354726,0.52555216145541
"A3","r5","CSR",2,0,1.11022302462516e-16,4884,4600,0.941850941850942,201.773798625927,182.51308113829,0.537060822249061,7.62205442058148,0.77749804425703,5.97978260869565,1.8402086937614,0.288434326794837,0.524963498669096
"A3","r5","CSR",3,0,1.11022302462516e-16,4884,4585,0.938779688779689,202.159966341818,186.321636547009,0.525989918570141,7.70116997104051,0.774092037624901,5.97884405670665,1.73624517310221,0.276665394437423,0.515239155728065
"A3","r5","CSR",4,0,1.11022302462516e-16,4884,4599,0.941646191646192,201.803696330743,186.458226116667,0.518324028325494,7.7039922594216,0.767482029651619,5.97412480974125,1.77553737545872,0.268659798339568,0.508043331004178
"A3","r5","CSR",5,0,1.11022302462516e-16,4884,4599,0.941646191646192,201.139597148335,182.958492294647,0.530828170276822,7.63134960925439,0.76723401747537,5.97673407262448,1.75435201082445,0.281778546359439,0.518273167721797
"A3","r5","CSR",6,0,0,4884,4599,0.941646191646192,201.126434699644,184.925189502297,0.533766448883527,7.67225625373607,0.772017858659136,5.97195042400522,1.77759495534943,0.284906621953731,0.522487442350573
"A3","r5","CSR",7,0,0,4884,4596,0.941031941031941,202.054333838763,182.994618256094,0.527697544407837,7.63210290912393,0.771978954267577,5.97845953002611,1.82565124993963,0.278464698374061,0.51547243889416
"A3","r5","CSR",8,0,1.11022302462516e-16,4884,4579,0.937551187551188,201.998406438984,179.826963026265,0.536286099098393,7.56575839778585,0.76407090858721,5.97794278226687,1.73891922695696,0.287602780086172,0.522528951708344
"A3","r5","CSR",9,0,1.11022302462516e-16,4884,4590,0.93980343980344,201.650765910353,182.726036530886,0.526866284998815,7.6264999721126,0.769017306418666,5.97276688453159,1.80204747451873,0.277588082268452,0.517441573637598
"A3","r5","CSR",10,0,1.11022302462516e-16,4884,4579,0.937551187551188,201.902572085805,184.879970576538,0.52915814649967,7.67131816520997,0.767550209242134,5.98078183009391,1.73532302338319,0.280008344006966,0.51901855171462
"A3","r5","CSR",11,0,0,4884,4593,0.94041769041769,201.541582219153,184.371666678965,0.536511412243388,7.66076525133732,0.772477211531838,5.97626823426954,1.82892274336572,0.287844495467395,0.526446348553813
"A3","r5","CSR",12,0,1.11022302462516e-16,4884,4591,0.94000819000819,200.915566442974,182.597101349916,0.529016763619183,7.62380892652629,0.768689282278928,5.97887170551078,1.72874739769816,0.279858736190114,0.515558891256791
"A3","r5","CSR",13,0,1.11022302462516e-16,4884,4590,0.93980343980344,201.870738876272,184.171990825537,0.525156549949363,7.65661579223155,0.769879927544683,5.97843137254902,1.74566674784972,0.275789401954718,0.512222372608088
"A3","r5","CSR",14,0,1.11022302462516e-16,4884,4594,0.940622440622441,201.565157755708,181.363387121457,0.538744502116058,7.59801020155442,0.769081104106809,5.97496734871572,1.76140240476863,0.29024563856028,0.5220825967355
"A3","r5","CSR",15,0,1.11022302462516e-16,4884,4578,0.937346437346437,202.016884589491,184.04339275869,0.536712414536,7.653942210306,0.771749102207657,5.98121450415028,1.81699463564713,0.288060215917063,0.523946371281102
"A3","r5","CSR",16,0,1.11022302462516e-16,4884,4604,0.942669942669943,200.573183207481,182.705518327712,0.539718995705811,7.6260719078601,0.771276641298577,5.97827975673328,1.75490505663118,0.291296594325689,0.529722434630499
"A3","r5","CSR",17,0,1.11022302462516e-16,4884,4586,0.938984438984439,201.378526966799,181.800798781598,0.544809707045108,7.60716711712505,0.763406511095928,5.98081116441343,1.77891197000401,0.296817616890577,0.525815410378954
"A3","r5","CSR",18,0,1.11022302462516e-16,4884,4584,0.938574938574939,202.299480685913,179.896184559714,0.564754171943333,7.5672144163151,0.775151631620309,5.97643979057592,1.76160931647004,0.318947274727399,0.544530516799238
"A3","r5","CSR",19,0,1.11022302462516e-16,4884,4610,0.943898443898444,200.288984378615,181.543811244663,0.533036838387918,7.60178840165132,0.768414239937179,5.97136659436009,1.78611854859092,0.284128271078587,0.523274934582477
"A3","r5","CSR",20,0,1.11022302462516e-16,4884,4591,0.94000819000819,201.04659277917,181.76492258477,0.531224627444722,7.60641649005388,0.770313937017929,5.97712916575909,1.79751602666769,0.282199604803784,0.52197735875067
"A3","r5","RSA",1,0,1.11022302462516e-16,4884,4589,0.93959868959869,201.706733956879,185.524944462868,0.481654721251948,7.68468762906013,0.752099495551086,5.97799084767923,1.53547887437132,0.231991270504291,0.472665564020097
"A3","r5","RSA",2,0,1.11022302462516e-16,4884,4593,0.94041769041769,201.659323029705,184.756940330572,0.473497592950214,7.66876526230199,0.758773108186682,5.97975179621163,1.55991222061143,0.224199970529647,0.462470124478516
"A3","r5","RSA",3,0,1.11022302462516e-16,4884,4579,0.937551187551188,202.620561533772,186.49034523139,0.476142761702196,7.70465577199784,0.761433580879437,5.98100021838829,1.60492508060284,0.226711929521394,0.466626194812092
"A3","r5","RSA",4,0,1.11022302462516e-16,4884,4579,0.937551187551188,202.910889855591,185.938382874496,0.471875318397197,7.69324544584266,0.754726270958236,5.97881633544442,1.56246072183008,0.222666316112456,0.459817069220231
"A3","r5","RSA",5,0,1.11022302462516e-16,4884,4586,0.938984438984439,202.150415744505,185.722980669597,0.477801709465375,7.68878798177096,0.755323250500136,5.97732228521587,1.56895125794165,0.228294473568035,0.465388898607445
"A3","r5","RSA",6,0,1.11022302462516e-16,4884,4598,0.941441441441441,201.887772453315,187.295455831565,0.469367531440395,7.721268924472,0.758147797180929,5.97759895606786,1.54985701380792,0.22030587957045,0.456517842560082
"A3","r5","RSA",7,0,1.11022302462516e-16,4884,4575,0.936732186732187,202.966063701728,188.818366943964,0.473059916193241,7.7525965257675,0.757694045918805,5.97901639344262,1.63882500519687,0.223785684308756,0.45941452062783
"A3","r5","RSA",8,0,1.11022302462516e-16,4884,4573,0.936322686322686,202.256836583216,186.554594149967,0.487162754821771,7.70598284652512,0.75451836999921,5.9814126394052,1.5672397362969,0.237327549685537,0.475094297022831
"A3","r5","RSA",9,0,1.11022302462516e-16,4884,4594,0.940622440622441,201.63986709567,185.0421577939,0.474953270607759,7.67468227978012,0.758959670656207,5.97757945145842,1.57428493000222,0.225580609261007,0.461347592949941
"A3","r5","RSA",10,0,1.11022302462516e-16,4884,4611,0.944103194103194,200.793099883191,183.088227847901,0.469885183624742,7.63405481823765,0.757586706450346,5.97375840381696,1.51145873467719,0.220792085790057,0.458560760520562
"A3","r5","RSA",11,0,1.11022302462516e-16,4884,4580,0.937755937755938,201.936308836943,185.170665387658,0.466346901401825,7.67734676172341,0.759406250739959,5.9825327510917,1.5528723782676,0.217479432447083,0.454063252204388
"A3","r5","RSA",12,0,1.11022302462516e-16,4884,4575,0.936732186732187,202.193313003518,185.911736326242,0.480275674564766,7.69269417241041,0.756462155701657,5.98273224043716,1.53337032072465,0.230664723578641,0.465945489411948
"A3","r5","RSA",13,0,1.11022302462516e-16,4884,4589,0.93959868959869,202.016979246183,186.830753447121,0.47127457589675,7.71168437278036,0.757494179004284,5.98125953366747,1.59337147338609,0.222099725886661,0.458259280443666
"A3","r5","RSA",14,0,1.11022302462516e-16,4884,4605,0.942874692874693,201.548407690948,184.194964888178,0.47454903150811,7.65709333292883,0.763752926774426,5.97546145494028,1.64036210782108,0.225196783305285,0.462961917085695
"A3","r5","RSA",15,0,1.11022302462516e-16,4884,4586,0.938984438984439,202.343987186305,186.363967721863,0.466422192786296,7.70204474151393,0.754031069547659,5.97535979066725,1.56645924893029,0.217549661923577,0.452902972343235
"A3","r5","RSA",16,0,1.11022302462516e-16,4884,4569,0.935503685503685,202.718299174098,184.439684863614,0.489299065171814,7.662178221414,0.759625110147262,5.98139636681987,1.59400584307787,0.239413575178011,0.478744323504148
"A3","r5","RSA",17,0,1.11022302462516e-16,4884,4590,0.93980343980344,202.390697544576,185.061659734485,0.479586226085041,7.67508669963623,0.757307523564933,5.97712418300654,1.5420784570093,0.230002948250492,0.464937218574831
"A3","r5","RSA",18,0,0,4884,4576,0.936936936936937,202.35060346029,184.933322633972,0.493802002471012,7.67242496713965,0.752945431844682,5.97858391608392,1.54620791776529,0.243840417644381,0.479098561269104
"A3","r5","RSA",19,0,1.11022302462516e-16,4884,4605,0.942874692874693,201.32356873849,185.983971863566,0.468854858613075,7.69418851575012,0.752329724200535,5.9785016286645,1.48324753719326,0.219824878445086,0.456846248745899
"A3","r5","RSA",20,0,1.11022302462516e-16,4884,4590,0.93980343980344,201.082224189705,185.421500589144,0.473607579888719,7.68254477056084,0.758651451412279,5.97864923747277,1.57330739273749,0.22430413972805,0.463414728898243
"A4","f1","CSR",1,0,1.11022302462516e-16,23707,23016,0.970852490825495,41.6506103180105,37.8555920011072,0.532852928444757,3.47128350126153,0.769633163839786,5.98870351060132,1.76585109331985,0.283932243352153,0.519997233393033
"A4","f1","CSR",2,0,1.11022302462516e-16,23707,23010,0.970599401020796,41.6363216822426,37.9097019235586,0.533141440300524,3.47376350693571,0.769941851259631,5.9903520208605,1.77538607278156,0.284239795365717,0.520617668509112
"A4","f1","CSR",3,0,1.11022302462516e-16,23707,23033,0.971569578605475,41.6887999505256,37.7878473972545,0.533698720434449,3.46817609186018,0.77003840248294,5.98892892805974,1.79490174004234,0.284834324193368,0.521557638235632
"A4","f1","CSR",4,0,1.11022302462516e-16,23707,22980,0.9693339519973,41.7015537292496,37.7887055815539,0.536836402406892,3.46821547375024,0.772472108991778,5.99129677980853,1.83211886313424,0.288193322949175,0.524407429239101
"A4","f1","CSR",5,0,1.11022302462516e-16,23707,23022,0.971105580630194,41.5610345459137,38.1773208422811,0.520056481661562,3.48600324838673,0.770716514838209,5.98896707497177,1.76843741093101,0.270458744118203,0.509092785574265
"A4","f1","CSR",6,0,1.54395385365547e-11,23707,23027,0.971316488800776,41.6289103165416,37.8674141824516,0.530117906476989,3.47182549942975,0.770472396748801,5.98940374343162,1.78986426272029,0.281024994767545,0.519075292702572
"A4","f1","CSR",7,0,1.11022302462516e-16,23707,23036,0.971696123507825,41.5644812154421,37.6336105071272,0.535600687885341,3.46109090851536,0.768676708649284,5.98853967702726,1.748077902094,0.28686809686325,0.522329463248258
"A4","f1","CSR",8,0,1.11022302462516e-16,23707,23031,0.971485215337242,41.6214869969526,37.7254761781938,0.534885861218698,3.46531268841791,0.769464263049179,5.98897138639225,1.78884927191245,0.286102884531668,0.524671540557097
"A4","f1","CSR",9,0,1.11022302462516e-16,23707,23008,0.970515037752563,41.654697364807,38.0410984236384,0.528565080436016,3.47977839774738,0.770426263063731,5.98965577190542,1.76344321613915,0.279381044256332,0.517016957791849
"A4","f1","CSR",10,0,1.11022302462516e-16,23707,23010,0.970599401020796,41.6946504907561,37.782031460741,0.537903708127427,3.46790918766554,0.769543680110372,5.98878748370274,1.81342549310249,0.289340399217236,0.524905273418482
"A4","f1","CSR",11,0,1.11022302462516e-16,23707,23020,0.971021217361961,41.6290331689758,37.8968859100378,0.528585485623926,3.47317627436241,0.770406875587434,5.9887054735013,1.7856146410839,0.279402615612282,0.516332130172435
"A4","f1","CSR",12,0,1.11022302462516e-16,23707,23021,0.971063398996077,41.618456915374,37.6968721534588,0.530557646705995,3.46399871314242,0.769862351871191,5.98944442031189,1.78029691547071,0.281491416478204,0.518678066866689
"A4","f1","CSR",13,0,4.99378316476395e-12,23707,23007,0.970472856118446,41.6381358858712,37.9348081910848,0.530437435255532,3.47491359284057,0.772875607675883,5.98830790628939,1.7770953154304,0.281363872720466,0.517508654410134
"A4","f1","CSR",14,0,1.11022302462516e-16,23707,23038,0.971780486776058,41.60445917767,38.1243502435128,0.524449130203973,3.48358401460634,0.76993430769815,5.98875770466186,1.76255971895244,0.275046890171704,0.514686878677307
"A4","f1","CSR",15,0,1.11022302462516e-16,23707,23018,0.970936854093728,41.6258985809922,37.967912019323,0.528347275780471,3.47642945468524,0.772634844464757,5.98961682161786,1.79234993354332,0.279150843824645,0.516260305814152
"A4","f1","CSR",16,0,1.11022302462516e-16,23707,23027,0.971316488800776,41.64223357702,37.7420783493786,0.528644348837267,3.46607510936079,0.769223541819685,5.98905632518348,1.76405985381509,0.279464847557578,0.517602706076342
"A4","f1","CSR",17,0,6.2651661636437e-11,23707,23026,0.97127430716666,41.5940762493425,38.0450152549254,0.52946229234455,3.47995753922944,0.768381510211968,5.99009814991748,1.78326785572991,0.280330319014745,0.518682694224324
"A4","f1","CSR",18,0,1.11022302462516e-16,23707,23033,0.971569578605475,41.6369715870896,37.9911221783978,0.530529526898927,3.4774918801631,0.768106882501355,5.98758303303955,1.75852938292156,0.281461578911599,0.520242021146132
"A4","f1","CSR",19,0,1.11022302462516e-16,23707,23007,0.970472856118446,41.7070241478504,37.7983886356284,0.528156163948525,3.46865979659833,0.770716155256828,5.98900334680749,1.77589402098332,0.278948933516821,0.516472925127811
"A4","f1","CSR",20,0,1.11022302462516e-16,23707,23013,0.970725945923145,41.7160079073881,38.0647198047185,0.530924767201059,3.48085860509413,0.768853759885622,5.98944075087994,1.76231679569198,0.281881108427499,0.518795018766375
"A4","f1","RSA",1,0,1.11022302462516e-16,23707,22973,0.969038680558485,41.8936420777656,40.4965835373376,0.248450195405889,3.5903290791517,0.667270554368233,5.99508118225743,0.968676831516415,0.0617274995972244,0.243545030615691
"A4","f1","RSA",2,0,1.11022302462516e-16,23707,22979,0.969291770363184,41.8888578965212,40.4890811874938,0.24822537289561,3.58999649365809,0.66839122022089,5.99438617868489,0.927594908915064,0.0616158357491645,0.243666243577617
"A4","f1","RSA",3,0,1.11022302462516e-16,23707,22984,0.969502678533766,41.8860816428172,40.6007877962968,0.247455315300874,3.59494536011839,0.668048326277672,5.99425687434737,0.94744993723247,0.0612341330706552,0.243414799227139
"A4","f1","RSA",4,0,1.11022302462516e-16,23707,22964,0.968659045851436,41.9023543894024,40.4727324275052,0.248174166587727,3.58927163230881,0.667143369057695,5.99416477965511,0.961948268104071,0.0615904169615128,0.243036282792919
"A4","f1","RSA",5,0,1.11022302462516e-16,23707,22984,0.969502678533766,41.8728451000306,40.5753141303505,0.249394199399326,3.59381741629701,0.667264166676874,5.99460494256874,0.938229605050626,0.062197466694031,0.244778818859022
"A4","f1","RSA",6,0,1.11022302462516e-16,23707,22977,0.969207407094951,41.9063238106751,40.5043998062144,0.248905677444763,3.59067554817458,0.66880949635197,5.99434216825521,0.951830800917182,0.0619540362642362,0.244254845875391
"A4","f1","RSA",7,0,1.11022302462516e-16,23707,22997,0.970051039777281,41.8546943057283,40.4981252794659,0.247802638083982,3.59039742206398,0.666610783025168,5.99486889594295,0.935440708371946,0.0614061474413808,0.242729921413026
"A4","f1","RSA",8,0,1.11022302462516e-16,23707,22982,0.969418315265533,41.8606281548313,40.5367619609977,0.246399269302829,3.59210969845567,0.667730645415128,5.99386476372814,0.960886599002901,0.0607125999129682,0.241763454759783
"A4","f1","RSA",9,0,1.11022302462516e-16,23707,22977,0.969207407094951,41.8942302626649,40.610497454397,0.247293752184863,3.59537519913795,0.666709555961205,5.99364581973278,0.938765332942244,0.0611541998696685,0.24161330219596
"A4","f1","RSA",10,0,1.11022302462516e-16,23707,22969,0.968869954022019,41.9138952525256,40.6423425043521,0.247362401426813,3.59678459416226,0.667835117000946,5.99486264095085,0.947988235442015,0.0611881576396399,0.243012686177531
"A4","f1","RSA",11,0,1.11022302462516e-16,23707,22986,0.969587041801999,41.8684614902046,40.5062578699909,0.249325795543025,3.59075790456766,0.670878038954831,5.99316975550335,0.971935072943834,0.0621633523231623,0.244583548872576
"A4","f1","RSA",12,0,1.11022302462516e-16,23707,22990,0.969755768338465,41.892997335501,40.5623025114933,0.246393362853698,3.59324114076735,0.665503325163028,5.99438886472379,0.956643445280324,0.0607096892583543,0.241390860980589
"A4","f1","RSA",13,0,1.11022302462516e-16,23707,22987,0.969629223436116,41.8469587474478,40.4657283270621,0.248154137661962,3.58896104438754,0.667478779247108,5.99447513812155,0.949808507027818,0.0615804760387522,0.244201128927373
"A4","f1","RSA",14,0,1.11022302462516e-16,23707,22989,0.969713586704349,41.8745659999996,40.4944854072237,0.249478893517435,3.59023607037818,0.668239134281037,5.99351863934925,0.935707076616628,0.0622397183106835,0.244475027717549
"A4","f1","RSA",15,0,1.11022302462516e-16,23707,22966,0.968743409119669,41.8974010740625,40.4950880235258,0.248662285801081,3.59026278419945,0.667443456894902,5.99494905512497,0.940274944062464,0.0618329323798182,0.243897809930898
"A4","f1","RSA",16,0,1.11022302462516e-16,23707,22976,0.969165225460834,41.882692416121,40.5659632042016,0.24925871195811,3.59340327865435,0.668947632195667,5.99381963788301,0.946817078937079,0.0621299054870159,0.244537867738123
"A4","f1","RSA",17,0,1.11022302462516e-16,23707,22998,0.970093221411398,41.8452121854667,40.4964764539952,0.251631830056907,3.59032433227012,0.665526769516085,5.993216801461,0.946512232944641,0.063318577897788,0.246403921503908
"A4","f1","RSA",18,0,1.11022302462516e-16,23707,22985,0.969544860167883,41.8973162278169,40.4914625801883,0.248625002620906,3.59010206614171,0.666390725718212,5.99382205786382,0.950275092769608,0.0618143919282454,0.244043207283997
"A4","f1","RSA",19,0,1.11022302462516e-16,23707,22986,0.969587041801999,41.8824618027883,40.5628526807998,0.247266000732316,3.59326550926265,0.665619195045605,5.99447489776386,0.971081066435328,0.0611404751181535,0.242454360806125
"A4","f1","RSA",20,0,6.7368222111952e-11,23707,22975,0.969123043826718,41.8616552419683,40.530919284751,0.249527028045247,3.59185081879155,0.665867930443468,5.99377584330794,0.959611297361932,0.0622637377250935,0.244122903061606
"A4","f2","CSR",1,0,0,24974,24351,0.975054056218467,39.7646206728421,35.9208574932231,0.5348957655522,3.38141450583805,0.771500054381517,5.98989774547247,1.79858377188444,0.286113480005674,0.523379896199417
"A4","f2","CSR",2,0,7.19337922561181e-11,24974,24353,0.975134139505085,39.7836159197847,36.3300659055274,0.528006181442853,3.40062040566689,0.772262109791711,5.98977538701597,1.77958500621579,0.278790527641863,0.515381797960851
"A4","f2","CSR",3,0,0,24974,24324,0.973972931849123,39.8230598703362,36.1372391318217,0.534706387656047,3.39158377069705,0.770709007662422,5.99029764841309,1.76909551638472,0.285910921000179,0.523101214636175
"A4","f2","CSR",4,0,0,24974,24309,0.973372307199487,39.8345113065555,36.2043533181558,0.535224824164345,3.39473173963126,0.769324856517146,5.99123781315562,1.79435303826733,0.286465612401754,0.522613831068321
"A4","f2","CSR",5,0,0,24974,24328,0.974133098422359,39.7493730223158,36.3119360062153,0.533930361965919,3.39977178857108,0.771001094334529,5.98964156527458,1.76270767766059,0.285081631429057,0.520883071937732
"A4","f2","CSR",6,0,0,24974,24318,0.973732681989269,39.8546605752444,36.3476089906259,0.531794174845693,3.40144135332848,0.770332772791359,5.9906242289662,1.77620028474747,0.282805044399812,0.520358667860468
"A4","f2","CSR",7,0,0,24974,24333,0.974333306638904,39.8229790254911,36.3104625788264,0.528536414370381,3.39970281212153,0.76979798678695,5.99030123700325,1.77452371740641,0.279350741315499,0.516979481673011
"A4","f2","CSR",8,0,0,24974,24324,0.973972931849123,39.8026840794828,36.0541190551059,0.535375502886291,3.3876809963129,0.770343336088904,5.98914652195363,1.78033691081675,0.286626929090749,0.523989939301555
"A4","f2","CSR",9,0,0,24974,24348,0.97493393128854,39.7560899787591,36.0963951927916,0.532222584268427,3.38966656822716,0.769995792658388,5.99030721209134,1.7742519613116,0.283260879205363,0.520316530147302
"A4","f2","CSR",10,0,0,24974,24354,0.975174181148394,39.7416502015466,36.0651884866263,0.529064051606805,3.38820100383292,0.771912486995014,5.98981686786565,1.79006588852423,0.279908770702608,0.517426742432133
"A4","f2","CSR",11,0,0,24974,24339,0.974573556498759,39.7858855009057,36.1536819278532,0.53029915172314,3.3923552849871,0.768117941679265,5.99046797321172,1.77729429574267,0.281217190318282,0.518326522998085
"A4","f2","CSR",12,0,0,24974,24315,0.973612557059342,39.8517845042528,36.3395156527221,0.526988906978403,3.40106264149781,0.771213096031429,5.99062307217767,1.77411623181938,0.277717308078292,0.516594107467009
"A4","f2","CSR",13,0,0,24974,24363,0.975534555938176,39.7045502711231,36.1298197567943,0.527889268886522,3.3912355881929,0.772453663542645,5.99019004227722,1.76671272556047,0.278667080205547,0.516914137805923
"A4","f2","CSR",14,0,0,24974,24332,0.974293264995595,39.7823128885034,36.0497847347833,0.536877812732748,3.38747735084562,0.772093167234316,5.99058852539865,1.77415004612701,0.2882377858047,0.525993169426284
"A4","f2","CSR",15,0,3.12505576971489e-11,24974,24334,0.974373348282213,39.769749339168,36.2277971706176,0.525990845262392,3.39583067796593,0.770354516082811,5.98997287745541,1.76417019611635,0.276666369299846,0.515531014777901
"A4","f2","CSR",16,0,0,24974,24328,0.974133098422359,39.8150068101707,36.0812747037383,0.532294533009064,3.38895654058758,0.770170604821443,5.98964156527458,1.79748385228138,0.283337469871337,0.521405246036004
"A4","f2","CSR",17,0,0,24974,24350,0.975014014575158,39.748017550759,35.9532297563607,0.537825991646033,3.38293784616257,0.771576878645525,5.98969199178645,1.79491612345223,0.289256797290039,0.527029389697449
"A4","f2","CSR",18,0,6.03646022057092e-11,24974,24307,0.973292223912869,39.8632524681532,36.2527701404021,0.534503408873541,3.39700090333201,0.769054820256216,5.99193647920352,1.7980918106609,0.285693894097435,0.523727295276443
"A4","f2","CSR",19,0,4.73201478001783e-11,24974,24361,0.975454472651558,39.7570867862837,36.2834984588833,0.536276827042928,3.39844026941726,0.77093834305436,5.98883461270063,1.8015173651336,0.28759283522323,0.524085558776332
"A4","f2","CSR",20,0,0,24974,24345,0.974813806358613,39.7829222176922,36.2998927020876,0.527816119332298,3.39920795399242,0.770994581157306,5.9904292462518,1.77402111462277,0.278589855827007,0.514467046849102
"A4","f2","RSA",1,0,0,24974,24310,0.973412348842796,40.045660645234,38.9393068403906,0.239608661834249,3.5206201624708,0.659286820394616,5.99461127108186,0.924278829919442,0.0574123108259993,0.235599440903306
"A4","f2","RSA",2,0,0,24974,24296,0.97285176583647,39.9953173124102,38.855233227514,0.239158094212957,3.51681743431155,0.660859601929312,5.99534902864669,0.919797260351392,0.0571965940275735,0.234544610443499
"A4","f2","RSA",3,0,0,24974,24305,0.973212140626251,40.0269503464047,38.8938888723264,0.238091810661915,3.51856637569838,0.660370083481055,5.99489816910101,0.927475616070134,0.0566877103042693,0.233014292183656
"A4","f2","RSA",4,0,0,24974,24290,0.972611515976616,40.0265079158644,38.8948049768527,0.237893765275662,3.51860781347261,0.662404160670427,5.99571840263483,0.919327873270782,0.0565934435570318,0.233803227598658
"A4","f2","RSA",5,0,0,24974,24307,0.973292223912869,40.0146495527558,38.9137880751591,0.237797652452944,3.51946635914936,0.66128880289022,5.99469288682273,0.931552513058509,0.0565477235121313,0.233860349020179
"A4","f2","RSA",6,0,9.34352595294285e-11,24974,24302,0.973092015696324,40.0192602849348,38.8134389431773,0.236793226721893,3.5149255087973,0.664086133658699,5.99535017694017,0.918829454343206,0.0560710322213656,0.232697745426847
"A4","f2","RSA",7,0,0,24974,24300,0.973011932409706,40.0199058068722,38.8869948299246,0.236652602505721,3.51825452436591,0.658360752523626,5.99617283950617,0.919735136181492,0.0560044542727309,0.232244959886213
"A4","f2","RSA",8,0,0,24974,24290,0.972611515976616,40.0156120298392,38.8312130243696,0.234860529210648,3.51573022237256,0.661303662842487,5.99637710992178,0.928802387322373,0.0551594681811056,0.2304608756095
"A4","f2","RSA",9,0,0,24974,24284,0.972371266116761,40.0430137496637,38.9218162166613,0.236061129776736,3.51982938363367,0.658501017174066,5.99547026848954,0.927130162234232,0.0557248569914691,0.231535032545158
"A4","f2","RSA",10,0,8.01110289216922e-11,24974,24302,0.973092015696324,40.025272207905,38.9023094913429,0.237843049897807,3.51894724391991,0.661025605756149,5.99473294379063,0.926683091922357,0.0565693163846905,0.233146042132541
"A4","f2","RSA",11,0,0,24974,24302,0.973092015696324,40.0195737192094,38.8250091925294,0.238595971684912,3.51544936708513,0.661270737060943,5.99559707019998,0.933645894675585,0.0569280377042674,0.234549689525125
"A4","f2","RSA",12,0,5.39757127882012e-11,24974,24286,0.97245134940338,39.9920252524033,38.7989251451509,0.234753497825617,3.51426826622357,0.66104786602612,5.99571769743885,0.918243962962061,0.0551092047413621,0.230059791133808
"A4","f2","RSA",13,0,0,24974,24311,0.973452390486106,39.9921127295849,38.7853055388189,0.23900838564631,3.51365140440326,0.659405246285914,5.99510509645839,0.922600473322853,0.0571250084092554,0.234369699901267
"A4","f2","RSA",14,0,0,24974,24304,0.973172098982942,40.0227165160236,38.8525274521451,0.236702763882991,3.51669498125791,0.661022182221117,5.9946922317314,0.933807155408524,0.0560281984298472,0.231912058020039
"A4","f2","RSA",15,0,0,24974,24305,0.973212140626251,40.0031226806774,38.8900634482766,0.237668519575778,3.51839333643942,0.660286782053219,5.99485702530344,0.917147676438567,0.0564863251973418,0.233488079646368
"A4","f2","RSA",16,0,2.21389573340502e-12,24974,24308,0.973332265556178,40.0070669656904,38.8460607630341,0.236666837529968,3.51640230635791,0.660875006875556,5.99547474082607,0.927037570308589,0.0560111919864361,0.232457908273388
"A4","f2","RSA",17,0,0,24974,24289,0.972571474333307,40.0241221548237,38.7506508834856,0.238877547440658,3.51208133053181,0.660038254586472,5.99617110626209,0.919410569535671,0.0570624826712636,0.234483157232298
"A4","f2","RSA",18,0,0,24974,24302,0.973092015696324,40.0172381481788,38.7721214602531,0.240695271382153,3.51305416540327,0.660786403248247,5.99452719940746,0.932812317086589,0.0579342136657284,0.236150050467876
"A4","f2","RSA",19,0,0,24974,24315,0.973612557059342,40.0144005812207,38.8638070417495,0.234955655761275,3.51720542421509,0.660126095459596,5.99539378984166,0.916570046247523,0.0552041601742109,0.230442627823843
"A4","f2","RSA",20,0,0,24974,24299,0.972971890766397,40.0216862381371,38.752454378811,0.241414870603645,3.51216305752764,0.660590834948472,5.99530844890736,0.912728009020308,0.0582811397485746,0.236391645813077
"A4","p1","CSR",1,0,0,31070,30398,0.978371419375603,32.0746036395391,29.206728866749,0.526120848455232,3.04906387949397,0.768694009717085,5.99124942430423,1.76687411082886,0.276803147179253,0.515136930278853
"A4","p1","CSR",2,0,0,31070,30415,0.97891857096878,32.044517624305,29.1017267229652,0.534131373202822,3.04357804581036,0.770666526246324,5.99184612855499,1.77477404615906,0.285296323839533,0.522322424139651
"A4","p1","CSR",3,0,0,31070,30410,0.978757644029611,32.071821132356,29.2395419428349,0.52981925536294,3.05077617458399,0.769453391144462,5.9923051627754,1.77467852964877,0.28070844335334,0.518718312837221
"A4","p1","CSR",4,0,0,31070,30416,0.978950756356614,32.0624112978189,29.1002374522183,0.533352739078617,3.04350016768838,0.772040671023085,5.99187927406628,1.79487076050286,0.284465144282663,0.521565160913097
"A4","p1","CSR",5,0,0,31070,30396,0.978307048599936,32.0770775955837,29.1949957454886,0.530970571556008,3.04845137269331,0.769338767358518,5.9918410317147,1.78160804658218,0.281929747858514,0.518997428829709
"A4","p1","CSR",6,0,0,31070,30411,0.978789829417445,32.0367575635621,29.1611089087856,0.530377370878231,3.046681679754,0.771082946467038,5.99161487619611,1.80851239044492,0.281300155539704,0.519483197201199
"A4","p1","CSR",7,0,0,31070,30400,0.978435790151271,32.0553625667128,29.1362498778838,0.533959587605246,3.04538279725478,0.770696688601779,5.99190789473684,1.76275566111074,0.285112841195564,0.521998741212307
"A4","p1","CSR",8,0,0,31070,30418,0.979015127132282,32.0592319310349,29.3733236157996,0.524962680129848,3.05774742141972,0.769942521483139,5.99234006180551,1.773916403143,0.275585815529113,0.513436895874375
"A4","p1","CSR",9,0,6.10699268932535e-11,31070,30395,0.978274863212102,32.0638138456588,28.9984350535065,0.534964232450553,3.03817191109879,0.769901555228353,5.99134726106267,1.77129447685923,0.286186730001409,0.523245758919452
"A4","p1","CSR",10,0,0,31070,30416,0.978950756356614,32.0494296060411,29.0306945645527,0.535401461544315,3.03986135911849,0.770649588146211,5.99151762230405,1.78404772469355,0.286654725023788,0.523651921129754
"A4","p1","CSR",11,0,0,31070,30418,0.979015127132282,32.0821672324808,29.1864158280904,0.529673854161017,3.04800339571793,0.769332670142639,5.9920113090933,1.75083205931255,0.280554391781786,0.518207188982134
"A4","p1","CSR",12,0,0,31070,30431,0.979433537174123,32.0524241993241,29.0642795967928,0.528843712273666,3.04161922838297,0.772571565724865,5.99109460747264,1.77819870649442,0.279675672011392,0.517917705201778
"A4","p1","CSR",13,0,0,31070,30430,0.979401351786289,32.0546338700073,29.2702728945679,0.530997350218808,3.05237894658807,0.769476625853877,5.9911929017417,1.79242300758049,0.281958185939395,0.51925868337024
"A4","p1","CSR",14,0,3.18637338736494e-11,31070,30389,0.978081750885098,32.0952624086395,29.2731911703455,0.525546412700319,3.05253110543841,0.771159317936912,5.99200368554411,1.76382311753282,0.276199031902174,0.5135427870062
"A4","p1","CSR",15,0,7.7365891471004e-12,31070,30420,0.97907949790795,32.0520325771747,29.1693480598079,0.531264437605902,3.04711205251259,0.770522562626685,5.99109138724523,1.77864445793561,0.282241902664715,0.520975548783745
"A4","p1","CSR",16,0,0,31070,30402,0.978500160926939,32.0932074649249,29.1218234171334,0.533385281045326,3.04462876181593,0.768508482087791,5.99144793105717,1.78782857347044,0.284499858035802,0.52051752000107
"A4","p1","CSR",17,0,0,31070,30415,0.97891857096878,32.062960861817,29.1338806182234,0.531009534750022,3.04525897481295,0.772065332974601,5.99132007233273,1.78298508907397,0.281971125995435,0.518354167374767
"A4","p1","CSR",18,0,0,31070,30400,0.978435790151271,32.0888716980822,29.3367374053186,0.531509668932513,3.05584252599003,0.769853956121727,5.99059210526316,1.79108882996497,0.28250252816875,0.519315533592056
"A4","p1","CSR",19,0,0,31070,30423,0.979176054071452,32.0565076675294,29.1645149179839,0.52997639849774,3.04685960033424,0.768285100547939,5.99102652598363,1.78878937090242,0.280874982964636,0.519122606326081
"A4","p1","CSR",20,0,0,31070,30395,0.978274863212102,32.0951148165799,29.2727495212071,0.529058678903601,3.05250807834837,0.769305155476081,5.99190656357954,1.76278242464436,0.279903085723223,0.518498944195058
"A4","p1","RSA",1,0,0,31070,30361,0.977180560025748,32.2554304393015,31.6167227353037,0.191633709245655,3.17236747798533,0.626640597523529,5.99683804881262,0.785497248112188,0.036723478519248,0.188583189673616
"A4","p1","RSA",2,0,0,31070,30367,0.977373672352752,32.2628310070286,31.6135131009555,0.189959874671585,3.17220644930858,0.624875358130346,5.99726676984885,0.780371900872603,0.0360847539852441,0.18675232876615
"A4","p1","RSA",3,0,0,31070,30355,0.976987447698745,32.2594053770908,31.6187333416268,0.190647679340753,3.17246834676863,0.625270381662615,5.99719980233899,0.78812551832374,0.0363465376380147,0.187869668069468
"A4","p1","RSA",4,0,0,31070,30348,0.976762149983907,32.2716533754182,31.6279106289848,0.19119044043233,3.17292871531949,0.626131618951733,5.99700144984843,0.776641089133562,0.0365537845127082,0.188235542815238
"A4","p1","RSA",5,0,4.84646767162644e-11,31070,30356,0.977019633086579,32.2569856109117,31.6305680314588,0.189694004321681,3.17306200853458,0.625362847164083,5.99683752800105,0.781871072399542,0.0359838152755939,0.187170166355022
"A4","p1","RSA",6,0,0,31070,30353,0.976923076923077,32.2749987889488,31.6216305762973,0.189606600823778,3.17261369058495,0.625532499673131,5.99713372648503,0.776777498491177,0.0359506630759474,0.186451690869261
"A4","p1","RSA",7,0,0,31070,30350,0.976826520759575,32.2619933113434,31.6072328204639,0.188799910011965,3.17189134140278,0.625301055090771,5.99749588138385,0.776427878578707,0.0356454060205261,0.185715145394687
"A4","p1","RSA",8,0,1.17570397861755e-11,31070,30364,0.97727711618925,32.2540151665184,31.6089876125808,0.188654659541999,3.17197938977652,0.624233588865159,5.99690422869187,0.76164110916237,0.0355905805669075,0.185642772725777
"A4","p1","RSA",9,0,0,31070,30359,0.97711618925008,32.2546839968242,31.5819138506113,0.191454913484659,3.17062066530425,0.625960765534964,5.99677196218584,0.779816972537526,0.0366549838974182,0.188212835707112
"A4","p1","RSA",10,0,1.19956378163977e-10,31070,30369,0.97743804312842,32.2482039809406,31.5682449977183,0.190651078475116,3.1699344586672,0.623321335610422,5.99680595343936,0.775641799838106,0.036347833723725,0.187469595037193
"A4","p1","RSA",11,0,0,31070,30372,0.977534599291921,32.2490890690611,31.6031751544465,0.189353923530742,3.1716877347018,0.624384128056155,5.9963453180561,0.780171687804294,0.0358549083564861,0.186629198960503
"A4","p1","RSA",12,0,0,31070,30368,0.977405857740586,32.2712786039122,31.6652463781963,0.188908143197094,3.17480093401521,0.626183585804501,5.99687170706006,0.779026667506527,0.0356862865661736,0.185847694835698
"A4","p1","RSA",13,0,0,31070,30355,0.976987447698745,32.2551441067239,31.6017955306278,0.190257540589354,3.17161850457421,0.625964888744404,5.99743040685225,0.78209789720414,0.0361979317511095,0.187411156876606
"A4","p1","RSA",14,0,0,31070,30368,0.977405857740586,32.2507691023514,31.5752047117694,0.191485975808001,3.17028387012972,0.624999528361822,5.9970363540569,0.778336130400274,0.0366668789311424,0.188398719850644
"A4","p1","RSA",15,0,1.03703712284187e-11,31070,30356,0.977019633086579,32.250997088671,31.6043480839615,0.189598550506172,3.17174659162973,0.622908254019213,5.99690341283437,0.771131903172671,0.0359476103540415,0.186449099753408
"A4","p1","RSA",16,0,0,31070,30351,0.976858706147409,32.2721196307224,31.6312263238045,0.189862424979989,3.1730950270964,0.626351261810523,5.99743006820204,0.781146607753534,0.036047740419282,0.186867875620039
"A4","p1","RSA",17,0,0,31070,30339,0.976472481493402,32.2791369949715,31.6489148390117,0.189455074139939,3.17398211719069,0.626672774833805,5.99802234747355,0.780667194305769,0.0358932251173698,0.186595592849843
"A4","p1","RSA",18,0,1.68176583770219e-12,31070,30360,0.977148374637914,32.2697498858479,31.6132775087807,0.189148455896636,3.17219462922906,0.624421633306382,5.99776021080369,0.769914941016985,0.0357771383680816,0.186235739518138
"A4","p1","RSA",19,0,0,31070,30353,0.976923076923077,32.2728719142392,31.6517507250559,0.188640797797062,3.17412431558851,0.624652093420818,5.99716667215761,0.791307206569767,0.0355853505935121,0.185881300283153
"A4","p1","RSA",20,0,2.37032615757471e-13,31070,30364,0.97727711618925,32.2644212756901,31.6271855895244,0.190017642786651,3.17289234694643,0.624378144172921,5.99729943353972,0.784039078929956,0.0361067045701953,0.18656982596226
"A4","p2","CSR",1,0,2.22044604925031e-16,29576,28877,0.976365972410062,33.5929921891889,30.5627793608325,0.541185427493337,3.11904389513949,0.769951712331236,5.99078851681269,1.78319537835823,0.292881666931145,0.528646248145743
"A4","p2","CSR",2,0,0,29576,28870,0.97612929402218,33.5875985235174,30.7768490403341,0.519860710405595,3.12994813263498,0.771085988215073,5.99154832005542,1.75897806609489,0.27025515822341,0.509479573296303
"A4","p2","CSR",3,0,0,29576,28891,0.976839329185826,33.588234587336,30.7420623053618,0.525039081560369,3.1281787598337,0.768872452615694,5.99072375480253,1.76080006806117,0.275666037165756,0.511965882798033
"A4","p2","CSR",4,0,3.91009447042734e-12,29576,28888,0.97673789559102,33.5746327070833,30.6203263739148,0.534112179059131,3.12197895620168,0.768873395065433,5.99138050401551,1.78110754822238,0.285275819819293,0.522008562725112
"A4","p2","CSR",5,0,4.39267511254116e-11,29576,28885,0.976636461996213,33.5547434712318,30.5386793998585,0.531998894888901,3.11781390784829,0.767946468422812,5.99113726847845,1.78797019598153,0.283022824163012,0.520333585382985
"A4","p2","CSR",6,0,0,29576,28874,0.976264538815256,33.5915767806808,30.5596978305229,0.531894289007117,3.11888665023079,0.770381887464284,5.99248458821085,1.77679386124205,0.282911534678387,0.519548494440132
"A4","p2","CSR",7,0,5.17508258468524e-12,29576,28885,0.976636461996213,33.5579496844553,30.4826289872859,0.523374934045516,3.1149513902348,0.767131325690713,5.99155270901852,1.74615492525275,0.273921321587149,0.512705989292323
"A4","p2","CSR",8,0,0,29576,28870,0.97612929402218,33.5849501508042,30.5645501394212,0.53583292894834,3.11913425098217,0.770275131574694,5.9916522341531,1.76427961441099,0.287116927745356,0.522690530766294
"A4","p2","CSR",9,0,0,29576,28879,0.9764335948066,33.5807568455177,30.5455909080617,0.524218333367855,3.11816669941839,0.768818003643913,5.99137781779147,1.76760347242295,0.274804861038971,0.513081118528796
"A4","p2","CSR",10,0,0,29576,28897,0.97704219637544,33.5420868267484,30.5556093672829,0.534322637521405,3.1186780115902,0.76958490971873,5.99107173755061,1.77857476842082,0.285500680967831,0.522172237206154
"A4","p2","CSR",11,0,1.37629574403775e-10,29576,28898,0.977076007573708,33.5538702151659,30.4864179977511,0.530382386132134,3.11514497926994,0.770594575310251,5.99183334486816,1.76800611376229,0.281305475519216,0.51904548413942
"A4","p2","CSR",12,0,0,29576,28887,0.976704084392751,33.5502618390683,30.4854626682223,0.532545364020213,3.11509617061529,0.770917733987317,5.99214179388652,1.7858206808562,0.283604564739421,0.521664716612288
"A4","p2","CSR",13,0,0,29576,28908,0.977414119556397,33.5320989935845,30.5649982110747,0.530402206526554,3.11915711398975,0.767583508605616,5.99014113740141,1.76559968949249,0.281326500688237,0.519236277177263
"A4","p2","CSR",14,0,0,29576,28874,0.976264538815256,33.5558933862352,30.4770286586531,0.531750816804786,3.11466523451711,0.770520091762403,5.9924499549768,1.80148769058238,0.282758931172557,0.520053402664812
"A4","p2","CSR",15,0,0,29576,28880,0.976467406004869,33.5899312392651,30.4717330988644,0.533796631240852,3.11439462653706,0.772703920560956,5.99241689750693,1.79553790991911,0.284938843524082,0.521439591810826
"A4","p2","CSR",16,0,7.05491220998056e-11,29576,28891,0.976839329185826,33.5646634125444,30.6676876347479,0.529587640321055,3.12439244662649,0.771416516260821,5.99145062476204,1.78542361731797,0.280463068780823,0.518445989686212
"A4","p2","CSR",17,0,0,29576,28901,0.977177441168515,33.5547345349507,30.5313270414161,0.529285092816135,3.11743856965831,0.768955566071977,5.99218020137712,1.78928140918724,0.280142709477384,0.517441728790116
"A4","p2","CSR",18,0,0,29576,28867,0.976027860427374,33.5923049788069,30.6457110912249,0.52668889225541,3.12327277218451,0.769762526066072,5.99161672498008,1.78791558398965,0.277401189225231,0.515880774325645
"A4","p2","CSR",19,0,0,29576,28894,0.976940762780633,33.5840485656828,30.5971900082425,0.529316511141566,3.12079926758461,0.768920622045941,5.99075932719596,1.75331508463508,0.280175968967079,0.517862135342383
"A4","p2","CSR",20,0,0,29576,28887,0.976704084392751,33.5655811220162,30.5618908078527,0.530322061709243,3.11899855476225,0.76882743380689,5.99117249974037,1.77202620603177,0.281241489135542,0.519933597665783
"A4","p2","RSA",1,0,0,29576,28840,0.975114958074114,33.7535820550868,32.9894884695468,0.199714045781127,3.24050618263005,0.635102568651851,5.99649791955617,0.822935826133887,0.0398857000822662,0.196249355211038
"A4","p2","RSA",2,0,0,29576,28823,0.974540167703543,33.7657117484582,33.0843469092636,0.198745149343639,3.24516173697903,0.635173779610866,5.99701627172744,0.818601880486037,0.0394996343876253,0.195179845496746
"A4","p2","RSA",3,0,0,29576,28832,0.974844468487963,33.7557441913013,33.0378550964219,0.200665121110497,3.24288080192215,0.634744777208814,5.99701720310766,0.803015624829775,0.0402664908302906,0.19743431792771
"A4","p2","RSA",4,0,0,29576,28838,0.975047335677576,33.797190150668,33.0589530168957,0.199536421748154,3.24391608586479,0.632983903628432,5.99608155905403,0.804333225237477,0.0398147836040574,0.196299749640708
"A4","p2","RSA",5,0,2.22044604925031e-16,29576,28827,0.974675412496619,33.7631749351527,33.0471420038739,0.199390653606897,3.24333655514698,0.631437930089404,5.99694730634475,0.800032309823018,0.0397566327457857,0.196257604152581
"A4","p2","RSA",6,0,0,29576,28832,0.974844468487963,33.7709956531745,33.0563819030946,0.200604177505948,3.24378993787903,0.633596946217947,5.99615011098779,0.81615527253025,0.0402420360328379,0.19799425369858
"A4","p2","RSA",7,0,1.54284363063084e-11,29576,28834,0.974912090884501,33.7704022312563,33.0297892712423,0.200300200003588,3.24248492106064,0.63350110492124,5.99639314697926,0.809753577057047,0.0401201701214774,0.197055789099699
"A4","p2","RSA",8,0,0,29576,28831,0.974810657289694,33.7677528928275,33.0561309232302,0.199126406910858,3.24377762367427,0.635043577925988,5.99687836009851,0.808037428109915,0.0396513259292285,0.195940122330413
"A4","p2","RSA",9,0,0,29576,28843,0.975216391668921,33.7544106607242,33.0713569987822,0.199191641449722,3.24452460034223,0.633648648026997,5.99622092015394,0.807939396723416,0.0396773100234348,0.195687230315305
"A4","p2","RSA",10,0,0,29576,28835,0.97494590208277,33.774879052619,33.0522849289053,0.199514626946932,3.24358891566642,0.633479464303424,5.99663603259927,0.808166528929809,0.0398060863657736,0.196239959971385
"A4","p2","RSA",11,0,4.96024332719003e-11,29576,28834,0.974912090884501,33.7522871496203,33.0118424074517,0.201257845878759,3.2416038930493,0.630459127345034,5.99663591593258,0.814229309605156,0.0405047205277584,0.198080705091292
"A4","p2","RSA",12,0,0,29576,28825,0.974607790100081,33.7664294442411,33.0254806437587,0.198503061075489,3.24227342845723,0.632361075803,5.99663486556808,0.810250956909523,0.0394034652563395,0.195318130444844
"A4","p2","RSA",13,0,0,29576,28842,0.975182580470652,33.7573301875904,33.0022468255615,0.199556747931418,3.24113273884681,0.634445605402993,5.99625546078635,0.81563037307184,0.0398228956449633,0.19612995083217
"A4","p2","RSA",14,0,0,29576,28845,0.975284014065459,33.7626816772546,33.0253164382104,0.200248237633947,3.24226536801515,0.633622864670596,5.99677587103484,0.807956599500979,0.0400993566755018,0.197022645138786
"A4","p2","RSA",15,0,0,29576,28840,0.975114958074114,33.7428402547774,32.9989757155382,0.199819712283867,3.24097210789163,0.633595206255838,5.99663661581137,0.806986155960113,0.0399279174172075,0.196602986522912
"A4","p2","RSA",16,0,0,29576,28832,0.974844468487963,33.7693730968323,33.0554203479988,0.199415630560593,3.24374275931526,0.634275827086709,5.99708657047725,0.820913435951583,0.0397665937118788,0.196041481593459
"A4","p2","RSA",17,0,0,29576,28835,0.97494590208277,33.7823254448287,33.008745745705,0.200376949878165,3.24145185085095,0.63472641408487,5.99712155366742,0.822596971941263,0.0401509220424766,0.197232932599491
"A4","p2","RSA",18,0,0,29576,28828,0.974709223694888,33.7578226929409,33.0761874234731,0.198652440176574,3.24476154014102,0.635161386087054,5.9969474122381,0.812284711287229,0.0394627919881072,0.195409440757958
"A4","p2","RSA",19,0,0,29576,28834,0.974912090884501,33.7518328560392,33.0211743964692,0.199671735359063,3.24206203876742,0.634510952848987,5.99712145383922,0.813261231251298,0.0398688019012998,0.196510232157857
"A4","p2","RSA",20,0,0,29576,28836,0.974979713281039,33.7496404919609,32.9979993015389,0.199419757031303,3.24092415798217,0.633817797130526,5.99601192953253,0.810284077402332,0.039768239494424,0.196318140164766
"A4","p3","CSR",1,0,0,30064,29448,0.979510377860564,33.1708188252639,30.3151371677219,0.524815015691859,3.10638179520394,0.770987914918532,5.99110296115186,1.75656837626318,0.275430800695646,0.514247394568459
"A4","p3","CSR",2,0,3.24235083226654e-11,30064,29474,0.980375199574242,33.1448477450132,30.2640060079368,0.52913913339796,3.1037609939383,0.769529064624488,5.99087331207166,1.77907050252595,0.279988222493145,0.518340662032989
"A4","p3","CSR",3,0,0,30064,29436,0.979111229377328,33.1837646687455,30.2758657425843,0.527748889146738,3.10436907899229,0.76969202932004,5.99323957059383,1.78024986154402,0.278518889995616,0.51616705065577
"A4","p3","CSR",4,0,0,30064,29417,0.978479244278872,33.2503090198373,30.3091967469628,0.531046438497546,3.10607742447735,0.76956641300561,5.99364313152259,1.77045863698649,0.282010319840928,0.517610819587436
"A4","p3","CSR",5,0,1.21177512468762e-11,30064,29453,0.979676689728579,33.1864258309537,30.1299183815708,0.531054577964888,3.09687760345234,0.76945513692884,5.99147794791702,1.78211533902374,0.282018964777465,0.518397665170407
"A4","p3","CSR",6,0,0,30064,29450,0.97957690260777,33.168639517002,30.2783686320921,0.526404557500026,3.1044973936925,0.769435179847862,5.99198641765705,1.73948551035917,0.277101758156798,0.515258846184498
"A4","p3","CSR",7,0,0,30064,29460,0.9799095263438,33.1507090244549,30.1875855531776,0.532021095488306,3.09983982189422,0.769686752393342,5.99205702647658,1.7805811923078,0.283046446044578,0.519658478127598
"A4","p3","CSR",8,0,0,30064,29432,0.978978179882916,33.2328360714958,30.2533071871864,0.534154381732647,3.10321233034277,0.768827838678355,5.99259309594999,1.78792379786338,0.285320903524186,0.521184245944521
"A4","p3","CSR",9,0,0,30064,29410,0.978246407663651,33.2588434884261,30.3887516380549,0.523873597694296,3.11015113374123,0.770357874402241,5.99319959197552,1.77104423538356,0.274443546361165,0.512327990541949
"A4","p3","CSR",10,0,0,30064,29441,0.979277541245343,33.1434453999988,30.1658509728619,0.53107499965849,3.09872370336706,0.771386666615186,5.99262932644951,1.7774932256739,0.282040655262266,0.520238125727407
"A4","p3","CSR",11,0,0,30064,29447,0.979477115486961,33.183441164043,30.2013736706064,0.535679371565826,3.10054766383052,0.770918360050213,5.99191768261623,1.79725858889026,0.286952389121158,0.523466333578612
"A4","p3","CSR",12,0,0,30064,29461,0.979942788717403,33.1411769014567,30.1545219448883,0.533155955005522,3.09814177341903,0.769541532030012,5.99243067105665,1.7858558058264,0.28425527235785,0.520816600748289
"A4","p3","CSR",13,0,0,30064,29472,0.980308674827036,33.1592642196713,30.0847606912922,0.534616252030865,3.09455598610423,0.768478933940179,5.99172095548317,1.77055342245387,0.285814536935529,0.521756174810448
"A4","p3","CSR",14,0,1.28118626818718e-11,30064,29438,0.979177754124534,33.2031601215119,30.2084619864733,0.528172834922815,3.10091149400388,0.767449372636703,5.99154154494191,1.77813275281756,0.278966543550403,0.517956918714825
"A4","p3","CSR",15,0,0,30064,29437,0.979144491750931,33.1723487481611,30.2900113693177,0.52824803978845,3.10509421297861,0.770245416354568,5.99303597513334,1.78745659651115,0.27904599154034,0.517142638657688
"A4","p3","CSR",16,0,0,30064,29443,0.979344065992549,33.1670541074273,30.1434970544485,0.52668441181531,3.09757536092069,0.770415672066129,5.99198451244778,1.79628110675014,0.277396469649239,0.51598483522918
"A4","p3","CSR",17,0,0,30064,29434,0.979044704630122,33.1780018311325,30.2719462301464,0.528156564109418,3.10416812665088,0.768923770143042,5.99300129102399,1.77272307498219,0.278949356211866,0.515319125443277
"A4","p3","CSR",18,0,0,30064,29457,0.979809739222991,33.138372741957,30.1023993427462,0.534222684365002,3.09546302007447,0.769961434844256,5.99239569542044,1.7872860074611,0.285393876490148,0.522794649783713
"A4","p3","CSR",19,0,8.09006195368056e-11,30064,29440,0.97924427887174,33.14283589687,30.2203282876236,0.534042361928863,3.10152047449158,0.771997574554063,5.9913722826087,1.80569341892668,0.285201244334558,0.522902305570747
"A4","p3","CSR",20,0,0,30064,29451,0.979610164981373,33.1845337282155,30.2291265507117,0.528532538755704,3.10197192633854,0.770055859238184,5.99185087093817,1.80658893748812,0.279346644523549,0.516635001336849
"A4","p3","RSA",1,0,1.40245592916699e-11,30064,29403,0.97801357104843,33.3816639225414,32.6771462018245,0.19542103471857,3.22512925141208,0.630236141307417,5.99738121960344,0.798136125226497,0.0381893808104765,0.192181046956339
"A4","p3","RSA",2,0,0,30064,29412,0.978312932410857,33.3586034808386,32.6199561957328,0.19670586944802,3.22230578064578,0.631256404119368,5.99673602611179,0.804178255023859,0.0386931990753016,0.193079206630173
"A4","p3","RSA",3,0,1.52908796735574e-11,30064,29389,0.977547897817988,33.3681953239167,32.6640801992392,0.19581533896762,3.22448440072487,0.632338988286932,5.9973799720984,0.800285771670463,0.0383436469750041,0.192599815656112
"A4","p3","RSA",4,0,0,30064,29414,0.978379457158063,33.3478430800767,32.6623031809311,0.196371625772578,3.2243966889953,0.632217294079345,5.99700822737472,0.800997406725223,0.0385618154085653,0.193401289097111
"A4","p3","RSA",5,0,0,30064,29406,0.978113358169239,33.3663892366762,32.6580485395162,0.197321889326044,3.2241866747335,0.633378167807007,5.99690539345712,0.798596102390906,0.0389359280071995,0.193963657309595
"A4","p3","RSA",6,0,0,30064,29406,0.978113358169239,33.3341696158809,32.6149250777217,0.19676930876436,3.22205727592625,0.628941083000086,5.99741549343671,0.792987708808066,0.0387181608716042,0.193587468023723
"A4","p3","RSA",7,0,0,30064,29399,0.977880521554018,33.3551615828808,32.661297960443,0.19739460726082,3.22434707133142,0.63104452228852,5.99731283376986,0.800965634188306,0.0389646309756532,0.194369612893764
"A4","p3","RSA",8,0,0,30064,29388,0.977514635444385,33.3736851479627,32.6648500417717,0.195678400485702,3.22452239857471,0.63287193599083,5.99765210289914,0.805963112774357,0.0382900364166429,0.192616088660373
"A4","p3","RSA",9,0,0,30064,29395,0.977747472059606,33.3810690445694,32.6645179160494,0.195266481747546,3.22450600559312,0.632428757819616,5.99751658445314,0.806178768138568,0.0381289988940646,0.191940724656733
"A4","p3","RSA",10,0,0,30064,29411,0.978279670037254,33.3535879560504,32.6987269214381,0.196247163015993,3.22619404945174,0.631374882326139,5.99687191866989,0.808286712564353,0.0385129489918256,0.193128582848054
"A4","p3","RSA",11,0,0,30064,29397,0.977813996806812,33.3771497874038,32.6830430689242,0.197297615096003,3.22542023919507,0.63196347822953,5.99700649726163,0.805542814388319,0.0389263489225705,0.193851627841145
"A4","p3","RSA",12,0,0,30064,29408,0.978179882916445,33.3450853624729,32.5839605912998,0.197337554011308,3.22052740818468,0.63089316750707,5.99721164309032,0.800821959218329,0.0389421102231659,0.193872292823887
"A4","p3","RSA",13,0,0,30064,29399,0.977880521554018,33.3588868818575,32.6514384429423,0.198261016706175,3.22386036523141,0.633492897118411,5.99721078948264,0.809571102957261,0.0393074307453661,0.194880445160384
"A4","p3","RSA",14,0,6.24464924214863e-11,30064,29411,0.978279670037254,33.3827167494478,32.6086399362094,0.1986832602196,3.22174680363045,0.631914720049105,5.99700792220598,0.812367789770626,0.0394750378914893,0.195419478111943
"A4","p3","RSA",15,0,0,30064,29392,0.977647684938797,33.3710225561658,32.6166801861692,0.19908826128315,3.2221439691135,0.631898911889589,5.99700598802395,0.809830782448576,0.0396361357807479,0.195542801484379
"A4","p3","RSA",16,0,0,30064,29391,0.977614422565194,33.3688981132192,32.6487797720209,0.196913527589924,3.22372910978445,0.632220217186432,5.99772039059576,0.806289461251103,0.0387749373479077,0.193404476967122
"A4","p3","RSA",17,0,0,30064,29403,0.97801357104843,33.3578711715211,32.667437347226,0.197354964363126,3.22465009945445,0.631104099446067,5.99707512838826,0.788101097239691,0.0389489819587706,0.194219396429529
"A4","p3","RSA",18,0,0,30064,29394,0.977714209686003,33.3852967920174,32.6148616688396,0.199022572891865,3.22205414382001,0.632605847960885,5.99761856161121,0.797667243878229,0.0396099845204976,0.195291185972877
"A4","p3","RSA",19,0,0,30064,29406,0.978113358169239,33.3662123875966,32.585448675045,0.200165150460368,3.22060094686714,0.631623808547222,5.99717744677957,0.817778123723268,0.0400660874588218,0.196496743737189
"A4","p3","RSA",20,0,0,30064,29404,0.978046833422033,33.3622842920157,32.7038795089389,0.197738374258223,3.22644822738229,0.631249295608312,5.99687117398993,0.80052076822117,0.0391004646542849,0.194191161011786
"A5","r1","CSR",1,0,3.88578058618805e-15,1267,559,0.441199684293607,538.520310760528,498.455659738364,0.543432895871738,12.596164667032,0.781927004196584,5.73345259391771,1.80875347041889,0.295319312315544,0.532287705994153
"A5","r1","CSR",2,0,3.77475828372553e-15,1267,548,0.432517758484609,527.902194084227,456.969418489635,0.576959345592328,12.060590359666,0.772978848555693,5.74452554744526,1.84320580739001,0.332882086466327,0.562345616668831
"A5","r1","CSR",3,0,3.77475828372553e-15,1267,524,0.413575374901342,555.245223363086,513.001542970009,0.54641387380821,12.7786270183733,0.782581152092397,5.74618320610687,1.64291083444018,0.298568121490094,0.539747576894195
"A5","r1","CSR",4,0,3.88578058618805e-15,1267,542,0.427782162588792,556.314434568808,505.259824605918,0.565915813350757,12.6818333331455,0.777753658498599,5.76752767527675,1.74622640865965,0.320260707800449,0.552169523401955
"A5","r1","CSR",5,0,3.77475828372553e-15,1267,556,0.438831886345698,520.413996163409,458.65310339667,0.553035531908981,12.0827901205359,0.780698812495513,5.81474820143885,1.50255687342018,0.30584829955385,0.534854102094054
"A5","r1","CSR",6,0,3.77475828372553e-15,1267,525,0.414364640883978,552.862438831597,498.868791488046,0.521213798953816,12.6013835843214,0.788687529462494,5.77714285714286,1.78802617230098,0.271663824219869,0.514325822122638
"A5","r1","CSR",7,0,3.88578058618805e-15,1267,537,0.423835832675612,530.129458177777,475.422149769572,0.537739295533477,12.3016897368778,0.781121872632317,5.7877094972067,1.61902776619695,0.28916354996084,0.520304537940146
"A5","r1","CSR",8,0,3.77475828372553e-15,1267,556,0.438831886345698,517.777990928306,466.853136165338,0.545890205577072,12.190315695553,0.772051656570164,5.74820143884892,1.72026702961955,0.297996116544978,0.531691128433082
"A5","r1","CSR",9,0,3.5527136788005e-15,1267,553,0.43646408839779,522.948363305558,447.380701844577,0.595184235765448,11.9333859522338,0.770917222843276,5.73598553345389,1.72002515921063,0.3542442745037,0.572028182399461
"A5","r1","CSR",10,0,3.5527136788005e-15,1267,552,0.435674822415154,550.999849675093,502.59250879993,0.56161252746572,12.648326311793,0.78485218585101,5.80072463768116,1.71702306741366,0.315408631006434,0.548760160374207
"A5","r1","CSR",11,0,3.5527136788005e-15,1267,529,0.417521704814522,561.227017431294,503.800676031329,0.569058951073224,12.6635198837783,0.775161785399709,5.79206049149338,1.77864896603082,0.323828089796558,0.550089681474633
"A5","r1","CSR",12,0,3.5527136788005e-15,1267,549,0.433307024467245,546.273721321384,499.082988002384,0.534349124326912,12.604088586935,0.771082050378906,5.79234972677596,1.68672968768697,0.285528986668938,0.517932686266568
"A5","r1","CSR",13,0,3.77475828372553e-15,1267,510,0.402525651144436,580.93351663586,536.191629669835,0.555093125115112,13.0642650292805,0.786329798285453,5.7921568627451,1.87420162564043,0.308128377550061,0.548211462234313
"A5","r1","CSR",14,0,3.77475828372553e-15,1267,549,0.433307024467245,528.693311152039,467.274643263413,0.564379171319099,12.1958246344291,0.771623569060512,5.81420765027322,1.76103865023334,0.318523849018833,0.549242376634647
"A5","r1","CSR",15,0,3.5527136788005e-15,1267,536,0.423046566692976,548.069402698445,495.159668750022,0.533826957391666,12.5544498135137,0.794272149383863,5.7294776119403,1.74163411912401,0.284971220438044,0.52318901555072
"A5","r1","CSR",16,0,3.77475828372553e-15,1267,502,0.396211523283346,582.986816453018,499.965928943744,0.582277853730983,12.6152317584062,0.775493787228938,5.80677290836653,1.97256880660989,0.33904749894556,0.541570661323926
"A5","r1","CSR",17,0,3.5527136788005e-15,1267,547,0.431728492501973,543.319730322692,490.089903008791,0.568102606839563,12.4900144614229,0.789014291633492,5.75502742230347,1.7713803563895,0.322740571897908,0.555739134111134
"A5","r1","CSR",18,0,3.77475828372553e-15,1267,550,0.434096290449882,532.666113561906,494.612032452719,0.555627212328249,12.5475057006701,0.773108718781198,5.76727272727273,1.65430038085776,0.308721599079662,0.543394224853668
"A5","r1","CSR",19,0,3.5527136788005e-15,1267,534,0.421468034727703,557.224957093605,497.747200755268,0.545867804095612,12.5872092269474,0.76476048666463,5.80149812734082,1.69035422419911,0.297971659548165,0.536498133452827
"A5","r1","CSR",20,0,3.77475828372553e-15,1267,539,0.425414364640884,552.142178699702,493.26449406558,0.552133734768483,12.5304016282209,0.779625437300807,5.76252319109462,1.64238469973998,0.304851661069394,0.537843518760892
"A5","r1","RSA",1,0,3.77475828372553e-15,1267,512,0.404104183109708,582.353805957216,538.896977194341,0.447561231854319,13.097174954432,0.755766426384739,5.84375,1.3454011741683,0.200311056258956,0.436932115672408
"A5","r1","RSA",2,0,3.77475828372553e-15,1268,523,0.412460567823344,546.954865745111,499.180566337519,0.47997961177666,12.6053206724802,0.752351442475867,5.80688336520076,1.38983758598712,0.230380427721273,0.470037032338691
"A5","r1","RSA",3,0,3.33066907387547e-15,1267,513,0.404893449092344,562.761736827614,514.80684103779,0.472168383232548,12.80109788172,0.76563592401837,5.77582846003899,1.44378959551657,0.222942982124438,0.464958756852441
"A5","r1","RSA",4,0,3.77475828372553e-15,1268,504,0.397476340694006,580.834470158666,527.04958472273,0.452547910193967,12.9524147027633,0.762086558080866,5.78571428571429,1.46094859414939,0.204799611020927,0.446670983843538
"A5","r1","RSA",5,0,3.77475828372553e-15,1266,518,0.409162717219589,560.210082990284,516.485271757097,0.472289514931319,12.8219486375539,0.765410678437376,5.8050193050193,1.34875618918172,0.223057385914061,0.454664473829671
"A5","r1","RSA",6,0,3.5527136788005e-15,1267,524,0.413575374901342,553.122232635479,506.922266975068,0.457393322143063,12.7026901830862,0.772798353929399,5.82442748091603,1.33814020696802,0.209208651141068,0.442362806310728
"A5","r1","RSA",7,0,3.5527136788005e-15,1267,532,0.419889502762431,569.486705182752,532.846984042369,0.454685733139148,13.0234562142348,0.754907903735255,5.81390977443609,1.45118091839769,0.206739115920285,0.443554659033638
"A5","r1","RSA",8,0,3.88578058618805e-15,1266,514,0.406003159557662,565.665802560028,521.121670948316,0.473775822032432,12.8793703094573,0.769120056832726,5.7704280155642,1.56122905621165,0.224463529542507,0.468420768449882
"A5","r1","RSA",9,0,3.5527136788005e-15,1267,503,0.397000789265983,560.729656677092,512.112934043332,0.461098902305461,12.7675608378648,0.748968453510596,5.83101391650099,1.35983303367049,0.212612197707301,0.449263909360553
"A5","r1","RSA",10,0,3.5527136788005e-15,1267,506,0.399368587213891,572.075760246319,535.653053405543,0.450573522116263,13.0577007874627,0.756851025712536,5.76679841897233,1.42273705631433,0.203016498832254,0.438329153999285
"A5","r1","RSA",11,0,3.77475828372553e-15,1267,507,0.400157853196527,559.812952031274,530.861080153043,0.44607702120894,12.9991665118545,0.771225805865116,5.78895463510848,1.44351412244389,0.198984708850642,0.433283757381175
"A5","r1","RSA",12,0,3.77475828372553e-15,1267,509,0.4017363851618,569.320692902016,518.195325980853,0.459041461285406,12.8431575258555,0.764182302324139,5.79567779960707,1.57628049440775,0.210719063179041,0.449867600455637
"A5","r1","RSA",13,0,3.77475828372553e-15,1266,515,0.406793048973144,562.674175515071,534.868322002185,0.442409708604273,13.0481368286752,0.743559309787614,5.79029126213592,1.36060594612973,0.195726350267318,0.425688858559606
"A5","r1","RSA",14,0,3.77475828372553e-15,1268,545,0.42981072555205,538.849054385763,503.500120223616,0.482026195079701,12.6597419389932,0.772449334189935,5.79449541284404,1.4025431732326,0.232349252743014,0.459232977491197
"A5","r1","RSA",15,0,3.77475828372553e-15,1268,513,0.404574132492114,557.559026506352,504.088688695306,0.461375354333464,12.6671391057784,0.748180838274922,5.74853801169591,1.55578399122807,0.21286721758633,0.442909062668351
"A5","r1","RSA",16,0,3.77475828372553e-15,1267,531,0.419100236779795,559.198139427526,524.285631377209,0.455073012097944,12.9184093313177,0.75811931218861,5.80414312617702,1.45213374551398,0.207091446339896,0.451434748794858
"A5","r1","RSA",17,0,3.88578058618805e-15,1268,560,0.441640378548896,529.701822471131,484.361041201368,0.475072457481427,12.4167990761048,0.743976318946365,5.83214285714286,1.35281114234603,0.225693839857443,0.461314663335785
"A5","r1","RSA",18,0,3.77475828372553e-15,1267,519,0.409629044988161,553.230917648254,491.202590990079,0.491745310443765,12.5041849327029,0.772538673726105,5.82658959537572,1.49882830807686,0.241813450343435,0.469205568935108
"A5","r1","RSA",19,0,3.5527136788005e-15,1267,547,0.431728492501973,547.569615821623,495.677772090115,0.493841183908812,12.5610164882401,0.75875206811967,5.85740402193784,1.44849361485559,0.243879114924457,0.465973626682791
"A5","r1","RSA",20,0,3.5527136788005e-15,1266,518,0.409162717219589,562.51750431427,532.275598040755,0.447467767963971,13.0164732477858,0.761580197484521,5.78764478764479,1.31265169563042,0.200227403366658,0.431506039825886
"A5","r2","CSR",1,0,7.7715611723761e-16,777,473,0.608751608751609,1033.3558680088,907.135464242018,0.568175037925528,16.9926509519897,0.771736090723693,5.88583509513742,1.71151503207081,0.322822873721675,0.553129456769256
"A5","r2","CSR",2,0,6.66133814775094e-16,777,474,0.61003861003861,1042.62589940792,939.502364054021,0.540558212162065,17.2931271196205,0.776733880104614,5.88185654008439,1.85070605971401,0.292203180735848,0.533085437329458
"A5","r2","CSR",3,0,7.7715611723761e-16,777,476,0.612612612612613,1040.43425461411,919.670214382289,0.548125149449917,17.1095681631678,0.7823679386913,5.90756302521008,1.75564794338788,0.300441179459494,0.52372791704217
"A5","r2","CSR",4,0,7.7715611723761e-16,777,480,0.617760617760618,1022.97117167274,915.280594734495,0.526794882717695,17.0687685919796,0.759743232764723,5.89166666666667,1.50389700765484,0.27751284845755,0.520866903619695
"A5","r2","CSR",5,0,7.7715611723761e-16,777,464,0.597168597168597,1063.62564789834,958.2551192098,0.522237383837073,17.4648809177996,0.773486156337519,5.9051724137931,1.63245698964772,0.272731885076991,0.512968122887482
"A5","r2","CSR",6,0,6.66133814775094e-16,777,485,0.624195624195624,1001.31274725759,910.332935257336,0.543282144074507,17.0225724557459,0.777379490262046,5.88659793814433,1.81562579875607,0.295155488070193,0.533676036156342
"A5","r2","CSR",7,0,7.7715611723761e-16,777,471,0.606177606177606,1036.69819652485,956.725003078632,0.507990742386487,17.450931976234,0.782009348671591,5.85350318471338,1.56359940371324,0.258054594350375,0.49550848574446
"A5","r2","CSR",8,0,6.66133814775094e-16,777,470,0.604890604890605,1036.62631388232,928.654551754812,0.553278922234959,17.1930186824671,0.766907660842983,5.88723404255319,1.78469809009663,0.306117565789478,0.542931277940868
"A5","r2","CSR",9,0,7.7715611723761e-16,777,474,0.61003861003861,1015.26288001176,904.447417941509,0.564374105662683,16.9674195614061,0.764128122848195,5.86708860759494,1.67997163272406,0.318518131142554,0.553296398282015
"A5","r2","CSR",10,0,7.7715611723761e-16,777,472,0.607464607464608,1039.91820149704,929.443031420007,0.540894922850525,17.200309561561,0.76737481219217,5.8728813559322,1.52945410054338,0.292567317565475,0.533103203586706
"A5","r2","CSR",11,0,7.7715611723761e-16,777,467,0.601029601029601,1044.32710675237,968.550505001025,0.560373446943127,17.5584509854978,0.781903368678576,5.83511777301927,1.77318469640018,0.314018400038922,0.525753559522751
"A5","r2","CSR",12,0,7.7715611723761e-16,777,481,0.619047619047619,1032.71626793845,947.815024547785,0.500363848912271,17.3694816441681,0.752704269418356,5.92723492723493,1.83427754677755,0.250363981298302,0.483087367408926
"A5","r2","CSR",13,0,1.11022302462516e-15,777,477,0.613899613899614,1052.24956578377,976.574234078125,0.529531110024814,17.6310304094636,0.773416947651898,5.89517819706499,1.64024981061607,0.280403196484112,0.511833921057206
"A5","r2","CSR",14,0,6.66133814775094e-16,777,464,0.597168597168597,1033.04309305773,948.227302207899,0.537001084366578,17.3732531074109,0.776218355571844,5.89439655172414,1.58061648171595,0.288370164610881,0.517138129875215
"A5","r2","CSR",15,0,7.7715611723761e-16,777,467,0.601029601029601,1030.58759925482,916.017952445724,0.559770796279229,17.0756425994838,0.768459555034611,5.89507494646681,1.75076968321218,0.313343344367082,0.551626213811347
"A5","r2","CSR",16,0,7.7715611723761e-16,777,491,0.631917631917632,997.34488950596,907.293396416191,0.552184701317172,16.9941300968465,0.775152066304977,5.88391038696538,1.62935284093271,0.304907944368735,0.538333140924256
"A5","r2","CSR",17,0,6.66133814775094e-16,777,452,0.581724581724582,1056.06386502334,966.068878483521,0.515035430489438,17.5359408100526,0.754633918095583,5.8716814159292,1.54890803131684,0.26526149465944,0.505295962359513
"A5","r2","CSR",18,0,6.66133814775094e-16,777,478,0.615186615186615,1012.73596910825,923.217913195414,0.527752625869625,17.1426183138672,0.768917133618308,5.89330543933054,1.78523810776909,0.278522834112285,0.505127398895264
"A5","r2","CSR",19,0,7.7715611723761e-16,777,466,0.5997425997426,1036.25717794042,907.450242065233,0.555648898976888,16.9955951369294,0.773431351552916,5.91201716738197,1.74923162121002,0.308745698934228,0.537883342807649
"A5","r2","CSR",20,0,7.7715611723761e-16,777,483,0.621621621621622,1012.81060930632,916.494815443677,0.5558351629478,17.0800866623068,0.76424172234235,5.88405797101449,1.66702748210957,0.308952728369207,0.551220853436481
"A5","r2","RSA",1,0,9.99200722162641e-16,777,475,0.611325611325611,1073.15997077875,951.773252539048,0.523084866858739,17.4057127314132,0.769494515364256,5.87789473684211,1.65594492560515,0.273617777936625,0.501770000077757
"A5","r2","RSA",2,0,9.99200722162641e-16,777,449,0.577863577863578,1108.89735062276,1040.17840247642,0.48938869624778,18.1961278546593,0.770579863719777,5.88418708240535,1.57584314349348,0.239501296015102,0.470423564043876
"A5","r2","RSA",3,0,7.7715611723761e-16,778,472,0.606683804627249,1059.4480965234,974.795138591407,0.454640800028097,17.6149546278125,0.763397901954293,5.90466101694915,1.53866188060024,0.206698257050188,0.449900940621095
"A5","r2","RSA",4,0,7.7715611723761e-16,776,466,0.600515463917526,1057.52207275299,960.168157084544,0.504827192971382,17.4822995910659,0.781977181631488,5.90557939914163,1.70719460981125,0.254850494763365,0.486833105728027
"A5","r2","RSA",5,0,9.99200722162641e-16,778,470,0.604113110539846,1052.03866453509,960.971547234494,0.495758744057133,17.4896167471351,0.768614355531624,5.90851063829787,1.53745406705076,0.245776732309106,0.478397289058132
"A5","r2","RSA",6,0,7.7715611723761e-16,776,475,0.612113402061856,1050.82119952013,975.622897239931,0.486718072200544,17.6224406192429,0.751400299237655,5.88631578947368,1.6537153009105,0.236894481806614,0.478730882425604
"A5","r2","RSA",7,0,7.7715611723761e-16,777,487,0.626769626769627,1010.83498395462,945.189423661321,0.466496306464687,17.3454068233569,0.753958490340518,5.8993839835729,1.51454694484583,0.217618803945195,0.461513419158614
"A5","r2","RSA",8,0,6.66133814775094e-16,777,481,0.619047619047619,1019.97356500698,924.556801876648,0.492804974272815,17.1550450414974,0.770089859827829,5.9022869022869,1.66334892584893,0.24285674266803,0.475381394006722
"A5","r2","RSA",9,0,7.7715611723761e-16,776,482,0.621134020618557,1013.84845738672,908.142209732056,0.514573173304482,17.0020765900033,0.754616376242839,5.9356846473029,1.59460753444156,0.264785550684644,0.497490721326238
"A5","r2","RSA",10,0,7.7715611723761e-16,777,478,0.615186615186615,1031.91261822987,935.566396733149,0.502932208358543,17.2568836285835,0.764963340101177,5.89330543933054,1.55463014131207,0.252940806204401,0.492739843602897
"A5","r2","RSA",11,0,6.66133814775094e-16,777,469,0.603603603603604,1082.63253221963,1030.6138556609,0.479787278438835,18.112277026781,0.748066415969244,5.89339019189765,1.43732801195488,0.230195832551744,0.461069957817309
"A5","r2","RSA",12,0,7.7715611723761e-16,777,471,0.606177606177606,1044.59237791549,961.642166137528,0.481840752058459,17.4957197180559,0.74891885928703,5.91507430997877,1.57149568595564,0.232170510344261,0.473711734511449
"A5","r2","RSA",13,0,6.66133814775094e-16,778,465,0.597686375321337,1057.18711921715,991.07400969086,0.478616645723094,17.7614373073918,0.753879313588743,5.88172043010753,1.39330737856878,0.229073893563226,0.470026627522784
"A5","r2","RSA",14,0,7.7715611723761e-16,777,456,0.586872586872587,1078.33964475483,992.934294374791,0.476112685020825,17.7780115728156,0.773801929566124,5.95614035087719,1.54972045498361,0.226683288837739,0.472889212639073
"A5","r2","RSA",15,0,7.7715611723761e-16,777,463,0.595881595881596,1066.88785333765,993.186019088507,0.453194362239774,17.7803523220265,0.776347198120605,5.91360691144708,1.65918674557983,0.205385129965915,0.442920658260704
"A5","r2","RSA",16,0,7.7715611723761e-16,777,469,0.603603603603604,1061.23997594204,976.982964588779,0.492893574353554,17.6347196252664,0.758563172593668,5.90618336886994,1.45271809450914,0.242944075639022,0.481006120811964
"A5","r2","RSA",17,0,6.66133814775094e-16,777,445,0.572715572715573,1092.2208605344,1015.07846421438,0.496764886929702,17.9752471585705,0.746385103549978,5.91011235955056,1.6630731855451,0.24677535288628,0.485054384607338
"A5","r2","RSA",18,0,9.99200722162641e-16,776,460,0.592783505154639,1048.50835582386,985.625863339248,0.4927544274126,17.7124989891429,0.756887403214012,5.95,1.66416122004357,0.242806925734719,0.484410786348453
"A5","r2","RSA",19,0,7.7715611723761e-16,777,464,0.597168597168597,1081.73026366827,993.622166468928,0.476738997558589,17.7842487231042,0.772646149771691,5.89870689655172,1.70246052729575,0.227280071793168,0.466877116764989
"A5","r2","RSA",20,0,7.7715611723761e-16,778,473,0.607969151670951,1023.11684442712,937.748094496492,0.509333773802662,17.2769930609538,0.765968658719958,5.8985200845666,1.59561221198982,0.259420893136061,0.499318822150883
"A5","r3","CSR",1,0,2.44249065417534e-15,645,388,0.601550387596899,1152.03734674535,1039.98650009965,0.5166709956455,18.1944186007142,0.787830220381275,5.90979381443299,1.86005887210634,0.266948917741312,0.504988979005613
"A5","r3","CSR",2,0,2.44249065417534e-15,645,389,0.603100775193798,1156.971552302,1067.43871741963,0.505897420592017,18.4330219077072,0.749229015476514,5.90745501285347,1.56873293933692,0.255932200161656,0.485713676138406
"A5","r3","CSR",3,0,2.44249065417534e-15,645,382,0.592248062015504,1163.45296660149,1034.57255131551,0.554611095741201,18.14702915884,0.787628401728938,5.89005235602094,1.7884047216611,0.307593467519256,0.541749285428605
"A5","r3","CSR",4,0,2.44249065417534e-15,645,378,0.586046511627907,1207.29851478226,1113.74542394235,0.516769011967368,18.8285072081848,0.775607053132951,5.90476190476191,1.68851837817355,0.26705021172973,0.507370883336348
"A5","r3","CSR",5,0,2.44249065417534e-15,645,358,0.555038759689922,1242.54593867357,1081.58874331318,0.561174695482966,18.5547881148716,0.763976986227377,5.94972067039106,1.89662457161636,0.3149170388504,0.540027053971341
"A5","r3","CSR",6,0,2.44249065417534e-15,645,384,0.595348837209302,1167.44372100375,1038.26665189709,0.597084015977393,18.1793944793379,0.768810351758331,5.87760416666667,1.90926213011314,0.356509322135691,0.575513266862998
"A5","r3","CSR",7,0,2.44249065417534e-15,645,366,0.567441860465116,1191.52705151677,1069.74475273799,0.513815811638774,18.4527974819603,0.772387150131929,5.87158469945355,1.84373830376525,0.264006688290012,0.502698765261984
"A5","r3","CSR",8,0,2.44249065417534e-15,645,369,0.572093023255814,1226.55301607972,1115.45689244856,0.497780733208769,18.8430612289571,0.756851818215127,5.89972899728997,1.75350536114057,0.24778565835386,0.484360475654225
"A5","r3","CSR",9,0,2.66453525910038e-15,645,392,0.607751937984496,1127.32592194662,1046.24022288973,0.516184703624073,18.2490713140523,0.77608560400677,5.89030612244898,1.57105668354298,0.266446648255472,0.500509841022484
"A5","r3","CSR",10,0,2.44249065417534e-15,645,386,0.598449612403101,1149.70582265627,1047.47962445886,0.537203449945552,18.2598260958469,0.77087402517508,5.90673575129534,1.85621425206917,0.288587546633403,0.519352251937063
"A5","r3","CSR",11,0,2.66453525910038e-15,645,388,0.601550387596899,1140.03876794083,1061.79529836476,0.535751606026287,18.3842207234469,0.76715449839315,5.87371134020619,1.5989970430752,0.287029783359746,0.526324929233877
"A5","r3","CSR",12,0,2.44249065417534e-15,645,380,0.589147286821705,1182.85342512821,1063.09699666405,0.575213224895927,18.3954538444301,0.766553943356665,5.90789473684211,1.62473961949729,0.330870254095173,0.563276862544462
"A5","r3","CSR",13,0,2.66453525910038e-15,645,380,0.589147286821705,1155.57764376726,1084.23174048988,0.502457177952255,18.5774453049345,0.79179389263872,5.89736842105263,1.75461047076795,0.252463215675744,0.498019409655851
"A5","r3","CSR",14,0,2.66453525910038e-15,645,369,0.572093023255814,1201.09469717323,1041.24560667416,0.542144340866758,18.2054599104177,0.781982810662158,5.92140921409214,1.83891540002357,0.293920486333851,0.534063389598719
"A5","r3","CSR",15,0,2.44249065417534e-15,645,384,0.595348837209302,1165.93614402106,1028.31504402883,0.553493826611896,18.0920657027715,0.785211692522255,5.88541666666667,1.57952567449956,0.306355416097479,0.540852463814084
"A5","r3","CSR",16,0,2.44249065417534e-15,645,394,0.610852713178295,1136.31855873585,1021.86922776587,0.562919865737403,18.0352259153886,0.775454885053127,5.88324873096447,1.71152529675411,0.316878775241816,0.549352427299641
"A5","r3","CSR",17,0,2.44249065417534e-15,645,384,0.595348837209302,1163.23331883575,1066.03344566393,0.514692924726877,18.4208752445076,0.771910371450213,5.87239583333333,1.79829607267189,0.264908806763907,0.506497291271787
"A5","r3","CSR",18,0,2.44249065417534e-15,645,374,0.57984496124031,1208.07038522126,1063.26033630142,0.577683650178617,18.3968896614549,0.765640201609985,5.92513368983957,1.39384381585927,0.33371839968369,0.552498121625288
"A5","r3","CSR",19,0,2.44249065417534e-15,645,396,0.613953488372093,1145.6463358285,1012.69284496827,0.552656703450049,17.9540731419635,0.777666493902479,5.86363636363636,1.5054085155351,0.305429431868275,0.523330867965349
"A5","r3","CSR",20,0,2.44249065417534e-15,645,366,0.567441860465116,1174.93189178435,1077.66968288185,0.508544221340474,18.5211319443324,0.776790643597422,5.90983606557377,1.60006737031215,0.258617225058789,0.503374032065566
"A5","r3","RSA",1,0,2.44249065417534e-15,645,387,0.6,1148.58533666097,1067.3394476339,0.525443203862968,18.4321647696579,0.780330040234944,5.90956072351421,1.74050421068134,0.27609056048578,0.521061425883593
"A5","r3","RSA",2,0,2.44249065417534e-15,645,375,0.581395348837209,1179.2299663513,1098.5298489094,0.492304864146016,18.6995430739858,0.753954692016374,5.896,1.63888770053476,0.242364079261828,0.483418874532378
"A5","r3","RSA",3,0,2.44249065417534e-15,642,372,0.579439252336449,1244.99733689078,1111.97282613649,0.497873561122752,18.8135812843506,0.749200066429614,5.94086021505376,1.55983537663392,0.247878082865051,0.489990500430277
"A5","r3","RSA",4,0,2.44249065417534e-15,646,358,0.554179566563467,1235.80605117832,1138.14113767217,0.538790448927374,19.0336884658171,0.769922945067361,5.89385474860335,1.83744112170008,0.290295147855361,0.522956498621507
"A5","r3","RSA",5,0,2.44249065417534e-15,645,368,0.570542635658915,1180.9532164714,1129.03545942837,0.482795236817396,18.9574034021472,0.756695846945433,5.91032608695652,1.55869417130672,0.233091240693566,0.470980990491678
"A5","r3","RSA",6,0,2.44249065417534e-15,647,371,0.573415765069552,1199.26606478974,1072.71067318567,0.515664950663673,18.4784851189124,0.770689749947878,5.89757412398922,1.82731842354484,0.265910341342968,0.503080517871875
"A5","r3","RSA",7,0,2.44249065417534e-15,645,362,0.561240310077519,1203.73655017754,1092.04184010223,0.482081096842203,18.6442399286052,0.758295406551179,5.94198895027624,1.47307968962826,0.232402183932582,0.468881139646005
"A5","r3","RSA",8,0,2.66453525910038e-15,645,374,0.57984496124031,1180.79597834634,1050.20938364521,0.529815107508699,18.2836401959424,0.765974456690122,5.88502673796791,1.58191997247351,0.280704048144455,0.505580336775688
"A5","r3","RSA",9,0,2.44249065417534e-15,645,385,0.596899224806202,1164.94745255697,1101.37877395554,0.472542004298375,18.723775051603,0.767776537734441,5.94545454545455,1.68191287878788,0.223295945826326,0.466353373460385
"A5","r3","RSA",10,0,2.44249065417534e-15,647,395,0.610510046367852,1123.93080756618,1019.97078718194,0.461502263376862,18.0185122909377,0.757630701992354,5.90379746835443,1.50848808070423,0.212984339101966,0.453447451205106
"A5","r3","RSA",11,0,2.44249065417534e-15,642,386,0.601246105919003,1143.99019332343,1045.30081842801,0.487139210009745,18.2408755144528,0.76819889594107,5.88082901554404,1.60654060964942,0.237304609928918,0.478133906723637
"A5","r3","RSA",12,0,2.44249065417534e-15,645,385,0.596899224806202,1191.879070977,1055.24702926517,0.543178046774147,18.327453772447,0.770476910434698,5.8987012987013,1.61210768398268,0.295042390497378,0.509941059727203
"A5","r3","RSA",13,0,2.44249065417534e-15,646,366,0.56656346749226,1231.74208251815,1168.84444934255,0.468494941272499,19.2887190323598,0.751046877232271,5.90983606557377,1.43568380866831,0.219487509997922,0.460278771536058
"A5","r3","RSA",14,0,2.44249065417534e-15,646,374,0.578947368421053,1187.55208436009,1087.4915802388,0.492981098169739,18.6053508562709,0.763322120214929,5.9144385026738,1.64949606457255,0.243030363152642,0.47666810765848
"A5","r3","RSA",15,0,2.44249065417534e-15,646,388,0.60061919504644,1144.94974591457,1090.75532701963,0.445404098127284,18.6332546231359,0.764047264997219,5.89175257731959,1.64716694637577,0.198384810628579,0.439498072747925
"A5","r3","RSA",16,0,2.44249065417534e-15,643,378,0.587869362363919,1171.21036657329,1114.064731447,0.469026939344533,18.8312983765816,0.759628432701352,5.87830687830688,1.43342736446185,0.2199862698309,0.464953796030078
"A5","r3","RSA",17,0,2.44249065417534e-15,645,367,0.568992248062016,1198.21583845704,1073.33225579127,0.45970157429873,18.4838380261868,0.771257887608273,5.8991825613079,1.44062774526883,0.211325537412731,0.451838317125301
"A5","r3","RSA",18,0,2.44249065417534e-15,645,391,0.606201550387597,1143.62269781465,1070.53072575415,0.477818678268456,18.4596997123749,0.74817803201988,5.92583120204604,1.40730539707522,0.228310689302215,0.465046840786818
"A5","r3","RSA",19,0,2.44249065417534e-15,646,394,0.609907120743034,1169.10945955762,1082.46103523592,0.488796933511615,18.562273858723,0.750849594734669,5.92639593908629,1.44240580720993,0.238922442210358,0.474286608225456
"A5","r3","RSA",20,0,2.66453525910038e-15,645,369,0.572093023255814,1184.39001996329,1106.96067372475,0.486788171911563,18.7711620861165,0.763623445640866,5.93224932249322,1.5361582420172,0.236962724313001,0.472847612277546
"A5","r4","CSR",1,0,1.22124532708767e-15,524,293,0.559160305343511,1336.0858047015,1191.05011642567,0.605283202669922,19.4710818137731,0.778187787481873,5.82935153583618,1.6625601944925,0.366367755434358,0.602429028620733
"A5","r4","CSR",2,0,1.22124532708767e-15,524,292,0.557251908396947,1366.22516826971,1240.41584746067,0.524264038813785,19.870473829418,0.771232590250003,5.87328767123288,1.84299533964129,0.274852782393342,0.518813652874911
"A5","r4","CSR",3,0,1.22124532708767e-15,524,299,0.570610687022901,1340.7098777566,1227.53527000665,0.538944192960014,19.7670587615458,0.778990968269249,5.8695652173913,1.68427195798074,0.29046084312532,0.535374448812019
"A5","r4","CSR",4,0,1.22124532708767e-15,524,280,0.534351145038168,1432.90235365702,1333.49210068764,0.535216161019576,20.6024983743043,0.780789850807168,5.9,1.53118279569892,0.286456339016533,0.529378759098236
"A5","r4","CSR",5,0,1.22124532708767e-15,524,282,0.538167938931298,1451.49297425837,1295.34778566709,0.518758042490145,20.3057129305837,0.783996500095028,5.90780141843972,1.85623785366346,0.269109906648207,0.503537364064726
"A5","r4","CSR",6,0,1.22124532708767e-15,524,310,0.591603053435115,1278.94923168221,1137.75787592824,0.526908778534904,19.0304884668299,0.784415150668585,5.86451612903226,1.85213487837979,0.277632860897145,0.508576879539618
"A5","r4","CSR",7,0,1.4432899320127e-15,524,314,0.599236641221374,1297.12007463895,1193.6195685481,0.505896524727794,19.4920719381481,0.782524766870201,5.85987261146497,1.64803321055738,0.255931293731659,0.501825282371124
"A5","r4","CSR",8,0,1.22124532708767e-15,524,294,0.561068702290076,1379.18095865119,1222.31811462676,0.568005095590023,19.7249874095208,0.765946837063897,5.90136054421769,1.88443500267001,0.322629788616231,0.55556892108925
"A5","r4","CSR",9,0,1.11022302462516e-15,524,280,0.534351145038168,1409.34126400524,1296.12404974746,0.506909319838794,20.3117962958105,0.775871224095735,5.9,1.79641577060932,0.256957058539429,0.488047908329971
"A5","r4","CSR",10,0,1.22124532708767e-15,524,304,0.580152671755725,1369.43776427372,1255.53040176387,0.525387093797096,19.9911736450937,0.784886268132874,5.93421052631579,1.9098488796248,0.276031598328559,0.511426525387222
"A5","r4","CSR",11,0,1.22124532708767e-15,524,306,0.583969465648855,1359.76098834279,1302.23719923318,0.479739092835938,20.3596405464016,0.781859136187707,5.85947712418301,1.75395906996678,0.230149597195048,0.475441386477088
"A5","r4","CSR",12,0,1.22124532708767e-15,524,315,0.601145038167939,1310.84337467904,1162.57726027195,0.589937076126776,19.236939345879,0.78835815407329,5.92698412698413,1.76853705388737,0.348025753789009,0.58202557695632
"A5","r4","CSR",13,0,1.22124532708767e-15,524,312,0.595419847328244,1282.11462152493,1190.19191343027,0.499289054624443,19.4640517397649,0.778783734768322,5.84935897435897,1.87755585786132,0.24928956006777,0.495136564100042
"A5","r4","CSR",14,0,1.22124532708767e-15,524,315,0.601145038167939,1300.63688876287,1181.12065002212,0.521283115928926,19.389749345411,0.762604879120687,5.8984126984127,1.70302295015671,0.271736086952571,0.514723286927427
"A5","r4","CSR",15,0,1.22124532708767e-15,524,295,0.562977099236641,1348.49636108933,1273.00831975298,0.546721788802381,20.1298567648056,0.773963547252432,5.86101694915254,1.79354317998386,0.298904714351275,0.540972451430439
"A5","r4","CSR",16,0,1.11022302462516e-15,524,295,0.562977099236641,1396.55192531802,1230.06565876658,0.59569158070711,19.7874217582933,0.78394021245554,5.89152542372881,1.94057419578001,0.354848459325335,0.569920533114963
"A5","r4","CSR",17,0,1.11022302462516e-15,524,287,0.547709923664122,1395.21332176591,1304.72207555297,0.497403151450243,20.3790562924475,0.784572385501419,5.9198606271777,1.47956921127653,0.247409895072633,0.47945210485657
"A5","r4","CSR",18,0,1.4432899320127e-15,524,290,0.553435114503817,1418.29250270598,1310.66373485912,0.502837700835874,20.4253970079451,0.767047998992074,5.93793103448276,1.6570337668536,0.252845753381908,0.49597685254318
"A5","r4","CSR",19,0,1.22124532708767e-15,524,306,0.583969465648855,1322.38889764757,1150.83336004236,0.58440580560592,19.1395120540418,0.780158945647967,5.8562091503268,1.55958427086682,0.341530145625904,0.576112623482402
"A5","r4","CSR",20,0,1.11022302462516e-15,524,299,0.570610687022901,1340.88465734697,1218.76702143039,0.58007391736566,19.6963344781729,0.779117094541207,5.86622073578595,1.75385513232026,0.336485749607943,0.565520336665047
"A5","r4","RSA",1,0,1.22124532708767e-15,525,295,0.561904761904762,1398.73990384473,1285.56658534875,0.538357300703344,20.2289039115827,0.7751476869177,5.88474576271186,1.6669433875245,0.289828583220591,0.527539618445417
"A5","r4","RSA",2,0,1.22124532708767e-15,524,293,0.559160305343511,1361.0601863536,1245.55702038686,0.504887000413066,19.9116326150008,0.776100536289394,5.88054607508532,1.83842161858899,0.254910883186103,0.498139383326653
"A5","r4","RSA",3,0,1.11022302462516e-15,525,310,0.59047619047619,1341.9956505759,1242.3674522223,0.436494068211155,19.8861218458289,0.76613595565731,5.90645161290323,1.61257960121098,0.190527071583525,0.424317097611462
"A5","r4","RSA",4,0,8.88178419700125e-16,524,293,0.559160305343511,1386.15746414434,1264.57082638126,0.46230922820115,20.0630355583785,0.753351689645427,5.87713310580205,1.58759175277012,0.213729822479943,0.445860797706271
"A5","r4","RSA",5,0,1.22124532708767e-15,524,308,0.587786259541985,1365.31718130083,1254.34132269434,0.477135869986562,19.9816665852838,0.764522678914462,5.87337662337662,1.45948432674817,0.227658638427833,0.466575215654434
"A5","r4","RSA",6,0,1.22124532708767e-15,525,296,0.563809523809524,1386.05290916734,1275.27322144863,0.491587952769835,20.147753855417,0.751472245475254,5.82094594594595,1.68647503435639,0.241658715308438,0.484282548706549
"A5","r4","RSA",7,0,1.22124532708767e-15,524,301,0.574427480916031,1356.26198775047,1209.50689595944,0.509407269837261,19.6213659665009,0.744576312166708,5.86046511627907,1.3737984496124,0.259495766563052,0.496462854839468
"A5","r4","RSA",8,0,1.22124532708767e-15,525,306,0.582857142857143,1319.11499052225,1177.37987832054,0.551655206941029,19.3589694746223,0.780711357311189,5.91503267973856,1.52718311368263,0.30432346734515,0.522336510942119
"A5","r4","RSA",9,0,1.11022302462516e-15,524,293,0.559160305343511,1395.48683838977,1308.45959239847,0.466935831327444,20.4082244189064,0.785147416858885,5.89761092150171,1.64016550563374,0.218029070577452,0.461114603895881
"A5","r4","RSA",10,0,1.22124532708767e-15,524,311,0.593511450381679,1321.60581288916,1261.34043021593,0.528520839039477,20.037393263123,0.775254952100951,5.90996784565916,1.57896483767244,0.279334277298993,0.517082818012579
"A5","r4","RSA",11,0,1.4432899320127e-15,523,292,0.558317399617591,1362.88441168894,1225.31335764437,0.478429904945722,19.7489754514118,0.761946287869429,5.90068493150685,1.74611636774467,0.228895173946373,0.463110171912231
"A5","r4","RSA",12,0,1.22124532708767e-15,524,302,0.576335877862595,1306.33327702766,1147.4346914834,0.496897644285747,19.1112481475317,0.756802510000336,5.84437086092715,1.6733735231348,0.246907268896725,0.486663506536268
"A5","r4","RSA",13,0,1.22124532708767e-15,523,288,0.550669216061185,1389.55648710863,1267.23707819647,0.494471372128888,20.0839782039397,0.736136201721634,5.95833333333333,1.68466898954704,0.244501937855025,0.487562587400693
"A5","r4","RSA",14,0,1.22124532708767e-15,523,290,0.554493307839388,1414.54295054576,1308.42225640725,0.469144087047593,20.4079203897961,0.769620061204275,5.91724137931034,1.52253907648252,0.220096174411719,0.455271297164098
"A5","r4","RSA",15,0,1.22124532708767e-15,525,296,0.563809523809524,1386.38329913215,1274.46745925425,0.50241619793166,20.1413896509788,0.76721888632348,5.88851351351351,1.52990151168117,0.252422035944105,0.499134078587833
"A5","r4","RSA",16,0,1.22124532708767e-15,523,284,0.54302103250478,1403.94538621931,1298.67964173054,0.548864755692983,20.3318098179744,0.786431367248176,5.87676056338028,1.53599512267954,0.301252520041918,0.525149580770647
"A5","r4","RSA",17,0,1.55431223447522e-15,524,290,0.553435114503817,1398.50550431363,1234.40834893682,0.549257665962991,19.822208700667,0.75941407740822,5.91034482758621,1.41061925784513,0.301683983619113,0.538654841823378
"A5","r4","RSA",18,0,1.11022302462516e-15,524,298,0.568702290076336,1367.89263572555,1311.47780020097,0.477123367089666,20.4317451806616,0.741092474877298,5.9261744966443,1.73190518156961,0.22764670742298,0.449120625324391
"A5","r4","RSA",19,0,1.11022302462516e-15,522,294,0.563218390804598,1367.37954128866,1214.38829009188,0.469725781459209,19.660917185583,0.760883431630688,5.86394557823129,1.55139188781315,0.220642309767465,0.458908231925536
"A5","r4","RSA",20,0,1.22124532708767e-15,523,300,0.573613766730402,1314.32276821558,1228.55992979529,0.476490536002354,19.7752829918158,0.765851389692816,5.85333333333333,1.70416945373467,0.227043230899811,0.471281978403509
"A5","r5","CSR",1,0,2.22044604925031e-15,929,601,0.646932185145318,884.75387010206,780.539228606072,0.585105444143829,15.7624031486186,0.788013996249799,5.8801996672213,1.99895729339989,0.342348380766747,0.57446726133078
"A5","r5","CSR",2,0,1.77635683940025e-15,929,586,0.630785791173305,893.106720049039,800.391460352816,0.538819931725122,15.961593833468,0.769947026709964,5.89590443686007,1.72418832589481,0.290326918824265,0.517439593120635
"A5","r5","CSR",3,0,1.77635683940025e-15,929,584,0.628632938643703,924.480128593129,844.60977055309,0.502159381295446,16.3965737054813,0.77885337986409,5.89554794520548,1.74378803543316,0.252164044223025,0.483659573276499
"A5","r5","CSR",4,0,1.77635683940025e-15,929,601,0.646932185145318,905.043116136886,798.009596645084,0.539424865158787,15.9378274517473,0.774132353322604,5.93178036605657,1.5436716583472,0.290979185151575,0.533660836636115
"A5","r5","CSR",5,0,1.77635683940025e-15,929,592,0.63724434876211,910.639010344084,835.283179968318,0.502511017845984,16.3057695155678,0.755330697043124,5.87668918918919,1.45854198106736,0.252517323056607,0.490451063560239
"A5","r5","CSR",6,0,1.77635683940025e-15,929,600,0.645855758880517,904.454525327077,799.630518318637,0.524389494613373,15.9540056719339,0.76420809795303,5.885,1.64785475792988,0.274984342060868,0.5168296872994
"A5","r5","CSR",7,0,1.99840144432528e-15,929,603,0.649085037674919,903.646586739398,806.354036537222,0.538092093059518,16.0209382245237,0.785104236861219,5.86235489220564,1.69032467782902,0.289543100613174,0.528802779469832
"A5","r5","CSR",8,0,1.99840144432528e-15,929,608,0.654467168998924,900.533890735435,793.112437905668,0.562394552475155,15.8888380690969,0.779903884318095,5.90789473684211,1.98161796583716,0.31628763265373,0.544440580126215
"A5","r5","CSR",9,0,1.77635683940025e-15,929,604,0.65016146393972,910.978962465825,815.879470168076,0.551444927633482,16.1152875492423,0.781526862722583,5.90066225165563,1.81764466848978,0.304091508212697,0.531981307112224
"A5","r5","CSR",10,0,1.77635683940025e-15,929,609,0.655543595263724,886.762661575906,815.930025122256,0.522700645704899,16.1157870869096,0.78037589448188,5.8752052545156,1.58637434102498,0.273215965020318,0.517187644821948
"A5","r5","CSR",11,0,1.77635683940025e-15,929,625,0.672766415500538,866.680133808774,790.381636604826,0.563711589071219,15.8614718355341,0.786426968732775,5.8704,1.83093333333333,0.317770755653199,0.550973212374863
"A5","r5","CSR",12,0,1.77635683940025e-15,929,605,0.651237890204521,890.209372096708,786.290809743227,0.56456664528695,15.8203709866971,0.771553198214839,5.85454545454545,1.72715231788079,0.31873549697056,0.550141811435644
"A5","r5","CSR",13,0,1.77635683940025e-15,929,607,0.653390742734123,902.509941369138,831.710453305001,0.523413699576782,16.2708838029587,0.778520905944406,5.92257001647446,1.65241054583218,0.273961900904653,0.516107354089291
"A5","r5","CSR",14,0,1.99840144432528e-15,929,596,0.641550053821313,902.983777667271,814.409981009201,0.532444680098211,16.1007661980771,0.759714721186177,5.86744966442953,1.61097230838644,0.283497337364886,0.502852287882015
"A5","r5","CSR",15,0,1.77635683940025e-15,929,600,0.645855758880517,896.050021366976,808.017706339533,0.54882173998543,16.0374564838846,0.778892370246277,5.84833333333333,1.68480523094046,0.301205302280635,0.538267605026269
"A5","r5","CSR",16,0,1.77635683940025e-15,929,598,0.643702906350915,893.557156899282,797.028157122622,0.612237817937151,15.9280236948682,0.774254998713662,5.87290969899666,1.79286622633793,0.374835145712444,0.599442899002974
"A5","r5","CSR",17,0,1.77635683940025e-15,929,621,0.668460710441335,886.260602201525,817.374019297506,0.551946107115628,16.1300412600891,0.773640116577142,5.88888888888889,1.6247311827957,0.304644505160097,0.532018918329483
"A5","r5","CSR",18,0,1.77635683940025e-15,929,620,0.667384284176534,849.889734680886,771.801381738362,0.526273114204037,15.6739275778184,0.774723230247545,5.86612903225806,1.92873781854187,0.276963390734016,0.521710352158736
"A5","r5","CSR",19,0,1.99840144432528e-15,929,611,0.657696447793326,873.387164347352,805.750528814939,0.514579941744008,16.0149417457452,0.77979561604336,5.90016366612111,1.69001636661211,0.264792516445267,0.509405118812513
"A5","r5","CSR",20,0,1.77635683940025e-15,929,626,0.673842841765339,853.276395474006,758.366951532742,0.568246827071506,15.5369136001826,0.769834199886017,5.85623003194888,1.80329712460064,0.322904456476834,0.560889396353202
"A5","r5","RSA",1,0,1.99840144432528e-15,929,605,0.651237890204521,891.202879442666,821.53642796472,0.474923571915966,16.171059547268,0.766192791204026,5.87107438016529,1.53633079743856,0.22555239916142,0.463928001531314
"A5","r5","RSA",2,0,1.77635683940025e-15,929,607,0.653390742734123,896.342671822138,806.210798197727,0.486216723146299,16.0195152053507,0.764536027673258,5.9159802306425,1.36421615802437,0.236406701867125,0.462096420652101
"A5","r5","RSA",3,0,1.77635683940025e-15,929,599,0.644779332615716,892.697165485476,822.91400986943,0.50184328284314,16.1846119762132,0.761511293328982,5.89649415692821,1.58458635071831,0.25184668053478,0.494886691011785
"A5","r5","RSA",4,0,1.77635683940025e-15,929,603,0.649085037674919,884.840761031854,805.834137949387,0.491374138095545,16.0157726236883,0.768911758345243,5.91210613598673,1.5121953907098,0.24144854358914,0.480411503723594
"A5","r5","RSA",5,0,1.77635683940025e-15,929,602,0.648008611410118,903.721468025567,828.557342879817,0.513513111915146,16.2399983124942,0.759520029410553,5.90199335548173,1.55277472208556,0.263695716108777,0.505715784626492
"A5","r5","RSA",6,0,1.77635683940025e-15,929,584,0.628632938643703,924.470468715357,856.624548946724,0.485360557137888,16.512784464454,0.761155065142738,5.90239726027397,1.57707829131324,0.235574870425201,0.475975976234444
"A5","r5","RSA",7,0,1.99840144432528e-15,929,589,0.634015069967707,912.660410531558,845.446081106791,0.491803655027065,16.4046897517641,0.758279764983167,5.90831918505942,1.70926740815172,0.241870835097981,0.481927389805847
"A5","r5","RSA",8,0,1.77635683940025e-15,929,611,0.657696447793326,870.265358874368,802.664864304317,0.490458203156047,15.9842472953979,0.759449794778731,5.90671031096563,1.43882375036892,0.240549249043058,0.484880899913184
"A5","r5","RSA",9,0,1.99840144432528e-15,929,604,0.65016146393972,890.772156668482,813.906150139307,0.514396714529337,16.0957861035732,0.75759450298597,5.90894039735099,1.37975409926087,0.264603979918576,0.501442556147687
"A5","r5","RSA",10,0,1.77635683940025e-15,929,609,0.655543595263724,894.373049099945,815.928700294008,0.500234128321992,16.1157740032762,0.772947174618926,5.91133004926108,1.54804576095411,0.250234183138063,0.482123167333267
"A5","r5","RSA",11,0,1.77635683940025e-15,929,613,0.659849300322928,882.187753832706,810.665296171674,0.487576666278075,16.0637099748954,0.75675965541908,5.90538336052202,1.61521607011483,0.237731005498842,0.479704566874187
"A5","r5","RSA",12,0,1.99840144432528e-15,929,584,0.628632938643703,930.651142968428,840.720019177919,0.504840389781139,16.3587730296212,0.759749520681868,5.91609589041096,1.45606980897108,0.254863819154373,0.494682379775821
"A5","r5","RSA",13,0,1.77635683940025e-15,929,600,0.645855758880517,917.303087669843,831.843357428234,0.518288738661042,16.2721681021949,0.748463642147462,5.88333333333333,1.54563160823595,0.268623216622854,0.50333510431802
"A5","r5","RSA",14,0,1.99840144432528e-15,929,575,0.618945102260495,929.855968365101,838.350297222927,0.511437725501413,16.3357028526837,0.7617747764445,5.88,1.60752613240418,0.261568547066059,0.500168792577093
"A5","r5","RSA",15,0,1.77635683940025e-15,929,609,0.655543595263724,896.348683974781,819.205672510443,0.489696563772559,16.1481040490181,0.762965455664722,5.88998357963875,1.72307384841414,0.239802724570652,0.478430970606221
"A5","r5","RSA",16,0,1.77635683940025e-15,929,597,0.642626480086114,905.027854961567,820.598918215181,0.503921692066007,16.1618299786756,0.765931264901703,5.892797319933,1.57909232965723,0.253937071734668,0.498266290958611
"A5","r5","RSA",17,0,1.77635683940025e-15,929,610,0.656620021528525,880.927914902448,822.03194874133,0.456859744367921,16.1759332135488,0.765053436240688,5.90327868852459,1.53250154782094,0.208720826023922,0.44766873807473
"A5","r5","RSA",18,0,1.77635683940025e-15,929,607,0.653390742734123,892.558625565713,822.989423754984,0.514904966321215,16.185353558261,0.769260166016397,5.91103789126853,1.50692416852888,0.265127124342251,0.489961593740353
"A5","r5","RSA",19,0,1.99840144432528e-15,929,603,0.649085037674919,907.460643540839,819.402825646522,0.506743163205297,16.1500470640249,0.752354509099092,5.88888888888889,1.47434477667036,0.25678863345531,0.487228474588654
"A5","r5","RSA",20,0,1.99840144432528e-15,929,609,0.655543595263724,907.826816062835,840.042252041157,0.484232180385497,16.3521788651175,0.755799323531446,5.90147783251231,1.44422478610319,0.234480804520892,0.471300901792632
"A6","r1","CSR",1,0,7.7715611723761e-16,674,369,0.547477744807122,1252.83983175788,1081.09564245087,0.580124599880623,18.5505641666859,0.779012868785907,5.82113821138211,2.0440084835631,0.336544551386653,0.568585827569442
"A6","r1","CSR",2,0,7.7715611723761e-16,674,375,0.556379821958457,1240.38350525189,1132.89922267592,0.510723625053295,18.9898136543694,0.769926170427516,5.79733333333333,1.56844206773619,0.260838621187579,0.496343363734067
"A6","r1","CSR",3,0,8.88178419700125e-16,674,360,0.534124629080119,1318.2738082267,1171.70886413138,0.515747206536583,19.312337658574,0.767771523674522,5.84444444444444,1.58576292169607,0.265995181050289,0.507894705331821
"A6","r1","CSR",4,0,7.7715611723761e-16,674,376,0.55786350148368,1256.82356535598,1137.50148307991,0.53556879296375,19.0283464191984,0.77543087003685,5.8031914893617,1.58782978723404,0.286833931996649,0.522061892586578
"A6","r1","CSR",5,0,6.66133814775094e-16,674,364,0.540059347181009,1288.14674012964,1154.70161551099,0.578443361517791,19.1716695885771,0.782424572257729,5.78571428571429,1.5792994883904,0.334596722484001,0.552455949715004
"A6","r1","CSR",6,0,7.7715611723761e-16,674,379,0.562314540059347,1261.01021449598,1177.58276388193,0.516799643569179,19.3606878892061,0.798159795387799,5.82321899736148,1.84961818207201,0.267081871593231,0.50752830974034
"A6","r1","CSR",7,0,7.7715611723761e-16,674,367,0.544510385756677,1274.87271891984,1111.83809336166,0.569616458874616,18.8124707827747,0.784747295660908,5.82016348773842,1.71073986390911,0.324462910220858,0.532727534935651
"A6","r1","CSR",8,0,6.66133814775094e-16,674,376,0.55786350148368,1273.70620034974,1152.66718661182,0.533720119442989,19.1547626679031,0.782655544647243,5.86968085106383,1.88963829787234,0.284857165898238,0.522578624538173
"A6","r1","CSR",9,0,7.7715611723761e-16,674,373,0.553412462908012,1270.32359998481,1147.4840072411,0.484858341630911,19.1116588432986,0.785627279563261,5.85790884718499,1.62222894865808,0.235087611449078,0.479443979559711
"A6","r1","CSR",10,0,6.66133814775094e-16,674,370,0.548961424332344,1278.05132182474,1170.367575164,0.531247222492496,19.3011704158628,0.766547235964138,5.85945945945946,1.89347396176664,0.282223611405992,0.527365079185578
"A6","r1","CSR",11,0,5.55111512312578e-16,674,378,0.560830860534125,1302.08938510436,1239.44599950664,0.496704910476223,19.8626794737376,0.76804578740576,5.80687830687831,1.68409049443532,0.246715768091193,0.482399877600727
"A6","r1","CSR",12,0,7.7715611723761e-16,674,381,0.565281899109792,1306.93223370458,1170.9426857836,0.509633785404091,19.3060258219946,0.765609233430507,5.85826771653543,1.55354330708661,0.259726595225304,0.504471789714851
"A6","r1","CSR",13,0,6.66133814775094e-16,674,364,0.540059347181009,1277.68423386108,1135.67998552505,0.55074780204437,19.0131032010379,0.765482884072116,5.8021978021978,1.75140011503648,0.303323141456705,0.538333291251014
"A6","r1","CSR",14,0,7.7715611723761e-16,674,363,0.538575667655786,1252.9994372642,1121.12085172211,0.577941797995773,18.8908403918391,0.767436866180162,5.8732782369146,1.60820662679025,0.334016721870587,0.551071402721349
"A6","r1","CSR",15,0,6.66133814775094e-16,674,393,0.583086053412463,1238.45123805892,1097.37439484507,0.547225049580624,18.6897062235911,0.788943953810944,5.78625954198473,1.83174949369061,0.299455254888517,0.537534299363468
"A6","r1","CSR",16,0,8.88178419700125e-16,674,362,0.537091988130564,1343.34722692062,1172.48612574432,0.590653326542569,19.3187412942132,0.78872940031924,5.80662983425414,1.80183958004928,0.348871352155803,0.573489994504926
"A6","r1","CSR",17,0,7.7715611723761e-16,674,391,0.580118694362018,1228.7774457126,1118.73545167072,0.515744410418309,18.8707327438836,0.795584812009665,5.80306905370844,1.66624696701423,0.265992296877729,0.505400354984171
"A6","r1","CSR",18,0,6.66133814775094e-16,674,354,0.525222551928783,1318.34189692799,1142.28983777243,0.560395442993797,19.0683056377664,0.782744509867234,5.85310734463277,1.86504697428018,0.314043052528214,0.543408805722007
"A6","r1","CSR",19,0,7.7715611723761e-16,674,360,0.534124629080119,1364.68733983374,1251.60235134215,0.50689250327833,19.9598902148016,0.794683513649984,5.81944444444444,1.85867378520582,0.256940009879772,0.500882474028847
"A6","r1","CSR",20,0,6.66133814775094e-16,674,389,0.577151335311573,1216.22737181391,1081.83984851066,0.548039501501142,18.5569479992945,0.789214059394193,5.7892030848329,1.57400683751623,0.30034729520562,0.544731718907172
"A6","r1","RSA",1,0,7.7715611723761e-16,674,367,0.544510385756677,1292.75137588759,1185.18076176417,0.523402694050473,19.4230469644794,0.766390051518289,5.81198910081744,1.6394187102634,0.273950380139293,0.517224318673128
"A6","r1","RSA",2,0,6.66133814775094e-16,674,363,0.538575667655786,1306.71534138425,1204.67631737893,0.519528394278269,19.5821444554266,0.785698777387896,5.78512396694215,1.73823113099858,0.269909752461357,0.513850991064299
"A6","r1","RSA",3,0,7.7715611723761e-16,674,373,0.553412462908012,1316.58961322979,1205.83929533182,0.506404865100804,19.5915943417838,0.766726640115546,5.86595174262735,1.56800426648217,0.256445887397763,0.499675004645966
"A6","r1","RSA",4,0,6.66133814775094e-16,674,383,0.568249258160237,1258.78547682923,1137.95337463931,0.59965384235106,19.0321257132223,0.779613455960244,5.78328981723238,1.76704988175468,0.35958473064639,0.574353617907036
"A6","r1","RSA",5,0,7.7715611723761e-16,674,371,0.550445103857567,1261.7645460924,1194.28824752242,0.491045390831122,19.4975320525317,0.781734269353354,5.84366576819407,1.62414220150069,0.241125575856489,0.473364865559031
"A6","r1","RSA",6,0,5.55111512312578e-16,674,366,0.543026706231454,1268.38058955521,1111.23900460266,0.545674457144981,18.8073523219061,0.773220387122069,5.8551912568306,1.78993188112883,0.29776061318047,0.532385823941283
"A6","r1","RSA",7,0,7.7715611723761e-16,674,379,0.562314540059347,1313.8733998261,1148.36010609045,0.546511722736183,19.1189532837877,0.798183575553013,5.82585751978892,1.84261004313775,0.298675063088071,0.528971423810878
"A6","r1","RSA",8,0,5.55111512312578e-16,674,373,0.553412462908012,1277.38198032312,1140.72857372734,0.571965113834746,19.0553190072942,0.764126525385215,5.79088471849866,1.70346507538413,0.327144091443994,0.549362291062561
"A6","r1","RSA",9,0,7.7715611723761e-16,674,367,0.544510385756677,1279.02080061597,1184.05985192165,0.509829166176625,19.4138599124434,0.774576502068595,5.76294277929155,1.48190169890264,0.259925778684353,0.496791750199578
"A6","r1","RSA",10,0,7.7715611723761e-16,674,366,0.543026706231454,1363.54005201099,1256.27030189422,0.501533980270114,19.9970786095157,0.762667255347361,5.81967213114754,1.52903660453627,0.251536333365583,0.490789043048256
"A6","r1","RSA",11,0,6.66133814775094e-16,674,359,0.532640949554896,1283.03257156488,1178.86076421256,0.518405851003868,19.3711908689951,0.769321546934892,5.84679665738162,1.6273011624469,0.268744626355045,0.500935925677319
"A6","r1","RSA",12,0,7.7715611723761e-16,674,376,0.55786350148368,1274.59849923365,1193.2158168834,0.515426230881671,19.4887753147775,0.7835107122938,5.8218085106383,1.75216312056738,0.265664199480886,0.512203353676893
"A6","r1","RSA",13,0,7.7715611723761e-16,674,369,0.547477744807122,1309.63871063988,1185.24351270926,0.547067273335131,19.4235611469823,0.767449459317544,5.84010840108401,1.61838694473901,0.299282601554335,0.528049778515686
"A6","r1","RSA",14,0,7.7715611723761e-16,674,359,0.532640949554896,1340.47876316964,1233.67365970043,0.54577607594944,19.8164205195384,0.76747825799456,5.89972144846797,1.53740215682918,0.297871525078769,0.529269611611262
"A6","r1","RSA",15,0,7.7715611723761e-16,674,375,0.556379821958457,1285.26004446354,1173.92594905201,0.530103823395408,19.3306035919975,0.757785528713232,5.80533333333333,1.5422174688057,0.28101006357843,0.524677226500542
"A6","r1","RSA",16,0,6.66133814775094e-16,674,379,0.562314540059347,1308.8588125052,1179.30639304991,0.526746662789042,19.3748518380795,0.773145418669677,5.81002638522427,1.76275634850833,0.277462046759393,0.522515420718398
"A6","r1","RSA",17,0,8.88178419700125e-16,674,383,0.568249258160237,1277.84806756591,1137.08356809462,0.568909646342502,19.0248506207449,0.77326553268468,5.78328981723238,1.80369909641436,0.32365818570155,0.56217979427837
"A6","r1","RSA",18,0,8.88178419700125e-16,674,385,0.571216617210683,1232.44872723404,1082.46132687645,0.535483238924793,18.5622773860429,0.772898447301719,5.8,1.80104166666667,0.286742299169387,0.528570948374327
"A6","r1","RSA",19,0,7.7715611723761e-16,674,367,0.544510385756677,1284.68882157314,1162.32685789199,0.554333396567697,19.2348675546249,0.771059027773976,5.86376021798365,1.58794538497044,0.307285514550279,0.538882285360893
"A6","r1","RSA",20,0,7.7715611723761e-16,674,369,0.547477744807122,1251.05914262543,1095.97680552159,0.578004351141749,18.6778010543439,0.775140847726021,5.84010840108401,1.93360433604336,0.334089029938794,0.561736544866335
"A6","r2","CSR",1,0,9.99200722162641e-16,884,410,0.463800904977376,967.051925223053,849.671720831836,0.549771797003378,16.4456223012704,0.763070926814369,5.7390243902439,1.61632178424474,0.302249028780323,0.53436097514214
"A6","r2","CSR",2,0,1.33226762955019e-15,884,409,0.462669683257919,980.13059305558,864.982872550449,0.580200061280043,16.5931491800822,0.791359141752322,5.77506112469438,1.91496476341148,0.336632111109366,0.566286879781076
"A6","r2","CSR",3,0,1.33226762955019e-15,884,422,0.47737556561086,943.863123628477,879.642709041492,0.524985353672563,16.733169603224,0.77615580388377,5.75592417061611,1.70038049779919,0.275609621570706,0.497616305452565
"A6","r2","CSR",4,0,1.11022302462516e-15,884,404,0.457013574660633,945.359620734562,818.81433135369,0.5724704424633,16.1441756720609,0.771781270989801,5.70544554455446,1.58796034690318,0.327722407494127,0.557983300602601
"A6","r2","CSR",5,0,1.33226762955019e-15,884,418,0.472850678733032,958.494204727146,875.788555911067,0.532580533743636,16.6964705750376,0.777220494257913,5.79665071770335,1.76910146523929,0.283642024922656,0.529811943483045
"A6","r2","CSR",6,0,1.11022302462516e-15,884,413,0.467194570135747,938.431194958112,848.798897545438,0.549664173152626,16.4371859048505,0.782646784032222,5.76271186440678,1.56006253085404,0.30213070324756,0.535871547685113
"A6","r2","CSR",7,0,1.11022302462516e-15,884,413,0.467194570135747,925.831115088778,796.304117552223,0.566597071892026,15.9207874499263,0.758048413909788,5.83777239709443,1.62653094807118,0.321032241876618,0.547430423688422
"A6","r2","CSR",8,0,1.11022302462516e-15,884,414,0.468325791855204,906.165532299093,777.850478309007,0.643637561579796,15.7352309217678,0.797040473420003,5.69323671497585,1.73375560000468,0.414269310676385,0.600508388683069
"A6","r2","CSR",9,0,1.33226762955019e-15,884,416,0.470588235294118,914.39179148441,823.52490694801,0.527284552879424,16.1906171182637,0.788055890627499,5.78365384615385,1.80368396663577,0.278028999705254,0.522263023443421
"A6","r2","CSR",10,0,1.4432899320127e-15,884,401,0.453619909502262,958.080502881865,879.242613465211,0.522989063913498,16.7293638916741,0.779959449720668,5.76807980049875,1.80357855361596,0.273517560973117,0.512336043687864
"A6","r2","CSR",11,0,1.55431223447522e-15,884,433,0.489819004524887,931.580355533724,872.713151572199,0.543228781490907,16.6671300453331,0.782172086228037,5.729792147806,1.81802241040116,0.295097509040095,0.527916663840198
"A6","r2","CSR",12,0,1.33226762955019e-15,884,410,0.463800904977376,971.024682196608,879.552974327774,0.544512107013887,16.7323141527037,0.780598127383124,5.78780487804878,1.71280935058739,0.296493434684703,0.521241889799293
"A6","r2","CSR",13,0,1.4432899320127e-15,884,421,0.476244343891403,944.739681573651,895.654632245365,0.507903799484389,16.8847778797948,0.78319937606823,5.78147268408551,1.56165592127587,0.257966269530679,0.49834483473264
"A6","r2","CSR",14,0,1.55431223447522e-15,884,427,0.483031674208145,906.288194191034,802.751439694028,0.535694331306677,15.9851093021875,0.776867620534116,5.75175644028103,1.54855911424833,0.286968416594107,0.508594651380461
"A6","r2","CSR",15,0,1.4432899320127e-15,884,402,0.454751131221719,935.005372950173,857.199664358823,0.530372141532304,16.5183208247114,0.775636607242073,5.78358208955224,1.61140060297019,0.281294608513562,0.509518371852654
"A6","r2","CSR",16,0,1.33226762955019e-15,884,424,0.479638009049774,919.313155616019,815.0100861736,0.530374454085611,16.1066994413207,0.783975982956995,5.74292452830189,1.62879142691467,0.28129706154661,0.517086418306645
"A6","r2","CSR",17,0,1.33226762955019e-15,884,413,0.467194570135747,908.671576556399,838.920227456782,0.540076205126533,16.3412546066405,0.783198090031161,5.76755447941889,1.50409036413644,0.291682307343877,0.510309839407858
"A6","r2","CSR",18,0,1.4432899320127e-15,884,424,0.479638009049774,924.61304773694,844.141419767632,0.565292746096456,16.3920148763308,0.781145567499499,5.74764150943396,1.76831593737455,0.319555888789272,0.558187562037079
"A6","r2","CSR",19,0,1.55431223447522e-15,884,414,0.468325791855204,956.682228316454,892.892243576536,0.553447531344122,16.8587145294122,0.780243551258718,5.7487922705314,1.80599127393527,0.306304169950903,0.545092378661177
"A6","r2","CSR",20,0,1.55431223447522e-15,884,434,0.490950226244344,870.687208585516,783.241048798499,0.563410732532132,15.789638634903,0.776039690660472,5.72119815668203,1.86435329551622,0.317431653532393,0.551610178616805
"A6","r2","RSA",1,0,1.11022302462516e-15,884,439,0.496606334841629,929.123367787003,840.783610064994,0.569461416176155,16.3593928745838,0.792908775097475,5.76993166287016,1.77114862545636,0.324286304513352,0.554344384520037
"A6","r2","RSA",2,0,1.33226762955019e-15,884,418,0.472850678733032,958.910936812654,851.967540454153,0.530412188534132,16.4678374150794,0.78922680953066,5.75358851674641,1.58182162404048,0.281337089745567,0.516583387499309
"A6","r2","RSA",3,0,1.33226762955019e-15,884,417,0.471719457013575,937.25640537293,838.20345020732,0.543653131209171,16.3342720938018,0.782767307415387,5.76978417266187,1.56706557830659,0.295558727073536,0.535876316343103
"A6","r2","RSA",4,0,1.33226762955019e-15,884,412,0.46606334841629,921.500771075009,828.289500201268,0.526410152655795,16.2373831292861,0.76734783333692,5.74514563106796,1.52369900550398,0.277107648819098,0.512681463460476
"A6","r2","RSA",5,0,1.4432899320127e-15,884,421,0.476244343891403,917.805189023583,827.836278428246,0.555467423326413,16.2329440202727,0.774639827408934,5.7624703087886,1.57677864494967,0.308544058376884,0.550173035144206
"A6","r2","RSA",6,0,1.11022302462516e-15,884,415,0.469457013574661,927.276888165314,867.588229131363,0.518151917380747,16.6181199438806,0.768863557736509,5.77590361445783,1.50763052208835,0.268481409485344,0.501815327409532
"A6","r2","RSA",7,0,1.33226762955019e-15,884,416,0.470588235294118,951.71555997142,863.989909476072,0.5338380090681,16.5836073492711,0.755709938300833,5.73557692307692,1.88653846153846,0.284983019925793,0.518685521191275
"A6","r2","RSA",8,0,1.11022302462516e-15,884,417,0.471719457013575,920.701997517682,843.853355691622,0.519474816562368,16.3892301712439,0.77642590686671,5.73621103117506,1.7715942630511,0.269854085042506,0.506848876762641
"A6","r2","RSA",9,0,1.4432899320127e-15,884,414,0.468325791855204,936.269250307987,829.463636792494,0.540696399411795,16.248890971994,0.782562600284374,5.77053140096618,1.63971061281304,0.292352596336879,0.538321349418336
"A6","r2","RSA",10,0,9.99200722162641e-16,884,401,0.453619909502262,1000.72027175524,893.412233664032,0.528214659037724,16.8636279137321,0.762447590471094,5.77805486284289,1.49811720698254,0.279010726022339,0.520558420190554
"A6","r2","RSA",11,0,1.33226762955019e-15,884,414,0.468325791855204,963.73791600384,897.256649194353,0.565253741589973,16.8998701636308,0.783465919447717,5.77053140096618,1.57191400264355,0.319511792381464,0.552130661845912
"A6","r2","RSA",12,0,1.33226762955019e-15,884,428,0.484162895927602,907.296584888028,809.999409310444,0.571686444557626,16.0571088085842,0.787199446650552,5.71495327102804,1.42675479874806,0.32682539089094,0.543932076614305
"A6","r2","RSA",13,0,1.11022302462516e-15,884,447,0.505656108597285,884.90080276424,804.283138806575,0.512909271635262,16.0003523202792,0.79176881577418,5.77181208053691,1.58010052066091,0.263075920929415,0.508438771247096
"A6","r2","RSA",14,0,1.4432899320127e-15,884,413,0.467194570135747,955.148845824069,875.085889498597,0.504052127780672,16.6897720142409,0.784638512164677,5.76029055690073,1.71667176003197,0.254068547520223,0.491353675532087
"A6","r2","RSA",15,0,1.4432899320127e-15,884,424,0.479638009049774,899.54376986089,784.472340768289,0.579012354671277,15.8020659690787,0.78593823182685,5.73820754716981,1.6499788126143,0.335255306861977,0.558947045142901
"A6","r2","RSA",16,0,1.33226762955019e-15,884,416,0.470588235294118,972.703933832459,826.472313712706,0.555646898428923,16.2195433757482,0.786544358555505,5.76442307692308,1.83352641334569,0.308743475733681,0.547491133210649
"A6","r2","RSA",17,0,1.11022302462516e-15,884,413,0.467194570135747,944.86284005374,872.757694931963,0.530354617256217,16.6675553858333,0.777987873842949,5.72639225181598,1.89825806906603,0.281276020044988,0.530423639081433
"A6","r2","RSA",18,0,1.55431223447522e-15,884,418,0.472850678733032,916.923375108295,842.929027234318,0.540258794218896,16.3802516003483,0.762139608651301,5.79665071770335,1.49092400720572,0.291879564730855,0.53450001147793
"A6","r2","RSA",19,0,1.33226762955019e-15,884,395,0.44683257918552,959.078515127023,891.376463997107,0.504788205908869,16.8444038422804,0.750529527654325,5.76962025316456,1.44171432243141,0.254811132824695,0.501475258369369
"A6","r2","RSA",20,0,1.11022302462516e-15,884,408,0.461538461538462,935.677049321343,843.556539894616,0.561283018178939,16.3863468384933,0.779289426374279,5.77941176470588,1.6612949848244,0.315038626496059,0.545294727427555
"A6","r3","CSR",1,0,6.66133814775094e-16,1080,833,0.771296296296296,855.98604154951,775.739054861307,0.520604574958555,15.7138604506093,0.783627533784165,5.91596638655462,1.71408371040724,0.271029123467778,0.506187238742055
"A6","r3","CSR",2,0,6.66133814775094e-16,1080,826,0.764814814814815,882.194345865942,803.918842466448,0.523127046069276,15.9967275646605,0.763654790384884,5.92857142857143,1.92580086580087,0.273661906329167,0.514294187426453
"A6","r3","CSR",3,0,6.66133814775094e-16,1080,839,0.776851851851852,878.452663996493,793.922966164281,0.565788988463598,15.8969660312416,0.761336836815544,5.89749702026222,1.69831115005078,0.320117179466662,0.547890394648176
"A6","r3","CSR",4,0,6.66133814775094e-16,1080,831,0.769444444444444,872.023917590503,794.705335499757,0.514467404661401,15.9047969145343,0.783321957872067,5.91095066185319,1.78965102286402,0.264676710459038,0.505313747983668
"A6","r3","CSR",5,0,6.66133814775094e-16,1080,839,0.776851851851852,867.650152662226,792.073512773394,0.539411961400011,15.8784391455865,0.773692026111943,5.9165673420739,1.74959393072216,0.290965264101407,0.529145122308193
"A6","r3","CSR",6,0,6.66133814775094e-16,1080,823,0.762037037037037,880.29791205547,775.554735818157,0.546961921574169,15.7119934982031,0.776857907802106,5.91616038882139,1.65111321998622,0.299167343652108,0.528489109373122
"A6","r3","CSR",7,0,6.66133814775094e-16,1080,836,0.774074074074074,850.214035469087,786.549060636238,0.530373361657388,15.822968120231,0.77546705688223,5.90430622009569,1.77765808096725,0.281295902755759,0.513731326567304
"A6","r3","CSR",8,0,6.66133814775094e-16,1080,842,0.77962962962963,849.277083950355,777.115056259936,0.523776775071081,15.7277906271116,0.763222463364906,5.89429928741093,1.53578196977357,0.274342110103862,0.512873324617599
"A6","r3","CSR",9,0,6.66133814775094e-16,1080,839,0.776851851851852,852.634319904528,772.265175938702,0.533894571077382,15.6786364284893,0.761189480454345,5.90226460071514,1.68733376761174,0.285043413025901,0.524898947071054
"A6","r3","CSR",10,0,6.66133814775094e-16,1080,829,0.767592592592593,872.350678714132,792.557422631929,0.540816486997256,15.8832887964706,0.762939989287894,5.91073582629674,1.70458267046613,0.292482472608053,0.515924473376871
"A6","r3","CSR",11,0,6.66133814775094e-16,1080,822,0.761111111111111,844.187807141188,763.104791547343,0.520321188155064,15.5853711725419,0.768536217272894,5.87347931873479,1.82319348251939,0.270734138843097,0.509826914987117
"A6","r3","CSR",12,0,6.66133814775094e-16,1080,822,0.761111111111111,878.092494282699,770.568736921219,0.552215243539117,15.6614062226736,0.766053715627585,5.9051094890511,1.73276314268695,0.304941675196967,0.538173284304913
"A6","r3","CSR",13,0,6.66133814775094e-16,1080,825,0.763888888888889,869.011301856908,782.696726521774,0.545903970552803,15.7841726401979,0.772571173052304,5.91636363636364,1.70294792586055,0.298011145065315,0.525864852790243
"A6","r3","CSR",14,0,6.66133814775094e-16,1080,824,0.762962962962963,868.091575678986,789.535941996093,0.535572178711809,15.852983602794,0.783649252885838,5.91626213592233,1.68799767603723,0.286837558610113,0.523930579642056
"A6","r3","CSR",15,0,4.44089209850063e-16,1080,825,0.763888888888889,873.27298861923,803.47796862224,0.530671469929161,15.9923413152461,0.773754681656451,5.88484848484848,1.88842306560753,0.281612208996776,0.520975610418568
"A6","r3","CSR",16,0,6.66133814775094e-16,1080,823,0.762037037037037,885.163471427229,797.500986948877,0.566477560859918,15.9327476722365,0.763579243249721,5.91251518833536,1.71739792403911,0.320896826957802,0.558442896679353
"A6","r3","CSR",17,0,4.44089209850063e-16,1080,842,0.77962962962963,858.41071051616,783.743353922502,0.54083269258792,15.794721551132,0.770364814727594,5.90498812351544,1.78406545764713,0.292500001371899,0.533951672164886
"A6","r3","CSR",18,0,6.66133814775094e-16,1080,829,0.767592592592593,876.761167986654,801.143190827746,0.541984150647646,15.9690888246418,0.766399940743813,5.91314837153197,1.77505638013321,0.29374681955325,0.535228817654834
"A6","r3","CSR",19,0,6.66133814775094e-16,1080,822,0.761111111111111,863.341444853814,770.596004731722,0.53242706000703,15.6616697351052,0.777031195992991,5.88929440389294,1.61135906303807,0.28347857422773,0.520749119039331
"A6","r3","CSR",20,0,4.44089209850063e-16,1080,829,0.767592592592593,868.605542311933,787.662769746852,0.533426227424648,15.8341670633264,0.771961837100175,5.88902291917973,1.74612331952239,0.284543540104492,0.513870858896109
"A6","r3","RSA",1,0,6.66133814775094e-16,1080,809,0.749074074074074,883.367894319897,797.272554714563,0.539327104796991,15.9304656601322,0.772233322727809,5.92336217552534,1.7317431372309,0.290873725968704,0.527450521756853
"A6","r3","RSA",2,0,4.44089209850063e-16,1080,822,0.761111111111111,878.548429373454,800.863621699012,0.500320318613144,15.9663009283811,0.776926724464409,5.92579075425791,1.7058139293663,0.250320421217157,0.488055982718293
"A6","r3","RSA",3,0,6.66133814775094e-16,1080,820,0.759259259259259,865.796923623385,800.201411290703,0.536205718523682,15.9596968873769,0.774149446469181,5.91463414634146,1.82664760713541,0.287516572577499,0.52281545315268
"A6","r3","RSA",4,0,4.44089209850063e-16,1080,833,0.771296296296296,878.086770359525,806.578503158668,0.511101744486975,16.0231679620083,0.76949953376427,5.89435774309724,1.69315322282759,0.261224993217629,0.493853952299015
"A6","r3","RSA",5,0,6.66133814775094e-16,1080,845,0.782407407407407,858.186042570411,775.5793427668,0.549750417234932,15.7122427527899,0.776613452611683,5.90769230769231,1.65260663507109,0.302225521249982,0.521810471354046
"A6","r3","RSA",6,0,6.66133814775094e-16,1080,834,0.772222222222222,835.55140792056,756.783974080233,0.525557199618032,15.5206898723815,0.773122163116343,5.9052757793765,1.65608257691566,0.276210370070348,0.51043808346379
"A6","r3","RSA",7,0,4.44089209850063e-16,1080,830,0.768518518518518,881.089271957269,822.673583558732,0.522080009892551,16.1822428982592,0.771899240768077,5.93614457831325,1.73174386326973,0.272567536729406,0.507289540727527
"A6","r3","RSA",8,0,6.66133814775094e-16,1080,827,0.765740740740741,871.579941989382,800.486327123112,0.512235654232993,15.9625408904171,0.757439133810815,5.93349455864571,1.57547481928028,0.262385365467502,0.50607078466397
"A6","r3","RSA",9,0,4.44089209850063e-16,1080,822,0.761111111111111,870.542279104056,802.241210935797,0.523911768489932,15.9800247755816,0.762831131276263,5.9294403892944,1.73435754272725,0.274483541162249,0.509002715158689
"A6","r3","RSA",10,0,6.66133814775094e-16,1080,820,0.759259259259259,871.225795423801,808.505147440293,0.5252146080741,16.0422934456779,0.77001129493688,5.91219512195122,1.55516245272343,0.275850384534431,0.508546021895319
"A6","r3","RSA",11,0,4.44089209850063e-16,1080,833,0.771296296296296,863.238731291993,788.895126732629,0.523477378346018,15.8465490880889,0.777831166698372,5.87995198079232,1.71874422846061,0.274028565640021,0.516255673552266
"A6","r3","RSA",12,0,6.66133814775094e-16,1080,819,0.758333333333333,884.643197701192,800.490232160905,0.54430319605489,15.9625798256539,0.770185577839759,5.92551892551893,1.82696412525263,0.296265969235568,0.529537161345709
"A6","r3","RSA",13,0,6.66133814775094e-16,1080,823,0.762037037037037,859.892319553633,787.697220537885,0.506942099635644,15.8345133369075,0.768069426381332,5.90279465370595,1.69613573272077,0.256990292382995,0.495272660443277
"A6","r3","RSA",14,0,4.44089209850063e-16,1080,816,0.755555555555556,880.870841463772,799.577319735805,0.522374383160781,15.9534664060574,0.774683198552644,5.92401960784314,1.6752014916396,0.272874996182606,0.497946312491716
"A6","r3","RSA",15,0,6.66133814775094e-16,1080,832,0.77037037037037,860.145033411991,778.940956834269,0.51217139644931,15.7462567752994,0.783961890712184,5.89783653846154,1.57438761223734,0.262319539340837,0.503350471527734
"A6","r3","RSA",16,0,6.66133814775094e-16,1080,832,0.77037037037037,844.630835509033,743.350184696646,0.539958799399254,15.3823179191177,0.769041318252285,5.90865384615385,1.79429325187448,0.291555505048684,0.521919901882714
"A6","r3","RSA",17,0,6.66133814775094e-16,1080,830,0.768518518518518,880.243238024754,795.814802145084,0.517802766699701,15.9158946449209,0.772845036213935,5.91686746987952,1.84953420436874,0.268119705201865,0.510185644506885
"A6","r3","RSA",18,0,4.44089209850063e-16,1080,826,0.764814814814815,863.908118128314,774.839077746524,0.546871148287199,15.7047190690816,0.770695284036988,5.90799031476998,1.82667547142123,0.299068052828959,0.54060837899102
"A6","r3","RSA",19,0,6.66133814775094e-16,1080,829,0.767592592592593,861.087770570575,774.039865790939,0.523688184504441,15.6966410923366,0.770622906299931,5.90229191797346,1.71628701129934,0.274249314589557,0.500540074582693
"A6","r3","RSA",20,0,6.66133814775094e-16,1080,810,0.75,868.321019299648,780.946712654092,0.538297109546366,15.7665169556718,0.781724897685626,5.88518518518519,1.86195577530559,0.289763778145972,0.526973610921051
"A6","r4","CSR",1,0,1.11022302462516e-16,1221,903,0.73955773955774,735.705729014791,661.389006683484,0.515430545638291,14.5095368444561,0.776639117209427,5.88261351052049,1.64030713094808,0.265668647376986,0.501924637864122
"A6","r4","CSR",2,0,2.22044604925031e-16,1221,894,0.732186732186732,730.459875906251,642.028546390152,0.562745600021428,14.2955948703762,0.780502230310079,5.88814317673378,1.79038557410233,0.316682610343477,0.552568971476182
"A6","r4","CSR",3,0,1.11022302462516e-16,1221,902,0.738738738738739,733.774876280982,673.256427953594,0.50593804601291,14.6391316961577,0.776392921089283,5.85254988913525,1.75514887375692,0.255973306403361,0.489930847096121
"A6","r4","CSR",4,0,2.22044604925031e-16,1221,881,0.721539721539722,758.148557452209,690.503916983964,0.539764045821537,14.8254586176829,0.76595733606368,5.92395005675369,1.64761892477557,0.291345225161634,0.527160759649459
"A6","r4","CSR",5,0,1.11022302462516e-16,1221,913,0.747747747747748,730.175668083036,666.680525813499,0.526715240000605,14.5674638249987,0.769849640844612,5.89047097480832,1.709481466536,0.277428944048895,0.506592487336246
"A6","r4","CSR",6,0,1.11022302462516e-16,1221,907,0.742833742833743,746.237147557229,688.968792528819,0.513023278511365,14.8089695095247,0.775631186048874,5.90518191841235,1.58261108717821,0.263192884294549,0.496807622676921
"A6","r4","CSR",7,0,1.11022302462516e-16,1221,907,0.742833742833743,738.744268426927,662.775387349282,0.545875697437071,14.5247360772087,0.768121319056452,5.87761852260198,1.76315193819958,0.297980277052408,0.531735465261557
"A6","r4","CSR",8,0,1.11022302462516e-16,1221,911,0.746109746109746,732.331939817884,672.971813265394,0.518203148631098,14.6360370758415,0.772980085053434,5.88035126234907,1.65050361274291,0.268534503251184,0.50202268522562
"A6","r4","CSR",9,0,1.11022302462516e-16,1221,915,0.749385749385749,751.414432568722,687.815995793651,0.51400134339697,14.7965749866808,0.784905190605067,5.9016393442623,1.78681350217025,0.26419738101389,0.501582476974359
"A6","r4","CSR",10,0,1.11022302462516e-16,1221,910,0.745290745290745,736.691138563112,658.763941219698,0.553894113504918,14.4807138300447,0.761862410728071,5.87472527472527,1.74226477592814,0.306798688975399,0.536644951704555
"A6","r4","CSR",11,0,1.11022302462516e-16,1221,914,0.748566748566749,734.162532755549,664.038454468872,0.568628543491598,14.5385690782622,0.762023808631075,5.86542669584245,1.59961389221098,0.323338420473376,0.555982177661703
"A6","r4","CSR",12,0,1.11022302462516e-16,1221,913,0.747747747747748,731.035648448179,643.270622656988,0.559355836798733,14.3094164340591,0.780023903695151,5.88170865279299,1.70529005976057,0.312878952160811,0.542021929301393
"A6","r4","CSR",13,0,1.11022302462516e-16,1221,901,0.737919737919738,747.832778088735,662.520951720971,0.559261341236241,14.5219478286034,0.776461079249411,5.86903440621532,1.76949562214823,0.312773247801359,0.548257389774175
"A6","r4","CSR",14,0,1.11022302462516e-16,1221,923,0.755937755937756,728.01092637113,660.556139310177,0.506261123826854,14.5003982539041,0.775475869696571,5.88407367280607,1.62754434163801,0.256300325498429,0.499282612684074
"A6","r4","CSR",15,0,2.22044604925031e-16,1221,914,0.748566748566749,725.498878404742,653.915134384958,0.543367798097395,14.4273229407765,0.769689866002784,5.89387308533917,1.71380688858477,0.295248564009212,0.532015034868505
"A6","r4","CSR",16,0,1.11022302462516e-16,1221,895,0.733005733005733,739.90532700211,659.356283705259,0.538721924029893,14.4872227711452,0.766277168508542,5.89832402234637,1.64848712084286,0.29022131143047,0.530742504277321
"A6","r4","CSR",17,0,1.11022302462516e-16,1221,905,0.741195741195741,736.080004397033,673.760990059979,0.536281913081985,14.6446162141952,0.766095715401419,5.88508287292818,1.64828387033687,0.287598290298874,0.521372955914438
"A6","r4","CSR",18,0,0,1221,922,0.755118755118755,728.992588486198,654.079221038923,0.533624059327047,14.4291326436595,0.769412853217987,5.87201735357918,1.54712057298843,0.284754636692676,0.522632233291305
"A6","r4","CSR",19,0,1.11022302462516e-16,1221,903,0.73955773955774,731.57540746184,670.220933974098,0.535227795677754,14.6060928797296,0.781446880733028,5.88039867109635,1.70630050607362,0.286468793266068,0.525249459250774
"A6","r4","CSR",20,0,1.11022302462516e-16,1221,913,0.747747747747748,729.994153969715,644.167680801264,0.567395920919857,14.3193903906251,0.774849900096783,5.89375684556407,1.72444562940758,0.321938131076493,0.550146167830045
"A6","r4","RSA",1,0,1.11022302462516e-16,1220,918,0.752459016393443,731.086556798065,674.868794172871,0.528380646628382,14.6566506627921,0.775902926069378,5.88235294117647,1.87927384694336,0.279186107731427,0.520629302372414
"A6","r4","RSA",2,0,2.22044604925031e-16,1221,914,0.748566748566749,729.477403196998,649.609812513949,0.564315481084529,14.3797505269402,0.765241612486418,5.87746170678337,1.61695039557474,0.318451962191663,0.549287415790607
"A6","r4","RSA",3,0,1.11022302462516e-16,1221,905,0.741195741195741,738.925375599584,669.527071821364,0.52322861441802,14.5985302694629,0.76635789665136,5.89281767955801,1.61128685278443,0.273768182945801,0.509207885671862
"A6","r4","RSA",4,0,2.22044604925031e-16,1221,901,0.737919737919738,749.573941426512,688.174689105619,0.535156446079659,14.8004326613709,0.76730421000942,5.88679245283019,1.68494758909853,0.286392421780611,0.520408908253566
"A6","r4","RSA",5,0,2.22044604925031e-16,1221,905,0.741195741195741,735.478491130157,679.140471577153,0.530602092775768,14.7029631778948,0.768542651184907,5.88839779005525,1.74969931061458,0.281538580858024,0.521924018121066
"A6","r4","RSA",6,0,0,1221,913,0.747747747747748,733.733104076791,664.11031433326,0.568249592931547,14.5393561951312,0.767146181237845,5.87732749178532,1.71739109548241,0.322907599866869,0.559058341905299
"A6","r4","RSA",7,0,1.11022302462516e-16,1221,913,0.747747747747748,723.573822426579,661.587351174812,0.5097295939495,14.5117123198157,0.774358889496966,5.87951807228916,1.803450644684,0.259824258947923,0.50009842786678
"A6","r4","RSA",8,0,1.11022302462516e-16,1221,914,0.748566748566749,732.318128145965,657.672380003867,0.542553657577708,14.4687096634183,0.770179450377448,5.87855579868709,1.66212452755122,0.294364471350949,0.52183174731886
"A6","r4","RSA",9,0,1.11022302462516e-16,1221,903,0.73955773955774,740.685510092223,683.220615059905,0.52625836539262,14.7470633082705,0.771202734324911,5.8936877076412,1.79799780480438,0.276947867145713,0.513897277664698
"A6","r4","RSA",10,0,2.22044604925031e-16,1221,922,0.755118755118755,723.879805973564,670.256076147896,0.51421623792432,14.6064749809624,0.766188386255736,5.89479392624729,1.60781217247121,0.264418339345041,0.501575806322811
"A6","r4","RSA",11,0,1.11022302462516e-16,1221,894,0.732186732186732,754.513562547965,688.860730812099,0.530013666652316,14.8078067490284,0.771991145314122,5.8993288590604,1.64270951547081,0.280914486838232,0.519627052681712
"A6","r4","RSA",12,0,1.11022302462516e-16,1221,921,0.754299754299754,730.572781331363,665.589842087473,0.509234531577093,14.5555428232667,0.772860126895753,5.8914223669924,1.71863286597743,0.259319808150541,0.4938512288367
"A6","r4","RSA",13,0,2.22044604925031e-16,1221,905,0.741195741195741,748.228063782474,682.976790012377,0.544128568271554,14.744431636893,0.767245683291002,5.8939226519337,1.75422187454163,0.296075898809251,0.531725267084915
"A6","r4","RSA",14,0,1.11022302462516e-16,1221,908,0.743652743652744,752.882592096915,695.795019541589,0.512226456908808,14.8821511865736,0.769027171384451,5.88876651982379,1.70646683407079,0.262375943157351,0.501141562400232
"A6","r4","RSA",15,0,0,1221,908,0.743652743652744,729.003596058323,671.254450956654,0.515974019200719,14.6173501345655,0.767962360294848,5.8931718061674,1.66332708401129,0.266229188490144,0.504812624930625
"A6","r4","RSA",16,0,9.25473031543333e-11,1221,891,0.72972972972973,761.096680084196,683.600420893638,0.542471421687113,14.7511617227202,0.774556387647024,5.92031425364759,1.84869922697638,0.294275243347238,0.534541323516486
"A6","r4","RSA",17,0,2.22044604925031e-16,1221,909,0.744471744471744,723.579464450728,652.583247326592,0.533544014037248,14.412622911253,0.779238281782928,5.86138613861386,1.60191041130545,0.284669214914979,0.521158165597314
"A6","r4","RSA",18,0,1.11022302462516e-16,1221,916,0.75020475020475,732.902043840584,661.687742001702,0.53011769092844,14.5128130209264,0.771234504547115,5.88646288209607,1.65048321282841,0.281024766235301,0.512803008127186
"A6","r4","RSA",19,0,1.11022302462516e-16,1221,907,0.742833742833743,728.589536268727,659.742973007704,0.532832508500928,14.4914702721511,0.775103236413659,5.88202866593164,1.72447799917736,0.283910482115391,0.524126415854631
"A6","r4","RSA",20,0,1.11022302462516e-16,1220,917,0.751639344262295,724.403693264597,639.952924271775,0.558061174507868,14.2724679886813,0.778506137473885,5.88113413304253,1.87559347216336,0.311432274493101,0.543015694462999
"A6","r5","CSR",1,0,7.7715611723761e-16,1067,690,0.646672914714152,801.14944326157,743.412252486762,0.54032586622109,15.3829571234292,0.770071416391787,5.85217391304348,1.52238278538525,0.291952041707572,0.52999722026057
"A6","r5","CSR",2,0,7.7715611723761e-16,1067,678,0.635426429240862,806.348879196749,750.925220414881,0.53112681128666,15.4604952516825,0.783176354172841,5.85988200589971,1.66276039964619,0.282095689667535,0.518980916241735
"A6","r5","CSR",3,0,7.7715611723761e-16,1067,673,0.630740393626992,824.81124954279,756.936418257265,0.511709286946502,15.5222532238022,0.77266861310148,5.87221396731055,1.67709881129272,0.261846394347297,0.501243200658821
"A6","r5","CSR",4,0,6.66133814775094e-16,1067,689,0.645735707591378,806.834797619086,703.482237230529,0.565535966604403,14.9641354867285,0.787007025839769,5.86357039187228,1.76915060586627,0.319830929523176,0.561061948018587
"A6","r5","CSR",5,0,6.66133814775094e-16,1067,696,0.652296157450797,793.633953456114,726.453080620273,0.536009135295094,15.2064706092305,0.784257486962329,5.83477011494253,1.77841519887538,0.287305793119795,0.530538841196835
"A6","r5","CSR",6,0,7.7715611723761e-16,1067,678,0.635426429240862,793.516406396088,725.34553306883,0.51337003138111,15.1948822862152,0.781482636316653,5.83480825958702,1.84859457174852,0.263548789120241,0.507310134921765
"A6","r5","CSR",7,0,9.99200722162641e-16,1067,666,0.624179943767573,810.523715614984,734.403785534382,0.534822381635692,15.2894278220032,0.773473563445844,5.81831831831832,1.75190453611506,0.286034979898474,0.530562721910389
"A6","r5","CSR",8,0,3.7069625147268e-10,1067,661,0.619493908153702,809.125672544721,728.195245591601,0.577251472845145,15.2247083960199,0.781485509092288,5.82904689863843,1.67224590840325,0.333219262901889,0.562031016554695
"A6","r5","CSR",9,0,8.88178419700125e-16,1067,673,0.630740393626992,823.896790108323,743.749116176629,0.56000533393726,15.386445220371,0.787517701363295,5.83952451708767,1.84920929738909,0.313605974038182,0.549840328349092
"A6","r5","CSR",10,0,9.99200722162641e-16,1067,685,0.641986879100281,779.836763837307,696.545149164515,0.554608558877265,14.8901714950644,0.776608582044741,5.87007299270073,1.74186622273445,0.307590653579917,0.547092071634067
"A6","r5","CSR",11,0,6.66133814775094e-16,1067,658,0.61668228678538,815.407985907612,745.313773073113,0.549215341962131,15.4026152859266,0.776056838960989,5.85866261398176,1.6557924248102,0.301637491846581,0.536411424899484
"A6","r5","CSR",12,0,7.7715611723761e-16,1067,681,0.638238050609185,813.716012960251,720.732264226096,0.55923377137074,15.1464915077649,0.782272421413437,5.85462555066079,1.70383519046385,0.312742411041541,0.544512949646773
"A6","r5","CSR",13,0,7.7715611723761e-16,1067,677,0.634489222118088,790.42370089053,726.760173857477,0.505839741199339,15.2096991496704,0.779057091096305,5.81240768094535,1.54611801106518,0.255873843776614,0.491988883818568
"A6","r5","CSR",14,0,5.55111512312578e-16,1067,680,0.63730084348641,805.770201333564,724.856788385926,0.547212251553144,15.1897687276469,0.779816409511875,5.83088235294118,1.6664970111756,0.299441248249862,0.540574828128934
"A6","r5","CSR",15,0,8.88178419700125e-16,1067,669,0.626991565135895,834.55746653938,742.979106576647,0.536398483083586,15.3784783009031,0.762811223894595,5.87593423019432,1.60284811542834,0.287723332654372,0.528887438793181
"A6","r5","CSR",16,0,8.88178419700125e-16,1067,680,0.63730084348641,817.227189514615,754.908411293198,0.52232096618363,15.5014453881952,0.774206542300109,5.87058823529412,1.7593693147362,0.272819191715,0.512061308787413
"A6","r5","CSR",17,0,7.7715611723761e-16,1067,674,0.631677600749766,810.669070830856,726.380927107062,0.570309641722716,15.2057238715667,0.774840042681764,5.82640949554896,1.76031190338667,0.325253087441892,0.553998487281345
"A6","r5","CSR",18,0,7.7715611723761e-16,1067,679,0.636363636363636,809.049785822056,709.792415723161,0.577737667759442,15.0310991967639,0.77753173624839,5.83063328424153,1.80165608803507,0.33378081274812,0.564358162162136
"A6","r5","CSR",19,0,6.66133814775094e-16,1067,689,0.645735707591378,808.398658870572,735.615474997711,0.548937204315726,15.3020808428644,0.773048645712708,5.82293178519594,1.72441522935161,0.301332054281965,0.541636079439003
"A6","r5","CSR",20,0,8.88178419700125e-16,1067,691,0.647610121836926,792.668745392755,702.219690330939,0.568402767531671,14.9507013114856,0.769322521004634,5.86251808972504,1.63179596887519,0.323081706137663,0.557191549168062
"A6","r5","RSA",1,0,8.88178419700125e-16,1067,651,0.610121836925961,833.610458345717,777.409738095957,0.528102141036163,15.7307725573633,0.779714163219699,5.84792626728111,1.52299184686281,0.278891871366979,0.514916121929256
"A6","r5","RSA",2,0,8.88178419700125e-16,1067,685,0.641986879100281,781.926440919698,717.379727996048,0.53596844872858,15.1112229673505,0.778670627204143,5.83211678832117,1.62528279335809,0.28726217803252,0.524075036338293
"A6","r5","RSA",3,0,7.7715611723761e-16,1067,677,0.634489222118088,807.77236613668,732.77084589817,0.500476227258066,15.2724655690117,0.778755204005822,5.85228951255539,1.73258720599932,0.250476454050467,0.487935470623474
"A6","r5","RSA",4,0,7.7715611723761e-16,1067,664,0.622305529522024,823.224743330851,722.345996337904,0.528579861552144,15.1634126545204,0.770583158841794,5.87349397590361,1.67627977975249,0.279396670038484,0.512062023305704
"A6","r5","RSA",5,0,7.7715611723761e-16,1067,714,0.669165885660731,788.18710265379,714.15950742516,0.521052375318848,15.0772630301507,0.774437302718191,5.83613445378151,1.63510200714227,0.271495577825414,0.515742475987813
"A6","r5","RSA",6,0,7.7715611723761e-16,1067,684,0.641049671977507,827.013308214536,744.361330782408,0.553672559870311,15.3927763665885,0.78042994883822,5.88011695906433,1.61371828791109,0.306553303553344,0.546573680699688
"A6","r5","RSA",7,0,7.7715611723761e-16,1067,669,0.626991565135895,830.501595972463,759.831682755953,0.519896872120503,15.5519110226649,0.772830050559053,5.83258594917788,1.70845752441306,0.270292757640683,0.511247702450922
"A6","r5","RSA",8,0,7.7715611723761e-16,1067,676,0.633552014995314,818.229358405841,761.631167494309,0.491403877051464,15.5703104727816,0.768928850244149,5.8387573964497,1.71766600920447,0.24147777038121,0.477690489032175
"A6","r5","RSA",9,0,8.88178419700125e-16,1066,689,0.646341463414634,801.089308223748,731.470256423493,0.5114107001757,15.2589060574141,0.771040056156359,5.85486211901306,1.56902065683329,0.261540904254199,0.495912693429434
"A6","r5","RSA",10,0,8.88178419700125e-16,1067,668,0.626054358013121,817.114420412925,731.891189657084,0.550088282768597,15.2632910080868,0.773644244731673,5.84730538922156,1.63781881514333,0.302597118839304,0.533723557942543
"A6","r5","RSA",11,0,8.88178419700125e-16,1067,686,0.642924086223055,825.711328039008,762.691194413342,0.506252008682433,15.5811466296969,0.765941410371619,5.85714285714286,1.56496350364963,0.256291096294999,0.484696906691033
"A6","r5","RSA",12,0,7.7715611723761e-16,1067,686,0.642924086223055,789.631614611794,703.815071126669,0.541017204707895,14.967674974417,0.76929175116819,5.86151603498542,1.70780149390309,0.292699615789944,0.532548438720145
"A6","r5","RSA",13,0,6.66133814775094e-16,1067,675,0.63261480787254,800.292260005144,731.990922157717,0.521990572228643,15.2643357903183,0.780687358736329,5.83555555555556,1.68656775469832,0.272474157495586,0.506195873889419
"A6","r5","RSA",14,0,7.7715611723761e-16,1067,664,0.622305529522024,821.707841195317,747.684471266516,0.529095581729977,15.4270979310764,0.774028668994375,5.84186746987952,1.72307101710007,0.279942134606183,0.518160249293928
"A6","r5","RSA",15,0,6.66133814775094e-16,1067,667,0.625117150890347,809.983863530696,740.649109788308,0.538723729700306,15.3543457639472,0.772848836727858,5.81859070464768,1.5691433562498,0.290223256942209,0.52235056863017
"A6","r5","RSA",16,0,7.7715611723761e-16,1067,706,0.661668228678538,793.531622133642,718.461176625463,0.525916205022134,15.122608703165,0.768630153484776,5.84844192634561,1.45075643421132,0.276587854704883,0.514873192746288
"A6","r5","RSA",17,0,8.88178419700125e-16,1067,676,0.633552014995314,812.846565177344,754.175537623468,0.514919486708324,15.4939183864814,0.774537306110767,5.86094674556213,1.7317466579005,0.265142077791964,0.508742879069341
"A6","r5","RSA",18,0,8.88178419700125e-16,1067,686,0.642924086223055,813.335187405605,751.383016052342,0.520574512182672,15.465206785375,0.77288661518148,5.85422740524781,1.71010619054713,0.270997822734227,0.508844250277221
"A6","r5","RSA",19,0,7.7715611723761e-16,1067,679,0.636363636363636,812.118047219926,700.742698435065,0.565868286932102,14.9349699893568,0.770440104278795,5.84683357879234,1.88800987049322,0.320206918155471,0.545519212536179
"A6","r5","RSA",20,0,7.7715611723761e-16,1067,662,0.620431115276476,818.872947974773,751.690626080638,0.531280017218907,15.4683709665373,0.781030258227841,5.81117824773414,1.6844134356532,0.282258456696123,0.521957828481787
